step,return,length,crashed,final_dist,had_event,alpha,loss_q
656,-1.4843182958705583,41,True,3.0119257350661837,False,,
1120,-8.542271979107014,70,True,6.004984228327966,False,,
1136,-4.828561074938752,71,True,6.0017001175015325,False,,
1200,11.71956287976893,75,True,6.0663235770012145,False,,
1280,9.101779838345712,80,True,6.0384760612874055,False,,
1296,24.780173207324857,81,True,5.225799046066992,False,,
1296,19.399323368331924,81,True,6.078865100441721,False,,
1408,-1.4363818310287648,88,True,6.018037453382036,False,,
1440,-5.445230928138177,90,True,6.102621771478833,False,,
1456,-11.454944419968118,91,True,6.091970189771204,False,,
1488,-1.3728675314888417,93,True,6.167021688325724,False,,
1536,-0.20295399153637028,96,True,6.075191341808993,False,,
1584,-4.869398503546635,99,True,6.025723040526789,False,,
1728,-1.6206484940412906,108,True,6.020584726039604,False,,
1744,1.0842053848204056,68,True,4.583098611138382,False,,
2080,15.132885765347195,130,True,6.006014326101299,False,,
2144,45.06314013349862,134,True,6.065795492964705,False,,
2400,3.072868345068523,79,True,6.095276875969522,False,,
2544,8.764338708650383,63,True,2.7128167879290346,False,,
2608,-11.665746179910133,72,True,6.053936069287871,False,,
2656,-11.114935144213856,86,True,6.012686426197395,False,,
2688,28.509496453022376,87,True,5.039129920231875,False,,
2880,10.587491010182282,105,True,6.037368375059602,False,,
2944,1.9133236912648393,75,True,6.081173041496015,False,,
2944,32.68967281031763,103,True,2.2489328499861636,False,,
3040,2.458706546082313,82,True,6.036378820578183,True,,
3056,22.658070478050224,103,True,6.086363431604721,False,,
3168,-14.751856646581757,128,True,6.067317546382931,False,,
3296,4.280450661279943,113,True,6.074004981837301,False,,
3312,1.1051876983678568,73,True,6.030165336991096,False,,
3328,7.521038476860646,78,True,4.505460034043443,False,,
3360,6.68212927909299,120,True,6.038472368949381,False,,
3552,-22.186229371735145,123,True,6.056536503512178,False,,
3680,-4.7001476269228,80,True,6.053084030999861,False,,
3712,22.88650868681379,66,True,2.763068563778872,False,,
3792,5.996094354322018,53,True,3.4847371187282548,False,,
3808,-4.687004410328565,79,True,6.115143030185198,False,,
3920,2.2737945913886044,77,True,4.353202411678041,False,,
4384,2.140022016148297,94,True,6.097077287060568,False,,
4448,18.01148259493762,72,True,6.188332920587139,False,,
4464,-13.164616964581956,71,True,6.054712486186648,False,,
4464,5.733777947996122,72,True,2.2630155622020673,False,,
4640,40.73405409838037,92,True,6.113187239017751,False,,
4720,7.878040513242681,111,True,6.078368862925287,False,,
4816,20.300768402292864,138,True,6.079908685484848,False,,
4816,-9.310947600607765,69,True,6.135368247557711,False,,
4832,3.2063703975795246,72,True,5.3919887207416135,False,,
5072,-1.9544999876712037,95,True,6.102947604896168,False,,
5088,-1.0608418902722274,80,True,6.117957071562898,False,,
5184,4.1058572030842395,133,True,6.039093499322432,False,,
5472,9.17601731239527,97,True,6.106137605224424,False,,
5520,-11.24194442050696,66,True,6.169090888298766,False,,
5648,-4.293400038943242,79,True,6.0292719098637955,False,,
5760,15.339795551195898,150,True,6.033056054026493,False,,
5792,23.055116427991035,125,True,6.078319387012687,False,,
5792,-5.779858463543789,84,True,6.197144568089545,False,,
5936,-3.561106760677381,181,True,6.091241682650165,False,,
6096,-8.32431179150002,86,True,6.0347665309625755,False,,
6112,-10.475210659493312,92,True,6.058427632818107,False,,
6160,11.549206380191114,84,True,6.118207856185232,False,,
6224,5.4374333135317325,110,True,6.0483546098667915,False,,
6576,14.951768729773866,110,True,6.020627501263428,False,,
6656,12.462294177542361,114,True,6.0591961356338695,False,,
6736,-13.350132948844365,79,True,6.103408290951067,False,,
6832,10.969325482116776,65,True,3.2978754916039232,False,,
6976,3.050371928564102,112,True,6.030194800724875,False,,
6976,28.32612408549351,119,True,5.828341839804799,False,,
7008,-9.414923884091433,78,True,6.049136149822156,False,,
7072,-2.8146085083121317,97,True,6.113740766959548,False,,
7216,23.173295154675273,98,True,6.086458716099023,False,,
7280,-2.2251945540815026,93,True,6.0099618946847775,False,,
7504,-10.39460667082985,80,True,6.006407603943526,False,,
7616,7.47560506146344,94,True,6.031858490008613,False,,
7632,29.83595384463467,96,True,2.5136054995459847,True,,
7744,-2.3218211451620565,73,True,6.085666079418829,False,,
7744,14.663662794242377,166,True,6.052078208567679,False,,
7856,53.061721860244745,120,True,6.050756058488445,False,,
7968,-7.71696544128478,113,True,6.0736372304985125,False,,
8096,13.865845848032617,90,True,6.006924897426228,False,,
8288,-12.741100804176638,97,True,6.00906045888486,False,,
8320,2.4029070941803017,78,True,6.086449014555973,False,,
8688,19.588527422411765,88,True,6.0447403949967935,False,,
8736,19.473282546405375,77,True,6.0238888083678725,False,,
8752,35.862948355790365,111,True,4.61595491920466,False,,
8816,-1.9004161148507919,113,True,6.085220264569947,False,,
8880,-7.399800148394395,128,True,6.048808185865022,False,,
8880,0.24651495686683766,79,True,5.8058686871461465,False,,
8896,12.398485404782306,50,True,2.1398166223406614,False,,
9056,27.03109766425696,130,True,6.029973642558,False,,
9056,-0.9923752774071204,82,True,6.102220102751659,False,,
9088,-15.765069904186186,70,True,6.074033772734506,False,,
9104,2.1209142885324503,92,True,6.045712112459709,False,,
9136,-7.408583735019053,80,True,6.077953797205347,False,,
9344,-1.9461855253536164,100,True,6.099062284240227,False,,
9408,-11.022285906520041,68,True,6.004247684900093,False,,
9504,5.441586587446446,143,True,2.2887217982904215,False,,
9792,-6.0318876596017965,57,True,5.083812061550498,False,,
9840,23.433191412684174,97,True,6.143295875485883,False,,
10176,4.7385047769232145,93,True,6.139307038265471,False,,
10368,6.308207664230517,80,True,5.680607005483703,True,0.19731687141874005,0.2083105593919754
10368,5.532798255485455,97,True,6.133957368902399,False,0.19731687141874005,0.2083105593919754
10448,18.832566389297007,87,True,6.144938188672576,False,0.1944960000504779,3.9113707542419434
10464,18.69737496002492,108,True,4.390306324179991,False,0.19333286741860214,2.4066457748413086
10496,-10.76025779616281,90,True,6.047205188280165,False,0.19310120559986457,0.15172071754932404
10512,9.972539626049704,88,True,6.0930453697521045,False,0.1926387340936197,0.9421572685241699
10560,-6.753584914032267,76,True,6.034698520453888,False,0.1924081764207322,1.0093272924423218
10608,-6.566919658415495,107,True,6.05322572595656,False,0.19171780284173617,0.18071165680885315
10672,14.807044234177829,120,True,6.025264621962544,False,0.19102913268959884,0.9884273409843445
10896,28.344763623467202,110,True,6.008503595980478,False,0.1901149002781724,1.0211374759674072
10896,-4.8717139844639,126,True,6.065863442090136,False,0.1901149002781724,1.0211374759674072
10896,-4.771117624155443,87,True,6.068502930217193,False,0.1901149002781724,1.0211374759674072
10960,-2.0955442086143456,97,True,6.174228519183418,False,0.18695358264411555,1.6021479368209839
11264,-1.9443812824570141,51,True,3.5793591838458836,False,0.186060825521899,0.8078374266624451
11520,-3.9789987254770294,66,True,6.012749374488548,False,0.18188911227958893,1.389267086982727
11536,3.327011907011398,73,True,3.3131345136903465,False,0.17845727466008143,3.411512851715088
11664,3.4550096159544648,81,True,6.035775895250656,False,0.1782451416918552,0.8042508363723755
11712,-17.62095730721655,96,True,6.030600027360053,False,0.17656429538562343,1.5144449472427368
11776,-4.112136278599567,73,True,6.0404553746610485,False,0.17593627516446478,1.8745646476745605
11824,21.58000539586379,127,True,6.015930573481228,False,0.17510120967370665,2.8839409351348877
11840,-2.0895780590471844,125,True,6.046905628382632,False,0.17447802139184262,1.026033639907837
11856,21.201469468897745,84,True,6.093122467676191,False,0.17427071702728428,1.5940992832183838
11904,7.921199988884451,77,True,3.0510928481294206,False,0.17406355719801866,2.372854471206665
12080,13.827960577525452,95,True,6.036122383056828,False,0.17344237227696443,1.0630115270614624
12240,26.321841446914057,80,True,4.8344108226703275,False,0.17118986727500643,0.5785534381866455
12400,-7.639587291828087,94,True,6.030595460464084,False,0.1691718793103699,0.763985276222229
12496,-6.9467521852390535,77,True,6.111545022083911,False,0.16718180346227066,1.6298387050628662
12656,-2.844948660288259,110,True,6.04620407419285,False,0.16600072753299475,2.201894760131836
12832,17.876380812947197,82,True,6.144685011536486,False,0.16404484144640752,1.3209571838378906
12912,-3.0311541192593143,86,True,6.095226721377744,False,0.16192176818133686,1.088167667388916
12992,-3.3623110823017086,80,True,6.074770328146398,False,0.1609693637880543,1.4676628112792969
13104,21.364513472096256,163,True,6.115752332324447,False,0.16002784158353603,1.4064629077911377
13120,-12.216719633570444,65,True,6.004971449797729,False,0.1587142128722734,1.0761343240737915
13184,-1.6205177411190839,88,True,5.172046890430652,True,0.15852704312858665,0.5848773121833801
13424,-11.78068542730999,99,True,6.044948166137806,False,0.1577797431741759,0.9419704675674438
13424,22.59661707580914,110,True,6.046698476880494,False,0.1577797431741759,0.9419704675674438
13472,8.08535426050467,101,True,6.055528174084845,False,0.15501732024000828,0.9532508254051208
13584,19.97687127751651,168,True,6.081016028911039,False,0.15447064604354488,0.6811845302581787
13600,1.899862686345319,59,True,3.5414178754188526,False,0.15319740461889406,1.6023694276809692
13648,3.8400877477661854,109,True,6.0292105649889995,False,0.15301663802897142,0.5564769506454468
13680,12.411354311404233,116,True,6.0456726290327465,False,0.15247524809735147,2.2585506439208984
13744,-1.2926312208011232,94,True,6.0511018141955,False,0.15211737529911812,0.9914647340774536
14016,-10.064849327245636,69,True,6.136262750294632,False,0.15140358094139125,1.3342498540878296
14048,12.593444760553869,97,True,6.109856079558498,False,0.14840670102904266,0.5083865523338318
14272,26.481744024026025,117,True,6.098437483567015,False,0.14805836220014001,0.6957805156707764
14384,3.5040455450057255,50,True,2.818728311998573,False,0.14564823909918193,2.1712486743927
14400,-9.36941073873096,76,True,6.054032691441731,False,0.14445367514907367,0.17887985706329346
14432,18.44376537563428,100,True,5.410357425359405,False,0.1442837326534642,0.22316500544548035
14592,14.89014396524438,92,True,6.1294982254069525,False,0.14394476083859828,0.23171819746494293
14704,10.335452425310816,100,True,6.031138085078184,False,0.1422649769699872,0.49069908261299133
14768,3.1717114706121734,84,True,6.1600841423837,False,0.1411016742593893,0.2479877918958664
14784,5.015229439728296,85,True,6.009177401348765,False,0.1404410356602037,0.7068279385566711
14880,-2.8511777463780703,71,True,6.117251166538996,False,0.140277435045011,0.7086588144302368
14912,-0.7968848761928289,120,True,6.078777971186805,False,0.1392968755726171,0.5172033309936523
14944,20.34553825369383,84,True,6.086352374505389,False,0.1389706197307403,0.35391098260879517
14960,9.09381235958319,93,True,6.089723769414826,False,0.1386468000009609,0.3390216827392578
14992,-16.401902992925553,82,True,6.076572941947192,False,0.13848522502259866,0.36510905623435974
15024,26.698221806307057,86,True,6.039744686160754,False,0.13816212213133913,0.4557179808616638
15168,-4.1070246016661,48,True,3.661586932662756,False,0.13783889986524803,0.3018302321434021
15376,-0.6467577544043515,85,True,6.136422270814316,False,0.1363962602844766,0.6043103933334351
15664,3.40698490363385,77,True,6.054367734996532,False,0.13433873349883457,0.2338365912437439
15728,-1.1042692919916153,71,True,6.000153342716079,False,0.1315435864852552,0.26787513494491577
15760,25.26877810656155,93,True,6.083374121884931,False,0.13093155406254453,0.44229793548583984
15968,15.339372450515224,75,True,4.541412746195889,False,0.13062748409569638,0.18477994203567505
15984,34.10476171266227,80,True,6.027058300422868,False,0.12866972997605197,0.43818822503089905
16000,4.065513209094602,61,True,4.055159206633552,False,0.12852003660453665,0.5031057596206665
16304,24.969652429345473,95,True,2.244200131864652,False,0.1283708410600286,0.2380252182483673
16352,-3.894684287508234,87,True,6.023522672697497,False,0.1255597259053898,0.22894223034381866
16368,22.902561129120507,75,True,2.965469118235043,False,0.12512351379504863,1.4214293956756592
16656,9.063719790299634,80,True,6.008990497920597,False,0.1249781024044879,0.4192434847354889
16720,17.55577903184694,111,True,6.040750814844733,False,0.12239012914483634,0.3987956643104553
16880,4.008771104716798,177,True,6.060834439999049,True,0.12182108094032729,0.18004953861236572
16880,14.081711210326658,156,True,2.7258936876603115,False,0.12182108094032729,0.18004953861236572
16992,21.3828183375162,132,True,5.314884867075834,False,0.12041509958152628,0.45277565717697144
17040,24.206530378469026,128,True,6.016660223706976,False,0.11944454794718086,0.33593738079071045
17056,15.383354000806115,81,True,6.0504091507311575,False,0.11903096560316434,0.35559362173080444
17152,-4.733453670076706,72,True,6.025865749918966,False,0.118893294224207,0.407076358795166
17168,-7.114847156291699,74,True,6.176113615947114,False,0.11806520238881411,0.27684539556503296
17184,8.614617694424725,95,True,6.020318874587714,False,0.1179281876860184,1.209873914718628
17392,44.356009423245766,104,True,6.062472598367098,False,0.1177916824471977,0.4385073781013489
17680,-14.114779776609048,173,True,6.047583753890916,False,0.11603016378459971,1.389115333557129
17760,-1.4637983147317506,65,True,6.051178815481881,False,0.11362979420948767,0.19702571630477905
17808,3.192578948271038,51,True,3.347293174473763,False,0.11297523541337767,0.1973489224910736
17920,25.03579936197111,101,True,6.0818378563013376,False,0.11258221333576708,0.33763742446899414
18080,52.79433355076052,132,True,2.310018981614252,False,0.11167222534258969,0.1880563497543335
18096,-13.70707531288665,59,True,5.446598992633095,False,0.11038589366147027,0.2741847038269043
18176,-2.2328110811323754,113,True,6.047850676733563,False,0.11025812706923639,0.26132526993751526
18192,8.688731321852856,82,True,4.149855441223427,False,0.10962210402843676,0.2240605652332306
18256,10.972703730350986,119,True,6.022899786941857,False,0.10949502754572475,0.2551957666873932
18352,-6.333865661766048,92,True,6.110548208172394,False,0.10898858239973445,0.20846444368362427
18432,5.924007932280519,87,True,6.15537154833468,False,0.10823348663287652,0.6111398935317993
18448,-9.984856690015828,79,True,6.033524926306089,False,0.10760845757247903,0.20812907814979553
18656,15.289762655488998,93,True,6.017818685171011,False,0.10748381552387191,0.28529617190361023
18720,14.600802518460123,129,True,6.0705820616978245,False,0.10587966734829857,0.3860474228858948
18896,11.220632291747776,94,True,6.078873819489319,False,0.10539239604355576,0.22227585315704346
19168,45.02785669537119,132,True,6.029469379286846,False,0.10405956217989713,0.19840849936008453
19168,-2.0098000021200555,78,True,5.003398858746008,False,0.10405956217989713,0.19840849936008453
19392,46.66909656914373,102,True,6.119679717893722,False,0.10204966823787218,0.7130283117294312
19408,3.8835329089323913,83,True,6.117145919277004,False,0.10041792596439024,0.22911468148231506
19568,-3.8994409902536153,82,True,6.022697537036963,False,0.1003018480463742,0.21234014630317688
19664,4.983493763718933,98,True,6.050464059097742,False,0.09915347098781464,1.1917510032653809
19680,-0.8355944634624208,125,True,6.020019183071841,False,0.09847434962130854,0.22988539934158325
19728,2.7046328076628967,97,True,6.0831029327307755,False,0.09836203790254686,0.18052756786346436
19952,22.14119441200394,110,True,3.9994213097730085,False,0.09802484895527779,0.9283573031425476
19984,21.853507720738065,96,True,6.132127831696819,False,0.09646770468930978,0.23194488883018494
20128,48.466523753366594,92,True,5.5469401326311845,False,0.09624877298267535,0.21508550643920898
20128,37.57697249991572,145,True,6.013521590542985,False,0.09624877298267535,0.21508550643920898
20288,-2.654550396944777,87,True,6.005991627776533,False,0.09526262663012872,0.3714374005794525
20368,-28.98893509519081,103,True,6.05214809386111,False,0.09417926910630287,0.8402097821235657
20528,15.203730207342216,131,True,6.08576565808454,True,0.09364193134303098,0.17063021659851074
20576,54.874239255368494,139,True,6.014669938370224,False,0.09257809248025586,0.24525152146816254
20656,-5.922181853460668,93,True,6.086219996517227,True,0.09226172964219696,0.19137895107269287
20944,-9.820773701742088,76,True,6.051304022794386,False,0.09174254717300424,0.1959233433008194
21248,41.793951506744015,130,True,5.5537148186757515,True,0.0898688900844138,0.31352970004081726
21248,3.199471003951169,60,True,3.752257389096646,False,0.0898688900844138,0.31352970004081726
21392,-3.937362198447115,108,True,6.056256838173211,False,0.08794113008068379,0.21588529646396637
21392,22.206420287220567,90,True,4.606907899911347,False,0.08794113008068379,0.21588529646396637
21520,4.175753038438261,132,True,6.07726753577949,False,0.08704017570752798,0.29113632440567017
21856,-13.71905819205534,136,True,6.062781512541626,False,0.08624360193380307,0.18785345554351807
21872,3.6243162384035106,81,True,6.05303558574019,False,0.08420464486907821,0.21699531376361847
22032,23.398040064500663,119,True,6.09488897685923,False,0.0841083797958967,0.5760847926139832
22240,46.37359033640482,141,True,5.3640398335483646,False,0.08315348108577246,0.4019726514816284
22304,14.20785242505887,85,True,5.6535945476798135,False,0.08192616587580197,0.2030627429485321
22432,41.91228712358671,179,True,6.056050814867596,False,0.08155407448649338,0.18503956496715546
22464,74.31600901742924,146,True,6.058869994158914,False,0.08081432848017939,0.34056979417800903
22592,-2.1169200101330823,84,True,6.12813581730766,False,0.08063111938982467,0.6006484031677246
22608,-8.246511240483823,122,True,6.045698392207109,True,0.07989859107532463,0.29859721660614014
22720,56.16514733293781,208,True,6.020907308424819,False,0.0798080307037491,0.24847500026226044
22976,45.01333033700333,99,True,6.147714703563648,False,0.07917605627372558,0.49701178073883057
23088,13.560321573658292,160,True,6.004951766132109,False,0.07775182491215417,0.8024167418479919
23168,19.847529792900136,111,True,6.158911212234451,False,0.0771335166476642,0.2029702365398407
23568,15.025623486698066,106,True,6.009857687120033,False,0.0766969982036975,0.33521389961242676
23584,-4.733521632883083,80,True,3.52814792083914,False,0.07455007361397081,0.8226885795593262
23648,3.7835960617586046,58,True,2.5952613367194246,False,0.07446490782710016,0.22911401093006134
23840,-5.8549312638716735,162,True,4.150218004957512,True,0.07412569656251317,0.2919933497905731
24144,33.912655674898886,132,True,6.043790037733127,False,0.07312948151194656,0.19445139169692993
24512,25.28153063827841,119,True,4.198178499661608,False,0.07157898576437075,0.349373996257782
24592,9.004281738916399,125,True,6.013433650651604,False,0.06975454194367149,0.22297760844230652
24816,35.76705968482079,161,True,6.023054293195986,False,0.06935960929021805,0.1678018569946289
25168,36.75020343757018,99,True,3.441000647107746,False,0.06827352721443365,0.22352218627929688
25408,74.86825555584878,186,True,3.9521911808266617,False,0.06660762075984997,0.5693084001541138
25536,42.69058865021409,251,True,6.121071391151801,False,0.06550442487763847,0.20282834768295288
25664,70.76869557361833,238,True,4.911826628200104,True,0.06492251199088886,0.8627238869667053
26064,77.52056705542712,225,True,6.003645993211162,True,0.06433890900589256,0.24249839782714844
26336,20.278339754729338,168,True,3.550017740463693,True,0.06256539415997088,0.3920610845088959
26448,94.23796155150879,163,True,4.837543770667141,False,0.06139490012573381,0.33345216512680054
27808,113.68779836422108,290,True,6.045355268148323,True,0.06092306787377892,0.3748728334903717
28160,71.2240853201819,287,True,6.0083594380311345,True,0.05546450019364744,0.20750822126865387
28368,267.7476859539058,500,False,1.666487996412359,True,0.054138994647833505,0.43623754382133484
28544,39.76097266110429,211,True,4.376173833882422,False,0.05337922095281183,0.18845102190971375
30112,-15.32602056618732,229,True,6.126871778695282,False,0.05273717913016092,0.30295246839523315
30224,136.62557433349028,285,True,6.0305008084557805,True,0.047374169330301086,0.37549006938934326
30896,165.10788665638617,394,True,6.033678248120436,False,0.047012309297944914,0.3543676435947418
30976,136.3516344058025,500,False,2.8034271536872923,True,0.04492700968977922,0.29723405838012695
31088,291.25010944745344,500,False,0.507313526992856,False,0.044683469729572926,0.4468015432357788
31760,173.68103546360564,476,True,6.110778421170868,True,0.04434649717461736,0.3045136332511902
32416,109.19488033152615,266,True,6.021926308138572,False,0.04237053912144145,0.6838876008987427
32512,239.56850154629203,500,False,3.325025651293211,True,0.040541431661220005,0.3557029366493225
32816,128.5001139347686,500,False,3.11945489950976,True,0.040279215906418336,0.30422067642211914
33408,358.4816615224146,500,False,0.9878565902895802,True,0.03946743218770758,0.45903468132019043
33536,256.69410436417616,500,False,0.26883365581113566,True,0.03793117864405895,0.21744894981384277
34064,365.3707558164803,500,False,0.6222202583076502,False,0.037608905167628257,0.4689805805683136
34096,79.78422514829462,242,True,6.0009011684400555,False,0.036313367730611244,0.30851054191589355
34336,407.376897520887,500,False,0.2308118792568205,False,0.03623686928543861,0.3135567307472229
34656,153.29724580514934,284,True,6.028453225600317,True,0.035665807908356946,0.20707440376281738
35808,259.5499409681824,500,False,2.562959911964038,True,0.034914624198789865,0.28164243698120117
36368,148.97183837846998,500,False,1.111693473351821,True,0.03235520963455877,0.2899119555950165
36544,227.95912749802997,500,False,3.4875280282549084,True,0.031193194908384056,0.503621518611908
38896,284.10633976634404,500,False,1.1115391503212801,True,0.030829795829946972,0.4880586862564087
38976,360.6706932056393,500,False,1.1784268661719044,True,0.026496225474935357,1.4342241287231445
39088,275.1989826958607,500,False,1.1539956646115852,True,0.026361481815022184,0.24290144443511963
39760,311.96323285043565,500,False,1.2567942049991339,True,0.026176437875236883,0.23525889217853546
40416,331.99284624349167,500,False,0.7145986647842355,False,0.025097382553213757,0.3663104176521301
40512,352.3946539354317,500,False,0.4693927967967703,False,0.024082153458265077,0.2467709630727768
40816,280.1661861871843,500,False,0.9017577679535818,False,0.02393914677935027,0.3385220766067505
41408,408.3025331130056,500,False,0.46270247852446433,True,0.02349266929729093,0.27673768997192383
41536,432.5327416978748,500,False,1.7174526718409715,True,0.02265046271710686,0.3982686996459961
42064,387.3959311252716,500,False,0.40739463962485345,False,0.02247214525338897,0.2334393560886383
42096,383.7647907756157,500,False,1.97779658402757,True,0.0217623204624052,0.28139668703079224
42336,423.5404500782064,500,False,1.4621155194621858,True,0.021719742142787966,0.5571354627609253
42656,378.16804047491473,500,False,0.48311139688397975,True,0.021408264757329955,0.3749340772628784
43808,427.8941896885269,500,False,0.2862757298574054,True,0.020994225444808716,0.3097958564758301
44368,352.2029347758303,500,False,1.2586376459765347,True,0.019575354955060426,0.5866140127182007
44544,411.934502733571,500,False,0.9227144442560484,True,0.018947101066212686,0.26951903104782104
46896,395.2338948007642,500,False,0.5756704736715259,True,0.018754106443403043,0.25304940342903137
46976,328.65199306589926,500,False,1.176656276130226,True,0.016411720448771892,0.4308431148529053
47088,263.9998063115511,500,False,0.961381838972171,True,0.016341200633026978,0.2434552013874054
47760,400.93726949070657,500,False,0.6202275383601599,True,0.016238924570309416,0.523695170879364
48416,508.4955055715225,500,False,0.39879211494356925,True,0.015659245568094997,0.6143112778663635
48512,368.0656539995378,500,False,1.1222915064788064,True,0.015123965266665186,0.4185122549533844
48816,441.0720371349117,500,False,0.5024645597840148,True,0.015051884817254387,0.3753795325756073
49408,567.1104606322577,500,False,0.369689073146765,False,0.014815379830624613,0.28251948952674866
49536,438.61848292236033,500,False,0.36248558242216866,True,0.014386409589838587,0.4660263657569885
49664,199.26919985589814,438,True,3.473372890976,True,0.014297869227488536,0.3379543721675873
50064,370.128700587662,500,False,0.4942542873620993,True,0.01396404494749362,0.3368358016014099
50096,319.29806737380846,500,False,0.653509982385457,True,0.01393089868667078,0.4143117368221283
50336,446.42395500942234,500,False,0.3919636578964097,True,0.013909433323739328,0.3070910573005676
51808,461.9979501419856,500,False,0.28036725375515453,True,0.013754746802255984,0.3138953447341919
52368,586.5248934646271,500,False,0.2562644598924226,True,0.012834983501968999,0.35995981097221375
52544,491.5583917002107,500,False,0.17561930564117476,True,0.01251506329669737,0.7531356811523438
54896,617.9348159504548,500,False,0.2636277467353251,True,0.012419558021916159,0.5314246416091919
54976,556.6568062353746,500,False,0.10498081604907726,False,0.011372211830067898,0.4568609893321991
55088,591.1398401154343,500,False,0.23573875610343895,True,0.011343817780744742,0.39745935797691345
55760,561.8929703351188,500,False,0.14851353527700567,True,0.011308493298343056,0.4151131510734558
56416,487.16001026454,500,False,0.40084171116935147,True,0.011086667756190173,0.404531329870224
56512,620.2753934692433,500,False,0.08969328542784016,False,0.010883443006215882,0.3364698886871338
56816,659.3113315669755,500,False,0.10229585510773097,True,0.01086090167705043,0.47884601354599
57408,560.3097229023857,500,False,0.32406820661502483,True,0.010797007842674006,0.48851802945137024
57536,552.7268582727974,500,False,0.10235791367396053,True,0.010675715591927072,0.37284964323043823
57664,563.7630652384929,500,False,0.23012744227640436,True,0.010651916289659483,0.46294134855270386
58064,652.8958385735499,500,False,0.08197358969863268,False,0.010636242570013749,0.7598728537559509
58096,698.375453940473,500,False,0.09332821585441457,True,0.010556564666712842,0.4813736081123352
58336,588.5660468111024,500,False,0.22864130583422634,True,0.01055134288074379,0.4811476469039917
59808,614.2874414714246,500,False,0.1612658646855889,True,0.010521468340419901,0.4644066393375397
60368,700.7211427230145,500,False,0.13267104782907851,True,0.010397379697139183,0.40624451637268066
60544,728.3886869607212,500,False,0.1953516004606705,True,0.010410777362767567,0.4529948830604553
62896,724.9239946768231,500,False,0.1452348174873098,True,0.010425281533487383,0.4788495898246765
62976,768.6888491105435,500,False,0.06552715039515548,True,0.010651323234554734,0.3997741937637329
63088,741.6766716086146,500,False,0.19971070549278533,True,0.010659278093168984,0.4226119816303253
63760,795.0545993124024,500,False,0.0967213608720804,True,0.010668538231187906,0.5391549468040466
64416,659.0781208888158,500,False,0.21112847171216598,True,0.010752655287588854,0.5042465925216675
64512,654.5697303777333,500,False,0.1784641933973783,True,0.010842217463194692,0.612612783908844
64816,656.6048385463562,500,False,0.08506472484873019,False,0.010845668675782403,0.5619223117828369
65408,726.655282426953,500,False,0.35940866563493556,True,0.010921614787568602,0.5509114265441895
65536,678.280134614411,500,False,0.07301876848645739,True,0.011006920461910472,0.5437391996383667
65664,762.982477563742,500,False,0.12962352492368784,True,0.011036100731861367,0.4639468789100647
66064,767.8086392788649,500,False,0.10091340980352843,True,0.011056267881494187,0.5512479543685913
66096,627.3616782988471,500,False,0.2190746062358476,True,0.011194567781895431,0.7492188215255737
66336,685.1990315598434,500,False,0.14413872578954995,False,0.011204052797888744,0.886937141418457
67808,627.2287960762695,500,False,0.18203064693998616,False,0.011243198296404277,0.6775420308113098
68368,751.2069394790942,500,False,0.11955659779097881,True,0.011596777295615122,0.559969425201416
68544,703.5444782806968,500,False,0.22057522997729095,True,0.011648988757406784,0.6355037689208984
70896,723.7922157361143,500,False,0.15659209327847087,False,0.011672809906658928,0.516830563545227
70976,861.825665950118,500,False,0.03266169993027468,True,0.012117341140330362,0.6224160194396973
71088,723.9334561508268,500,False,0.13318949186571608,True,0.012115949049967408,0.5460271239280701
71760,793.7461427347824,500,False,0.17267694906326253,True,0.012147187675359297,0.6763601303100586
72416,707.3112993931433,500,False,0.18880636252525726,False,0.012134914216009632,0.6904110908508301
72512,831.0088571964676,500,False,0.03301287021252306,True,0.01222356986589321,0.6098918914794922
72816,670.3034844048201,500,False,0.5536649158991288,True,0.012249506832125306,0.5357092022895813
73408,654.1460779754866,500,False,0.5096498851661735,True,0.01230460282985503,0.6925523281097412
73536,705.5709082449814,500,False,0.16443349277112113,True,0.012390468700967994,0.7179871797561646
73664,762.3832863493333,500,False,0.03850771789206822,True,0.01239200860602559,0.495156466960907
74064,705.5186572154926,500,False,0.11141156916582728,True,0.012386562028015177,0.6994571685791016
74096,763.6479594954837,500,False,0.24058109123092142,True,0.012369992576248667,0.6718055605888367
74336,789.1806340866985,500,False,0.24116678241677048,True,0.012364709636717694,1.5553784370422363
75808,772.7317760232797,500,False,0.05170226752177991,True,0.012358369037922187,0.6608997583389282
76368,648.8788818165933,500,False,0.10934397815859447,False,0.012421192854227879,0.8195987343788147
76544,705.9675598082074,500,False,0.07739887349931814,True,0.01245978973393425,0.8199911713600159
78896,683.3637195489295,500,False,0.06624045031533933,True,0.012431858274814482,0.7498080730438232
78976,740.8953993393186,500,False,0.24746104652512088,True,0.01258512355641254,0.6890230178833008
79088,619.6351218471376,500,False,0.11051364042501649,True,0.012614788417488193,0.6226691007614136
79760,544.5954186738128,500,False,0.46863703672480933,True,0.012628470999972954,0.7482616901397705
80416,639.2491877040087,500,False,0.1835901348545329,False,0.012651456279490863,0.7860832214355469
80512,675.7266517108595,500,False,0.14457243170084144,True,0.012783936207729255,0.842434287071228
80816,807.9870901889853,500,False,0.1338413298451235,True,0.012784959831790267,0.8062427043914795
81408,835.5768371274806,500,False,0.0771458450273502,True,0.012806439467273202,0.8115956783294678
81536,643.6613465659984,500,False,0.15728384352841507,True,0.012751092867692779,0.7228487133979797
81664,761.8649193808043,500,False,0.2065648751439453,True,0.01274795467157695,0.9130104780197144
82064,701.7860297672696,500,False,0.05108717042578153,False,0.012699767503611566,0.7449752688407898
82096,681.914192818685,500,False,0.1531403024248852,True,0.012660182399144546,0.8022829294204712
82336,712.9929729960771,500,False,0.13634803694363065,True,0.012674830000590973,1.1657949686050415
83808,671.3735946510122,500,False,0.15083556316598812,True,0.012671305364111549,0.8360022306442261
84368,818.1749762552656,500,False,0.05033307869712939,False,0.01264201486313162,0.7703564167022705
84544,797.2202253948068,500,False,0.06678592192474622,True,0.012836517844065644,0.9009619951248169
86896,650.8247695080721,500,False,0.2327253107361602,False,0.012848246356101028,0.7673578262329102
86976,704.0798356182419,500,False,0.15956954919337082,True,0.012987206847096715,0.7174232602119446
87088,626.7359695531619,500,False,0.1507693599985783,True,0.012974243021262448,1.0627650022506714
87760,686.6460109548887,500,False,0.1963254813147965,True,0.01298835679206928,1.031327247619629
88416,518.8054586655255,500,False,0.8572110480168073,False,0.013022729179541141,1.0112426280975342
88512,745.6387357611422,500,False,0.0764256195999754,True,0.01286032703245806,0.8411132097244263
88816,810.2812067961604,500,False,0.08065643195881494,True,0.012824533126840312,0.9433609247207642
89408,708.6544131334995,500,False,0.1109135062548644,True,0.012776745524088922,1.0481219291687012
89536,660.517038690134,500,False,0.14259516890802618,True,0.012769959599982696,0.8866944313049316
89664,814.0877386551998,500,False,0.035348774736881215,False,0.012804594848350188,0.7582235336303711
90064,684.1901665278566,500,False,0.18692558613944205,True,0.01281986624260962,1.2717421054840088
90096,593.7320384481844,500,False,0.32643661422654313,True,0.012850694554287218,0.9568661451339722
90336,806.2099750860577,500,False,0.21287852726775863,True,0.012854064741772036,0.8367149829864502
91808,695.8565354620263,500,False,0.142928748409563,True,0.012963992303979432,0.9471298456192017
92368,704.3340688796861,500,False,0.1825473161128399,True,0.013261949588017824,0.8408312201499939
92544,747.50716570136,500,False,0.0710246422459354,True,0.013077369486625195,5.0779242515563965
94896,852.7175456332693,500,False,0.0913190230030143,False,0.013082973545937467,0.8836032748222351
94976,577.1028988139556,500,False,0.13671016545323242,True,0.013028407129316088,1.209669589996338
95088,626.4338349600876,500,False,0.47503699842849934,True,0.013033814447726718,1.0100979804992676
95760,616.7267205201987,500,False,0.11239920153584447,True,0.013028752949962145,0.8796042799949646
96416,495.4075517224562,500,False,0.15335057211470463,True,0.013106274733049615,1.0417464971542358
96512,800.2158708400416,500,False,0.1117771432801418,True,0.013035407385623112,1.0782055854797363
96816,805.800833595402,500,False,0.08449979040816323,True,0.013017291680821762,1.0038886070251465
97408,717.3606697185268,500,False,0.1026986159992464,True,0.01300927795848841,1.1411213874816895
97536,832.8256585533385,500,False,0.09478463138722833,True,0.01296239995461048,0.9781033396720886
97664,719.5272765291413,500,False,0.19777413841913066,True,0.01297483838785899,1.1788352727890015
98064,770.1551128167547,500,False,0.055284848150087586,False,0.01300696864504659,1.1708956956863403
98096,697.0043225940167,500,False,0.20465841662776993,True,0.013111854475900483,1.059251308441162
98336,703.7214223974365,500,False,0.11594710440915759,False,0.01312703410899141,1.0257439613342285
99808,548.0600836228647,500,False,0.3956452310116517,True,0.013151812442073337,1.254752278327942
100368,771.4026915112659,500,False,0.03219549642235027,True,0.013487360928193446,1.0421319007873535
100544,792.3936056624492,500,False,0.0674507234675323,True,0.013499280207490734,1.2600966691970825
102896,849.4191967985961,500,False,0.073006966873206,False,0.01347480138386321,1.1629425287246704
102976,775.8506500174724,500,False,0.038637968018103826,True,0.013665791246525009,1.194919228553772
103088,737.0702286261827,500,False,0.1421001194273658,True,0.013672107674725181,0.9981720447540283
103760,660.4760800184068,500,False,0.2932840102649613,False,0.013663196644855125,1.1557419300079346
104416,723.154001192371,500,False,0.07880888422788872,True,0.013683037948032049,1.1293400526046753
104512,700.3182324279162,500,False,0.20938405514085662,True,0.013810883942985543,1.22013258934021
104816,690.2970051394492,500,False,0.084012241502637,False,0.013850507579832205,1.018833041191101
105408,634.9921301994636,500,False,0.08650249115465625,True,0.013756394675410125,1.0102946758270264
105536,754.481996736596,500,False,0.11323984474005064,True,0.013686950041420273,1.1384358406066895
105664,749.4004699077915,500,False,0.15090527278251253,True,0.013651983328697982,1.493143916130066
106064,686.5305112908455,500,False,0.12976471302722808,True,0.013616369664563912,1.325344443321228
106096,696.4033300340003,500,False,0.15331720375615843,True,0.01369527441042186,1.196755290031433
106336,760.5082830339439,500,False,0.06599447552522085,False,0.013699321351035132,1.47221040725708
107808,695.5775333435251,500,False,0.11861683488369978,False,0.013656782202858144,1.1108758449554443
108368,750.5821963628821,500,False,0.10204052752992052,True,0.013517255085091927,1.1288272142410278
108544,662.6202614238184,500,False,0.12542525945525168,True,0.013617603707712743,0.8686676621437073
110896,749.8271478740417,500,False,0.10722505187368639,True,0.013656481366413913,1.1660593748092651
110976,766.0313762856239,500,False,0.06179058965971857,True,0.01389049606960742,1.1422226428985596
111088,816.6287769354866,500,False,0.07369727617496696,True,0.013900263117163046,1.2695744037628174
111760,799.5787381806389,500,False,0.10026002156839767,True,0.01388357806142553,1.312760353088379
112416,737.0003816842731,500,False,0.10074052533799494,True,0.013912389864327357,1.2198542356491089
112512,753.7397886914791,500,False,0.094511217436855,False,0.013978639421045679,1.319535732269287
112816,774.8465883587807,500,False,0.0654711447136101,True,0.014005334312978669,1.2405691146850586
113408,853.1347882446304,500,False,0.09932028853968644,False,0.014105674224719781,1.1725513935089111
113536,831.5295853465884,500,False,0.05397755134393735,True,0.014087641194633339,1.4047465324401855
113664,676.3861415891895,500,False,0.18567693731959387,True,0.014103040432366317,1.371451497077942
114064,749.624476440384,500,False,0.07163313721328286,False,0.014106686957784475,0.9701422452926636
114096,783.9688184011823,500,False,0.12336290091585667,True,0.014073405572528397,1.328263282775879
114336,664.6379211112447,500,False,0.2939594080486902,True,0.014079337637556467,1.2515575885772705
115808,839.5755441764385,500,False,0.024806992732330935,True,0.014093758159027704,1.090887188911438
116368,759.7056811010821,500,False,0.10205013206781198,True,0.014302301848016091,1.1185328960418701
116544,718.1862768974308,500,False,0.2094818262881886,True,0.014483578998494819,1.3641750812530518
118896,779.8311820805088,500,False,0.07930838618697877,True,0.014476184771994112,1.2980482578277588
118976,729.2779646468233,500,False,0.1537363592130914,False,0.014297807597224665,1.3144309520721436
119088,742.8366099268756,500,False,0.17486785846104194,True,0.01426989465897348,1.5642342567443848
119760,774.0628446412269,500,False,0.13741761123782573,False,0.014236807931331743,1.7210807800292969
120416,677.6399714569717,500,False,0.1876377657606098,True,0.014197019684471549,1.3217966556549072
120512,850.4781543976779,500,False,0.046859513287158615,False,0.01413645643749966,1.2568739652633667
120816,775.306073640083,500,False,0.14349569891094174,True,0.014150811031809577,1.3032325506210327
121408,595.2229127005515,500,False,0.27817579553692334,True,0.0140863061701531,1.249133586883545
121536,824.603998162488,500,False,0.07482571106375561,True,0.014253282370699982,1.2803205251693726
121664,784.6531901997412,500,False,0.19231342799435258,True,0.014256496853405406,1.3724429607391357
122064,624.6853606526026,500,False,0.24248846371214897,True,0.014202032904324292,1.5051569938659668
122096,723.2679592150815,500,False,0.09239478556292424,True,0.014119497859785564,1.4382948875427246
122336,727.7066945505153,500,False,0.11952896203197286,True,0.014109130393584749,1.2384599447250366
123808,745.5065231163683,500,False,0.06132473501658205,True,0.01410252603587039,1.4229642152786255
124368,722.472000005218,500,False,0.08112849022742627,False,0.01416968004821152,1.3648293018341064
124544,822.8060939331494,500,False,0.06019787775572079,True,0.014035688079073537,1.1244221925735474
126896,809.2600788496534,500,False,0.02091809044723205,True,0.014032458549288078,1.228650450706482
126976,706.395322719719,500,False,0.1148557373195143,True,0.01441084597031995,1.3712022304534912
127088,814.1998065242196,500,False,0.049122815840806716,True,0.014409430419613541,1.4119287729263306
127760,785.810196818184,500,False,0.10575557634422125,True,0.01447196817406681,1.3253722190856934
128416,736.8686027780506,500,False,0.06484381065008896,True,0.01455876158917747,1.330156683921814
128512,743.9726252928217,500,False,0.10733215553724797,True,0.014566735210202398,1.3538895845413208
128816,731.7702900218194,500,False,0.14346651943878627,False,0.014581108154608387,1.5114911794662476
129408,797.1799925497099,500,False,0.06363754750702001,False,0.014774309319246736,1.612506628036499
129536,747.5137001186984,500,False,0.09326580165996606,True,0.01475528699331867,1.4839134216308594
129664,728.3416968427489,500,False,0.14212938584680107,False,0.01476557285821855,1.7226405143737793
130064,552.1951100432451,500,False,0.766819300155611,True,0.014769995863817532,1.531626582145691
130096,695.1578439824943,500,False,0.17158529505677453,True,0.014757222863832135,1.3737092018127441
130336,786.1234571286375,500,False,0.11063027760836429,True,0.014772336733170775,1.3314127922058105
131808,749.8457049555291,500,False,0.11477616347193385,False,0.014690528445519997,1.5446929931640625
132368,792.1482800994677,500,False,0.04738680703590108,False,0.014681302877549506,1.1977674961090088
132544,753.693218895341,500,False,0.09458767639306401,True,0.014675859571246614,1.3092944622039795
134896,684.5244161081265,500,False,0.24078174456911583,True,0.01473135102642307,1.1746279001235962
134976,790.5676924171058,500,False,0.08539007542666664,True,0.014897784862613657,1.5538413524627686
135088,735.3497779686422,500,False,0.18205259203420165,True,0.014984033877035634,1.2596585750579834
135760,716.3053581274503,500,False,0.14704633810424825,True,0.015065279504225808,3.168025016784668
136416,792.4909397953933,500,False,0.15026138866243147,True,0.014989567135226728,1.0735887289047241
136512,694.310542574708,500,False,0.0653088936988467,True,0.015016481933673187,1.319685459136963
136816,813.5280869785058,500,False,0.0712960977200114,True,0.015007264695220008,1.1423563957214355
137408,738.1206621491727,500,False,0.15289009736847073,True,0.015036007416183697,1.261040210723877
137536,717.3512069919617,500,False,0.12163787659983052,False,0.015142804130567395,1.540071964263916
137664,793.0898311172983,500,False,0.14348206588267973,True,0.015132679496790511,1.2046751976013184
138064,727.5198381618017,500,False,0.1052797337414881,False,0.015192286253771416,1.4434733390808105
138096,878.6910828526471,500,False,0.08323281008647923,True,0.01532346709910887,1.3202379941940308
138336,788.0587484685723,500,False,0.09871151215052493,True,0.01532263710328718,1.4256995916366577
139808,742.4025813571792,500,False,0.10250221942690788,True,0.015266922603851502,1.296180248260498
140368,835.2904884115676,500,False,0.08730298535555736,True,0.015041676176383502,1.4167439937591553
140544,783.8613892603867,500,False,0.148441690975841,True,0.014987220842624317,1.456221103668213
142896,761.142998531158,500,False,0.1896484562998803,True,0.014970530775280648,1.277889370918274
142976,626.7740283583065,500,False,0.33721764852596214,True,0.01510340666682263,1.1614677906036377
143088,790.6070526526461,500,False,0.18622971175692699,True,0.015067156448742338,1.2032666206359863
143760,899.6622457738758,500,False,0.05342205768203777,False,0.01506791947622374,1.2854936122894287
144416,700.7525399117878,500,False,0.15782544139205357,True,0.01501701547840341,1.3405237197875977
144512,749.3736556092075,500,False,0.1407079039882271,True,0.01519818285974247,1.1188619136810303
144816,767.7295092861443,500,False,0.1545251772346115,True,0.015224366531879273,1.350246787071228
145408,813.5186927128561,500,False,0.05232597700774781,True,0.015198124672162886,1.2634835243225098
145536,774.066439052905,500,False,0.15476455795574878,True,0.015088239758258088,1.4522895812988281
145664,780.5154559238548,500,False,0.06816894780209573,True,0.015140232973600908,1.4265034198760986
146064,776.3189948701458,500,False,0.06216275389126911,False,0.015130719631496281,1.3234764337539673
146096,713.2639087363037,500,False,0.08092976368572477,True,0.015087530019033131,1.151397943496704
146336,583.3524667479817,500,False,0.3741209707749815,True,0.015088196350037837,1.55342435836792
147808,741.3499081633423,500,False,0.1804918773785293,True,0.01503535685938364,1.1992809772491455
148368,659.7252130972263,500,False,0.18754912430855478,True,0.0149275526905187,1.1969022750854492
148544,719.7123269384497,500,False,0.08334247274171148,False,0.01502997663626933,1.2987648248672485
150896,772.1803087085145,500,False,0.11839754821878332,True,0.015100294205035914,1.3767279386520386
150976,733.3712704660524,500,False,0.0994498919220941,True,0.015147084800912406,1.3741166591644287
151088,733.4975144333579,500,False,0.15762342734346893,True,0.01514866074397218,1.1382720470428467
151760,756.005501627173,500,False,0.1837206948025615,True,0.015128445120705455,1.4484565258026123
152416,698.0163536298363,500,False,0.2162788141940984,True,0.01509988507284206,1.6744807958602905
152512,760.3967629604618,500,False,0.22821309513131166,True,0.015137086371339986,1.3873919248580933
152816,801.8051273978434,500,False,0.11676007315704337,True,0.015164588758263908,1.4155569076538086
153408,751.9221710705726,500,False,0.05198258132822337,True,0.01515857325436135,1.333223819732666
153536,732.0667779130206,500,False,0.12445224738979803,False,0.015101376826141367,1.3822981119155884
153664,738.6275317407237,500,False,0.15744694712003626,True,0.015139576365219638,1.9607980251312256
154064,677.3231081992443,500,False,0.20594006417364089,True,0.015105964905696184,1.5644516944885254
154096,756.5918290380456,500,False,0.16823104732090438,True,0.015277489447202969,1.671466588973999
154336,714.0934842046612,500,False,0.21581055071575894,True,0.015284800263539088,1.456167221069336
155808,666.4555361512236,500,False,0.22766293338499757,False,0.015235481675711121,1.457074522972107
156368,692.1035717025803,500,False,0.1389762133491183,True,0.015162373125671508,1.4059288501739502
156544,623.4290384257692,500,False,0.2651195049144849,True,0.015272624471128139,1.550646185874939
158896,670.0340539935607,500,False,0.27492093948055735,True,0.015229026316783268,1.2573716640472412
158976,686.1724969591684,500,False,0.21867660548963797,True,0.014833057375234953,6.066350936889648
159088,612.0862285330579,500,False,0.576994247433512,True,0.01484981863861279,1.4009878635406494
159760,710.6196053474522,500,False,0.1613689891514236,False,0.014921149794093067,1.4250061511993408
160416,677.7250985068151,500,False,0.19856821466216237,False,0.014983690418480616,1.777095913887024
160512,670.6601825170359,500,False,0.18099851698633818,False,0.014988676190139456,1.3564622402191162
160816,709.4792425946525,500,False,0.15579972677284204,True,0.014972906976749308,1.3610379695892334
161408,827.8455348952924,500,False,0.05066081160280866,True,0.014962188059693156,1.3327975273132324
161536,676.3219245251647,500,False,0.3303103561443483,True,0.014910217106040232,1.4731676578521729
161664,699.2343724263808,500,False,0.2649598189010723,True,0.014807562898173225,1.3769896030426025
162064,779.4050559713833,500,False,0.107141648992703,True,0.014807200672593559,1.4656651020050049
162096,650.6666190723658,500,False,0.23611152679026068,False,0.014863219139592536,20.97857666015625
162336,685.688702482272,500,False,0.16918498721882694,True,0.014859913188992107,1.6684887409210205
163808,739.2493699854617,500,False,0.2101847082286744,True,0.01484845245449263,1.3895726203918457
164368,716.7114070464016,500,False,0.12836001228652455,True,0.014820771463797398,1.4207873344421387
164544,824.6201128615401,500,False,0.015102573360224065,False,0.01463988412510051,1.6434987783432007
166896,729.4042413875718,500,False,0.34506642473505744,True,0.014632636720262555,1.6058647632598877
166976,724.2122663642541,500,False,0.255889014776472,True,0.014489570052690078,1.294170618057251
167088,757.3650487065004,500,False,0.15206882934205468,True,0.014533943056167257,1.625515341758728
167760,779.4109495815953,500,False,0.06889390867031651,True,0.014492298718883795,1.672173261642456
168416,774.126685916086,500,False,0.2193663064049224,True,0.014428671744428457,1.6825971603393555
168512,641.8812195602987,500,False,0.17976556448941716,True,0.0143939260748758,1.5731290578842163
168816,656.6172598647294,500,False,0.09894306859573358,True,0.01433113642379953,1.5357639789581299
169408,731.7772858975952,500,False,0.160308515632844,True,0.01422097036009486,1.5669817924499512
169536,690.8767417584603,500,False,0.09763653640137407,True,0.014252920730963889,1.1700997352600098
169664,654.0560402657817,500,False,0.16942215457020157,False,0.014236841836021502,1.4173367023468018
170064,762.1580515407946,500,False,0.1253120329563466,False,0.014260489174661543,1.649349570274353
170096,731.4217020138226,500,False,0.14130636323870802,True,0.01404775025229464,1.1936652660369873
170336,685.2411255451937,500,False,0.1355596944684245,True,0.014034642976246589,1.513220191001892
171808,752.0759289506735,500,False,0.33191275494562,True,0.014077805495311756,1.897827386856079
172368,711.2397143114187,500,False,0.11454316314759429,True,0.01407376213434323,1.4527380466461182
172544,774.5545939211618,500,False,0.03311961466678639,True,0.014017440733338904,1.3052513599395752
174896,740.3595058936417,500,False,0.06519809777948853,True,0.014056520164456663,1.7085692882537842
174976,710.0018452611304,500,False,0.14938233488432298,False,0.014051776620336203,1.4874296188354492
175088,670.5971261974904,500,False,0.10651574070707431,True,0.014107392458841544,1.5536377429962158
175760,808.7223678885731,500,False,0.12785327831161855,True,0.014147136992229475,1.5491703748703003
176416,706.6365999228223,500,False,0.19538958247007238,True,0.01419524708244441,1.6529521942138672
176512,656.9766875647258,500,False,0.2178461475605541,True,0.014073186695348303,1.4256353378295898
176816,687.1586452672838,500,False,0.3101195828418511,True,0.014039514325370008,1.3199501037597656
177408,700.5184842229775,500,False,0.21998117103788986,True,0.013997804285343566,1.625910997390747
177536,778.3749532056265,500,False,0.11888011752479766,True,0.01402169390640753,1.5014564990997314
177664,658.8617246570878,500,False,0.06998228555247883,True,0.01406393361075316,12.784603118896484
178064,745.6499497660762,500,False,0.1650784904114699,True,0.014115614291221755,1.485400676727295
178096,692.407928228394,500,False,0.3458186999385126,True,0.014217377042470917,1.7223827838897705
178336,589.1535035280555,500,False,0.3391018394324735,True,0.01422967726867516,1.4972093105316162
179808,722.2278525930487,500,False,0.14110422691288335,True,0.014256544644651287,1.5930824279785156
180368,739.6217157041383,500,False,0.12881040591109041,True,0.01397179733021677,1.3263659477233887
180544,673.7401274031712,500,False,0.2271934314318699,False,0.013994047211345997,1.5254805088043213
182896,659.8712864159953,500,False,0.209003344985996,False,0.013916158351142831,1.4993042945861816
182976,701.5073579550764,500,False,0.2478178389658436,False,0.013659697324920273,1.5409090518951416
183088,769.028567170487,500,False,0.2617725265938538,True,0.01364383019149794,1.5960514545440674
183760,613.847099652868,500,False,0.405144642668732,True,0.01365865062522994,1.291048526763916
184416,671.5404625772937,500,False,0.23768560580825673,True,0.013662872965586667,1.3103578090667725
184512,649.1706310495897,500,False,0.32594864161764237,True,0.013530255895063143,1.7373254299163818
184816,661.0666772119453,500,False,0.24455000885404848,True,0.013478186453468266,1.1980152130126953
185408,674.5792540134363,500,False,0.22009790452849357,False,0.013551738139116172,1.6089611053466797
185536,570.275030781285,500,False,0.4347791240451856,True,0.013559694191880974,1.50314462184906
185664,690.2956097448272,500,False,0.2050932038779647,False,0.013548658415287084,1.39052152633667
186064,705.6523265760533,500,False,0.19332580228499943,True,0.013611292613228436,1.4963343143463135
186096,593.2234898245447,500,False,0.24478281327951476,True,0.013666203398547891,1.4254183769226074
186336,754.4114063186562,500,False,0.0727869838987657,True,0.013627539742414787,1.5856287479400635
187808,669.1806907091737,500,False,0.16782492435248791,True,0.013497797643789713,4.279550552368164
188368,737.5947729970517,500,False,0.1566310700369927,False,0.01340587894360967,1.522347331047058
188544,646.8855964055738,500,False,0.15377487733928527,False,0.013384802354044422,1.5062408447265625
190896,611.0354493615952,500,False,0.48301940446488084,True,0.013425457877636294,1.4462482929229736
190976,594.1903292302682,500,False,0.2966781917444161,True,0.013157183348255858,1.616278886795044
191088,691.4671195201298,500,False,0.12706959541063398,True,0.013119674652645972,1.3496242761611938
191760,576.6132790639008,500,False,0.3689143413611155,True,0.013124418089786087,1.6657769680023193
192416,700.83412740276,500,False,0.20074073627758288,False,0.013027046320066637,1.5549325942993164
192512,575.7871388395299,500,False,0.26684583662246314,True,0.013113139413561403,1.4350868463516235
192816,676.9800993003672,500,False,0.1669490813599287,False,0.0131617947830324,1.575181007385254
193408,782.8241109763144,500,False,0.10272359395602099,True,0.013187063493688648,1.4281151294708252
193536,670.9022642125622,500,False,0.2091195032268267,True,0.013129319853203756,1.4978607892990112
193664,777.4728664332187,500,False,0.08331073204808467,True,0.01316487159257363,1.5101523399353027
194064,648.6316764741346,500,False,0.2856227115019239,True,0.013223947200307144,1.6376025676727295
194096,667.9067303603559,500,False,0.24444027883481714,True,0.013298179353622328,1.3408598899841309
194336,742.3813141256586,500,False,0.12245098622415679,True,0.013290119902278751,1.4856423139572144
195808,663.6106106225408,500,False,0.3019604460984206,True,0.01319305111033478,1.8499864339828491
196368,689.5967436180048,500,False,0.2639092349643988,True,0.013215596931231753,1.4668517112731934
196544,746.491597548617,500,False,0.2413760245127726,False,0.01315242067224915,1.4449890851974487
198896,726.3512770815256,500,False,0.11336401354718882,True,0.01306073746408318,1.5516760349273682
198976,669.5628063949123,500,False,0.2055204300057206,True,0.013095425918730873,2.202171802520752
199088,684.761051991851,500,False,0.1200424321110068,False,0.013088064683443063,1.8538851737976074
199760,672.3336560717036,500,False,0.14238352589821626,True,0.013111902851005509,1.793039321899414
200416,749.8280540879719,500,False,0.0920635418226246,False,0.013147136658704038,1.9500927925109863
200512,561.7982818480707,500,False,0.4451981311738176,True,0.013068476048925802,1.604471206665039
200816,669.498542409571,500,False,0.17652451614524264,False,0.0130243712880878,2.346011161804199
201408,660.6451038612955,500,False,0.12498032056202055,True,0.013091712345353465,1.659196376800537
201536,667.5498703267098,500,False,0.20124155127228868,True,0.013094180238965024,1.749072790145874
201664,788.579468131167,500,False,0.10212565999573195,True,0.013123774737933623,1.46249520778656
202064,678.0932533625664,500,False,0.18847643395229033,True,0.013050310513892802,1.62684965133667
202096,779.8539676496724,500,False,0.10999561335894893,True,0.013023293490787088,2.752784252166748
202336,728.4638640793007,500,False,0.12178825599725564,True,0.01304097604270838,1.689067006111145
203808,721.7515149046318,500,False,0.15031907859688526,True,0.013069161483062496,1.7886688709259033
204368,731.4524085958592,500,False,0.08804752819364782,True,0.012993537335908368,1.5180437564849854
204544,625.5991582849264,500,False,0.18282915047751877,False,0.01281770003974215,1.386534333229065
206896,690.843925017723,500,False,0.1262565412901384,True,0.012808474177908563,1.538670539855957
206976,743.1835638645784,500,False,0.11080256113594175,True,0.013251724778557728,1.6789981126785278
207088,684.0453978020148,500,False,0.20083066094582405,True,0.013231708641350955,1.7322802543640137
207760,567.9780253188417,500,False,0.13645390812527766,True,0.013308826626019184,1.80561363697052
208416,759.0297862312171,500,False,0.2643959194678319,True,0.013283068941969341,1.713590383529663
208512,706.6046474551495,500,False,0.1009855442944022,True,0.013309635467791863,1.5526542663574219
208816,736.8192851667443,500,False,0.12065779742364233,False,0.013318106396324931,1.8212393522262573
209408,660.4849498897662,500,False,0.16033088328710293,True,0.013257711331250656,2.0595788955688477
209536,772.5396602515856,500,False,0.12099278111805255,True,0.013165097449281453,1.8128936290740967
209664,810.2663362712346,500,False,0.08979380758324397,True,0.013211425368257469,1.4995765686035156
210064,733.7043391164814,500,False,0.10489929377809737,True,0.013258359287601554,1.5129492282867432
210096,891.8716826159656,500,False,0.029831536289002834,False,0.013115680667183764,1.6339185237884521
210336,709.1583735902663,500,False,0.13096732613575748,True,0.013135535662736198,1.676967740058899
211808,728.4342630492634,500,False,0.076651022628888,True,0.013156114941464554,1.8908624649047852
212368,739.0967136903087,500,False,0.0898594437576132,True,0.012957872931076886,1.9450066089630127
212544,696.5454330904113,500,False,0.1918542822847812,True,0.01295996607055046,1.633744239807129
214896,714.3756218478298,500,False,0.09412796927571915,True,0.013017320029281196,1.8609066009521484
214976,656.998719218993,500,False,0.437155479542724,True,0.012920274623796772,1.5585103034973145
215088,714.72209434992,500,False,0.17115253003108885,True,0.012892809802940747,1.9630143642425537
215760,771.6094818893727,500,False,0.14977588264245392,True,0.01286194776974009,1.7097923755645752
216416,532.9981556243416,500,False,0.4983099903208412,True,0.012661614679345632,1.5667873620986938
216512,734.3024038412268,500,False,0.13547755928696945,True,0.012687674183705614,2.143314838409424
216816,753.575737177489,500,False,0.10267057659000543,False,0.012721035527373371,1.8119393587112427
217408,708.5916056861118,500,False,0.21259435885346895,True,0.012741579604993824,1.6987448930740356
217536,778.2203409129346,500,False,0.13037266489229188,True,0.012907838426894868,1.3837103843688965
217664,693.215717435353,500,False,0.11429588679555185,True,0.012919442682592416,1.5524382591247559
218064,800.782967694025,500,False,0.08318936029955334,False,0.012925054147070666,1.8900012969970703
218096,551.3687401573145,500,False,0.24580943619548706,True,0.013002522225699469,1.9279193878173828
218336,784.7238424204332,500,False,0.10582348938815798,True,0.013005682922765199,1.8570005893707275
219808,746.0130734855509,500,False,0.2246799597141411,True,0.013040362446972494,1.8394877910614014
220368,729.4091251728578,500,False,0.14959378613706803,False,0.012966487985256861,2.0390396118164062
220544,725.26278393503,500,False,0.1387214860807896,True,0.013092289507916901,2.169430732727051
222896,733.3225666744747,500,False,0.16341632713855186,True,0.013053796201085538,1.771608591079712
222976,760.2221272623764,500,False,0.1453497753475405,True,0.012680733836191404,1.6811249256134033
223088,728.2055969696734,500,False,0.18146127119081948,True,0.012691025910038515,1.9172310829162598
223760,693.6627623932654,500,False,0.18926043278412152,True,0.012713229715732018,1.6665070056915283
224416,730.036294005183,500,False,0.11451929959654598,True,0.012640905375225702,2.022829532623291
224512,796.1327441311442,500,False,0.08182413755886647,True,0.012586532377089578,1.538567066192627
224816,722.5323103220264,500,False,0.21021357775940197,True,0.012626243660909918,3.8385868072509766
225408,778.348694399551,500,False,0.16810316771913258,False,0.01260730376126669,1.7953208684921265
225536,703.7984773703996,500,False,0.08481940417511204,True,0.012529484595385448,1.615011215209961
225664,660.6355700450187,500,False,0.23437842229055653,True,0.012516927420043365,2.1249613761901855
226064,750.6367794691258,500,False,0.14187379428614935,False,0.012481640213125667,2.4009904861450195
226096,765.168595389969,500,False,0.09410695696860419,False,0.01246778913753596,1.8793673515319824
226336,771.9925684319179,500,False,0.2774412493468804,True,0.012468737434684164,1.637378215789795
227808,721.5875379576257,500,False,0.2058428694659161,False,0.012523950502990796,1.73622465133667
228368,826.4650207580593,500,False,0.12584824212339,True,0.012391783556586697,1.4165403842926025
228544,756.918559050347,500,False,0.0426904276283882,True,0.012430554640679513,1.4383702278137207
230896,679.5196837027277,500,False,0.1409120256574117,True,0.012426752921455293,2.10783052444458
230976,714.3344132204011,500,False,0.17880647448651152,True,0.012383186112374284,2.4277303218841553
231088,675.3355029644816,500,False,0.18178604444326915,True,0.012444180795922652,2.5071306228637695
231760,695.8799320755136,500,False,0.13135425347769747,True,0.012530437919524531,2.077648639678955
232416,734.716899243866,500,False,0.12867830010537024,True,0.012435338593950258,1.598605990409851
232512,591.6870809032691,500,False,0.22991653022794556,True,0.012421919154638817,1.9357129335403442
232816,807.2871667677156,500,False,0.09130791876170108,False,0.012408952639504651,1.734026312828064
233408,780.8156018488954,500,False,0.02525927823543458,True,0.012468742642214304,1.697075366973877
233536,702.5795067385212,500,False,0.2414097928547821,True,0.012400731802357283,1.4955415725708008
233664,700.8202128522512,500,False,0.06623238213475253,False,0.01240883872791567,1.5679887533187866
234064,740.1503123404414,500,False,0.0884573837119917,True,0.012437031072042692,1.803593635559082
234096,558.0001395945399,500,False,0.33133163468970045,True,0.012542930204863552,2.1028294563293457
234336,663.5101597851944,500,False,0.24388940439490758,True,0.012550769517587828,1.7768957614898682
235808,706.3506105598804,500,False,0.08117531507381806,True,0.012450780503864467,1.5456595420837402
236368,775.9796402683594,500,False,0.09854642758987721,True,0.012155561515897823,1.3605889081954956
236544,737.0330378450342,500,False,0.0627919332021032,True,0.012139089894680351,1.8749809265136719
238896,713.6798803631797,500,False,0.10964192981449229,True,0.011973965641250858,2.0148210525512695
238976,707.9739334987561,500,False,0.13797663714913536,True,0.012110340856627586,1.6778026819229126
239088,784.097407488072,500,False,0.10056473063960217,True,0.012106687123146415,1.9358913898468018
239760,785.894280978605,500,False,0.10485540965816856,True,0.01212431655463336,1.9270663261413574
240416,640.6178762552481,500,False,0.23776905782098504,True,0.012120515447948505,1.8445545434951782
240512,779.8232591792507,500,False,0.06375787166814327,False,0.012086253715437485,1.4802639484405518
240816,811.6863052482897,500,False,0.12569431623785096,True,0.012041845061418416,1.9911460876464844
241408,626.1663551212874,500,False,0.1808838381926318,True,0.012077122107871034,1.9333410263061523
241536,791.6750442114059,500,False,0.10862278962427582,True,0.011927575638769203,1.6477525234222412
241664,766.7534691039502,500,False,0.12144593503041144,True,0.01195653333371942,1.7867653369903564
242064,811.5169678908194,500,False,0.10349744242286271,False,0.011946044945081415,2.157575845718384
242096,745.6014342872603,500,False,0.1721847325149204,False,0.011932600684634719,2.0012388229370117
242336,741.517230179553,500,False,0.15219213043507882,True,0.011941018676283338,1.8330554962158203
243808,773.4364071729793,500,False,0.10921185894105172,False,0.012020002643885204,1.7385834455490112
244368,776.5990512405482,500,False,0.05608960354195958,True,0.012272593552699424,2.2864956855773926
244544,702.8961305939649,500,False,0.1540443341221857,True,0.012156177176445548,1.9090216159820557
246896,741.045294549196,500,False,0.07331234084412233,True,0.012155748635361747,1.6884924173355103
246976,798.2212985817872,500,False,0.0823642813325576,True,0.011920065275556975,1.798717737197876
247088,712.3021948467945,500,False,0.20021081539451438,True,0.011960204764634242,1.674023985862732
247760,728.9718717941988,500,False,0.14714277114443555,True,0.011976039718424926,2.092733860015869
248416,748.4042061531354,500,False,0.14146981123255506,True,0.011864188294341408,2.039124011993408
248512,659.8612542313451,500,False,0.16886616859422046,True,0.011936850262752334,1.5607142448425293
248816,786.9813137281443,500,False,0.09677982468496388,True,0.01191029638860311,1.578052282333374
249408,789.2114245342667,500,False,0.08888462130974135,False,0.011975556265175269,1.6987775564193726
249536,759.2238423433813,500,False,0.20529052331582434,True,0.012143242333663049,1.682942271232605
249664,751.391933775031,500,False,0.17773563556781916,False,0.01210683714491584,1.6994805335998535
250064,708.1680972594884,500,False,0.12592711364687623,False,0.012299495236779166,1.706638216972351
250096,762.0107244580174,500,False,0.11002039146322964,False,0.01232119611644633,1.5443394184112549
250336,706.6080760421574,500,False,0.11777930234800406,True,0.012334053520851,1.627378225326538
251808,689.4208702488412,500,False,0.14171044499565322,True,0.012404720133692412,1.8712878227233887
252368,716.5797695264755,500,False,0.24513562939872466,True,0.01231577491595483,1.9059202671051025
252544,692.3894345291817,500,False,0.21468403274916303,True,0.012347539350509291,1.6485581398010254
254896,677.4153660001332,500,False,0.12584363006129765,True,0.012338771013860885,1.49808931350708
254976,672.8187211858283,500,False,0.19957802798112995,True,0.012180397175635661,1.696581482887268
255088,664.15872077547,500,False,0.21180765419998618,True,0.01217513615224288,1.4702203273773193
255760,636.5147593319532,500,False,0.2346016347669156,True,0.012179404594778152,1.5995947122573853
256416,669.0841401537151,500,False,0.17758585642976138,True,0.012107033834824298,1.9107277393341064
256512,793.3763244335895,500,False,0.11097512897700197,True,0.012099836872595707,2.703286647796631
256816,760.4170636271126,500,False,0.1031604966235271,True,0.012086843862435501,1.6888363361358643
257408,825.2586094983328,500,False,0.06114359323126453,True,0.012159663232381546,1.5832781791687012
257536,765.6497931791158,500,False,0.13755002550324485,True,0.012194224771690644,1.7608798742294312
257664,755.303060117268,500,False,0.15837724112804794,True,0.012151033979326483,1.7704875469207764
258064,715.9363408755056,500,False,0.11033799830160314,True,0.012106700998072647,1.746253252029419
258096,756.3203782884736,500,False,0.1479080741173126,True,0.012077955773356604,1.885885238647461
258336,743.9514205731551,500,False,0.1389713991997464,True,0.012099478143817817,14.786898612976074
259808,760.0032629333672,500,False,0.1119363385839829,True,0.011958347671616864,1.9808366298675537
260368,705.7000225249031,500,False,0.13658723861986594,True,0.01205663493199513,1.8362714052200317
260544,776.0855459082558,500,False,0.09866920299654354,True,0.012091266781300049,1.7395408153533936
262896,739.6787995308935,500,False,0.1247214998457215,True,0.012118525792686281,2.512199878692627
262976,724.5554047729763,500,False,0.15425457311067528,True,0.012036243760849103,1.7563605308532715
263088,651.9574875025879,500,False,0.2399415748684719,True,0.012064841725519691,1.6021593809127808
263760,729.7152943409947,500,False,0.1475799827353149,True,0.01206196652242252,1.3297662734985352
264416,745.6850856740729,500,False,0.19772565912671955,False,0.01213430795078645,1.6362987756729126
264512,777.5004285653742,500,False,0.17900501821059198,False,0.012110860797766387,1.4109004735946655
264816,733.7013086421637,500,False,0.09859484448822273,True,0.012035390129406333,1.5824874639511108
265408,821.0267053638802,500,False,0.058167034490750606,False,0.012051488913285308,1.854076623916626
265536,717.2461877868476,500,False,0.1742492439293697,True,0.012066128659106555,1.7367401123046875
265664,596.3320536312507,500,False,0.28706822448150915,True,0.012043215356558565,1.450347900390625
266064,652.2995833123724,500,False,0.18681381874507608,False,0.012014727189682144,1.5265228748321533
266096,726.5195815130843,500,False,0.10230289368775443,True,0.0120726936600005,1.5054758787155151
266336,693.7687121015225,500,False,0.21644267608574141,True,0.012078046673950781,1.4885913133621216
267808,689.414439987014,500,False,0.11839333329607525,False,0.01210954904301137,1.3537592887878418
268368,744.0370192860393,500,False,0.19427479424963978,True,0.012044488437425126,1.5123096704483032
268544,826.6725480027087,500,False,0.05839471450143891,True,0.01192892468851247,1.347005844116211
270896,759.2863529534377,500,False,0.16811860089700129,True,0.011907235420997917,1.4417935609817505
270976,787.638480840175,500,False,0.04612780565382583,False,0.011545888809958903,1.4267449378967285
271088,672.9279444022947,500,False,0.26188565776707456,False,0.011530776948591899,1.5631012916564941
271760,732.9097114484214,500,False,0.17906005609974857,True,0.011492167682213868,1.6305760145187378
272416,721.5855896052522,500,False,0.2188175386934491,True,0.011703396670393013,1.5029399394989014
272512,666.1481516735448,500,False,0.20095573093337757,True,0.011668438139692367,1.8976078033447266
272816,722.8385029837161,500,False,0.048992693008898844,True,0.01168249281500314,1.9056771993637085
273408,695.9479207723194,500,False,0.15426613890371146,True,0.011601001043958203,1.4181275367736816
273536,750.9004500441307,500,False,0.179354969700897,True,0.011422054096153636,1.6048619747161865
273664,712.4986166753553,500,False,0.12493534077108108,True,0.011472856816978542,1.8083031177520752
274064,636.2040657981064,500,False,0.18425254120168072,True,0.01150203275436866,1.8310229778289795
274096,738.9872908571803,500,False,0.08660027188746806,True,0.01150953099807705,2.4069032669067383
274336,778.1234089790306,500,False,0.10001015411435307,True,0.011507466959421129,1.5215378999710083
275808,670.0902498333478,500,False,0.19865538798552193,True,0.011551675180842333,1.4300116300582886
276368,665.8318191670583,500,False,0.24373336458310882,True,0.011569219530715916,1.6365103721618652
276544,792.2559005125448,500,False,0.15103853582345522,False,0.011512242279427902,1.6253126859664917
278896,786.5062877597928,500,False,0.21000091974464294,True,0.01153219574279622,1.5465692281723022
278976,701.1693822512964,500,False,0.12811039438741711,True,0.0111781130096978,1.4384535551071167
279088,748.6665051583288,500,False,0.09489377801144669,True,0.011192499047839555,1.3208136558532715
279760,790.6143079288704,500,False,0.13316807756240076,True,0.011191266852762656,1.7505297660827637
280416,663.8661768890563,500,False,0.21797919338951302,False,0.01106459039216529,1.8659380674362183
280512,788.0561414127486,500,False,0.0585807527493134,True,0.010904932887610503,1.3750760555267334
280816,789.7054080779625,500,False,0.04496626889059802,True,0.010835762359516258,13.276100158691406
281408,699.4732440024235,500,False,0.18641739509375232,True,0.010909340886731388,1.635265827178955
281536,746.2989294204704,500,False,0.1531890029742233,True,0.010844710112433714,1.5093169212341309
281664,673.3542263457266,500,False,0.1295641051925301,False,0.010789874461453072,1.7221860885620117
282064,703.2690292702488,500,False,0.129070002627544,True,0.010733245930439254,1.5699584484100342
282096,637.1605113776453,500,False,0.22719221713691296,True,0.010736260410611586,1.442983865737915
282336,712.524665980844,500,False,0.06411623887082689,True,0.01075049128265151,1.5269138813018799
283808,753.6749839380791,500,False,0.06981681383163346,True,0.010812724252339046,1.2384697198867798
284368,755.7795706840711,500,False,0.0931448704870425,True,0.010631257434713546,1.4203401803970337
284544,747.5737411248449,500,False,0.14700527573593355,True,0.010741473661694227,13.115557670593262
286896,664.9315439855894,500,False,0.23670175542227564,True,0.010776162416264865,1.4976156949996948
286976,604.327279969726,500,False,0.271301814490602,True,0.010621277259128521,1.8155381679534912
287088,811.9495650028921,500,False,0.09529280279321808,True,0.010601750662133855,1.947074294090271
287760,688.0884112357223,500,False,0.19219057235372095,True,0.010611024747078932,1.572740077972412
288416,758.0628150809433,500,False,0.24216415903414543,True,0.010757054610212698,1.5422427654266357
288512,819.0010507361023,500,False,0.07479991872189293,False,0.010761360473310203,1.889418601989746
288816,801.5877772157698,500,False,0.11133096583741443,True,0.010773118898531829,1.28012216091156
289408,740.1022108811592,500,False,0.1242174340079064,True,0.010704257667292971,1.9736425876617432
289536,709.713260655978,500,False,0.09573063429080443,True,0.010883589332717956,1.4327337741851807
289664,738.7194138640829,500,False,0.1956655873213434,True,0.010795632902543751,1.5960240364074707
290064,719.1607919194726,500,False,0.01867356358473002,True,0.010700258940394811,1.550153374671936
290096,665.4231136602834,500,False,0.19797142706319382,False,0.010564647124870848,1.8339741230010986
290336,636.521140107921,500,False,0.24667134838148533,False,0.010561616789570495,1.8617196083068848
291808,770.4934930728456,500,False,0.04286734815265248,True,0.010528585566379315,1.742004632949829
292368,692.1586275433082,500,False,0.09600775890640695,True,0.010847352595960235,1.2804477214813232
292544,716.9304038676111,500,False,0.14266288980674804,True,0.01079939038430906,1.6872553825378418
294896,725.3774157358641,500,False,0.06227350831012561,True,0.01071468751956333,1.559397578239441
294976,756.3566007688722,500,False,0.17604244953836,True,0.010451405064835892,1.6168735027313232
295088,819.6243662138008,500,False,0.08607480662787191,False,0.01045041255419663,1.7566816806793213
295760,619.2753774449194,500,False,0.20660767402829272,True,0.010456088078891534,1.6936763525009155
296416,738.9485580512652,500,False,0.1425520001194258,True,0.010450241222068855,1.9047977924346924
296512,799.1067122310251,500,False,0.16665615451692914,True,0.010595242191273313,1.1842972040176392
296816,705.8625443111157,500,False,0.14788001676835325,True,0.010584556163262373,1.6254863739013672
297408,723.4139898440701,500,False,0.2259222288856409,True,0.01051749152965824,1.5471856594085693
297536,731.1732181557176,500,False,0.067032816008111,False,0.010307280543009964,1.8402624130249023
297664,761.9488859341793,500,False,0.03448777542715993,False,0.010282805258288346,1.7353804111480713
298064,696.3983868266481,500,False,0.09841154264462522,True,0.01025376761401065,1.3326756954193115
298096,716.1299031912629,500,False,0.11134505891304552,True,0.010219910404288528,1.6516480445861816
298336,691.28856460687,500,False,0.06083935120144047,True,0.010226980519648723,2.187302827835083
299808,759.4527731841633,500,False,0.1388085158020434,False,0.010149056067942063,2.121318817138672
300368,747.531906529049,500,False,0.11747407540655734,True,0.010030160103736882,1.6222232580184937
300544,770.1861807137225,500,False,0.10841615116427626,True,0.010141314125764432,1.314643383026123
302896,701.4978213412106,500,False,0.1538677192156454,True,0.010094485812066688,1.4353572130203247
302976,665.8652848581736,500,False,0.10569824878324832,True,0.009876210577720283,1.3937981128692627
303088,720.5900493368414,500,False,0.12332784939752489,True,0.00986511122346139,1.6135540008544922
303760,691.7767080964236,500,False,0.09194978918522208,True,0.009878469753756156,1.2079033851623535
304416,784.9710398637715,500,False,0.117978770994663,True,0.009868045734329336,1.2779457569122314
304512,788.063975967846,500,False,0.07243542429756859,True,0.010010653525071177,1.6377227306365967
304816,671.5865315077422,500,False,0.14004806887652277,True,0.010029125649597731,3.073488712310791
305408,706.4976357225387,500,False,0.15382621544008213,True,0.010029802385973919,1.4872117042541504
305536,790.8514140773078,500,False,0.0860665221355694,True,0.010043870562147261,1.2313519716262817
305664,723.9037949860667,500,False,0.20335808373710584,True,0.009989645095363825,1.351977825164795
306064,723.3278232908608,500,False,0.11919236358788433,True,0.009984444057116322,1.455382227897644
306096,516.4722717393788,500,False,0.712748066998337,True,0.00996439550168379,1.4909558296203613
306336,766.2102888231666,500,False,0.05718586873957859,True,0.009950055492187564,1.6144517660140991
307808,740.344889384441,500,False,0.13839143018336636,False,0.009975651119114266,1.5249967575073242
308368,728.7480446690979,500,False,0.1579810031751212,True,0.010051125979107298,1.8012220859527588
308544,728.4297426445974,500,False,0.071764350164244,True,0.010007346555163402,1.2757254838943481
310896,795.2265026021208,500,False,0.05956540296494345,True,0.010064122654960731,1.3969182968139648
310976,840.8574406257683,500,False,0.06415942824811266,True,0.010069070377091264,1.3555012941360474
311088,775.1259616882508,500,False,0.0929355635406332,False,0.010130646422281883,4.5917205810546875
311760,737.3016064637443,500,False,0.08397886276244299,True,0.010046173753434955,1.467578411102295
312416,723.2922610125407,500,False,0.24230763941239847,True,0.010032739353723823,1.5718876123428345
312512,738.1892166905867,500,False,0.12350197102830031,True,0.010020389096832763,1.4550938606262207
312816,723.3347625773188,500,False,0.10115194054053936,False,0.009998723338743057,1.0770974159240723
313408,695.9259118918164,500,False,0.13718318584167058,True,0.009990075950974779,1.10225248336792
313536,727.6176638456786,500,False,0.14294317744106877,False,0.009973350615292963,1.3202788829803467
313664,694.6274583795262,500,False,0.17060717566801153,True,0.009943650548175033,1.3870465755462646
314064,801.091370636573,500,False,0.12847259835769526,True,0.009921858295408887,7.568657398223877
314096,680.3295129932733,500,False,0.13611133267839717,True,0.009829477527047109,1.285893440246582
314336,722.7887290143389,500,False,0.11061035520826482,True,0.009836850159589393,1.6038894653320312
315808,781.8060089976395,500,False,0.06284165370882594,True,0.009823118850255157,1.5147757530212402
316368,826.4420907128404,500,False,0.031801237534649446,True,0.009605381889744434,1.2602427005767822
316544,706.408318026798,500,False,0.20709689616386903,False,0.009610506514213933,1.5514512062072754
318896,735.4501738733791,500,False,0.18402816122253676,True,0.009628185505584832,1.4396967887878418
318976,657.4061735039982,500,False,0.12485576618288798,True,0.009690938213279524,1.3003435134887695
319088,726.7710909263179,500,False,0.12019264041126691,True,0.009721420553396379,1.1606478691101074
319760,737.5041734581055,500,False,0.17119240704351527,True,0.009744614896884779,2.2231574058532715
320416,692.9070066804411,500,False,0.17225572516817583,True,0.009705918055275618,1.4664628505706787
320512,799.2557806046825,500,False,0.1263507370533431,True,0.00967326397361572,1.2686493396759033
320816,752.0737828080399,500,False,0.07276294670518398,True,0.009718331454512575,1.206961750984192
321408,817.1054234404818,500,False,0.05184140207419977,True,0.009683596526955524,1.1674046516418457
321536,793.9335973869519,500,False,0.0996210885774571,True,0.009534024583923988,1.3545531034469604
321664,795.5608481498828,500,False,0.05608806510217567,True,0.009539347322901777,1.3568196296691895
322064,887.9348547011294,500,False,0.02723416843179898,True,0.00951041243577616,1.3326997756958008
322096,765.4530318657812,500,False,0.170012408154108,False,0.00944433305497402,1.367128610610962
322336,812.2532460323467,500,False,0.04771466567179156,True,0.009450855122361896,1.2780343294143677
323808,662.7023440219973,500,False,0.15442215342086785,True,0.009520071260572856,1.4010355472564697
324368,779.5940943005916,500,False,0.08256366182768213,False,0.009491883763111282,1.1387627124786377
324544,687.5429562690307,500,False,0.0755758383195628,False,0.009602451476039392,1.9525078535079956
326896,737.5464870667105,500,False,0.054053060258028425,False,0.0096448640216292,1.3743481636047363
326976,645.7706232279704,500,False,0.16588167533462164,True,0.009666016875068717,1.3834164142608643
327088,715.735831490993,500,False,0.10017389475626001,True,0.009615657249752219,1.356281042098999
327760,761.7942997729042,500,False,0.1079084847660219,True,0.009568798806705147,1.4388010501861572
328416,642.4759488328204,500,False,0.18294885753667367,True,0.009447288475479548,1.1786824464797974
328512,762.231947288223,500,False,0.14141598390421817,True,0.009407590317318165,1.4077017307281494
328816,804.9471614623751,500,False,0.07409411883512067,False,0.009397276597227881,11.715066909790039
329408,635.1297063167908,500,False,0.16780140397541946,True,0.009273407051608333,1.1908286809921265
329536,782.3134746815894,500,False,0.011180142498476464,True,0.009156413972829727,19.876850128173828
329664,730.0195241771116,500,False,0.35481770217183145,True,0.009175189645394046,1.334397792816162
330064,680.9425745058196,500,False,0.2064085984609991,False,0.00917616041980142,1.3266445398330688
330096,778.8438071115438,500,False,0.0697011035754983,True,0.009203587831957058,1.3363893032073975
330336,702.9891893864293,500,False,0.26700377225985694,True,0.009214867448673916,1.2593438625335693
331808,651.4358584669961,500,False,0.20178709265845185,True,0.009213962382622284,1.9041709899902344
332368,729.8838712489853,500,False,0.12434714069064946,True,0.009299001167123892,1.4776148796081543
332544,709.8175842246478,500,False,0.057199824755603874,True,0.009165561695954092,1.7077693939208984
334896,688.2437717269618,500,False,0.21862655653741586,True,0.009179113987009905,1.0802505016326904
334976,699.972531345008,500,False,0.19910480818713183,True,0.009665191463708726,1.4512333869934082
335088,764.8704529673508,500,False,0.13312527087974507,True,0.009650623068145809,1.4192094802856445
335760,611.3466291196123,500,False,0.4424526539444644,True,0.009692440767088079,1.1401164531707764
336416,682.2982204113753,500,False,0.13138347915930917,True,0.009589800329474697,1.4232323169708252
336512,782.5361250463982,500,False,0.04089894217813498,False,0.009626998548735867,1.106963872909546
336816,765.0890718431037,500,False,0.15868257841664857,True,0.009650904378294555,1.316136121749878
337408,613.6827304399733,500,False,0.16440697099547363,True,0.00962451288106329,1.303799033164978
337536,754.1326298304261,500,False,0.17842521031694622,True,0.009503242292905468,1.5594254732131958
337664,706.5375939985728,500,False,0.13096963958927893,True,0.009523433623599925,1.3082690238952637
338064,814.3264156160947,500,False,0.045197571163713264,True,0.009597007938850361,1.4982941150665283
338096,694.2823096044493,500,False,0.138900132472741,True,0.009588860537635057,1.3576818704605103
338336,826.655194427417,500,False,0.05629979516041303,True,0.009584783449187045,1.4025280475616455
339808,738.8716500719266,500,False,0.15414903065273575,True,0.009483858325013056,1.4350403547286987
340368,605.3107957510435,500,False,0.2130193986715607,True,0.0095362610738818,1.3717362880706787
340544,762.8436985995394,500,False,0.09288703402147179,True,0.009488467036940182,1.1753307580947876
342896,688.929835060208,500,False,0.16786706189984996,True,0.009460108921482269,1.3805263042449951
342976,815.799457323539,500,False,0.1303740947070235,True,0.009518515261080777,1.2926137447357178
343088,737.9672564447044,500,False,0.11943078864686715,False,0.009526320682114002,1.3627463579177856
343760,739.6476400157999,500,False,0.21423012528166818,True,0.009471928372341822,1.5444942712783813
344416,685.2743398754586,500,False,0.1970230409031086,True,0.009325478264289169,1.3589226007461548
344512,799.446672037868,500,False,0.13991926158576973,False,0.009305135446081872,1.3250582218170166
344816,874.5105512021329,500,False,0.11129955432609584,True,0.009320537974400777,1.3635810613632202
345408,642.7238437037219,500,False,0.2738269720554876,True,0.00932158225103883,1.236258864402771
345536,728.947507497961,500,False,0.19527991676154616,True,0.0093292297518163,1.2912976741790771
345664,707.1714095998673,500,False,0.09917758661347854,True,0.009354131300922714,1.453312635421753
346064,716.9269965693974,500,False,0.12237823968465236,True,0.009419072100015255,1.2025179862976074
346096,745.4515789672448,500,False,0.18544345243503693,True,0.009580032617997067,1.1721012592315674
346336,727.3734755927385,500,False,0.2276835707503751,True,0.009582679129835915,1.5040967464447021
347808,649.9310727096461,500,False,0.19418474937940983,True,0.009635487178206519,1.3254003524780273
348368,872.1323444723871,500,False,0.06371479466345621,False,0.009517870085214958,1.423144817352295
348544,729.0239313866515,500,False,0.10150805914468872,True,0.009671509835882804,1.3820457458496094
350896,696.8030622626643,500,False,0.21961259251384474,True,0.009618660158319022,1.2507176399230957
350976,699.6441654539043,500,False,0.16224195646270015,True,0.009832734419193351,1.1447629928588867
351088,782.9933879875573,500,False,0.13921934302214645,True,0.009801748378638868,1.0143673419952393
351760,698.7091417482193,500,False,0.1618851052869902,True,0.009736536207568104,1.3748283386230469
352416,724.6418609173312,500,False,0.14353637712919406,True,0.009660456104128414,1.2620134353637695
352512,648.4600283434262,500,False,0.24879251138507588,True,0.009651316560705477,1.2772084474563599
352816,676.3565611715031,500,False,0.12379088226281433,False,0.009659521846992068,1.1490259170532227
353408,715.5337008600197,500,False,0.10809522485696066,True,0.009675758775745133,1.4156450033187866
353536,724.213134756285,500,False,0.12112812103882475,False,0.009674501776460299,1.5696334838867188
353664,736.0281195427041,500,False,0.14153535332104278,False,0.009651549673032282,1.220177173614502
354064,806.7926472170609,500,False,0.05102498115509038,False,0.009667302088711648,1.0429599285125732
354096,714.4247810294586,500,False,0.10798733025181384,False,0.009708681261916284,1.3642538785934448
354336,737.8069161104218,500,False,0.08933783866848678,False,0.009712222135393512,1.4183502197265625
355808,803.4284229299612,500,False,0.09171869015859327,True,0.009749158259587859,1.1065713167190552
356368,750.5128168999623,500,False,0.12089450156909218,True,0.009853862770470375,1.2113959789276123
356544,621.7275111809844,500,False,0.2293994448249944,True,0.009786109353036287,1.279410719871521
358896,750.4249257282803,500,False,0.14124757402007335,True,0.009839348600992547,11.837656021118164
358976,637.9242993344583,500,False,0.16385578514492083,True,0.009719266153977403,10.335233688354492
359088,796.2878348585158,500,False,0.1141411218653717,True,0.009709501286421226,1.5246411561965942
359760,728.2711752987773,500,False,0.13497264821071664,True,0.009651127404037672,1.4894649982452393
360416,696.1306374050966,500,False,0.12349179848895549,True,0.009602485916150063,1.160512924194336
360512,673.6786420559388,500,False,0.19528849904943946,False,0.009505757346863066,1.4413777589797974
360816,729.0124039431594,500,False,0.22148238085340205,False,0.009556519651738524,1.1252565383911133
361408,642.6266888575408,500,False,0.20655086156514252,True,0.009465538218832835,1.562147617340088
361536,699.9628062579152,500,False,0.2105053750884278,True,0.009482411132991128,1.4856822490692139
361664,699.4351873380865,500,False,0.18354116263652856,False,0.00943487699276986,1.2152879238128662
362064,787.0212058248145,500,False,0.13956845536847648,True,0.009412605215740654,1.1089582443237305
362096,780.7473884387975,500,False,0.10218540472251016,True,0.009362602637447533,1.168527603149414
362336,747.3014823796043,500,False,0.20612721920344268,True,0.009355218880388129,1.420333981513977
363808,759.6791394299511,500,False,0.11525608045411173,False,0.00932061348932162,1.3482402563095093
364368,749.4891725639148,500,False,0.20196474934604092,True,0.009546837251165858,1.476945400238037
364544,754.5792996354262,500,False,0.14823542860378291,True,0.009355324617709451,1.1070852279663086
366896,739.1149796167963,500,False,0.12245186990032056,True,0.009302989745542325,1.4909849166870117
366976,783.5189444963104,500,False,0.149671442521057,True,0.00937077427582579,1.2498304843902588
367088,787.3402305544116,500,False,0.06633431481727656,True,0.009355816336298981,1.3883860111236572
367760,708.6406152628826,500,False,0.13483140636333693,True,0.009379423231818918,1.3480732440948486
368416,744.97984367466,500,False,0.13066342528974606,True,0.009411070484707901,1.3938794136047363
368512,744.8900063813454,500,False,0.06484327771511608,True,0.009372280900168083,1.18240487575531
368816,773.5980577781256,500,False,0.07848194637706904,False,0.0093329916914737,1.293609619140625
369408,647.8273508422936,500,False,0.16171265888191952,False,0.009271257893396948,1.172612190246582
369536,719.8726282094811,500,False,0.0856199067768055,True,0.009205118920924309,1.129370927810669
369664,695.7587656927643,500,False,0.24483326401819672,True,0.009181557771985266,1.2881381511688232
370064,731.2736988460113,500,False,0.11421290818114807,True,0.009170797154320807,1.131941556930542
370096,787.2324962213755,500,False,0.14294625871211347,True,0.00913446800110641,1.154361367225647
370336,750.835721481068,500,False,0.16174301348154677,True,0.009143066104324856,1.2247910499572754
371808,642.8432364922503,500,False,0.12643368220261866,True,0.009089429616077315,1.4482402801513672
372368,719.4185165270227,500,False,0.16782695927699864,True,0.00926792535114797,1.2646431922912598
372544,714.6575248045452,500,False,0.13463636925490982,True,0.009191950112628529,1.2412235736846924
374896,821.3767987819051,500,False,0.07553006024107595,True,0.009202426053922904,1.7429325580596924
374976,739.2557750175478,500,False,0.17903935753866876,True,0.008880447220252502,1.33162522315979
375088,603.6823417229953,500,False,0.2406160448766425,True,0.008856291076602994,1.1125365495681763
375760,730.8516203661709,500,False,0.0862820022930805,True,0.008827508997532527,1.406593918800354
376416,739.0931012753967,500,False,0.16076646570859132,True,0.008875590441977709,1.1714575290679932
376512,803.1503611763977,500,False,0.04953018010259064,False,0.008971229750698473,1.2075865268707275
376816,763.4790707453386,500,False,0.18118474925980904,True,0.008942119919113093,1.5595765113830566
377408,718.8283213182217,500,False,0.17214133014424007,False,0.008840804764017027,1.2552869319915771
377536,700.8705938241725,500,False,0.1930354403480495,True,0.008877593089984433,1.5258558988571167
377664,779.9167012428694,500,False,0.1309993659249534,True,0.008908653595179691,1.472111701965332
378064,784.0425543157289,500,False,0.05234601959609584,True,0.008912303667843792,1.3727447986602783
378096,796.823148042083,500,False,0.11344691563955035,True,0.009002795748150362,1.2708463668823242
378336,814.1009514241787,500,False,0.10258537697866711,True,0.009008333971005011,1.1003782749176025
379808,761.0239250486006,500,False,0.1354453601114463,True,0.008993778895204344,1.2143865823745728
380368,786.0830273080072,500,False,0.1456863726625226,True,0.009133860519885925,1.0841492414474487
380544,787.3870121943925,500,False,0.06827318573724511,True,0.009139116466432963,1.6022005081176758
382896,724.3449010470619,500,False,0.3435147896490176,True,0.009164822376980625,1.575294852256775
382976,734.9045627137799,500,False,0.13787835176686442,True,0.008887676072533063,1.2898497581481934
383088,696.4772611722922,500,False,0.3271984184119037,True,0.008890322156566108,1.382076621055603
383760,749.4375050393977,500,False,0.1859895295927521,True,0.008888576077596768,1.3082168102264404
384416,693.4546833274103,500,False,0.19536632687188732,False,0.008789538722075125,1.314072608947754
384512,790.1595639585342,500,False,0.09421333761488791,False,0.008786400710137105,1.2793956995010376
384816,749.1908508030101,500,False,0.13446088806150108,True,0.008788043317965835,1.4780762195587158
385408,679.1257662872239,500,False,0.14008988876702574,True,0.008902910816538432,1.865086555480957
385536,736.1451476689111,500,False,0.3242435007035496,True,0.008955242502250828,1.5746452808380127
385664,752.4022029003255,500,False,0.19031214051228337,False,0.008985543238377951,1.1865273714065552
386064,787.7634546606599,500,False,0.14942609580562538,True,0.009040733111633798,1.3052833080291748
386096,650.7667110203223,500,False,0.23832743386954405,False,0.009131227545338665,1.1782495975494385
386336,785.8866853223868,500,False,0.07649424540696051,False,0.009147508964557747,1.3728580474853516
387808,749.2567174269942,500,False,0.15477348934448107,True,0.009269235674068314,1.2201485633850098
388368,728.093426847664,500,False,0.08866235692312069,False,0.00913881117017913,1.304152250289917
388544,665.224947356452,500,False,0.18347047151154688,True,0.009137859012838588,1.8786332607269287
390896,764.8516798799076,500,False,0.03776688711806202,False,0.009146196878082572,1.0633957386016846
390976,715.82114992666,500,False,0.20140033004453028,True,0.009347577663135204,3.1099932193756104
391088,707.1787130824708,500,False,0.3052060015228726,True,0.009361346511671118,1.252185344696045
391760,688.8793893256789,500,False,0.24023046561081374,True,0.009378387242045762,1.157292366027832
392416,795.6992279481318,500,False,0.14883678019934446,True,0.009296771152132198,1.3305050134658813
392512,718.5767776641169,500,False,0.0836478159454437,True,0.00932333589307762,1.2221736907958984
392816,689.7040300356906,500,False,0.18048439388490867,True,0.00930691493816371,1.0177606344223022
393408,821.6452025413156,500,False,0.1275325866457285,True,0.00919932700758644,1.4702796936035156
393536,730.8092644280375,500,False,0.12801706729511883,True,0.009214820828151593,1.212449073791504
393664,704.4374028839359,500,False,0.042066676643798304,True,0.00914167176768826,1.2137361764907837
394064,691.7934014187097,500,False,0.1604123148778599,True,0.009109415775138973,1.1375627517700195
394096,782.2891689105356,500,False,0.11571270525909018,True,0.009106408435623596,1.1229547262191772
394336,740.0134001551974,500,False,0.09377278492340621,True,0.009126745690255962,1.3134546279907227
395808,772.5615763641715,500,False,0.14670802109014291,False,0.00919024845539131,1.3853821754455566
396368,685.4762860478831,500,False,0.2052980477561317,True,0.009144760677933362,1.305047631263733
396544,759.1801378687974,500,False,0.1558989123493381,True,0.00914721151663572,1.1635065078735352
398896,730.5911198528316,500,False,0.09211466522104174,True,0.009155984076822622,1.4042760133743286
398976,773.0326221874943,500,False,0.08159172823955707,True,0.009155974272196388,1.0392619371414185
399088,647.1221228526107,500,False,0.17886314395819217,True,0.00913960640202965,1.0593568086624146
399760,742.1519464483468,500,False,0.13675867480667084,True,0.009143304351802455,1.4508428573608398
400416,687.5324107940651,500,False,0.22973719514330015,True,0.009003294280818464,1.1484572887420654
400512,737.3047825828694,500,False,0.13017260039069134,True,0.009028728335227955,1.47416090965271
400816,641.3422426670577,500,False,0.3262420637337319,True,0.009027185182709039,1.1503822803497314
401408,687.1154166040312,500,False,0.31165699298946653,True,0.008993064184251626,1.5064215660095215
401536,686.0039123660736,500,False,0.11499868987832902,False,0.009013740702502564,1.4311165809631348
401664,754.0592860807487,500,False,0.09717765557648303,False,0.009040373473940511,1.2607038021087646
402064,798.3894938984747,500,False,0.11528993550871941,True,0.009123063896157878,1.1620745658874512
402096,619.7119810815059,500,False,0.47002229183292255,True,0.009090053996171911,1.072668194770813
402336,725.9200529469708,500,False,0.1787369553906593,True,0.0090976628012214,1.1814014911651611
403808,684.3407459777013,500,False,0.1777650414140531,True,0.009121346127435842,1.1497063636779785
404368,735.6367923008858,500,False,0.15424189276969474,True,0.009115115533921175,1.1798309087753296
404544,691.5046188641586,500,False,0.19698796051620876,True,0.009107596454740009,1.2230055332183838
406896,759.7552782565069,500,False,0.12441479897582004,True,0.009108348772365917,3.9221715927124023
406976,673.7975475330361,500,False,0.21257256929828597,True,0.009162753526259868,1.2394829988479614
407088,751.6787293982119,500,False,0.13466802412710324,False,0.009178405916883455,1.6802144050598145
407760,716.1154756519608,500,False,0.16863522992878777,True,0.009187438020965154,1.2045183181762695
408416,728.8255826154215,500,False,0.04472719279695888,True,0.009291283608816679,1.408479928970337
408512,689.6278488082195,500,False,0.20286164771002596,True,0.009336637810647187,1.1673383712768555
408816,696.5495033621254,500,False,0.15256750840291428,True,0.009332389908170657,1.0808544158935547
409408,783.7264371911526,500,False,0.14754479161519413,True,0.009264473848788996,1.196018934249878
409536,701.8138581655719,500,False,0.2193380137813023,True,0.009078657124235973,1.035499095916748
409664,651.2073528039749,500,False,0.13306927938296007,True,0.009071033841733687,1.3297317028045654
410064,704.8137690691018,500,False,0.15307754739829454,True,0.00906648051073552,1.3884800672531128
410096,695.5866247449023,500,False,0.10958530359238036,True,0.009047377024587818,1.6387357711791992
410336,703.9636577370726,500,False,0.11342522611230477,True,0.009034835725202526,1.1325910091400146
411808,668.0794131037948,500,False,0.1197825704110959,True,0.008974705923411626,1.2140331268310547
412368,670.31949848246,500,False,0.21011990589673288,True,0.009102105600111123,1.2220242023468018
412544,655.184320228414,500,False,0.27722419480615973,True,0.00901139943466821,1.3320434093475342
414896,758.9618836407856,500,False,0.10282582090988956,False,0.009024056586027479,1.2413898706436157
414976,649.0551277938321,500,False,0.23904867846243585,False,0.008723355712866096,1.089833378791809
415088,703.4573471991059,500,False,0.13290612489871548,True,0.008726656137787541,1.2804203033447266
415760,743.9712981578796,500,False,0.10821196559014931,True,0.008729496671359763,1.5159516334533691
416416,755.3842348875071,500,False,0.1796294006365947,True,0.008837280873522802,1.2409355640411377
416512,717.2218841838004,500,False,0.1595375854229437,True,0.008839952912880087,2.0848917961120605
416816,669.9185300012981,500,False,0.20589951315511346,True,0.008851299845021414,1.1335155963897705
417408,737.8182925353148,500,False,0.10701071393528903,True,0.008769469664650443,1.241072654724121
417536,687.0256631175024,500,False,0.19436368384306557,False,0.008732048201401058,1.3032035827636719
417664,683.9786822650723,500,False,0.12009522882976022,True,0.008726170442933088,1.0325701236724854
418064,727.4121999272872,500,False,0.09284993558238999,True,0.00869948666610019,1.2617604732513428
418096,745.8452303595916,500,False,0.13169902012078474,False,0.00871041334985149,1.3742755651474
418336,740.8644670911376,500,False,0.17376689411400553,False,0.008697675633279165,1.5679097175598145
419808,667.7283206777499,500,False,0.2155640447581387,True,0.008662713674229463,1.3737680912017822
420368,650.015573886895,500,False,0.4000810090233946,True,0.008985457472227044,1.111236810684204
420544,765.2388857848698,500,False,0.13524429976745297,True,0.008950469380820938,1.4152836799621582
422896,705.9114831577762,500,False,0.10855531770026865,True,0.009025614963270168,1.2927733659744263
422976,670.5939675124592,500,False,0.22116014400765366,True,0.008897955399055017,1.4740221500396729
423088,778.1419883676302,500,False,0.10737724846731055,True,0.008931925968755758,1.235231876373291
423760,745.2163334512426,500,False,0.13247089246127702,True,0.008996126995087433,1.510302186012268
424416,818.7210106376926,500,False,0.10274635719055301,True,0.009166778345737545,1.05717933177948
424512,695.5169693725344,500,False,0.12953114693141038,True,0.009171636559311714,1.4268009662628174
424816,726.6897490455727,500,False,0.09795088733502201,True,0.009200599240812771,1.3490750789642334
425408,716.7885820315894,500,False,0.10793837307191885,True,0.009231010997363405,1.3838657140731812
425536,688.3909289760189,500,False,0.15730179520294515,True,0.00912322255013087,1.276153802871704
425664,786.8540163133922,500,False,0.0630860673315004,True,0.00908192545449547,1.2531594038009644
426064,760.3340908828484,500,False,0.12421339839017945,True,0.009102136762249847,1.0276110172271729
426096,645.0883162570443,500,False,0.24453653422837937,True,0.009064813633747955,1.1298434734344482
426336,635.3136695388894,500,False,0.1303832231684166,True,0.009083038310967835,0.9278362393379211
427808,761.6498033313584,500,False,0.08037304265967685,False,0.009164205484420325,1.1858989000320435
428368,722.0592887576297,500,False,0.11158030763325423,True,0.009011866419869364,1.4590870141983032
428544,706.7761011924932,500,False,0.1832224379981926,True,0.008990805666896855,1.147460699081421
430896,690.5799915802938,500,False,0.2788076721437235,True,0.008917797667395862,1.842694878578186
430976,708.2243786754434,500,False,0.19413232296496719,True,0.008703931468088816,1.4654510021209717
431088,725.9691989438875,500,False,0.17927784444971592,True,0.008676791689666915,1.083699345588684
431760,674.4909439091443,500,False,0.17834045485250388,False,0.008668842335321803,1.006862759590149
432416,776.3966870484631,500,False,0.1382957483976831,True,0.008769333188748767,1.1250295639038086
432512,720.5756852688716,500,False,0.1388775408364856,False,0.008808086843771412,1.2658427953720093
432816,692.5540521285687,500,False,0.12791172546849042,False,0.00880346981597928,1.4424952268600464
433408,754.5865093236542,500,False,0.2002336913112331,True,0.008842030530697265,1.2306678295135498
433536,694.5566335561126,500,False,0.15631785845643462,True,0.008825061923805269,1.1408843994140625
433664,725.7972083653762,500,False,0.12903887305017303,False,0.008815156231543943,1.1413078308105469
434064,780.9066476468753,500,False,0.13914069938695464,True,0.008858824808599132,1.205979347229004
434096,710.251698347402,500,False,0.22116065139820526,True,0.009002101398993616,1.3240952491760254
434336,670.4890902746719,500,False,0.2443438116725954,True,0.00899694770488992,1.2068461179733276
435808,740.6291650166185,500,False,0.12118317438854072,True,0.008950287409516675,1.0838043689727783
436368,800.3402465061135,500,False,0.1457879399626918,True,0.008795269880450625,1.3057066202163696
436544,744.9450028502084,500,False,0.1650635106798993,True,0.008629873630220598,1.0573153495788574
438896,795.1180608904401,500,False,0.14139090368415108,False,0.008622063642852973,1.4811278581619263
438976,706.4320894438522,500,False,0.08379387209185697,False,0.008605182471809613,1.6055054664611816
439088,736.3504162245957,500,False,0.16055240353700928,False,0.008628741494647785,1.1991815567016602
439760,768.994891312323,500,False,0.10020173826292682,True,0.008670290058120178,1.0382890701293945
440416,753.2064507225135,500,False,0.13123572485106086,True,0.00862638716674315,1.1835118532180786
440512,677.631055628744,500,False,0.23951016533432146,True,0.008568677964636425,1.2786070108413696
440816,609.6867666013129,500,False,0.346757620761452,True,0.00857671149187625,1.4547719955444336
441408,755.076608035749,500,False,0.1812799147266463,True,0.008583535938935941,1.1509279012680054
441536,734.821202965657,500,False,0.17074054361798544,True,0.008586800614705155,1.1799954175949097
441664,724.4478636139186,500,False,0.06339400938493224,True,0.008594709747075333,1.3613158464431763
442064,760.1858140911604,500,False,0.10811166659720474,True,0.008632970774294932,1.3715143203735352
442096,742.889037903887,500,False,0.17371548146027396,True,0.008630052705417661,1.1290488243103027
442336,783.4071756680225,500,False,0.12219706120624636,True,0.008621174591855242,1.0524183511734009
443808,719.5092968013485,500,False,0.1862095288553852,True,0.008580846123297146,1.1728534698486328
444368,724.5803043226463,500,False,0.1145049810048125,True,0.008483509962241573,1.232470989227295
444544,748.3651106683961,500,False,0.09297975823433388,True,0.008372214359938741,1.1997134685516357
446896,729.4800601839303,500,False,0.18655283345341594,True,0.008410523206530802,1.2045438289642334
446976,771.9676694825346,500,False,0.12784029350547876,True,0.008627753487043109,1.1526093482971191
447088,792.6325313651263,500,False,0.046342582782393484,True,0.008624342571387089,1.1988139152526855
447760,697.203277550494,500,False,0.12977356956658098,True,0.00863348621057489,1.155632495880127
448416,710.20297191458,500,False,0.1372391985618391,True,0.008601776943195989,1.1789263486862183
448512,784.3575611507205,500,False,0.07895399829269388,False,0.008511232718337536,1.384008765220642
448816,767.5044008630166,500,False,0.11616145518104784,True,0.008489150796515627,1.6510549783706665
449408,780.4484397827871,500,False,0.1016170563124277,True,0.008494183170048415,1.1421632766723633
449536,785.3177645974048,500,False,0.09212275466088352,True,0.008483007507546936,1.149617075920105
449664,818.70736284233,500,False,0.08230486634719918,True,0.008448196482201568,1.1688079833984375
450064,790.9349759564839,500,False,0.0791227814054744,False,0.008372504526451443,1.1883618831634521
450096,670.6926408798942,500,False,0.19224246633597208,True,0.008370473437130335,1.264868974685669
450336,745.4000199753444,500,False,0.11379521755801358,True,0.008378799305061376,1.2241392135620117
451808,765.9330781254438,500,False,0.1219377849430777,True,0.00837161691184321,1.1222913265228271
452368,803.0516391111069,500,False,0.11464970600143701,False,0.008663757444204093,1.2855634689331055
452544,775.112364375904,500,False,0.09483567175267356,True,0.008797021711463012,1.5669007301330566
454896,744.373259227441,500,False,0.14576836882402952,False,0.008877726886878635,2.010648012161255
454976,768.4676330956299,500,False,0.09786573290676108,True,0.008645183591223302,1.1303825378417969
455088,842.4333067447202,500,False,0.06293073009960744,True,0.008616503527532356,1.193812608718872
455760,697.4089699649822,500,False,0.22701178003037034,True,0.008598610938200163,1.1961294412612915
456416,797.19396398254,500,False,0.06437327286092157,False,0.008447153457299595,0.98711758852005
456512,794.0286267220871,500,False,0.0792896499915655,True,0.008388226263170567,1.3261792659759521
456816,717.4099426026161,500,False,0.1291362042189319,True,0.008374109743967514,1.3811290264129639
457408,729.6034113157441,500,False,0.17722155260137962,True,0.008436134677070587,1.2426457405090332
457536,710.8689700380356,500,False,0.20762854422632224,True,0.008263882380914682,1.2873979806900024
457664,665.3218900634838,500,False,0.26400159700252646,True,0.008263600863165771,0.987684965133667
458064,680.9995006423967,500,False,0.1509300839099702,True,0.00825697934594542,1.0718263387680054
458096,800.0971377943603,500,False,0.11970330222958393,True,0.008297231432844835,1.3251718282699585
458336,808.804749742329,500,False,0.13658563507988286,False,0.008288886327842249,1.1971540451049805
459808,669.9143395432212,500,False,0.4297947600504698,True,0.008259315245318078,1.1376867294311523
460368,688.7672430432442,500,False,0.21274257134991278,False,0.0082900186468227,1.2667429447174072
460544,770.9430924200893,500,False,0.1414529584100713,True,0.00817312282201163,1.0869313478469849
462896,776.0738090424089,500,False,0.08169879801852437,True,0.008177662837464142,1.1885319948196411
462976,747.1789823974291,500,False,0.12420555442083632,False,0.008410659383515763,1.3749852180480957
463088,811.9069375767991,500,False,0.1120179478339495,True,0.008412141187912314,1.307309627532959
463760,733.8566173499094,500,False,0.1987964124851004,True,0.008436030959925515,1.3354672193527222
464416,551.3834151584349,500,False,0.35629812813623685,True,0.008349093009726902,1.4237302541732788
464512,696.134754455377,500,False,0.16026201344243926,True,0.00841994237097408,1.3442652225494385
464816,690.9817984835767,500,False,0.0891778152268041,True,0.008446437176982903,1.269345998764038
465408,760.1714844461351,500,False,0.1266029581948735,True,0.008416570757043197,1.2821260690689087
465536,735.9892263839185,500,False,0.2301393296571078,True,0.008344106672230185,1.1762988567352295
465664,830.760337091281,500,False,0.05596190957229066,False,0.008352751774642052,1.4061470031738281
466064,754.4994176227016,500,False,0.2612465737209307,True,0.008358814918289456,1.1896932125091553
466096,687.4863774547191,500,False,0.17660202449768167,True,0.00833182046837913,1.1658313274383545
466336,727.6766201648087,500,False,0.2091947704290893,True,0.008324798733017332,1.1638383865356445
467808,697.5445318423339,500,False,0.18902716746641954,False,0.008216826787596191,1.2387394905090332
468368,656.1031737727221,500,False,0.26808277520259566,True,0.008282203163395126,1.138812780380249
468544,699.8593549856271,500,False,0.14863880528832324,False,0.008227987282691937,1.0576881170272827
470896,702.3296793143046,500,False,0.24190388654730652,True,0.008196773566638246,1.3592538833618164
470976,712.781794881823,500,False,0.016970462263022047,False,0.008130564484749305,1.0404236316680908
471088,771.3230742877631,500,False,0.12776883777054782,True,0.00810591751621703,1.1247693300247192
471760,763.8686763830538,500,False,0.11886688910435013,True,0.008081863801545387,1.2117234468460083
472416,646.6583697312656,500,False,0.1653629470109691,True,0.008099557832495469,1.013195276260376
472512,690.5455757381411,500,False,0.14121482056237333,True,0.008150604838639438,1.4867836236953735
472816,749.5059444234785,500,False,0.1396382020150705,True,0.008174591332144258,1.1082983016967773
473408,718.7181704649415,500,False,0.09313475238782178,True,0.008306956311875459,1.237037181854248
473536,767.8298591649127,500,False,0.1890880513260674,True,0.008193262286772578,1.2430143356323242
473664,730.5411194132994,500,False,0.19222771641332564,True,0.008161710118127564,1.1733180284500122
474064,766.9730129290045,500,False,0.14199711189216577,True,0.008149269886035076,1.0843664407730103
474096,663.0794592319864,500,False,0.23799561802120356,True,0.008162229933808466,1.2392361164093018
474336,763.0352770773932,500,False,0.14305130299411542,True,0.008169326939375212,1.242532730102539
475808,722.3692694043973,500,False,0.16591516603036227,True,0.008191687497131808,1.1519012451171875
476368,729.6956034469517,500,False,0.08168834260424872,True,0.008024375135691009,1.3387699127197266
476544,872.9273670658198,500,False,0.07466036806494883,False,0.00810114056669434,1.1971421241760254
478896,713.6435955211495,500,False,0.15546754170226817,False,0.008124395798013781,1.391599416732788
478976,735.4513477810027,500,False,0.1455070093390935,False,0.008014112058999982,1.8124985694885254
479088,758.5266697483868,500,False,0.1118177227960714,True,0.00802600573474555,1.4217767715454102
479760,715.1201209372863,500,False,0.10885504108589979,True,0.008035986288522298,1.1883251667022705
480416,771.8133628853559,500,False,0.06308821034484055,True,0.008178442279030104,1.089731216430664
480512,617.1128425973183,500,False,0.28261374019426616,True,0.008135316739700402,1.392153263092041
480816,750.2705324778154,500,False,0.15282590947546856,False,0.008148592818204105,1.1619794368743896
481408,767.8645586509175,500,False,0.11388068255869385,True,0.008170238055120483,1.104740858078003
481536,777.3910388390319,500,False,0.09030793293860984,True,0.008148873654948688,1.2300779819488525
481664,711.5831029476692,500,False,0.12467622943244905,True,0.008179835619534902,1.273036241531372
482064,745.8248180496378,500,False,0.0840250087881137,True,0.008183275437549747,1.2508046627044678
482096,735.3731256276818,500,False,0.13186164595069358,False,0.008153196729571446,1.3071746826171875
482336,663.6691856976416,500,False,0.18965566949308638,True,0.008161881185952437,1.0493278503417969
483808,713.3925946568605,500,False,0.12162738030334433,True,0.008232604147915294,1.6139534711837769
484368,746.7742456911592,500,False,0.18593945073661547,False,0.008263494015987874,1.3725700378417969
484544,686.9837652761198,500,False,0.15441020135747147,True,0.008371196023075799,1.2589142322540283
486896,672.1994118472129,500,False,0.21554830811710002,True,0.008372423560331474,1.1233348846435547
486976,833.7856096808212,500,False,0.07297002771694205,True,0.008134295026596097,1.207577109336853
487088,734.5399879042833,500,False,0.1241369583015511,True,0.008142770751275643,1.2502846717834473
487760,711.8244673523707,500,False,0.18006111852193604,True,0.008189799754881797,1.473423719406128
488416,713.1839718257577,500,False,0.10656880747728183,True,0.008248698858314956,1.4795030355453491
488512,748.8187954260271,500,False,0.16257675017718662,True,0.008265889217140627,1.279214859008789
488816,699.8662621536879,500,False,0.21865233486479652,False,0.008311305227387161,1.1569808721542358
489408,761.0572995383067,500,False,0.15174578951673748,True,0.008333874391215088,1.2769804000854492
489536,763.0754650295689,500,False,0.12699813367768223,False,0.00824471253461802,1.497842788696289
489664,795.1961476667568,500,False,0.10347140000485705,True,0.008232704573918975,1.4367979764938354
490064,709.4305575288208,500,False,0.14914889524163472,True,0.008263698363012386,1.262601613998413
490096,734.9437326217309,500,False,0.10708494103922964,False,0.008248335783150922,1.366566777229309
490336,683.5979438570499,500,False,0.19741955302314335,True,0.008248486998045099,1.03444504737854
491808,722.1797803055439,500,False,0.08324929313459319,True,0.008234927737550732,1.152995228767395
492368,708.5711080371634,500,False,0.17537934641531458,True,0.008133086910674698,1.081756353378296
492544,788.6829982866968,500,False,0.1043671959709395,True,0.00811730675003907,1.3946359157562256
494896,717.7556365102055,500,False,0.19023452122383794,True,0.008160140721628198,1.3149796724319458
494976,706.0481173830169,500,False,0.2041030972144737,True,0.00824661645343373,1.228916883468628
495088,737.4695720184295,500,False,0.11543293209085266,True,0.008220872001862639,1.0056945085525513
495760,760.5191828469304,500,False,0.08204115056052852,True,0.008209312774720355,1.3205686807632446
496416,717.2793079502544,500,False,0.09859366052680621,True,0.008098197550106103,1.0249660015106201
496512,720.3740684435766,500,False,0.13464050064680286,False,0.008049536994542883,1.083484411239624
496816,669.4233750676195,500,False,0.2153481074083461,True,0.008056681336146603,1.2855205535888672
497408,652.0192884268549,500,False,0.1815314599126622,True,0.008042841057229633,1.129930019378662
497536,755.08362059216,500,False,0.06353603984584717,True,0.00788153497938114,1.2018561363220215
497664,733.9984566716888,500,False,0.16808210296712475,True,0.007873238829361077,1.078900694847107
498064,756.0376115260276,500,False,0.14898159540920192,False,0.007892038952609376,1.2243260145187378
498096,705.3173484658697,500,False,0.1351057725276754,True,0.00791244611359378,1.2326486110687256
498336,731.503650960084,500,False,0.12718845417461083,True,0.007909437073711967,1.1634036302566528
499808,688.1290947314777,500,False,0.18344241095935487,False,0.007924885563395042,1.1882730722427368
500368,775.6202429383814,500,False,0.08691207577179023,False,0.007897716386158186,1.4930624961853027
500544,766.8353556008416,500,False,0.16151533329467793,False,0.00799481976711984,1.35306978225708
502896,748.7975409304003,500,False,0.14636114443393416,True,0.007970025387670115,1.1302361488342285
502976,776.2706521581105,500,False,0.15111679012723597,True,0.008087369449631076,1.3355673551559448
503088,661.6884598874634,500,False,0.25921337632288727,True,0.00806914540520966,1.0688540935516357
503760,690.0511461343954,500,False,0.13632947270786966,True,0.008077532625956951,1.2128046751022339
504416,749.2866335205513,500,False,0.14015267940244452,True,0.008036938749230884,1.3244048357009888
504512,786.0087158903102,500,False,0.21425575433065489,True,0.008083963818403829,1.3041036128997803
504816,746.8395918596565,500,False,0.281225637056338,True,0.00808136156865914,14.460119247436523
505408,723.8400712471222,500,False,0.17665965415124266,True,0.008061775656844936,1.0615878105163574
505536,700.4428350377422,500,False,0.2354571230447032,True,0.007943945645885896,1.2148981094360352
505664,760.1567341286052,500,False,0.15484864614605176,True,0.007892311978905369,1.3028490543365479
506064,671.344536218169,500,False,0.22786300987023084,True,0.007924246084001966,1.4236009120941162
506096,752.8341321475301,500,False,0.16165050316266463,True,0.007866345066876187,1.1878955364227295
506336,637.5467328197349,500,False,0.21942542031800905,True,0.007860763095247674,1.3832346200942993
507808,684.9589549054843,500,False,0.13136542444913304,False,0.00782372127839858,1.1372426748275757
508368,740.696209199092,500,False,0.11551425577900305,True,0.0077945435987529605,1.1295783519744873
508544,747.9705453146681,500,False,0.0951463531423966,False,0.007826390505601686,1.1934814453125
510896,778.37725202751,500,False,0.035807386603676654,True,0.007815277004955157,1.2297554016113281
510976,800.8645032587292,500,False,0.08353427154889292,True,0.00782214412797344,1.1796886920928955
511088,675.071330556783,500,False,0.13520893377900298,True,0.0078010281063922255,1.2247264385223389
511760,696.5680347588419,500,False,0.1872747127535425,True,0.007803644749687872,1.4799387454986572
512416,682.7873802734463,500,False,0.13138715543708732,True,0.007894621737957807,2.161623477935791
512512,714.2223559692701,500,False,0.1609106810377169,True,0.007827137870358752,1.211828589439392
512816,672.7534979034812,500,False,0.17997327993986173,True,0.00784448543959425,1.5515565872192383
513408,782.9341575268182,500,False,0.14698847891546404,True,0.0078575654442788,1.318788766860962
513536,714.8710613659526,500,False,0.21406963364343526,True,0.007758804976231304,1.2480316162109375
513664,707.3895095871595,500,False,0.10311150552491076,True,0.007768823676927896,1.1581063270568848
514064,782.6063134115637,500,False,0.13064175249573998,False,0.007818642231130397,1.1489390134811401
514096,720.64791878793,500,False,0.23454586352996074,True,0.007898638175938515,1.376723051071167
514336,756.8347147457637,500,False,0.08984113868475022,True,0.007891192146670377,1.2103019952774048
515808,602.5962739242837,500,False,0.22251836384631948,True,0.007873663028918109,1.209370732307434
516368,647.8538683367772,500,False,0.2640824328006185,True,0.007806142043886495,1.0917375087738037
516544,696.0210998034725,500,False,0.3201267528762053,True,0.00785318006632073,0.9774172306060791
518896,702.1623068889392,500,False,0.1830489725794379,False,0.007893896975907278,1.0647079944610596
518976,708.7471728345738,500,False,0.16972961851727741,False,0.007616093514716346,1.0791270732879639
519088,594.7336524443471,500,False,0.35236683888966364,True,0.007584182737749649,1.0724576711654663
519760,686.5383433980647,500,False,0.15203841560941342,True,0.0075698064877485925,1.1145696640014648
520416,777.9801316811995,500,False,0.07490344994987289,True,0.007538260912278358,1.2101086378097534
520512,736.4658059369547,500,False,0.11274316406164103,True,0.00752184169297813,1.1278645992279053
520816,690.9780797174925,500,False,0.13499459617064952,True,0.007515435125906471,1.0256707668304443
521408,848.1231188035845,500,False,0.09001728093641007,False,0.0074949626541195614,1.5350868701934814
521536,749.4895899739478,500,False,0.11569887464378574,True,0.007499232348278841,1.2912241220474243
521664,729.717679483889,500,False,0.15518960128866124,False,0.00752686168398775,1.4046694040298462
522064,660.8804304491418,500,False,0.19938084324371527,True,0.007478546925156907,1.0706645250320435
522096,720.2346408138516,500,False,0.2529124205412222,True,0.00733500565123623,1.3512006998062134
522336,742.9826896670492,500,False,0.15102800965628313,True,0.007337930383633198,1.1255028247833252
523808,712.1025713007059,500,False,0.30263413568633263,True,0.007308757803140438,0.9410614967346191
524368,728.0100001983639,500,False,0.12361815850750553,False,0.007422709008656569,1.160520315170288
524544,644.0311513114351,500,False,0.1994151401548385,True,0.0075441769852721465,1.009636402130127
526896,734.9793951830495,500,False,0.12574576180217026,False,0.007571155932478407,1.3014883995056152
526976,669.5257150079476,500,False,0.1664474742794738,True,0.007534959183952704,1.0513553619384766
527088,668.1385365100264,500,False,0.23395558805177627,True,0.007537044022308857,1.273798942565918
527760,646.2571292074315,500,False,0.2636430585229659,True,0.007539181223774252,1.3191771507263184
528416,778.4517757613925,500,False,0.1051107342228184,False,0.007522455531333088,1.1559555530548096
528512,760.3931490420705,500,False,0.08012375590624131,False,0.007528017164586598,1.1798369884490967
528816,624.8474904645406,500,False,0.2984302561997155,True,0.007556034914854841,1.1166183948516846
529408,641.7814844287063,500,False,0.23641885732887452,True,0.007623770677825649,1.0418181419372559
529536,695.2539702725268,500,False,0.1526842346674651,True,0.007752146793948505,1.2974720001220703
529664,724.0319141569676,500,False,0.03791658159719889,True,0.007772377761448089,1.9953296184539795
530064,730.710060556544,500,False,0.06934230613232674,False,0.007753581820391566,1.2398587465286255
530096,713.9510158410945,500,False,0.13545076796130348,True,0.007793657956261881,1.2427500486373901
530336,728.7294879103011,500,False,0.12191189823744449,True,0.0077970963656830055,1.0701152086257935
531808,667.4320640555286,500,False,0.19417403235585554,True,0.00780714113927387,1.1062581539154053
532368,714.318857575614,500,False,0.2036821920531814,True,0.007701105200323054,1.33905029296875
532544,707.724064988775,500,False,0.21095396809429906,True,0.007690831152740702,1.1518629789352417
534896,763.9033758250207,500,False,0.0895016983142639,True,0.007669558237742625,1.2403137683868408
534976,737.068767590919,500,False,0.04461166482139338,True,0.007602865081820001,1.3193609714508057
535088,734.2777945430379,500,False,0.15150441305501583,False,0.00760995184517593,2.004605531692505
535760,731.2059274477538,500,False,0.16398544169134277,True,0.007611963881806094,1.6789772510528564
536416,723.6899851893991,500,False,0.18491703816753025,True,0.00753821096921196,1.1427640914916992
536512,716.5109726140984,500,False,0.200329411112088,True,0.007468911331697983,1.6952993869781494
536816,686.9511993056593,500,False,0.16455968847232805,True,0.007504644454679945,1.4153045415878296
537408,687.943783862624,500,False,0.2017032351453853,True,0.007475003993391981,0.9900999069213867
537536,672.1024966993446,500,False,0.17059845022804068,True,0.0072982932521451,1.369840145111084
537664,662.9428460773961,500,False,0.17734574317452997,False,0.007282338770558552,1.1685420274734497
538064,716.958695373759,500,False,0.12844727854182067,False,0.007245349327178224,1.1548001766204834
538096,683.836800694979,500,False,0.09218406269839777,True,0.007149882235425534,1.0909852981567383
538336,701.5268631179831,500,False,0.19246970322300552,False,0.007147290641231579,1.1390173435211182
539808,706.5322758024888,500,False,0.11903140202548886,False,0.007138246509058179,1.2438204288482666
540368,733.7973730618548,500,False,0.10537431345291437,False,0.007282524718932373,1.100853681564331
540544,721.3372996679044,500,False,0.14753731568338319,True,0.007269012204388683,1.0294311046600342
542896,776.8530341362565,500,False,0.2504738775370938,True,0.007264719373146648,1.2769025564193726
542976,698.5411491228693,500,False,0.15797801741468098,True,0.007250416814388501,1.1905744075775146
543088,781.3840431039539,500,False,0.11047835283080373,True,0.007256649316048028,1.288193941116333
543760,689.6240188597282,500,False,0.17965354076701606,False,0.00728203848481497,1.2031570672988892
544416,761.6409267927955,500,False,0.1674318955361738,True,0.007193730044857262,1.3577752113342285
544512,731.3264266992628,500,False,0.1318022246788316,True,0.007294298140247806,1.0966310501098633
544816,710.3754307311626,500,False,0.1131986643491348,True,0.007305824426010277,1.3063039779663086
545408,726.5671029609173,500,False,0.2936848602526314,True,0.007384069331255942,1.2206213474273682
545536,627.6940037495839,500,False,0.2652263867770053,True,0.007373130817344216,1.3496572971343994
545664,756.115387095812,500,False,0.274492299331863,True,0.007358014513286356,1.251347303390503
546064,718.8176612294172,500,False,0.177067073119353,False,0.007361468055141039,0.9745684862136841
546096,690.0635195186912,500,False,0.13827383339094615,False,0.007331426781927707,1.2698404788970947
546336,784.8458597610612,500,False,0.12119560004563668,True,0.00732765207967657,1.1429041624069214
547808,729.9226365589241,500,False,0.12834393890194476,True,0.007338615490846943,1.2914776802062988
548368,763.352570891878,500,False,0.0228441464271726,True,0.007579911571794982,1.2221249341964722
548544,752.8331482602181,500,False,0.1830032181337176,True,0.007454752979025117,1.077317476272583
550896,760.1939436698106,500,False,0.13864639614431673,True,0.00748578992765935,1.2864990234375
550976,662.4526892765667,500,False,0.27625307815359906,True,0.0074893429675837635,1.2213618755340576
551088,751.1897738929317,500,False,0.07081732448273456,True,0.0074632677735823345,1.1583362817764282
551760,798.8135302990638,500,False,0.09303514160481814,True,0.007447536640628581,1.1884186267852783
552416,748.7948082338928,500,False,0.1087141151459682,True,0.007337403290809859,1.1030619144439697
552512,734.2312895924927,500,False,0.11530140071357849,True,0.0072626754494884245,1.2243319749832153
552816,756.2871870749806,500,False,0.10962889901982965,True,0.0072325922737770925,1.0218970775604248
553408,683.7224816546897,500,False,0.1987394003091933,True,0.007201125168251604,1.125956416130066
553536,716.6986635119772,500,False,0.20384645096790435,True,0.0071933838918858085,1.1120660305023193
553664,732.2561608403043,500,False,0.12352872792527096,True,0.007230710770054268,1.122745156288147
554064,759.0060919814492,500,False,0.18429534211881723,True,0.007231551802659485,1.1348645687103271
554096,759.4250594376098,500,False,0.15979217415648939,True,0.0071731674036286976,1.503800868988037
554336,725.5707579848399,500,False,0.12627067571816628,True,0.007188089296477958,1.3118256330490112
555808,741.2785317207225,500,False,0.12317174171547506,True,0.007204787108641181,1.2136406898498535
556368,771.6693156136159,500,False,0.15225725039445684,True,0.007352326708695625,1.1574417352676392
556544,805.9670944386182,500,False,0.1055304945239212,False,0.007353969148574314,1.0861356258392334
558896,747.812735305391,500,False,0.14166344266399544,False,0.0073546484002423584,1.196488380432129
558976,783.5002211559189,500,False,0.11107697216217949,True,0.007184499602153758,1.1003986597061157
559088,742.15994676077,500,False,0.28240132820551594,True,0.0071882337737273596,1.1033636331558228
559760,680.5141139596976,500,False,0.19343306515449887,True,0.007205346893945147,1.0279839038848877
560416,719.307070861708,500,False,0.1933509808015947,True,0.00727432917003499,1.106459379196167
560512,719.6124006352239,500,False,0.15389226248771437,False,0.007162259923374259,1.1419732570648193
560816,810.8844906013951,500,False,0.08947630247345696,True,0.007160804679583072,1.0923042297363281
561408,707.0561266992071,500,False,0.2432308496022796,True,0.007132274048306338,1.159703016281128
561536,796.3817000641186,500,False,0.10259506936909954,False,0.007205098076320851,1.0394184589385986
561664,750.945598010215,500,False,0.09297910697224357,True,0.007238969656931487,1.3062951564788818
562064,723.6935387473234,500,False,0.18930886605573138,False,0.007225776450899353,1.2447731494903564
562096,751.624748432683,500,False,0.13224594173830156,True,0.00725538746255058,1.2408323287963867
562336,758.7714469064189,500,False,0.1476327840955244,False,0.007257374280826255,1.248918056488037
563808,733.5244360308027,500,False,0.24693904972011552,True,0.007256275449440867,1.0162765979766846
564368,664.8036407250826,500,False,0.2509914936186166,True,0.007159965304518549,1.3858777284622192
564544,718.8753669259175,500,False,0.1435145859613087,False,0.007263975992769279,1.2531909942626953
566896,703.6025458745744,500,False,0.13828146380198764,True,0.007296117068697039,1.162444829940796
566976,698.0927702934907,500,False,0.17802667477037723,True,0.007414567064925932,1.1111252307891846
567088,759.4307079085661,500,False,0.1429306190150658,True,0.007436116000542697,1.0471014976501465
567760,708.1110134062558,500,False,0.10469150278711338,True,0.007457070758384828,1.3878974914550781
568416,770.2639829997748,500,False,0.12223476623223781,True,0.007374651979839159,1.2077670097351074
568512,724.1909113792284,500,False,0.17120600911919265,True,0.007302013640160859,1.434330940246582
568816,718.4090840805196,500,False,0.1232672747386393,True,0.007300207110835987,1.2537847757339478
569408,730.2805744491368,500,False,0.10680727498255675,True,0.0072966529276461585,1.1420202255249023
569536,769.1025185901888,500,False,0.1454313533704622,True,0.007300311941933911,1.1432857513427734
569664,776.3093924398025,500,False,0.09301332292644854,True,0.007320190707650438,1.1406362056732178
570064,611.1642352036292,500,False,0.26182457487031435,True,0.007343590440210255,0.9162962436676025
570096,765.7934597757978,500,False,0.165857089547491,False,0.00731392341644201,1.1227142810821533
570336,708.6277427836186,500,False,0.11209066849164964,True,0.0073054275080550336,1.3237642049789429
571808,722.5246301739597,500,False,0.20366067887319927,True,0.007299577307982802,1.2629504203796387
572368,714.8061496053712,500,False,0.1521064403372724,True,0.0071326989476502975,1.1629586219787598
572544,683.5505911376484,500,False,0.13156166427007798,True,0.007027294668657031,1.083404302597046
574896,675.2833961266284,500,False,0.18868517309545962,True,0.00704829993118895,1.025949478149414
574976,725.5260311516282,500,False,0.02688405034048489,True,0.00717313146426075,1.6333403587341309
575088,720.0262901214647,500,False,0.13965300460251243,True,0.007175839898858749,1.0281858444213867
575760,690.1981277479323,500,False,0.11871702385557961,True,0.007205020073235746,1.1236592531204224
576416,717.5213560571439,500,False,0.16406561917614473,True,0.007185451066891071,1.1931941509246826
576512,714.6729836919961,500,False,0.17249466067804778,False,0.007187780755169072,1.8025271892547607
576816,761.7972558636927,500,False,0.16625484279401975,True,0.007202644326988397,1.1788040399551392
577408,714.4803280081888,500,False,0.17979039735049837,False,0.007182852377018413,1.0810630321502686
577536,748.5151421201646,500,False,0.15832309629847566,False,0.007161172677471692,1.3315315246582031
577664,728.5245736000064,500,False,0.14695487046775227,True,0.007148798629500339,1.3391391038894653
578064,710.5815818598063,500,False,0.15221936872123615,True,0.007130511401861483,1.1850041151046753
578096,771.8633892984723,500,False,0.037144896354247545,True,0.0071825095727896335,1.3850595951080322
578336,680.9569431078885,500,False,0.254492969789354,True,0.007186301253390746,17.508426666259766
579808,720.9237871524005,500,False,0.2101025748505157,False,0.007219460004532281,1.4664592742919922
580368,710.0427432540758,500,False,0.13447130414472,True,0.00717631806879351,1.30719792842865
580544,779.9591578831329,500,False,0.13665703852309752,True,0.007185449831251763,1.0994082689285278
582896,737.9187211725628,500,False,0.1398253157625541,True,0.007119446224724219,1.1023459434509277
582976,749.2294889402133,500,False,0.09229989326990362,True,0.00700371172303428,0.9933458566665649
583088,699.4745688445328,500,False,0.148360395480546,True,0.006994634167573585,1.0847227573394775
583760,744.5272201431707,500,False,0.18451846827264115,True,0.0070034501989334,1.4173665046691895
584416,736.0620914817487,500,False,0.1816071672204007,True,0.006970197131769854,1.2268890142440796
584512,729.1520372191351,500,False,0.13767694994845536,True,0.006903052962077727,1.2726141214370728
584816,637.6618301975625,500,False,0.19554138357237189,True,0.00690266373355987,1.1125423908233643
585408,632.7726148997568,500,False,0.2521135965218873,True,0.006911287940339002,1.1326055526733398
585536,755.2832578206788,500,False,0.09923319163670119,True,0.007053121408378267,1.2820806503295898
585664,697.7078285296822,500,False,0.14646082198875954,False,0.007088238144411043,1.0646296739578247
586064,664.0932212558032,500,False,0.33859159656061255,True,0.007143500729930514,1.4349030256271362
586096,771.1440943349721,500,False,0.17041979844191393,True,0.00716852203841289,0.886547327041626
586336,720.2938746718845,500,False,0.19547935949917866,True,0.007176031930909915,1.2196524143218994
587808,700.5497122286639,500,False,0.14046424395171137,True,0.007180283067024887,1.288020133972168
588368,760.117295328987,500,False,0.13234842211872253,True,0.006989066281245602,0.9497616291046143
588544,771.7082644594879,500,False,0.1599671292611146,False,0.006806411162153817,1.2464237213134766
590896,681.5745806341351,500,False,0.23324882260473304,True,0.006805057940815647,1.0862268209457397
590976,701.8472744044728,500,False,0.20001350411415603,True,0.007217836404354319,1.0907578468322754
591088,735.2596782528875,500,False,0.18648239592919652,True,0.007215638433073766,1.0690381526947021
591760,724.5920844096287,500,False,0.2018208956115709,True,0.007211672435716761,1.0879490375518799
592416,742.7017270336621,500,False,0.18899683320199842,True,0.007110163496372284,1.1725481748580933
592512,695.1164824978565,500,False,0.15249228749878255,True,0.0071771871897751294,0.8448027968406677
592816,729.0044053181831,500,False,0.2010841566892323,True,0.0071746267393338215,1.397230625152588
593408,727.7838941857666,500,False,0.11030132063044858,True,0.007061229678197198,1.247954249382019
593536,772.3108267032657,500,False,0.12637199419280454,True,0.007012209788243284,1.1014671325683594
593664,727.55698306661,500,False,0.10470983452604647,True,0.006995155910328972,0.989904522895813
594064,785.728721234486,500,False,0.09523551872163355,False,0.006990429161818977,1.3235472440719604
594096,692.8894868446424,500,False,0.19793059903083732,True,0.006991270420618951,1.3634169101715088
594336,788.7872729113304,500,False,0.12508402208414018,True,0.006997046056773192,0.9761838912963867
595808,735.7186754485673,500,False,0.16942481993340874,True,0.007043464122733507,1.18894624710083
596368,680.013646108618,500,False,0.1871432872170067,True,0.0072338965173065805,1.1984245777130127
596544,738.2769247652442,500,False,0.08783190971277653,True,0.007270778070111966,1.0568416118621826
598896,761.3323049979975,500,False,0.08871153092611549,False,0.007222599873091881,1.0967669486999512
598976,702.1544345263096,500,False,0.18848509631739954,False,0.00720678270300225,1.1650887727737427
599088,649.2304689398311,500,False,0.22725829095239178,True,0.0072089226860790594,1.0074665546417236
599760,735.7517864992319,500,False,0.07953273336881014,True,0.007247058101785412,1.1123822927474976
600416,711.6782041608298,500,False,0.23591714609277223,True,0.007215197535108834,1.2479780912399292
600512,739.5033681950299,500,False,0.13436076357178472,True,0.007150370248718112,1.112189769744873
600816,729.75303644414,500,False,0.1243929900840895,True,0.007140925697009855,1.1891319751739502
601408,658.721012884341,500,False,0.24835109202470676,True,0.00708639232250676,1.2580082416534424
601536,804.4295811626407,500,False,0.14044038755084842,True,0.007188028677804189,1.1162625551223755
601664,737.0879909794996,500,False,0.10043830269113596,True,0.007168080919222608,1.2430000305175781
602064,650.1719290981731,500,False,0.11884734303378183,True,0.0071630896421778344,1.141653060913086
602096,697.1713895672486,500,False,0.14058903005661846,True,0.007159930868489956,0.9372237920761108
602336,761.1992967230052,500,False,0.1188413375375592,True,0.0071527986542392515,0.9372698068618774
603808,783.0633907837773,500,False,0.09983016977939398,True,0.00714915455884923,1.0571208000183105
604368,755.8831030906908,500,False,0.13424244008959052,True,0.006919908861185569,1.106516718864441
604544,659.2693984910482,500,False,0.3297506646228837,True,0.006913474435177773,1.071830153465271
606896,797.3979866607583,500,False,0.09784424944484159,True,0.0068977336876899255,0.9309929609298706
606976,683.5032683901701,500,False,0.312987627696455,True,0.006848441741994362,1.0374269485473633
607088,778.3067269277617,500,False,0.15076183437621646,False,0.006843491391608367,1.3828341960906982
607760,671.9107126180187,500,False,0.31955204037526574,True,0.006840848324674992,1.4689491987228394
608416,750.3447277126456,500,False,0.1254383019340248,True,0.006780222665367617,1.0101615190505981
608512,718.8413488955425,500,False,0.2081579173026245,True,0.006796207220261081,1.0910093784332275
608816,748.499851073214,500,False,0.11294565756343823,True,0.006774465161625157,1.183944821357727
609408,729.8745324504073,500,False,0.25273059789565266,True,0.006775941072218102,1.056383728981018
609536,756.2592317704116,500,False,0.16684737662615423,True,0.006794365551245093,1.0638084411621094
609664,668.6859070177688,500,False,0.4244026057298717,True,0.006798187193633277,1.0378104448318481
610064,755.3118264910973,500,False,0.14644237993935563,False,0.006795368218343066,1.0539288520812988
610096,759.6202963787399,500,False,0.115785970041992,True,0.006860831706446609,1.1691007614135742
610336,674.0996932136378,500,False,0.22590490439318547,True,0.006867929338207476,1.1061983108520508
611808,628.821958236266,500,False,0.18704848938637247,True,0.006867265373200762,1.0477888584136963
612368,744.1025485930621,500,False,0.07523338717696469,True,0.006774834237706624,1.043832540512085
612544,748.4773317713783,500,False,0.12504462807650674,True,0.006780434040669888,1.0546005964279175
614896,748.2590470964169,500,False,0.10718762774119787,False,0.006762515779206654,1.1279646158218384
614976,751.8678278638359,500,False,0.11801436228988853,True,0.006626324762159613,1.1368622779846191
615088,688.2575905721354,500,False,0.18183529068469367,True,0.006632781867495807,1.1249017715454102
615760,791.3951169406668,500,False,0.09927052378840247,False,0.006628689612082494,1.2596783638000488
616416,713.1125639982577,500,False,0.10893314330209102,True,0.006606884989656917,1.0584471225738525
616512,745.4533296166502,500,False,0.15691926641812984,True,0.006707230343108972,1.1410894393920898
616816,721.8190628648689,500,False,0.15039129355407113,True,0.0067283722477701835,1.1177122592926025
617408,764.5125182083439,500,False,0.08669954378907245,False,0.006776259630884591,0.9962886571884155
617536,797.453067392073,500,False,0.08667741570017132,True,0.0068123031233771015,1.455599069595337
617664,713.9905775957264,500,False,0.27326013523465564,True,0.006771173341893467,1.1981589794158936
618064,696.0122098054737,500,False,0.05928835907156716,False,0.0067657150760516375,1.1448394060134888
618096,729.6282102563536,500,False,0.13641660267332453,False,0.00677070089147502,1.245070457458496
618336,754.6930870309646,500,False,0.13081981570380852,False,0.006761965490694638,1.1715004444122314
619808,753.3159133246508,500,False,0.12585979260315258,False,0.006738435773442305,1.1463239192962646
620368,753.3584646717499,500,False,0.11431442843147921,True,0.006708410191993745,1.1714563369750977
620544,690.7795786171414,500,False,0.2092333822146346,True,0.00661949792141669,1.0235265493392944
622896,852.5912713618345,500,False,0.05982772349382335,False,0.006612282620950635,1.1218338012695312
622976,744.4329479906928,500,False,0.09596422699184377,True,0.006495758373852596,1.1646764278411865
623088,685.7229085719024,500,False,0.11937905425955532,True,0.006488477688939384,0.9976358413696289
623760,755.2131328758971,500,False,0.08903876151308421,True,0.006472278387876472,1.1849305629730225
624416,778.6847675976784,500,False,0.12664870889172536,True,0.006544307201648923,0.9266546964645386
624512,719.8325661430557,500,False,0.14137016882378528,True,0.006595405241483954,1.4381160736083984
624816,756.5901625809242,500,False,0.1048124190714769,False,0.006627747151830705,1.0521142482757568
625408,754.7326009794094,500,False,0.10603721559120682,False,0.006698818104826888,1.186445713043213
625536,711.9841236982281,500,False,0.15582239287831137,True,0.006894381413561679,1.2446200847625732
625664,692.6536531072348,500,False,0.3541621394884036,True,0.0069303896469136966,1.114072322845459
626064,618.8830423284558,500,False,0.21840557737386512,True,0.006938949171482429,0.8885360360145569
626096,764.7253949654429,500,False,0.09589800811760874,True,0.006933842613514733,1.0458085536956787
626336,800.0939139086737,500,False,0.0879223530859409,True,0.006928124693613991,1.1002895832061768
627808,821.3573725884311,500,False,0.06945178396714073,True,0.006923329770139106,4.787585258483887
628368,779.1420612662303,500,False,0.11250061113884571,True,0.0070171586426286195,1.3107033967971802
628544,742.1489525223552,500,False,0.11133719240271811,True,0.006911903951411425,1.1433444023132324
630896,769.2373715924278,500,False,0.08601162429060334,True,0.006909092810273244,1.0441546440124512
630976,785.6934428015887,500,False,0.10195597056883768,False,0.0069876594225642425,1.0936954021453857
631088,776.157718621753,500,False,0.08565402149707921,True,0.006971467319707141,1.1902203559875488
631760,735.2758230381597,500,False,0.19259058945791246,True,0.0069661452318452,1.4050848484039307
632416,698.8774042151053,500,False,0.23454234773497407,True,0.006890192545591375,1.140284538269043
632512,700.7116529192062,500,False,0.1333290402012575,True,0.0067815790154390244,1.0422124862670898
632816,744.9935381795472,500,False,0.03344448540108069,False,0.00677531252342118,1.1907364130020142
633408,757.8125232362614,500,False,0.10422848145732172,False,0.006844171010907222,1.1353130340576172
633536,678.872575887429,500,False,0.28620653179939826,True,0.006817144665091326,1.0280020236968994
633664,750.4923114824646,500,False,0.12769876969442456,True,0.006800088552437383,1.1574082374572754
634064,739.1665678325511,500,False,0.13858456308495642,True,0.006801644670888091,1.1902973651885986
634096,653.9891329414427,500,False,0.27225286895389916,True,0.006862152790511516,1.0880639553070068
634336,766.7716620728747,500,False,0.08190090099192378,True,0.006870656480316393,1.1631698608398438
635808,775.8530036562929,500,False,0.1358183160899064,True,0.006947269625556123,1.2930645942687988
636368,808.0538400883727,500,False,0.08369580634721743,False,0.00695050773218835,1.1982654333114624
636544,735.8634871735419,500,False,0.19428916159010207,False,0.006884845215156382,1.1464529037475586
638896,735.7856933863372,500,False,0.19872326599660114,True,0.0068586312777569195,1.1129732131958008
638976,753.5349204489432,500,False,0.11119207226636618,True,0.006873390094013658,1.3412431478500366
639088,797.4844042103554,500,False,0.1741342748450614,True,0.006850211485190339,1.1833598613739014
639760,769.2051896245018,500,False,0.11461205780576741,True,0.006811368223692957,1.2678754329681396
640416,754.1866013695882,500,False,0.12176833781938562,True,0.006900265504802019,1.2411936521530151
640512,798.5188630297968,500,False,0.11053625014642383,False,0.006921057179187881,1.0764415264129639
640816,770.7433270754856,500,False,0.12995785522674996,True,0.006976840080512548,1.141986608505249
641408,767.7742703277719,500,False,0.16642092238124595,True,0.007103375164053308,1.2681982517242432
641536,698.0055357871556,500,False,0.10341729645860681,True,0.0070652284546830054,1.3865910768508911
641664,663.3872363546295,500,False,0.21611332488213247,True,0.0070780038400707354,2.4818458557128906
642064,723.9899266747617,500,False,0.14129041075580492,True,0.0070498556854856525,0.9749419689178467
642096,751.1213975190365,500,False,0.10709276409427111,True,0.007062333925400985,0.9697808027267456
642336,743.1637023225952,500,False,0.18505386202984808,False,0.007063163021952628,1.429208517074585
643808,616.7357931690949,500,False,0.18184257236807164,True,0.007031151303040997,1.3100643157958984
644368,795.7735232193678,500,False,0.050703235629483215,True,0.007131057040680656,0.9117162823677063
644544,767.7875050156385,500,False,0.13878695425099352,True,0.007117275943781811,0.9604347944259644
646896,782.7060331176092,500,False,0.11547645348656611,True,0.007154045219111656,1.0669666528701782
646976,728.4061879032881,500,False,0.1461883609671928,True,0.007326714111909567,1.2481924295425415
647088,738.656985813594,500,False,0.3358583537307466,True,0.00731349510683896,1.021628975868225
647760,647.8394581221135,500,False,0.17624622410970073,True,0.007295658576448644,1.030804991722107
648416,714.5330632708223,500,False,0.16836384374579916,True,0.007357405129554432,1.0618091821670532
648512,676.6546611958427,500,False,0.14589094202202219,True,0.007370026334734119,1.4115797281265259
648816,754.2785811446814,500,False,0.1343248249654442,False,0.007354525452344509,2.012600898742676
649408,660.3762170003703,500,False,0.22778863323733883,True,0.007489185154571582,1.1279728412628174
649536,665.5790485584239,500,False,0.2126667186160639,True,0.007467680758103809,0.9633874297142029
649664,790.9041438804769,500,False,0.17715095109144488,False,0.007439250886707354,1.1488559246063232
650064,729.7310866874203,500,False,0.19057416116306225,True,0.007381705666258428,8.187248229980469
650096,821.1818931421572,500,False,0.07668021055279982,True,0.00739084846257432,1.4488749504089355
650336,664.9115127767205,500,False,0.1178308914415034,True,0.007394514759447087,1.2019872665405273
651808,645.9381048012978,500,False,0.2001890453554586,False,0.007407792711183144,1.1710593700408936
652368,765.3199930391481,500,False,0.14086581400206216,False,0.007214870091562842,1.1594468355178833
652544,726.0839971370212,500,False,0.10333246224368269,True,0.0071957614170319924,1.1501703262329102
654896,737.8658996066914,500,False,0.09096182801557613,True,0.0071719421894451555,1.1465630531311035
654976,770.7579005685258,500,False,0.2191575693005125,True,0.0073526024291040125,1.1923587322235107
655088,785.1083569649956,500,False,0.16307325101739506,True,0.0073605530319045785,1.0719605684280396
655760,720.0579859383265,500,False,0.14372082552165968,True,0.0073880357866851635,1.2836802005767822
656416,633.6907409242858,500,False,0.19410164778466435,True,0.007379605141503001,1.1799637079238892
656512,756.8882766653124,500,False,0.2249536963773661,True,0.007376515691058441,1.1775157451629639
656816,710.789632992692,500,False,0.12292013278960481,True,0.0073554356047868885,1.1187214851379395
657408,673.383112461896,500,False,0.22096035350268653,True,0.00733927816497639,1.1634494066238403
657536,726.8073325226335,500,False,0.33512867094045656,True,0.00718525849071075,1.1732547283172607
657664,778.5055687660946,500,False,0.10286251095569597,False,0.007161509139255135,1.3311161994934082
658064,766.8123425744716,500,False,0.16846494562419184,True,0.007171696657616643,1.072374701499939
658096,720.2899443278583,500,False,0.09336193234769308,True,0.007157428324084256,1.0123436450958252
658336,711.7998633258005,500,False,0.09778918567686805,True,0.007140189465192251,1.2336831092834473
659808,779.4493575782233,500,False,0.11871334451977571,True,0.007045799619236129,1.0894269943237305
660368,691.8135155233877,500,False,0.18313313236319403,True,0.00691697710378692,1.1901174783706665
660544,710.1517211442155,500,False,0.17418923022023877,True,0.006990233970048502,1.326662302017212
662896,696.8554092928663,500,False,0.11333447643414463,True,0.0070367548794598575,2.4096839427948
662976,769.4887658500344,500,False,0.16227323848972575,False,0.007011863474725793,1.0720723867416382
663088,690.843448907125,500,False,0.21094508496296122,True,0.007024433961749451,1.2279975414276123
663760,773.8071401532314,500,False,0.07100678091622598,True,0.007052754146805582,1.1627130508422852
664416,732.4389524495023,500,False,0.09692590200654784,True,0.007074795629474186,1.2558109760284424
664512,779.7734532104646,500,False,0.12894420371838508,True,0.007158296170830714,1.0147604942321777
664816,716.570887660278,500,False,0.23464097171803797,True,0.007173716353014655,1.089450716972351
665408,763.7880242236193,500,False,0.1459862109209439,True,0.007254731612211904,1.166383981704712
665536,695.5664160077916,500,False,0.10170197535461722,True,0.007365128250253758,1.206038475036621
665664,708.1342619410553,500,False,0.18295716709063778,True,0.007325918022159171,1.240539312362671
666064,720.1615312607317,500,False,0.12262355797391226,True,0.007298211674316112,1.4161323308944702
666096,718.9835940929036,500,False,0.16660450753693587,False,0.007329419134707471,1.2485629320144653
666336,648.6749407262752,500,False,0.20239448943528013,True,0.007327332567276691,1.118269681930542
667808,710.0169463277828,500,False,0.18232901653101888,False,0.007329912266484611,0.963793933391571
668368,712.1875784788292,500,False,0.10846976804432001,True,0.007307584179684329,1.2022783756256104
668544,724.9532441553761,500,False,0.13290680315318582,False,0.007302915605879277,1.060373306274414
670896,761.565067409464,500,False,0.10737740854451926,True,0.007337905067981566,1.1213901042938232
670976,720.510872005308,500,False,0.2878187543093517,True,0.00711395818052254,1.21213698387146
671088,741.1868142000502,500,False,0.16476936115552432,True,0.007111287074913439,0.9992857575416565
671760,736.6496559353807,500,False,0.15780626606318915,True,0.007108613282602637,1.3624310493469238
672416,731.3845491864847,500,False,0.28504211216070996,True,0.006884450677087714,1.453216791152954
672512,735.747863035803,500,False,0.1717896827479523,True,0.006818170871030536,37.894630432128906
672816,779.2130966791377,500,False,0.08032884604876422,False,0.006801052791568092,1.1008598804473877
673408,805.4061648658435,500,False,0.08236301447043587,False,0.006777218824139231,1.349340796470642
673536,740.6980558881107,500,False,0.15469098620568006,False,0.007011407895323323,1.2745558023452759
673664,765.0038246959983,500,False,0.08283456446686585,False,0.007001843066741007,1.22493577003479
674064,759.9150403322024,500,False,0.11438687413916203,False,0.006978615810906849,1.0008039474487305
674096,636.0553528769055,500,False,0.27360433484819013,True,0.006988190625689492,1.2304688692092896
674336,750.8814346650544,500,False,0.12386152372216253,True,0.006989114970823191,1.0029616355895996
675808,796.2027480730271,500,False,0.07343126613033385,True,0.006993140763760133,1.3066661357879639
676368,795.9296926934105,500,False,0.3021907464855701,True,0.007125764112363291,0.9736670851707458
676544,770.3618041093122,500,False,0.11077012843391511,True,0.007120398118357607,1.1698377132415771
678896,668.6031357119515,500,False,0.1980799956152084,False,0.007103359491720495,1.2006977796554565
678976,662.444234033885,500,False,0.10600349177778084,True,0.006881349967848112,1.0346068143844604
679088,725.7006407122245,500,False,0.16742722678023952,True,0.006873196141459341,1.074684739112854
679760,661.4356760214469,500,False,0.3204271347400047,True,0.00686143355732841,0.949947714805603
680416,651.3273036446841,500,False,0.29060912652994497,True,0.006820861701260626,1.1168324947357178
680512,832.559036302265,500,False,0.12383890038790095,True,0.006783517499312834,1.1220769882202148
680816,738.0012683526134,500,False,0.07810513557669516,False,0.00678278408048581,1.1579495668411255
681408,715.4544854844976,500,False,0.09833519818709557,True,0.006830462416577297,1.1766765117645264
681536,685.7221505167624,500,False,0.1534335561749472,True,0.006805692588173608,1.1699261665344238
681664,736.4092167238233,500,False,0.15743874628736712,True,0.006784710775977697,1.0061397552490234
682064,737.4413351021082,500,False,0.13883753986035738,True,0.006755419828023138,1.1900582313537598
682096,729.020149553103,500,False,0.18612244062710015,False,0.006742950992930031,1.1223355531692505
682336,646.1489778719498,500,False,0.21129064327240965,True,0.006743232950321848,0.942792534828186
683808,810.7582127212121,500,False,0.07239673695568703,True,0.006730702212750719,1.1981987953186035
684368,841.5957804644092,500,False,0.09957744940022836,False,0.007060928785587788,1.0615923404693604
684544,723.3877452207172,500,False,0.17524765100798828,True,0.00723093594976508,1.140873908996582
686896,736.1783821541726,500,False,0.07902748314754571,True,0.007199801825313683,0.9276950359344482
686976,762.0403356099614,500,False,0.1380967826839858,True,0.007169967209445405,1.1079962253570557
687088,726.0316001600922,500,False,0.1284109931818953,True,0.007161783067661396,1.309798240661621
687760,692.5580233946012,500,False,0.19787708002114793,True,0.007179983956457879,0.9602646827697754
688416,653.6699307845431,500,False,0.20632481349928164,True,0.007170526526777008,1.0095422267913818
688512,719.343403002421,500,False,0.10169304188496714,True,0.007068936995330016,0.9261997938156128
688816,652.9296397231927,500,False,0.21712927780425204,True,0.0070525362537107545,1.0010576248168945
689408,698.4959671521794,500,False,0.20407078285495342,True,0.007071927565556054,1.1558842658996582
689536,673.1544389862024,500,False,0.2539783328884929,True,0.006996231005156555,1.047884464263916
689664,817.8665726753513,500,False,0.06801465046441678,True,0.006987924335550847,1.2431621551513672
690064,744.403958064872,500,False,0.14617848740998016,True,0.006984202012306598,1.013508677482605
690096,693.3896749311301,500,False,0.1041932494675159,False,0.007005316303148951,1.1620724201202393
690336,687.6381415390167,500,False,0.17814187625589087,True,0.007005228143536104,0.9966413974761963
691808,801.5001849255873,500,False,0.07564666064908256,True,0.007029087420362079,0.91597980260849
692368,706.8153006319114,500,False,0.172657230962884,True,0.006797682990653061,1.0888978242874146
692544,756.7561173169095,500,False,0.19677872318934833,True,0.0065920801238129,1.2861905097961426
694896,745.9264194688363,500,False,0.17167416686608727,False,0.006568155291712386,1.3233721256256104
694976,768.9727298970603,500,False,0.14718338017322616,False,0.0067286715564425816,1.3304507732391357
695088,652.754211389687,500,False,0.3126481903230645,True,0.006740285547084745,1.0871810913085938
695760,755.2150805935504,500,False,0.14652694969024993,True,0.006755341697881952,1.2713557481765747
696416,777.4562433656773,500,False,0.1107711965744566,True,0.006678627601246032,1.1479741334915161
696512,731.6871534831936,500,False,0.2967366279141515,True,0.006623612652705678,1.001680850982666
696816,705.0081400044751,500,False,0.1870806275750082,True,0.006619377676337399,1.0775949954986572
697408,667.1137491954684,500,False,0.11747448556004361,True,0.0066994625087724675,1.152977705001831
697536,765.8476900874946,500,False,0.06294010161928801,True,0.006689828085226704,1.1099932193756104
697664,763.3397197145306,500,False,0.19853278170177677,True,0.0067164685533449954,1.4078574180603027
698064,736.5107989592444,500,False,0.13434807133824367,True,0.006714049298086427,1.3695452213287354
698096,666.1714723862726,500,False,0.13745886983845343,True,0.006747859155217551,0.8641036748886108
698336,732.1485682640541,500,False,0.1587776919007093,True,0.006740013721173365,1.1800575256347656
699808,721.992186983205,500,False,0.2474551822826165,True,0.006720091343721706,1.1329689025878906
700368,690.7667910467634,500,False,0.19207001001410168,True,0.0064295903618713885,1.249319076538086
700544,719.1993643617649,500,False,0.1921090715878786,False,0.00648177578647949,0.9650511741638184
702896,684.3921635348203,500,False,0.22557618841058213,True,0.006485656032824448,1.201967477798462
702976,748.6853272165598,500,False,0.09082670684682263,False,0.006514469282774178,1.085966944694519
703088,738.0470389626569,500,False,0.16275401161664865,True,0.0065023394966115065,1.0585130453109741
703760,654.6457997554536,500,False,0.19727133080130252,False,0.00648450484458976,1.0872347354888916
704416,724.7726118141204,500,False,0.15869358359284286,False,0.006501419271293267,1.0664293766021729
704512,722.2557478235044,500,False,0.11786761087023334,True,0.006449106928959497,1.1827678680419922
704816,690.8344549723,500,False,0.1753061635461472,True,0.006461860928285387,1.159219741821289
705408,615.9803772597783,500,False,0.39936840729534473,True,0.00648727723112055,1.2824621200561523
705536,758.9763378363531,500,False,0.1457390076523252,True,0.006614868820828793,1.1240477561950684
705664,757.9576162074954,500,False,0.2064736195704165,True,0.006627194636953507,1.0792604684829712
706064,697.8795046338219,500,False,0.1345473573502115,False,0.006637814015487545,1.0805959701538086
706096,742.0469533144303,500,False,0.1822451073239007,True,0.006619201313153216,1.1642889976501465
706336,732.5298315594483,500,False,0.21451538184893665,True,0.006608430137541391,1.2820338010787964
707808,678.713011345096,500,False,0.28268431137445843,True,0.006557314492240657,1.0035319328308105
708368,800.71643671,500,False,0.07821190056884593,True,0.006380967077031622,1.1541637182235718
708544,778.3124937740977,500,False,0.04691896813702572,True,0.00645381050689632,1.2772548198699951
710896,767.2965569534617,500,False,0.06421283694784573,True,0.006492443706827617,1.0750935077667236
710976,763.9339504237685,500,False,0.12630648974377967,False,0.0064500798003130555,0.9908864498138428
711088,816.3225031437374,500,False,0.09652315927515276,True,0.00645888736521165,0.9951341152191162
711760,797.3316340779763,500,False,0.1217318976384051,False,0.006467801114990246,1.0814567804336548
712416,724.307987472552,500,False,0.18421419856604507,True,0.006428555090145081,1.1150308847427368
712512,723.9958557802331,500,False,0.0754847501730985,True,0.006443996554810526,1.1571323871612549
712816,804.5952616610674,500,False,0.07192775590253342,False,0.0064625372325643835,0.9869589805603027
713408,691.7838080480219,500,False,0.15944019755654637,True,0.006484114317102623,1.0928196907043457
713536,710.8050278247139,500,False,0.1631256877613313,False,0.00646518460124417,1.089516282081604
713664,758.955725360164,500,False,0.11832395967455912,True,0.006455689561254772,1.329142451286316
714064,699.1108171553972,500,False,0.16174994039850124,True,0.006478401035104881,0.9811346530914307
714096,729.8224219582573,500,False,0.11673674785203372,True,0.006561028008354034,1.0448336601257324
714336,789.8562915565474,500,False,0.08913445702759684,True,0.006567508570527741,1.0125668048858643
715808,751.3678605040234,500,False,0.17993326115881433,True,0.006602605011343125,1.5178587436676025
716368,806.6468437170782,500,False,0.061480939068822266,True,0.006611157895294312,5.890082359313965
716544,768.7960065987509,500,False,0.17627662585397358,True,0.006557126235604511,1.1125560998916626
718896,786.3273384254351,500,False,0.25270519621382653,True,0.006564579350997416,0.8937380313873291
718976,667.090062586713,500,False,0.21449621288727608,True,0.00675357679020644,1.2255442142486572
719088,726.2382610438707,500,False,0.23618558218804475,True,0.0067627754001968856,1.1395783424377441
719760,743.571093184726,500,False,0.165696238907656,True,0.006777758635524981,0.9878413677215576
720416,793.2583425749658,500,False,0.1501300065257087,False,0.006777533672928483,1.4891643524169922
720512,761.749201175268,500,False,0.12712622799248746,True,0.006718627201384426,1.0821107625961304
720816,662.7797097618151,500,False,0.23692869905367256,True,0.0067319645760037265,1.089314579963684
721408,688.4999685196116,500,False,0.1814272846510837,True,0.006715086218811673,1.2695465087890625
721536,744.0336429448633,500,False,0.23613474711935023,True,0.006696919879490677,1.0158424377441406
721664,742.6597531861534,500,False,0.20069500434047782,True,0.006654117589761154,1.3023452758789062
722064,739.759346185961,500,False,0.18003222913591813,True,0.006594848574086167,1.275404453277588
722096,701.8021765114747,500,False,0.1358252528518632,True,0.006504708866226681,1.0876520872116089
722336,747.9299089910263,500,False,0.1516840689322426,True,0.006507046682125915,0.9620268940925598
723808,723.0482667614654,500,False,0.11482398108076836,True,0.0065505868633506095,1.2141382694244385
724368,759.925900246956,500,False,0.15425075285944953,True,0.006496539960897859,1.2074568271636963
724544,776.1727367221363,500,False,0.20388206828784627,True,0.006343913500078889,1.1805033683776855
726896,666.5056707647124,500,False,0.2720639774495356,True,0.006347722212803098,0.9676200747489929
726976,693.0774060425712,500,False,0.21451891997855463,False,0.006351076887890424,1.2132067680358887
727088,690.9511194115979,500,False,0.2406451850535438,True,0.006336859068496346,0.9531130194664001
727760,706.1287075257014,500,False,0.1903733124495578,True,0.006315869032764718,0.9595706462860107
728416,685.6864844043524,500,False,0.17059947182949015,True,0.006396213870126593,1.2454020977020264
728512,751.7105272440332,500,False,0.0243789597052313,True,0.006450035547798572,1.2088377475738525
728816,697.8936479860392,500,False,0.24736113373501378,False,0.006455399186489015,1.4113539457321167
729408,723.609694366118,500,False,0.14738060373403242,True,0.006385579171565537,1.1903117895126343
729536,686.488935259902,500,False,0.16760785015675375,True,0.00631506119732316,0.8261151313781738
729664,705.0684022545953,500,False,0.2009665088598393,True,0.006328166003798654,1.0158519744873047
730064,687.4516937177088,500,False,0.08297978186420121,True,0.006354971123513439,1.2040529251098633
730096,670.1654187889435,500,False,0.1594358677138811,True,0.006416289527268886,1.1026268005371094
730336,666.0118346908644,500,False,0.24672567417755176,True,0.006417208648081899,1.0159454345703125
731808,761.372223301904,500,False,0.13879154040546954,False,0.006428335900940254,1.2046144008636475
732368,662.0038903948436,500,False,0.14896076653999515,True,0.006462280684125377,0.9899346828460693
732544,744.2653770281615,500,False,0.0808935982098108,True,0.006463354480180874,1.119702696800232
734896,760.9092500596477,500,False,0.2034954055306239,True,0.006471821783947713,1.2401847839355469
734976,680.0090454102534,500,False,0.2614921699264414,False,0.006322493838246431,1.104137897491455
735088,718.2757464941931,500,False,0.11334508334852632,True,0.0063128474685631925,1.2545667886734009
735760,735.639812203355,500,False,0.20120536029145172,False,0.006300244784820485,1.1220160722732544
736416,630.9411669866467,500,False,0.26955824612065815,True,0.006389187368833008,1.074737310409546
736512,692.5013270208618,500,False,0.18629649087585726,False,0.006390774818062856,1.0386433601379395
736816,666.6445050272281,500,False,0.2876670091179723,False,0.006415734552110122,0.9705385565757751
737408,763.8840177187171,500,False,0.1998763697677896,True,0.006453418530990292,1.0281505584716797
737536,773.2822777528017,500,False,0.10695104362306058,False,0.006471692017137086,1.1087558269500732
737664,773.6023873878567,500,False,0.18363343198869062,True,0.006449601262872947,0.9558919668197632
738064,642.6920238807576,500,False,0.20864217685206338,True,0.006424884581128491,1.2210273742675781
738096,761.3858077638018,500,False,0.13643952641448778,True,0.006360067824848737,0.9865300059318542
738336,690.7721047277863,500,False,0.16955139665991015,True,0.006353189932539621,1.1228652000427246
739808,739.5628385086026,500,False,0.18380373365578756,True,0.006310261566878188,1.0272701978683472
740368,664.9189741737412,500,False,0.24605255240557725,False,0.006326489777767605,1.1643298864364624
740544,751.7009301037225,500,False,0.12143599686630456,True,0.006379309281335168,0.959613561630249
742896,656.5303597600325,500,False,0.1855460642711474,False,0.006407346377965689,1.2149490118026733
742976,762.7021906902652,500,False,0.2620977626277134,True,0.006270321177149545,1.1390033960342407
743088,717.2059842074888,500,False,0.058754788250760186,True,0.006255369213355932,1.103225588798523
743760,700.6942242931415,500,False,0.16466002832566726,True,0.006230590205661959,1.1296024322509766
744416,670.4053694375717,500,False,0.23615865863649838,True,0.00610366342540209,1.2227818965911865
744512,637.0698271202539,500,False,0.15170933605871714,False,0.006146277152671164,1.0968081951141357
744816,772.0115460299074,500,False,0.12013395378082646,True,0.006159093456572139,1.0192008018493652
745408,687.7038929300088,500,False,0.13688338598836922,True,0.006223511086049524,1.0928218364715576
745536,621.2353040716097,500,False,0.3763439795892139,True,0.006268602625493083,1.3668999671936035
745664,756.9583996532804,500,False,0.31733641612706825,True,0.006264183973109541,1.173229694366455
746064,713.3193613008107,500,False,0.05143269208038188,True,0.00626330210674509,1.0505056381225586
746096,638.3869901340458,500,False,0.28061553832866665,True,0.006207548518617402,1.4342354536056519
746336,671.6016286894179,500,False,0.13057834764255902,True,0.006197620447502769,1.069485068321228
747808,678.6679256990208,500,False,0.2963758796943181,True,0.006198392149919379,0.9694495797157288
748368,793.5287096631907,500,False,0.09167329186996172,False,0.006291020748523454,1.2307612895965576
748544,720.2163684169526,500,False,0.1008940777834703,True,0.006203544300411124,1.2434961795806885
750896,666.5249739311002,500,False,0.20548226749148488,True,0.006142796105909213,15.8051118850708
750976,723.3677376306308,500,False,0.19995030596577318,True,0.006095020936880988,1.1681056022644043
751088,783.1182519042169,500,False,0.1487526427106266,True,0.006083073825119608,1.2006502151489258
751760,704.8954837300072,500,False,0.3127249244279372,True,0.006088297558804923,1.0404586791992188
752416,781.986563504299,500,False,0.15583310414007526,True,0.0060557283346349315,1.1870477199554443
752512,764.6781658412257,500,False,0.11488103854864454,False,0.006118317762314403,1.036018967628479
752816,775.7285538321472,500,False,0.16483849633151812,False,0.006125197889059991,1.135730266571045
753408,662.8863265922029,500,False,0.17363641695556933,True,0.006160398001673757,1.1754167079925537
753536,733.9811576357255,500,False,0.16269273987289487,True,0.006087844808240202,0.9632312059402466
753664,633.4278976804587,500,False,0.22882565307747155,True,0.006098818128168539,1.0586291551589966
754064,730.6199708789479,500,False,0.19654197994297642,True,0.0061321799694017826,1.155644178390503
754096,644.8279985098169,500,False,0.20364681274188398,True,0.006107419785950757,1.1154561042785645
754336,772.4496055411807,500,False,0.14872906213521103,True,0.006105551506981752,1.1322557926177979
755808,789.739223762013,500,False,0.11231380974492225,True,0.0061195800177370405,1.2216500043869019
756368,744.6473198188331,500,False,0.2634558998565809,True,0.006297377038360837,2.5983829498291016
756544,742.525277399672,500,False,0.06351688366303858,True,0.006305032173567072,1.0564695596694946
758896,730.7802507796893,500,False,0.24142162116360227,True,0.006293279853397129,1.1968419551849365
758976,604.6587632043705,500,False,0.21602917141456676,True,0.006123856861865799,1.1722376346588135
759088,827.2532937923753,500,False,0.06670169555326008,True,0.006128492841590394,0.9735298156738281
759760,586.4974208133856,500,False,0.18616793783501248,True,0.006138807741329636,1.1282737255096436
760416,740.7876815297482,500,False,0.189477909919467,True,0.00601384530364475,1.1907474994659424
760512,758.7279084738842,500,False,0.11237004934965264,True,0.006075544194291129,1.0590250492095947
760816,700.3577960654974,500,False,0.1437546485876726,False,0.0060817059347004565,0.882384181022644
761408,765.272952583105,500,False,0.1419309539087965,True,0.006079272295070475,1.056459903717041
761536,787.6649218612359,500,False,0.0737074956649656,True,0.006035391412611051,1.0779510736465454
761664,740.7905941981212,500,False,0.13249884771862327,True,0.0060532162380857795,1.0886805057525635
762064,747.4631274442772,500,False,0.15251541507169863,False,0.006027723355002289,0.9199404716491699
762096,762.0327505876467,500,False,0.07014132621949302,True,0.0060178400075194425,1.299851417541504
762336,584.0867455619193,500,False,0.35437703848383084,True,0.006023663413078915,1.368634581565857
763808,751.1889289313459,500,False,0.08917060938671102,True,0.006117515575105368,0.9459027647972107
764368,717.0298698663997,500,False,0.18761155663721035,True,0.006415815728445468,1.1239005327224731
764544,764.5779196427678,500,False,0.16356016908970367,True,0.006462753425010641,1.2799618244171143
766896,795.3144588876164,500,False,0.12139996350625738,False,0.006436569613252956,0.9745687246322632
766976,721.8386927857106,500,False,0.13763156440986565,True,0.006364573797241997,0.9001824855804443
767088,740.0056878182249,500,False,0.051038576929693984,False,0.006369005935837792,0.9584607481956482
767760,714.6028181634831,500,False,0.13650105770460183,True,0.006405112478799139,1.278993844985962
768416,782.8953859149511,500,False,0.09468934185878186,True,0.006472842515662104,1.199360728263855
768512,609.1786115826769,500,False,0.2240755120264869,True,0.006494607995646288,1.1125175952911377
768816,773.870611804433,500,False,0.09550032624779997,True,0.006487214854201526,1.2292611598968506
769408,727.4652405548079,500,False,0.24562058705785628,True,0.006534474863950491,1.0491456985473633
769536,638.9617810217843,500,False,0.3609164086701338,True,0.0064390987163201,1.0346338748931885
769664,815.5069097239892,500,False,0.09275376874536535,False,0.006412670123802242,1.2972207069396973
770064,755.6926601946325,500,False,0.07982186978594545,True,0.006385992464555056,1.0525023937225342
770096,788.0304773483729,500,False,0.08247102430655646,False,0.0064456248196999065,1.2490339279174805
770336,800.2253356011914,500,False,0.06731700419729796,True,0.006448786307626378,1.0484524965286255
771808,791.4203322217796,500,False,0.11831226765724057,False,0.006469852873882885,1.5277116298675537
772368,751.5232255901931,500,False,0.10357721428297868,False,0.006390025504046995,1.041088342666626
772544,821.8444808622454,500,False,0.062072828668752925,True,0.006372513748440932,1.2581312656402588
774896,682.1899156995095,500,False,0.15058744171884256,False,0.006344485678856093,1.2518216371536255
774976,623.9365724826132,500,False,0.34185931244671003,True,0.006290906161260353,1.1812525987625122
775088,725.623320004527,500,False,0.1367548261638045,True,0.0062770914556798205,0.9555238485336304
775760,707.3202452530687,500,False,0.1368322984612477,True,0.00626686379962323,1.104121208190918
776416,781.6787486472145,500,False,0.06781386131442534,True,0.0062334252592364395,1.0216388702392578
776512,758.4626861723889,500,False,0.1188316274280529,True,0.0062346525994914845,1.3086488246917725
776816,672.2516500599185,500,False,0.3512367576216376,True,0.006256230405062456,1.5558552742004395
777408,726.266300646016,500,False,0.06352117627978522,True,0.006208647427505698,1.0241421461105347
777536,720.9950554210179,500,False,0.17827615618718293,False,0.0061465941612238485,1.2266770601272583
777664,715.7437100666713,500,False,0.06367976131664847,True,0.0061787050980618985,1.195266842842102
778064,712.1211329314184,500,False,0.14074875434036996,False,0.006194364226959613,1.2139532566070557
778096,664.431910920963,500,False,0.4203791371542572,True,0.006211592584258995,1.0200124979019165
778336,800.7414304189596,500,False,0.0670318752207792,True,0.006211346612391994,1.2202143669128418
779808,706.2215064829554,500,False,0.16483647736736962,True,0.006154334125637654,1.1253471374511719
780368,715.0127765145924,500,False,0.19313408307722535,True,0.006116849051865808,1.1167168617248535
780544,716.1728546215062,500,False,0.1543341893292174,True,0.00621168346319478,1.5493581295013428
782896,725.8887700798335,500,False,0.12365914779297296,True,0.006311150228824055,1.0792441368103027
782976,724.2353080374826,500,False,0.1801660260103305,True,0.0062717796453609035,1.134387493133545
783088,725.3806300780985,500,False,0.10376980358318766,True,0.00625560787130768,0.876832902431488
783760,756.847645335472,500,False,0.14674622386827893,True,0.006231167183175006,1.461482048034668
784416,765.0977214471686,500,False,0.11502793666639438,True,0.006142230543207822,1.0879499912261963
784512,625.8426047765838,500,False,0.24384495292443878,True,0.006100011161843701,0.96845543384552
784816,649.6419677851044,500,False,0.13943325740267967,True,0.006084488962439588,1.0325311422348022
785408,665.3559600639877,500,False,0.5126852554214616,True,0.0060733632216049445,2.036485195159912
785536,716.8439161342418,500,False,0.1482499792456359,True,0.006081921021743341,1.4364895820617676
785664,692.0811865640517,500,False,0.1654726113937504,True,0.006079848957613138,1.199622631072998
786064,823.2067309294542,500,False,0.07859751782587988,False,0.0060737575513874105,1.241832971572876
786096,762.7375341291373,500,False,0.1473642974100106,True,0.00600846611091739,1.3971080780029297
786336,755.6965638252458,500,False,0.06529963217288744,True,0.0060020611606359416,1.177726149559021
787808,743.2186462888106,500,False,0.1434050548373032,True,0.005984303884537031,1.1075379848480225
788368,769.9147087495403,500,False,0.08436263707085728,True,0.005977189867439604,1.484592080116272
788544,700.2410431059731,500,False,0.4122831639659937,True,0.006055002652155492,1.2036550045013428
790896,780.2672956805131,500,False,0.08564953715719162,True,0.006083984476734778,1.1149033308029175
790976,720.3676874528649,500,False,0.12020142249863133,True,0.006128320550365246,1.0419397354125977
791088,675.4352161877924,500,False,0.25757011187782686,True,0.006120278004713493,1.1542139053344727
791760,813.2204553303827,500,False,0.1421193194614453,True,0.006113453282334597,1.0147786140441895
792416,710.5246792009203,500,False,0.12939629908121958,True,0.006139453055972287,1.2150630950927734
792512,695.2484961197189,500,False,0.22298670483868346,True,0.006170138148048497,1.2145037651062012
792816,772.9364220537657,500,False,0.08303051869903695,True,0.006143773260781329,0.9274506568908691
793408,788.1167783728569,500,False,0.10878616219563948,True,0.006128578943836619,1.0374175310134888
793536,796.3327369531424,500,False,0.13005080654461504,True,0.006242366301693115,1.1907566785812378
793664,651.0563914291134,500,False,0.25799739842821,True,0.00620547880348525,1.2285902500152588
794064,727.1237287052637,500,False,0.07184532808004507,True,0.006184610298819999,1.1714187860488892
794096,784.3345192984095,500,False,0.12455684348067668,True,0.006225247621739574,1.0982556343078613
794336,741.0116326375829,500,False,0.06648983647721461,True,0.006229224863498812,1.0252549648284912
795808,695.7298494061178,500,False,0.30143247905621845,True,0.006259856843497131,1.340433120727539
796368,709.7003774662224,500,False,0.1624570631235555,False,0.006380528826618499,1.2005298137664795
796544,721.5884338104189,500,False,0.12897845293951055,False,0.006373021897065566,1.405957818031311
798896,772.2047612387232,500,False,0.14641335420993076,True,0.006361546620934326,1.0487854480743408
798976,768.4132783958717,500,False,0.12200246931274676,False,0.0063867994408844525,1.1211596727371216
799088,794.8265449498195,500,False,0.12473798115555725,False,0.006366854888549644,0.9689779281616211
799760,734.3756134170505,500,False,0.09896139542147513,True,0.0063380006174761,1.168348789215088
800416,771.3493717691778,500,False,0.15441963188243862,False,0.006252155010237316,1.1149308681488037
800512,658.8231605515542,500,False,0.1860357183190904,True,0.006292085951674286,1.3851319551467896
800816,757.6683205501764,500,False,0.16950986581488206,True,0.006310124210265714,1.1146876811981201
801408,786.5056958494317,500,False,0.12021603883282879,True,0.0063116872352002055,1.027095079421997
801536,666.0482281103225,500,False,0.09420192519377017,True,0.006238203165700423,1.180597186088562
801664,696.2075142873139,500,False,0.1365323961911384,False,0.0062146926703956825,1.070709228515625
802064,716.5758948660133,500,False,0.1216527493028176,True,0.006184544014012293,1.0157017707824707
802096,813.034033237992,500,False,0.1719668255281848,True,0.006110614076318299,1.3976759910583496
802336,785.2770086672247,500,False,0.13087125530712335,True,0.006102996544950131,1.4738186597824097
803808,701.7410120394658,500,False,0.1286657637519133,True,0.0061798875803676465,1.0863337516784668
804368,677.4593012819362,500,False,0.25494105221020874,True,0.005982348258284603,1.1889395713806152
804544,699.5843975129291,500,False,0.09585579077869337,True,0.00603847670008133,1.2344496250152588
806896,774.2196055848319,500,False,0.125853004138783,False,0.006040164164939941,1.1002990007400513
806976,694.5091439646098,500,False,0.2207416301566215,True,0.005909412329813374,1.1106011867523193
807088,706.7021012631601,500,False,0.17082846591440112,True,0.005936716021325533,1.0559232234954834
807760,654.6078776886391,500,False,0.25214107603879593,True,0.0059854502688795825,1.1921353340148926
808416,779.2084286373789,500,False,0.06758988325001425,False,0.00601491473222728,0.960992693901062
808512,664.2955515503652,500,False,0.18931839784568372,True,0.006094853946165515,1.4022483825683594
808816,782.2334479020344,500,False,0.031519223286959726,False,0.0060965300976953685,1.225818395614624
809408,676.8155154835428,500,False,0.333583681967199,True,0.006136975371300979,1.198250651359558
809536,772.8483540201239,500,False,0.21657687118035837,True,0.006102346535780292,1.2576684951782227
809664,631.7928756668559,500,False,0.2667692880281277,False,0.006086779546279495,1.1117970943450928
810064,736.7795805154523,500,False,0.16981875950029493,False,0.006054802393124724,1.0486170053482056
810096,733.8830183469727,500,False,0.1888954943650267,True,0.006047931126070349,1.0452775955200195
810336,791.1364534045679,500,False,0.11450688680887429,False,0.006044021195360069,1.1711230278015137
811808,777.6397819220437,500,False,0.0592097795023677,True,0.006000629355092098,0.9947066903114319
812368,710.423411944806,500,False,0.2805563985657155,True,0.006134661050075063,1.043717861175537
812544,661.6295726799373,500,False,0.15574214855642604,False,0.006144333299847659,1.040771245956421
814896,793.2665221467803,500,False,0.14303458811840447,False,0.006159099040077716,1.0660268068313599
814976,684.9355125310163,500,False,0.18670423907315775,False,0.006235914454615959,1.3667025566101074
815088,683.7601542913352,500,False,0.18952602581278058,False,0.006224227537689553,1.2571208477020264
815760,779.1138496321611,500,False,0.10579425118685958,True,0.006198261073048569,1.0644210577011108
816416,702.4415649541772,500,False,0.1597880464426382,True,0.006049709071453191,1.0659534931182861
816512,788.2917084160279,500,False,0.11961591088992757,True,0.006013324067886494,1.0437270402908325
816816,729.3352497172247,500,False,0.2404305391603094,True,0.005994036184960415,1.320657730102539
817408,665.3442515403672,500,False,0.19336637631132705,False,0.005926184037951478,1.313462734222412
817536,683.9085462857395,500,False,0.2461997651779121,True,0.005922838547346438,1.164914608001709
817664,740.9158595536787,500,False,0.1202881689420665,True,0.005927654148289457,1.3580164909362793
818064,690.3321052698566,500,False,0.14572300962849738,True,0.00597277682510126,0.98835289478302
818096,697.6091469997382,500,False,0.15378659732600172,True,0.006015699521209237,1.435170292854309
818336,719.5181669279236,500,False,0.19323705911632166,True,0.006015922961242274,1.270237922668457
819808,804.0818294057048,500,False,0.08143762186202477,False,0.005989293218161541,1.0523245334625244
820368,704.652331238734,500,False,0.27842476952896594,True,0.005999510983011353,1.2968268394470215
820544,675.7107529423076,500,False,0.2132104132782553,True,0.006012848862791089,1.1704552173614502
822896,719.5363351895273,500,False,0.12483016476091083,False,0.005984948225082777,1.0992789268493652
822976,763.6879925243826,500,False,0.09087831310341661,True,0.00603459977855844,1.372758388519287
823088,680.4772512600455,500,False,0.23171494259454803,True,0.006041309907541954,1.1556380987167358
823760,709.9726943002324,500,False,0.15970171938131486,True,0.00603989608729747,1.1734619140625
824416,755.1421482970688,500,False,0.15213946910106968,True,0.006081057465958697,0.8954600691795349
824512,639.5508305899683,500,False,0.20291247705101523,True,0.006146023380834713,0.9957648515701294
824816,666.4679148364786,500,False,0.21951426171760563,True,0.006143145601137588,1.017819881439209
825408,700.0096076708596,500,False,0.28048233835352077,True,0.0061642921970723906,0.9293309450149536
825536,678.9928356972835,500,False,0.23642866714322047,True,0.006123512725541733,1.184704065322876
825664,770.0897490898454,500,False,0.06914864922477182,True,0.006090572603981859,5.7000532150268555
826064,637.1044452906254,500,False,0.23904203559971438,True,0.006085325508930422,0.9619262218475342
826096,706.3494903572986,500,False,0.16379232021753676,True,0.0060485282497213366,1.1136083602905273
826336,651.2053935747757,500,False,0.1266296483448454,False,0.00605052590615498,1.085426926612854
827808,761.269397824354,500,False,0.1084170106987379,True,0.006016488461948514,1.0770918130874634
828368,646.7069062375798,500,False,0.2812898590949965,True,0.005874178384882585,1.0147457122802734
828544,655.0912974240637,500,False,0.3069661840315354,True,0.005854408235574289,1.1410468816757202
830896,679.0970600795414,500,False,0.19941434718282836,True,0.005880127224677433,1.1698862314224243
830976,749.8350596352414,500,False,0.18458373545627652,True,0.005908634960544991,1.0649240016937256
831088,726.9542963251561,500,False,0.1499726384847832,True,0.005881971433555883,1.0314290523529053
831760,713.4825442176058,500,False,0.20166518383383047,True,0.00585629855891834,1.138830304145813
832416,724.9017594492899,500,False,0.1056212031341022,True,0.006028159457422509,1.1399142742156982
832512,709.9512252155224,500,False,0.22835757090525688,True,0.006016137108773619,1.000481367111206
832816,715.1582733268286,500,False,0.23965140804710405,False,0.006010617488119144,1.1807315349578857
833408,717.0110806539893,500,False,0.24778625189698406,False,0.006025198163406852,1.0693354606628418
833536,625.1741669868921,500,False,0.21640739760332164,True,0.006058115397563964,1.1333366632461548
833664,726.1031620036459,500,False,0.12919417897833033,True,0.006050002462957523,1.1531686782836914
834064,661.0553215731727,500,False,0.24784347109341184,True,0.006047406616509342,1.2024362087249756
834096,697.0426890750516,500,False,0.40445611449206925,True,0.006059530100037655,1.1728850603103638
834336,719.2773833406723,500,False,0.15231285654197077,True,0.006056061285418633,1.1034389734268188
835808,682.0250261444307,500,False,0.2811114929126248,True,0.00602383448869882,0.9296758770942688
836368,705.5179750102786,500,False,0.11816210357587867,True,0.006142230434470459,1.434706211090088
836544,676.4401029677758,500,False,0.14030056672647404,True,0.006114376947434059,1.03114652633667
838896,803.401294671257,500,False,0.06514298044243656,True,0.006119989893287353,1.2960822582244873
838976,724.2167780479308,500,False,0.09896347252062133,True,0.006002593789154649,1.2587769031524658
839088,738.6552857193639,500,False,0.14821999912240036,True,0.005994567558757945,2.832944869995117
839760,689.9576958208033,500,False,0.2951468061934537,True,0.005982866786792967,1.095322608947754
840416,710.5243419447224,500,False,0.25045865162028,True,0.005912886581044293,1.0992622375488281
840512,610.880484693019,500,False,0.20527544537419073,True,0.006066905703506617,1.376900315284729
840816,692.9688108517461,500,False,0.1953255918429088,True,0.006073894483114735,1.1841174364089966
841408,743.5046446651116,500,False,0.19505011709613967,False,0.006108048849186234,1.2078289985656738
841536,630.8943187941206,500,False,0.29984628292422943,False,0.006102805250962065,1.3032894134521484
841664,684.9169147222686,500,False,0.2512492287468181,True,0.006095385156035705,1.1443456411361694
842064,741.8685013164204,500,False,0.21353416429161018,True,0.006067249127107645,1.142014980316162
842096,687.6292489697223,500,False,0.30833781299033297,True,0.006024542256615771,1.2332712411880493
842336,809.997646178087,500,False,0.03913623221306397,True,0.0060216131784933905,1.2731742858886719
843808,672.8650484015243,500,False,0.09002225753414451,True,0.006029940275878859,1.3035420179367065
844368,644.0138895402412,500,False,0.315160028606464,True,0.005910134387943147,1.004770278930664
844544,708.1100207871419,500,False,0.17182796248052298,True,0.005874158350782143,1.381493091583252
846896,696.8108265853954,500,False,0.17089312791939346,True,0.005892668164508895,3.8803834915161133
846976,717.0561614621281,500,False,0.1624732464559187,True,0.005960968944855173,1.1766345500946045
847088,749.7329211341614,500,False,0.22717241922486434,True,0.005955046937417361,1.2821333408355713
847760,729.4924660251445,500,False,0.12683009013609728,True,0.005959054131489381,1.2561359405517578
848416,791.0904539462155,500,False,0.15007826772443464,True,0.005946889177806845,1.3177616596221924
848512,686.8406321251358,500,False,0.31980199699641,True,0.0059749116374378086,1.0284123420715332
848816,737.1327037231252,500,False,0.19789974874183475,False,0.0059715583475197205,1.161631464958191
849408,665.5954002913119,500,False,0.12859808670435893,True,0.006007008948641604,1.1675472259521484
849536,705.022322625905,500,False,0.13643790397846528,True,0.006232045843255249,1.2252708673477173
849664,665.6160769592891,500,False,0.20409062490208923,True,0.0062451531467567585,1.5108155012130737
850064,726.1912346639527,500,False,0.049022788825598435,False,0.0062141595546527624,0.9929114580154419
850096,650.2315449693356,500,False,0.19489181331932362,False,0.006209266532159281,1.1567569971084595
850336,697.358543824632,500,False,0.236195474014343,True,0.0062015105123484114,1.1815531253814697
851808,672.822685478181,500,False,0.21415903658268975,True,0.006143695340285623,1.2795641422271729
852368,769.5069197658883,500,False,0.11232546026893467,True,0.0061385364879452085,1.2366176843643188
852544,635.772391927438,500,False,0.2310488828408365,False,0.006108046242454942,1.1276881694793701
854896,827.0487001342443,500,False,0.12423775800711662,True,0.006135276635838143,1.2117334604263306
854976,740.0699682955217,500,False,0.12901665093440545,False,0.006291845663514263,1.1508169174194336
855088,733.5124768128784,500,False,0.11577300604766236,True,0.006299854811287401,1.1530300378799438
855760,819.9498168114068,500,False,0.10228749819069421,True,0.006310501571317549,1.1102129220962524
856416,737.9293007656854,500,False,0.11171797756332798,True,0.006323481189307956,1.2128868103027344
856512,714.9520353962812,500,False,0.1515851552910118,True,0.0063525026083419535,1.3706265687942505
856816,742.0993460653893,500,False,0.16555925346940248,True,0.006348805112401985,1.0691218376159668
857408,721.0659534768173,500,False,0.15654495227764342,True,0.006333445672418212,1.268195629119873
857536,716.6312488964776,500,False,0.23181228800905554,True,0.006365157111652707,1.203007459640503
857664,723.3429862212967,500,False,0.12057362390005615,True,0.006378662176774764,1.1967670917510986
858064,784.2921840464101,500,False,0.06834717289673403,True,0.006393033662862604,1.1432719230651855
858096,754.3608816713879,500,False,0.18910835614615243,True,0.006379762514289246,1.241462230682373
858336,724.8068742370924,500,False,0.12312352783699745,False,0.006388246839800774,0.9820332527160645
859808,754.1061027816867,500,False,0.11487752555271583,False,0.0064096228348827725,1.1573762893676758
860368,690.0521323457481,500,False,0.33308055079070525,False,0.006533105078645237,1.0412204265594482
860544,694.1840172074737,500,False,0.3980467348909338,True,0.0064677253170112355,1.091728925704956
862896,826.4006554255416,500,False,0.07529275611177785,True,0.006437663072618884,1.6599609851837158
862976,697.6416543983117,500,False,0.2056392865394774,False,0.006147024009405681,1.1909725666046143
863088,731.2675765126419,500,False,0.12252924015443172,True,0.006144311642111737,1.1464205980300903
863760,790.2758754346877,500,False,0.08200249203687403,True,0.0061642604779499855,1.2671997547149658
864416,679.2357618562833,500,False,0.2136157161113654,True,0.006262878782434602,0.849452018737793
864512,715.0892682512899,500,False,0.241642712637096,True,0.006246498234633991,1.0412544012069702
864816,741.7221722036088,500,False,0.17888330141223346,True,0.006244340892716951,1.0801748037338257
865408,758.2614438584677,500,False,0.14856310030007053,False,0.006276017686495673,1.0944850444793701
865536,712.8591227211353,500,False,0.15318965814971694,True,0.006213273845061052,1.1097538471221924
865664,715.7228947206054,500,False,0.10387638947738857,True,0.006211542620014736,1.288549542427063
866064,700.2480543442185,500,False,0.15243128480838253,True,0.0062179265486057185,1.1760823726654053
866096,738.0108833925533,500,False,0.11671174991297634,False,0.006243999511959922,1.1075809001922607
866336,688.6376736115568,500,False,0.06838735045494647,True,0.006245406843484442,1.2919328212738037
867808,691.8945306494168,500,False,0.17080023680354162,True,0.006288248006300991,1.36212158203125
868368,727.6560737902213,500,False,0.13899167825599384,True,0.006240601383250991,1.0160621404647827
868544,739.9254373760976,500,False,0.17500921367207592,True,0.006211467963057269,1.2811551094055176
870896,731.059667686509,500,False,0.2770418376067675,True,0.006189222866940004,1.1824722290039062
870976,718.5444470334367,500,False,0.08600611747411425,True,0.006152748023229237,1.3297263383865356
871088,771.5625339274055,500,False,0.07938490537106097,True,0.006153905566238426,1.0491890907287598
871760,831.9332930779335,500,False,0.08872811113579353,True,0.006140167178305899,1.002232313156128
872416,745.4153826972988,500,False,0.10969946734489909,True,0.006067267824959247,1.096501350402832
872512,743.7359875831505,500,False,0.11156481382358256,True,0.0060412509194917325,1.021376371383667
872816,693.9937050751754,500,False,0.15473355669007555,False,0.0060559287526098515,1.2886662483215332
873408,745.4169595496049,500,False,0.1577367533835162,True,0.006100694880499983,1.3196731805801392
873536,719.9950042238771,500,False,0.10438917021822638,True,0.006114836055995875,1.453723430633545
873664,803.2140636814397,500,False,0.0676150251434718,True,0.006119057619710307,1.1685051918029785
874064,754.8811351877106,500,False,0.11905960401824706,True,0.006107235445490242,1.1181464195251465
874096,797.5935395642725,500,False,0.053244782016065396,True,0.005978819861102122,0.8887742757797241
874336,753.735851992748,500,False,0.11825100088670588,True,0.005967814292248676,1.082604169845581
875808,728.6633546335673,500,False,0.13755787896429422,True,0.005897370799316779,1.2695257663726807
876368,781.4950946579681,500,False,0.1264252319575098,False,0.005647986261473505,1.1597061157226562
876544,713.8062647570251,500,False,0.28406019352039763,True,0.005661521480202908,1.0395798683166504
878896,733.0519340610144,500,False,0.08184644518968019,True,0.005682409540139218,1.331466794013977
878976,706.3810252740893,500,False,0.15288049088906006,False,0.005728625150190684,1.058945655822754
879088,731.0024129630501,500,False,0.07628442017619924,True,0.005720122721580371,0.9604422450065613
879760,649.4976607348932,500,False,0.29341559939590894,True,0.00571014131040158,1.2331652641296387
880416,674.9459640816294,500,False,0.3237129435169779,True,0.005675973597257157,1.1866869926452637
880512,698.0378593526129,500,False,0.153887645647188,True,0.005651206935553824,1.0039010047912598
880816,770.473954511667,500,False,0.12904676683002358,True,0.0056484062353831565,1.162011981010437
881408,718.4244742951863,500,False,0.14399059239666157,True,0.005631737276330074,1.2643204927444458
881536,778.3320401130533,500,False,0.1356621685732174,True,0.005599853120011345,1.1440467834472656
881664,741.4082687980123,500,False,0.18876439016817545,True,0.005595353717269346,1.1226595640182495
882064,714.7197200635302,500,False,0.12840286626886133,True,0.005590766886264996,1.0292937755584717
882096,780.0261231007938,500,False,0.01680256767053618,True,0.005633629680069022,1.2350605726242065
882336,711.5716050896411,500,False,0.1882820639746407,True,0.005635012423423359,1.2051526308059692
883808,661.7001350011888,500,False,0.21967562609657956,True,0.005654015162186934,1.2507901191711426
884368,763.1754236571016,500,False,0.16216271290323359,True,0.005879628965221343,1.060814619064331
884544,713.3541499078926,500,False,0.07596843442877221,True,0.006013245327431038,1.208708643913269
886896,704.1669983772297,500,False,0.0669358123572882,True,0.006009140869446002,1.457983136177063
886976,721.1871020999704,500,False,0.2066891418561737,True,0.005835992559674967,1.1772595643997192
887088,681.9148017351029,500,False,0.2655306495527214,True,0.0058286570689989525,2.8194901943206787
887760,714.5496229743038,500,False,0.12592713777041964,True,0.005820480008909675,1.014000415802002
888416,790.8272270216097,500,False,0.1010908597755057,True,0.005750045389337594,1.0279545783996582
888512,771.4004263295137,500,False,0.10122736267900015,True,0.0057657679425098295,1.1146761178970337
888816,690.5665036114572,500,False,0.2315122722529466,True,0.005766772034473275,1.0501761436462402
889408,657.3428608042361,500,False,0.4405352933041145,True,0.005793869079536693,1.008620023727417
889536,789.2395693552131,500,False,0.08924375081731278,True,0.005801042900783753,1.0326964855194092
889664,676.623636394984,500,False,0.19065685524677634,True,0.005805724774281122,1.3168870210647583
890064,738.7505399456917,500,False,0.22454996305547942,True,0.005806872234948639,1.340709924697876
890096,686.4454415517226,500,False,0.24853538816510404,True,0.005826960705929085,1.2237327098846436
890336,700.7651702433667,500,False,0.1400616925699197,True,0.0058263731954776915,1.1212620735168457
891808,767.4397747382171,500,False,0.05371198307700703,True,0.005814642228763938,1.0221073627471924
892368,741.965159604157,500,False,0.117310201303705,True,0.005746783625326689,1.3545818328857422
892544,751.6480336617108,500,False,0.28168983966219713,True,0.005619019484169287,1.1805014610290527
894896,718.9115410280418,500,False,0.17834310208372534,True,0.005618133134930061,1.2637152671813965
894976,787.7569161606317,500,False,0.09918457119411846,True,0.005759429545431831,1.102502703666687
895088,777.3540440506799,500,False,0.12401287611594446,True,0.005785957174467693,1.0276342630386353
895760,756.1931077888189,500,False,0.12240419981430407,True,0.0058092208917834036,1.2728952169418335
896416,716.885555653577,500,False,0.08344717435715689,True,0.005775438822899878,1.0526491403579712
896512,768.7509862403683,500,False,0.17952788537872433,False,0.005882093971378049,0.9495033621788025
896816,793.2077053990663,500,False,0.17999750497560532,True,0.005896120076172707,1.368021011352539
897408,797.2721241118755,500,False,0.08109503230733874,True,0.005877072586686431,1.273067593574524
897536,685.8232836017853,500,False,0.09102713306114625,True,0.005939100916980177,1.0753004550933838
897664,685.6089339235551,500,False,0.15601744887274419,True,0.005934415335165989,1.1533844470977783
898064,788.9615274834222,500,False,0.08013208849701314,True,0.005954634242480002,0.9616440534591675
898096,734.7899200120057,500,False,0.16404253637910887,True,0.005946172469649589,1.0274028778076172
898336,780.0582092780428,500,False,0.08377508208345759,True,0.005948015297780387,1.0182336568832397
899808,787.4150549123324,500,False,0.16513934077085057,True,0.00594732943706062,1.1341757774353027
900368,769.3689544468574,500,False,0.13834426361746183,True,0.0058275892738109845,1.2824788093566895
900544,718.70898012367,500,False,0.19219234621097725,False,0.005811638646099641,1.1682744026184082
902896,693.992612432152,500,False,0.23082319073325802,True,0.0058176415145081255,1.1197190284729004
902976,649.019082263015,500,False,0.28331547826083187,True,0.005964845254138209,1.0368515253067017
903088,769.0963656085752,500,False,0.11352269482141078,True,0.005992361035677066,0.9692174196243286
903760,756.1155516808742,500,False,0.05055924411428653,False,0.006011655313405841,1.1868865489959717
904416,679.8153332607295,500,False,0.2731676755589365,True,0.005891011449630182,1.1994493007659912
904512,726.6542604678943,500,False,0.2757393383435522,True,0.005799339771538211,1.2436084747314453
904816,795.8710921868516,500,False,0.08116000757806802,True,0.0057937977531404465,0.9599611163139343
905408,695.9515973422184,500,False,0.270537433634744,True,0.005757744245666928,1.1484962701797485
905536,713.195932351055,500,False,0.1230742776391525,False,0.0056072851754632525,1.1840894222259521
905664,722.6371730670277,500,False,0.14201568973957301,True,0.005593278314724905,1.4361542463302612
906064,704.8643550873143,500,False,0.15756901619185007,False,0.0055899103099338295,1.2606613636016846
906096,754.7214080077106,500,False,0.2348545303858514,True,0.005541555270546615,1.3068935871124268
906336,758.3069718978169,500,False,0.15579818626821715,True,0.005545141626269826,0.9784473180770874
907808,807.313046678923,500,False,0.07649182278748466,True,0.005555142258467346,1.0135688781738281
908368,678.2293866141135,500,False,0.2375085546221268,True,0.005665992248959319,1.2747260332107544
908544,775.9999824186025,500,False,0.07665377849724857,True,0.005796131682434158,1.004658579826355
910896,737.3480891138126,500,False,0.09321928391852927,True,0.005800371072783299,1.329641580581665
910976,754.2327935850303,500,False,0.08840603985666494,True,0.005839589357715421,1.468454360961914
911088,661.1414101558385,500,False,0.23907437001646864,True,0.005839198377070277,1.6406993865966797
911760,828.4043753262976,500,False,0.09379683508202058,True,0.0058687602836392195,1.2109622955322266
912416,685.709477748018,500,False,0.2828514209214521,True,0.006022174632758269,0.8404872417449951
912512,665.7330873841021,500,False,0.20716840390404132,True,0.00607215542022216,0.9930780529975891
912816,683.4279436377117,500,False,0.28369043013572287,True,0.006058150970293419,1.0207531452178955
913408,658.7176957903713,500,False,0.18940787793530245,True,0.0060313115190119785,1.2441551685333252
913536,762.8201908555596,500,False,0.03521457260459611,True,0.006006665806651806,1.5961511135101318
913664,728.6132283100414,500,False,0.20848913582055484,False,0.006007561799998254,1.4879612922668457
914064,784.1338085931949,500,False,0.0927687376053107,True,0.006030434667454916,1.3995327949523926
914096,751.7039435495939,500,False,0.12497294392831068,True,0.006013820729557121,1.0217885971069336
914336,750.5631932176544,500,False,0.20989068938704164,True,0.006008441366060326,1.211195707321167
915808,763.5603280782055,500,False,0.10064055219162511,True,0.005978541882274064,1.2196625471115112
916368,756.0985743275642,500,False,0.10381663626913534,True,0.006033024392329572,1.2498310804367065
916544,710.1455268209581,500,False,0.12471324284214386,True,0.006104233943239646,1.1634321212768555
918896,832.7213969430027,500,False,0.07720241214832348,False,0.006127649837476982,1.2162564992904663
918976,710.097014038823,500,False,0.13699009821495992,True,0.006144377657468793,0.9351272583007812
919088,739.8849496582864,500,False,0.10664748602480809,True,0.006153048422611308,1.1910690069198608
919760,737.3102721716101,500,False,0.10220745757796489,True,0.006157821461483076,1.2313919067382812
920416,749.5239952456549,500,False,0.09481866034484765,True,0.006170700819715521,1.0512809753417969
920512,707.4255719330338,500,False,0.06708786203685148,True,0.006036031570734024,1.0885915756225586
920816,744.1934793778238,500,False,0.09542964098206347,False,0.006016126616659188,1.1591436862945557
921408,705.3258453887562,500,False,0.20071855039469066,True,0.0059980974495113994,1.4061775207519531
921536,692.4379154839485,500,False,0.27693509297014857,True,0.0059854831571574075,0.8913308382034302
921664,684.7868583885571,500,False,0.13750580136081428,False,0.005985870966150346,1.2781429290771484
922064,747.33114752461,500,False,0.1484889094309961,True,0.005974528662889516,1.27974271774292
922096,798.602502405742,500,False,0.17688800618100825,True,0.00595918567428691,1.0945613384246826
922336,805.2328024421531,500,False,0.16435277616460212,True,0.005957094783597003,1.0828883647918701
923808,671.1567218132429,500,False,0.18213550128324016,False,0.005931777828543465,1.1281843185424805
924368,690.673322088359,500,False,0.24430540363407333,True,0.00602020365859154,1.2561471462249756
924544,784.6097607097475,500,False,0.17501244433450802,False,0.005984864244155961,1.1755632162094116
926896,793.7048266734628,500,False,0.052790062166051775,True,0.006034300376299029,1.4014911651611328
926976,696.1214453865979,500,False,0.13793557875659399,True,0.006043396821180065,1.1937096118927002
927088,754.5250837134571,500,False,0.11006665088021807,True,0.006038426949290291,1.1970114707946777
927760,792.2114535845031,500,False,0.06088857457574595,True,0.006035224372036798,1.2339144945144653
928416,733.1613341123643,500,False,0.14059855588861153,False,0.006016207375373137,1.586946964263916
928512,805.4769426743759,500,False,0.1632179178649579,True,0.0061587144261195485,1.11471688747406
928816,746.7986044857695,500,False,0.11584502360378883,True,0.00618919124963824,1.125168800354004
929408,671.0320220126371,500,False,0.17398587505004814,True,0.006204569120078539,0.9216632843017578
929536,750.9212146736776,500,False,0.14575200762713064,True,0.006219546379723195,1.2346724271774292
929664,790.3103336694224,500,False,0.14525854736967372,True,0.006199218934183178,1.1579201221466064
930064,754.6356805671548,500,False,0.09061938093946645,True,0.006167353969403472,1.0598822832107544
930096,709.5204484787151,500,False,0.0854348231610036,True,0.006158844062342115,1.2227935791015625
930336,751.3826750809011,500,False,0.05945562174744736,True,0.0061640655926636125,1.2141852378845215
931808,816.9666876900554,500,False,0.11981314843168511,True,0.0061821630767327955,1.2867629528045654
932368,671.2574107387674,500,False,0.1727660991571257,True,0.0059907239346664665,1.2359542846679688
932544,737.9990548472251,500,False,0.1488272893175849,True,0.005979309754439141,1.0486222505569458
934896,747.7113870535309,500,False,0.1437416885006319,False,0.0059769508380361925,1.2545639276504517
934976,720.9160898201357,500,False,0.08422460984749075,True,0.00618647090649388,0.9652636647224426
935088,716.3627345231852,500,False,0.1200679236890723,True,0.006178020752654274,1.181485891342163
935760,621.2970707635378,500,False,0.34404606098815327,True,0.006164711896950817,1.238606333732605
936416,764.6182117836853,500,False,0.16229473899786756,True,0.00604768882870795,0.9959745407104492
936512,686.898542380669,500,False,0.3285913141464176,True,0.006081993292883029,1.1056954860687256
936816,681.4657459226297,500,False,0.10764526712226173,True,0.006074415912687379,1.0847437381744385
937408,669.6732968758226,500,False,0.21041984619167395,True,0.006090394802686595,1.2591421604156494
937536,745.7741367017486,500,False,0.14513132321322184,True,0.005995815095919913,1.0946245193481445
937664,701.6967911847054,500,False,0.06134254043040538,True,0.00599072397280388,1.0809361934661865
938064,758.6967939398623,500,False,0.1334540195232436,True,0.005981140094165577,1.0948734283447266
938096,714.4453920766282,500,False,0.25607152073380707,True,0.005961342506954674,1.1586415767669678
938336,712.9370287646832,500,False,0.16907515516005142,True,0.0059629540456111844,1.1593928337097168
939808,682.4501918248784,500,False,0.2546604714560268,True,0.00600108777407505,1.1111929416656494
940368,737.3984708532023,500,False,0.19297095599577166,False,0.006006906553963777,1.0008556842803955
940544,802.4656465968973,500,False,0.1446186056804093,False,0.005951610669503044,1.1899640560150146
942896,757.4479301447433,500,False,0.12478556297483469,True,0.005956151424859572,1.2026180028915405
942976,750.3625041235355,500,False,0.17083231267274623,True,0.005920561035829012,1.134750485420227
943088,752.7558247852189,500,False,0.1537897069873539,True,0.005898548540385405,0.9656503200531006
943760,790.5596343853219,500,False,0.21236895774983877,False,0.00586752358429935,0.9538681507110596
944416,699.3105622813835,500,False,0.13846910712078042,True,0.0058379713127479456,1.037787675857544
944512,768.720221718074,500,False,0.07574919412600654,True,0.005864657810590004,1.008514404296875
944816,762.96009897815,500,False,0.11118500945926407,False,0.005886756151957206,0.9484997987747192
945408,717.4513813933833,500,False,0.1742000091109042,True,0.005875375653272724,1.112368106842041
945536,750.670150391807,500,False,0.20665057644219603,True,0.005848562741003128,1.1450093984603882
945664,725.1726717444393,500,False,0.2522880202179926,True,0.005838333665757532,1.2387499809265137
946064,681.3306336187409,500,False,0.15810394076585477,True,0.005815303349392778,1.0426656007766724
946096,724.1839388109632,500,False,0.17016057724933645,False,0.005744105592071653,1.129251480102539
946336,724.4306121564025,500,False,0.19057890928360988,True,0.005748875492844621,1.0432682037353516
947808,732.1867815969892,500,False,0.1982309092578783,False,0.005706228385650287,1.3375368118286133
948368,694.1949967091792,500,False,0.06378128726815362,True,0.00557892077796805,0.9718760251998901
948544,733.5084910937546,500,False,0.19324154305272162,True,0.005515210891142206,1.26474928855896
950896,755.9314784963254,500,False,0.1245640715911138,True,0.005587318753198852,1.0560296773910522
950976,691.0127120746317,500,False,0.25926087680643595,False,0.00559348757748709,1.1064563989639282
951088,777.9633315816394,500,False,0.044526058061570985,False,0.005609529547590421,0.9914243221282959
951760,755.010251489849,500,False,0.21184999281115144,True,0.005634517295279901,1.3472836017608643
952416,675.9827657885166,500,False,0.16917221380880554,False,0.00567251841147595,1.019927978515625
952512,705.4432039146607,500,False,0.16644295207726556,True,0.005664051137307004,1.1208902597427368
952816,725.9026049609336,500,False,0.1966014912697922,True,0.005677796189219558,1.020121693611145
953408,694.7849476001206,500,False,0.23051094587261356,True,0.005694108456624876,1.0620495080947876
953536,761.5628969195433,500,False,0.26696190921509416,True,0.005751916082169443,1.310908317565918
953664,758.6990528794661,500,False,0.08761854516820601,False,0.005769487254111389,1.110858678817749
954064,664.3856608197924,500,False,0.1756521971914553,True,0.005785523827837152,1.0745453834533691
954096,676.0569549702104,500,False,0.3373711121400374,True,0.005811969394677782,0.9516879320144653
954336,747.0333825336187,500,False,0.12595269719552593,True,0.005814226365625412,1.1359386444091797
955808,783.3687636929516,500,False,0.20445583761106337,True,0.005840462525026198,1.050206184387207
956368,681.6604556198068,500,False,0.08240920627408053,True,0.006134391185550998,1.272438406944275
956544,786.4034047083651,500,False,0.14833148710781607,True,0.006017500148097913,1.1235947608947754
958896,739.952303545293,500,False,0.08529405126027981,True,0.005943877920627673,1.2419359683990479
958976,767.9587305288376,500,False,0.09089694387437115,False,0.005753702908007806,1.0783888101577759
959088,751.3094514081351,500,False,0.07172876487946207,True,0.005749427137407462,1.258218765258789
959760,755.4663754898893,500,False,0.21105043823001968,True,0.0057528423780229205,1.0792696475982666
960416,786.1837927376782,500,False,0.13679548813503947,False,0.005768673639526864,1.0436160564422607
960512,729.1323737257641,500,False,0.09508322875167895,True,0.005675369767549734,1.4133381843566895
960816,750.5016050295452,500,False,0.06020187725845724,True,0.005681642091345764,1.285306453704834
961408,673.2741767586136,500,False,0.25248198732496563,True,0.005670090004119373,1.0701284408569336
961536,766.5029391121215,500,False,0.14897473122284446,False,0.005729740480615129,1.2945144176483154
961664,732.5797367641895,500,False,0.09643501858322351,True,0.005760452975052082,1.066643238067627
962064,742.7344189511136,500,False,0.1618516373989272,True,0.0057997238612456006,1.0683009624481201
962096,678.8587250705611,500,False,0.18176614825396495,True,0.005872202058947686,0.9883496761322021
962336,548.3525134748273,500,False,0.6485540105755431,True,0.005877389840349601,1.0030550956726074
963808,747.0512807236582,500,False,0.20575892141563767,False,0.005929244276974961,1.0128684043884277
964368,737.0111252280504,500,False,0.1715204766960416,True,0.005875536624737374,1.0237454175949097
964544,726.6649715112939,500,False,0.1467892396859748,False,0.005887377736413209,1.209944725036621
966896,790.6088134419211,500,False,0.06963716030770402,False,0.005901099937403508,1.331361174583435
966976,751.9070981943975,500,False,0.10445086073035484,True,0.005691934697680658,1.0648152828216553
967088,682.9707885870833,500,False,0.27855327026441673,True,0.0056872772559668164,1.0688936710357666
967760,808.7809958667567,500,False,0.1433946840668356,False,0.005682026765781409,1.220227599143982
968416,685.1575527976237,500,False,0.22160725873574066,True,0.005780693777454859,1.2727580070495605
968512,786.0959604922882,500,False,0.11160775631698112,True,0.005936263783357307,1.0515451431274414
968816,811.6437782593594,500,False,0.08944211350485715,True,0.005959182346698412,1.1518744230270386
969408,818.7197657521075,500,False,0.05144702098212341,False,0.006013487122904362,1.129537582397461
969536,737.4643238607641,500,False,0.22507352815755527,True,0.006079863709109096,1.2622381448745728
969664,675.4979834691972,500,False,0.2012769684050522,True,0.006083781480067661,1.1605255603790283
970064,769.6599923705143,500,False,0.08151529645052873,True,0.006100981919808921,1.110045313835144
970096,673.3819721579139,500,False,0.1775243731452614,False,0.006062421385135129,1.084338903427124
970336,756.2696254394448,500,False,0.09208204529372745,True,0.006048256911572668,1.315831184387207
971808,840.1496124394421,500,False,0.19160647647319348,True,0.00600161545961681,1.1504228115081787
972368,728.9047121734746,500,False,0.13778325570695615,False,0.005873250181289785,1.013474702835083
972544,810.5201118591727,500,False,0.08648787480263072,True,0.005896263394993319,0.9888887405395508
974896,755.6181813108592,500,False,0.14480376038407708,True,0.005898742120365126,0.9057812690734863
974976,752.699949474105,500,False,0.189172420535594,True,0.005872398417560726,1.0093530416488647
975088,701.8398200028711,500,False,0.09949836039845762,True,0.0058815523111342815,1.2129687070846558
975760,782.1984578259223,500,False,0.11105505056238389,False,0.005890525510808347,0.8964502811431885
976416,701.1109421160556,500,False,0.22533452099283208,True,0.0060246239850886415,1.0792726278305054
976512,725.7916725588615,500,False,0.2516246407973789,True,0.006081410681320896,1.2174217700958252
976816,594.8761331609732,500,False,0.19716553361107933,True,0.006087097610130636,1.2314648628234863
977408,755.8334809850656,500,False,0.2559356622835003,True,0.0061190489982787,1.4874687194824219
977536,732.9436686908955,500,False,0.10927920544368745,True,0.006122849690176888,1.2721779346466064
977664,757.548435720292,500,False,0.1147159384670188,True,0.006104717589137706,1.121058464050293
978064,661.23469847073,500,False,0.2681306490672198,True,0.0060765847101858905,1.0449565649032593
978096,733.6724022330609,500,False,0.19992718379204474,True,0.006036514887209463,1.0296368598937988
978336,707.6195777251447,500,False,0.08845997107028208,True,0.006037405944023074,1.0841223001480103
979808,669.8248532988262,500,False,0.1922014232367933,True,0.006052275722665944,1.0553412437438965
980368,801.1059727399644,500,False,0.0035418816759381004,True,0.006063648617387561,1.1888684034347534
980544,809.8974400075724,500,False,0.0998979994064134,True,0.005944000509779893,1.1747701168060303
982896,737.468896209034,500,False,0.17988169133805187,True,0.0058767840529336726,1.2321348190307617
982976,761.2904902226755,500,False,0.07380517284463273,True,0.0059776336683141475,0.877355694770813
983088,642.5952363965658,500,False,0.2706058854046597,True,0.00599237536907823,1.1448125839233398
983760,725.7869194487098,500,False,0.30039548213326883,True,0.0059956465385294,1.183990716934204
984416,744.5370376648617,500,False,0.16710405415811128,True,0.006074445133652552,1.1622658967971802
984512,774.3444010162232,500,False,0.1365049025842637,True,0.006008725844545902,1.2316827774047852
984816,703.6141051032814,500,False,0.14651628126262253,True,0.006010637865447851,1.0347964763641357
985408,775.2584742929856,500,False,0.12983807358974203,True,0.006004781957565557,1.0864760875701904
985536,767.9409178010955,500,False,0.03271746588906807,True,0.005978849675201132,1.2521601915359497
985664,778.9460538105426,500,False,0.12000030678880894,True,0.005976842975099798,1.0162010192871094
986064,711.5726799404576,500,False,0.09245247007893354,True,0.005977449228030639,1.2107751369476318
986096,761.1975007513049,500,False,0.1250638961885013,True,0.005990933483174075,1.0585777759552002
986336,754.582655733645,500,False,0.1383833084832826,True,0.005991844467875449,1.501143217086792
987808,725.953115799469,500,False,0.08945596748734816,True,0.006011039998651916,1.0828022956848145
988368,652.1759458714995,500,False,0.21641964397063165,True,0.006064405760081906,1.0348657369613647
988544,764.0392346576568,500,False,0.05835958566633193,True,0.006101721926289132,1.163787603378296
990896,781.1862626381698,500,False,0.05575430204577474,False,0.006117931095194391,1.4635531902313232
990976,819.4271879474736,500,False,0.09760552492241893,True,0.0059401589341611495,1.1462072134017944
991088,803.151978717654,500,False,0.0856135816071257,True,0.005922240789482406,1.0802686214447021
991760,662.5713159630258,500,False,0.26985991387198993,True,0.0059126850520027,1.196052074432373
992416,712.2255116587953,500,False,0.07791131170934669,False,0.005965222772061421,1.4363412857055664
992512,783.6003821214489,500,False,0.13652924611054318,True,0.0059635137419053385,1.1545337438583374
992816,743.4662838033082,500,False,0.18153948308748946,True,0.005958341743302029,1.1362618207931519
993408,779.0534919131076,500,False,0.0754587848789467,True,0.005938792943209046,0.9806313514709473
993536,724.6756627302235,500,False,0.0758567508744433,False,0.0060472670455077315,1.1539688110351562
993664,799.3734187355993,500,False,0.019442852789261257,True,0.006056718237231467,1.0914342403411865
994064,733.6622481699258,500,False,0.10422138797251254,True,0.006077682118669883,1.3257646560668945
994096,690.0157494486847,500,False,0.1882289913795498,True,0.006111779674187938,1.0155599117279053
994336,741.6527108803905,500,False,0.06665487493404419,False,0.006108878830872987,0.9043838977813721
995808,675.3907316252053,500,False,0.21392641138220098,True,0.006098294106355836,1.1439701318740845
996368,726.9277998237161,500,False,0.24414751222408515,True,0.006071550151722243,1.4061009883880615
996544,683.8878377837569,500,False,0.22319567717813862,True,0.005934949891667916,1.1363506317138672
998896,734.392905909506,500,False,0.15859259069803475,True,0.005892194315558482,14.610370635986328
998976,776.3694998914741,500,False,0.1379723627255859,True,0.005630911743911471,1.0763111114501953
999088,767.6542157812469,500,False,0.11285276999454041,False,0.0056311058314224265,0.9463608264923096
999760,832.6471819954073,500,False,0.10397498705090308,False,0.005620707397474368,1.051727056503296
1000416,788.9529852007314,500,False,0.13913183727321266,True,0.005737165961743597,1.4653940200805664
1000512,794.5747278677286,500,False,0.06074671142174187,True,0.0057547298964619265,1.1881093978881836
1000816,772.5429460116414,500,False,0.01248789508084865,True,0.005758064116614852,1.271503210067749
1001408,785.2724695560169,500,False,0.08173860621762842,False,0.005737727739580639,1.2386362552642822
1001536,741.1322831191804,500,False,0.07716104942412084,False,0.00572314962474869,1.2441413402557373
1001664,823.2616816107634,500,False,0.11827762405736474,False,0.0057251159000242125,1.2510788440704346
1002064,742.5730059363005,500,False,0.2332236178439423,True,0.0057071216493728,1.149828314781189
1002096,755.1088583211134,500,False,0.202819226834986,True,0.005661671090163191,1.1963971853256226
1002336,833.2557103328041,500,False,0.1909752286738605,True,0.005657939621794411,0.9678941965103149
1003808,737.9457094821868,500,False,0.17944076642366233,True,0.005600281364550946,1.040640115737915
1004368,734.8021795614004,500,False,0.12597608490534073,True,0.005784650181407552,1.2080905437469482
1004544,737.6551562566231,500,False,0.21675125704119452,True,0.005713365014521132,0.8964735269546509
1006896,778.3499538344245,500,False,0.13532866706152963,True,0.005709247231540452,0.9265003800392151
1006976,809.9924426454899,500,False,0.06032513693185921,False,0.00572373500236642,1.0058038234710693
1007088,659.9090868139477,500,False,0.1942578134183133,True,0.0057130455329266585,1.0539302825927734
1007760,762.0996194577626,500,False,0.45417113470892045,True,0.005692394280383996,1.1937751770019531
1008416,697.7798110548571,500,False,0.07997695590081869,True,0.005766135815735005,1.0408565998077393
1008512,802.6698968172667,500,False,0.036460521918682195,True,0.005736955781182952,1.0460247993469238
1008816,755.1175119856109,500,False,0.03678285438602795,True,0.00572901171496238,1.110741376876831
1009408,726.3508015649063,500,False,0.07226718194844911,True,0.005685382789838669,1.0790165662765503
1009536,686.1618953327829,500,False,0.15031023964388415,True,0.005691542558334179,0.9940158128738403
1009664,781.371699299159,500,False,0.10254392968479323,False,0.00567762756061027,1.0656685829162598
1010064,724.0017161020905,500,False,0.18583067166064532,True,0.00565788804004894,1.3085048198699951
1010096,705.8438879148223,500,False,0.06733771062243787,True,0.005602723130484821,0.9048466682434082
1010336,763.1256689474787,500,False,0.02454824341797035,True,0.005604589982576119,1.1196893453598022
1011808,684.5065290502652,500,False,0.1231688867018819,True,0.00558170497908243,1.1104224920272827
1012368,774.4923402590746,500,False,0.08865288564120155,True,0.00539185105471801,1.2128031253814697
1012544,755.0499448305948,500,False,0.05888594226862528,True,0.005325097225901393,1.1507813930511475
1014896,769.8289126706713,500,False,0.12108326695931163,True,0.005301213938054588,0.9420655965805054
1014976,694.108622630908,500,False,0.11976765866775382,False,0.005425825418949536,1.2110720872879028
1015088,787.9492254347583,500,False,0.08303450143714215,True,0.005419639010487329,1.2576398849487305
1015760,793.9275866317172,500,False,0.08796234350160582,False,0.005405363935424808,0.9878096580505371
1016416,760.3776246346179,500,False,0.17471521972922924,False,0.0053796502699511375,0.8141571283340454
1016512,796.0545968735117,500,False,0.08230746739938634,True,0.005345144074677607,0.7846323847770691
1016816,757.4494608770692,500,False,0.15658906130486566,True,0.005341174927532075,0.9941489696502686
1017408,731.1733183638346,500,False,0.22902776025359847,True,0.005413144450414781,1.0612223148345947
1017536,768.0629855955129,500,False,0.13820406119485087,False,0.00553832389051355,1.0062146186828613
1017664,768.7873932051815,500,False,0.06409862969024278,True,0.005550504309787774,1.0949666500091553
1018064,727.752559889546,500,False,0.0814363453272624,True,0.0055422597228622535,1.1329352855682373
1018096,656.2888919937277,500,False,0.30493898234106576,True,0.005534643346220306,1.1135430335998535
1018336,778.9915076791816,500,False,0.04699226469333537,False,0.005529344485678289,0.9591262340545654
1019808,800.8209029310606,500,False,0.10032209720670293,True,0.0054636934584762304,0.9991753697395325
1020368,749.4183119199855,500,False,0.16436130474638105,True,0.005386933650862444,0.9751009941101074
1020544,688.905807983576,500,False,0.1475333950001466,True,0.005381153742469247,0.8969038724899292
1022896,808.1969652855887,500,False,0.054808023838725926,True,0.005364700358965145,0.936657726764679
1022976,716.5711638795241,500,False,0.1698839764608764,True,0.005257213586481343,1.21917724609375
1023088,775.7896567255065,500,False,0.12179471476865456,True,0.005265528268785151,0.9145803451538086
1023760,717.9966618255536,500,False,0.11400484228035242,True,0.005274743050145325,1.0858333110809326
1024416,838.9676383732694,500,False,0.08292374586859531,True,0.005105573547432053,0.8999923467636108
1024512,719.9435522860655,500,False,0.0716011766233479,True,0.00506859331750095,1.030409812927246
1024816,744.1952773272044,500,False,0.22541716174782303,True,0.005077540233954807,0.8740101456642151
1025408,805.0720924199923,500,False,0.0444277974340669,True,0.005081273190363865,1.0782465934753418
1025536,717.6607562351747,500,False,0.20624724010002907,True,0.005111323108769435,0.9409370422363281
1025664,683.1766136178251,500,False,0.15492027804600647,True,0.005109790590604355,0.8068137168884277
1026064,746.729398691334,500,False,0.21024259770225334,True,0.0051410496727725425,1.24301016330719
1026096,718.7809352406301,500,False,0.03025120470945088,True,0.005205203398629667,1.081567645072937
1026336,665.1287872229988,500,False,0.25905924491036675,True,0.005201443537023374,1.214015007019043
1027808,733.2054658075301,500,False,0.09746216276189588,True,0.0051768465473898215,1.1469566822052002
1028368,776.9275415220519,500,False,0.09281523465733763,True,0.005016191527870042,1.1899889707565308
1028544,818.0410851265946,500,False,0.011803633081871191,True,0.005025694719170906,1.1270203590393066
1030896,727.6562072309913,500,False,0.1348634317079955,True,0.0049906164997581106,1.09293794631958
1030976,747.5049521261603,500,False,0.09033784938157989,True,0.004530668344507281,1.159682273864746
1031088,698.2585046048115,500,False,0.2097513344407484,True,0.004514512346145303,0.9640632271766663
1031760,801.7063076249401,500,False,0.08880741927128045,True,0.004503994815581595,0.8576114177703857
1032416,771.9480763460838,500,False,0.0988734636734773,True,0.004582264455273125,1.1516659259796143
1032512,739.9017880829749,500,False,0.15156143451309165,True,0.004586817545408744,0.9289605617523193
1032816,744.9999505763404,500,False,0.07756792278273048,True,0.004588040004834296,0.8763723969459534
1033408,779.710234036435,500,False,0.197988294070025,True,0.004574373974217154,1.0689008235931396
1033536,750.4428493832346,500,False,0.1667753635820051,True,0.004564969540126527,1.0142545700073242
1033664,749.483360907524,500,False,0.26724517860609837,True,0.004599629811705775,0.8298641443252563
1034064,789.3337591572663,500,False,0.04352297173973129,True,0.004617675930430561,0.9565674066543579
1034096,650.4072758558885,500,False,0.3577562221821488,True,0.004644931970029986,0.8228887319564819
1034336,829.6118808613128,500,False,0.026420141859542105,False,0.004643672628775621,0.9947673678398132
1035808,778.5347730861612,500,False,0.0719827188796758,True,0.004647333215012218,0.8980307579040527
1036368,811.9563873501132,500,False,0.14311873195783945,True,0.004561412279450801,1.0311007499694824
1036544,772.2539129875357,500,False,0.09586516875602669,True,0.004691231917330201,0.958541214466095
1038896,779.993575669882,500,False,0.053433781841550405,True,0.004735217372635637,1.012099027633667
1038976,752.483122441779,500,False,0.07061938965699009,True,0.004944567284840573,1.0188302993774414
1039088,758.7759701134115,500,False,0.07119441406968655,True,0.004945120405970818,0.8342903256416321
1039760,794.2122615066437,500,False,0.026903474604314873,True,0.004931569530110763,0.9192801713943481
1040416,736.3264792016381,500,False,0.09169166295932607,True,0.005017068981270475,0.9410638213157654
1040512,788.4095734827248,500,False,0.04276925098345676,True,0.005003616158302865,1.0385032892227173
1040816,743.4537550299635,500,False,0.07385789532301634,False,0.005001118128021339,0.9301551580429077
1041408,788.1009357789395,500,False,0.10233564686930136,True,0.0049561105940047565,0.9936875700950623
1041536,655.0213946476063,500,False,0.24188820233063463,True,0.004950832368799532,1.0012887716293335
1041664,776.4449481717891,500,False,0.06822988243733508,False,0.004929365497082991,1.0222532749176025
1042064,717.0444045481718,500,False,0.20800496302844101,True,0.004909997156480808,1.1938424110412598
1042096,817.3753085195123,500,False,0.08089965893139055,False,0.004904298860274837,0.9122973680496216
1042336,817.213877480847,500,False,0.12345349500888603,True,0.004906493257495324,0.8583944439888
1043808,700.9268950872033,500,False,0.2280114923353587,True,0.004929305104221322,0.93825763463974
1044368,727.9216958032342,500,False,0.17650261708132228,True,0.004920692248358821,1.014963150024414
1044544,793.6391942494569,500,False,0.07744831456968826,True,0.004841392520034479,0.9322259426116943
1046896,754.2250049258424,500,False,0.1388935956986693,True,0.004824364029465498,0.8624897599220276
1046976,765.8397452321678,500,False,0.08309936409714391,True,0.004708689710478086,0.9912942051887512
1047088,733.296917642134,500,False,0.15118544261404882,True,0.004720576692470966,0.8629515171051025
1047760,772.2458619324605,500,False,0.03889969065107619,True,0.004729277389259942,1.0463547706604004
1048416,785.9465634487777,500,False,0.06896584143228138,True,0.004752204885066029,1.0115803480148315
1048512,821.5094806438606,500,False,0.03168971441484803,True,0.004764180690012639,0.9992626905441284
1048816,783.7341088720844,500,False,0.09895139537429444,True,0.004783426196541654,1.1167420148849487
1049408,711.8288101783278,500,False,0.058547852861229,True,0.004800848383230913,0.9453966617584229
1049536,767.352880963885,500,False,0.07515509429722435,True,0.00486756495359622,0.9280058145523071
1049664,788.4554265111553,500,False,0.0931906419477278,False,0.004868168348615513,0.8834933042526245
1050064,831.6363204476245,500,False,0.09710625205085104,True,0.004853015202463286,0.8090614080429077
1050096,774.0119131833451,500,False,0.12950455324732896,True,0.004853473428103987,0.9552124738693237
1050336,734.8997009424211,500,False,0.1236948556343144,False,0.004853858893924315,0.9358905553817749
1051808,759.0925254743782,500,False,0.09995710949643188,True,0.004804041409506589,1.0644283294677734
1052368,737.5433510796926,500,False,0.12595404742512448,True,0.004775045159608203,0.8556527495384216
1052544,853.0540691188111,500,False,0.062096598458087994,False,0.004820085426905088,0.8741658926010132
1054896,721.9433934888173,500,False,0.06517427390055025,True,0.004850153889578457,1.3125361204147339
1054976,680.069209599976,500,False,0.17976853205537727,True,0.00468462870499038,0.9398565888404846
1055088,778.247356599006,500,False,0.15914369674072412,True,0.004686116363361431,0.9147762060165405
1055760,775.9749184520055,500,False,0.1256047596566219,True,0.004692259134289798,0.9604951739311218
1056416,715.6334068213527,500,False,0.27051628098619035,True,0.004615657332810773,1.0010716915130615
1056512,765.9223286428339,500,False,0.14628947451528482,False,0.004620660594631999,0.7123866081237793
1056816,787.1450796611991,500,False,0.10249329649667621,True,0.004637460054806685,0.9537606239318848
1057408,822.9460896874276,500,False,0.07892332919338829,False,0.0046481769830739855,0.8493561148643494
1057536,754.5509191587952,500,False,0.07877134730687384,True,0.00464521243013047,1.0358257293701172
1057664,795.7532239283987,500,False,0.061330512190586745,False,0.0046670740543612345,0.8922065496444702
1058064,833.0114293262578,500,False,0.06134945199360093,True,0.004692312769601601,0.8421919345855713
1058096,739.6083162501907,500,False,0.15772853047994892,True,0.004691289765360626,0.9939571022987366
1058336,789.0379399845838,500,False,0.09395481960265029,True,0.004691144982096149,1.1192148923873901
1059808,756.2623960107112,500,False,0.06597625946047674,True,0.004735144825292634,0.9317383766174316
1060368,779.6268211380363,500,False,0.18750337112161267,True,0.004745859422318037,0.9022142887115479
1060544,839.6638631220544,500,False,0.07001432048255206,True,0.004686865380461778,0.7360162734985352
1062896,766.3992769607557,500,False,0.04872592381488821,True,0.004669211982056462,0.8077648878097534
1062976,816.7399359081895,500,False,0.14425628976147217,True,0.004778338431359984,1.057511806488037
1063088,771.090400639523,500,False,0.08178106402406085,True,0.004793655339511575,0.8265068531036377
1063760,787.3390198625648,500,False,0.060437131323267175,True,0.004812470155259446,0.7479519844055176
1064416,794.3649704073453,500,False,0.10264668851254394,True,0.004807947423030142,0.9774619936943054
1064512,807.1388125923226,500,False,0.06701610584202092,True,0.004818498771538549,0.7734646797180176
1064816,793.0632724013532,500,False,0.06090976978452142,True,0.004801011909776092,0.8093966245651245
1065408,768.8696303855045,500,False,0.1706194277195358,True,0.0047537475171018735,0.8609081506729126
1065536,728.9550088618329,500,False,0.157701602618564,True,0.00476032880863693,0.7746168971061707
1065664,737.8746387330391,500,False,0.03931179808208347,True,0.004770505458295893,0.7071570754051208
1066064,785.4705293215457,500,False,0.07584650406114307,True,0.004792025673497353,0.8752568364143372
1066096,784.6379589643916,500,False,0.04312976265588441,True,0.004747095635343283,0.9090089797973633
1066336,798.8308988017753,500,False,0.05549101489462753,True,0.004742831852437365,1.186554193496704
1067808,711.4483437603369,500,False,0.16848343658166556,False,0.00471832870878206,0.7636541128158569
1068368,745.0113278188333,500,False,0.07990852677268225,True,0.004601851483644698,0.8749080896377563
1068544,716.5680051913945,500,False,0.17124797715809464,True,0.004549059062094653,0.6862958669662476
1070896,771.9729174166649,500,False,0.18176053579252885,True,0.004545142904161732,0.8281856179237366
1070976,837.0954708564841,500,False,0.06466096602437377,True,0.0044321877553682235,0.7517774105072021
1071088,755.5142948139145,500,False,0.06298458521489494,True,0.004434214870087237,0.8817563056945801
1071760,733.6994701171809,500,False,0.04810966527480134,True,0.00442964491794512,0.853888750076294
1072416,730.056375284423,500,False,0.1081259939887749,True,0.004428770415607541,0.8056046962738037
1072512,801.6701623709575,500,False,0.09879165247710095,False,0.004387649303701026,0.8592852354049683
1072816,823.621321342705,500,False,0.08493648190138506,False,0.004389607265606389,0.8940838575363159
1073408,749.8696253449294,500,False,0.11769256087707622,True,0.004443884162441165,0.837375283241272
1073536,837.674686677446,500,False,0.026533290175651137,True,0.004484494505818961,0.9253816604614258
1073664,775.272596225563,500,False,0.04650268616461922,True,0.004454579511712384,0.614959716796875
1074064,759.3089683907173,500,False,0.14525870497798427,True,0.004414723303692352,0.9187784194946289
1074096,742.8104801848306,500,False,0.15772310562774888,True,0.004412652213512603,0.8536906242370605
1074336,764.1362419635954,500,False,0.05991327479850332,True,0.004417910550607869,0.9570974111557007
1075808,822.2122758686463,500,False,0.04796389447577904,True,0.004424362285239647,0.9361042976379395
1076368,806.6390219588346,500,False,0.17720999518428748,True,0.004335857095460611,0.8722519278526306
1076544,770.8363262934861,500,False,0.08898114869132845,False,0.00432090729414007,0.6940515041351318
1078896,791.4734449580621,500,False,0.10327419543762914,True,0.004309687747382546,0.7885135412216187
1078976,760.2494406060591,500,False,0.13208586702962413,True,0.004371473263334363,0.672277569770813
1079088,859.4636361153939,500,False,0.06313964252523986,True,0.0043726474026534136,0.7181168794631958
1079760,751.0759792945128,500,False,0.09762477085038672,True,0.004369716683324518,0.8874289989471436
1080416,787.6368819611516,500,False,0.09363629815298077,True,0.004466062819853681,0.7803534269332886
1080512,740.0855666459712,500,False,0.10378510827787307,True,0.00455730007198725,0.7344870567321777
1080816,729.5439796717969,500,False,0.04020800446399909,True,0.004553979749963639,0.7227864861488342
1081408,792.2882879634413,500,False,0.0957424596511902,True,0.004543816445591589,0.8123096227645874
1081536,763.0893177811745,500,False,0.0963485633923092,True,0.004560185975259043,0.8445369005203247
1081664,739.7575212079319,500,False,0.06598025846896514,True,0.004582344894208709,0.7301613092422485
1082064,853.9521701497456,500,False,0.06732669490468776,True,0.004587121246101089,0.736666202545166
1082096,793.6764328139994,500,False,0.020336029998030532,True,0.0045983558451819385,0.8560267686843872
1082336,763.0897137226054,500,False,0.065621913569334,False,0.0045950988677125265,0.8072051405906677
1083808,776.9083348482027,500,False,0.12762749133967247,True,0.004588195564839369,0.7915630340576172
1084368,758.0687089769089,500,False,0.17061851067942474,True,0.004456716281058189,0.9335559010505676
1084544,737.9237366540466,500,False,0.15626257539506616,True,0.004493216058194822,0.7655835151672363
1086896,794.9029577752166,500,False,0.09019908218064837,True,0.004523527391601718,0.7898841500282288
1086976,794.754439147343,500,False,0.09236890305640648,True,0.0044217280527272685,0.8400634527206421
1087088,740.6797298200469,500,False,0.12575425960929024,True,0.004427942754298337,0.7020645141601562
1087760,848.1068453175551,500,False,0.12112748601091154,True,0.004428997153967363,0.8279081583023071
1088416,781.8309073851718,500,False,0.1530093535314283,True,0.004437803044524374,0.7517260313034058
1088512,730.2997004661876,500,False,0.18797382004906393,True,0.0044612711625754,0.8558433651924133
1088816,774.6013224195814,500,False,0.10177200627132556,True,0.004467408413791844,0.8597323894500732
1089408,755.240212563397,500,False,0.2607036948071608,True,0.004425597487008281,0.6808998584747314
1089536,813.2447926777186,500,False,0.11513395485376791,True,0.0043160458554672675,0.6451847553253174
1089664,865.4091348736962,500,False,0.0620353722219062,True,0.004309568403993823,0.9295991063117981
1090064,760.128672753659,500,False,0.08872116374140933,True,0.004318158831199516,0.8495000600814819
1090096,761.3394790087681,500,False,0.1317013690446204,False,0.004303498804052393,0.7228614687919617
1090336,716.050527344727,500,False,0.04650205044927092,True,0.004306957517432812,0.9523662328720093
1091808,796.7789755113367,500,False,0.12329194835565284,True,0.004325485634950792,0.7323899269104004
1092368,826.4380741406497,500,False,0.09646017013527568,True,0.0044203131351228985,0.747972309589386
1092544,709.5147517893799,500,False,0.18537059900616212,True,0.004385320481169107,0.7925639748573303
1094896,727.6405568731502,500,False,0.16384224223939683,True,0.004395698689411727,0.7713818550109863
1094976,778.0001254334668,500,False,0.1665409811196609,True,0.004621105760255993,0.7971760034561157
1095088,801.1928105225828,500,False,0.12581699290431397,True,0.004633725443979781,0.5709957480430603
1095760,775.6508125978266,500,False,0.06873462439476907,True,0.00466311231440722,0.7979733943939209
1096416,786.7227894966043,500,False,0.10406025369806289,True,0.004701097947433632,0.7166567444801331
1096512,761.9630401485226,500,False,0.06386601545310533,True,0.004619858542974692,0.7633776068687439
1096816,754.5108725085512,500,False,0.1807999750222166,True,0.004602236817985344,0.8258615732192993
1097408,785.6400690927416,500,False,0.05876389171368272,True,0.004571740470663502,0.7126391530036926
1097536,799.731573712271,500,False,0.12998514781102913,True,0.004575771608909018,0.957631528377533
1097664,805.8870049763327,500,False,0.09275199350154027,True,0.004544598253969655,0.718814492225647
1098064,815.2738828789976,500,False,0.030288565992753726,True,0.004486825112320823,0.8863692283630371
1098096,876.0694576805081,500,False,0.034937678857829835,True,0.004379387204046771,0.8165750503540039
1098336,730.9874075141281,500,False,0.09733687259384016,False,0.00437943227570674,0.7996041774749756
1099808,680.433134470753,500,False,0.19460485586285295,True,0.0044065874229192925,0.7557646036148071
1100368,726.0576745793371,500,False,0.09776697413128221,True,0.004565582456276406,0.827124834060669
1100544,811.3529759255907,500,False,0.04394854746906178,True,0.004608444051232503,0.8911895155906677
1102896,688.8519059199865,500,False,0.2646922951023264,True,0.004664942419774601,0.7395588159561157
1102976,713.2417211800968,500,False,0.1354825557553961,False,0.004743189012899845,0.9817922115325928
1103088,780.531052892733,500,False,0.07028567475139785,True,0.004742998974137649,0.808849036693573
1103760,754.7623845498268,500,False,0.16816940240467054,False,0.004749872655499737,0.9858052134513855
1104416,858.4000345911811,500,False,0.04187956707293074,False,0.004662129395507909,0.9183647036552429
1104512,746.9780315908123,500,False,0.12015229624436026,False,0.0047631583919742525,0.8290472626686096
1104816,756.5043774641795,500,False,0.0877320931305122,False,0.0047598717511301855,0.8746258020401001
1105408,762.2576184109996,500,False,0.08669420283488823,True,0.004823139685787381,0.8108727931976318
1105536,716.9819648772764,500,False,0.1379483054738238,True,0.004971762842018484,0.7952914237976074
1105664,764.3027863940284,500,False,0.020252003282508393,True,0.004980364247591672,0.7647900581359863
1106064,769.4584797353417,500,False,0.10092299475932119,True,0.004975379529802059,0.9134900569915771
1106096,765.0521892801216,500,False,0.11086452050215877,True,0.004946849999914709,0.7461394667625427
1106336,836.7586192823265,500,False,0.06597431682893365,True,0.004943891785533458,0.8453822731971741
1107808,790.3879442505646,500,False,0.06317532006960833,True,0.0049412800489900864,0.7584668397903442
1108368,847.9229828906863,500,False,0.013197488071303047,False,0.004697648354888185,0.7913442850112915
1108544,813.1516989631302,500,False,0.05687042556062048,True,0.00474545250587919,0.8000200986862183
1110896,779.5679754964956,500,False,0.03077805653476365,True,0.004765986747873406,0.8555532693862915
1110976,770.0801675064945,500,False,0.15170948223769407,True,0.004592936332857278,0.8772069811820984
1111088,705.6469449875731,500,False,0.1360626570162282,True,0.004584808571581246,0.8512716889381409
1111760,792.212298056323,500,False,0.02580130793666998,True,0.004588309949784669,0.9797672033309937
1112416,830.5671940121442,500,False,0.08175839985346339,True,0.004698722046135829,0.8876792192459106
1112512,716.3270864098911,500,False,0.04718546150939471,True,0.004653520319981501,0.6501343250274658
1112816,806.7112005940369,500,False,0.11026484677006679,True,0.004643909795941931,0.8924951553344727
1113408,758.05271867257,500,False,0.056903693489635726,True,0.004692652565960663,0.6591021418571472
1113536,775.2238604295638,500,False,0.031739229857052395,True,0.00461847016757415,0.6639919281005859
1113664,835.5761705275149,500,False,0.09344068205629298,True,0.004594168488271182,0.932964563369751
1114064,795.810088255897,500,False,0.09445293354338592,False,0.004571472353560183,0.8285877704620361
1114096,710.7094220619796,500,False,0.1652282131692374,True,0.0045677998708921475,0.85472571849823
1114336,710.9213949484778,500,False,0.11259582477629031,True,0.004570115537428977,0.8172837495803833
1115808,792.3967490679627,500,False,0.0828257014116826,True,0.004602245990034346,0.6905764937400818
1116368,796.1416311133678,500,False,0.07157961774311852,True,0.004572793094558939,0.853635847568512
1116544,798.3039638494689,500,False,0.07677804630600088,True,0.00457689952142705,1.0955528020858765
1118896,798.2956638153839,500,False,0.06358206980284739,True,0.0045978443972561935,0.9235163927078247
1118976,785.5038788277293,500,False,0.1491714373960324,False,0.004727376130477286,0.8262753486633301
1119088,751.3502182377755,500,False,0.12490512481202315,True,0.00471416018864095,0.7794294357299805
1119760,772.8981000403176,500,False,0.09481588585685316,True,0.004682407857106962,0.7808881998062134
1120416,802.152719060934,500,False,0.10496186884488726,True,0.00464435447556498,0.9156321883201599
1120512,855.6877502256929,500,False,0.07193606162363483,True,0.004619169622786463,0.7642407417297363
1120816,773.5295495171737,500,False,0.08797828932359807,True,0.0046107931515420785,0.6906585097312927
1121408,824.4310564112786,500,False,0.05196134652203397,True,0.004578259942882261,0.9203246235847473
1121536,758.9513935345345,500,False,0.13194882779887132,True,0.004535341743196016,0.7301273941993713
1121664,785.3629976143251,500,False,0.04531074520288968,True,0.004558010774733072,0.8369243144989014
1122064,826.8576081419055,500,False,0.044803485434922075,False,0.004582680058068251,0.8685839772224426
1122096,809.8307526478055,500,False,0.06910173924942303,True,0.00459973546500314,0.8894999623298645
1122336,821.6338444387477,500,False,0.03894677908021056,True,0.004604339364098705,0.9208623170852661
1123808,768.909955957063,500,False,0.16536808452427768,True,0.0046412613524158056,0.7123301029205322
1124368,783.2500452088483,500,False,0.057166801742146334,True,0.0046404976285319074,0.7421659827232361
1124544,810.5573495014161,500,False,0.04456674382055161,False,0.004645993086669057,0.9661792516708374
1126896,790.5752435287725,500,False,0.14865956609531955,False,0.004654205734063283,0.8115414381027222
1126976,807.6081148075374,500,False,0.10089592012141532,True,0.004765706000566469,0.735047459602356
1127088,789.4306782022899,500,False,0.033044365930738555,False,0.004758729141867725,0.8196773529052734
1127760,849.1915984166465,500,False,0.08829481548556549,True,0.004715205095161732,0.7717310786247253
1128416,729.5577826685314,500,False,0.07937390197713998,True,0.0045537555492746185,0.8303999900817871
1128512,787.3406511431039,500,False,0.14085092136670085,True,0.0045887041184906295,0.8801908493041992
1128816,750.4582531710092,500,False,0.09576508110067371,True,0.004592427842040441,0.6872734427452087
1129408,779.9009630486648,500,False,0.08502542661431053,True,0.004601588199111547,0.8486781120300293
1129536,752.4399624566196,500,False,0.10615259719220624,True,0.004608239276009232,0.8760856986045837
1129664,807.6800164837778,500,False,0.16444644961900298,True,0.004623725956557878,0.8445820808410645
1130064,799.4710348459649,500,False,0.06644485269292486,False,0.004636616151774076,0.8811181783676147
1130096,813.6977029531059,500,False,0.04527039186120154,False,0.004726003235093742,0.7368522882461548
1130336,860.7766501128463,500,False,0.04517926948214584,True,0.004731788275048331,0.790459156036377
1131808,714.6490125956534,500,False,0.12109362509460779,True,0.004730213307244259,0.7882019281387329
1132368,765.5215907729508,500,False,0.19941346770471713,True,0.0046050280946951785,1.0740671157836914
1132544,802.3112122201518,500,False,0.03479404298171504,True,0.004698556655513384,0.7245733737945557
1134896,758.7874943149122,500,False,0.12713062920685125,True,0.004710985702735694,0.7630925178527832
1134976,766.1639655274781,500,False,0.10179090115656289,False,0.004722969346612194,0.783203661441803
1135088,782.2166657183001,500,False,0.061393315987285105,True,0.004720120744842331,0.8474701642990112
1135760,809.2187298982948,500,False,0.0598418480834633,False,0.004713593904608465,0.8010234832763672
1136416,761.0454789599472,500,False,0.034203920965404734,True,0.004750103516663768,0.7535643577575684
1136512,821.4636904196791,500,False,0.10246345163408259,True,0.00478218948501936,0.7245097160339355
1136816,784.5974475650752,500,False,0.06601453961881017,True,0.004785150992002343,0.8002142310142517
1137408,821.1101280552693,500,False,0.07976322954135989,True,0.004768681570092739,0.8366833925247192
1137536,856.2770755163202,500,False,0.07944140817199243,True,0.0046843997894943645,0.9364511370658875
1137664,767.8781498986489,500,False,0.09736295292697676,False,0.004677180613149549,0.7870835065841675
1138064,788.2555065396039,500,False,0.25786522529270245,True,0.004649891333044239,0.6883509755134583
1138096,698.4768198298553,500,False,0.08375324766530491,True,0.004564306116579815,0.7827694416046143
1138336,773.6477475985748,500,False,0.0976460699592477,True,0.004561342752001639,0.6861991882324219
1139808,800.5416855143054,500,False,0.07020084389026143,True,0.004527604465328413,0.7091467976570129
1140368,820.9982111239756,500,False,0.13377455665026117,True,0.004570294309941523,0.8807016015052795
1140544,804.516948310542,500,False,0.11152817420856397,True,0.0045616377451158365,0.8667179346084595
1142896,746.4921441651795,500,False,0.09278396788607823,True,0.0045570673869985,0.8201099634170532
1142976,788.1339816979012,500,False,0.0805192216671323,True,0.004468342125933937,0.7404400110244751
1143088,749.7959748134479,500,False,0.08743345584605589,True,0.004447172895835773,0.7041869163513184
1143760,757.6867533534772,500,False,0.14346701443128748,True,0.004422972874225346,0.8212504386901855
1144416,831.5474714073089,500,False,0.06675975662797562,True,0.0043432142042621625,0.739361584186554
1144512,812.9147291152823,500,False,0.215200694027056,True,0.004290574457504467,0.7129349708557129
1144816,774.632555058997,500,False,0.06866950178700684,False,0.004309805062760856,0.7077128291130066
1145408,845.247062119694,500,False,0.12348954852964551,True,0.004343164491497676,0.5980367660522461
1145536,780.5595552792755,500,False,0.08533426176560206,True,0.004501633166477373,0.9038621783256531
1145664,807.5771359554423,500,False,0.04819614031133307,True,0.004544574114260299,0.6079796552658081
1146064,862.570406117793,500,False,0.05006248921172299,False,0.004547536653877218,0.9219217300415039
1146096,786.5875960660123,500,False,0.07303533971264929,True,0.004548457594378817,1.0196945667266846
1146336,807.7223446033792,500,False,0.0908871002572653,False,0.004550097004503494,0.8823014497756958
1147808,743.887629984168,500,False,0.21702681233615104,True,0.004562204737448563,1.0257577896118164
1148368,804.3681935700877,500,False,0.15454425362418292,True,0.004735431086474434,0.9143572449684143
1148544,816.5584967502501,500,False,0.05420961124765228,False,0.00467968697392188,0.7460401058197021
1150896,718.5573882727164,500,False,0.12240034728955351,True,0.004548123972901158,0.7131377458572388
1150976,787.116566753242,500,False,0.05825958893798444,True,0.004502649463086156,0.9457141160964966
1151088,737.8572341143265,500,False,0.23159616886314446,True,0.004494231635430907,0.7155818343162537
1151760,822.0937252215574,500,False,0.0637976018648476,True,0.00449603153418584,1.010271668434143
1152416,758.5626812448884,500,False,0.05039268858676017,False,0.004513630297540304,0.9018858075141907
1152512,768.0509966077433,500,False,0.1257455130457457,True,0.004598110826727552,0.7548432946205139
1152816,717.3993531118573,500,False,0.12741962960830144,False,0.004597459770099137,0.7384207248687744
1153408,818.1767598432963,500,False,0.08820922580219578,True,0.0045625647658230125,0.7563265562057495
1153536,760.3397818172043,500,False,0.08658555923163302,True,0.004465635597761729,0.8670234680175781
1153664,809.9877873215376,500,False,0.12679403048041343,True,0.004434864088021417,0.8170076608657837
1154064,653.2018957124733,500,False,0.07090384248206638,True,0.004403424884144621,0.7454199194908142
1154096,770.59051676737,500,False,0.09693027976289562,True,0.004325881224040203,0.7384106516838074
1154336,843.7150729626925,500,False,0.08455208976892666,True,0.004320712024675498,0.8950585126876831
1155808,796.3127518689761,500,False,0.06633691680774459,True,0.004309691641637535,0.7424177527427673
1156368,774.0152443209874,500,False,0.08391161304487788,True,0.004510211510420702,0.8535726070404053
1156544,718.6144653008037,500,False,0.06300790473219088,False,0.004526155374950221,0.7861088514328003
1158896,795.9749825645445,500,False,0.11454529134841597,False,0.004513616039029313,0.8046904802322388
1158976,742.0665784046384,500,False,0.21901446202393882,True,0.004317302232031385,0.9117029905319214
1159088,818.8985180581575,500,False,0.04672126351068366,True,0.004318303812211013,1.0227341651916504
1159760,730.7607097709906,500,False,0.12499853361652874,True,0.004324285063414224,0.6541475057601929
1160416,736.1733445998847,500,False,0.06653026327895067,True,0.00433691364213803,0.9560981392860413
1160512,760.5575851884399,500,False,0.10387938539493675,True,0.004308498580240749,0.8105424642562866
1160816,709.8243970827755,500,False,0.18802724092453757,True,0.004311052893177024,0.8942155838012695
1161408,835.2934965509546,500,False,0.05741785002413717,True,0.004304454224509056,0.6711570620536804
1161536,772.1663359719604,500,False,0.30494184680848163,True,0.004377072747412274,0.8733245134353638
1161664,749.4128022240519,500,False,0.11851275116129432,True,0.004382469264508339,0.777079701423645
1162064,756.7977010695043,500,False,0.05865709987265434,False,0.004394425347924441,0.777734637260437
1162096,767.9363198004847,500,False,0.09529659282635178,True,0.004387850208455643,0.8025473356246948
1162336,787.5507565754687,500,False,0.08967094406075642,True,0.004391318048127983,0.7931675910949707
1163808,765.9174303486335,500,False,0.0946256009696768,True,0.004401654781552633,0.8096004128456116
1164368,753.0607776190401,500,False,0.05446598401389324,False,0.004629811810996771,0.8569769263267517
1164544,749.8112036179505,500,False,0.10516509081968851,False,0.004682219490175545,0.7924309968948364
1166896,762.9660460923409,500,False,0.1137136495361855,True,0.004659740231796677,0.716957151889801
1166976,802.2207484636799,500,False,0.11783158979159587,True,0.004656852609619139,0.908383846282959
1167088,761.8990888812742,500,False,0.11614650909206645,True,0.004681556724566926,0.964313268661499
1167760,747.5747871050781,500,False,0.08869457862379791,True,0.004682644475036707,1.0629067420959473
1168416,704.8759809798795,500,False,0.1349890620991882,True,0.0045273234217292615,0.8918096423149109
1168512,712.2726337182797,500,False,0.12299430244833233,True,0.0044715888506879345,0.8157111406326294
1168816,817.2019764513973,500,False,0.04045306928775346,True,0.004464542251641752,0.8114392161369324
1169408,733.662477730107,500,False,0.1350017100777357,True,0.0044869932461571935,0.8045094013214111
1169536,745.9894870075384,500,False,0.09582387508467967,True,0.004484078132242218,0.7165712714195251
1169664,775.8804917600316,500,False,0.09849284999084604,True,0.00450810448292647,0.6521045565605164
1170064,857.7753040849733,500,False,0.04069387085627572,False,0.004557553502038686,0.9431637525558472
1170096,863.8991054832239,500,False,0.03788746739404416,False,0.004589530598479534,0.8199122548103333
1170336,796.8123796724469,500,False,0.1292332571393281,True,0.004596660078863518,0.7906653881072998
1171808,762.8862317298333,500,False,0.1605744504291951,True,0.0046288572675610914,0.7759157419204712
1172368,783.2472772440271,500,False,0.14163259865607875,True,0.004613212743992878,0.8791864514350891
1172544,748.2164924862828,500,False,0.08598785770948127,True,0.004512957696372986,0.8391484022140503
1174896,756.0527393757739,500,False,0.06287302917032235,True,0.004482329490395772,0.7872862815856934
1174976,795.6051097248447,500,False,0.10167456144603704,True,0.004465393809593117,0.7265661954879761
1175088,717.5825358805085,500,False,0.09973643780724861,True,0.004467838856434342,0.690737247467041
1175760,778.5544465966502,500,False,0.025332094450171354,True,0.004489967595321606,0.7660603523254395
1176416,812.4763424317644,500,False,0.057262320627573464,True,0.004482946145572721,0.6764088869094849
1176512,759.3645102588686,500,False,0.09684252493658363,True,0.004527074904115198,0.8772244453430176
1176816,804.9212463723637,500,False,0.11403292614883698,True,0.004528865468960085,0.804613471031189
1177408,782.1110040291622,500,False,0.1929557337517262,True,0.004540990955186699,0.9591291546821594
1177536,828.3457584292651,500,False,0.06780327830455618,True,0.004603613002861212,0.7860819101333618
1177664,757.3178236122899,500,False,0.07089514453980916,True,0.004610145235903113,0.7516151666641235
1178064,800.7792597403501,500,False,0.0730650669920751,True,0.004614387033806394,0.7582327723503113
1178096,777.654642901329,500,False,0.08142804748973673,True,0.004660288447553724,0.7731106281280518
1178336,770.2234715236702,500,False,0.08304602255529195,False,0.004657185774012716,0.7224255204200745
1179808,780.7696562291899,500,False,0.09360533367788117,False,0.004636021977644674,0.7744462490081787
1180368,787.1857878409016,500,False,0.04239663509815524,False,0.0045510341437509545,0.9874774217605591
1180544,775.7856581366113,500,False,0.10113588497457474,False,0.004466199218698457,0.8569353818893433
1182896,814.2900302125748,500,False,0.09835544039543687,True,0.004439555461209872,0.8565812110900879
1182976,778.2595612590255,500,False,0.1342756230101952,False,0.004531326776279474,0.9173089265823364
1183088,808.2367866558658,500,False,0.17437111889854892,True,0.004523530668621446,0.8018186092376709
1183760,731.5190252325588,500,False,0.1525723346432166,True,0.004510106439323612,0.7762507200241089
1184416,750.687975341015,500,False,0.12069239249800272,True,0.004524766469505321,0.8195093274116516
1184512,837.0701980610444,500,False,0.05239442990293884,False,0.00455953903849742,0.8948270082473755
1184816,833.1395588204376,500,False,0.039444138135946855,True,0.004543653924835268,0.8302549123764038
1185408,791.7686462076643,500,False,0.13415896725634435,False,0.004520259145682502,0.964211106300354
1185536,719.8264845068455,500,False,0.18862284242269547,True,0.004484301826951885,0.7905383706092834
1185664,731.2145788171824,500,False,0.24269563099199074,True,0.0044374186096799405,0.8633169531822205
1186064,773.9750049862262,500,False,0.08375243270028379,True,0.004402709398339876,0.8136665225028992
1186096,786.3281948792936,500,False,0.09350754014998618,True,0.004342560607356921,0.708182156085968
1186336,769.1177951557048,500,False,0.0925364475836607,True,0.0043439496342850565,0.8146265745162964
1187808,786.6251994830958,500,False,0.0917012431839991,True,0.004351970765018752,0.8198661804199219
1188368,714.2786909915748,500,False,0.20034937443248405,True,0.0045651716976058,0.7459496855735779
1188544,819.6692006881142,500,False,0.11745031851015493,True,0.004576116872557602,0.8228020071983337
1190896,741.1713847060827,500,False,0.16822719688099352,True,0.004583710203338766,1.0423743724822998
1190976,757.414772038207,500,False,0.10107199542710814,False,0.004654459173516956,0.8872644901275635
1191088,807.9298334502267,500,False,0.11957695452195874,True,0.004652805617831793,0.7434250116348267
1191760,795.2299422920398,500,False,0.0679927478648189,True,0.0046470253101813,0.9630340933799744
1192416,804.5031689590548,500,False,0.06481410081723064,True,0.004487329644411415,0.9507356286048889
1192512,823.7727853893396,500,False,0.08878782984784835,True,0.004344031124901927,0.8246065378189087
1192816,754.6347854511266,500,False,0.01990065879436698,True,0.004315134962656325,0.9275467395782471
1193408,754.40281004921,500,False,0.14428728890333442,True,0.00428321835128656,0.7074041366577148
1193536,779.9734275205368,500,False,0.0961014025604328,True,0.004292034912946628,0.7799904346466064
1193664,734.2514469929793,500,False,0.06987258759082843,True,0.0043153249491531065,0.8245871067047119
1194064,781.7072373625749,500,False,0.0842146988260929,True,0.004337405048402958,0.7170360088348389
1194096,838.5898509514232,500,False,0.03483072852297226,True,0.004389983778444416,0.9576088190078735
1194336,766.6908193100504,500,False,0.024668023103279528,True,0.004398975720732517,0.8101993203163147
1195808,772.3166190661211,500,False,0.11315161456019962,True,0.004428719472326649,0.8082826137542725
1196368,841.4918911472661,500,False,0.05921056738056095,False,0.0043804645673971064,0.6213917136192322
1196544,757.1112851987975,500,False,0.05495298900298569,True,0.0044467474052317475,0.7167693972587585
1198896,770.8169191430147,500,False,0.10989986886020099,True,0.0044501022535847505,0.9184907674789429
1198976,820.4613078074647,500,False,0.07841867119641813,False,0.00444374275802006,0.8200803995132446
1199088,798.4115714708804,500,False,0.07872289000753861,False,0.004446094051811616,0.7457183599472046
1199760,793.1228490367125,500,False,0.04625995205313293,True,0.004440804668911656,0.7195200324058533
1200416,769.3006780186372,500,False,0.1329766759359832,True,0.004460947872392221,0.6649653911590576
1200512,801.4263590152932,500,False,0.13159473902307695,True,0.004435226133617932,0.815173327922821
1200816,760.1023719766761,500,False,0.0557546268452772,True,0.004430106769305553,0.8922467231750488
1201408,726.8198920104276,500,False,0.1682236878627982,True,0.004448555544985974,0.6716618537902832
1201536,733.7443629160514,500,False,0.11002669734378998,True,0.004392467414238558,0.7135542631149292
1201664,735.6347592857703,500,False,0.08656012948455627,True,0.004385045532941099,0.8550479412078857
1202064,755.0793247456041,500,False,0.11807709339439156,True,0.004385049328058839,0.9458777904510498
1202096,771.4996231804801,500,False,0.10697477349009746,True,0.00441353891110036,0.8198082447052002
1202336,830.0208444029472,500,False,0.06294474977403448,True,0.004418418904667325,0.8397301435470581
1203808,809.5052526129767,500,False,0.05706647218980637,True,0.004439345773458795,0.8060480952262878
1204368,771.5060140806046,500,False,0.12551131531216428,True,0.004485959880896689,0.7657791376113892
1204544,755.1400215249882,500,False,0.1115500127335051,True,0.004449108072273527,0.7134109139442444
1206896,818.0532819001156,500,False,0.06100017434316118,True,0.0044764228752840205,1.2264504432678223
1206976,757.2679175915952,500,False,0.05748074487316394,True,0.004913916925836136,0.908613383769989
1207088,729.3844942547578,500,False,0.18284468120359768,True,0.004917892599683205,0.7903800010681152
1207760,779.0503808801411,500,False,0.11209548932871341,True,0.0049114947414776716,0.6558469533920288
1208416,788.1893613808638,500,False,0.07283413028604795,False,0.004892077503463342,0.7466849684715271
1208512,733.0353474719469,500,False,0.15996783040253532,True,0.004945023135064626,0.9235416650772095
1208816,844.740999908874,500,False,0.038234954973486494,True,0.004946584318622896,0.8577076196670532
1209408,650.7760719675191,500,False,0.17849950876297282,True,0.00496917374668991,0.862539529800415
1209536,808.3387909023188,500,False,0.056231930998156904,True,0.004825435267451789,0.824968159198761
1209664,812.2397447901467,500,False,0.09234003516182593,True,0.004779731557880711,0.7936882972717285
1210064,730.0837077043213,500,False,0.30083400183399783,True,0.004753549960401482,0.830569326877594
1210096,782.8018694199504,500,False,0.06716016438909624,False,0.004742327157869806,0.8014160990715027
1210336,827.324004092229,500,False,0.1105948056353807,True,0.004738497263048503,0.7473031878471375
1211808,770.0477440387472,500,False,0.07051406606231239,True,0.004728595502517451,0.8194873332977295
1212368,812.2384971241245,500,False,0.09374181216034445,True,0.004809849252143378,0.8411058187484741
1212544,830.7039326474076,500,False,0.07057099241675935,True,0.004725464325554489,0.6504285335540771
1214896,707.036375907195,500,False,0.08030006365388473,True,0.0047220846757672135,0.6922793984413147
1214976,753.1094724790171,500,False,0.06106026811852762,True,0.004706371623446621,0.7397223711013794
1215088,773.285257666215,500,False,0.14469908373932608,True,0.004699902936708613,0.9511038064956665
1215760,711.7810479500035,500,False,0.164762239784577,True,0.004681002996017227,0.7015789747238159
1216416,818.7098889072839,500,False,0.09220903107218033,False,0.004640407485090724,0.8501954078674316
1216512,745.958864218202,500,False,0.12667035631354612,True,0.00467928624388576,0.8121492266654968
1216816,746.121644299965,500,False,0.31440425213200496,True,0.0046819159727009545,0.8314406871795654
1217408,776.1791377956574,500,False,0.14722349329349282,True,0.00467464785505255,0.8962880373001099
1217536,835.1761862710274,500,False,0.02094583111020898,True,0.00459640435896573,0.8250173330307007
1217664,768.4548388760104,500,False,0.07847928607426487,True,0.004590780467222566,0.8630238771438599
1218064,733.6035316492761,500,False,0.1490390677128129,True,0.004575940003124013,0.649087131023407
1218096,778.6062802821122,500,False,0.0995918771990429,True,0.004543610717599341,0.7476344108581543
1218336,755.0270350304387,500,False,0.09110312500196321,True,0.004536546045161945,0.6618870496749878
1219008,-5.6465290517846105,42,True,2.3774158004708674,False,0.00448967442907469,0.7206182479858398
1219808,707.3096310950644,500,False,0.03839026998468551,False,0.004508884452421616,0.8670721650123596
1220368,809.7871090093125,500,False,0.10167458332545279,False,0.004638331151666984,0.7332984209060669
1220544,780.154523475031,500,False,0.07689754377186278,True,0.004628792754866921,0.7289380431175232
1222896,760.6811859516088,500,False,0.11245739878008777,True,0.004623851497724912,0.6834321618080139
1222976,678.2475627861186,500,False,0.10098311679950076,True,0.004623087371652309,0.7964372634887695
1223088,738.8169790097301,500,False,0.18371464342122215,True,0.004620481684637669,0.7775855660438538
1223760,771.8109994895575,500,False,0.06852633244249119,True,0.004592649208452158,0.7333177924156189
1224416,716.2990305695924,500,False,0.16012314957623944,True,0.0045619549409577275,0.7426460981369019
1224512,746.9171444199552,500,False,0.16478293495692314,True,0.004586935959022274,0.8331723213195801
1224816,802.2019745258178,500,False,0.084108083879677,False,0.004613568956887616,0.7683539390563965
1225408,725.6364141215059,500,False,0.189722306752138,True,0.004620398510751203,0.7037698030471802
1225536,776.264041015826,500,False,0.14020654827679258,True,0.004639604301547562,0.7816429138183594
1225664,830.4182048830933,500,False,0.176331903783732,True,0.004665515840307389,0.7408132553100586
1226064,752.5763397875018,500,False,0.07542513765832605,True,0.004661074123918594,0.970933198928833
1226096,828.1460705276959,500,False,0.04032745660545811,False,0.004627599926022375,0.7553564310073853
1227008,733.843182396083,500,False,0.15973410423254916,True,0.004627974737396917,0.6951415538787842
1227808,757.0843775098787,500,False,0.12940386594339898,True,0.004614973647694246,0.9127570390701294
1228368,739.1886557726959,500,False,0.08225920771359028,False,0.004562830171059271,0.8095183372497559
1228544,735.2958399092844,500,False,0.10426191847926695,True,0.004462727633310687,0.7807715535163879
1230896,751.6270589506018,500,False,0.04557162250763108,True,0.004449433874792372,0.8768157958984375
1230976,721.9984978132734,500,False,0.07868998672626207,True,0.0043204827654358385,0.9735326170921326
1231088,785.6116753323357,500,False,0.105243045041913,True,0.004311625933699565,0.8014289140701294
1231760,814.7521547928364,500,False,0.1264637651577606,False,0.004309670420930653,0.8096874952316284
1232416,754.3101254913772,500,False,0.04265359040488058,True,0.004385032973590678,0.7312101125717163
1232512,745.7875593633656,500,False,0.1747808300127724,False,0.004362293376167927,0.8660314679145813
1232816,801.3093382759788,500,False,0.13816888911161493,True,0.00435153961477186,0.8133838176727295
1233408,747.1887740641633,500,False,0.0890726959200061,False,0.004358072849205527,0.7775933742523193
1233536,697.1500911792184,500,False,0.1995172175809328,True,0.004365826224096034,0.7214370965957642
1233664,790.3443823706889,500,False,0.056417048215853645,False,0.004377317794273528,0.9216419458389282
1234064,707.7001989013961,500,False,0.10718000575748764,True,0.0043846146086914,0.8667742609977722
1234096,814.4651595385825,500,False,0.06422255650304351,False,0.004391454844320019,0.7925037145614624
1235008,819.1458230464913,500,False,0.08123917909835345,True,0.004395550278493267,0.7195413112640381
1235808,728.6327412819196,500,False,0.11587902961641178,True,0.004454772094834418,0.79108726978302
1236368,745.9560895833124,500,False,0.13794278632544565,True,0.004497121966696229,0.749332070350647
1236544,751.7400734106063,500,False,0.13443270376237204,True,0.004428126599374504,0.8309581279754639
1238896,703.9074340227894,500,False,0.1151365768881316,True,0.00439450391700533,0.7930375337600708
1238976,757.5890042885679,500,False,0.13007209932076444,False,0.0043629452844415025,0.9070572853088379
1239088,827.8002004562662,500,False,0.03789022626569531,True,0.004381353995198491,0.7530696392059326
1239760,760.6963911377411,500,False,0.06704153799159321,True,0.004400123340420949,0.7981295585632324
1240416,761.1778595095888,500,False,0.10898664332113728,True,0.0044730389087530055,0.8189713954925537
1240512,748.4842662000206,500,False,0.0471286618145799,True,0.004514631370090837,0.707057774066925
1240816,765.7844700293203,500,False,0.06475030483918064,True,0.004522359102567459,0.742969274520874
1241408,800.9120761390033,500,False,0.12509900826726095,False,0.00450925369598813,0.9369629621505737
1241536,810.3763648522715,500,False,0.06262359901191196,False,0.004485652258263939,0.7707444429397583
1241664,799.0676218078137,500,False,0.06164525450898281,False,0.004496181372928804,0.7293485403060913
1242064,814.0770120310858,500,False,0.0804736975667017,True,0.004504771989821298,0.9746131896972656
1242096,817.1109374955107,500,False,0.11343429963627444,True,0.004484579679191974,0.8172907829284668
1243008,829.4885908989318,500,False,0.08559998032028389,True,0.004482340368797443,0.8257830739021301
1243808,786.9321681919731,500,False,0.04444572878250096,True,0.0044568763765622625,0.9796239137649536
1244368,680.5239316150771,500,False,0.15475833702449926,True,0.0044595054336100635,0.788154125213623
1244544,730.1680431386014,500,False,0.11466177742507107,True,0.004497830285189204,0.8408165574073792
1246896,810.0551747590409,500,False,0.08977339248989916,True,0.004531965367151906,1.0370938777923584
1246976,822.7281636785567,500,False,0.04728596690798602,True,0.004546235984063788,0.7766538858413696
1247088,769.6378520095989,500,False,0.15207116487275849,True,0.00455456120189058,0.7126758098602295
1247760,797.5779234937344,500,False,0.1286946433394628,True,0.004541794108938827,0.9501650333404541
1248416,768.1328891363858,500,False,0.11905415390605822,True,0.00450948663987738,0.7855799198150635
1248512,746.3731125981177,500,False,0.04313046058169639,True,0.004527002430994769,0.7752268314361572
1248816,761.6399335381348,500,False,0.10482102311140602,True,0.0045489860958236135,0.8713160753250122
1249408,833.0296862339284,500,False,0.08941133385774944,False,0.004603998945912156,0.7111848592758179
1249536,764.463711689333,500,False,0.14527414905998104,True,0.004708010738254368,0.904134213924408
1249664,828.6324477146416,500,False,0.04934955122787925,True,0.004735966596960173,0.7412528991699219
1250064,821.4695872014019,500,False,0.09861187844138675,True,0.004735263038040176,0.7539502382278442
1250096,846.5071180185269,500,False,0.04549829810550106,True,0.004728499336425639,0.8558323979377747
1251008,799.7105626299043,500,False,0.07627725136030655,False,0.004723340971074645,0.8761950731277466
1251808,784.0790287319255,500,False,0.08200546040411455,True,0.004585072371037715,0.7709099054336548
1252368,742.5842769620568,500,False,0.18656769091785866,True,0.004638632386199639,0.7409825325012207
1252544,798.3933098088589,500,False,0.06765395276447828,True,0.004600247530883871,0.7634936571121216
1254896,741.2893195054306,500,False,0.16713934343500256,True,0.004589643875878363,0.788378119468689
1254976,811.1219308557012,500,False,0.07316318538774866,True,0.00448806244871076,0.7825014591217041
1255088,785.390410040006,500,False,0.08354054188082638,True,0.004486964192565579,0.7090084552764893
1255760,673.7752033823709,500,False,0.15680761056936302,True,0.004483942094016322,0.6604732871055603
1256416,771.4288255567817,500,False,0.09541901561285696,True,0.004481954395783962,0.760549783706665
1256512,795.6347602668525,500,False,0.09424893964525,True,0.004598034206620661,0.7905088663101196
1256816,821.8092526228455,500,False,0.05314600550566432,True,0.004609460892977609,0.6793873310089111
1257408,822.6535371982918,500,False,0.11821059872130556,True,0.004590091006314751,0.7449385523796082
1257536,763.8722414421749,500,False,0.09162654723201283,False,0.004576640857205332,0.9083871245384216
1257664,769.5391343007193,500,False,0.07647523499221323,True,0.004572855338549782,0.7847748398780823
1258064,755.2426311081188,500,False,0.13718032890851495,True,0.004599907681634832,0.7678909301757812
1258096,709.4736344579151,500,False,0.1542834349816068,True,0.0046274163420961315,0.9933903217315674
1259008,779.9472531383357,500,False,0.13862772271700724,True,0.00462828213853798,0.6960225105285645
1259808,773.1793303618582,500,False,0.05895805995614762,True,0.004528056936926477,0.7798826694488525
1260368,670.7548167554734,500,False,0.17524649764897385,True,0.004365934055681047,0.6563015580177307
1260544,792.4930692024809,500,False,0.039884547788330595,True,0.004213101463341966,0.818467378616333
1262896,750.6969891742617,500,False,0.08795836364671682,False,0.004207118777189206,0.771996021270752
1262976,827.308161868682,500,False,0.059440250212031205,True,0.004480601299297872,0.81600421667099
1263088,742.1448748284248,500,False,0.06683707329832185,True,0.004470699823579174,0.7554547786712646
1263760,795.349308312138,500,False,0.07484669323734128,True,0.004460845586667349,0.6414047479629517
1264416,761.6635555804181,500,False,0.12177818178598487,True,0.004330830865946034,0.6250855922698975
1264512,762.8346258719866,500,False,0.09720166782216111,True,0.00430519119155483,0.7662595510482788
1264816,809.9559525059044,500,False,0.061514485683864376,False,0.00430936508727057,0.6875814199447632
1265408,773.4334287607026,500,False,0.09914768867179861,True,0.004322486066120017,0.7283353805541992
1265536,748.4993868409805,500,False,0.13001712539804106,True,0.0043208304456521475,0.6864433884620667
1265664,715.2048375512232,500,False,0.150348706653942,True,0.004324746291523206,0.8500474691390991
1266064,783.6276401463758,500,False,0.16261826447257383,True,0.0043309657709668355,0.6684395670890808
1266096,791.3198067868484,500,False,0.08497704965993969,False,0.004347300609253349,0.6418086290359497
1267008,773.6380947960214,500,False,0.05523836948870876,True,0.004346362823694817,0.6383667588233948
1267808,762.2255928209048,500,False,0.09427793880973376,False,0.004420085216691807,0.6947424411773682
1268368,754.2932333580845,500,False,0.11548327407886014,False,0.004374101851549809,0.9916638135910034
1268544,701.4328322727945,500,False,0.16485611544398782,True,0.004432151163809993,0.7766104340553284
1270896,816.0411015958686,500,False,0.08492140786505657,True,0.0044286096357644585,0.7617770433425903
1270976,795.466605323457,500,False,0.06227783010869281,False,0.00445239570465941,0.8405615091323853
1271088,754.168418686595,500,False,0.1547087821371518,True,0.004464996738963973,0.7659257650375366
1271760,840.8280578430774,500,False,0.08787651661645159,False,0.004477418545877593,0.9074528217315674
1272416,755.2889872877807,500,False,0.03299438637835599,False,0.004505897883227065,0.7464755177497864
1272512,763.5536175204783,500,False,0.06486307227585732,False,0.004511166700578424,0.7328710556030273
1272816,788.7151293474369,500,False,0.08351710614456903,False,0.004508954150855479,0.8878173828125
1273408,719.9770882026271,500,False,0.06317561097571378,True,0.004527650429607594,0.8728781938552856
1273536,770.2185684773203,500,False,0.08698759676848823,True,0.004528811061483556,0.8226087093353271
1273664,744.9203656832542,500,False,0.1389154232277286,True,0.00451658815476631,0.846859872341156
1274064,805.3469921920267,500,False,0.07184240290421158,True,0.004531779296561179,0.677317202091217
1274096,762.3809618515728,500,False,0.11678555982662958,True,0.004546571509453957,0.9333043098449707
1275008,801.0389290410424,500,False,0.08319068776820322,False,0.004545692969309628,0.71650230884552
1275808,816.7982618989779,500,False,0.07571179724681683,True,0.004449650788481855,0.9113609790802002
1276368,804.8755187793022,500,False,0.06478762231802652,True,0.004426911381953835,0.8078285455703735
1276544,773.181185194335,500,False,0.08193471686497045,False,0.004477260853847972,0.7980412244796753
1278896,724.9722217550584,500,False,0.1376373785298033,True,0.004460865461634356,0.7799476385116577
1278976,750.1991699228852,500,False,0.07166779030930419,True,0.004499464767345442,0.8099740147590637
1279088,780.1801818988137,500,False,0.08079839333764818,False,0.0044935456291763385,0.8615490198135376
1279760,746.3301969765416,500,False,0.15227105925377957,True,0.004498961609158202,0.8222675323486328
1280416,748.9663505455585,500,False,0.1279454323726284,True,0.004440465637822052,0.7607983350753784
1280512,822.1718604196418,500,False,0.07419880852781803,True,0.004369234757986226,0.7652357816696167
1280816,806.8685110193537,500,False,0.052316259085694546,False,0.004373042956855687,0.7135543823242188
1281408,790.390669888325,500,False,0.11753052032542911,False,0.00435007102146876,0.7319381237030029
1281536,754.5011193156435,500,False,0.10631409914850383,True,0.004393426464253989,0.6275615692138672
1281664,786.8362900853556,500,False,0.14076265138312624,False,0.004404415566358471,0.8039032220840454
1282064,793.8571907396828,500,False,0.07463934566027167,True,0.004411964183034376,0.7902723550796509
1282096,737.6926012280995,500,False,0.10559381098450034,True,0.004431353743566004,0.7166287899017334
1283008,802.9964398829472,500,False,0.09037510262957592,True,0.004439167843342203,0.8966073393821716
1283808,669.4380683329505,500,False,0.051482784334942515,True,0.004442873955834531,0.7297767996788025
1284368,790.5036019839974,500,False,0.07996977266783527,True,0.004546582868383655,0.834991455078125
1284544,821.9736185591785,500,False,0.09713396974522116,True,0.004601081188321969,0.5453567504882812
1286896,756.3929039628111,500,False,0.07557629176007502,True,0.00459564314026222,0.7974206805229187
1286976,802.2467125832674,500,False,0.17402982217686744,True,0.004658626559002636,0.662163257598877
1287088,749.245314262573,500,False,0.12633029790285627,True,0.004655039908338848,0.8770349621772766
1287760,794.1378781933912,500,False,0.18368242378968083,True,0.0046466866650356565,0.7638313174247742
1288416,806.2835112166664,500,False,0.21119449806679316,True,0.0045674048654434415,0.5342264175415039
1288512,792.4866102594257,500,False,0.07038456709171245,True,0.004435299732451784,0.7267842292785645
1288816,761.1159589632622,500,False,0.1871911077954367,True,0.00441702726022569,0.8060681223869324
1289408,777.1308404730651,500,False,0.10082663732509242,True,0.004361322919471476,0.7854076623916626
1289536,764.2559528913969,500,False,0.06699578213657255,False,0.004341745939377453,0.7283939123153687
1289664,799.4115014184604,500,False,0.13728982800846387,True,0.0043503645796545524,0.6469237804412842
1290064,792.23258838874,500,False,0.07680686592452217,False,0.0043389567801873355,0.7580335140228271
1290096,835.350637157156,500,False,0.07520849721913746,True,0.004240970997578667,0.7316529154777527
1291008,828.0964424710087,500,False,0.05070641095344185,True,0.004237130882208359,0.801590085029602
1291808,805.1338148228075,500,False,0.052474444176311454,True,0.004233452717249011,0.8700912594795227
1292368,738.0088607172711,500,False,0.13939896616387182,True,0.004403074478145454,0.5292518734931946
1292544,844.752451252041,500,False,0.09656702718077205,False,0.004421621551237668,0.8734748363494873
1294896,860.6303138946541,500,False,0.06119767169225906,False,0.004424840995405997,0.7534719109535217
1294976,829.5525924415033,500,False,0.10371397730274816,False,0.004356929085516753,0.6810742616653442
1295088,814.0196052759219,500,False,0.08958145571047828,False,0.0043502351630672785,0.6699792742729187
1295760,732.9285954019933,500,False,0.09544699063828947,False,0.0043477199344498394,0.7401984930038452
1296416,762.1911682943893,500,False,0.059752666524057176,True,0.004433704948931576,0.7689250707626343
1296512,747.0008124030771,500,False,0.10405674815991885,True,0.0044656624863993405,0.7577357292175293
1296816,789.1875931365115,500,False,0.13430991919436033,True,0.004448463904606491,0.7683390378952026
1297408,733.950546023219,500,False,0.09711344847145807,True,0.004404101331331077,0.7393897771835327
1297536,791.9220807437891,500,False,0.09334097185015783,True,0.004400700179190328,0.7802086472511292
1297664,818.2550320768543,500,False,0.07876888584741389,False,0.004432198413195655,0.6485741138458252
1298064,772.1505376454949,500,False,0.10650253094942674,True,0.00446352428246897,0.6711347103118896
1298096,785.8261256926746,500,False,0.12095556535139002,True,0.004480422395020425,0.916547417640686
1299008,741.9731386846499,500,False,0.14038326008545748,True,0.004481979191890834,0.9496674537658691
1299808,808.373618367032,500,False,0.0515642967771911,True,0.004503464778548976,0.7074559330940247
1300368,680.38166337709,500,False,0.26626306888000256,True,0.0045136930900133735,0.6717525720596313
1300544,697.8154010958599,500,False,0.11943724629624583,True,0.004499506025666601,0.6867796182632446
1302896,775.492917273217,500,False,0.05148333310337505,True,0.004502440445467101,0.7385063171386719
1302976,737.2191075075187,500,False,0.11919897652354143,False,0.00455181503915751,0.8716667890548706
1303088,736.4991412357228,500,False,0.12240129426697742,True,0.00454985852467904,0.7965488433837891
1303760,828.4200689661608,500,False,0.08521630764652167,False,0.004536610225498436,0.8038585186004639
1304416,705.3961143121218,500,False,0.17616534214740123,True,0.004524983341832679,0.6091234683990479
1304512,710.2047602924547,500,False,0.14697748479703396,True,0.004602212368289618,0.7305747270584106
1304816,792.6780252117869,500,False,0.07590192421452002,True,0.004605322084881349,0.6965722441673279
1305408,762.9032162881828,500,False,0.04618428815959573,True,0.004583790209770373,0.7719467878341675
1305536,795.9555885830542,500,False,0.05625207101562569,False,0.004505480637934867,0.8186248540878296
1305664,766.7351393939449,500,False,0.15608714983256655,True,0.004482609565347738,0.6451606154441833
1306064,736.857913091434,500,False,0.06543996823421383,False,0.004465412413226814,0.7364315986633301
1306096,736.1336281071789,500,False,0.12794795001348547,True,0.00451361656936037,0.6923490166664124
1307008,784.7054264796956,500,False,0.07537434447537848,True,0.004517067238919868,0.7481729984283447
1307808,763.3121693909044,500,False,0.11072050735780314,True,0.004507892467894048,0.786801815032959
1308368,732.5410320516439,500,False,0.06370093842411037,True,0.0047366176392517395,0.8881586790084839
1308544,712.3444315515194,500,False,0.1587659300957003,True,0.0047719979349885675,0.7774750590324402
1310896,784.9926555952417,500,False,0.040513244487961834,True,0.004796733997051595,0.6497787833213806
1310976,776.9718188989319,500,False,0.16360235830348097,True,0.004849277182254854,0.7256036996841431
1311088,817.2813666020526,500,False,0.03700190757207112,True,0.004844480359685429,0.7182641625404358
1311760,747.8962905563161,500,False,0.14874754205876556,True,0.004833660861369949,0.771892249584198
1312416,739.8577996475661,500,False,0.10568521734448948,True,0.004714935854743603,0.8459253311157227
1312512,797.3842168620704,500,False,0.039300975149447734,True,0.004743552837324673,0.6716019511222839
1312816,710.2406103407839,500,False,0.26707092853070036,True,0.004763874711229329,0.7660192251205444
1313408,745.9468112243916,500,False,0.006674780524427873,True,0.004775837837998901,0.8701751232147217
1313536,825.0936647602583,500,False,0.060757559666515845,True,0.004814152026755027,0.6948897242546082
1313664,786.9389023986806,500,False,0.1775596791378667,True,0.004848457311071265,0.6608036756515503
1314064,828.0019994556884,500,False,0.08855729855471918,True,0.004875802145303064,0.7326292991638184
1314096,755.177468299034,500,False,0.09542947947321695,True,0.004841739203662288,0.7244654893875122
1315008,801.2120522236517,500,False,0.06612908534068127,True,0.004836453398062171,0.5490520000457764
1315808,823.3991078595068,500,False,0.09306354464558507,False,0.004723247967979288,0.8974409103393555
1316368,793.2240170836095,500,False,0.08362843331988734,True,0.004723215002507548,0.6269180178642273
1316544,749.0812348023973,500,False,0.17933261302199022,True,0.00470042778958045,0.7157443761825562
1318896,759.3361600870778,500,False,0.16741083103546722,True,0.0047131608349848236,0.7442857623100281
1318976,737.2310082513844,500,False,0.1073789317744342,True,0.004743698511142642,0.6205974817276001
1319088,843.438591168442,500,False,0.04278586238940327,True,0.004753849198931613,0.6578218936920166
1319760,801.9011941022144,500,False,0.06672551565293394,True,0.0047670414694167326,0.7320340275764465
1320416,776.8388045342152,500,False,0.09511146375704871,False,0.004862900944119199,0.5602792501449585
1320512,771.1188477289284,500,False,0.16875009001949923,True,0.00494781688779099,0.7422357797622681
1320816,753.3160245444207,500,False,0.14984278582378235,True,0.004937731478322892,0.7365692853927612
1321408,761.2728328438193,500,False,0.10019353987462584,True,0.004919840017291127,0.7644495964050293
1321536,776.2853910612196,500,False,0.0896373377751528,True,0.0049423619858372635,0.6510354280471802
1321664,759.0214475572178,500,False,0.08423963218143093,True,0.004924774913315491,0.564754843711853
1322064,732.6908396019977,500,False,0.12317202439978289,True,0.004909720870267138,0.7486489415168762
1322096,812.5940057062713,500,False,0.20261190416506195,True,0.004891510184797659,0.628139078617096
1323008,780.4823062384976,500,False,0.1083885055474319,True,0.004895257613322527,0.7367627620697021
1323808,795.0796692578392,500,False,0.09954579774514022,True,0.004908977948637653,0.7982065677642822
1324368,834.9647687272893,500,False,0.05826460058667583,True,0.004925193905450342,0.7213942408561707
1324544,720.2476211566711,500,False,0.12744223855975592,True,0.00480481773247592,0.7400754690170288
1326896,769.5974354874527,500,False,0.09891174072737645,True,0.004784155942109963,0.6513478755950928
1326976,780.1623888562815,500,False,0.11516112737842923,True,0.004697562562580213,0.7612649202346802
1327088,741.6597997659592,500,False,0.06096441128560908,True,0.004693778263503467,0.6508040428161621
1327760,827.8614851878881,500,False,0.06620709528628162,False,0.0046824016694219164,0.644537091255188
1328416,740.4466646578735,500,False,0.13770072295542646,True,0.004697299680168295,0.7310597896575928
1328512,813.2962082640091,500,False,0.09685085051043793,True,0.004731102585435584,0.6484407186508179
1328816,798.9784382024025,500,False,0.12247033623965449,True,0.0047275272110138345,0.6577891111373901
1329408,861.9931726850467,500,False,0.06357562565200524,True,0.004709075634240275,0.654138445854187
1329536,798.0221531793575,500,False,0.09241025347005137,True,0.004740687817666214,0.7639744877815247
1329664,786.7361402379395,500,False,0.0883335273897017,True,0.0047352446368724805,0.9155027866363525
1330064,763.0036492851887,500,False,0.11779444204898591,False,0.004729192525656986,0.8161686658859253
1330096,800.9265064253085,500,False,0.10517339262662594,True,0.004731922227846729,0.7903456687927246
1331008,780.495167522821,500,False,0.08082638293243409,True,0.004728974458902011,0.6867704391479492
1331808,827.562665315305,500,False,0.09347811293217936,True,0.0047431427797687276,0.6241132020950317
1332368,770.4441148686204,500,False,0.09518688067475148,True,0.004865120942347715,0.819278359413147
1332544,770.7278301203257,500,False,0.10100214759062978,True,0.004816572564101764,0.8515931963920593
1334896,781.7395078970991,500,False,0.10060461442411675,False,0.004762640837539609,0.8928883075714111
1334976,788.0909255512154,500,False,0.0646476197744795,True,0.0046241056790725064,0.6625754833221436
1335088,724.4568403538206,500,False,0.11836523532270118,True,0.0046209222318478755,0.6581019163131714
1335760,688.987266687436,500,False,0.2723571350439579,True,0.0046240127697400124,0.7613245844841003
1336416,762.6816125871022,500,False,0.10820986168537716,True,0.004687061432718201,0.7633063197135925
1336512,738.1465117781815,500,False,0.13073166902618932,True,0.00469417035721527,0.677582323551178
1336816,758.9063472469672,500,False,0.1031147367351129,True,0.004685738574086497,0.7872602343559265
1337408,760.0093845596518,500,False,0.24133689410557338,True,0.004681844696247365,0.6929476857185364
1337536,705.8966779282312,500,False,0.08201594930304631,True,0.004716618497064871,0.6637482643127441
1337664,769.0135007760033,500,False,0.08157324134448643,True,0.004731380086369255,0.7362698316574097
1338064,818.2190470159621,500,False,0.06610186960065906,False,0.004736846086407953,0.6594252586364746
1338096,784.9650575190916,500,False,0.08036512727676032,True,0.004719388854773647,0.6162303686141968
1339008,737.5078390699782,500,False,0.0878735721959293,True,0.0047153583855393255,0.6234660148620605
1339808,776.6270120127233,500,False,0.12575929013331405,False,0.004565095096106723,0.6850658655166626
1340368,776.4991996024866,500,False,0.1002641290030352,True,0.004476419480734787,0.5890121459960938
1340544,691.014983392028,500,False,0.22275907923992672,True,0.004491592724220279,0.6024352312088013
1342896,798.0314906431628,500,False,0.039190473203838685,False,0.0045772246867105916,0.6853210926055908
1342976,803.8046751552649,500,False,0.08868710975713491,False,0.004611012317338507,0.6612859964370728
1343088,719.2791222455317,500,False,0.3145604126495026,True,0.004615417599807331,0.6562882661819458
1343760,628.9461147485545,500,False,0.1311634554809436,True,0.004597471971817676,0.6697101593017578
1344416,797.3245993153715,500,False,0.0338854124412135,False,0.004605623286322795,0.7059146761894226
1344512,815.9348611790763,500,False,0.07583110253859067,True,0.004572267706298484,0.6934822797775269
1344816,787.343073976631,500,False,0.10376460215891675,True,0.004585946101977257,0.5641428232192993
1345408,782.3050441186588,500,False,0.1316775849606863,True,0.004701961382196214,0.8370206356048584
1345536,816.3370574592012,500,False,0.09905669202069688,True,0.00480632966115421,0.6906278729438782
1345664,686.5664147762309,500,False,0.12183359124466335,True,0.004814474733795115,0.6388356685638428
1346064,778.0487627627117,500,False,0.10685188521976392,True,0.004827393954437861,0.7668557167053223
1346096,753.3242556509846,500,False,0.1503154709766257,True,0.004823382809477732,0.7353485822677612
1347008,827.9982424562546,500,False,0.11193008898098863,True,0.004822012569490492,0.7973319292068481
1347808,802.0009983599692,500,False,0.08257178017587166,True,0.004709993865617631,0.9296057224273682
1348368,837.9446222116404,500,False,0.08212415713099303,True,0.004608805894177916,0.614761471748352
1348544,825.4285477193439,500,False,0.06535028029055422,True,0.004639734903997769,0.6407252550125122
1350896,829.5522856141707,500,False,0.05163363348296274,True,0.004686374077979921,0.6887364387512207
1350976,816.466660854982,500,False,0.07153909631205685,True,0.004561034746380797,0.6315509080886841
1351088,778.4100206977948,500,False,0.2088261527095068,True,0.004557032840641588,0.7412742972373962
1351760,751.2789645200588,500,False,0.05281335728767074,True,0.004552123953088994,0.624575138092041
1352416,745.125022825374,500,False,0.21088030985707562,True,0.0046207774125735625,0.6494898796081543
1352512,735.6878644906452,500,False,0.101714741863241,True,0.004742710912080775,0.7759016752243042
1352816,793.3671504915916,500,False,0.1855704413089278,True,0.004758726358594739,0.7557114362716675
1353408,815.3155451906014,500,False,0.07835972538544295,False,0.004785428723141622,0.7638522982597351
1353536,768.4399658118441,500,False,0.12782571765179868,True,0.004748343486444014,0.6970482468605042
1353664,813.1135676962319,500,False,0.10295327211597469,True,0.004746584882631302,0.7510435581207275
1354064,792.4960473467125,500,False,0.06838116541988548,True,0.004761004164391903,0.6158757209777832
1354096,760.3235294021827,500,False,0.1144658537035798,False,0.004771508236236441,0.8029541969299316
1355008,819.2293662044634,500,False,0.041113908716467536,False,0.004772714318699695,0.702379584312439
1355808,749.6123622898428,500,False,0.07789390176821193,True,0.00481339153906486,0.6251986026763916
1356368,704.2837132082466,500,False,0.20237206704203156,True,0.004766453192400646,0.5584046840667725
1356544,807.6920868838095,500,False,0.05278458656917735,False,0.004740048240073854,0.7366394996643066
1358896,780.5960382291037,500,False,0.09908151121122959,True,0.004758765513855574,0.7380509376525879
1358976,820.7669710260229,500,False,0.10388470206089967,True,0.004762139952695398,0.906464159488678
1359088,756.2578534019033,500,False,0.10869844357051629,True,0.004763704407410098,0.8066878318786621
1359760,805.5240250172568,500,False,0.08069280123503471,False,0.004769289911112843,0.6964365243911743
1360416,701.305982217985,500,False,0.18490612679273088,True,0.004819069359922776,0.7188754677772522
1360512,808.0660364242328,500,False,0.02293811243746523,True,0.004749321165553363,0.621728241443634
1360816,760.6436125501377,500,False,0.08843831775876645,True,0.004741908801127978,0.624639093875885
1361408,780.1411353568681,500,False,0.08462221840038547,True,0.00473686466077722,0.8231040835380554
1361536,814.5385537010936,500,False,0.1230892056303014,True,0.004612447288227388,0.6464167833328247
1361664,749.3878939222639,500,False,0.15457446415423515,True,0.004577494350210705,0.6264359354972839
1362064,767.5851106957473,500,False,0.14730626701302213,True,0.0045440504424658044,0.6806708574295044
1362096,800.0760113439471,500,False,0.03928787786810958,True,0.00455188522039361,0.6120645999908447
1363008,771.9456104789441,500,False,0.12671741087858304,True,0.004553834172979691,0.5860012769699097
1363808,725.2756406225545,500,False,0.08896526000952151,True,0.004710290029929692,0.6336591243743896
1364368,833.5400524440889,500,False,0.05817329138626783,True,0.00472955406652185,0.7442730665206909
1364544,781.248601820533,500,False,0.09152031592867935,True,0.0046733555347634615,0.6855515241622925
1366896,757.3921961299279,500,False,0.038036819477383986,True,0.004671696146759329,0.6131534576416016
1366976,789.9742642496814,500,False,0.07847492335134747,True,0.00466270597821439,0.7538747787475586
1367088,790.365217323819,500,False,0.07105860555217056,True,0.004648728049455182,0.7289285659790039
1367760,755.592260376818,500,False,0.13122074342089304,True,0.004657075749925825,0.7168616056442261
1368416,746.0210330746581,500,False,0.05428939383371757,True,0.004681165353496406,0.7161475419998169
1368512,776.7254091929443,500,False,0.14011126565025656,True,0.0046533264274996305,0.6585627198219299
1368816,793.9719673382128,500,False,0.08944492562477353,True,0.0046366025540635816,0.7406994104385376
1369408,816.2185800093372,500,False,0.039127792359177106,True,0.004582836904386276,0.824047327041626
1369536,716.9827182477376,500,False,0.13837149066962642,True,0.004536446234883979,0.7838255167007446
1369664,764.8949493651197,500,False,0.0824080106610051,True,0.004560638660450949,0.6094346046447754
1370064,799.060710367625,500,False,0.18993268689247977,True,0.0045837405480623206,0.7871518135070801
1370096,787.8740305393275,500,False,0.08055169949951507,False,0.00464220403078058,0.6008278131484985
1371008,838.916247649914,500,False,0.09833880128140113,True,0.004646244289560266,0.7811761498451233
1371808,827.8545143351807,500,False,0.10943871148519427,True,0.004758265451371181,1.2840354442596436
1372368,774.5019880186557,500,False,0.13970401396802587,True,0.004630397828453593,0.6077806949615479
1372544,767.9466857920152,500,False,0.09601387032209954,True,0.0045629399655997575,0.789602518081665
1374896,716.2814090018438,500,False,0.14379200603267808,True,0.004527923969699352,0.6699128150939941
1374976,808.5675649640376,500,False,0.0768652156903558,True,0.004473702758260711,0.7086512446403503
1375088,804.0471587425038,500,False,0.055607890343968194,False,0.00447794868836693,0.6474980115890503
1375760,749.1073265156739,500,False,0.07391043792324961,False,0.004471967788058514,0.650475800037384
1376416,780.6611298816291,500,False,0.06616475300234093,True,0.004453073186603842,0.7037374377250671
1376512,829.506277330672,500,False,0.05045709380260855,False,0.004441169615843301,0.6315813064575195
1376816,840.8110251545617,500,False,0.0798114952133081,False,0.004440704827936584,0.6431971788406372
1377408,838.9567335072092,500,False,0.06220284984867503,False,0.004428397591190025,0.7227140069007874
1377536,805.764325344935,500,False,0.1332445033740488,True,0.004520350656042323,0.6214979887008667
1377664,772.6338388726607,500,False,0.11889910086660785,True,0.004532010139789767,0.7845057249069214
1378064,694.8038886041486,500,False,0.1727029341392292,True,0.0045355556112355346,0.6940741539001465
1378096,754.8544226818601,500,False,0.10739956830328899,True,0.004555940742499566,0.6547603607177734
1379008,804.4882303467111,500,False,0.10694877906079049,False,0.00456204864731432,0.580978512763977
1379808,703.9051040034408,500,False,0.1528267668289135,True,0.004657965709637998,0.7759806513786316
1380368,711.5267500409149,500,False,0.16297253867921663,True,0.004658658282161869,0.6668528914451599
1380544,717.0961986677977,500,False,0.09751903615648276,True,0.004683034953682615,0.6418101191520691
1382896,811.115899265399,500,False,0.026700115273223368,True,0.004662009297152112,0.6179258823394775
1382976,761.9226091423859,500,False,0.13522803950379045,True,0.004490919596649592,0.7987836599349976
1383088,763.6212644507217,500,False,0.15197330685586846,True,0.004490598197875025,0.7445138692855835
1383760,709.5500868953039,500,False,0.17468509148894915,True,0.00448577746572565,0.7449697256088257
1384416,778.4854388931086,500,False,0.11007904333927625,True,0.004532613712981103,0.6037734150886536
1384512,793.2531709350064,500,False,0.06367210970044983,True,0.004560954816804144,0.5719802975654602
1384816,809.5842464660313,500,False,0.0502398301339608,True,0.004558006252636094,0.5962031483650208
1385408,805.6417023430936,500,False,0.06273808956935074,True,0.004563004187625707,0.7396397590637207
1385536,756.4268158260667,500,False,0.057030180390296406,False,0.004554649568613866,0.7326348423957825
1385664,754.6212945459043,500,False,0.07636843612936516,True,0.004563668991120901,0.6540271043777466
1386064,792.4820617699324,500,False,0.10049462342062614,True,0.004575925108077249,0.6547764539718628
1386096,812.7643713968663,500,False,0.11610936078666452,True,0.004567264011326557,0.6206339597702026
1387008,743.3754464711002,500,False,0.06240844971238094,False,0.004565506704163252,0.7592145204544067
1387808,831.5238294151624,500,False,0.07763006094203873,True,0.0045366805054464585,0.6689934730529785
1388368,788.7646488958633,500,False,0.10927599208228418,True,0.00442820285206606,0.571647047996521
1388544,720.2741867802005,500,False,0.19801833980440095,True,0.004422821319580724,0.6412695646286011
1390896,743.061346797493,500,False,0.03372976296504654,True,0.004404080437962761,0.605664849281311
1390976,756.905483193406,500,False,0.06796408571099338,True,0.004645741839192476,0.6687710285186768
1391088,769.7582410457704,500,False,0.13396936759786252,True,0.004668663104562753,0.742554783821106
1391760,769.8455421822252,500,False,0.048571408206035234,False,0.0046893148191768565,0.6531773805618286
1392416,747.2630952428419,500,False,0.07084273857288982,True,0.004682877147424871,0.7420012950897217
1392512,823.752335952892,500,False,0.0930234655368062,True,0.004607361884640971,0.7250405550003052
1392816,767.9108502907812,500,False,0.0928970103995574,True,0.004595710874208749,0.563602864742279
1393408,785.2734737589309,500,False,0.11841875705019617,False,0.0045828874152161365,0.6324108839035034
1393536,751.6911984946843,500,False,0.051240072717040244,True,0.004554878540771867,0.5519745349884033
1393664,732.0843955919541,500,False,0.16752314570078183,True,0.0045577988044861704,0.6869270205497742
1394064,818.0842000833496,500,False,0.08478695994588799,True,0.004565114072486891,0.7032919526100159
1394096,713.0392303927069,500,False,0.1661243527496323,True,0.004566888443131667,0.7298070192337036
1395008,741.8625501903365,500,False,0.153908645554257,True,0.004564371038261483,0.6413800716400146
1395808,804.3082141893732,500,False,0.09047323048240562,True,0.004477851224109381,0.5578466653823853
1396368,783.2742556432944,500,False,0.17738953319868267,True,0.004439822141037037,0.5792678594589233
1396544,777.3153802091923,500,False,0.08232089418047463,True,0.004505198426529551,0.5340393781661987
1398896,749.4289451816696,500,False,0.09769177150008256,False,0.004484928859360461,0.78176349401474
1398976,725.4309210142775,500,False,0.11494819979557032,True,0.004483777405792812,0.5380791425704956
1399088,738.1303312160197,500,False,0.09355759373587953,False,0.004473731462454842,0.7846044301986694
1399760,741.9770775475026,500,False,0.030410017760971665,True,0.004469230775761051,0.6023094058036804
1400416,742.2252588610869,500,False,0.13101815083157503,True,0.0044411746151787525,0.606303334236145
1400512,801.1721116188476,500,False,0.08606039171106938,True,0.004454772401057656,0.6162179708480835
1400816,784.2427067864843,500,False,0.04587026522436044,False,0.004449595647739544,0.7193317413330078
1401408,750.2144679400708,500,False,0.12701666886250185,True,0.004422451734695718,0.5108739137649536
1401536,732.6920298327566,500,False,0.12133258412717275,True,0.004354040194029369,0.49544885754585266
1401664,721.4634049257979,500,False,0.10484686525967607,False,0.004330051035331562,0.5327022075653076
1402064,744.8095526121277,500,False,0.05166655890582204,True,0.004317665934530529,0.7034326791763306
1402096,756.3632721530454,500,False,0.10512463461028487,False,0.004276752525282114,0.8035145998001099
1403008,788.9111597930029,500,False,0.154266376647423,True,0.0042733847845614825,0.5780447721481323
1403808,776.5547814900292,500,False,0.08908693276262594,True,0.00434294307450639,0.7141240239143372
1404368,786.8767932316179,500,False,0.09911016544145577,True,0.004379033538991994,0.5558313131332397
1404544,723.8900904691383,500,False,0.08759027818875204,True,0.004384448938826593,0.581429123878479
1406896,778.7892462969595,500,False,0.08469838050275665,False,0.0043848505126727905,0.7012747526168823
1406976,747.1395197102635,500,False,0.17161621071903896,True,0.004226561705099581,0.6355677247047424
1407088,798.0632066743817,500,False,0.14140694628864434,True,0.004232957110185561,0.5501207113265991
1407760,802.3956498833057,500,False,0.06947526444368268,False,0.004229611615167031,0.5530915856361389
1408416,787.0481930793352,500,False,0.1246943229436994,True,0.004235790055187038,0.6178833246231079
1408512,730.726938543313,500,False,0.17289894381710622,True,0.0044224364298964675,0.5699866414070129
1408816,762.042169034469,500,False,0.2571920070300515,True,0.004427976594466707,0.6307450532913208
1409408,752.2869117758221,500,False,0.08268023434138175,True,0.004447914969856877,0.6684556007385254
1409536,772.5654938041877,500,False,0.1490138141768744,True,0.004451960919500435,0.6565446257591248
1409664,800.2164180820585,500,False,0.0916644174013919,False,0.004445398044745708,0.6232216358184814
1410064,752.741049614625,500,False,0.07975724284262443,False,0.004437407994140539,0.6937503218650818
1410096,780.1679787428106,500,False,0.1190840327347324,True,0.004464676644394053,0.678887665271759
1411008,791.9999023568402,500,False,0.11113369439719493,True,0.004463976625359673,0.6938537359237671
1411808,725.1956091760894,500,False,0.15213212447110766,True,0.004465778174749994,0.5874865055084229
1412368,799.8900460929317,500,False,0.11542922150829661,True,0.004459644926331573,0.5823525190353394
1412544,783.0065338616128,500,False,0.11902094492386853,True,0.004441099590274241,0.6685537695884705
1414896,800.1382617210107,500,False,0.06849169329479303,True,0.004409306232066491,0.7003960609436035
1414976,767.5623920044519,500,False,0.10918421772775394,True,0.004473102271438741,0.736123263835907
1415088,753.7272034593818,500,False,0.039762308641982665,True,0.004469656326606602,0.6304340362548828
1415760,757.2448044762262,500,False,0.0778770069551629,True,0.0044652107310347924,0.6445640325546265
1416416,701.4919112460398,500,False,0.12576176515790827,True,0.004468433849908382,0.5622775554656982
1416512,817.460273377507,500,False,0.172673055620745,False,0.004520437295845347,0.6597186326980591
1416816,815.9562870137265,500,False,0.07809942713926853,True,0.004506614300024535,0.6013687252998352
1417408,790.3163684866137,500,False,0.10219910341975806,True,0.004451807903458754,0.6141376495361328
1417536,735.9117208556972,500,False,0.1187281453961762,False,0.004433304196031302,0.5526263117790222
1417664,794.4702932207841,500,False,0.05489756639474377,True,0.004427847784369444,0.6529048681259155
1418064,797.5631094868874,500,False,0.047729091842348276,True,0.004438885949403046,0.6440675258636475
1418096,820.035826872712,500,False,0.09594992608487077,False,0.0045456374124178195,0.8003814220428467
1419008,742.8792848710233,500,False,0.11761474171159297,False,0.004549145781587907,0.6914858222007751
1419808,806.3767731526021,500,False,0.09897599620249904,True,0.0045092446187751795,0.7218968272209167
1420368,804.3804124094329,500,False,0.04510274586990888,False,0.004524737188256838,0.5801210403442383
1420544,770.3881669471969,500,False,0.11080847328042806,False,0.004467241606199667,0.5103799104690552
1422896,756.3003583880766,500,False,0.17122701749195374,True,0.004431194180670783,0.7900424599647522
1422976,738.1861499811467,500,False,0.09172177905660647,True,0.004295715221270985,0.6452659368515015
1423088,807.8737783492971,500,False,0.08215562591783634,True,0.004309193648296582,0.6453846096992493
1423760,737.355582661673,500,False,0.10878906952005882,True,0.0043266616996415624,0.8318853378295898
1424416,736.9666830599011,500,False,0.13060301212733327,True,0.004450783999842099,0.6088197231292725
1424512,745.4927810234825,500,False,0.11721653315168412,True,0.00447069190779665,0.6590831279754639
1424816,745.6743137784704,500,False,0.08983959247658478,True,0.004474892372789695,0.7190804481506348
1425408,755.3583327528728,500,False,0.14362357586851449,True,0.004509107601114533,0.6818543076515198
1425536,721.0584341744765,500,False,0.1696979770244874,True,0.00451609048867272,0.7252891063690186
1425664,785.753314720076,500,False,0.11708640383308525,True,0.004524397284507672,0.6049937009811401
1426064,767.300786647872,500,False,0.06268903587252238,True,0.004545862572307762,0.7282975912094116
1426096,759.3995839536824,500,False,0.08711636283873758,False,0.004599814540867563,0.7463406324386597
1427008,771.7822145222344,500,False,0.08720617192902055,True,0.004601937629084358,0.6004769802093506
1427808,746.8011229499405,500,False,0.07776360775434976,True,0.004630931378127349,0.5664251446723938
1428368,807.4374512274087,500,False,0.07168403600207247,True,0.004608950552259546,0.6168355941772461
1428544,819.6568858554206,500,False,0.0506035601249285,True,0.004568047474282244,0.6948678493499756
1430896,745.3774152745077,500,False,0.087933761479428,False,0.004566987136944113,0.7734307050704956
1430976,752.5877266578414,500,False,0.08151537480687034,False,0.004444503233852778,0.5693193674087524
1431088,819.549248151456,500,False,0.05367019968762503,True,0.004464613597946159,0.7179495692253113
1431760,812.6449966035312,500,False,0.16946200706121783,False,0.004493460534599455,0.5302672386169434
1432416,787.4649182734149,500,False,0.051710627243259616,False,0.004460520465842593,0.7063588500022888
1432512,760.7954247126044,500,False,0.039369787407861005,True,0.004341915459892037,0.6619235277175903
1432816,771.1231110022259,500,False,0.07080139635766836,True,0.004328346931631292,0.5702870488166809
1433408,756.6323298361192,500,False,0.07283208893991944,True,0.004317326474341185,0.7400780916213989
1433536,745.6647116275037,500,False,0.10786154078569392,True,0.0042654881582245945,0.6336742639541626
1433664,751.5442350807383,500,False,0.09305179263502505,True,0.0042513705524361125,0.875278115272522
1434064,791.0051895067855,500,False,0.0834119081372283,True,0.00423471055239092,0.7050380706787109
1434096,782.896901118345,500,False,0.08090402524234915,False,0.004272427840944223,0.6136965751647949
1435008,807.71722748633,500,False,0.046392759723627525,True,0.004274812396398125,0.8099943399429321
1435808,754.6899905192824,500,False,0.0619534630927736,False,0.0042319560764575645,0.5716181993484497
1436368,794.7628878816279,500,False,0.08625668232477796,True,0.004180961658875118,0.632583498954773
1436544,752.5169652363511,500,False,0.15197065812118343,True,0.004229599899802423,0.6859266757965088
1438896,795.1708661957516,500,False,0.07653755184772286,True,0.0042574483742832845,0.6932342648506165
1438976,740.8825327994755,500,False,0.026060338998710863,True,0.004564611426005976,0.7174382209777832
1439088,747.4808815077421,500,False,0.07049437874201411,True,0.0045751011684734555,0.6598118543624878
1439760,812.2030820561558,500,False,0.11118122168793727,True,0.0045858921414708344,0.7460789680480957
1440416,756.2221086908307,500,False,0.10498587086360633,True,0.004592089118794373,0.5863696932792664
1440512,828.4571300889492,500,False,0.10158759355990497,True,0.004540949304386047,0.5628781318664551
1440816,776.4882341678291,500,False,0.1268638097873473,True,0.004533400944904973,0.6405318975448608
1441408,765.116802201721,500,False,0.07307033598634982,True,0.004531970878772543,0.5722483396530151
1441536,753.1689671680315,500,False,0.09908620405007923,True,0.004564866629419068,0.5930230617523193
1441664,691.4873820441786,500,False,0.16284547955867132,True,0.004567725317648811,0.5797092914581299
1442064,760.3981173688007,500,False,0.09559688827818093,True,0.004562731016945353,0.7705634832382202
1442096,826.4680046501189,500,False,0.10306996222523475,False,0.004549311628661272,0.7886032462120056
1443008,760.5490098435661,500,False,0.025660889600945418,True,0.004543147648446971,0.6157354116439819
1443808,747.2778206918869,500,False,0.10667214303311123,True,0.004481544370701871,0.6558992862701416
1444368,816.6657056751304,500,False,0.13090558823994747,True,0.004466734140454275,0.5714609026908875
1444544,774.7069530102258,500,False,0.1499066050914628,True,0.004424809209566703,0.561209499835968
1446896,722.8252947540312,500,False,0.16024494958598734,True,0.004426493041999563,0.6203969717025757
1446976,803.0276307043468,500,False,0.0758762458899447,True,0.004433860423676273,0.6593683958053589
1447088,834.1781617452797,500,False,0.04140386899648665,True,0.00443034101805425,0.566483736038208
1447760,751.5552922622165,500,False,0.15863419326184205,True,0.004429009319042117,0.6774394512176514
1448416,756.2504602938752,500,False,0.09863766805790514,True,0.004518025108190962,0.466459184885025
1448512,808.1609949007512,500,False,0.14515883211330344,True,0.004628811502806548,0.547091007232666
1448816,764.4641049856368,500,False,0.10503754962478018,True,0.00463069367732359,0.6583307981491089
1449408,811.8181241339277,500,False,0.09563278478893172,True,0.004644716443290934,0.4970483183860779
1449536,761.4601142812562,500,False,0.030138289255517817,False,0.004614895550756548,0.7137436270713806
1449664,759.0336009320359,500,False,0.1632420857244803,True,0.004617078261027434,0.5992170572280884
1450064,772.6884352235764,500,False,0.1457615852928659,True,0.004589659534524028,0.6622631549835205
1450096,759.9901846390696,500,False,0.07955310207838934,True,0.004590456578100975,0.6405758261680603
1451008,746.6105048830839,500,False,0.11457664487064007,True,0.004594113020750673,0.6216380596160889
1451808,815.2328867132999,500,False,0.057290379114509,True,0.004403942894225546,0.7532191276550293
1452368,764.6085118385244,500,False,0.12836933740740084,True,0.004289392190602829,0.6890152096748352
1452544,749.681295443643,500,False,0.10606951313790605,True,0.004409026842065501,0.7409635782241821
1454896,778.7406876675517,500,False,0.13928929804700824,True,0.004416139440707766,0.5312542915344238
1454976,813.9396228484039,500,False,0.05364207893838451,False,0.004488289506206789,0.6514326333999634
1455088,830.3838124223528,500,False,0.07542973425311507,True,0.004492140275730784,0.6786199808120728
1455760,726.2641677367142,500,False,0.25017579723081346,True,0.00449146519835598,0.6802963018417358
1456416,817.8640307462096,500,False,0.09906248917886899,False,0.004538885238897051,0.7182656526565552
1456512,815.8967222471799,500,False,0.06856111965236275,True,0.004549442733441463,0.598171055316925
1456816,787.1634342171919,500,False,0.11314710826024166,True,0.00455046075380107,0.6692420244216919
1457408,803.5814559489545,500,False,0.09925230488122048,True,0.004552862612597074,0.5721259117126465
1457536,841.584276210079,500,False,0.042599657108847465,False,0.0045389564547625464,0.5034713745117188
1457664,777.0897013941672,500,False,0.16125487036719008,True,0.004531535365484808,0.6117640137672424
1458064,751.5352623567635,500,False,0.09455928566686582,True,0.00452742682643403,0.6264300346374512
1458096,766.687759558338,500,False,0.08489231836704479,True,0.004576620490753508,0.4579184353351593
1459008,781.089345826297,500,False,0.13297631673902438,True,0.0045770385708960954,0.6516873836517334
1459808,794.5571838951196,500,False,0.14819554943791396,True,0.004473802110732197,0.5715162754058838
1460368,680.2257636176399,500,False,0.09872296812430686,True,0.004347682990686865,0.5291351079940796
1460544,786.9564902340743,500,False,0.04538644314378077,True,0.004298320293480761,0.6483592987060547
1462896,760.8097442296357,500,False,0.0933609096100975,True,0.004328500010839476,0.6273020505905151
1462976,767.9332952348395,500,False,0.14382063325881947,True,0.004499142188854489,0.625507116317749
1463088,779.7177561535424,500,False,0.09654932490891435,True,0.004498002484071108,0.49634525179862976
1463760,745.637831638481,500,False,0.14601312695421031,True,0.004491883655540539,0.5704612135887146
1464416,795.9397083800245,500,False,0.12664502672794536,True,0.00457059505230604,0.6022262573242188
1464512,798.4633505068444,500,False,0.08643698807457179,True,0.00461787632050321,0.5432968139648438
1464816,744.1410979464392,500,False,0.06700674258325201,True,0.00460160503574454,0.5336150527000427
1465408,846.2464854641368,500,False,0.0832898841966094,False,0.00457592319603031,0.5122365355491638
1465536,754.7650159981177,500,False,0.10374126591236421,False,0.004639829189619836,0.6263529062271118
1465664,767.4209231879203,500,False,0.11610732141877692,True,0.004641873096974199,0.6883002519607544
1466064,798.1748818919204,500,False,0.12867363238649215,True,0.004636969549859054,0.5162485837936401
1466096,782.2401832699175,500,False,0.08314647662752538,False,0.004617961347823797,0.4750743508338928
1467008,771.2222267386004,500,False,0.06540137993191504,True,0.0046192787026069,0.6191206574440002
1467808,773.6225253944972,500,False,0.0712789040433094,True,0.004697834068873202,0.5738087296485901
1468368,748.1825451552367,500,False,0.18018946574579764,True,0.004601983313089672,0.5036129951477051
1468544,829.4092302023267,500,False,0.025839674819687505,True,0.004577531363990654,0.5309730172157288
1470896,760.9025239748805,500,False,0.06373169767417777,True,0.004594839401238592,0.5360480546951294
1470976,664.6285888902096,500,False,0.18041728847362162,True,0.004532834454932052,0.5900951027870178
1471088,757.0482698913341,500,False,0.19582746681740995,True,0.004531547532133021,0.6773932576179504
1471760,828.5519517022243,500,False,0.07469377153872046,False,0.004531147583912084,0.5619728565216064
1472416,799.5653059351736,500,False,0.16846876300784996,True,0.0044900326510852575,0.6669846177101135
1472512,773.8050924552971,500,False,0.08173157955989202,True,0.0043367421595772535,0.6370016932487488
1472816,779.5875233432116,500,False,0.07796838527330964,True,0.004329875744521085,0.5317012071609497
1473408,761.9520846154769,500,False,0.09084950480301575,True,0.004308235428757221,0.6307339072227478
1473536,832.3131087223262,500,False,0.1092521857566544,False,0.004418125088855502,0.6807241439819336
1473664,766.7403960558478,500,False,0.021305725509044946,True,0.004430181901726231,0.5342846512794495
1474064,810.3840694881392,500,False,0.04312501831138926,False,0.0044598466369076654,0.6672983169555664
1474096,851.9212718991365,500,False,0.03978351975949437,True,0.0045452795929339165,0.5514909029006958
1475008,744.7885376075685,500,False,0.11950261458218199,True,0.0045539942836675396,0.6710249185562134
1475808,784.2498365836541,500,False,0.05747612616484484,True,0.004642382367024349,0.5376064777374268
1476368,779.5167933386127,500,False,0.08428792272579934,True,0.004626461346365612,0.6001080870628357
1476544,774.5829062406826,500,False,0.018440107215985078,True,0.004506698937750338,0.5529371500015259
1478896,792.9291244765017,500,False,0.13352917198826844,False,0.0044856111336263335,0.6740041971206665
1478976,834.6155964281335,500,False,0.07016826053782436,False,0.004495627403302606,0.6862854957580566
1479088,769.8761685346344,500,False,0.09066531201328701,False,0.0044967278256292905,0.6212882995605469
1479760,755.6333396273735,500,False,0.10341739960539176,False,0.004510552145692568,0.46100011467933655
1480416,776.0749389400412,500,False,0.10068956555798504,False,0.004563648444474554,0.6318806409835815
1480512,748.0035409953981,500,False,0.13220352400054958,True,0.004587943101687905,0.6678446531295776
1480816,736.0189490601838,500,False,0.10630867005484056,True,0.004605628390787553,0.6891934275627136
1481408,784.744338720979,500,False,0.12093436142216064,True,0.004578751337309534,0.5962037444114685
1481536,756.1201917220944,500,False,0.155431403706596,True,0.0044907175209889716,0.6293901205062866
1481664,783.9757144634218,500,False,0.06205375335241345,True,0.0044696875772440815,0.5814249515533447
1482064,766.3288006825661,500,False,0.08691396495193324,True,0.004443372222555384,0.4978906214237213
1482096,821.1629960920709,500,False,0.1390249969215187,True,0.004511715302297378,0.6032524108886719
1483008,796.1033313411923,500,False,0.05659639225650679,False,0.004514385492897419,0.5692455172538757
1483808,784.2225602435012,500,False,0.1310397652236858,True,0.004519635393103687,0.5973552465438843
1484368,800.4139182448471,500,False,0.11242740338765933,True,0.004520189406087514,0.4756746292114258
1484544,754.1502396745487,500,False,0.11680818261735576,True,0.004511845752531117,0.6276097297668457
1486896,800.0782181002314,500,False,0.07113429733221956,True,0.0044963564560301155,0.596449077129364
1486976,817.5345516315496,500,False,0.10667922145554938,True,0.004510614578196726,0.6999820470809937
1487088,823.617838863112,500,False,0.07181159221906722,True,0.004512824873865455,0.7065967321395874
1487760,797.3347235719517,500,False,0.05433490650336678,True,0.004518046150764852,0.5896167755126953
1488416,787.3823542700572,500,False,0.05758762240211358,True,0.004605672498541137,0.5363849997520447
1488512,834.4084667641583,500,False,0.0875374998604424,False,0.004684375712384367,0.5686696171760559
1488816,793.4381207779602,500,False,0.0621588429548685,False,0.0046959168382192835,0.5743917226791382
1489408,760.794736604857,500,False,0.1467029824961418,True,0.0047710300508287335,0.5698001980781555
1489536,753.5560829111397,500,False,0.1764884750768693,True,0.004689981720834124,0.5205443501472473
1489664,780.8861723039892,500,False,0.09081211580326072,True,0.00466385351146385,0.5823711156845093
1490064,723.5556793256484,500,False,0.16958198683130163,True,0.004640656804111995,0.5788693428039551
1490096,780.6184680025283,500,False,0.16177968413784993,True,0.004559186009428283,0.48214012384414673
1491008,774.5142415404432,500,False,0.09973767294336137,True,0.004552089803133777,0.5665990710258484
1491808,759.4583780783641,500,False,0.059708486526227955,True,0.0045878722887670136,0.6468789577484131
1492368,785.5393527280718,500,False,0.15720641977329983,True,0.004572495021337963,0.4966796636581421
1492544,818.1050293244226,500,False,0.07223225077206619,True,0.004605443210561766,0.5011492967605591
1494896,825.6253696121806,500,False,0.040382848007628154,True,0.004648413024946392,0.5426907539367676
1494976,793.1285933510942,500,False,0.08129216051814415,True,0.004683287904794844,0.5307901501655579
1495088,723.4004330115691,500,False,0.17425498976919304,True,0.004690651743642592,0.5262467861175537
1495760,763.4843657135516,500,False,0.16514791120310243,True,0.00470834481152342,0.5524822473526001
1496416,745.8473041474966,500,False,0.20119884212525424,True,0.004792281913180802,0.5846055150032043
1496512,769.3878441147127,500,False,0.11871916430226136,True,0.004714285171919002,0.7092276811599731
1496816,819.1339140823509,500,False,0.09646029903664517,True,0.004695378137980796,0.5844781398773193
1497408,787.889951128237,500,False,0.1074342884219023,True,0.00467608436804366,0.7384446859359741
1497536,792.8706961272312,500,False,0.12118869341928079,True,0.004591601352734367,0.5697165727615356
1497664,768.9922218472764,500,False,0.1018972828036123,True,0.004573747032194305,0.5222288966178894
1498064,763.4112505211964,500,False,0.11417929484556857,True,0.004569876708337726,0.5899540185928345
1498096,778.1065334027319,500,False,0.0778983010347904,False,0.004545581663958431,0.6012820601463318
1499008,756.2457652151471,500,False,0.1308700155746489,True,0.004549883931428315,0.6149574518203735
1499808,824.222512665144,500,False,0.05579431595274535,True,0.004636702773648773,0.5321972370147705
