step,return,length,crashed,final_dist,had_event,alpha,loss_q
976,-7.347375165081425,61,True,6.046979341153776,False,,
1152,-3.5032533975779314,72,True,6.154560131727097,False,,
1152,3.765268466828891,72,True,6.181348833355606,False,,
1232,-5.832308241207689,77,True,6.165864303952778,False,,
1344,3.9046268939576088,84,True,6.01975219783341,False,,
1424,22.70074109023995,89,True,6.111060400337797,False,,
1424,19.83524285676841,89,True,6.1042121471522846,False,,
1456,1.9118508923465605,91,True,6.084577928287836,False,,
1472,4.486997372661744,92,True,6.011865561121633,False,,
1568,15.839006703686007,98,True,6.074713081519687,False,,
1760,13.67306138187651,110,True,6.00268812920211,False,,
1776,32.18742646030437,111,True,6.071120889607867,True,,
1968,-5.4154129960115895,123,True,6.084985783334296,False,,
2080,-7.0610195333549655,69,True,6.061299801294291,False,,
2160,8.781189002598607,135,True,6.087229513214066,False,,
2304,39.81011927084067,144,True,4.949215799349958,False,,
2384,-16.216214523212617,77,True,6.061760967433596,False,,
2560,-11.248626385305936,71,True,6.043544841578136,False,,
2576,-6.033597156263582,77,True,6.019627466831492,False,,
2624,-8.975158398963716,164,True,4.223574290620991,True,,
2688,6.224886799410292,76,True,6.025857978076267,False,,
2704,-5.851225481801459,92,True,6.054449649732239,False,,
2992,-6.496181962342059,96,True,6.126426533101981,False,,
3040,-12.560487619478245,80,True,6.091533596194915,False,,
3280,-17.003595504642025,82,True,6.102852371020462,False,,
3344,9.932620099306222,98,True,6.09802169162986,True,,
3536,22.664788237141387,53,True,1.998730687151212,False,,
3584,6.452205689022252,89,True,6.090098943991293,False,,
3584,-11.085824198191963,94,True,6.022397519847816,False,,
3600,36.55448622648464,127,True,6.13442242246545,False,,
3744,-3.287649597070091,73,True,6.125343821089038,False,,
3760,24.796302586771972,86,True,6.130331877360204,False,,
3888,-3.5344724627243256,74,True,6.084082388940685,False,,
3968,13.085164824930036,176,True,6.195269965263834,False,,
3984,8.29166309461047,85,True,3.1148667850029974,False,,
4016,4.639733109155513,91,True,6.028985425275621,False,,
4016,2.066537578354273,107,True,5.20863419128503,False,,
4096,-13.000971164119376,167,True,6.045439736329575,False,,
4496,-2.432541528250658,72,True,6.162432171383165,False,,
4544,6.7374337638733905,94,True,6.006369824111231,False,,
4608,-12.765895283088952,64,True,6.114102451474112,False,,
4624,-1.971915279159301,102,True,6.012361773208384,False,,
4800,20.461821235822075,75,True,2.7988812187124776,False,,
4960,4.8009832231452965,105,True,6.125676771593661,False,,
5056,-13.968757706735754,73,True,6.05570964561717,False,,
5088,14.131269832127046,97,True,6.0666978880701175,False,,
5184,-15.188416407517174,73,True,6.116620185983853,False,,
5392,21.498769269733213,113,True,6.0573867688604475,False,,
5536,27.600660024086697,98,True,6.148076431827371,False,,
5568,10.740355195764613,59,True,3.5724669097993806,False,,
5616,33.3802539236396,117,True,6.027701633141034,False,,
5616,11.110967869353571,95,True,6.082940690107726,False,,
5664,15.366209271763164,105,True,6.051047671286151,False,,
5664,-5.980725899722919,73,True,6.048050641245955,False,,
5744,10.283154217865732,108,True,6.0779254735282215,False,,
5968,-1.6452404696910499,85,True,6.112580565787315,False,,
6208,-1.3821989615433043,104,True,6.1650803559346,False,,
6224,8.761545114790419,154,True,5.493048564984932,False,,
6272,13.827989881292748,82,True,6.002458187084366,False,,
6352,-11.694238522118264,81,True,6.013128488528969,False,,
6480,-2.2967931726975763,87,True,6.033016521850999,False,,
6688,-14.23695600221452,64,True,6.0590059907029366,False,,
6768,1.7388991888524625,77,True,6.022426775368561,False,,
6800,38.94520677171235,71,True,1.6982630832797876,False,,
6832,19.461325103013134,127,True,6.059093984459599,False,,
6928,13.51620448409977,85,True,6.087803334647911,False,,
6976,-14.934253263883507,85,True,6.080045397370989,False,,
7104,4.172670722158228,107,True,6.031863863329773,False,,
7168,27.899163202055178,89,True,6.145509157660986,False,,
7248,-19.93882494407717,129,True,5.548915433340904,False,,
7504,6.721179515177054,80,True,4.83452240811561,False,,
7568,11.356271754639302,85,True,6.131400369988323,False,,
7600,3.014035975343635,102,True,6.073904351934949,False,,
7664,8.678606374099363,128,True,6.075582215210912,False,,
7904,23.846834804045763,89,True,6.0816763191011285,False,,
8000,-12.108702953996966,64,True,6.005656411092706,False,,
8112,12.773300453054423,110,True,6.072001058596793,False,,
8336,-17.66270447212092,77,True,6.051341905764701,False,,
8448,0.1472154332690696,95,True,6.037381610994797,True,,
8496,13.48367878784592,106,True,6.043684795286651,False,,
8528,19.185882119315487,110,True,6.044161171837627,False,,
8560,28.06051630299047,117,True,4.234991382258613,False,,
8880,31.345786589332015,163,True,6.046893850544097,False,,
8896,-3.003809367575971,103,True,6.026265069169071,False,,
9008,14.209115349291228,136,True,6.1259004165369575,False,,
9072,15.351173928063202,98,True,6.133545711897866,True,,
9152,2.2123311711612015,99,True,6.098372548586511,False,,
9232,13.781197741707699,129,True,6.066579838970855,False,,
9280,-14.728377823946742,59,True,5.8135004291888555,False,,
9312,-14.433741824038346,54,True,6.082652429843298,False,,
9312,22.42131707570475,107,True,6.044151606103778,False,,
9424,9.73352814177142,95,True,6.120704250184943,False,,
9504,-0.8583172459182951,87,True,6.003408991246911,False,,
9520,3.5020247665505178,116,True,6.035157909068365,False,,
9808,13.79933099101315,113,True,6.005786052793925,False,,
9840,-5.547648274534458,82,True,5.189429628854574,False,,
9936,20.215753676748456,86,True,6.065358430767347,False,,
9936,-13.329640629666695,66,True,6.02305602469759,False,,
10128,-1.3583978745195555,102,True,6.013187989925269,False,,
10336,10.832947038101237,74,True,6.073539193203076,False,0.1980287734446885,5.68071985244751
10416,3.137009913060478,95,True,6.058881102785381,False,0.19496129911294388,1.7735366821289062
10544,13.554611462992158,77,True,6.003106164437419,False,0.1937949618490825,1.6625723838806152
10608,8.061307341874521,42,True,1.7638529785237955,False,0.19194424390725412,3.1625397205352783
10688,1.764045110283826,88,True,6.124819963938076,False,0.1910267348801309,1.5707180500030518
10688,-8.624448425770899,91,True,6.109618425006996,False,0.1910267348801309,1.5707180500030518
10720,1.2294788065292366,107,True,6.023898450791761,False,0.18988503111879063,1.5797094106674194
10720,-6.589719630311101,103,True,6.090669676473415,False,0.18988503111879063,1.5797094106674194
10736,-15.71075285118561,82,True,6.13865244746958,False,0.18942973075818872,1.640427827835083
10816,0.4330022020602424,81,True,6.113488489901601,False,0.18920243304317852,1.5650365352630615
11072,22.941028134646942,59,True,3.6024780426955845,False,0.18807473722977855,1.7309694290161133
11120,4.512194845916582,113,True,6.153406664337739,False,0.18451383984909525,2.441214084625244
11168,-8.43299012024725,47,True,4.9592030472844,False,0.18385354233701312,0.86934494972229
11200,-1.7972646171138766,85,True,6.162536061179197,False,0.1831945262646142,2.682528495788574
11456,7.941871639809902,103,True,6.053576369607208,False,0.18275667303773152,3.969907760620117
11472,0.5291169119953807,123,True,6.016763953895079,False,0.17929922854100094,0.6867482662200928
11744,-6.810171722037898,66,True,6.096613044185161,False,0.17908525898775532,1.9054666757583618
11904,-8.38583049966931,76,True,5.106407666246255,False,0.1754963422684677,1.6694551706314087
11952,8.39788045502328,76,True,6.144315957820844,False,0.17341923666777406,1.3126578330993652
11968,5.997292341125627,85,True,6.026426432574723,False,0.17280151510569464,0.5985478162765503
12032,2.621273184865064,76,True,6.010590913796816,False,0.17259636405489073,0.7405059933662415
12048,-5.943112141315227,83,True,6.13025500882853,False,0.1717774807711586,0.897304356098175
12048,16.153779560427335,107,True,6.1237686161079505,False,0.1717774807711586,0.897304356098175
12048,-16.060237261881095,94,True,6.050427804408895,False,0.1717774807711586,0.897304356098175
12192,-8.125344655954233,92,True,6.01829750789324,False,0.1715734251016275,1.2177766561508179
12304,-5.104566715800528,74,True,6.18351312435762,False,0.16975126126294085,2.2264022827148438
12448,6.208564506458913,80,True,6.082026863240565,False,0.16835231128634878,2.9490418434143066
12544,22.182545808710962,84,True,6.098542789821335,False,0.16656926072683945,0.9852198958396912
12544,3.665578158584605,92,True,6.046056105461089,True,0.16656926072683945,0.9852198958396912
12576,-12.65368700074509,69,True,6.033695169115779,False,0.16538651321109663,0.17040111124515533
12704,1.347499456292537,78,True,6.018120741784763,False,0.16499570768816765,0.933916449546814
12832,13.981471952965277,49,True,1.3820636160289506,False,0.16344291543088926,1.7142307758331299
12896,-11.160403971906756,72,True,6.004225529418748,False,0.16189739244583418,1.2803523540496826
13152,-16.16280336996803,78,True,6.069327849757471,False,0.1611312714704719,1.702569603919983
13200,23.25151233669942,77,True,2.7411475393624833,False,0.15810620192525185,0.40167635679244995
13232,45.33670943201495,206,True,3.0767160533474724,True,0.1575483663321721,1.2980149984359741
13232,25.857952980988266,80,True,6.072358328905563,False,0.1575483663321721,1.2980149984359741
13520,30.406633880800513,92,True,6.07437119106505,True,0.15717733187109167,0.35429126024246216
13664,-12.628618500786377,85,True,6.017003199846967,False,0.1538640921550884,1.3204808235168457
13872,8.33476366894963,83,True,6.021451543542119,False,0.15224541325802632,1.591024398803711
13872,1.7011268936155677,105,True,6.078584527997968,False,0.15224541325802632,1.591024398803711
13888,-6.084951272459483,82,True,6.075148139698298,False,0.14993098621480708,0.7022686004638672
14032,-14.326118788679118,93,True,6.048565710465218,False,0.14975446184788274,0.7031759023666382
14064,-1.831168453524258,85,True,6.075197649503796,False,0.14817580965371238,0.473082959651947
14128,-0.7251639229227056,81,True,6.011726020472894,False,0.1478279502436962,0.9520400166511536
14144,16.55545176961294,132,True,6.0126021458499075,False,0.14713443688379857,1.2341110706329346
14176,-1.1948428560480782,61,True,2.7197204999234614,False,0.14696180961827085,0.7685321569442749
14240,-4.07031723855671,84,True,4.537600188870251,False,0.14661710549374182,1.4078830480575562
14320,-12.09036876531767,117,True,6.050802134364539,False,0.1459305226328922,0.888852596282959
14480,3.9777062356147326,78,True,4.134807014412062,False,0.14507604541511157,0.28948503732681274
14576,-1.0204356920604116,84,True,6.086680968411249,False,0.14338193670537833,0.3772033452987671
14656,-2.123337787564891,71,True,6.150898998066911,False,0.14237425653603852,0.8640021085739136
14672,14.853982832250116,95,True,6.0251127738046835,False,0.14153835749971724,1.3884680271148682
14880,-3.2443663314654367,76,True,6.019583402733487,False,0.1413714830456857,0.448265016078949
14992,23.241323520334646,70,True,2.818613287627219,False,0.13922639896864553,0.23037634789943695
15200,-9.595418969550607,71,True,6.1511074758068665,False,0.13808861659783733,0.5757399797439575
15216,1.3482767993508524,74,True,6.003549133131595,False,0.1359963779608221,0.9766453504562378
15248,15.001223982955224,85,True,5.973247039948313,False,0.13583641326468066,0.23827116191387177
15312,-1.5721167135065652,90,True,6.142471155687466,True,0.13551606037296798,1.117653489112854
15360,24.99132831161672,76,True,6.000037847973274,False,0.13487951054883388,0.4101864695549011
15424,-5.288838836610853,74,True,6.0594561691993345,False,0.13440554697392482,0.16749286651611328
15424,22.973591789813007,211,True,6.0081078867023265,True,0.13440554697392482,0.16749286651611328
15456,-1.8269313128927447,36,True,1.7652027248503572,False,0.13377653217311847,0.17277967929840088
15664,10.942784356787946,84,True,6.032236145593837,False,0.13346357367559927,0.8189436197280884
15760,-0.9895041270595435,99,True,6.119549314801666,False,0.13144194627639535,0.3715766668319702
16000,30.744583471648845,117,True,6.093875275770565,False,0.1305140757159433,0.24556191265583038
16128,-1.5337620012048276,51,True,2.466830525685518,False,0.12823659072768823,0.348436564207077
16128,13.986515476031142,58,True,1.858953349475753,False,0.12823659072768823,0.348436564207077
16224,26.041159590848224,109,True,6.171445170285915,False,0.12704280767785808,0.4747907221317291
16288,8.973880427348728,81,True,6.02699345667425,False,0.12615251560703336,0.20794308185577393
16400,-4.6705668513922,72,True,6.12884904936921,False,0.12556186258912522,0.18381106853485107
16400,23.552787061533063,74,True,6.117519564485439,False,0.12556186258912522,0.18381106853485107
16416,-11.300740585030887,60,True,6.007198540248304,False,0.12453313345606724,0.21148620545864105
16432,10.051566342145776,111,True,6.0860291565555125,False,0.12438739210959507,0.4046001434326172
16432,43.33586125151122,116,True,6.067989079377686,False,0.12438739210959507,0.4046001434326172
16464,-7.502972419767284,112,True,6.024640182622799,False,0.12424182368589093,0.9783198833465576
16928,20.295113559659683,98,True,6.0909378451019345,False,0.1239499015629487,0.8761485815048218
16944,-8.879287567473527,80,True,6.098881172872974,False,0.1198136787640855,0.8070594072341919
16944,15.241353159412894,95,True,6.025457048001047,False,0.1198136787640855,0.8070594072341919
17024,10.587073034044883,64,True,1.8762282917914368,False,0.11967390172622422,0.25884050130844116
17344,-13.098544176945008,99,True,6.08986292415955,False,0.11897560058268819,0.3555944263935089
17504,-1.629627722355771,86,True,6.130425310792958,False,0.11623069517078795,1.0258487462997437
17552,-1.6441308318901573,133,True,6.0786034962830335,False,0.11488342509981714,0.15613201260566711
17552,16.82507223754081,70,True,4.832206866060119,False,0.11488342509981714,0.15613201260566711
17632,-10.900378649057588,77,True,6.045807815291495,False,0.1144793068413673,0.16842597723007202
17792,12.11446644768602,54,True,2.4288493405748057,False,0.11381368539211287,0.20264099538326263
17824,-5.0276482709074,89,True,6.097578421057224,False,0.11249200759962978,0.725500762462616
17824,-1.5853772665895036,96,True,6.0095462482363455,False,0.11249200759962978,0.725500762462616
17824,8.93635281442183,88,True,6.099921367556462,False,0.11249200759962978,0.725500762462616
17952,6.393078552603935,93,True,6.020075932337035,False,0.11223037782892584,0.14265207946300507
18048,-0.46662445956443044,114,True,6.019983979792173,False,0.11118828249212188,0.25456249713897705
18048,7.68449652973961,64,True,6.170537659684831,False,0.11118828249212188,0.25456249713897705
18080,10.71411766477885,103,True,6.023235868408482,False,0.1104124677396175,0.15980136394500732
18144,0.8645547389850634,75,True,6.106275818538925,False,0.11015513070844297,0.15677911043167114
18512,-17.04256426953355,60,True,6.114065663527309,False,0.10964137686881326,0.25664547085762024
18672,-10.334397046732319,108,True,6.054860953029709,False,0.10674015281157648,0.295233815908432
18752,41.47985438056523,164,True,6.077628395320398,False,0.10550507457508462,1.1969642639160156
18928,-5.832511704462501,81,True,6.097410005774293,True,0.10489304439799728,0.1663855016231537
18944,21.515442133954753,90,True,6.02169081077517,False,0.10355928133349271,0.16905823349952698
19040,0.5186955055765843,76,True,6.077433455098878,False,0.10343961295118848,0.12702520191669464
19088,-4.408895207631888,96,True,6.044313669390312,False,0.10272042280647199,0.2832147181034088
19120,-5.281391143223494,111,True,6.023308955559292,False,0.10236557944610337,0.2624983787536621
19168,20.96888308374926,76,True,6.107167219786544,False,0.1021289544709014,0.18587175011634827
19168,9.803333888256706,84,True,5.203585405943507,False,0.1021289544709014,0.18587175011634827
19632,-6.506813205808847,97,True,6.089156494790669,False,0.10177422481593905,0.1679602563381195
19632,16.861139703752983,99,True,6.03212282656427,False,0.10177422481593905,0.1679602563381195
19728,1.74784183092091,50,True,3.4607093825812,False,0.09840917137171072,0.9694991111755371
19776,14.22851282908493,108,True,4.497595018550162,False,0.09772752757402559,0.15510010719299316
19792,-4.229437702016263,103,True,6.082088323070027,False,0.09739089745500083,0.18708515167236328
20064,25.73624845732096,140,True,5.958244614311787,False,0.09727878368647619,0.567125141620636
20192,-3.775373986199714,90,True,6.073064366707644,False,0.0953754332382316,1.0394575595855713
20224,5.062853537491833,66,True,6.050509998010881,False,0.09449731765936926,0.2889360785484314
20288,10.779208870697062,84,True,6.10850216978444,False,0.09427867896018421,0.1570882499217987
20288,25.202702808907645,78,True,4.8910694484016,False,0.09427867896018421,0.1570882499217987
20416,-7.035760561941579,83,True,6.041205716126353,False,0.09384021238989897,0.15869292616844177
20448,16.048722961210895,121,True,6.136963190977869,False,0.09297561475655311,0.38167306780815125
20496,45.17223711521496,169,True,6.096748851990858,False,0.0927614940603068,0.5120739936828613
20592,24.510723664192376,120,True,6.055293193070343,True,0.09244167094873787,0.13783669471740723
20960,2.4902272225315425,83,True,6.11987332636965,False,0.09180076862223499,0.16550356149673462
21072,3.5636390283618358,122,True,6.022567913011166,False,0.08939179441663032,0.20497745275497437
21440,31.74367541701235,104,True,2.5896471302896438,False,0.08867377276086999,0.18056033551692963
21552,10.586402720164743,149,True,4.387432679491479,False,0.08634667005417096,0.18976116180419922
21872,25.421276162467507,134,True,5.16053337411271,False,0.08565185202510771,0.24202685058116913
21904,-7.229186098233409,101,True,6.026558976423616,False,0.08369368744690248,0.8623645305633545
22080,44.34902344820922,153,True,6.070312764946239,False,0.08350036600684048,0.160079225897789
22368,17.404153857197432,120,True,6.083002697549416,False,0.08244750738552177,0.1675555408000946
22400,-13.72455984036377,119,True,4.037204145847176,False,0.080756237676226,0.16072353720664978
22496,-4.36948050564043,142,True,2.985957418188121,False,0.08057129173814911,0.18765884637832642
22800,27.770966801407074,163,True,6.0257058112537925,False,0.08001593792736583,0.32382678985595703
22880,-2.0753020477500392,193,True,6.043802038667013,False,0.07829495696671547,0.22121691703796387
22912,-3.4281895356333507,164,True,6.1495535944911355,False,0.07784494596037042,0.2030429244041443
23472,21.713245546602913,157,True,6.004695684491714,True,0.07766521352856216,0.12920963764190674
24160,-6.309454376388839,256,True,6.105842418789585,False,0.07459292137489826,0.16389884054660797
24224,11.498927201556723,238,True,6.041243353795831,True,0.07101046400367553,0.22837938368320465
24656,61.5929492327508,224,True,4.126747579443435,False,0.0706870213542991,0.260478675365448
24736,32.88571684102516,146,True,6.032507403252677,False,0.06854193522649642,0.15048860013484955
24736,27.24306654801989,199,True,6.009463556586709,False,0.06854193522649642,0.15048860013484955
24992,44.16816353228347,195,True,6.0351494534507015,False,0.06815433816335592,0.2363734394311905
25136,37.79390037101392,202,True,6.061128022671813,False,0.06692968264713316,0.2694840431213379
25264,63.184900353467356,181,True,6.010473737710162,False,0.06625335015324212,1.445236325263977
25712,65.72618343290368,175,True,6.035436847375819,True,0.06565735557953148,0.19316640496253967
26416,115.22955145560447,245,True,6.04540554975153,False,0.0636033200931364,0.5664786696434021
26416,12.461791165652913,137,True,4.6187286003632115,False,0.0636033200931364,0.5664786696434021
26448,99.75816957867403,273,True,6.006697635804758,True,0.060516607310226386,0.37905439734458923
26720,39.72931421108649,330,True,6.012025101120159,False,0.06037990697094658,0.1491042971611023
26832,26.46964116155973,115,True,6.0253691759629175,False,0.059226873497523584,0.22840231657028198
27472,76.34139462125363,292,True,2.764913482051964,True,0.05876135660847593,0.5556884407997131
28160,19.551848599558458,153,True,6.013955258659896,False,0.056182990548347876,0.40777164697647095
28592,72.09490744291163,500,False,2.3067534094910487,True,0.05355140964536207,1.2285709381103516
28960,67.55499850589688,264,True,6.04807067910496,False,0.051968482199752114,0.20402635633945465
29056,36.534403495365964,349,True,4.2528440156673275,True,0.050661892632482664,0.3727151155471802
30880,10.475428499761978,500,False,4.7325806229487135,True,0.050327729319391556,0.4065530300140381
31296,150.510921734957,305,True,6.1165085227151135,True,0.04438375052487232,0.48067811131477356
31328,78.93066751121574,241,True,6.050303964380961,True,0.0431335215057628,0.18011200428009033
31488,84.04732335062573,397,True,6.0000919686769505,True,0.04303811580699757,0.2138037383556366
31584,-8.85047466779386,321,True,6.0093628022905285,True,0.04256834662006539,0.2907849848270416
31968,47.40338441322233,188,True,6.008997787677875,True,0.042290223181632135,0.26103872060775757
32160,103.356611868903,500,False,2.9260702530876683,True,0.04119427226982059,0.37387824058532715
32656,273.04628471590297,500,False,2.046476900649884,True,0.04065469214899388,0.3139214813709259
32736,48.34279210089738,500,False,4.8390570700367705,False,0.039306962270547606,0.423311322927475
32832,120.78635165831567,292,True,1.4205639085809723,True,0.03909259478362337,0.4228709638118744
33264,174.00529986186535,500,False,1.5575844842671998,True,0.038838010427707736,0.3503413796424866
34416,297.43521802339166,500,False,1.7810164912210318,True,0.037719687047337615,0.19466957449913025
34720,246.77881379872338,500,False,0.971210444358433,True,0.03492527954316519,0.28209835290908813
34832,214.47150900215615,500,False,1.6552058822878606,True,0.03423018344929563,0.4614912271499634
34928,168.46445342859522,396,True,6.040351972987008,True,0.03398138309434575,0.18926526606082916
34928,168.4938151575014,215,True,2.4542482762106577,True,0.03398138309434575,0.18926526606082916
35264,57.00520602419918,248,True,3.016836124269689,True,0.033771683817541885,0.5650469064712524
36032,63.77364984596233,173,True,3.4363299670897023,True,0.03303471094185714,0.4624112844467163
37056,303.28698656701675,500,False,1.2898238367425054,True,0.031399277716096616,1.459905982017517
37488,75.58316931695562,166,True,3.6501941013177506,True,0.029370471797058307,0.32258880138397217
38032,176.9643398987288,325,True,6.061826903391547,True,0.028557001711244794,0.7650319337844849
38880,308.7754371407653,500,False,0.9033950486987653,True,0.027571847507461784,0.37892287969589233
39328,249.9207021705584,500,False,1.9412790409039027,True,0.026106576129045555,0.32929742336273193
39584,213.4655316364173,500,False,1.007667524690154,False,0.025366125676403672,0.6757683753967285
39968,258.786214991384,500,False,0.954750220432165,False,0.024952008197398044,0.4162554144859314
40160,229.55797892665643,500,False,1.523897225206422,True,0.02435058377487798,0.4169550836086273
40656,280.6570925359622,500,False,0.7269229461455896,True,0.024054554277486966,0.30231162905693054
40736,239.0437005323856,500,False,4.584665987835963,True,0.0233100511470485,0.4145923852920532
40960,98.25872242305766,217,True,3.943412403860892,True,0.023190815653391327,0.4613456726074219
42416,226.82502943111305,500,False,3.140427214825058,True,0.022866544136223448,0.34490740299224854
42720,251.258830494727,500,False,1.834327637550519,True,0.02086367899430398,0.6385340690612793
42928,133.8677008967298,500,False,3.8650462634434284,True,0.020471079294619523,0.4296523332595825
42928,183.69182935088952,500,False,1.5545972853127181,True,0.020471079294619523,0.4296523332595825
43264,204.69760947977917,500,False,2.6067813430477216,True,0.020209414943007653,0.24546962976455688
44032,179.79079617632,500,False,0.6736739123459219,True,0.019802328800910318,0.22443068027496338
45056,308.603605663615,500,False,1.0193270487458315,False,0.018900775056815294,0.41505008935928345
45136,186.7664917905711,323,True,1.1013393437108832,True,0.017776307050045133,0.4275435507297516
46032,350.3866663981743,500,False,0.870655079798654,True,0.0176920167772024,0.4087876081466675
46880,273.10473757965065,500,False,0.9853370002302683,False,0.01677907434421591,0.46118226647377014
47312,137.89556567788344,205,True,2.404604286054833,True,0.01596777875770079,0.2849971055984497
47328,309.43672822812323,500,False,1.6161020887494366,True,0.015580713556075087,0.3604834973812103
47584,358.4564599056642,500,False,0.731695661526406,True,0.015566624262935752,0.6195034980773926
48160,311.3513669499022,500,True,3.0211396597555145,True,0.015345334511402913,0.32941821217536926
48656,351.1527424007589,500,False,1.2687339693485227,True,0.014865253599023765,0.4592338800430298
48736,211.9379313178647,500,False,3.458530892364001,True,0.014478677970578077,0.27323317527770996
48960,334.949333025264,500,False,0.7545240702929711,True,0.014418772568034153,0.4257342517375946
49280,220.81117323067727,376,True,2.246156438144203,True,0.014248381626500743,0.46125996112823486
50416,327.3834246301498,500,False,0.8776524504830794,True,0.013471649403102342,0.6476911306381226
50720,284.69173381595823,500,False,2.2074568446399527,True,0.01319574861088012,0.3795386552810669
50928,284.5480192320111,500,False,0.9785079546914583,True,0.0129934543633777,0.38580381870269775
50928,348.71539872233507,500,False,0.41757661597997797,False,0.0129934543633777,0.38580381870269775
52080,94.74862614459393,281,True,3.1423080761900546,True,0.012859981786676947,0.3930600881576538
53056,327.7704523634325,500,False,0.42808844132732626,True,0.012160236737653278,0.4335935711860657
53136,429.3195994349296,500,False,0.4851589751620043,False,0.011629374703547307,0.5445606708526611
53488,237.87570507333,413,True,5.46143435015411,True,0.011585083579749397,0.3853956460952759
54032,413.20805515931465,500,False,0.657795106222474,True,0.011407779647740379,0.3761102557182312
54800,160.46733502712792,384,True,4.6171604942995605,True,0.011146536641927291,0.3364580273628235
55312,444.72869314935997,500,False,0.9074103489943914,True,0.010808627007385357,0.4055395722389221
55328,384.6190753794252,500,False,0.8025445314019322,False,0.01060106149932641,0.34649622440338135
56160,446.98620018321486,500,False,0.8108491024148708,True,0.010593924551421666,0.3851543068885803
56736,394.5258734275072,500,False,0.37215990432589247,True,0.01027984307672423,0.4050692319869995
56960,514.5886057215095,500,False,0.5558192640416221,True,0.010084834327851162,0.5399210453033447
57280,424.4226211026163,500,False,3.185151943770001,True,0.010014204684361698,0.5400837659835815
58416,492.35089457423874,500,False,0.22091344493964366,True,0.00991113715712003,0.47622549533843994
58592,210.9598189946735,205,True,2.1852317562329917,True,0.009577743758755433,0.3734661340713501
58720,476.84284583997504,500,False,0.47883450003288475,True,0.009530825086880235,0.4599432051181793
58928,365.87833596190274,500,False,0.7923187969193956,True,0.009505487056586739,0.5380387306213379
58928,448.1987485105288,500,False,0.9192890086778208,True,0.009505487056586739,0.5380387306213379
60080,480.22738110123703,500,False,0.6860943659943681,True,0.009465687990011136,0.402169406414032
61008,123.28965909628494,143,True,1.9523137241458985,True,0.009240728266351786,0.5205760598182678
61056,508.5822937761477,500,False,0.5282079948851421,False,0.00909482670838775,0.3995068073272705
61136,405.7182283407116,500,False,0.6553255557245209,True,0.00908918308733759,0.3653823137283325
61488,430.13545120427085,500,False,0.7256551942301858,True,0.009082148634604647,0.39495420455932617
62032,433.58077071128525,500,False,0.7552021738501371,False,0.00905797011009375,0.4689581096172333
62304,237.4401942774374,348,True,3.3827451734544125,True,0.00901390562202044,0.5444632172584534
62800,498.1368103769966,500,False,0.39533652775701494,False,0.009000734160204372,0.40044161677360535
63328,430.70424726895664,500,False,0.8632768592685971,True,0.008983078704024311,1.2797316312789917
64160,403.45863814998023,500,False,0.7312906087292855,True,0.008965490064892952,0.3694978356361389
64208,286.86866955883306,330,True,1.9981897208878021,True,0.008978099793606023,0.41458660364151
64720,203.16451357070991,202,True,1.564923997555445,True,0.008975391758424017,0.5781825184822083
64960,529.306442223775,500,False,0.5402047885878964,False,0.008956012155886513,0.3938794732093811
65280,564.1701762308103,500,False,0.4169893988056028,True,0.008945438064932311,0.44859373569488525
65744,431.20260710735266,447,True,3.8714717147142657,True,0.008953139027858941,0.5233265161514282
66368,326.08286456812135,327,True,1.4101141655570955,True,0.008971812028164865,0.556816041469574
66416,393.90201594016776,500,False,0.4892611470228306,True,0.008980953334476368,0.47446274757385254
66928,541.8038210316869,500,False,0.3301258886809912,True,0.008973189626547808,0.5154149532318115
68080,541.0771537543847,500,False,0.43193891720141203,True,0.009009887086818638,0.36318856477737427
68448,397.88564150213097,401,True,6.027835673582823,True,0.009097933878817105,0.4781292974948883
69008,642.4599152397344,500,False,0.25032633203523325,True,0.009126486728459879,0.5090069770812988
69056,539.5946836815663,500,False,0.429492253055002,True,0.00920255353011496,0.4096747636795044
70304,721.0496168527577,500,False,0.2664720550041519,True,0.009226719302614605,0.6039631366729736
70656,434.70507760812126,371,True,1.4197375914472867,True,0.009414624587885456,0.431790292263031
70672,399.88385097162086,404,True,2.857117983632371,True,0.009469315838446585,0.46171000599861145
70800,613.4880985819888,500,False,0.33527476494682457,True,0.009472956143723605,0.575385332107544
71328,592.4678999201458,500,False,0.43571164120634465,False,0.009490778422568463,0.5115936398506165
72160,419.50755639806385,500,False,0.49157691135094916,False,0.009641859491415395,0.6835539937019348
72960,556.5228867921167,500,False,0.4442938877232462,False,0.009856702275463609,0.5863257646560669
73280,556.6680566657036,500,False,0.4309679596229741,True,0.009985753408270098,0.5333781242370605
73744,629.5992861090106,500,False,0.3163052152807532,False,0.010018236042347747,0.6630055904388428
74368,640.4547291249863,500,False,0.24578317840174257,True,0.010069324627158316,0.6148608922958374
74416,543.6669890771716,500,False,0.4506245283478423,True,0.01015328151261003,0.4610663950443268
74640,203.45183090039657,271,True,2.876961354363484,True,0.010164055150903416,0.465493381023407
74928,607.9712747015595,500,False,0.22504768388353302,True,0.01019394944014277,0.6120609045028687
76080,648.4906141926917,500,False,0.4010791671426216,True,0.010255845829653292,0.566594123840332
76448,558.9561260843492,500,False,0.38660187838999666,True,0.01031838357404507,0.5772453546524048
77008,636.2255212119713,500,False,0.24655887953225525,True,0.010338295263764324,0.5155519843101501
77056,569.3722463512726,500,False,0.3395367299083762,True,0.010498220270367996,0.5369601845741272
78656,582.1770558533544,500,False,0.36258792386723476,False,0.010512555248145426,0.7371958494186401
78672,633.3241307829225,500,False,0.35161997099334136,True,0.010669422423311158,0.7734025120735168
78800,457.33474195842905,500,False,1.5892112503287272,True,0.010670347403735318,0.6093677282333374
79328,558.158393525574,500,False,0.45717533412771916,False,0.010659345523689667,0.8557488918304443
80160,561.8182160242962,500,False,0.47831872578450846,True,0.01086546210735136,0.618698239326477
80960,627.8571425329484,500,False,0.29765641762415435,False,0.010794305478576668,0.815010666847229
81280,550.501116661007,500,False,1.42043018757167,True,0.010753402682470084,0.6274847984313965
81744,497.63971106118106,500,False,0.6332217758715823,True,0.01089174152046213,0.6926947236061096
81872,195.90097015154424,452,True,3.916403946707911,True,0.010957963268406255,0.564549446105957
82368,636.5149912323242,500,False,0.20761356829828587,False,0.010938732622161136,0.6758810877799988
82416,563.0985823710853,500,False,0.49104299177056115,True,0.010969646395338265,0.611870288848877
82624,104.16930206427156,154,True,1.4279936385203893,True,0.010956328022705335,0.8547303676605225
82928,669.6167544328891,500,False,0.16624119501940737,False,0.010991272000398612,0.6143425703048706
83008,284.6181708944688,230,True,1.7783403568861877,True,0.011078206312051406,0.8033170104026794
83664,123.8777646806043,169,True,1.3018510964766157,True,0.011049399000975882,0.6567009091377258
84064,349.32652207643486,338,True,2.073503191532148,True,0.011068702920420418,0.6336667537689209
84080,629.0952247309041,500,False,0.304909274302472,True,0.011136403852278367,0.6484265327453613
84448,546.3753218086048,500,False,0.39101535997090037,True,0.011138598637676883,0.7121825218200684
85008,601.3533452861869,500,False,0.24104986666847011,True,0.011229554852870176,0.6183307766914368
85056,671.8911158555944,500,False,0.19042508634643238,True,0.01102201735987826,0.6964274644851685
86224,125.47605113867151,160,True,2.3178933354482565,True,0.011011485226294433,0.7209907174110413
86432,249.1720007276839,254,True,3.43853841348929,True,0.011009337881238757,1.0183199644088745
86672,495.6875415007315,500,False,0.4416972773059468,True,0.011055253969949799,1.2110518217086792
86800,361.33870772843176,500,False,3.6577073438788523,True,0.011182789214675937,0.7332664728164673
88944,265.82099811086863,305,True,1.6501523425798088,True,0.011195837756490534,1.1691817045211792
89280,612.3026376255233,500,False,0.47629073328403965,False,0.011306444134497972,0.7816101312637329
89744,608.337515434067,500,False,0.5270482063825928,False,0.011336012929476407,0.8716158866882324
89872,493.8057217841757,500,False,0.5012315471927189,True,0.011453618538982371,0.7555788159370422
90416,732.8379980441536,500,False,0.16642496892710068,False,0.011446674421097158,0.7875696420669556
90624,657.6890913314592,500,False,0.19846103864776982,True,0.011491661185649022,0.8195154666900635
90928,627.1316777355937,500,False,0.5766978916398354,True,0.011454015719686234,0.8162667751312256
91008,584.6616433184288,500,False,0.3703059590315414,True,0.011380965944119964,0.7292152047157288
91728,419.3168032783149,417,True,4.23542137061645,True,0.011440681910345023,0.9864890575408936
92080,639.2659242361373,500,False,0.4650965463795903,False,0.011602031616364972,0.7750085592269897
92448,558.4139349878278,500,False,0.5055782903424555,True,0.011696248042210151,0.9514158964157104
93008,547.6171626777638,500,False,0.3471579984789408,True,0.011817959757856052,0.8034529685974121
94224,620.8945144425134,500,False,0.20785973635719665,True,0.011829574982145232,0.7042858600616455
94432,654.7425509956464,500,False,0.4533281877138337,True,0.01188771261000938,0.8112650513648987
94672,615.2223788140883,500,False,0.5093516653802368,True,0.011912376334740762,0.8911293148994446
94800,568.8066782509318,500,False,0.7233278213349836,True,0.011913446782323034,0.7415388822555542
95648,169.55604101139113,223,True,4.853250181946584,True,0.011931709289183896,0.882316529750824
95808,419.9021498286052,305,True,2.136380056277824,True,0.012169448327138115,0.9911259412765503
96272,565.3511812320075,437,True,2.926641333772527,True,0.012215748671516875,2.1527109146118164
96944,483.8888321705876,500,False,0.4955035577994084,True,0.01230301670429643,0.9583959579467773
97744,635.1479130137361,500,False,0.1976032502748379,True,0.012388796261490633,0.8524138927459717
97872,714.534666803698,500,False,0.2032646664108044,True,0.012442827469179652,0.7517460584640503
98416,729.3988902137684,500,False,0.3339831890037275,True,0.01239932485281959,0.9843111634254456
98624,702.3066079081071,500,False,0.1388257920744687,False,0.01235971985251035,0.9919773936271667
99008,560.157243106312,500,False,0.5473407182362806,True,0.012343391792244545,1.0480241775512695
99072,54.470618208885256,175,True,6.0835001895207235,True,0.0124490908999866,1.1921663284301758
99488,110.67144758459511,159,True,2.452665488607542,True,0.012462119638184025,1.1517150402069092
99728,604.2891088177216,500,False,0.6263389449406421,True,0.012449628819634732,1.847809076309204
100016,366.55897746324973,334,True,2.426647141725098,True,0.012503526211916855,1.170797348022461
100448,593.6304912173672,500,False,0.25158842038298557,False,0.012503526211916855,1.170797348022461
101008,270.0778076510014,500,False,1.335798367017206,True,0.012571117287633009,1.1569786071777344
102224,721.6306105080598,500,False,0.13166081120910175,True,0.012634073662984583,1.0911667346954346
102432,688.3636712485971,500,False,0.20965175146246298,False,0.012866647223521653,1.5975013971328735
102480,412.33399167020457,417,True,3.362748561561755,True,0.012869372538148597,1.0177671909332275
102800,714.4581735325863,500,False,0.1793408652893313,True,0.012847736339807181,1.1417114734649658
103056,170.22799693114396,223,True,2.2894212108924075,True,0.012923028132495358,1.266734004020691
103584,394.8247750705616,310,True,3.1597826479108564,True,0.013064212888329417,1.2995667457580566
103648,416.8697346602532,500,False,0.8192339585612752,True,0.013232158748169626,1.295403242111206
104496,270.13658240176414,339,True,2.0717053276397057,True,0.013201953816146677,0.9051958322525024
105744,589.3218284670737,500,False,0.4544507129978435,False,0.013281028673576263,1.1603974103927612
105872,548.3760513510946,500,False,0.39698500021526073,True,0.013495354359311896,1.2404639720916748
106416,433.6296013767284,500,False,0.8228847279629959,True,0.013558230299898505,1.2872389554977417
106960,306.59541397748916,296,True,3.023653480457939,True,0.013691504431519296,1.1470130681991577
107008,612.6818246606377,500,False,0.27338745452594937,True,0.01362402164622251,1.0037364959716797
107152,341.743573310912,272,True,3.6475660197132713,True,0.01365636581086614,1.12600576877594
107728,628.3937455574551,500,False,0.3462778980019978,False,0.013788679686488762,1.3718008995056152
108016,633.2246860721056,500,False,1.574041692365287,True,0.013881995303575515,1.4401252269744873
108320,279.94062092046266,368,True,1.3729307212107758,True,0.014009592937028728,1.534109354019165
108448,470.59906115545476,500,False,0.9564507043680178,True,0.014090343218414606,1.1739099025726318
109008,606.9776854964699,500,False,0.4234892008734512,True,0.01411939612283614,1.2769798040390015
109856,568.3325459634265,461,True,3.0425304132547826,True,0.014052334332005334,1.9016633033752441
111040,210.40904709776638,189,True,1.6433119123758144,True,0.013911600147003362,1.3319495916366577
111056,641.2704843836154,500,False,0.09547677828968605,True,0.01383063614866757,1.143939733505249
111584,560.1766553866054,500,False,0.34190612741424037,False,0.013846251772081557,1.5258150100708008
111648,538.0012523504269,500,False,0.5598105811805403,True,0.013844364837558375,1.116147518157959
112496,465.61161524322574,500,False,2.175798771448622,True,0.013845718753033642,1.3071696758270264
112704,503.6645413047263,435,True,1.2050267612082766,True,0.013869237384933144,1.5009127855300903
112832,182.5069448000553,274,True,5.437592321806504,True,0.013881581445041351,2.36037015914917
112848,103.9399926663193,187,True,6.154683275268449,True,0.013982450850312493,1.7945544719696045
113872,455.85368420536867,500,False,0.6243403764799594,True,0.013993737687333287,1.8861076831817627
114160,471.2351728569225,438,True,2.156427117086171,True,0.014038739682888098,1.3811205625534058
114416,638.9766857241183,500,False,0.40114274363750463,True,0.014116164570237838,1.2748022079467773
114960,743.1119671297166,500,False,0.1323730774782639,True,0.01424373841821166,1.357084035873413
115008,659.3774745398874,500,False,0.4745243597846654,True,0.014389032501855744,1.346196174621582
115728,692.6724952070992,500,False,0.24858546682729146,True,0.014433013268682526,1.195404052734375
116320,526.4901995147528,500,False,0.3720018526780374,False,0.014285412868495802,1.606014609336853
117008,582.2111588745564,500,False,0.3131626193559552,False,0.014326404967163676,1.4793387651443481
119040,598.2044774247049,500,False,0.3160657636310062,True,0.014420534051768193,1.070809006690979
119056,668.2324049180486,500,False,0.2646599646567561,True,0.014540452847309876,1.9018607139587402
119488,421.4383201455087,415,True,3.1320284002243906,True,0.01453961584049921,2.117920398712158
119584,643.0039249319159,500,False,0.23752646608165381,True,0.014616878604577882,2.7389626502990723
119648,463.8685443250251,500,False,0.9874352042189443,True,0.014616818845824553,1.3834891319274902
120208,511.3157470779302,461,True,3.2975486457886274,True,0.014645993995676782,1.5726709365844727
120496,613.5901524034223,500,False,0.2915101597864685,True,0.014843618300471585,1.3510576486587524
120704,596.2882982420241,500,False,0.3960734742435489,False,0.014833038272768091,1.789857029914856
120864,305.54242446496903,284,True,0.6744902704854822,True,0.01488679755326566,2.2494800090789795
121680,220.43501904069592,372,True,5.751326191764092,True,0.014800851286771992,1.2382501363754272
121872,573.4950387758332,500,False,0.4461407842701128,True,0.014755757756024706,1.727783203125
122160,647.5060113405176,500,False,0.15219905900978817,True,0.014801901520335727,1.6966739892959595
122416,626.9366773340377,500,False,0.4071945126440992,True,0.01488853382533023,1.6386710405349731
122960,554.9096092511531,500,False,1.0399153609481258,True,0.014974955580521067,1.8784033060073853
123008,562.9717264869149,500,False,0.7473405003838403,True,0.014985435181582562,1.696918249130249
123088,117.99668282786412,162,True,1.7645444649739122,True,0.01502247217548426,2.6800100803375244
124784,267.68045755533234,286,True,2.4138462730382426,True,0.015081613002830282,1.6192114353179932
125008,591.5291686723896,500,False,0.34524646675916554,True,0.015305611295536125,2.0005104541778564
126192,325.7628818468224,333,True,3.0781220189294958,True,0.015257765520227288,1.9916425943374634
126560,423.96678053733564,436,True,2.1593378756421298,True,0.015320182557196088,1.632455825805664
126976,175.3986240541933,243,True,6.017577826849982,True,0.0154078700329444,1.3795493841171265
127040,594.0574018540532,500,False,0.43828744283074056,True,0.015423497742937553,2.0322818756103516
127056,551.069717663799,500,False,0.47462160236588635,True,0.015451432253588776,1.8775908946990967
127216,389.4342729485582,346,True,1.648628944827888,True,0.015451968951466088,2.131721019744873
127488,618.3668432769847,500,False,0.4020351785776115,False,0.015398707262998645,2.2298054695129395
127648,513.0730535849631,500,False,0.4470145623570008,True,0.015296557447792968,1.4713164567947388
128704,590.1377789637087,500,False,0.22078585648550322,False,0.015349782667874703,1.8564648628234863
129872,363.7994035874447,500,False,5.610907925289255,True,0.015452984774829997,5.417137145996094
130160,541.6967656261738,500,False,0.6799934519538992,True,0.015652748220357962,2.124763011932373
130416,598.5824037526429,500,False,0.3704467663861933,False,0.015728087615925507,2.4747979640960693
130496,170.13624891955155,215,True,2.485173503736827,True,0.015825573842433594,2.8399839401245117
130544,235.92334812491777,223,True,6.1844691980218185,True,0.015869288482092913,2.5711333751678467
130960,551.3546900004236,500,False,0.3655508080211953,False,0.015868744594758313,2.8207998275756836
131008,530.8953346929587,500,False,0.5790781291934031,False,0.01576479032539782,2.2888786792755127
132784,694.0228829350624,500,False,0.18613534543420177,True,0.015739075132798427,1.697043776512146
133008,346.75250422745984,500,False,1.3691015389791785,True,0.015479051410100116,1.5880705118179321
134080,225.38024001344962,224,True,2.087944012511871,True,0.015599222730629502,2.1351022720336914
134192,536.7332868396672,500,False,0.3852832997412817,True,0.015682785853024777,1.771842360496521
134560,590.2727644959925,500,False,0.4712271559677217,True,0.01577833014295,3.154608726501465
134704,430.74742546961,479,True,1.8912547809429396,True,0.015940136264185886,2.5176401138305664
135216,519.6875215833925,500,False,0.302108436664052,False,0.01596692641676518,1.8348720073699951
135488,578.2198285416166,500,False,0.3559209833082055,False,0.016064811120826902,2.174360752105713
135648,595.6173089292582,500,False,0.20297092068988765,True,0.01602367890106721,3.0340001583099365
135696,65.01054726283826,182,True,3.7670748226135484,True,0.015966590471332535,2.0504136085510254
136704,462.3627915692781,500,False,1.0651884039788888,True,0.015951590487221213,2.8012213706970215
137008,230.06543212320042,250,True,1.5205782966843568,True,0.016110010467988645,2.0505495071411133
137872,624.7028979927233,500,False,0.5338050288973832,True,0.016139274414031988,4.6869072914123535
138160,522.0711088013662,500,False,0.5692128663773095,False,0.016103765596292268,2.019564151763916
138416,467.63305705447635,500,False,0.34852274394277377,True,0.01611027356305859,2.209066390991211
138544,591.9232200144481,500,False,1.9760221785454575,True,0.016246756284839747,1.6020143032073975
138960,500.92157928352196,500,False,0.3289732398411708,True,0.016257647577832005,10.103485107421875
139008,622.7177336775947,500,False,0.22486948107634278,False,0.01640488043114379,2.2315804958343506
139600,295.7721657386233,257,True,2.2195551211103814,True,0.016445243743040953,2.8262667655944824
142080,579.4698460652693,500,False,0.22994678965403434,False,0.01654981034563355,2.7213430404663086
142192,595.2715791459894,500,False,0.23914431483831303,True,0.016918197824682204,1.779308557510376
142480,399.77311452446787,486,True,1.909882004289201,True,0.016919473180276468,2.73500657081604
142560,410.4981223489921,500,False,0.6480479002268931,False,0.01711541930670764,2.042689085006714
143216,413.51410715334356,500,False,2.676940295586109,True,0.01715530178891872,2.3030595779418945
143648,524.4278324119151,500,False,0.53154271080973,True,0.017204569544694088,3.300574779510498
143696,543.3236281790296,500,False,0.2740565043600659,True,0.017202253386289154,2.415841579437256
143968,370.6512875820333,347,True,2.469993446552497,True,0.017210163165822173,3.8262887001037598
144576,408.2549331927279,492,True,3.649632701338504,True,0.01721824913631205,1.895053505897522
144896,385.3202486891428,368,True,1.1461761464850528,True,0.017308604062070472,2.395810604095459
145008,622.0478520813915,500,False,0.3749222659721023,True,0.017402233779426794,2.0394387245178223
145872,590.5690353608011,500,False,0.6145780338086143,True,0.01739203552100256,2.5765249729156494
146160,209.7902650421557,500,False,2.390124612366117,True,0.017467530170914403,4.598114013671875
146544,572.502743003184,500,False,0.4238669316051871,True,0.017249955925405572,12.384799003601074
146960,558.078139133538,500,False,0.2997567595419193,True,0.017213890677776685,3.2726011276245117
147600,533.7723386850106,500,False,0.2960437516950877,True,0.017117433743966574,2.167159080505371
147920,84.86609171584642,128,True,1.485034210043193,True,0.017375071089916927,3.9995954036712646
148096,288.86715124400865,346,True,3.6694865316966685,True,0.017357561834503578,1.9544819593429565
148320,283.6939518009499,390,True,1.9617407463412144,True,0.01744105801657354,2.2657570838928223
149040,283.7227937198696,428,True,2.0183442416691073,True,0.017602537990590722,4.489077568054199
149600,260.95784327229825,287,True,4.350166954539206,True,0.017715744811692368,2.6583480834960938
150480,616.0325018544298,500,False,0.3267542022296421,False,0.017716504732149235,2.5135931968688965
151088,465.62240215943206,445,True,2.972074049249067,True,0.01764147768475601,5.38175106048584
151216,559.8106236354848,500,False,0.6758978260042411,True,0.01744523740094553,2.184180736541748
151648,567.0245469027375,500,False,0.4198746735315138,False,0.017448844891257722,2.2383341789245605
151696,642.4939288818669,500,False,0.30353822773005046,True,0.01771870880123692,3.4115242958068848
152352,146.3455582479725,207,True,2.6270249270975077,True,0.017709995774982334,2.1663644313812256
152576,504.73006451115543,500,False,2.365190309420313,True,0.01777116286018612,9.300432205200195
152896,523.0472048977914,500,False,0.4724822959202674,True,0.0178042711627871,3.559095621109009
153472,389.7465186439843,433,True,1.9177667118208042,True,0.017885056020074716,4.033626556396484
154160,514.4934955731429,500,False,0.3521378413477177,False,0.01792672212471194,1.912898302078247
154960,580.0624514316937,500,False,0.2777119004472569,True,0.017707060174349573,2.5816285610198975
155136,284.0613599240629,291,True,1.7310590061294693,True,0.017748353974311834,3.4383463859558105
155600,440.939830722374,500,False,0.9242469415729191,True,0.017774553080161876,2.4587650299072266
155920,666.4876627395046,500,False,0.20409687007992922,False,0.017892898728557344,2.3243799209594727
156096,508.0364053297418,500,False,0.6428526052977369,False,0.017850431717291143,2.990074634552002
156320,562.7523096159243,500,False,0.7192122048333738,True,0.017875446280603096,9.674047470092773
157600,410.7334560360258,500,False,0.5111559896355642,True,0.017878913802936547,2.23294734954834
157872,572.4540810155866,416,True,2.643320088413299,True,0.017844714194832325,2.1297502517700195
158464,399.9615453262877,348,True,1.9498721158705996,True,0.01792358617956694,4.524028778076172
159088,476.5288362330681,500,False,0.46095757329452136,True,0.01772501784560198,4.4331464767456055
159648,689.9819500546087,500,False,0.23293249102011118,True,0.017749180988052244,2.528697967529297
159696,643.4694075291399,500,False,0.34751319476392306,False,0.017847112821606104,4.812982559204102
160352,509.6869412463823,500,False,1.2185391906865053,True,0.01785233029290771,2.9433534145355225
160576,568.1455039085263,500,False,0.683284998331117,False,0.017884866726842908,2.104573965072632
161360,146.52634452372047,181,True,1.2210664296762253,True,0.017934404337327015,2.5646352767944336
161472,526.3907076870261,500,False,0.4999454664499141,True,0.017792449539918997,2.222703456878662
161648,308.24650841387455,468,True,6.0842863085899,True,0.01774523385186034,2.0851962566375732
162960,541.4987919781059,500,False,0.22115989982168108,True,0.017601275814565456,2.10817813873291
163136,670.2145024263094,500,False,0.26296418436000596,True,0.017394833089752548,2.3689799308776855
163408,380.7930413808293,468,True,1.3967873558098296,True,0.017387044611375482,4.946871757507324
163600,504.9807223011334,500,False,0.3768457398649248,True,0.017359540928035468,2.331848621368408
164096,222.49139713595605,500,False,1.5949169259149352,True,0.01729167087920746,3.9406936168670654
164320,578.5009115570155,500,False,0.4782690975291593,True,0.017454287948136655,2.826547861099243
165600,216.3087455091391,500,False,3.191127635026005,True,0.01749787754614027,2.7920360565185547
165872,314.57475165427024,500,False,1.1175263394573125,True,0.017537638551123627,2.502751350402832
166048,155.48765175127917,400,True,6.024054002047994,True,0.01742811823475,2.269516706466675
167088,458.67999486834407,500,False,0.6308101929428727,True,0.017313706718354503,3.022279739379883
167696,451.9680345908868,500,False,4.859213649744041,True,0.017016054699486922,4.1879987716674805
168352,644.4996315072549,500,False,0.4080593556686499,True,0.016809124580076207,2.797637939453125
168576,408.9457014119846,500,False,2.4340686757428163,True,0.016877830241480204,2.2009966373443604
169360,468.0772149027333,500,False,0.5932935564391284,True,0.01696051626544542,2.973747730255127
169472,502.6145916841445,500,False,0.2094700744646513,False,0.016888008112022523,3.0247302055358887
169600,441.3535700361252,387,True,1.77915064807601,True,0.016883216848844727,4.270570755004883
169648,291.7613918959631,500,False,1.9836728528966125,True,0.016901531115974047,3.6645636558532715
170960,384.0614347289762,500,False,1.4083757584693668,True,0.016897453524960207,3.7630422115325928
171136,522.8099391051568,500,False,0.38112468842078157,False,0.01715377239669895,2.5032339096069336
171600,592.6008803262359,500,False,0.29877541247546985,True,0.017114787224079442,5.262110710144043
172096,459.26187981369907,500,False,0.22358785260229322,False,0.016983264067379874,3.0773978233337402
172320,376.72803361151165,500,False,1.356816160742803,True,0.016830577605052917,3.2819085121154785
173600,535.3531932109754,500,False,0.2910351418268839,False,0.016720918319548986,2.477926015853882
173632,183.1646470392122,252,True,6.048194062608024,True,0.016884578625305208,6.051443099975586
173824,160.0147385322157,261,True,5.690103823003589,True,0.01688653899828426,3.210254669189453
173872,527.3403074425744,500,False,0.213683062638061,False,0.016913553232626187,4.089937210083008
174048,627.0070509111396,500,False,0.20338564637430037,True,0.01691679918717559,7.42249870300293
175088,464.42880064385156,500,False,1.2021126763819834,True,0.016958687905642995,5.2284255027771
175696,609.5387950274383,500,False,0.15127587416718813,False,0.016426357258141563,4.7947282791137695
176224,413.9688285090128,422,True,6.096689786331394,True,0.01655377928848969,2.9515538215637207
176352,662.047499742068,500,False,0.7835828675698185,False,0.016503020170564094,3.478940963745117
176576,382.02119501704465,500,False,1.4312576092635856,True,0.016501935498057674,2.672144889831543
177184,351.3505430135666,389,True,3.965667186455216,True,0.016533449127936833,2.2020931243896484
177360,447.3733250427921,500,False,0.855284929348236,True,0.016741086716470087,3.1610145568847656
179136,474.30442195718564,500,False,0.7180099974149625,True,0.016899194743034102,3.2782936096191406
179360,182.6656957818786,267,True,5.868597716601175,True,0.016380316210604363,5.137141704559326
179600,642.4165551138323,500,False,0.6156988874897313,True,0.01628768948123371,2.2289681434631348
180096,492.1865420919461,500,False,1.1082618361567678,True,0.016206769099060866,3.6724987030029297
180128,134.04056773623182,236,True,6.088512537166452,True,0.01632003689475987,3.026060104370117
180320,343.12825910680107,500,False,0.8731621236342337,True,0.016293107803985605,2.0966544151306152
181600,543.8733240139703,500,False,0.15256100494382263,True,0.01632961150730371,4.9142656326293945
181632,444.5785718251799,500,False,0.160650075109215,True,0.016618376596351677,2.6530251502990723
181824,296.9689382785452,500,False,1.4940780375267306,True,0.01662065890027914,2.4108095169067383
181872,450.9865148094734,500,False,0.5218927623525427,True,0.01655511500037025,2.9763083457946777
182048,539.3655424539484,500,False,0.13158899510060137,True,0.016546268999180096,3.824176788330078
183696,543.7702943825135,500,False,0.20753774859103766,False,0.016482451893049293,2.2166123390197754
184224,619.009649913196,500,False,0.18246191849214707,False,0.01656121702989968,2.6970558166503906
184576,592.9282468968065,500,False,0.1973680262738793,True,0.016616480806536927,2.3938026428222656
185184,740.0940521677377,500,False,0.12443247965156702,True,0.016640412563551813,2.4563047885894775
185360,661.7654193422973,500,False,0.15954404146345283,True,0.016632735205656907,3.2734904289245605
187104,231.0446428384722,498,True,6.082836834597224,True,0.01663391659290135,2.7818222045898438
187120,237.2606033247008,317,True,6.019540601586917,True,0.01633354436695973,3.472972869873047
187360,712.6974310780117,500,False,0.0934328970404246,True,0.016313664282146007,14.611848831176758
187600,572.3406213697925,500,False,0.15053594387173574,False,0.01628396111893643,2.9606761932373047
188096,542.149000032072,500,False,0.22046137822543718,True,0.016245649615372428,4.602545738220215
188128,638.0875897180478,500,False,0.1062675047011351,False,0.016315384446114384,3.2098498344421387
188320,691.6581823178245,500,False,0.11042512848164654,True,0.016280024916967523,5.465996742248535
189600,482.9755571557789,500,False,1.977942214962785,True,0.0160561376213896,2.2729806900024414
189632,592.6977297433267,500,False,0.19548263504671076,True,0.015986518426066264,2.2459752559661865
189824,547.1733185017048,500,False,0.20581411961518548,False,0.01598989794802465,2.9624722003936768
189872,372.698739901522,500,False,0.1959952824435314,False,0.015903664934590354,2.374509334564209
191696,677.929980453274,500,False,0.25097670249490034,True,0.01592412425027929,2.196343183517456
192160,221.46326181220695,240,True,6.038875183629154,True,0.016364744156805895,2.226287364959717
192224,722.513169907536,500,False,0.18755303547336702,True,0.016372490837586354,2.8075928688049316
192576,465.74390081542685,500,False,1.688853301142908,True,0.01635409209136367,2.4824531078338623
193184,649.2852646938178,500,False,0.13766069808174347,False,0.01638095738174705,3.6131763458251953
193360,431.42405939951595,500,False,2.9721428707748028,True,0.016428263204283006,2.156630754470825
195104,807.9495894663838,500,False,0.13373849030729268,True,0.016357033948856074,2.975876569747925
195120,542.761208521599,500,False,0.19351975339767247,True,0.01650692093537711,2.5630033016204834
195184,341.85878805849484,332,True,3.4443702945874133,True,0.016512535780849776,3.442119598388672
195360,550.0155563605039,500,False,0.14012599957754912,False,0.01651888403221572,2.696166515350342
195600,307.82510427836144,500,False,2.690013756073935,True,0.01643342087262466,2.595827102661133
196096,350.2774503501194,500,False,0.5784021992908251,False,0.016493728663957163,2.8750083446502686
196128,744.3301253452626,500,False,0.12094968673367247,False,0.016444958273070985,2.6237716674804688
197600,720.4766156982712,500,False,0.18173641852230205,False,0.016463221076613053,5.013309478759766
197632,666.1548297981642,500,False,0.1530140430780809,False,0.0165378192462542,2.0812137126922607
197824,707.0965473256391,500,False,0.019724288751137905,True,0.01655638182747693,4.411251068115234
199696,323.87494967650537,500,False,1.9439440342034073,True,0.01655921484423259,2.4953534603118896
200160,364.3863988588787,500,False,1.184576108643167,True,0.016013638749563883,5.126945972442627
200224,453.8457477178371,500,False,0.21407710029428573,True,0.016001756576646424,2.2968902587890625
200576,426.7550703615132,500,False,0.18239855150355405,False,0.016009030711212825,1.9766960144042969
200704,251.31649915815973,286,True,6.018731830003695,True,0.015968855857789843,2.7970025539398193
201184,717.0714247366673,500,False,0.23555948793250747,False,0.016008134754973875,3.3027076721191406
201360,644.6201636705072,500,False,0.2879229762929428,True,0.016101706403342353,3.055257558822632
203104,618.9304402247682,500,False,0.18474712359219872,True,0.016114439441911647,2.459592580795288
203120,428.7948712464687,500,False,1.1425447409132479,True,0.016020367848496177,6.197987079620361
203184,603.2652063393652,500,False,0.17075400499209803,False,0.016028418933782086,2.813479423522949
203360,442.7999116267891,500,False,2.6065866184041724,False,0.01604572418044381,2.1993322372436523
203600,380.75651471429666,500,False,3.46550960784644,True,0.015996423300501092,4.395465850830078
204096,482.44796176508174,500,False,0.28663694047725635,True,0.016119396168020165,4.221944808959961
205600,344.8237719448984,500,False,2.297920060979981,False,0.016126322770934377,2.898575782775879
205632,363.38881631472174,500,False,2.6139115767624905,True,0.01568238080051184,3.70835280418396
205824,246.4394020282056,500,False,4.812664169700458,True,0.01569560665886175,2.6483476161956787
207696,382.431249926201,500,False,1.301608779872765,True,0.015688166887896475,2.602308511734009
208160,497.2299003158293,500,False,0.36653706532463076,True,0.016514578878697995,3.442692756652832
208224,594.170252175375,500,False,0.11732165832745156,True,0.0165720488481936,3.560028314590454
208448,307.61509694862787,329,True,2.904583563107905,True,0.01659051523437675,3.4130725860595703
208576,610.0946425115139,500,False,0.15192284766839864,True,0.01655357858071322,2.079207420349121
208704,453.84545592784247,500,False,0.26153203767976,True,0.016513248823778182,3.937549591064453
208720,121.86431766520741,193,True,1.581938047939885,True,0.016476212418432796,4.0693817138671875
209072,259.8658936831791,342,True,6.036051594472218,True,0.016481046723411417,4.097804069519043
209184,371.45997752904,500,False,5.8846591120217155,True,0.016420311751266885,2.5701076984405518
209360,634.7734969686489,500,False,0.28799817809625144,True,0.0163660663121622,2.242936611175537
211104,611.612605768008,500,False,0.25999293803768075,True,0.016359841026724834,4.66463041305542
211120,524.1751988141242,500,False,0.23665393473494684,True,0.016550755576266268,2.4498424530029297
211360,576.4404034314794,500,False,0.14494158714856648,True,0.016534499612420595,4.159797668457031
211664,226.52000933015105,365,True,5.992411401348949,True,0.01637876200519038,3.1234261989593506
212096,446.8736037193453,500,False,1.6738198116495955,True,0.01636538818299349,2.058468818664551
213600,312.4454956569351,500,False,1.145964931798855,True,0.016354888918981552,2.1294281482696533
215696,652.1955467214411,500,False,0.26127806777978524,True,0.016414090263561786,2.6593453884124756
216160,398.55233059367094,500,False,1.0832756506524268,True,0.01620135348810254,2.969982147216797
216224,455.675600487757,500,False,0.5740699635290825,True,0.016310858444362662,3.62695574760437
216448,609.5730052514979,500,False,0.28021614283565116,True,0.016291321813374057,2.961690902709961
216576,610.6855373430111,500,False,0.20618301878636772,True,0.016218005111848267,2.462496757507324
216704,390.23056747547594,500,False,0.7356791962963898,False,0.01624253394953144,3.067795753479004
216720,595.6765228129914,500,False,0.32792958922076404,True,0.01626118285760228,2.596439838409424
217072,579.8308522701533,500,False,0.2258090740521315,True,0.016273556081059053,3.031322717666626
217184,520.5212422509693,500,False,0.25066242288897866,True,0.01622966948405313,3.1982274055480957
217360,605.4140642650457,500,False,0.2813973410154564,True,0.01623304013480502,5.464770793914795
218192,320.05715567352576,381,True,1.9966518722275755,True,0.016309143419936827,8.620590209960938
218416,513.528769590585,456,True,2.1139831133994473,True,0.016099391088643465,2.283039093017578
219104,563.0110246983724,500,False,0.25294583610032445,True,0.01597317040295454,5.544219970703125
219360,476.30232303469666,500,False,0.09741848002022753,False,0.016135574598059522,3.6662471294403076
219664,665.0783557719163,500,False,0.3202006626322566,False,0.016107624466277167,4.771498203277588
221200,261.30955904125085,280,True,2.153226018631128,True,0.016041419204443245,2.2111012935638428
221600,634.9520478846414,500,False,0.27424587640233206,True,0.016281956581636666,3.272531270980835
223696,583.8497054395154,500,False,0.2860591357886016,False,0.0163287794466502,3.4145257472991943
224112,344.3718819652276,463,True,2.5749573360312246,True,0.016599028484048393,3.652392864227295
224160,399.8326317431575,500,False,2.0967426925636046,True,0.01668720280611358,2.3385438919067383
224224,471.3896316281859,500,False,1.729096397087888,True,0.016682194769691395,3.5839571952819824
224288,473.63819763144767,451,True,4.803901630463998,True,0.016658776157571248,2.7877073287963867
224448,230.280062213451,500,False,3.599290017547364,True,0.0166245297729413,4.701015949249268
224576,589.8469358743355,500,False,0.3890123155197466,False,0.016588566468801528,2.78471040725708
225184,308.9748791506501,500,False,0.6457875874141887,True,0.016593317738014257,3.904754877090454
225360,403.62226058088896,500,False,1.3161744083266305,True,0.016715755251084735,3.0547890663146973
226192,399.00872839214594,500,False,1.9129994119359532,True,0.016745613630482308,4.251132011413574
226416,622.610720401639,500,False,0.06977765821557645,True,0.016946203454255397,4.862466812133789
227104,560.5774380723738,500,False,0.3867207311756873,False,0.016970253143915447,5.753216743469238
227360,725.857719140377,500,False,0.09259472946088855,True,0.01698593123980091,2.8075451850891113
227664,522.3475035885439,500,False,0.3119879192092164,True,0.0167941740526181,2.8588414192199707
227712,171.03852986956852,214,True,6.0998424938188665,True,0.01689970397714011,4.327081680297852
229200,348.87350827824855,500,False,2.6665509415177597,True,0.016865782222097597,2.766329526901245
229600,753.6393304877295,500,False,0.0773181784387895,False,0.01678403071089364,4.457496643066406
231696,460.55896887713766,500,False,1.5407613312013262,True,0.016846995255127402,2.7700464725494385
232112,638.5099161742731,500,False,0.4438228481347701,True,0.01703419413196997,3.6122303009033203
232160,580.1899846046454,500,False,1.3688687129696187,True,0.017135045328649835,2.73629093170166
232224,631.7794660876579,500,False,0.354829407790487,True,0.017141691777064556,2.3888471126556396
232448,319.1940529837646,500,False,0.5678993751255564,True,0.01715776107454144,5.132143974304199
232576,415.73591960634116,500,False,1.7322869226593047,True,0.0169912817342337,3.872159957885742
233184,590.7472723174727,500,False,0.31435356039520546,True,0.01695614326903771,2.901772975921631
233360,426.49568868762384,500,False,0.2883570522189517,True,0.017142271921700453,3.1873862743377686
234192,730.9331988755537,500,False,0.1450453201311544,True,0.01717425327237625,3.2922356128692627
234416,601.8677539806743,500,False,0.20170854310829936,True,0.016906106181886676,3.651348829269409
235104,650.0753425677158,500,False,0.1669254843652877,False,0.016904044966744674,5.851103782653809
235360,662.248572088856,500,False,0.1791487513525541,True,0.017152915948763156,3.489009380340576
235664,715.682845142049,500,False,0.08163638154625577,True,0.01712448847418224,3.943632125854492
235712,527.0951377947813,500,False,0.34460649265575954,True,0.017155978173740007,3.0552334785461426
237200,564.7011297910685,500,False,0.21324143032070264,False,0.01719198668293225,3.317716121673584
237600,678.7590394681835,500,False,0.15055618793375258,False,0.017350823195492623,3.085139513015747
239696,650.5735587524252,500,False,0.19238342222031665,True,0.017372647894174496,2.17857027053833
240112,695.2891679893543,500,False,0.25429080794541126,True,0.017417956657417338,2.1092567443847656
240160,610.4507032277143,500,False,0.12783201408411343,False,0.017620491841015305,3.65228271484375
240224,632.1291452509848,500,False,0.12419492083568816,True,0.017630626363833442,2.512587070465088
240448,639.6166757322295,500,False,0.24138611870365356,False,0.017627321884104666,2.843593120574951
240464,437.1425855189386,444,True,6.025705668076472,True,0.01765902382941883,2.7087440490722656
240576,789.3115155081626,500,False,0.12305272051377351,True,0.01766698111714277,4.130488872528076
241184,323.40388509311094,500,False,2.7829956910864624,True,0.017679317628882637,3.310080051422119
242192,668.6924600836247,500,False,0.17506956880049762,True,0.017587996749871937,2.617892265319824
242416,546.9210619085529,500,False,3.106775516472461,True,0.01743982088011295,3.189985752105713
243104,524.3494528619731,500,False,0.6072559767682809,True,0.017341942310631384,2.176661491394043
243360,655.0020235946026,500,False,0.170225642152585,True,0.017384890325013995,1.880399465560913
243664,732.1983763313607,500,False,0.10144186520225038,False,0.017422760907663905,2.937023162841797
243712,698.7953578896432,500,False,0.09756612684454634,False,0.017546781080278392,2.618800163269043
245200,575.2407268108759,500,False,1.3603196077270006,True,0.01756880556957634,4.944087028503418
245264,122.35726197318166,192,True,6.067677233021254,True,0.017626747884504055,1.7699360847473145
245600,646.9798166553192,500,False,0.11263810413230922,True,0.017655829147383253,2.501160144805908
246688,97.91443340378774,208,True,5.856273234361778,True,0.017527640210454557,3.6576337814331055
247696,384.63680389867625,500,False,1.1784234001043472,True,0.017113588432592274,4.113588809967041
248112,712.7464957491526,500,False,0.14897765880416006,False,0.016864233425995724,2.4033737182617188
248160,468.9182794299876,500,False,1.302347611582526,True,0.01690697829893421,3.396602153778076
248224,605.169273539625,500,False,0.1942142160855721,True,0.016898988090721125,2.746234178543091
248448,615.3182537706382,500,False,0.13010367347019508,False,0.016827595901665042,2.634589910507202
248464,568.143473726992,500,False,0.7437307982453126,True,0.01660093871667563,2.7341463565826416
248576,626.9384169180315,500,False,0.1188425623284724,True,0.016594924322222974,2.1143436431884766
249184,748.2440089694402,500,False,0.10148172197750584,False,0.016576344963952574,2.5259532928466797
249904,271.05720753134955,294,True,6.157993428602308,True,0.016591560598477828,3.1206705570220947
250416,656.499180271056,500,False,0.15692944284747118,True,0.016611221732969136,2.9704291820526123
251104,643.8188681515531,500,False,0.13136593921618667,False,0.016621500239396375,2.753129005432129
251664,690.1223012243021,500,False,0.2142452595253906,True,0.016523234065681482,2.6063754558563232
251712,451.36912729087845,500,False,1.6442058864750755,True,0.01656256201998234,3.3014655113220215
253264,697.2838472858193,500,False,0.201589721235052,True,0.0165649617169317,3.451122283935547
253600,481.4621850730071,340,True,1.2037570793406038,True,0.016454663452115686,4.361741065979004
253600,577.2769597485465,500,False,0.4041002187348953,True,0.016454663452115686,4.361741065979004
254688,533.8506683390065,500,False,0.22618537053057952,True,0.016365186196266843,2.58308482170105
255696,302.090928162382,500,False,0.6145080757101007,True,0.0166253976318042,4.350130558013916
256112,686.9439614202668,500,False,0.15482570850644195,True,0.016633505310575177,4.916204452514648
256224,686.0820897704114,500,False,0.13899918510980658,True,0.016777850147772083,1.8952828645706177
256448,729.0411796081427,500,False,0.14164352896409976,True,0.016848142796023254,4.634356498718262
256464,719.9127612925791,500,False,0.08912202173074515,True,0.01694400536321965,2.068758964538574
256576,645.738943216999,500,False,0.1783711330937003,False,0.01693268214797756,3.420769691467285
257184,528.3949703474137,500,False,1.08781616516705,True,0.01690619413619163,3.8153109550476074
257904,690.0546427338932,500,False,0.19183276624376397,True,0.0169702734248902,2.0354197025299072
258416,693.3168806192159,500,False,0.14982160457208743,True,0.016652424958128662,4.278555393218994
259104,668.9111843192592,500,False,0.12126652217506084,False,0.01677992829169284,2.7400472164154053
259664,698.9142749793263,500,False,0.1161707731660592,True,0.017024891142423317,1.9653873443603516
259712,682.4394717852622,500,False,0.10815742292880384,True,0.01696148818572478,3.15994930267334
261264,708.032415523928,500,False,0.18019621999978364,True,0.016979101729373912,1.968168020248413
261600,769.8889645716212,500,False,0.11961758500637917,True,0.016837213105802204,2.34700345993042
261600,216.32990904434772,500,False,2.763092348767055,True,0.016837213105802204,2.34700345993042
262688,744.06589248602,500,False,0.09760401718044456,True,0.016947512553729182,3.297919273376465
263632,235.5376073474272,245,True,1.693479608306191,True,0.017054781556002884,2.953382968902588
263696,823.5921991122271,500,False,0.09302209524357645,False,0.017157808103826153,3.305525302886963
264112,684.9073184868777,500,False,0.2344361278447424,True,0.017119619097117865,2.4735732078552246
264224,602.7056175365565,500,False,0.1481634412962519,True,0.0172049650449601,2.828892707824707
264448,757.2470601098405,500,False,0.2395048397558954,True,0.017200903146300114,2.4856650829315186
264464,845.7843083019675,500,False,0.08368099485693349,False,0.017245601135571255,2.8961832523345947
264576,562.7710830735849,500,False,0.36725693652560615,True,0.017251965004877624,2.4522242546081543
265184,775.8370250230904,500,False,0.06782717432916974,True,0.01734273751501396,3.823218822479248
265904,618.3725126126678,500,False,0.7075915844268292,True,0.017252168028250456,20.193763732910156
266416,769.9066633785577,500,False,0.13764628582032942,False,0.017328679296962322,2.24482798576355
267104,296.8219469145085,500,False,1.105972353020526,True,0.01717256277334299,5.288083076477051
267664,711.3745354154806,500,False,0.2814771711548796,True,0.016855272594691318,3.824291467666626
269264,677.7730000581887,500,False,0.2883842246043363,True,0.016993974452977366,3.0655677318573
269600,374.25119884634466,500,False,0.48249447183093735,True,0.016955111068830384,2.208212375640869
269600,747.7264709596236,500,False,0.14783927349910092,True,0.016955111068830384,2.208212375640869
270688,626.8575577440588,500,False,0.3711880277743342,True,0.01694920646433497,2.4974546432495117
271632,549.3267924778687,500,False,0.12872503037560815,True,0.0164805093627639,1.5070855617523193
271696,746.1978759560294,500,False,0.2956526319901928,True,0.0164744434681066,2.246657609939575
272112,651.4103521222439,500,False,0.11051507090309493,True,0.01646206636146202,1.7974796295166016
272224,612.8979729063008,500,False,0.14531630668714263,True,0.016320659376550188,7.5869975090026855
272448,593.0919911700377,500,False,0.16607008858387537,True,0.016340525002114057,2.6129708290100098
272464,626.3171430201915,500,False,0.18429083875621075,False,0.016383067464674123,2.811819553375244
272576,594.3552162683899,500,False,0.18721791014426623,True,0.016370558224291454,2.715639591217041
273184,560.208048711529,500,False,2.8286296868228464,True,0.016334422803047543,2.1792330741882324
273904,628.1442611547684,500,False,0.32186991914713237,True,0.01615351724166974,3.0764122009277344
274416,655.2299193072948,500,False,0.3690350858563063,True,0.015902406098076784,2.002836227416992
275104,689.9891375379071,500,False,0.1077409940890712,False,0.015992912031181368,2.3968505859375
275664,818.0682772099656,500,False,0.071425619217798,False,0.0161373374988131,2.466566801071167
277264,565.5568658874652,500,False,0.3985379213316658,True,0.01606734132237047,2.997799873352051
277600,591.5357851084599,500,False,0.6068476151205943,True,0.015894280878301383,3.258230686187744
277600,618.398648729237,500,False,0.4972629623804177,True,0.015894280878301383,3.258230686187744
278688,623.8567071858182,500,False,0.9552359209837248,True,0.015938106813330726,2.0914900302886963
279008,257.3827572210084,402,True,2.2123029995310515,True,0.015631297482124416,2.8209643363952637
279632,476.50232395108867,500,False,0.5419002064399514,True,0.015457594150525618,1.954620122909546
279696,576.9235006113237,500,False,0.6929229009656203,True,0.015579152873706063,2.5416934490203857
280112,596.0989374413174,479,True,2.0447599355901773,True,0.015597973847207952,2.7302474975585938
280112,663.4092315544016,500,False,0.11987176063332139,True,0.015597973847207952,2.7302474975585938
280224,561.588776077293,500,False,0.6935533375768059,True,0.015403035101283881,2.253037214279175
280464,736.6239950437326,500,False,0.13530657453838563,False,0.015434159414314023,4.335576057434082
281184,542.1137320194024,500,False,0.7258660838372283,True,0.015432584649565553,2.055459976196289
281616,558.2741911878754,407,True,1.8873141365240245,True,0.015324950565571255,8.219324111938477
281904,675.5553178004178,500,False,0.11111296832648462,True,0.015591435574352658,2.449288845062256
282416,702.8361547645233,500,False,0.20342884185649274,True,0.01577357572396891,2.0717015266418457
283664,478.3424268798121,500,False,0.34055732669188116,True,0.015774638745566,2.3417258262634277
285264,803.2180200639262,500,False,0.127633539231159,False,0.015855156474785578,1.77829909324646
285600,839.4991501115827,500,False,0.08769197239422002,True,0.015205314446768965,2.1189184188842773
285600,679.6581751437571,500,False,0.16023447159743726,True,0.015205314446768965,2.1189184188842773
286688,644.223517921027,500,False,1.2807391122694756,True,0.015326896743383396,2.0010483264923096
287008,655.9659647581973,500,False,0.14443778285091197,True,0.015301019640609374,2.288695812225342
287632,694.7589999772285,500,False,0.18342621382799784,True,0.015104847020054718,1.6452414989471436
287632,603.5864279209048,448,True,1.9312133329359915,True,0.015104847020054718,1.6452414989471436
287696,642.0207128753498,500,False,0.1572845049112295,False,0.014912978317904772,2.541757106781006
288112,788.7690416222171,500,False,0.0861155360282778,False,0.014879738065042962,2.410801410675049
288112,763.9765746402289,500,False,0.06641357160503569,True,0.014879738065042962,2.410801410675049
288224,771.008158764725,500,False,0.0656846305984311,True,0.014871892166282414,2.543111801147461
289184,638.6864023146561,500,False,0.33880190092524376,True,0.014934906383696005,1.84254789352417
289616,823.0826669642419,500,False,0.11470669819425154,False,0.01486561590546974,3.9505341053009033
289664,213.42065918057497,275,True,1.4912162536250047,True,0.014935264570415155,7.337995529174805
289904,745.3385751336368,500,False,0.7014125296758609,True,0.014949018475008565,2.3553543090820312
290416,585.4123928859516,500,False,1.9943156765447343,True,0.014946752568660826,2.6331088542938232
291664,629.5699376365454,500,False,0.09547920058564706,True,0.014707651401466246,1.9615315198898315
293600,759.6426765486094,500,False,0.20846835899670774,True,0.014537907819753696,2.114760398864746
293600,717.8974381322563,500,False,0.14177173705841384,True,0.014537907819753696,2.114760398864746
294688,641.0587831579033,500,False,0.14435423848751813,True,0.014300037242591447,6.182742595672607
295008,652.4545471114354,500,False,1.2692149529654364,True,0.014282298078273576,2.0972940921783447
295632,723.6938833149804,500,False,0.0797286226259511,True,0.014227543938671552,1.758235216140747
295632,509.5719388657874,500,False,0.632820259299137,True,0.014227543938671552,1.758235216140747
295696,470.2719670621152,500,False,1.7302067629370825,True,0.014524332203924252,1.8948609828948975
296112,779.3437977143418,500,False,0.07544448614935144,True,0.014535923396441011,2.0381712913513184
296112,604.0376611496739,500,False,1.9317327617016777,True,0.014535923396441011,2.0381712913513184
296224,714.6876364989046,500,False,0.099680465579369,True,0.01457559047067217,2.238215446472168
297088,494.09807873360813,464,True,2.8283979919564675,True,0.014502669452448677,3.0611789226531982
297184,695.0633212105425,500,False,0.16108551407653607,True,0.01452446640257251,2.051605701446533
297616,615.2170313883973,500,False,0.44380745007023376,True,0.014497446427013819,2.427903890609741
297904,590.0159801423831,500,False,0.8234936864314771,True,0.014611554565146886,2.7750072479248047
298416,639.1091897022214,500,False,0.10282708822855306,True,0.014747461651236865,3.2010445594787598
299664,683.532509058447,500,False,0.15764560252654805,False,0.014399794686296399,2.729367256164551
301600,662.1919913130477,500,False,0.11833560809236637,True,0.014730397711002648,1.9597418308258057
301600,735.6980028529624,500,False,0.18083664745316724,True,0.014730397711002648,1.9597418308258057
302688,757.2131687625533,500,False,0.09895410875737569,True,0.014853690606599029,3.032127857208252
302848,598.0745097835869,414,True,1.076833658164486,True,0.014833659925484709,4.55035400390625
303008,615.2590842269699,500,False,0.1906621687502328,True,0.01483793469154064,3.0757181644439697
303632,719.5372793732357,500,False,0.14092663477369757,False,0.014725846158170809,5.117295742034912
303632,660.7713310953534,500,False,0.2009114597910496,True,0.014725846158170809,5.117295742034912
303696,656.3849467278935,500,False,0.2761293663469611,True,0.014818899613714057,3.2870731353759766
304112,719.6862076263694,500,False,0.23933661134014425,False,0.014779923368137658,3.156367540359497
304112,704.2574760574253,500,False,0.3868489431499851,True,0.014779923368137658,3.156367540359497
305088,479.62479074321374,500,False,2.7780624746358704,True,0.01503591819431271,2.3920488357543945
305184,564.1034270597952,500,False,0.2521895312684281,True,0.014473013170370757,3.229410409927368
305616,725.5569359639842,500,False,0.18210287819063678,False,0.014452725740673932,4.916451454162598
305904,649.1979459724449,500,False,0.16806383459684865,False,0.014358902337760715,2.442126750946045
306416,742.1051015949624,500,False,0.17107040713494023,True,0.014498589412824442,2.5418167114257812
307664,649.0441198948929,500,False,0.18737443201331203,True,0.014284459774938522,2.6807703971862793
309600,630.1590917914315,500,False,0.21809043847451057,True,0.014034088839069838,2.9462890625
309600,612.2048313023377,500,False,0.07900887121164706,False,0.014034088839069838,2.9462890625
310688,510.5340256926639,500,False,2.371533781758966,True,0.013543738699262073,2.1665761470794678
310848,693.1641508630601,500,False,0.2238844437442114,True,0.013671908681221433,2.190682888031006
311008,702.1075725764127,500,False,0.36592939250819106,True,0.013644695470996072,2.9064903259277344
311632,711.3801751651055,500,False,0.07241167881497998,True,0.013732357652412791,2.766058921813965
311632,623.1657012219949,500,False,0.17887139167625882,True,0.013732357652412791,2.766058921813965
311696,607.0658578560037,500,False,0.18996896175561648,True,0.013736594089312226,2.5347559452056885
312112,648.7264515214408,500,False,0.4009306299920416,True,0.013701439412178522,2.706759214401245
312112,342.16024571867695,500,False,1.5488965791305007,True,0.013701439412178522,2.706759214401245
313088,704.9546261910987,500,False,0.21296194065901028,True,0.013673629514426144,2.129446268081665
313184,492.8298525578607,500,False,0.5524755429941907,True,0.013717140809591351,2.2141757011413574
313616,694.1898731444908,500,False,0.17601596806735506,True,0.01366115354766814,3.6784145832061768
313904,733.5811992344816,500,False,0.09731962699381747,True,0.01354488151517788,3.2574057579040527
314416,751.6055859700766,500,False,0.07336800391070607,True,0.013514422002916988,3.0612668991088867
315664,632.8277056931332,500,False,0.41191360705024455,True,0.013665242883042637,6.074699878692627
317600,651.37716759901,500,False,0.10241826878141055,False,0.013761234419184231,1.956037998199463
317600,385.8762812440972,500,False,0.5773081574505367,True,0.013761234419184231,1.956037998199463
318688,429.48847469240394,500,False,1.0001983666669347,True,0.013321912877584115,2.320733070373535
318848,717.9339620077984,500,False,0.13659732629313548,True,0.013341879624866172,2.5465145111083984
319008,742.4401510103539,500,False,0.08496572726069654,False,0.013237494398847973,2.8052866458892822
319632,573.3380877943243,500,False,0.15774976705072666,True,0.013239104563332597,1.7249733209609985
319632,444.3357018004876,500,False,0.5005903635121548,True,0.013239104563332597,1.7249733209609985
319696,700.0522791148231,500,False,0.0883063645432085,False,0.01331825238150979,2.8495209217071533
320112,630.0970502724041,500,False,0.21042814502590407,True,0.013343213737234624,2.386150360107422
320112,781.5603046464032,500,False,0.16083862201945717,True,0.013343213737234624,2.386150360107422
321088,444.19312795424594,500,False,2.1151863931984245,True,0.01337516070867978,4.345951080322266
321184,524.7224106928622,500,False,0.5470611727527357,True,0.013492665902555491,1.9788035154342651
321616,631.7781369036165,500,False,1.454721059344728,True,0.013486519654472704,2.6120338439941406
321840,246.73611281544444,265,True,2.2491800145710736,True,0.013387938944390028,2.006801128387451
321904,759.4295337067988,500,False,0.1657284303572047,True,0.013375754996596621,2.5648398399353027
322416,684.6812131202144,500,False,0.14098917138544417,True,0.013412031666927594,2.226548671722412
323664,552.817296966074,500,False,0.4726519648965729,True,0.013552337091800738,3.004979133605957
325600,653.499658905508,500,False,0.1784686606216353,True,0.01352277401594866,1.9630571603775024
326688,389.2174245509986,500,False,0.39165716893480956,True,0.01344424801577488,9.977046012878418
326848,640.8708520551861,500,False,0.3514033285104541,True,0.013609327317261631,2.0061123371124268
327008,400.3284112218509,500,False,0.6710499725054523,True,0.01372459059502539,3.144274950027466
327632,609.2679711804452,500,False,1.31354011720945,True,0.013807772098932197,1.7312170267105103
327632,575.1523493231134,500,False,0.31971889318916563,True,0.013807772098932197,1.7312170267105103
327696,630.6958550721074,500,False,0.09495381013495022,False,0.014104187966059903,2.4739267826080322
328112,681.7891934959601,500,False,0.44583244319191867,True,0.014117574960251943,41.909889221191406
328112,701.6588624941032,500,False,0.046143837904804086,True,0.014117574960251943,41.909889221191406
329088,588.5553845370132,500,False,0.3047182395024421,True,0.014046417566729264,3.3879141807556152
329184,611.8936460392842,500,False,0.2732645508589045,True,0.013986161384031515,1.851935625076294
329600,638.9054846125337,485,True,1.5853615027563759,True,0.013984876548754892,1.9653220176696777
329616,636.9253382754185,500,False,0.760805861482004,True,0.014011669306029532,2.365811347961426
329904,722.3222792276707,500,False,0.07917747487253103,False,0.014002504732412805,3.6923975944519043
330416,545.0947756313534,500,False,0.5027385304555406,True,0.01395204097888216,2.2761106491088867
331664,451.2583675034665,500,False,0.49480553541427447,True,0.013846454607595739,2.477849245071411
332272,394.8475303878131,329,True,1.1808142712787109,True,0.01397397507631464,2.364623546600342
333600,735.1560845427613,500,False,0.15405885810141143,True,0.014058496590173601,2.7225584983825684
334688,625.9070345414431,500,False,0.3540348162459609,True,0.013868134125482184,2.673145294189453
334848,651.7674813032863,500,False,0.22704082056535152,True,0.013966733640419001,2.220944404602051
335632,595.149014599328,500,False,0.3293796636598554,True,0.01396936767362162,6.343918800354004
335632,645.6429713793729,500,False,0.12145188325320626,True,0.01396936767362162,6.343918800354004
335696,676.8763563303633,500,False,0.10989441722191115,True,0.013866382467679812,4.045936107635498
336112,494.9815213318255,500,False,1.0411943998180562,True,0.013868411183167301,2.3182756900787354
336112,739.1770708871671,500,False,0.1343344566588334,False,0.013868411183167301,2.3182756900787354
337056,571.2635624343053,447,True,1.4539760325352458,True,0.01395303228211917,2.704422950744629
337088,771.5059395749739,500,False,0.07759695468730633,True,0.01387715633324141,1.8038551807403564
337184,500.5305088977013,500,False,1.385616697736232,True,0.013876097462297012,2.089327335357666
337600,642.0258233080543,500,False,0.13671174910592868,True,0.013893240237081021,2.1356167793273926
337616,685.4515139165001,500,False,0.2643895098354677,True,0.014176711116022627,2.942047595977783
338416,811.2259950780857,500,False,0.08288395682625592,True,0.014190217383872999,3.0743789672851562
339664,587.816922035386,500,False,0.483735684322121,True,0.014061865974579386,2.6042628288269043
340064,168.5927585815558,186,True,2.829219427781796,True,0.013584292904977523,2.9803130626678467
340128,326.19732627294144,251,True,1.1939192318406575,True,0.013550107858919946,3.1531143188476562
340272,665.2141477763658,500,False,0.09491854753112085,False,0.013569213357397344,2.436232566833496
341600,573.2948667172357,500,False,0.4112336268393975,True,0.013507296406029825,2.3502912521362305
342688,706.5611961002745,500,False,0.08132782449746699,False,0.013654861812777018,2.1657142639160156
342848,558.0530893293035,500,False,0.5495115098384055,True,0.013811451760153356,2.9588730335235596
343632,525.6172950572288,500,False,1.551785270297047,True,0.013776991438283313,8.719817161560059
343632,564.76168626813,500,False,0.37607535247890717,True,0.013776991438283313,8.719817161560059
343696,703.2012494208966,500,False,0.1904017678057886,True,0.013740683919635803,2.2828383445739746
344112,655.9857519249946,500,False,0.4972058765446746,True,0.013700526777205254,2.056812286376953
345056,664.7444834968899,500,False,0.1152507987503413,True,0.013584299295927351,3.2185606956481934
345184,543.1835059254132,500,False,0.0785323220973518,True,0.013575855836235648,2.3073177337646484
345600,595.5996466680451,500,False,0.4789369915087898,True,0.01360283241623947,2.3822884559631348
345616,628.9003228452771,500,False,0.2349668182022779,True,0.013589054361281794,2.7384395599365234
346416,701.0138697705958,500,False,0.22090132254099878,True,0.013594895177679464,5.111990928649902
347664,663.1686726859427,500,False,0.3837584842800408,True,0.013307076556951755,2.394181251525879
348064,677.3822664170144,500,False,0.22025011916366422,True,0.013389784934974084,3.308121919631958
348128,781.5905210610392,500,False,0.24067679973981201,True,0.013214572251298793,3.977370023727417
348272,683.7997474920262,500,False,0.18043360969383032,True,0.013202280503232505,3.5453124046325684
349600,365.0090937157961,500,False,0.8569877537935874,True,0.013189356202390106,2.428086757659912
350688,729.3006876159349,500,False,0.12988577985440447,True,0.013793146296718534,2.13336443901062
350848,802.884953714116,500,False,0.09870675576216865,True,0.014040064946482455,2.608212947845459
351632,766.5009601274886,500,False,0.17686894941860376,True,0.014026980216819685,2.4497199058532715
351632,735.3896194304272,500,False,0.32730884101116337,True,0.014026980216819685,2.4497199058532715
351696,577.7423314525153,500,False,0.3319673621067619,True,0.013834634534989987,1.8461148738861084
352112,788.4673898770978,500,False,0.059443551548806046,True,0.013858048638963,2.47611141204834
353056,578.7445451969623,500,False,0.32406137017918424,True,0.01400942905151211,3.540153980255127
353184,640.7464193286112,500,False,0.15713863773296785,True,0.014116925809058708,2.6275172233581543
353600,690.0274863576713,500,False,0.29969416672852506,True,0.014138023729684984,2.9084906578063965
353616,574.5819428846282,500,False,0.3076708531922041,True,0.014052221700884002,1.573259949684143
354416,761.354691462955,500,False,0.118009972505273,False,0.014047152599876187,2.414128303527832
355664,766.3270152675968,500,False,0.07997603774935483,True,0.01385761037893522,2.6015329360961914
356064,713.5614397949453,500,False,0.03807483578322,True,0.01392365502664018,2.1760447025299072
356128,780.9938159475711,500,False,0.049313866387414675,False,0.0140296254719611,4.471484184265137
356272,690.8140952537088,500,False,0.08366261561544623,False,0.014047061339709666,2.7592251300811768
357600,699.1572445535741,500,False,0.12523426058019468,True,0.013982672428376952,2.763190746307373
358688,677.4529497926729,500,False,0.1608926475461468,True,0.013622222741565083,2.7634823322296143
358848,787.8502895263235,500,False,0.10051846135310935,True,0.013916012179046765,5.928475379943848
359632,697.4851352239002,500,False,0.21478410866488137,True,0.013944819058746564,2.1466145515441895
359632,789.6106335456872,500,False,0.10635658165308784,True,0.013944819058746564,2.1466145515441895
359696,705.2892432435085,500,False,0.10397563926561387,True,0.013980823246594528,2.2421975135803223
360112,712.2604237800963,500,False,0.2263252369611894,True,0.014001787709610468,2.373286247253418
360752,70.09467327579837,129,True,1.1063530353605253,True,0.014041755202037992,7.533723831176758
361056,736.8896192605084,500,False,0.10652672494396602,True,0.014021446983427398,3.3238883018493652
361184,707.3872188147318,500,False,0.09186497414056792,True,0.014018605655515127,14.277801513671875
361600,756.5786901925335,500,False,0.0950583980434374,True,0.01402919061442715,2.7295775413513184
361616,848.796009244464,500,False,0.45595263659689683,True,0.01399669248771381,2.166778087615967
362416,814.4668337026997,500,False,0.16654945714490188,True,0.013991550283055045,2.864135980606079
363664,717.2624156201758,500,False,0.10412385414672963,True,0.014134774258075371,1.899256706237793
364064,751.4805659206213,500,False,0.16006109293509732,True,0.014050276405532636,2.4213879108428955
364128,813.2125568024624,500,False,0.08279847136277263,False,0.014133491565789398,2.220426082611084
364272,769.7155279579675,500,False,0.18759369436686,True,0.014141391100553761,3.0601963996887207
365600,865.4475403293866,500,False,0.028567366771680373,True,0.014144170316681758,2.3031368255615234
366848,743.9441140154877,500,False,0.12812245993459823,True,0.014482575258131666,1.7322914600372314
367632,867.8062180705195,500,False,0.052793564748121295,False,0.014745126860406773,2.084444522857666
367632,665.1347874992731,500,False,0.35341489092619993,True,0.014745126860406773,2.084444522857666
367696,700.2085025154431,500,False,0.16279797079374234,False,0.014762583156470997,2.5005717277526855
368112,709.6391216389037,500,False,0.07317498113015501,True,0.014723506326844328,2.6773462295532227
368752,734.429602203426,500,False,0.17489085494803108,True,0.014663308457088794,2.589568614959717
369056,778.1453792679995,500,False,0.08755965190615995,True,0.0149364121595055,2.600963592529297
369184,711.7211834010545,500,False,0.02780118847843406,True,0.01510222692279556,2.0920379161834717
369600,632.6654732199711,500,False,0.17284549454243858,True,0.015043106897834783,2.050830602645874
369616,625.6610165620526,500,False,0.22088751293112216,True,0.014986062318616142,2.062142848968506
370416,682.8703283279992,500,False,0.0429086865980371,True,0.01499742468019857,1.9837353229522705
371664,618.8007280289478,500,False,0.3713271748145588,True,0.014877918089985103,2.4616005420684814
372064,819.5214927587325,500,False,0.1349317239115653,False,0.01515018351408093,1.956106185913086
372128,735.317898156416,500,False,0.06489018600122544,False,0.014881490899356593,3.0796303749084473
372272,818.3248026019239,500,False,0.07090863092899292,True,0.014846686710336805,1.9127949476242065
373600,764.9202643780801,500,False,0.05038810343064389,True,0.014828459680311946,2.876795768737793
374848,684.0630250087341,500,False,0.11430537548155108,True,0.0150427986002162,2.1388707160949707
375632,644.1400804109751,500,False,0.12269053676491358,True,0.015014174010727122,1.9153385162353516
375632,877.7921380113295,500,False,0.07736915965372551,False,0.015014174010727122,1.9153385162353516
375696,645.6648995062048,500,False,0.39686808786526817,True,0.015249628773539409,2.0045595169067383
376112,778.6807309833789,500,False,0.0788188472826857,False,0.015281226708298337,3.030097246170044
376752,810.8305011777903,500,False,0.022742491708623136,True,0.015110374555399398,2.7597737312316895
377056,695.1035928368508,500,False,0.15069089207231476,False,0.015050023183335889,2.266058921813965
377184,710.7872307137634,500,False,0.07384105282065975,True,0.014976932598058922,3.2411704063415527
377600,740.1811849775439,500,False,0.15093268481927377,True,0.014938991260831749,2.308887481689453
377616,702.0598955340188,500,False,0.1559293007646078,True,0.014908763280384459,3.0872230529785156
378416,852.0946618483489,500,False,0.05931316148821894,True,0.0149029524118691,2.315016746520996
379664,697.4211847130796,500,False,0.5740636951831797,True,0.014662876960896671,2.2561397552490234
380064,796.1272525761328,500,False,0.13309155340526443,False,0.014739819623529217,3.007556915283203
380128,685.4769126789975,500,False,0.29445360291778877,True,0.014791562102015765,2.4425244331359863
380272,747.8735058090876,500,False,0.37518337550390624,True,0.014706804042840915,2.7967875003814697
381600,749.0876095282379,500,False,0.26497578522309123,True,0.014572770576731554,2.684140682220459
382848,767.4914072881152,500,False,0.08347441246519301,False,0.01494356266988654,2.6798532009124756
383632,732.6200912089105,500,False,0.04534744406135383,True,0.014616186525054895,2.042354106903076
383632,833.4949495095993,500,False,0.1150918810072857,True,0.014616186525054895,2.042354106903076
383696,583.6239321044121,500,False,0.5404207565488444,True,0.014553216028526468,1.97817862033844
384112,665.5378777824217,500,False,0.24116534615135027,True,0.01452606395074866,2.5515170097351074
384416,343.07192770816187,297,True,1.669718250793186,True,0.014421783692460725,1.9788283109664917
384752,811.5336928899619,500,False,0.08929822625644779,True,0.014402610699613183,2.3230302333831787
385056,773.4767312826067,500,False,0.03888364102667212,True,0.014519336378084755,2.44677734375
385184,729.540186262899,500,False,0.21584668651237351,True,0.014561206316934732,2.334908962249756
385600,906.2344402329409,500,False,0.033929334871679484,False,0.014522115234947404,1.926800012588501
385616,789.6187118073644,500,False,0.1194428775285198,True,0.014483147141301585,2.1493287086486816
386416,614.5734191280598,500,False,0.26964043053093295,True,0.014499111047195217,2.959345579147339
387680,547.5191449267976,476,True,2.0166005966799876,True,0.014526711715936462,2.1021206378936768
388128,697.8250869868082,500,False,0.3197331848112437,True,0.01449268578733001,2.5061557292938232
388272,770.379591763622,500,False,0.10106192226375565,True,0.014474074761604411,2.535917043685913
389600,675.5726453265686,500,False,0.21702047148785605,False,0.014385638463221537,4.116173267364502
390480,442.451693222265,358,True,1.6724594546280307,True,0.014398128752391806,1.7015807628631592
390848,651.4121825932439,500,False,0.15716821418864824,True,0.014430030917161036,2.152175188064575
391632,706.8604465930401,500,False,0.9913153395440419,True,0.014447710947866607,3.0496411323547363
391632,721.4602954462351,500,False,0.19404858467089436,False,0.014447710947866607,3.0496411323547363
391696,768.9497721784552,500,False,0.03785580301790166,True,0.014027301784231078,2.435575485229492
392112,755.8640680196163,500,False,0.34621299112003,True,0.01396165107105597,2.4824600219726562
392416,800.8309579082443,500,False,0.07129632649756655,False,0.013965037602005438,2.4653208255767822
393056,731.0138598861492,500,False,0.16733963245148198,True,0.013995349787002518,3.2913029193878174
393184,668.2983226622728,500,False,0.22673668889719917,True,0.014028857573836602,2.1020941734313965
393600,628.8178165949031,500,False,0.25052868074070467,True,0.014075128338983691,2.840583324432373
393616,624.8105164783835,500,False,0.2924798236116445,True,0.014037278922505766,7.559933662414551
394416,646.9713434276382,500,False,0.16032464952370948,False,0.01402411880448035,2.4814815521240234
395680,810.09060854902,500,False,0.11961052906165479,False,0.013716423265702837,1.956648588180542
396128,793.9128272398679,500,False,0.08790047033932913,False,0.013837912951493466,9.965855598449707
396272,789.3685102169168,500,False,0.07087692624063777,False,0.013920776827797023,2.1751625537872314
397600,619.4656113766408,500,False,0.8438142930606496,True,0.014006729029143232,3.666360378265381
398480,682.9931017088188,500,False,0.16067001383695761,True,0.01397233104369454,2.45755672454834
398848,797.4531880967995,500,False,0.08754280871519553,True,0.014235481918400473,4.337738513946533
399632,736.8270363032002,500,False,0.11574117105644686,True,0.014206177716749094,2.422579765319824
399632,553.3536375916746,500,False,0.7762418374582338,True,0.014206177716749094,2.422579765319824
399696,836.9295344450502,500,False,0.17312940708014293,True,0.014045312353115104,2.6959786415100098
400112,675.7730304528764,500,False,0.23144480274661408,True,0.014092657102272527,2.2269930839538574
400384,452.76534444336073,450,True,1.6402164910687158,True,0.014090072433074924,2.105832576751709
400416,692.6269057480977,500,False,0.09042439458776362,True,0.014038159879106251,3.5354552268981934
401056,731.4106335883581,500,False,0.08688153437519357,False,0.014048308972852587,2.2819738388061523
401600,803.2036013256214,500,False,0.1503935019233889,True,0.01411561273593092,6.182961463928223
401616,372.39515471831567,500,False,1.9303652676912508,True,0.014115847085349296,1.7158422470092773
402416,744.102006086898,500,False,0.5225696026978899,True,0.014120173115949814,1.5674352645874023
403680,711.4607435118983,500,False,0.16640366983843938,False,0.01395743199581365,3.667240619659424
404128,629.4568571767715,500,False,0.13419727221425853,True,0.014057640161771245,2.180983066558838
404272,663.8202430368491,500,False,0.13093035855467064,True,0.01415371971059055,2.4297590255737305
405600,690.5788110811337,500,False,0.14207472839411026,True,0.014193132690123006,1.9692201614379883
406480,839.0745022404094,500,False,0.0705302326631739,False,0.014429336658432705,2.686671018600464
406848,666.73772412005,500,False,0.2252751393641553,False,0.014199322693981995,3.1435983180999756
407632,762.563073962756,500,False,0.1167535874804978,True,0.014021727292022841,2.0878472328186035
407632,782.5827950740021,500,False,0.0943490887580075,False,0.014021727292022841,2.0878472328186035
407696,400.9198614068971,500,False,0.5608198710425668,True,0.013964545086612058,4.106142520904541
408112,701.2257010146582,500,False,0.10844560456749383,False,0.013976140122255055,2.8219571113586426
408384,610.5876198004945,500,False,0.33271376006503683,True,0.01403358395104239,2.3567323684692383
408416,656.8896811816145,500,False,0.23647714837286993,True,0.014026230275626207,2.2524261474609375
409056,731.7380646930968,500,False,0.13962330556389052,False,0.01404860623706954,2.437882423400879
409600,696.787391164298,500,False,0.24163646178971224,True,0.0140882941193631,2.4333596229553223
409616,516.4870372907376,500,False,0.5906033665999079,True,0.014215680904058904,2.602475166320801
410416,763.6686637960978,500,False,0.0567712857079627,False,0.014223214451666253,3.950296401977539
411680,736.775848648469,500,False,0.06435098660030894,False,0.014495602766049599,2.4906654357910156
412128,701.9877350299828,500,False,0.1396240791041745,True,0.01467828474292807,2.7536325454711914
412272,453.4483528067146,500,False,0.5955306064783429,True,0.014723858485595797,2.733154773712158
413600,624.4614909602487,500,False,0.2941685601085541,True,0.014780065886323326,2.3897716999053955
414480,879.8601876348215,500,False,0.058133678658453425,False,0.014340810548430012,3.057156562805176
414848,712.2602519471039,500,False,0.10721969042981754,False,0.014384032937158345,2.28263521194458
415632,664.9847372964786,500,False,0.16888380008838902,True,0.014491475987546042,2.0747900009155273
415632,694.1979787259834,500,False,0.08270700978367423,True,0.014491475987546042,2.0747900009155273
415696,674.3456800170167,500,False,0.1463051278003974,False,0.014620489635194927,2.092820644378662
416112,813.2036755463294,500,False,0.11205363798836711,False,0.014588353987581324,2.149967670440674
416384,709.2492531045319,500,False,0.195622597474911,True,0.014403318420437445,2.2061924934387207
416416,760.5052821929685,500,False,0.11359322551748333,False,0.014403419521494076,2.9591686725616455
417056,801.5555527602878,500,False,0.09415033556702125,True,0.014399914735445853,2.1053466796875
417600,604.444407936753,500,False,0.726034513303266,True,0.014271030327929306,1.842652678489685
417616,790.84441494831,500,False,0.14786560880637453,False,0.01416396337831498,2.6363329887390137
418416,638.7846141755593,500,False,0.21182739290047545,False,0.014160431214732224,1.7992610931396484
419680,783.2990138796783,500,False,0.07717624888183858,True,0.014299953728283835,2.76975154876709
420128,798.4552438048281,500,False,0.10270095532121927,True,0.014207517667087737,2.1149368286132812
420272,746.2904180189847,500,False,0.1627698320797281,True,0.014239723342659352,2.244908571243286
421600,709.6560442408955,500,False,0.13899087640826957,True,0.01412985759513374,3.1305792331695557
422480,620.6898670670579,500,False,0.9145061439504658,True,0.014084457812413857,2.2692079544067383
422848,623.2847950132191,500,False,1.0211616410514661,True,0.014249766536833443,2.0534372329711914
423632,707.0949253584106,500,False,0.37673036115967823,True,0.014235811788009334,2.499911308288574
423632,722.3674660463108,500,False,0.37314715278033717,True,0.014235811788009334,2.499911308288574
423696,736.7238923367399,500,False,0.08122936087297963,False,0.014111898833932846,2.5958003997802734
424112,832.8734299427817,500,False,0.095995224860228,True,0.014081849164736654,2.1097168922424316
424384,592.0766617742988,500,False,0.2610426581777396,True,0.014060768438871715,1.8310136795043945
424416,760.2179837515332,500,False,0.10959998594894362,True,0.014095585129482419,5.864070415496826
425056,694.9684113090989,500,False,0.237681442251826,False,0.014113883665046824,3.128819465637207
425600,776.7529524228357,500,False,0.09622603142977115,True,0.014137816731995257,2.066236972808838
425616,725.290231947768,500,False,0.0937607735396364,True,0.01400184320034012,1.6431419849395752
426416,759.6942092409073,500,False,0.0873101281450238,True,0.013997686889204214,2.91982364654541
427680,806.3555523892137,500,False,0.09601298849667105,True,0.013774051423599326,2.638190746307373
428128,683.5911018155056,500,False,0.37831156035303565,True,0.01366309722434087,2.3120317459106445
428272,746.3657507360748,500,False,0.15091147569021351,False,0.013588913717352496,2.3120079040527344
429600,713.438364427597,500,False,0.07907316225152501,True,0.013659201332961897,2.3096232414245605
430480,735.4998798132858,500,False,0.2805828367525781,True,0.013667682821930002,2.492842197418213
430848,745.2333756424865,500,False,0.10187181784735498,True,0.013613856901207224,2.8366644382476807
431632,515.6063546358095,500,False,0.40728037994247857,True,0.013582789378845396,2.9355053901672363
431632,545.719171332872,500,False,0.6336028934319137,True,0.013582789378845396,2.9355053901672363
431696,769.212269100455,500,False,0.13305868125811168,True,0.013657958077314769,2.862941265106201
432112,642.860155498682,500,False,0.49491422380776784,True,0.013748548470168279,2.6821351051330566
432384,632.4825955847555,500,False,0.5039127502838227,True,0.013683986505142503,1.9844870567321777
432416,674.1983912452743,500,False,0.29399736459446074,True,0.013738222149680283,2.55090069770813
433056,768.7448810469604,500,False,0.1180887178604328,True,0.013728780894193878,2.4498062133789062
433600,754.953438672823,500,False,0.03727552427291194,True,0.013768889491883986,1.8877415657043457
433616,437.6068572572987,500,False,0.660672232027928,False,0.01380961109406772,13.626670837402344
434416,784.6456457206972,500,False,0.1486258343754682,True,0.013807694180768711,2.211454391479492
435680,695.2443823921808,500,False,0.22426413117321345,True,0.013637250557465433,4.438015460968018
436128,819.449017357296,500,False,0.1118986754932586,True,0.013599627382733907,1.7710697650909424
436272,676.5603517835024,500,False,0.2969191728442053,True,0.013578431774625284,2.7676029205322266
437600,743.4145155873053,500,False,0.12994842970122522,False,0.013640366780660024,2.064462184906006
438480,867.1524512795877,500,False,0.053645980978476,True,0.013821825576400097,2.7826809883117676
438848,707.2705850238133,500,False,0.18116885472535393,True,0.013904796548250475,2.3830008506774902
439632,729.0352072521638,500,False,0.1120155098099401,False,0.013921576389458824,1.859566569328308
439632,825.264785954119,500,False,0.07126547203103975,False,0.013921576389458824,1.859566569328308
439696,384.0841408467042,500,False,0.6823076784497385,False,0.013908914080246281,2.050401210784912
439712,197.0335096279102,382,True,4.004973251885096,True,0.013895861541882765,2.627490520477295
440112,823.0228534733806,500,False,0.08068903628043819,False,0.013897954325269185,2.581228494644165
440384,719.0802653234516,500,False,0.13349138946044542,True,0.013898334972700214,2.4149653911590576
440416,784.0045151209199,500,False,0.04726632924228138,True,0.013784937281483339,1.9845318794250488
441056,771.1509856638776,500,False,0.1754636276861481,True,0.013768620211052202,1.8883593082427979
441616,694.5875925121766,500,False,0.09908185511966558,True,0.013734484959785747,2.5077664852142334
442416,370.20368422030714,500,False,1.1147977336645247,True,0.013890611776013547,2.180522918701172
443680,683.5047716842249,500,False,0.2412146941656927,True,0.013847526360284594,2.666511058807373
444128,860.615399665448,500,False,0.0706751566743036,True,0.013784019853509428,2.3214550018310547
444272,743.0226882202036,500,False,0.1259113064660128,False,0.013930471474288277,2.478905439376831
445600,596.2510453614697,500,False,0.2989378166106195,True,0.013968422398789669,2.6192140579223633
446480,722.377234179457,500,False,0.12769075145868736,False,0.013798464344248902,6.608053207397461
446848,652.002929498415,500,False,0.07599195365627273,True,0.013478808890311195,2.045271396636963
447632,746.0665233471519,500,False,0.10112119374547326,False,0.013643664610191609,1.7777854204177856
447632,553.2849474303277,500,False,0.4792106101461488,True,0.013643664610191609,1.7777854204177856
447696,675.9524719677607,500,False,0.11819107297256826,True,0.013642831376126976,1.5751641988754272
447712,628.896375953115,500,False,0.47568823248614206,True,0.013663075463645572,1.924027681350708
448112,796.6046938823155,500,False,0.08623579515698343,True,0.013667780893319218,2.9409186840057373
448384,750.400629423178,500,False,0.46887698799092986,True,0.013591553778167427,2.5363144874572754
448416,591.7606788546544,500,False,2.6219855622547135,True,0.013538069942782924,2.3891820907592773
449056,648.4986636660884,500,False,0.10659301287058166,True,0.013554347707931656,2.1287851333618164
449616,518.8531903817643,500,False,0.42928432638440556,True,0.013916958742890843,2.1125011444091797
450416,825.7026793609498,500,False,0.06527010278179828,False,0.014069432171831521,2.1662440299987793
451680,497.54586585829446,500,False,0.44502379259211217,False,0.013738495841750317,2.3690690994262695
452128,785.8968670189304,500,False,0.0949311343074799,False,0.013538515919736297,2.605567455291748
452272,669.6647976482427,500,False,0.6331229887555972,True,0.01332504027082539,2.359203815460205
453600,772.3078895510946,500,False,0.14353696709646077,True,0.013350604741645875,2.2681124210357666
454480,673.1319279258232,500,False,0.19528249423138708,True,0.013511131373546655,3.0973832607269287
454848,810.0056914968601,500,False,0.09513481483029661,False,0.013630023399957492,3.1244516372680664
455632,642.726625141237,500,False,0.33423868556946995,True,0.013700473733826561,2.220838785171509
455632,771.6687852257422,500,False,0.4809888526257971,True,0.013700473733826561,2.220838785171509
455696,707.4266105648968,500,False,0.09809910678191049,True,0.013550259513683023,2.036661148071289
455712,693.3331160056736,500,False,0.10368081217408812,False,0.013512896691394077,2.819136619567871
456112,585.3467400519256,500,False,0.3638380041170091,True,0.013501075564859253,1.7162882089614868
456384,795.6864571980753,500,False,0.15210016736347653,False,0.013292080114216856,4.066938877105713
456416,599.5852019617233,500,False,0.1901824824838213,True,0.013328663968735872,1.9291467666625977
457056,688.4743472216688,500,False,0.5549288522184639,True,0.01330544439856674,2.054783582687378
457616,742.086271507532,500,False,0.09456616992976165,False,0.013326326680473547,2.2280659675598145
458416,776.0874723280072,500,False,0.06992344827784958,True,0.01340059230416078,2.238579750061035
459680,689.9039775509297,500,False,0.06353286170514713,False,0.013433730381404926,2.068416118621826
460128,738.4539597765184,500,False,0.15287830280906045,True,0.013692220745987162,8.61601734161377
460272,809.5527750900702,500,False,0.16263194869770134,True,0.01366952300054813,2.0564260482788086
461600,739.7211000032337,500,False,0.14590254079277237,True,0.013543597299931856,1.9158258438110352
462480,730.3672028703168,500,False,0.2523345383561232,True,0.01364479133215906,2.2166945934295654
462848,781.3563626853914,500,False,0.0567907003100538,False,0.013285231404174317,1.5309035778045654
463632,767.847376711121,500,False,0.07537412155085839,True,0.01316660786533406,2.2813823223114014
463632,688.9076280735796,500,False,0.12360224745472388,False,0.01316660786533406,2.2813823223114014
463696,754.4493780142117,500,False,0.14077089835372314,True,0.013035438276187316,2.168571710586548
463712,603.7557678788392,500,False,0.24736193025789588,True,0.013024617445247235,2.457751989364624
464112,539.8246758736927,500,False,0.15635782625454883,True,0.013020558530783467,2.4384684562683105
464384,574.0507944036323,500,False,0.9561384131128994,True,0.013035799942548394,1.9451674222946167
464416,621.0427233200442,500,False,0.33087521104694695,True,0.013122414444021437,2.685884475708008
465056,738.6303558922367,500,False,0.16981648171667782,False,0.013138324369697913,2.338960647583008
465616,546.3024014168468,500,False,0.9865534619955795,True,0.013109261098725239,3.2137930393218994
466416,754.9946252725813,500,False,0.09402403744405158,True,0.012986290984003931,2.4003217220306396
467680,746.3990342682799,500,False,0.13555101285957763,True,0.013292214037422971,2.991877555847168
468128,651.1164418860103,500,False,0.45893020629548437,True,0.013555984220340917,6.671749591827393
468272,816.3217091417351,500,False,0.16268799263794945,False,0.013311232117370097,35.28556823730469
469600,591.3172346073098,500,False,0.1905980617987066,True,0.013235980992305992,3.5948939323425293
470480,802.5555290640419,500,False,0.08003159820995882,False,0.013511484635551031,2.4613940715789795
470848,715.0398967766596,500,False,0.15333022071233027,True,0.013533310171966087,2.107962131500244
471632,660.5833463453419,500,False,0.22805697599358776,True,0.013579865222736638,3.354161500930786
471632,823.1719512070588,500,False,0.05381505702453647,False,0.013579865222736638,3.354161500930786
471696,535.3859096780177,500,False,0.41311360437676686,True,0.013481189664036542,2.374290943145752
471712,767.5039488316364,500,False,0.04367214185248347,False,0.013432633417047514,2.1336307525634766
472112,654.6094592858767,500,False,0.1436570077130938,True,0.01342726536481947,3.020202875137329
472384,672.1123922841625,500,False,0.14731862424284506,True,0.01339162503158548,2.0516676902770996
472416,763.6449578863325,500,False,0.1608174409945455,False,0.013387899810737054,2.0612761974334717
473056,720.1247660055395,500,False,0.14015602223635737,True,0.013397432692016853,1.6656852960586548
473616,712.5866116477052,500,False,0.13115836294300426,True,0.013491822454357857,2.7282445430755615
474416,855.6366753363527,500,False,0.009456927348808243,True,0.013619423970183092,2.2506840229034424
475680,751.9326516858486,500,False,0.04801327518984585,False,0.01371616252271921,1.8611998558044434
476128,692.5544913101178,500,False,0.1565461597501951,True,0.013606129384690734,2.4641714096069336
476272,671.3108752251295,500,False,0.08639188697822496,True,0.013596987963996882,2.0590901374816895
477600,489.6600940323714,500,False,0.6349534286671512,True,0.013584052549677015,1.6179685592651367
478480,600.1947473086716,500,False,0.4130022740320232,True,0.013243580472470016,1.864680290222168
478848,794.8945650513127,500,False,0.03765527495182761,True,0.013180176142316721,2.8461081981658936
479632,719.9482120296752,500,False,0.3922822286775789,True,0.013290451577743148,3.0154764652252197
479632,639.9981336451824,500,False,0.39034377397852527,True,0.013290451577743148,3.0154764652252197
479696,591.8917818363656,500,False,0.3767410452771977,True,0.01315283853805245,1.558349370956421
479712,799.6311433854223,500,False,0.06273612896784844,True,0.013123729986250063,2.2521536350250244
480112,744.9373906364195,500,False,0.15184805445901953,True,0.013112440113756296,2.6303951740264893
480384,545.385632906057,500,False,0.4442329752599067,True,0.012989724496842117,1.9395551681518555
480416,762.6703068379544,500,False,0.13104676807785445,False,0.013005724958629762,2.7509326934814453
481056,777.992152718255,500,False,0.21360145046814932,True,0.013013177475801933,2.6804285049438477
481616,779.1987432131759,500,False,0.12160133944852129,False,0.013013818059417327,2.6527955532073975
482416,756.1617891586027,500,False,0.20148773098187472,False,0.012989201867141286,2.235380172729492
483328,175.10789108253047,231,True,2.2090535787055305,True,0.012778307054821624,3.2812273502349854
483680,523.1235576247688,500,False,0.9412988935195595,True,0.01291614664089902,3.426121234893799
484128,717.695307683535,500,False,0.16190199485366422,False,0.012741337275516167,2.6394972801208496
484272,744.85822302583,500,False,0.1468526763478645,False,0.0127797608680169,2.2086501121520996
485600,745.6243761216404,500,False,0.1521974995555729,True,0.0127949338758056,3.081808090209961
486480,773.7748436399565,500,False,0.08517174612981543,True,0.01287185687408154,2.352294445037842
486848,630.4401210100104,500,False,0.24192045152343164,True,0.012838318575428517,2.716923713684082
487632,620.2898632177062,500,False,0.1169782850722059,True,0.012938251044369369,2.054612398147583
487696,667.7665166992655,500,False,0.2564528040248285,False,0.01295664965034141,1.9582639932632446
487712,632.414634878562,500,False,0.13810342177990698,True,0.012975408371970584,1.5307114124298096
488112,714.8998403538974,500,False,0.11816129321690975,True,0.012986712378738108,2.4284791946411133
488384,680.6964805514826,500,False,0.10212228749277835,False,0.013162300784289547,4.01091194152832
488416,741.4445145996841,500,False,0.10898340854988095,True,0.013100111711648934,1.7289745807647705
489056,694.0111629186049,500,False,0.08388052733992524,False,0.013097869759474176,2.506187677383423
489616,894.6127124308555,500,False,0.060910944956627106,False,0.013193933806044503,2.2941393852233887
490416,748.0792547827185,500,False,0.13465978081678667,True,0.013117387142025469,2.1986141204833984
491328,676.4962222359179,500,False,0.20028592028866948,True,0.013005402863897625,2.191802501678467
491680,704.7541557426101,500,False,0.054124617902723535,True,0.013203557121735798,2.1169657707214355
492128,730.1764805470543,500,False,0.3158050581826437,True,0.013249369415456706,3.4387781620025635
492272,693.4657977195177,500,False,0.14035522077777546,True,0.013265872511948074,2.1176366806030273
493600,822.7510328635202,500,False,0.08924130909630913,True,0.013227761005824224,3.8786654472351074
494480,613.4110891546665,500,False,0.17870774824944946,True,0.013311333870307602,2.675598621368408
494848,769.4655963821896,500,False,0.1056190571448747,True,0.013281395327042452,1.8367090225219727
495632,657.5493418140006,500,False,0.1896622770997309,True,0.013208496716098262,2.2714362144470215
495696,783.3573421219357,500,False,0.10811198777693247,True,0.013402736023851763,2.2056431770324707
495712,774.0323261024425,500,False,0.08841041425125605,True,0.013379268793254368,3.1543798446655273
496112,781.676506471543,500,False,0.10668178250481632,True,0.01337740358716051,2.960934638977051
496384,672.7529458710063,500,False,0.23977091526142846,True,0.013346732499757001,2.7169997692108154
496416,804.2420444751232,500,False,0.13435031183027032,True,0.01347455218420806,3.048038959503174
497056,805.038493586768,500,False,0.05471645818356702,False,0.013465728743298747,2.7779438495635986
497616,790.8501516174449,500,False,0.24286356411489962,True,0.013208988867944431,2.050445079803467
498416,578.7791832080306,500,False,1.6169522276602488,True,0.013320476323178954,2.736173152923584
499328,752.5625131668716,500,False,0.09195315330365549,True,0.013308096775341175,1.9813411235809326
499680,575.6061658968601,500,False,1.34348329836501,True,0.01341824544938094,2.6954455375671387
500128,769.2088022800987,500,False,0.08997307656031213,False,0.013367193526559714,2.204028606414795
500272,794.1167700773274,500,False,0.19136944382507903,True,0.013303613775122111,6.338360786437988
501600,802.2913228171149,500,False,0.03177813349144208,False,0.013204330116023764,2.184279441833496
502480,674.0532939962485,500,False,0.1866768252773594,True,0.0132598354777665,1.7562884092330933
502848,676.0906633453849,500,False,0.18954558445199612,True,0.013464660225962181,2.2079591751098633
503632,727.0236594752704,500,False,0.16003624339668449,True,0.013506136254794392,3.3214597702026367
503696,740.6579865317977,500,False,0.043541629754664704,True,0.013648266388951655,1.7389805316925049
503712,728.9999610211304,500,False,0.1330177397017529,True,0.013648351201395835,1.7605218887329102
504112,493.1700997401266,500,False,0.8655429274606957,True,0.013639038032729745,2.0846431255340576
504384,838.9368297137424,500,False,0.028215908448172195,True,0.013671987478534106,2.26641845703125
504416,865.9038632609943,500,False,0.014862690977111787,False,0.01368176290251728,2.3745055198669434
505056,782.9470091006035,500,False,0.06189040683684616,True,0.013679725419572497,2.7829833030700684
505616,640.343045879227,500,False,0.11338036756918007,True,0.013687489606014586,2.299835681915283
506416,806.5169635416839,500,False,0.0890200940660023,True,0.013831067569459838,2.2985236644744873
507328,784.4152456858345,500,False,0.10423139017029268,True,0.013802014013348537,2.4645333290100098
507680,775.2207433940907,500,False,0.14148880280162662,True,0.013786468886342924,2.160719394683838
508128,715.0552457827887,500,False,0.11439165349128115,False,0.013654822954515658,2.453498363494873
508272,776.5054178932984,500,False,0.10357759794565358,True,0.013682906612873816,1.6016881465911865
509600,743.7607157618869,500,False,0.09454834217272451,True,0.013742385820304856,2.512399673461914
510480,859.7412231222783,500,False,0.06281460152397253,False,0.013336437258065808,2.7500011920928955
510848,824.227253961363,500,False,0.032275252269956534,True,0.013474602451492027,3.8361258506774902
511632,808.8677053834516,500,False,0.04909020905993392,True,0.013522407543518893,1.924620270729065
511696,767.6256063441448,500,False,0.09528545120930434,True,0.013552892502483581,1.9425926208496094
511712,701.3196616306602,500,False,0.5522952478509465,True,0.013566854016089126,2.0160675048828125
512112,652.1188627973647,500,False,0.05313368947152974,False,0.013580521212232594,2.434307336807251
512384,821.3544002720074,500,False,0.12306853692201218,True,0.013687437082770659,2.5236120223999023
512416,791.9018097735549,500,False,0.1771188915223659,True,0.013603241275574962,1.3780725002288818
513056,800.4234760029177,500,False,0.0631383501891794,True,0.013568680527030922,3.3116135597229004
513616,748.5396564719799,500,False,0.06321406149245437,True,0.013403751668546944,4.372701168060303
514416,682.7028101148545,500,False,0.0944228211672427,False,0.013413543669241896,3.129399299621582
515328,730.7641787258041,500,False,0.25467708974875053,True,0.013312013889552773,2.0866646766662598
515680,795.3157686464153,500,False,0.08605352504703266,True,0.013115407930034456,3.6059823036193848
516128,612.8291371033503,500,False,0.6759381832263555,True,0.013110617899774161,2.4555768966674805
516272,761.034613689782,500,False,0.07107108459266756,False,0.01309706010780453,2.384026050567627
517600,810.8894964916424,500,False,0.1248412766713991,True,0.013046949761544108,3.5558900833129883
518480,712.8702034846116,500,False,0.09272983470771033,True,0.012818597135575194,1.8052027225494385
518848,711.5349421466337,500,False,0.14301474938445866,True,0.012979535122779821,2.3351504802703857
519632,763.0186436987453,500,False,0.10673893719308057,False,0.013115165300301213,1.675614595413208
519696,573.4680715246511,500,False,0.21504183271210356,True,0.013151542226168312,2.2745628356933594
519712,677.386523654629,500,False,0.250955210773109,True,0.01314183005294468,2.2117161750793457
520112,828.2989772339207,500,False,0.09312243418963875,False,0.013139410442417657,3.195793628692627
520384,704.728067969251,500,False,0.1134008946306238,True,0.01305604873602656,3.5048272609710693
520416,714.4550724963634,500,False,0.08390560023621527,True,0.01301035891347025,2.5777063369750977
521056,818.7617411587768,500,False,0.0829733516999325,True,0.012990370294148654,2.3099539279937744
521616,805.0182786365664,500,False,0.09639600712574024,False,0.013151630934364309,3.185961961746216
522416,786.9064592431596,500,False,0.09546715511263096,True,0.013198000702922241,2.5726394653320312
523328,704.9024575122735,500,False,0.15992284687828862,True,0.013115065667671217,2.2827367782592773
523680,767.1482351489899,500,False,0.1110407910450612,True,0.013107037074156756,4.347963333129883
524128,708.1190913923638,500,False,0.09706034943168715,True,0.013196349544942238,1.7939436435699463
524272,798.2184860891452,500,False,0.10162880748362874,True,0.013219355048515341,2.135568618774414
525600,779.4905960146181,500,False,0.0320461029879951,False,0.013135845524302253,2.30910587310791
526480,696.196837342545,500,False,0.06596781551049047,True,0.013375067884348849,3.470183849334717
526848,815.3777494316025,500,False,0.08782293391086987,True,0.013331212197113192,2.08565616607666
527632,717.1620552391108,500,False,0.08327828389571457,True,0.013501269112933659,1.795281171798706
527696,739.0016854055386,500,False,0.12473214111795278,True,0.013246991803372618,3.9300661087036133
527712,506.6675469733874,500,False,0.26300895243324174,True,0.013209536161287836,1.7032577991485596
528112,737.9022832659906,500,False,0.07145155266632096,True,0.01320022812708423,2.0767011642456055
528384,731.6817429827404,500,False,0.07552806290914636,True,0.013092658125315602,4.306088447570801
528416,772.3701296005535,500,False,0.16053324214670067,True,0.01298651546879062,2.319195508956909
529056,732.3570935503188,500,False,0.15625141009226917,True,0.012985603967162964,2.4765310287475586
529616,741.6024359748073,500,False,0.08587983200618064,True,0.01342554018691032,2.6938247680664062
530416,836.8401987041468,500,False,0.08789436001430649,True,0.013205440284923903,2.2890703678131104
531328,764.319310858932,500,False,0.06771903416219882,True,0.013226085256418885,2.343785285949707
531680,735.5911238782886,500,False,0.24839120661748487,True,0.013112929209599625,2.467255115509033
532128,778.6917379536332,500,False,0.1711298046203942,True,0.012997099346581765,1.857956886291504
532272,788.7305289282214,500,False,0.05658328406315351,True,0.012902776128158192,4.3263325691223145
533600,802.1356407944946,500,False,0.06175203516761059,True,0.012954033951271742,1.8189289569854736
534480,786.0662883097001,500,False,0.0913114958728554,True,0.012781766203646738,2.4209890365600586
534848,791.1267246875922,500,False,0.06782679778883585,True,0.01285531619847607,2.3341431617736816
535632,806.9955113625308,500,False,0.06806780189588409,True,0.013065552296067168,2.8321592807769775
535696,712.0160797596765,500,False,0.19749509259624215,True,0.013368693399732923,2.433244228363037
535712,784.3999278938867,500,False,0.16060616283669282,True,0.013465072911065143,2.5380403995513916
536112,809.559691243891,500,False,0.09859274686274644,True,0.01349123804086795,2.374162197113037
536384,651.1326246014322,500,False,0.18130814255429079,True,0.013456748702790998,2.470320701599121
536416,846.7261151467592,500,False,0.0871499262095242,True,0.013430748835760432,2.0426340103149414
537056,698.0702272338168,500,False,0.08859942018283282,False,0.013421955470997744,2.3576602935791016
537616,742.2231684880757,500,False,0.07684844014262968,True,0.013350951310746572,2.3810105323791504
538416,732.861946350983,500,False,0.037854305958607885,True,0.013424177793811517,14.288113594055176
539328,748.2861547837672,500,False,0.0421799897165938,True,0.013614061667045202,5.709332466125488
539680,703.0363752883129,500,False,0.35029832897831287,True,0.013566839117340716,2.4073691368103027
540128,739.2286874366566,500,False,0.07043479057454846,True,0.01364230706180071,1.609742522239685
540272,749.1214412467693,500,False,0.03436344549967466,True,0.01361059349175422,2.4272704124450684
541600,809.3082753577938,500,False,0.08956065269630034,True,0.013643001837774145,2.6071228981018066
542480,814.1297934550321,500,False,0.015670237433674884,True,0.01363767518559881,17.635147094726562
542848,753.0238137721935,500,False,0.03909494753661851,True,0.013264486109589683,2.017759084701538
543632,773.1644729095773,500,False,0.08492894180458349,True,0.01335098549419448,2.5097484588623047
543696,817.7584700175094,500,False,0.033846913317939854,False,0.01318022192908873,2.0588154792785645
543712,787.197284897688,500,False,0.07717696523023276,True,0.013187457137300252,2.9877982139587402
544112,670.2134946164452,500,False,0.1340005763303976,True,0.013187588469577448,2.263692855834961
544384,752.4240753913626,500,False,0.08852304104943316,True,0.013147112880471898,3.51505970954895
544416,810.9255056008153,500,False,0.07069229280448995,True,0.013212385011314437,2.032426118850708
545056,791.7224447528685,500,False,0.13973959791861532,True,0.013215520695745385,5.370502471923828
545616,845.9369238406827,500,False,0.051875771129139506,True,0.013191589802491055,1.9428789615631104
546416,824.2110233833719,500,False,0.06497618824946502,False,0.013167145468129825,2.2636895179748535
547328,719.5168490573692,500,False,0.06358648973158036,True,0.013298243289228172,6.10004997253418
547680,804.178891396523,500,False,0.014531606066167015,True,0.013403468914175971,1.9351937770843506
548128,858.5645450724431,500,False,0.0306377175870567,True,0.013305598161959867,2.2271833419799805
548272,711.9068560855238,500,False,0.12612002467283132,True,0.013091394955496615,1.9356234073638916
549600,839.7697120291225,500,False,0.05826140023058677,True,0.01311721621227974,1.697156548500061
550480,584.9588389867198,500,False,0.22010273948263442,True,0.012835029041103318,7.694674491882324
550848,902.2519787675624,500,False,0.026250063345294724,True,0.012779442934586568,3.1589112281799316
551632,849.1215975264828,500,False,0.03229852328810303,True,0.0127389390099674,8.110467910766602
551696,761.6403896897405,500,False,0.05424745493488204,True,0.012919569495407337,2.687001943588257
551712,806.1859630340188,500,False,0.054482539758144065,True,0.01292406156994187,1.8537704944610596
552112,808.7322603641811,500,False,0.0690097115420795,False,0.012929675616653744,1.9280245304107666
552384,774.9173368903554,500,False,0.05329412689770053,True,0.01296748161703795,3.1866164207458496
552416,811.4126807869452,500,False,0.05107572636688726,True,0.012928206599225521,2.128779888153076
553056,726.8694557342375,500,False,0.044374795731922365,True,0.01293032136390778,2.309626579284668
553616,779.1781309626741,500,False,0.09567890985003295,True,0.01280160031820107,1.869070053100586
554416,849.587774230687,500,False,0.09425483831238954,True,0.012741220708329549,2.93524169921875
555328,699.5157000877368,500,False,0.3305136392657871,True,0.012947439166291425,3.376284599304199
555680,743.4993147878557,500,False,0.11048961746131927,True,0.012897451610524927,1.8542776107788086
556128,700.7500945407922,500,False,0.17489565987523703,True,0.012976154823311275,3.2894256114959717
556272,815.7151845360494,500,False,0.03462568697781508,True,0.013078419912293748,2.098203420639038
557600,845.8338504250243,500,False,0.06238558735590221,False,0.013096378767167764,2.033517360687256
558480,665.2837893272384,500,False,0.20443286502197663,True,0.012979866199575344,2.6543164253234863
558848,651.2714335894385,500,False,0.16427245567652077,True,0.012998332796338916,2.091270923614502
559632,850.1746550853962,500,False,0.052386959270844295,True,0.01307615753373407,3.658803701400757
559696,791.4126661791222,500,False,0.06597964661327993,True,0.013210934425670472,2.3801493644714355
559712,853.3827879038331,500,False,0.014114220377240517,True,0.013207113176783811,2.207798719406128
560112,856.4875577678786,500,False,0.09505027726576924,False,0.013205896630536774,2.5171632766723633
560384,782.2224431742213,500,False,0.1216383624864336,True,0.013223627240042194,1.95110023021698
560416,744.3676117599268,500,False,0.07929101464216307,True,0.013192813827706557,2.1131649017333984
561056,749.9983695979621,500,False,0.04357247745258134,True,0.013195691501436846,2.045907497406006
561616,664.4822519639924,500,False,0.22272607884370646,True,0.01343688270844603,1.9487906694412231
562416,843.6595504310906,500,False,0.06508045194585058,True,0.013662666849713866,2.883509635925293
563328,756.3247325194561,500,False,0.06467360998752414,False,0.01351349559726935,2.4497504234313965
563680,864.3308932766114,500,False,0.05378044037280118,True,0.01340871593516143,2.0697197914123535
564128,810.6302808103643,500,False,0.10006983832998922,True,0.01327165856789991,1.6808507442474365
564272,653.3871336771367,500,False,0.2890383206682583,True,0.013216261616036862,1.6930843591690063
565600,756.5441823326773,500,False,0.10388232115316974,True,0.013136360619320981,2.762319564819336
566480,776.0817716466662,500,False,0.07806791209178,True,0.013377593649403356,2.284259796142578
566848,785.9244924240224,500,False,0.05745600140034312,True,0.013452425246160025,1.9138942956924438
567632,800.2537102865132,500,False,0.012028000920369061,True,0.01337488655882113,2.0873751640319824
567696,831.629136999672,500,False,0.10370599143885023,True,0.013240858653160352,3.116415023803711
567712,755.7027605686096,500,False,0.10046388633664367,False,0.013263091358047877,1.6513711214065552
568112,712.5013680378634,500,False,0.07968514494816417,True,0.013262795724150381,1.5379743576049805
568384,825.5294299408681,500,False,0.07011327801905287,True,0.01339614486057989,2.2131903171539307
568416,888.8079515209354,500,False,0.05083520671584089,False,0.013474257376454277,7.062097549438477
569056,708.6575592489556,500,False,0.2082067584358383,True,0.01350796597547933,2.745067596435547
569616,760.858934577199,500,False,0.04018768394886505,True,0.013724360539518225,2.1222634315490723
570416,711.2120900575363,500,False,0.11258048783960137,True,0.013798879679204715,4.107849597930908
571328,732.0577708625086,500,False,0.14078777288289554,True,0.013925317576418699,1.8290214538574219
571680,795.7563385681561,500,False,0.04584909317193589,True,0.013653354274115225,1.672816514968872
572128,751.3919834510913,500,False,0.06326303794311708,False,0.013557019937258172,2.292614698410034
572272,724.7216099391652,500,False,0.09975540116909555,False,0.013553689532372813,1.972105860710144
573600,793.7756472299915,500,False,0.048523212773379495,False,0.013550578385152284,6.074357032775879
574480,635.4282393657741,500,False,0.12961750686010237,True,0.013774918734690327,2.366218090057373
574848,792.3356060284278,500,False,0.023434456646349328,False,0.013941119514931679,1.7501678466796875
575632,785.3442968120837,500,False,0.04583482025629322,True,0.013990610977869406,2.280242681503296
575696,837.9742200331701,500,False,0.06464883919451969,True,0.013762994669489896,2.601375102996826
575712,726.481677574692,500,False,0.12980585765003766,True,0.013738627651773772,2.019568920135498
576112,765.7652964936649,500,False,0.09808372992761072,True,0.01373328865539555,2.049940824508667
576384,849.7172161182389,500,False,0.03165570834230962,True,0.013667649955127809,1.73179030418396
576416,841.0660258695511,500,False,0.03165781290536778,True,0.013779209570820029,2.7758994102478027
577056,688.6301214878497,500,False,0.10277593105523207,True,0.013785660513798304,1.7561819553375244
577616,704.3349823696389,500,False,0.08526196909863204,True,0.013664733301661463,1.640715479850769
578416,893.6659266800633,500,False,0.06738176723237402,True,0.013663539631057226,3.3478856086730957
579328,807.9748214708005,500,False,0.18237182141250197,True,0.013478056647408318,2.038177490234375
579680,735.3578734908867,500,False,0.11867547449959222,False,0.01348962377423292,2.0385289192199707
580128,699.5284757888185,500,False,0.6158902074801377,True,0.013439727997873047,1.8364413976669312
580272,755.9144344017778,500,False,0.07562727443861865,False,0.0132964352928626,2.432582378387451
581600,786.2706346447374,500,False,0.05325779109305986,True,0.013352815483024706,1.6747126579284668
582480,772.2127328242018,500,False,0.1438531339279426,True,0.013203307042359818,2.019726514816284
582848,806.236235124704,500,False,0.01621400613192705,False,0.013288553367316039,2.0689406394958496
583632,692.4532118302167,500,False,0.1718916303872953,True,0.01323479785960022,2.042360544204712
583696,716.673596286308,500,False,0.1346744244007874,True,0.013092408939266394,1.6924207210540771
583712,568.9491294119149,500,False,0.3404240628853501,True,0.013104103214390662,2.072119951248169
584112,606.1949991923724,500,False,0.4898294738003918,True,0.01311592477574115,2.3428778648376465
584384,760.0137256118524,500,False,0.23698177171806506,True,0.013280224291116508,2.5737380981445312
584416,690.3798948610503,500,False,0.2736986755039402,True,0.013447718429782322,2.353687286376953
585056,815.0184377907777,500,False,0.23470112436395452,True,0.013479888366145769,2.02286696434021
585616,676.9590995061367,500,False,0.2672279893087078,True,0.013434933946211605,1.670539140701294
586416,725.8346491919727,500,False,0.09604793707214312,True,0.01332822831608459,1.6980189085006714
587328,791.4540308932845,500,False,0.08572849700999118,True,0.012900675442728748,2.397406578063965
587680,763.2046172901183,500,False,0.22384236676069993,True,0.012747565736277146,2.083116054534912
588128,767.7869338096971,500,False,0.05577193619431713,True,0.0127170225142902,1.9557976722717285
588272,724.7684866248057,500,False,0.07613647004439818,True,0.012557162876045835,2.089191198348999
589600,749.5144291423023,500,False,0.0948110185762962,True,0.012602803058905132,1.8792695999145508
590480,751.4846161071372,500,False,0.09644975413259872,True,0.01264937988255381,1.715636134147644
590848,783.6624033593392,500,False,0.08886294426269055,True,0.01269179098962093,1.843839168548584
591632,825.6622234819682,500,False,0.04237062943310504,True,0.012563018742545092,1.5862469673156738
591696,883.1229362641343,500,False,0.03563404522286648,True,0.0126313495448107,2.094849109649658
591712,755.4780423541478,500,False,0.06577310039815752,False,0.01262154785912493,1.4849538803100586
592112,797.7658831780543,500,False,0.10032330162666009,True,0.012622529606148443,1.5286614894866943
592384,886.1921705051923,500,False,0.0423460339555089,True,0.012752568847573049,1.7120144367218018
592416,840.1303069751868,500,False,0.04457778579294335,True,0.012714226530490204,1.8694851398468018
593056,782.3034247508523,500,False,0.027899588926902624,True,0.012708563585399962,2.4236555099487305
593616,792.6876170347314,500,False,0.02023668367928962,False,0.012740945656228485,2.01544189453125
594416,782.1971750931795,500,False,0.1320815785250405,True,0.012770784528047826,2.327096939086914
595328,677.0444412285758,500,False,0.244682405581473,True,0.012785115827563424,2.311046838760376
595680,778.8897422447923,500,False,0.061182611684536835,True,0.012716391719277699,1.598104476928711
596128,664.0833752571531,500,False,0.22020827904923393,True,0.012665544006519888,2.6592326164245605
596272,813.6809784335035,500,False,0.09897411476872749,True,0.012710470006495724,2.6147584915161133
597600,744.1959910048959,500,False,0.2516524554290134,True,0.012736341411722607,2.142664909362793
598480,769.2822816704,500,False,0.10760419764675426,False,0.0128613439938274,1.815364122390747
598848,764.76343766771,500,False,0.09220252277011888,True,0.01283270509408378,1.8566457033157349
599632,824.6862660655405,500,False,0.10884918908315087,True,0.012698394638013102,2.633430004119873
599696,776.5739539577702,500,False,0.06820469971528403,True,0.012584088078646645,2.0045480728149414
599712,835.4384875916251,500,False,0.02735526095868438,True,0.012566179859163166,2.567578077316284
600112,884.5054416567924,500,False,0.06601538798122261,True,0.012444302483247202,2.236799716949463
600384,817.1924749017419,500,False,0.14684763649692234,True,0.012477734380955233,2.0269503593444824
600416,790.7877568949685,500,False,0.10932901694101907,True,0.012543528774556705,2.1086478233337402
601056,838.6419920946734,500,False,0.04410235812745164,False,0.012533292474462854,2.1532154083251953
601616,664.29716479217,500,False,0.13077049773441612,True,0.012455543240308693,1.9156990051269531
602416,856.3409126210964,500,False,0.08326587267526588,True,0.012465211952885358,1.8977469205856323
603328,806.8337157617002,500,False,0.08148582755322277,True,0.012505086319639848,1.9909234046936035
603680,818.0204867419734,500,False,0.05850704166276423,True,0.012247357754771617,1.8403263092041016
604128,662.0089221132079,500,False,0.20114479836460777,True,0.012333273064326206,2.5363829135894775
604272,756.7573952595052,500,False,0.0699361433674698,True,0.012230889893287009,4.324159622192383
605600,709.2022247347052,500,False,0.6068697288081992,True,0.012242527316164197,3.4192724227905273
606480,860.4451473246047,500,False,0.027979192712456143,False,0.012292969446112932,2.093047618865967
606848,797.1153002069052,500,False,0.05676939376453808,True,0.012262596193381178,3.587747097015381
607632,769.5643721283311,500,False,0.052092918135505685,True,0.012394775542231685,2.549808979034424
607696,767.8041905263156,500,False,0.10368632828630531,True,0.012477209956586736,2.5825579166412354
607712,796.923318785072,500,False,0.08674175962282539,True,0.012497934448582602,2.7011208534240723
608112,827.5474633735198,500,False,0.071127899200286,True,0.01250228501446151,1.7268397808074951
608384,809.1912277319714,500,False,0.051583242199740593,True,0.012604009495992744,1.6323436498641968
608416,768.6173547412199,500,False,0.13807598111301356,True,0.012705242203752711,1.7626960277557373
609056,836.7862329686382,500,False,0.03382165447012549,True,0.01271366314533167,1.7508137226104736
609616,750.8920939456907,500,False,0.09776908693772639,True,0.012707119722622492,1.9992413520812988
610416,771.8502904810936,500,False,0.057909332263617865,False,0.01263391798208648,1.7911243438720703
611328,810.3081326677552,500,False,0.07052079610908736,True,0.012469266438162468,1.7416317462921143
611680,838.6017066003108,500,False,0.03906429993897299,False,0.012499578558853284,1.8455818891525269
612128,690.4805071617975,500,False,0.054621584771195636,True,0.012479907122614145,1.980124831199646
612272,787.4125812734145,500,False,0.056060714997954966,True,0.012361395142507847,1.5984827280044556
613600,891.3057473368427,500,False,0.019241848248652826,True,0.012382051233804987,1.877868413925171
614480,904.1737719100021,500,False,0.03314610478652896,True,0.012278676865539805,2.472686529159546
614848,814.3952150659381,500,False,0.06414753469832243,True,0.01221175570895681,3.223393201828003
615632,765.596548966898,500,False,0.12322023675225091,True,0.012443154745247527,2.0532145500183105
615696,875.5033266012653,500,False,0.07709752122939191,True,0.012420943229068426,1.9455565214157104
615712,795.8439520687208,500,False,0.05922184921228897,True,0.012424288581898145,1.472642421722412
616112,888.6494315050535,500,False,0.0539583400894406,True,0.012429953327325943,2.125389814376831
616384,774.1722958021479,500,False,0.06895085870519894,False,0.012296328506194965,2.9302616119384766
616416,745.0267926152907,500,False,0.24929007844164222,True,0.012404715502653037,3.9125664234161377
617056,833.0296614921855,500,False,0.042241111887828725,False,0.012414153849986894,1.8245854377746582
617616,800.9078392092977,500,False,0.06336287425237619,True,0.012467619763419568,2.142723321914673
618416,764.9379564797032,500,False,0.06878395437653646,True,0.012439192032085676,2.506462574005127
619328,825.9297291309664,500,False,0.04981697490911064,False,0.012486198372201017,2.4710183143615723
619680,735.3533888239871,500,False,0.09483817418176141,True,0.012529467330622596,2.1611647605895996
620128,766.6877793515122,500,False,0.0478437653113192,True,0.01257867567785054,1.8325762748718262
620272,765.9643616000983,500,False,0.1045982596055158,True,0.012528943396465124,1.9354736804962158
621600,740.4991468876187,500,False,0.10232311045892321,True,0.012484371802357635,3.08919620513916
622480,824.354392684817,500,False,0.18758331351716026,True,0.012458930849472737,1.8648347854614258
622848,672.3788431728291,500,False,0.39124981851301593,True,0.01272973426484879,2.995098829269409
623632,804.5421693094369,500,False,0.023608693730841172,False,0.012739889980230448,1.6805200576782227
623696,791.5355624576105,500,False,0.06327892147418529,True,0.012529579590899127,1.7435665130615234
623712,783.0021808492489,500,False,0.04169561691293261,True,0.01247255701013886,2.4945037364959717
624112,804.9979575002128,500,False,0.03911377847228368,True,0.012457754579024505,2.379608154296875
624384,821.0645554730363,500,False,0.08927464472950186,True,0.012604115458843048,2.9152190685272217
624416,664.5332407856806,500,False,0.2409414271612265,True,0.012783780749969269,2.0917317867279053
625056,857.2698107668936,500,False,0.0548275103683072,True,0.012821546683777892,1.980592966079712
625616,686.0670966003622,500,False,0.4477818730094944,True,0.012942693630336398,2.083662986755371
626416,746.4384683644513,500,False,0.19133945068556224,True,0.012795106226070233,1.986519455909729
627328,692.3028930623103,500,False,0.19903177143401438,True,0.012766862349607822,1.2914385795593262
627680,720.4215570276698,500,False,0.1689540438425529,True,0.012681759822056965,1.4639735221862793
628128,750.6708488204429,500,False,0.11392192841744818,True,0.012676438073416821,2.0144217014312744
628272,801.0699827220922,500,False,0.10772528776461611,True,0.012528658208173383,1.637797474861145
629600,702.39761632194,500,False,0.10668972984706344,True,0.012571015299270879,2.342442512512207
630480,774.3675636522994,500,False,0.152212294668484,True,0.012736414343766456,2.056497812271118
630848,809.6952203316898,500,False,0.14682583964787127,True,0.0128572941416764,2.8785321712493896
631632,794.0100657743551,500,False,0.08114389625146051,True,0.012971096061942916,2.2212958335876465
631696,742.2056904763195,500,False,0.12262119922577892,True,0.012878283743893661,1.9458670616149902
631712,809.232931675631,500,False,0.09604352503899002,True,0.012877927313774712,2.645657539367676
632112,868.9700457256293,500,False,0.06457534834669033,False,0.012884177410566206,1.7566754817962646
632384,785.3745760001384,500,False,0.08680570622124618,True,0.012983078111174513,1.8149653673171997
632416,677.4567802155284,500,False,0.18325566360391304,True,0.012962469831746261,2.5017778873443604
633056,740.5970769378433,500,False,0.06625191402441606,True,0.012952605049828396,1.5650899410247803
633616,730.3881040883695,500,False,0.13277399033753864,True,0.012694599726005805,1.7390079498291016
634416,753.9313112399436,500,False,0.20841905098027994,True,0.012468851063474236,7.692290306091309
635328,783.3732751904748,500,False,0.15564953407456922,True,0.012338538384427028,1.7257003784179688
635680,646.178229860167,500,False,0.20833459232271206,True,0.012874041656859816,2.1394214630126953
636128,793.9270642521856,500,False,0.13368660364305002,True,0.013023447928655554,1.919132947921753
636272,667.0489549664378,500,False,0.11983666959592501,True,0.01291496938774951,1.7339677810668945
637600,714.3443096448485,500,False,0.1699773099850136,True,0.012920214036899063,1.7867059707641602
638480,818.6958652731465,500,False,0.12641828017112175,True,0.012451970341804001,1.83938729763031
638848,756.9635284226313,500,False,0.2058205648148087,True,0.012632393925197742,2.067129135131836
639632,826.3884370902445,500,False,0.061184281769982043,True,0.01260732844191117,1.4845330715179443
639696,843.1019067005981,500,False,0.06302068569564222,True,0.012652926194800056,2.0017008781433105
639712,730.8333870434508,500,False,0.1499710922866779,True,0.012656231638854541,2.0173425674438477
640112,774.8156495399287,500,False,0.1340871041856572,True,0.012655197120708925,1.5731937885284424
640384,833.1845836299492,500,False,0.11150531271224895,True,0.012590968894015191,1.8429491519927979
640416,818.1024275734362,500,False,0.06541235203796143,True,0.012574292049459434,2.286093235015869
641056,535.4150343870845,500,False,0.38504150960579236,True,0.012577162390838946,1.6694587469100952
641616,779.1086606355033,500,False,0.11415763102803492,True,0.012670333348461429,2.3927559852600098
642416,807.2124045467926,500,False,0.05578013659635664,False,0.01264896610757061,1.7318251132965088
643328,786.2557625583089,500,False,0.13489896203601887,True,0.012911010794077096,2.301968812942505
643680,634.9918780085465,500,False,0.17367418313276492,True,0.012828984753298002,1.7137041091918945
644128,797.1073939213152,500,False,0.06871539657521229,True,0.012804850395624047,1.9850740432739258
644272,868.3371195141625,500,False,0.07897611049583939,False,0.012834273372461147,1.7656457424163818
645600,852.62337617032,500,False,0.03629188966130464,True,0.012897656708856344,2.711163282394409
646480,812.6353714838859,500,False,0.05957313338484017,False,0.012660141251777095,2.3443098068237305
646848,772.3240370079809,500,False,0.18648538091010597,True,0.012554313445191725,1.604121446609497
647632,784.633040994211,500,False,0.03721923367348001,True,0.012643558956108912,2.1202609539031982
647696,831.6928503842906,500,False,0.031853713969294595,True,0.012799818838448503,1.945278525352478
647712,753.8016749225995,500,False,0.07455461872018943,True,0.01278596140675002,1.8384270668029785
648112,789.2268873633365,500,False,0.062391381601113564,True,0.012777939440174956,2.116952419281006
648384,878.3475307400888,500,False,0.07059033168866073,False,0.01279768742751909,2.3332881927490234
648416,813.3744631007538,500,False,0.08134273411418602,False,0.012726966265601007,1.8775027990341187
649056,838.0269698299695,500,False,0.07206552029335758,True,0.012727816092830349,2.6682066917419434
649616,817.274483490552,500,False,0.037219352871067576,True,0.01285087736537885,2.9175939559936523
650416,767.7068577355734,500,False,0.05042973041980903,True,0.012706969934411106,1.9057010412216187
651328,735.2477763225952,500,False,0.1691610349357929,True,0.012692793194333803,1.9200072288513184
651680,875.3637880002092,500,False,0.06569821534043588,False,0.012871689884581629,2.1441736221313477
652128,768.3947095074369,500,False,0.11776671849236169,True,0.012644087564535824,2.105285167694092
652272,840.2137303675904,500,False,0.03220389598230387,True,0.012496674575426959,1.8237603902816772
653600,769.931277649439,500,False,0.15422409590630481,True,0.012440935881184098,2.1763875484466553
654480,825.0851643266969,500,False,0.027012519278867525,True,0.012384599893031237,2.6084280014038086
654848,797.8988238031011,500,False,0.1435429650139293,True,0.012356561766521501,2.142787456512451
655632,723.1131545092921,500,False,0.10139093877486874,True,0.012357029621217012,1.5877842903137207
655696,738.2284886675674,500,False,0.11294925247474268,True,0.012343189076613064,1.553145408630371
655712,777.348436778693,500,False,0.12382003932823436,True,0.012346746864949633,1.7552342414855957
656112,782.0183905922253,500,False,0.07821354654433846,True,0.012346668307506482,2.1042866706848145
656384,744.5471323135107,500,False,0.08681689841836877,True,0.012420960185879076,2.2591805458068848
656416,731.6466746017159,500,False,0.11725326889711431,True,0.012545210568347395,3.1802256107330322
657056,783.9598880037456,500,False,0.029043979070682777,True,0.012565396002934121,1.7022349834442139
657616,732.8387143276597,500,False,0.3995082114168631,True,0.01263933571723358,1.749365210533142
658416,823.196288817906,500,False,0.058031947623815125,True,0.01271330191520549,1.8883240222930908
659328,853.3032973380142,500,False,0.07747537183898814,True,0.012787378761241933,2.0560874938964844
659680,816.5051099270747,500,False,0.10371039377670307,True,0.012918128322942491,2.187723159790039
660128,825.8104240721377,500,False,0.03306135458864717,True,0.012954124674182927,1.519784688949585
660272,882.4112894938659,500,False,0.06399876012851174,True,0.01282865276130838,1.6416579484939575
661600,794.724742921619,500,False,0.030215784221530054,True,0.012797826883333075,2.1664185523986816
662480,890.2369811157388,500,False,0.045300521441217476,True,0.012634854088418707,2.1839160919189453
662848,852.0461552884824,500,False,0.05128229024386003,False,0.012683449993261165,16.406211853027344
663632,731.8143416336499,500,False,0.14313197268020514,True,0.012732258052381205,2.2293529510498047
663696,773.4774674143815,500,False,0.04930110782776896,True,0.012789629935990789,1.769972562789917
663712,839.5054238007738,500,False,0.05669521583311166,False,0.0127292139660689,1.6674749851226807
664112,820.5710158701266,500,False,0.06655199268206623,True,0.01272054408490931,2.1529760360717773
664384,776.0538663442982,500,False,0.09642525583145581,True,0.012656782204003056,1.8748893737792969
664416,921.1923007426473,500,False,0.0280925478405971,False,0.01272150267261152,2.3980579376220703
665056,827.1493415378212,500,False,0.08824499378460773,True,0.012728903991038598,1.763659954071045
665616,825.869093063906,500,False,0.15635134836829598,True,0.012918658352201549,2.7656548023223877
666416,821.0263000452516,500,False,0.08839993901143833,True,0.012784588033382591,1.595282793045044
667328,739.3134820540612,500,False,0.1392990513667463,True,0.013040994184684337,2.120197057723999
667680,679.5048407028396,500,False,0.2306452048842085,True,0.012891972477383565,1.9737229347229004
668128,821.672252178699,500,False,0.03817553964764636,True,0.012851195571187935,3.364647388458252
668272,817.1805522902154,500,False,0.03598346957707529,False,0.01286658510914774,1.8746354579925537
669600,757.6608355155737,500,False,0.12843263241605235,True,0.01281933385821895,1.709614634513855
670480,794.1779086831584,500,False,0.0720849635687139,True,0.012623048802735968,3.5599162578582764
670848,752.0217483569859,500,False,0.04908665475072722,True,0.01242957298788105,1.7314302921295166
671632,738.914562270932,500,False,0.30307487925621945,True,0.012292619966214635,1.7213079929351807
671696,808.8571514440639,500,False,0.04960767758054359,True,0.012261093424577433,2.2869873046875
671712,837.942423468826,500,False,0.03745450349323322,False,0.01225495394596021,1.983488917350769
672112,800.6542997237601,500,False,0.055979299991601415,True,0.012258810993372428,2.3391079902648926
672384,710.4001684632634,500,False,0.31724484122561014,True,0.012382249179640896,1.7424402236938477
672416,859.9508687479401,500,False,0.0883330477611895,True,0.012420228608678939,1.4813987016677856
673056,791.0005193290442,500,False,0.09223905977351708,False,0.012412443293396833,1.7605416774749756
673616,801.1435265316625,500,False,0.010399826916338952,False,0.012428555269975508,2.1866257190704346
674416,780.548907203544,500,False,0.043540875651545345,True,0.012619900141472002,1.9710723161697388
675328,763.4116419397184,500,False,0.04081684493832379,True,0.01286233388751638,1.6885998249053955
675680,833.7732883121691,500,False,0.07028835308765757,True,0.012967933172958055,2.479369640350342
676128,788.9110249452202,500,False,0.10756683998727364,True,0.012874780630798617,1.92620050907135
676272,845.0470281037403,500,False,0.028095327867622637,True,0.012853693213601764,1.5109225511550903
677600,718.4598443150724,500,False,0.053239319439493976,True,0.012897101204640153,2.662109851837158
678480,798.6670646176202,500,False,0.08906991481437468,True,0.012808342616129266,1.5841333866119385
678848,822.3420286038078,500,False,0.049482881756065744,True,0.012810119920546701,1.8483912944793701
679632,777.0141242244376,500,False,0.08566435219720082,True,0.012757463619371964,1.520737886428833
679696,774.8515382092152,500,False,0.029038285842889887,False,0.012856012043598484,3.417588710784912
679712,821.4949945550887,500,False,0.03596153855842914,True,0.01283076363422651,2.897433280944824
680112,876.0325208033071,500,False,0.049565970157373865,True,0.012827799646863883,1.7016948461532593
680384,827.1689182495007,500,False,0.02103373525637539,True,0.012792784463415051,2.2322795391082764
680416,818.3789856534826,500,False,0.1520100191534796,True,0.012622539493260424,1.3523625135421753
681056,780.3177557868277,500,False,0.07728136695772764,True,0.012614896600766876,2.110299587249756
681616,816.0595810968721,500,False,0.11855005673521787,True,0.012673544782174806,1.749377727508545
682416,716.8270824859108,500,False,0.2144215913354104,True,0.01246339326036851,2.216923713684082
683328,751.6426219436947,500,False,0.059071458277809574,True,0.012546971589113012,2.092639446258545
683680,732.2336207153795,500,False,0.2367894759887078,True,0.012686977585298147,1.5957509279251099
684128,858.3104638700786,500,False,0.08509351808048703,True,0.012606791042981,3.879812002182007
684272,800.3530957392646,500,False,0.09980454995706324,False,0.012522586036922445,2.555583953857422
685600,806.9844816917471,500,False,0.08492698439683039,False,0.012559884694607257,1.887326955795288
686480,836.3197288978679,500,False,0.03527950355269694,False,0.012702493698006261,1.4569673538208008
686848,898.1293935309407,500,False,0.019439594416967083,True,0.012575264492391984,2.5273380279541016
687632,850.2611668941115,500,False,0.025266912118612095,True,0.012553535238830042,2.1650333404541016
687696,820.5785521931091,500,False,0.06118894424019329,True,0.012345988451619824,1.7561564445495605
687712,785.8467913585434,500,False,0.054923467921769345,True,0.012346353674566157,2.65745210647583
688112,676.59337362159,500,False,0.16807754066572494,True,0.012349864441681112,1.4149699211120605
688384,748.1385581421329,500,False,0.11353213330657161,True,0.012477444261234967,2.8803505897521973
688416,755.9649504832092,500,False,0.04979727818287162,True,0.012402878453405672,3.7010538578033447
689056,799.9512073019166,500,False,0.022512396400559742,False,0.012392375863042931,1.8985486030578613
689616,812.1407465436992,500,False,0.053574045709592275,False,0.012407974944055449,1.577216625213623
690416,801.8536366053423,500,False,0.04095405225774923,True,0.012671320341330063,2.6392273902893066
691328,836.539239308319,500,False,0.022586640846724546,False,0.012730609337956863,2.196007490158081
691680,823.819536546959,500,False,0.0758733318117091,True,0.0129561937552963,5.025618553161621
692128,752.886295527503,500,False,0.15892503706760785,True,0.012971971640163768,1.965723991394043
692272,817.5349592300759,500,False,0.061542866437624175,True,0.012870004199494836,1.952852487564087
693600,733.5998760760978,500,False,0.13570914719237978,True,0.012823411767333403,1.9809532165527344
694480,893.6718478533523,500,False,0.037374411386121846,True,0.012572310547293727,2.042881965637207
694848,769.9909669270502,500,False,0.09389433779926029,True,0.012597748799185918,2.1714019775390625
695632,774.2062281555601,500,False,0.044164008612371616,False,0.012584113341581419,2.0465784072875977
695696,760.9996354548405,500,False,0.05690085002520074,True,0.012650208511380785,2.196291446685791
695712,903.9106582347262,500,False,0.01187437598176429,True,0.012657377848820647,1.610856056213379
696112,837.210365809344,500,False,0.02053096136041865,False,0.01266146933394406,2.236403465270996
696384,871.5792456997932,500,False,0.03904685342648496,False,0.012801337286760873,1.7398731708526611
696416,854.0989089757151,500,False,0.05608929990668177,True,0.012869967798955438,3.0937654972076416
697056,841.9523859424614,500,False,0.034868233176373734,True,0.012889579866668503,1.754472255706787
697616,814.9523922633609,500,False,0.04052272437025195,False,0.012956990302786596,1.4694693088531494
698416,806.6983966463973,500,False,0.01405994343687408,False,0.013010358923114708,1.5959792137145996
699328,827.3359648942395,500,False,0.06188214550949621,True,0.012757466072494,1.951949119567871
699680,730.0818285403167,500,False,0.07291131252741899,True,0.012665985590223553,1.7588260173797607
700128,838.3451274817734,500,False,0.0360754053396751,True,0.012800255498786656,1.9085593223571777
700272,789.9526367085001,500,False,0.12786828858107102,True,0.012765096733092883,1.9309892654418945
701600,766.2607728431807,500,False,0.10513801839421405,True,0.012741124701292905,1.9951136112213135
702480,838.1368836411226,500,False,0.14083360036446047,True,0.012664565974742357,1.4745901823043823
702848,776.6388895234476,500,False,0.08891428565933086,False,0.012445103930835205,1.6742721796035767
703632,847.3873208828905,500,False,0.09332456584100528,True,0.012360568640456617,1.5048410892486572
703696,834.4455246523844,500,False,0.04526131650821742,False,0.012398190475423152,1.777169942855835
703712,738.4616433227027,500,False,0.0711072028214098,True,0.012402363647507932,1.3303412199020386
704112,808.7969085481632,500,False,0.057478760767532285,True,0.012401202310800838,1.5114091634750366
704384,824.5275682289104,500,False,0.06970655566588341,True,0.012332492923719558,1.7197728157043457
704416,815.3514883123108,500,False,0.03514158435980929,False,0.012407654306258873,1.6771562099456787
705056,725.34140506891,500,False,0.11747367417810248,True,0.012413157298145726,1.8629415035247803
705616,866.5378637477584,500,False,0.03630001577414534,True,0.012373638147067382,2.293236017227173
706416,852.7150345335685,500,False,0.05613000588230808,False,0.01216969914353718,2.656871795654297
707328,818.0366783295605,500,False,0.06080702017567033,True,0.012091271880026308,1.664273738861084
707680,819.2979879923553,500,False,0.05115641483830342,True,0.012419088552782292,2.2819666862487793
708128,797.8248352288756,500,False,0.06501048293306658,True,0.012485384885370637,1.9410181045532227
708272,838.9004315786872,500,False,0.041966477871861065,True,0.012335529378224975,3.790003776550293
709600,808.6343737529945,500,False,0.06060398177283684,True,0.012323442921377995,2.383230447769165
710480,739.8886410592721,500,False,0.19034597915384788,True,0.012008367267616971,1.7549868822097778
710848,846.086679849289,500,False,0.02024784126573102,True,0.01200508533565781,1.6517620086669922
711632,612.2294375128441,500,False,0.1965990277983478,True,0.011864733083424395,2.2199368476867676
711696,829.8053365417745,500,False,0.05347491315584685,True,0.011997764987268872,4.856619834899902
711712,787.458356181523,500,False,0.06583188332323296,True,0.011984882333797643,1.7850723266601562
712112,810.6355288454998,500,False,0.05625285619555198,True,0.011984982288257883,1.3691339492797852
712384,742.7766199573219,500,False,0.12890860518835573,True,0.012021441768699107,2.706610679626465
712416,775.1324143843171,500,False,0.12386794104338007,True,0.01202046413514926,1.9830350875854492
713056,880.3311798282558,500,False,0.09002861897755993,True,0.012014466915291509,1.4972047805786133
713616,722.155623708503,500,False,0.17577562585986764,True,0.011938446134165493,1.8928472995758057
714416,840.1014887149627,500,False,0.009803441384630225,False,0.012109415330037473,1.7726428508758545
715328,825.682041389332,500,False,0.046461332754798565,True,0.012195850439938115,1.873284101486206
715680,797.3949321841402,500,False,0.02984752422193248,False,0.012172655595334337,1.708673357963562
716128,866.7753462152828,500,False,0.03932199673002464,True,0.01212235731462577,1.8962342739105225
716272,798.9074480835676,500,False,0.055513998560226596,False,0.012214653180570237,1.7111399173736572
717600,721.4203073911846,500,False,0.12538289200603236,True,0.01219747269852801,1.5190565586090088
718480,693.9605098297229,500,False,0.21105039145807525,True,0.012463886648141456,2.42000675201416
718848,699.2481387132575,500,False,0.12501110842828062,True,0.012509172314884116,1.8441650867462158
719632,771.9807575934958,500,False,0.07324581065922749,True,0.012276158907410465,2.31900691986084
719696,752.488339353584,500,False,0.0706916492002184,True,0.012050689909620344,1.95436692237854
719712,729.2813927870477,500,False,0.17415898618626904,True,0.012021191633764344,1.9800817966461182
720112,760.5198506712397,500,False,0.05584406344570578,True,0.012017532038639011,2.290260076522827
720384,709.3680452373333,500,False,0.10861169952357684,True,0.012005220220874394,1.9081707000732422
720416,791.7226324342465,500,False,0.1675575514275138,True,0.01188996630164738,1.5344315767288208
721056,799.559905833294,500,False,0.022847226015972475,False,0.011877857326385483,1.619142770767212
721616,735.119280627776,500,False,0.04556688759583721,True,0.011845194027953674,2.038483142852783
722416,875.4972385435728,500,False,0.08350215506104731,True,0.011769154456809853,2.5337328910827637
723328,729.342177978304,500,False,0.03506088519935056,True,0.011979039126077038,2.1958515644073486
723680,800.2806528104754,500,False,0.0997654680988351,True,0.012296994693886851,2.3630471229553223
724128,777.2009491537085,500,False,0.09040869286119493,True,0.012190792601367342,1.9781643152236938
724272,886.9123191614534,500,False,0.07275644859003459,True,0.012176038030055562,1.9789049625396729
725600,813.6700005922363,500,False,0.15289940237330196,True,0.012151190329654026,2.4114465713500977
726480,824.1818019997928,500,False,0.017123923044334795,False,0.01214313772156232,4.439311981201172
726848,784.6750048642656,500,False,0.13122768886402858,True,0.012193178195906164,1.8149375915527344
727632,829.4084334358157,500,False,0.0524388341994732,True,0.012291107316369728,1.9457085132598877
727696,856.6728310508713,500,False,0.13577333827116012,True,0.012339819931956784,1.6276512145996094
727712,839.3403234825081,500,False,0.038830127617737395,False,0.01232360290881075,2.2913122177124023
728112,830.3321397495313,500,False,0.04304440102729681,True,0.012319515788074453,1.695393681526184
728384,830.5132958957633,500,False,0.05616624207609643,True,0.012231248463065315,1.5216968059539795
728416,776.9099342866316,500,False,0.04787805445234654,True,0.012204948032880438,1.7111173868179321
729056,788.4236774232293,500,False,0.011876212804559779,False,0.012210200920619042,1.7725915908813477
729616,823.1345426466048,500,False,0.1114918622424846,True,0.012169564823867668,2.291059970855713
730416,800.1709789435073,500,False,0.014670763761093096,False,0.012251971302145179,2.1876163482666016
731328,809.5939959952678,500,False,0.031751524159518055,True,0.012114471625527114,1.790860652923584
731680,752.6347584808624,500,False,0.022609597475709182,True,0.012144248777657386,1.8600659370422363
732128,827.793190388093,500,False,0.06172501485058128,True,0.012148632993961852,1.5895121097564697
732272,708.044916045589,500,False,0.04949837660591321,True,0.012022524098569886,2.122755765914917
733600,756.2320903141423,500,False,0.10303390232724947,True,0.011977744924683136,1.562192440032959
734480,801.0645722473768,500,False,0.054754317454970995,False,0.01153792767279652,1.5656630992889404
734848,797.1243996744861,500,False,0.035569191385079794,True,0.011939564595950877,2.231358528137207
735632,843.0794132262473,500,False,0.033486998522684414,True,0.011971620012437319,2.0537123680114746
735696,867.4885340194356,500,False,0.027960343847177303,True,0.01175920919965212,1.9733972549438477
735712,821.7879472234704,500,False,0.014609030071358374,False,0.011767823714872474,1.5669102668762207
736112,780.8841299543153,500,False,0.06809151426686859,True,0.011768591712403343,1.604015827178955
736384,828.6578558827323,500,False,0.060745826383669564,False,0.011724858785622938,1.7059872150421143
736416,810.2561289815745,500,False,0.015266762942500333,True,0.011768362772073377,2.536691427230835
737056,760.7920691573376,500,False,0.09078232523972579,True,0.011768904795891029,2.345073699951172
737616,754.9560373248181,500,False,0.05092030704458338,True,0.011568794547081955,1.6891849040985107
738416,803.398885240048,500,False,0.021971848494771438,True,0.011833346062660965,4.030961036682129
739328,788.088499533206,500,False,0.041279726107837665,True,0.01208729953319247,2.3082809448242188
739680,781.6874765141035,500,False,0.08880223551729835,True,0.012190819231207368,1.6392178535461426
740128,718.4783541621738,500,False,0.12463429558199422,True,0.012126861009500832,2.25039005279541
740272,673.9218705453455,500,False,0.10447869365395562,True,0.012052650130438556,7.002890586853027
741600,827.0528534966618,500,False,0.05214168319851048,True,0.011998850173829597,2.0770483016967773
742480,745.4823045832768,500,False,0.010830704519069522,True,0.012196635235533153,2.398087978363037
742848,695.5077731124221,500,False,0.16422835853089932,True,0.01202619111586826,1.9283456802368164
743632,822.3736757485211,500,False,0.05953903703161987,True,0.011790304061973511,2.044389247894287
743696,884.1829357862034,500,False,0.03870292908920281,True,0.011745222298014881,1.6090906858444214
743712,801.7331977748106,500,False,0.08812260680174927,True,0.011768399623670068,2.0707855224609375
744112,825.0647115617927,500,False,0.1714194989832846,True,0.011774213653244948,1.8020126819610596
744384,762.8265741949913,500,False,0.10445015278796872,True,0.011943447108659912,1.8017852306365967
744416,824.83703674573,500,False,0.023638621915997853,True,0.01191914567278836,2.1241745948791504
745056,778.7367160344348,500,False,0.3333855363724824,False,0.01193300344993138,2.9785759449005127
745616,848.2320232179374,500,False,0.1770199876564171,True,0.012081116613404561,2.89748215675354
746416,825.3222799847746,500,False,0.026453080376033136,False,0.011815862956450053,1.7215443849563599
747328,628.4919260322154,500,False,0.27591046416401777,True,0.01170436141356499,1.8556773662567139
747680,539.4045149528506,500,False,0.2590036683952974,False,0.011816784573005397,2.983112335205078
748128,811.4277936952369,500,False,0.044316715648688554,False,0.011887110524626675,2.285994291305542
748272,793.89827729547,500,False,0.05454211912211371,True,0.011760584728747817,1.7690320014953613
749600,785.4280901190024,500,False,0.05555638438982843,True,0.011725029980231444,2.182525157928467
750480,863.1719944795747,500,False,0.035314268916963744,True,0.01175233432504651,1.9504504203796387
750848,779.4568356135736,500,False,0.05072501083351982,True,0.011824885733542382,1.8460180759429932
751632,837.0908889216007,500,False,0.05674803064210909,True,0.01172468421534001,2.5051097869873047
751696,666.1021482625049,500,False,0.21024438165740997,True,0.01155571740306332,2.1753692626953125
751712,804.2392396731823,500,False,0.27268527202895815,False,0.011580058503442178,2.1789019107818604
752112,849.5653055326941,500,False,0.08100996041607099,True,0.01158527665024424,1.666686773300171
752384,801.1384677425791,500,False,0.15035723626011857,False,0.011645261585212008,1.5378527641296387
752416,832.0282618930526,500,False,0.04110919293972406,True,0.011632809450448318,1.8897655010223389
753056,826.0714912753763,500,False,0.0883838330445557,True,0.011630017244925097,1.764840841293335
753616,778.9339741123426,500,False,0.0303504419701684,True,0.011852757636906472,2.165168046951294
754416,760.8622321701231,500,False,0.1092697162517914,True,0.011770030656932943,1.981471061706543
755328,838.0124017488531,500,False,0.1274453106519725,True,0.01187748858057578,1.4927226305007935
755680,844.8964227267435,500,False,0.07187407605910158,True,0.01166654537144757,2.5442934036254883
756128,757.037504749431,500,False,0.3366575592758427,True,0.01168743210942758,1.4335309267044067
756272,825.6882826313054,500,False,0.05982160378567955,True,0.01159976515725323,1.853166937828064
757600,823.8508110918048,500,False,0.05588221101289874,False,0.011597859982707006,1.7112886905670166
758480,804.4096634027271,500,False,0.03581443502871488,True,0.011766251587581013,1.7464686632156372
758848,767.849969421416,500,False,0.07324419846817158,False,0.011836775601105383,1.971205711364746
759632,577.9884268677471,500,False,0.08457799648296063,True,0.011825952298026379,2.14740252494812
759696,791.2405781965326,500,False,0.04122150879357063,True,0.01183785586705663,1.9450260400772095
759712,793.8848968342694,500,False,0.05820554404356001,True,0.011837359166083332,2.109340190887451
760112,893.5305138205689,500,False,0.03497739054220317,False,0.011831355085693685,1.479867935180664
760384,808.5833573765016,500,False,0.06135915329907892,True,0.011839155440522987,1.7907023429870605
760416,811.7644095348861,500,False,0.07121750122196889,True,0.011842052698463732,1.9148547649383545
761056,790.693783701036,500,False,0.047256052020847386,True,0.011841689796849008,3.547544479370117
761616,831.0190798739025,500,False,0.08248262129027907,True,0.011810679494840009,1.8256137371063232
762416,791.149269677532,500,False,0.12598156004821923,True,0.011657377998574744,1.7041682004928589
763328,875.986097426231,500,False,0.060000956827811,False,0.011569970339239757,1.8634538650512695
763680,802.1077504002454,500,False,0.12360549452269347,True,0.011561996940010434,2.6574349403381348
764128,741.7162723456373,500,False,0.1195260629521963,True,0.011607367438332112,1.401354193687439
764272,778.9945060737682,500,False,0.043357473798384595,True,0.011559025402191633,1.7526456117630005
765600,820.9973491818602,500,False,0.0819092620145434,True,0.01149768537922486,1.8657499551773071
766480,824.3292296301389,500,False,0.1179112222165669,True,0.011622168910541818,1.8292791843414307
766848,762.0441709912191,500,False,0.11816308902104901,True,0.011624093038274221,1.9224011898040771
767632,795.4605364080908,500,False,0.05008407377853478,True,0.011504720782099685,2.020793914794922
767696,878.2869450484769,500,False,0.0681868607264972,False,0.01146767030628208,1.7665612697601318
767712,795.0974247276874,500,False,0.06887618581955735,False,0.011479997128505554,1.422673225402832
768112,822.6411517108868,500,False,0.035210759909844236,True,0.011483730065155278,2.21384859085083
768384,626.849461593955,500,False,0.13412773019983276,False,0.011522920131803347,1.6990009546279907
768416,878.4236443254763,500,False,0.08718626368863978,True,0.011460762572655802,1.9654431343078613
769056,840.274661212576,500,False,0.07367567519215114,True,0.011458745010053473,3.97930645942688
769616,802.8493636663216,500,False,0.06826331384324215,False,0.011664312907771084,1.7307475805282593
770416,832.5105767621685,500,False,0.05021090990771371,False,0.011749045953043094,1.7723480463027954
771328,788.6778071055296,500,False,0.011176875278569538,False,0.011954636954762416,2.040919303894043
771680,886.7261981019386,500,False,0.034747188141124256,True,0.01218030877157242,1.6156821250915527
772128,570.0242174930987,500,False,0.0987981575512347,True,0.012181633896246453,1.3467707633972168
772272,778.9218435447451,500,False,0.06793176777002957,True,0.012107106239855042,2.7753489017486572
773600,806.3281090122987,500,False,0.04030673670999347,False,0.012107631790574083,1.7973328828811646
774480,729.63379276683,500,False,0.21350664111613313,True,0.011928810307710157,2.016895055770874
774848,873.7979001850598,500,False,0.036944684856973144,True,0.012039079959099766,2.102280616760254
775632,807.3012626033487,500,False,0.02093064835832638,True,0.012192556697855742,2.966428756713867
775696,766.6124090777722,500,False,0.07653091842527207,True,0.011998790021302407,1.817017674446106
775712,809.019942095571,500,False,0.061333842641642294,True,0.011948235615819851,1.7158310413360596
776112,777.0390527939157,500,False,0.30009746010774563,True,0.011939862655724845,2.5387234687805176
776384,834.8967132584811,500,False,0.13112791608266414,True,0.011849634386928544,2.3830065727233887
776416,815.4399093100169,500,False,0.049271928446292225,True,0.011896824436959563,1.783320426940918
777056,814.7936445048115,500,False,0.041828890072209766,False,0.011896663280382459,1.847213625907898
777616,808.7622929369994,500,False,0.08554486101933571,True,0.01199104137254541,1.5516645908355713
778416,782.8980671878464,500,False,0.07324715767595845,True,0.011973190381497132,4.408916473388672
779328,800.4355370255272,500,False,0.03738811614497099,True,0.011819174335134429,5.027621269226074
779680,834.970065910781,500,False,0.08785717682460918,True,0.011826608384467911,2.1543431282043457
780128,878.6230985925351,500,False,0.04521928275936119,False,0.01197943533542447,1.328221321105957
780272,807.9319157569907,500,False,0.05179793194829215,True,0.011859162276281357,1.6564228534698486
781600,850.0058630204616,500,False,0.06419863724562708,False,0.011813445832535583,1.4888075590133667
782480,784.7812862287874,500,False,0.037741417498263735,False,0.01164280311266317,2.038846731185913
782848,795.590661491599,500,False,0.0504831871951112,True,0.012021526598384435,1.5239031314849854
783632,814.0603768705396,500,False,0.04012642655994701,True,0.01203425048636036,2.278944492340088
783696,776.6393522906668,500,False,0.031195167450488843,True,0.011910370585267064,1.7608349323272705
783712,800.21178941557,500,False,0.057879574627714245,True,0.011875665209083383,1.7607280015945435
784112,694.2720834325327,500,False,0.08802309255025513,True,0.011866795975550836,1.734458327293396
784384,804.089016911568,500,False,0.09545024771464325,True,0.011808117103372854,1.8511056900024414
784416,826.4242887695432,500,False,0.03513767276785569,True,0.011899760391828832,1.9507468938827515
785056,770.4866121050975,500,False,0.04737835503910209,True,0.0119067846216286,1.8623758554458618
785616,668.4721455134176,500,False,0.1346321992025569,True,0.01171136479454905,2.4706778526306152
786416,766.9805545839167,500,False,0.04693336525249135,True,0.01176338394486145,1.9798145294189453
787328,799.9030126835966,500,False,0.13043128758291722,True,0.011802722044561294,2.644238233566284
787680,785.6099409898583,500,False,0.07360340483584156,True,0.011977746759476151,2.3523552417755127
788128,781.616905687675,500,False,0.061270094090081745,True,0.012031266606801155,1.5368289947509766
788272,782.9681554008729,500,False,0.06943197542437278,True,0.012024400976807176,1.6758577823638916
789600,865.9591985353518,500,False,0.06661206344922371,True,0.01200212119378345,1.6586196422576904
790480,822.6499891831434,500,False,0.01610840507002879,False,0.01160265342422871,2.228343963623047
790848,859.4445003665395,500,False,0.12024563756250903,True,0.01177704070008013,2.3759865760803223
791632,846.1274744676853,500,False,0.04106129915891079,True,0.011740232928239485,2.040882110595703
791696,833.3964666648861,500,False,0.10277306374425796,True,0.011776369029430559,2.5530388355255127
791712,772.7866404889098,500,False,0.32327362464889836,True,0.011775868355649997,1.886418104171753
792112,827.9224156903475,500,False,0.06839844750772811,True,0.011778111663367487,1.5703659057617188
792384,844.2839925250329,500,False,0.08408912953344325,True,0.011572572633599065,1.9852275848388672
792416,801.4837802197793,500,False,0.08580538917368427,True,0.011564389352927865,1.7229515314102173
793056,785.8527596325129,500,False,0.08841395593073517,True,0.011562595938646643,1.290062665939331
793616,738.3480084805806,500,False,0.12046939013022617,True,0.011429813590954949,1.3274143934249878
794416,734.6173958258919,500,False,0.07266610512712185,True,0.011410268360956079,2.1652209758758545
795328,772.6555870213601,500,False,0.06711526642053844,True,0.011325298072413427,2.6855199337005615
795680,841.1828709620916,500,False,0.023448005272667504,True,0.011399789222772507,2.0808281898498535
796128,785.440279029067,500,False,0.09273623410887863,True,0.011298263703520578,1.6217560768127441
796272,829.8226425022302,500,False,0.045985434612583975,True,0.011270067218164738,1.8662902116775513
797600,794.8885105390815,500,False,0.027958105095347133,True,0.011256351692326569,1.7277555465698242
798480,769.032625907305,500,False,0.08157602173059542,True,0.011305773192497322,1.7710485458374023
798848,801.6008893373478,500,False,0.04718454593295853,True,0.011264195048317351,1.9014157056808472
799632,738.9440456762577,500,False,0.10224912332497307,True,0.011380810572047075,1.911115288734436
799696,729.3555843772775,500,False,0.10027871017971642,True,0.01145525518756232,1.889965295791626
799712,777.9500057698222,500,False,0.051375277967032555,True,0.011488271391688487,1.6360055208206177
800112,793.8277825712893,500,False,0.06189570337744644,True,0.011519194072961429,1.6403712034225464
800384,788.3424894064683,500,False,0.051556824667448924,True,0.011552515209683294,1.636602759361267
800416,744.4602488541323,500,False,0.0437603543880493,False,0.011682043171456274,2.241330623626709
801056,780.6544197906002,500,False,0.03200903241240652,False,0.011699485303544135,1.6328785419464111
801616,754.0691542889441,500,False,0.14575934580609856,True,0.011786515944729077,2.1900463104248047
802416,738.7407477825027,500,False,0.04885012956913532,False,0.011740116815418337,1.4840879440307617
803328,848.8550625161384,500,False,0.031526321510371054,True,0.01158450874340736,2.033860683441162
803680,696.6316884813168,500,False,0.08933013169257513,True,0.011540666826135191,1.92867112159729
804128,783.7448160444425,500,False,0.03505417830675529,True,0.011724753911608887,1.6163479089736938
804272,855.6833630613088,500,False,0.0277770878106343,True,0.011802470654790361,1.6214439868927002
805600,780.4235130590314,500,False,0.06114011685256917,True,0.011856604793167793,2.1156904697418213
806480,798.5557666494101,500,False,0.056196733084240176,False,0.011830418885287483,1.8422189950942993
806848,846.2972784245283,500,False,0.04255943522162389,False,0.011806599704879872,1.7618341445922852
807632,838.8373535783697,500,False,0.029174495841245034,True,0.01189844090542624,2.0575594902038574
807696,869.3479400262854,500,False,0.222507026010978,True,0.012011913586462206,1.5138306617736816
807712,840.9567172394161,500,False,0.10846288431647015,True,0.012012992755581963,2.0582523345947266
808112,870.9811035995227,500,False,0.03729600482803314,True,0.012006212582211642,1.7129597663879395
808384,858.9405888154378,500,False,0.05226689120183618,True,0.011972122860037087,1.7425856590270996
808416,708.686377615873,500,False,0.2231228384196116,True,0.011874481468667916,1.593230962753296
809056,868.0021321359043,500,False,0.029384209358885492,False,0.011852727240860129,1.5172122716903687
809616,809.2268276477325,500,False,0.05079381097123516,True,0.011816545233414195,1.5023503303527832
810416,837.701236888941,500,False,0.17246358924538344,True,0.011768997362963909,1.5388624668121338
811328,875.486460289647,500,False,0.02401472938254035,True,0.011602620551773945,1.6876991987228394
811680,782.6508436919697,500,False,0.06543117757767918,True,0.011561318194630668,1.6876813173294067
812128,742.0627381720186,500,False,0.03639370427490449,False,0.011617818924680239,1.3726117610931396
812272,848.7743276761951,500,False,0.12081070172284213,False,0.011590271175973142,2.199737071990967
813600,731.6404618200295,500,False,0.16405731678560137,False,0.011585435678806964,1.6800572872161865
814480,786.764616025117,500,False,0.1187811986658978,True,0.011449626953372252,1.9112212657928467
814848,740.6730435304323,500,False,0.12217493782998443,True,0.01153022158315795,2.012939214706421
815632,756.6341939939185,500,False,0.10773757282075985,True,0.011510858927988116,1.0310680866241455
815696,805.7327319824444,500,False,0.1132367496221048,True,0.011396968820093875,1.6583820581436157
815712,769.8220840553319,500,False,0.07564096977720544,True,0.011376980297717491,1.3887038230895996
816112,809.5742369607397,500,False,0.04929808969670493,True,0.011369580391099475,1.9678462743759155
816384,769.0826404223062,500,False,0.20732022002991254,True,0.011336219822157021,1.4295783042907715
816416,778.781004267391,500,False,0.07852413303893255,True,0.011406113382306146,1.7264091968536377
817056,780.4037678427894,500,False,0.1568862594092651,True,0.011418606181526236,1.9010674953460693
817616,801.7011221435703,500,False,0.06806604185300964,False,0.011431751812343198,1.5961740016937256
818416,834.1841506478014,500,False,0.10703441679463484,True,0.011524022967338187,1.5653403997421265
819328,812.545269569449,500,False,0.0489966566814525,False,0.011763954230041446,4.159451484680176
819680,799.5178776741067,500,False,0.05557478357794962,True,0.011724667457770207,1.4889421463012695
820128,847.8773909270459,500,False,0.07300495120650512,True,0.011651901167807994,1.7625463008880615
820272,842.3919838694571,500,False,0.11382771261858189,True,0.011449194654999327,1.7317759990692139
821600,775.0816703993171,500,False,0.019875824923024806,True,0.01145414136472762,1.7266037464141846
822480,754.7341040996114,500,False,0.09961824120568123,True,0.011473013055430189,2.557767391204834
822848,835.1746192659477,500,False,0.10889357919501513,False,0.011320526182086846,2.3980579376220703
823632,815.2724538761692,500,False,0.030808847973966675,False,0.011249418129596843,1.6502302885055542
823696,731.9104366433645,500,False,0.04099481296677183,True,0.011207795458821553,2.134495258331299
823712,792.9024138325707,500,False,0.07489476941286358,True,0.011206030733890667,1.9174976348876953
824112,773.7357599823048,500,False,0.15907772024124314,True,0.011205396834031068,1.6040756702423096
824384,807.1479267860311,500,False,0.07454826807788915,True,0.01126386831678539,2.023399591445923
824416,788.3712166794314,500,False,0.10296067151319618,True,0.011243637421816968,2.3825745582580566
825056,706.6948936096893,500,False,0.12193544929216993,True,0.011235334329303008,1.2096741199493408
825616,772.7792030088926,500,False,0.07723352503404021,True,0.011262352213672654,1.588094711303711
826416,765.5290968398149,500,False,0.08890056128246941,True,0.011346538428173665,1.6721351146697998
827328,803.6102452401749,500,False,0.10845123089896058,True,0.011540626805629731,1.8824247121810913
827680,792.0085640610516,500,False,0.11182282637739173,True,0.011613165632687114,1.9179816246032715
828128,851.6048351777636,500,False,0.06744126218909566,True,0.01162470415142699,2.2240614891052246
828272,714.937274620904,500,False,0.10979214157266255,False,0.011832896966684946,1.5017504692077637
829600,822.4498212728704,500,False,0.045327151665248186,True,0.011766754265320895,1.4108012914657593
830480,760.2283791095567,500,False,0.0771973652567645,True,0.011852756021037495,2.486295700073242
830848,818.6401143736825,500,False,0.04601020699047976,False,0.011535859562351742,1.6217074394226074
831632,696.2435189957665,500,False,0.19504800273951087,True,0.01144436386970806,2.35779070854187
831696,788.9452310244329,500,False,0.10186975477047776,True,0.011355123056533393,1.9727596044540405
831712,758.7513078016303,500,False,0.050258328438935,True,0.011337507283244966,1.7003309726715088
832112,802.5088226850141,500,False,0.09555517429801544,True,0.011332137615286368,1.3834803104400635
832384,845.7473702053851,500,False,0.040816801255308156,True,0.011374505477344284,2.1874594688415527
832416,865.7660229615965,500,False,0.052951694642381246,True,0.011554719348244088,1.68171226978302
833056,791.9771959471409,500,False,0.12782447564851715,True,0.01155129797566092,2.2686572074890137
833616,813.4246699845881,500,False,0.0858662802471738,True,0.011424807201089661,1.5917766094207764
834416,812.3660716533559,500,False,0.09262412714960794,False,0.01135990195816153,1.491051435470581
835328,817.3155842548293,500,False,0.03647763140855771,True,0.01140630407407102,1.9820057153701782
835680,768.3915727983372,500,False,0.14468992144892778,False,0.011499718376092722,3.897453784942627
836128,772.5019365867134,500,False,0.07335035155717456,False,0.011516167265810218,1.4307788610458374
836272,817.9796225654026,500,False,0.061763080022679405,True,0.01131364393425499,1.5966358184814453
837600,748.1690380934555,500,False,0.07741257676097048,True,0.011377030556080216,4.1396331787109375
838480,798.8052592356116,500,False,0.07437433037301583,True,0.011486982041147623,1.9131872653961182
838848,785.3993235366307,500,False,0.07240841885329447,False,0.011481174770077226,5.363288879394531
839632,757.6404557094095,500,False,0.09770346807591034,True,0.011580273366366649,1.6673364639282227
839696,838.8491805609402,500,False,0.09075365677177769,True,0.01133346079816295,1.4809457063674927
839712,858.7954085397222,500,False,0.05410933123533157,True,0.011314071108997547,1.7260208129882812
840112,719.9223856825741,500,False,0.11277661254412003,True,0.011312620370606518,1.4893825054168701
840384,834.1654975775919,500,False,0.07731016045119006,True,0.011493645030921904,2.00406551361084
840416,782.8219045901388,500,False,0.11472634848273248,True,0.011596165616514638,14.933412551879883
841056,794.9890761411438,500,False,0.07140016546621009,True,0.011584322434007045,1.5999665260314941
841616,792.5718847040436,500,False,0.10576602096624678,True,0.011489651666720955,1.3836467266082764
842416,740.7725105725033,500,False,0.09017560757925847,True,0.011503784600471755,1.5540522336959839
843328,766.8400249469574,500,False,0.07384684586381209,True,0.011349628390172005,1.2047325372695923
843680,789.0709110515742,500,False,0.10540682952061367,True,0.011251352946953959,1.3230286836624146
844128,786.4883270081181,500,False,0.07272452117499253,False,0.011178026437886502,2.086071729660034
844272,768.5606478976582,500,False,0.08995058045644909,True,0.011234876771381975,2.4192326068878174
845600,775.5556586851371,500,False,0.05221589820070839,False,0.011225499900717726,2.073364734649658
846480,797.2425592680679,500,False,0.04633289716660237,True,0.011407390321853002,1.6594663858413696
846848,730.4660480061694,500,False,0.10631847743597034,True,0.011601367055779103,1.6937987804412842
847632,833.0781208730788,500,False,0.06013925244146901,True,0.011642924141690617,1.9003756046295166
847696,807.4709215335974,500,False,0.10696440377573695,True,0.011683843925053842,1.7023162841796875
847712,791.9425522978597,500,False,0.0930496635408102,True,0.011674322600234795,1.5361970663070679
848112,784.9686997330213,500,False,0.0773707555307368,True,0.011673954921624298,1.9597642421722412
848384,867.9835325127855,500,False,0.03956583652636298,True,0.011635009719597016,1.6953651905059814
848416,794.5977931270163,500,False,0.0638556223009402,True,0.011567034239234853,1.6199390888214111
849056,858.2776576782419,500,False,0.08308873887102892,True,0.011552957627544352,1.5199763774871826
849616,777.500516510175,500,False,0.19669879790618935,True,0.011242614596083405,1.3679614067077637
850416,879.1318047655992,500,False,0.07580746742176457,False,0.011224065797835974,1.5325915813446045
851328,614.4891519647648,500,False,0.3015460965928067,True,0.011205623015358148,1.9263688325881958
851680,841.0873684743103,500,False,0.05771712721479839,True,0.011319866000739365,1.4271466732025146
852128,755.292434057672,500,False,0.0661495666131297,True,0.011422104056952627,1.947227120399475
852272,847.1551510692138,500,False,0.05472998911347881,True,0.011723323698665305,1.7588269710540771
853600,782.1142932766363,500,False,0.07730200736879132,True,0.01170736433458321,1.6581556797027588
854480,842.2073304407621,500,False,0.03198532525707382,True,0.011836386319292293,1.6331874132156372
854848,773.855171048974,500,False,0.037946920295754465,False,0.012020774530793315,2.1226115226745605
855632,804.8635996049059,500,False,0.07102018363030445,True,0.012159181025228278,1.695312738418579
855696,802.2697410840159,500,False,0.06742563694078017,False,0.011951007223549446,1.345179557800293
855712,861.1956904887792,500,False,0.0317511917316405,True,0.011906919131368219,2.0562596321105957
856112,819.582830293163,500,False,0.15253144269241886,False,0.011894555099631936,1.4455335140228271
856384,805.1675195616217,500,False,0.11298350990021729,True,0.011745769310735416,1.7143666744232178
856416,769.6403192284781,500,False,0.09162190580305526,True,0.011768337413696641,1.844390630722046
857056,832.4100236458006,500,False,0.038448891094577164,True,0.01179390659143083,2.078166961669922
857616,740.6788656584952,500,False,0.03489670047419981,True,0.01199523360732923,1.5221675634384155
858416,781.8526618635763,500,False,0.04984498708184102,True,0.012074389354454072,2.2199316024780273
859328,808.13980730684,500,False,0.05575270948500566,True,0.012117771203386562,3.7666237354278564
859680,809.067907459493,500,False,0.05298926277304561,True,0.011683082357337773,1.6141633987426758
860128,758.9521526291824,500,False,0.09214690903486963,True,0.01159201736176548,1.2795939445495605
860272,833.8781096434452,500,False,0.08609606881483298,True,0.011603372252219935,1.8077220916748047
861600,724.9028281515083,500,False,0.03810029612320406,True,0.011582367027448361,1.878995656967163
862480,844.3786479551833,500,False,0.08159434890517589,True,0.011669327025336948,1.7508752346038818
862848,805.3923153494264,500,False,0.05438053296714382,False,0.011598500844108921,1.6899924278259277
863632,758.1393679592549,500,False,0.09276120736585247,True,0.011528388495764133,1.315182089805603
863696,806.1692735659906,500,False,0.05659890882395725,True,0.01157673305126372,1.3697094917297363
863712,786.1245254525999,500,False,0.08422634633110136,True,0.011569064868801663,1.6438474655151367
864112,839.2032878263979,500,False,0.053292543643027046,True,0.011561873480548915,1.8807687759399414
864384,788.3759839258772,500,False,0.03816946101471244,True,0.011454748076045875,1.5411914587020874
864416,807.3399845215752,500,False,0.0757475929706423,False,0.011475459689671843,1.7380743026733398
865056,787.2749167388257,500,False,0.11653659513625124,False,0.011458452092886531,1.5175045728683472
865616,768.5981359082776,500,False,0.04630284828217146,False,0.011180101784723546,1.6570671796798706
866416,782.54131169255,500,False,0.03556908735686096,True,0.011130828714678296,1.7571020126342773
867328,787.9986671433081,500,False,0.06296313140384933,True,0.011316785900579747,1.7557196617126465
867680,728.7317302032006,500,False,0.036102890499003754,True,0.011223819741857318,1.6941554546356201
868128,756.3016652669063,500,False,0.07302247317893118,True,0.011221898426629842,1.7929589748382568
868272,799.6045817408407,500,False,0.07495759285197501,True,0.011233676157833754,1.63889479637146
869600,570.9903108864919,500,False,0.7639423490367735,True,0.011236397107475512,1.3482015132904053
870480,794.6175056539313,500,False,0.04452715068395245,True,0.011484894490860627,1.3933141231536865
870848,837.5142033213723,500,False,0.03051289461466123,True,0.011740448892561792,1.4326032400131226
871632,811.9904761458839,500,False,0.14135521294985548,True,0.01177916476885836,1.6664977073669434
871696,756.0846439852166,500,False,0.12575071893978287,True,0.01152237045528161,1.851564884185791
871712,827.193190365127,500,False,0.1000049133756677,True,0.011498112294603393,1.3672125339508057
872112,789.6330487606799,500,False,0.11538840656886831,True,0.011489900583958755,2.5631141662597656
872384,846.4793779098968,500,False,0.07030063677953252,False,0.01139728029761086,2.6705269813537598
872416,798.0888456504009,500,False,0.06831585516549664,True,0.011437993972072536,1.4394183158874512
873056,847.0319171931544,500,False,0.07924288045929034,True,0.011448133417524164,1.5593831539154053
873616,777.9549889227006,500,False,0.04674788944701936,True,0.0116808243735311,1.766715407371521
874416,794.4468192931336,500,False,0.024692865862378496,False,0.011746519294466396,1.51533842086792
875328,842.8373274177304,500,False,0.06927536560048388,True,0.011941797688760011,1.5738940238952637
875680,744.4995206940463,500,False,0.06313661761254462,True,0.011808137859406447,1.6820545196533203
876128,904.4933166373377,500,False,0.049865433718900155,True,0.01172968334827959,2.0630626678466797
876272,839.8958239427519,500,False,0.12669200327926375,True,0.011601422211275293,1.853010654449463
877600,740.9095631521453,500,False,0.060145837861275746,True,0.011594121878054895,1.6648025512695312
878480,880.6147403444577,500,False,0.007934497566878133,True,0.011389602577953056,1.349938154220581
878848,778.8871571040592,500,False,0.12076156966410267,True,0.011458110766106918,1.9944119453430176
879632,758.4756688125487,500,False,0.11893898144438557,True,0.011432036176360693,1.7231500148773193
879696,819.4826607452034,500,False,0.11264121051730593,True,0.011257524277279173,1.9726091623306274
879712,818.2929370749199,500,False,0.14147103516112391,True,0.011220286499254337,1.5348167419433594
880112,844.3744242961898,500,False,0.08351609238510992,True,0.011209376476310168,1.5220427513122559
880384,822.7481991009347,500,False,0.09409556948314,True,0.011240674649466539,2.1587419509887695
880416,757.3170994134724,500,False,0.09807587133676139,False,0.011332743113378204,1.4483895301818848
881056,889.8560706513387,500,False,0.04041096227737652,True,0.011332027076789545,1.3505476713180542
881616,766.7286720839334,500,False,0.07794061277026727,True,0.01138686340767417,2.8658244609832764
882416,812.5073461740263,500,False,0.0647175662085799,True,0.011437665170281348,1.746985912322998
883328,753.4808304538677,500,False,0.10496923545495293,True,0.011540019022598056,2.7058894634246826
883680,768.6755507087191,500,False,0.06351891541043292,False,0.011591158706458172,1.1826486587524414
884128,727.9829891047668,500,False,0.07399722122016122,True,0.011662869803959553,1.6396945714950562
884272,739.0806490981972,500,False,0.07383571106156417,True,0.011894518498811254,2.1259961128234863
885600,799.6509140949646,500,False,0.04787984026524603,True,0.011944258341973843,1.5847879648208618
886480,807.8605624754658,500,False,0.09093249428062798,True,0.011893273619859899,1.561833381652832
886848,762.3751875697075,500,False,0.11814533559905971,True,0.011696661330959026,1.2613781690597534
887632,848.1342971948168,500,False,0.03833021750592615,True,0.011814220981300548,1.5247206687927246
887696,768.3623363000195,500,False,0.06699948214816946,True,0.011900952529377522,1.7593921422958374
887712,830.0433122777165,500,False,0.06424662398110137,False,0.011919186473848908,4.497733116149902
888112,803.3073465352209,500,False,0.051349557370506976,False,0.011927637302822246,1.7528290748596191
888384,794.4925093365614,500,False,0.02949012491051199,False,0.0119363337618007,2.6104767322540283
888416,847.0796689426263,500,False,0.04346994335429782,True,0.01195706194067675,1.5408827066421509
889056,878.1142551352607,500,False,0.05102498209726552,True,0.011951314593213984,1.9464598894119263
889616,848.0690399358701,500,False,0.08730102203175669,True,0.01175392019162382,1.6040377616882324
890416,795.2082057020473,500,False,0.02056986265149808,True,0.011832773384366441,1.3706505298614502
891328,844.8528679371285,500,False,0.04803274647232834,True,0.011677716412266444,1.678629755973816
891680,820.1623217943197,500,False,0.14632458869858023,False,0.011450649132501713,1.2997243404388428
892128,818.6683842025427,500,False,0.02542059501854856,False,0.011425230729940542,3.416426181793213
892272,786.4815451229073,500,False,0.16506171820017423,True,0.011382650400790905,1.3151123523712158
893600,708.4933934252427,500,False,0.1969152067663375,True,0.011368879913204044,1.5987098217010498
894480,769.4766529341003,500,False,0.08467079425903984,True,0.011303827528396886,1.9819862842559814
894848,784.2830242524243,500,False,0.05186774165760194,True,0.011290407521165148,2.331061363220215
895632,762.8034894277148,500,False,0.10845573009986871,True,0.011257279309400965,1.6525471210479736
895696,733.8229791654222,500,False,0.09288360375430829,True,0.011372426054467944,1.3083213567733765
895712,738.1245170808844,500,False,0.13668192081280894,True,0.01140441761760433,1.469717264175415
896112,824.8067929468624,500,False,0.06895435719955549,True,0.011409089107179532,1.4269758462905884
896384,770.4306682975131,500,False,0.07017881342652799,True,0.011443525504683964,1.5562372207641602
896416,765.6858224827856,500,False,0.05582713835377493,True,0.011405094723513845,1.836270809173584
897056,732.8064515336778,500,False,0.12056463771471963,True,0.011397727659717024,2.4440274238586426
897616,764.3802586466296,500,False,0.1313313853621972,True,0.011231528292350737,1.7831734418869019
898416,767.2876173313842,500,False,0.12630571130702198,True,0.011372433937879938,2.1742262840270996
899328,795.9142428162235,500,False,0.097590348820442,True,0.011414734854132766,1.3735880851745605
899680,790.563637549778,500,False,0.09135865741107052,True,0.011355756758359052,1.593946933746338
900128,806.9758589399847,500,False,0.08416480790256504,True,0.011362647579128084,2.0126514434814453
900272,876.1164161925267,500,False,0.05033810861635131,True,0.011312678148835003,1.58297598361969
901600,777.0207187237035,500,False,0.06268967648866819,True,0.011236862462957376,1.5414067506790161
902480,743.6388855209163,500,False,0.0395930041744301,True,0.011135683763728279,1.647875189781189
902848,829.8061523315624,500,False,0.10088138226662978,True,0.011399916241177853,2.4150376319885254
903632,804.2196419915362,500,False,0.0968121742185535,True,0.01142363894825912,1.425736427307129
903696,715.6523302717217,500,False,0.12931089514581812,False,0.011328263925385473,2.180591106414795
903712,733.9815251261795,500,False,0.07492269768303016,True,0.011319629572429771,1.8478164672851562
904112,861.8735181071077,500,False,0.04074254639578783,False,0.011317832902686085,1.7148563861846924
904384,768.5196831989355,500,False,0.10638570439111655,True,0.011437073879459074,1.4141583442687988
904416,880.2524022812083,500,False,0.04212563522143208,True,0.011439235843365474,2.1945271492004395
905056,731.6115233747498,500,False,0.0863603790454762,True,0.011438634635180191,1.765980839729309
905616,746.6583316370252,500,False,0.1047066778384291,True,0.011451141213645405,1.3748422861099243
906416,809.3070390321068,500,False,0.08146594077797654,True,0.011467174595753919,2.5942769050598145
907328,751.8505872870468,500,False,0.11550702287911477,True,0.011345248954159049,1.8006134033203125
907680,825.5810494237041,500,False,0.05574401970079122,True,0.011160784015473633,1.2451478242874146
908128,781.4129495548566,500,False,0.16685931045653468,True,0.011130235454771641,1.400045394897461
908272,780.4519037921641,500,False,0.08751969253818136,False,0.011088362680117045,2.0945911407470703
909600,757.9959694506767,500,False,0.1326047576070936,True,0.01113343726195934,1.7033756971359253
910480,787.7370643125306,500,False,0.06922593725829544,True,0.01112464525884818,1.6235547065734863
910848,723.779752041103,500,False,0.1342426839989513,True,0.010965831906876304,3.026700735092163
911632,858.3068999485876,500,False,0.10149905500234824,False,0.01104122300458382,1.673849105834961
911696,698.9271376985589,500,False,0.2882247398761297,True,0.01089753667890395,1.7976794242858887
911712,774.8522710438034,500,False,0.03510405872663617,False,0.010882794599307128,1.7051458358764648
912112,752.9788201501983,500,False,0.12714957764228446,True,0.010882369321294653,2.2644128799438477
912384,855.6260044072873,500,False,0.12344003542703787,False,0.010834114303108109,1.3319458961486816
912416,808.6701534473418,500,False,0.08325174349157445,True,0.01091725301309491,2.1838483810424805
913056,761.7782590343589,500,False,0.10003498722474143,False,0.010926157058643617,1.5340726375579834
913616,789.8860428985165,500,False,0.046059051153664925,False,0.011166849801628676,1.5650222301483154
914416,834.1622415585772,500,False,0.07650773249743224,True,0.011279519026207885,1.7376186847686768
915328,774.9437707089968,500,False,0.10850937110470778,True,0.011238363103449023,1.6819134950637817
915680,752.4096721609301,500,False,0.10062381246189481,True,0.011129175990690042,1.324293613433838
916128,781.8160450885433,500,False,0.15313404899824234,True,0.011309628315089651,1.2635730504989624
916272,827.0373689288988,500,False,0.08537433605400922,False,0.011361094260196956,1.3675062656402588
917600,774.054367925824,500,False,0.16506339255494212,False,0.011322551590559182,1.6011911630630493
918480,764.5678973073027,500,False,0.0594936782235625,True,0.01117367195515069,1.1906906366348267
918848,804.5032612995875,500,False,0.02973248640252565,True,0.011089553743583114,1.9496850967407227
919632,781.2805582880537,500,False,0.027959532560893487,True,0.011114714375559737,1.3385924100875854
919696,756.4150542719933,500,False,0.03157908797683397,True,0.011280087510281436,1.4905414581298828
919712,731.3644798001552,500,False,0.10392891871867775,True,0.011258050701035867,1.5153437852859497
920112,722.2591092750698,500,False,0.04358802804292733,True,0.011255900442784142,1.6535625457763672
920384,691.260012729138,500,False,0.1311223341547822,False,0.011183393190529859,1.7543003559112549
920416,793.5843154500875,500,False,0.02241420298459013,True,0.011203078830821856,1.9263229370117188
921056,836.470015427427,500,False,0.06877460425889823,True,0.01121249710390052,1.664869785308838
921616,796.9299409422753,500,False,0.02413726767686106,True,0.011377302289396575,1.7112315893173218
922416,868.8781751207198,500,False,0.05027430469828592,True,0.011326024549018106,1.4875216484069824
923328,697.5683438589659,500,False,0.24188288971824853,True,0.011120677806228236,1.2463624477386475
923680,862.8021311293057,500,False,0.1418429631536211,True,0.01099548461336341,1.9591091871261597
924128,785.0289628257625,500,False,0.16215777784934535,False,0.010957879506473046,16.250911712646484
924272,808.8019678657645,500,False,0.15711247694268313,True,0.010942242769521179,2.1039633750915527
925600,738.5560162502755,500,False,0.1648704316785386,False,0.010895201338182893,1.0159519910812378
926480,719.9239690471381,500,False,0.0658776322536102,True,0.01127586448798781,1.8622467517852783
926848,800.525837689701,500,False,0.08369047494921417,True,0.011364048343918073,1.234495997428894
927632,819.0328109247175,500,False,0.06042940873270619,True,0.01137514631791577,1.9441776275634766
927696,792.2562413116791,500,False,0.03306237537514685,False,0.011452591996860731,2.3600969314575195
927712,770.5789839159306,500,False,0.06423585261841272,False,0.011468782489849826,1.2483258247375488
928112,699.7523936987787,500,False,0.16601152756560814,True,0.01146448472358059,1.410954475402832
928384,739.6516892295596,500,False,0.08379059552069591,True,0.011404976502400289,1.4500463008880615
928416,728.5270087205392,500,False,0.10692541649522747,False,0.011369797647507248,1.557097315788269
929056,813.4726517042411,500,False,0.0653532488950792,False,0.011365960010642426,1.4181098937988281
929616,674.2303296536898,500,False,0.2779930303618998,True,0.011458845134653811,1.4603043794631958
930416,796.2718504726411,500,False,0.09217180985618383,False,0.011508912794256835,1.5202003717422485
931328,812.229253323132,500,False,0.07175665057108195,True,0.01136478378541445,1.3746870756149292
931680,835.0425213485696,500,False,0.1175583702239686,True,0.011297726427498506,1.294803261756897
932128,766.8095883610472,500,False,0.080501420080329,True,0.011316895647111087,1.3222988843917847
932272,797.0904624160263,500,False,0.06180572128921159,False,0.011154503528290118,1.4435131549835205
933600,733.7712930687571,500,False,0.058319494965173496,True,0.011107477894144359,1.6676816940307617
934480,759.4538684912519,500,False,0.08253730421307472,True,0.011108066091173027,1.453249216079712
934848,819.9552223943925,500,False,0.05112547596121583,False,0.01126549704488635,1.4134445190429688
935632,835.854172521057,500,False,0.037894773007004376,False,0.011271333752830556,2.0429444313049316
935696,833.6077938132438,500,False,0.0334221522170769,False,0.01145639771049758,1.218569040298462
935712,861.0889602460492,500,False,0.06776729097184961,True,0.011457328262938523,1.8643956184387207
936112,785.1072184605573,500,False,0.061447997014193935,True,0.011456958363620675,1.3797330856323242
936384,812.0199710880554,500,False,0.0500847876388382,True,0.011379054730632268,1.2467384338378906
936416,796.6426515248129,500,False,0.042933101543867425,True,0.011408582889809919,2.0213327407836914
937056,741.4467727091709,500,False,0.16104686494861378,True,0.01141636481898919,1.4935702085494995
937616,783.2494405861413,500,False,0.050668470849454986,True,0.011450482638412538,1.455672025680542
938416,736.2577690947353,500,False,0.09435687898914505,True,0.011465824954486361,1.3180911540985107
939328,759.9944416646837,500,False,0.07688003717877279,True,0.011617907390804592,1.7361303567886353
939680,833.2614120847454,500,False,0.08583989773191325,True,0.011587638020749948,2.023085117340088
940128,727.0010977358556,500,False,0.13907111164724303,True,0.011526313841103255,1.3482625484466553
940272,820.2918784590715,500,False,0.06742767388788856,True,0.011499742769326367,1.8386090993881226
941600,776.8453587346507,500,False,0.13722882922763646,True,0.011495358158199843,1.4336802959442139
942480,809.8172555065294,500,False,0.17560758638972496,True,0.011456604549884846,1.7090908288955688
942848,762.9695989991197,500,False,0.08591423573783881,True,0.011687179653390278,2.4096264839172363
943632,865.6270104689227,500,False,0.04313641661744257,False,0.0114961479267254,1.410182237625122
943696,735.0522653300449,500,False,0.126055706666896,False,0.01144389140548833,1.3972234725952148
943712,818.1033829630277,500,False,0.033087580211263394,True,0.01145340998942768,1.7057104110717773
944112,801.9154134667294,500,False,0.0875870983707215,True,0.011455913556250528,1.370412826538086
944384,767.0009488735907,500,False,0.04689254966914546,False,0.011440191956129171,1.313900351524353
944416,801.8453240886741,500,False,0.025525587356036654,True,0.011328591155489441,1.4946954250335693
945056,781.695700450071,500,False,0.12390984690212345,False,0.011323531723331082,1.3749823570251465
945616,872.470955774528,500,False,0.05318956481070114,True,0.011236986217135658,1.634136438369751
946416,750.1178612400081,500,False,0.10384759793850573,True,0.011213095601640884,1.2912185192108154
947328,842.495058427573,500,False,0.06463447811278833,True,0.011254520915565438,1.3958603143692017
947680,869.9552750868951,500,False,0.08199686501584529,True,0.011335485951880154,1.4853794574737549
948128,736.1948047080749,500,False,0.14578605286703872,False,0.011374276463567215,1.3063008785247803
948272,723.2617992554387,500,False,0.12349814264614252,False,0.011496873569577818,1.6686477661132812
949600,739.9424430596596,500,False,0.18388514445704152,True,0.011525899496571778,1.3591842651367188
950480,851.5932162975987,500,False,0.13898600274940845,False,0.01137677849806335,2.191133975982666
950848,760.9326584558158,500,False,0.11863573176575089,True,0.011261209560580816,1.0589128732681274
951632,772.6527386506199,500,False,0.06356265935176951,True,0.011165431785060242,2.7768118381500244
951696,823.3329761671138,500,False,0.15318805256169984,False,0.010816834546285101,1.4021508693695068
951712,704.70223644084,500,False,0.11871955997974966,True,0.010840672572235399,1.6431851387023926
952112,738.6168102352784,500,False,0.06661292411493545,True,0.010847715465652217,1.2827612161636353
952384,773.3338514993277,500,False,0.04426023247736506,True,0.011074346359004955,2.547367811203003
952416,842.682448779569,500,False,0.0673112529286669,True,0.011236605536647994,1.3360010385513306
953056,749.6110749045265,500,False,0.09578176780504306,True,0.011252817049243882,2.1103672981262207
953616,858.2506302396112,500,False,0.09685846528240757,True,0.011212002540464021,2.134709358215332
954416,755.3610835223361,500,False,0.1646661899307387,True,0.011181638572105263,2.5345821380615234
955328,728.0678815156067,500,False,0.18036883612673668,True,0.010972992704825497,1.4319828748703003
955680,773.8000174149649,500,False,0.14286475255938702,True,0.010887469505763497,1.168046236038208
956128,746.1430646116291,500,False,0.17049780954326332,True,0.010834036428428074,1.3455677032470703
956272,681.3891305887205,500,False,0.11040697996434093,True,0.010867315542242125,1.160634994506836
957600,758.8605904025688,500,False,0.04304577812573403,False,0.01088490054836983,1.284014344215393
958480,792.0562538492327,500,False,0.08727940515041756,True,0.01106031918173173,1.377463459968567
958848,779.5501738849442,500,False,0.045025855346456145,True,0.011105389138699085,1.8177573680877686
959632,728.188879969595,500,False,0.12930029758372405,True,0.01102713375994431,1.4891316890716553
959696,777.623790035407,500,False,0.0660692882096901,True,0.01114543227736721,1.2998440265655518
959712,837.178181786208,500,False,0.05617431356929914,True,0.011144555368429536,1.6280534267425537
960112,876.942119230971,500,False,0.041253650927853776,True,0.011145511089342086,1.7938182353973389
960384,726.3554339180653,500,False,0.11889687415847076,True,0.011038536161456228,1.5667450428009033
960416,838.3796170397233,500,False,0.045902256147877844,True,0.011046002972894443,1.4879186153411865
961056,784.9531450184676,500,False,0.10401977771004554,True,0.01106146129188587,1.2480313777923584
961616,863.5750520380728,500,False,0.03495975607126561,False,0.011001757943710352,1.9354950189590454
962416,792.3458463736833,500,False,0.05462714330178472,False,0.010895973435620784,1.8214843273162842
963328,843.4100838200835,500,False,0.09710407744783543,True,0.010826997589028801,1.3269410133361816
963680,798.4474594871301,500,False,0.03180848603293257,True,0.01106519831599038,1.414749264717102
964128,789.977659279484,500,False,0.15806901020085468,False,0.011157012692709729,1.4610843658447266
964272,751.2501556717181,500,False,0.11904006859793108,True,0.011188166625417635,1.557863473892212
965600,803.4784832800875,500,False,0.04640925166667139,True,0.011140423769157002,1.140295386314392
966480,857.0916579171211,500,False,0.10851657251409728,True,0.011114929362143413,1.5149421691894531
966848,839.1722523757671,500,False,0.018257981692668145,True,0.011085770171064192,1.3614609241485596
967632,733.1027181555436,500,False,0.12951449414133182,True,0.01107386332714293,1.4797468185424805
967696,752.893333224265,500,False,0.0806320774186342,True,0.0109703954191504,1.3014848232269287
967712,704.1170469508061,500,False,0.16323270840780701,True,0.010959977952008714,1.3118399381637573
968112,796.8581447197271,500,False,0.07755309758372465,True,0.010959474396448815,2.107811450958252
968384,769.3548458898108,500,False,0.1480745524407324,False,0.011080443765166892,1.1907944679260254
968416,719.5890316375481,500,False,0.11962172943760017,True,0.010971887474554323,2.155982255935669
969056,843.6929587823419,500,False,0.06040427122523727,True,0.010960544589164225,1.435244083404541
969616,731.829412687581,500,False,0.15380439598556309,True,0.01083730790200966,1.7660053968429565
970416,782.6281756505845,500,False,0.09667734737121648,True,0.010881944940262287,1.2062582969665527
971328,793.0455784511513,500,False,0.05982853443260982,True,0.010976173723519857,1.4949769973754883
971680,809.1205945241422,500,False,0.1226540777609338,True,0.010822065589746153,1.4434056282043457
972128,817.432788511023,500,False,0.052521557629764556,True,0.010847869381792838,1.6852941513061523
972272,866.2275346499181,500,False,0.06447121509980402,True,0.010763714183435705,1.3135955333709717
973600,776.5793550701926,500,False,0.11043434367884178,False,0.010744677006451863,1.6151933670043945
974480,738.473027380447,500,False,0.10805214172436656,True,0.010974260138660315,1.208583116531372
974848,759.0932011164113,500,False,0.1910345815065638,False,0.010893635135281066,1.2792584896087646
975632,779.3095591237865,500,False,0.08300029825083037,True,0.010836487666539005,1.4893465042114258
975696,855.7794135658174,500,False,0.10553973239857724,True,0.010950115480761639,2.347024440765381
975712,833.7208838384597,500,False,0.0646918980803862,True,0.010958928630669846,1.2857320308685303
976112,704.2117095639928,500,False,0.13804963645457785,True,0.01096019232153662,1.5080078840255737
976384,811.7042838218665,500,False,0.05847756094023045,True,0.011168680076495057,1.8074839115142822
976416,814.5315400131298,500,False,0.05338263778878698,True,0.011226853368047848,1.2603126764297485
977056,894.3588090623495,500,False,0.036594772151444695,True,0.011229863332877303,1.0455979108810425
977616,735.7784312347998,500,False,0.20217984014543772,True,0.011146999925403378,1.6828880310058594
978416,742.3939214445425,500,False,0.1657793246906722,True,0.011128713823707255,1.4451618194580078
979328,829.9305994416346,500,False,0.10714044444808643,True,0.01131140295984423,1.4413976669311523
979680,720.9240698318573,500,False,0.07395002928464955,True,0.011345319730757909,1.0507802963256836
980128,801.5410814067948,500,False,0.09119115157926147,True,0.011197569580551637,1.5580158233642578
980272,769.9362534112545,500,False,0.09899028166224422,True,0.011231313975473904,1.9212472438812256
981600,819.8326485009002,500,False,0.04619971460816936,False,0.011172778384214245,1.2617886066436768
982480,848.5584769346707,500,False,0.058960484394624306,True,0.010942434699539755,1.6422830820083618
982848,718.8705019453824,500,False,0.06402203768269932,True,0.011028307088022556,1.2239656448364258
983632,777.9156094813898,500,False,0.08508483846770158,True,0.01106133538434289,1.2559419870376587
983696,759.2411814779974,500,False,0.05504576297969649,True,0.010930120561716147,1.4010916948318481
983712,827.0112032023486,500,False,0.09743189680575165,True,0.010902114576330595,1.285356044769287
984112,738.9973808305115,500,False,0.09512968018315336,True,0.01089779566460296,1.9966360330581665
984384,817.8522060119384,500,False,0.14566874227830287,True,0.010845483626814999,1.4425498247146606
984416,765.2889040435363,500,False,0.05892024931164114,True,0.01077615728241771,1.3529536724090576
985056,732.9082539751585,500,False,0.15810011641353985,True,0.01075589935612644,1.1871541738510132
985616,739.9872589457707,500,False,0.11485695629430404,True,0.01048070810180455,1.0801383256912231
986416,805.157028801453,500,False,0.07140530387398933,True,0.01061117326133558,1.3550570011138916
987328,774.2396813654535,500,False,0.036507280274944175,True,0.010641126516622601,1.291475534439087
987680,781.3073422170854,500,False,0.09564428856802576,True,0.01078551175156362,1.3723814487457275
988128,782.4737505897201,500,False,0.03389987688453958,True,0.010748739797213433,1.8964018821716309
988272,840.5371210003075,500,False,0.00834071311098046,True,0.010685464709288812,1.8639038801193237
989600,715.9153088743896,500,False,0.16148224318300627,True,0.010660048615962503,1.9485094547271729
990480,786.0259584067942,500,False,0.1070583719775687,True,0.010712589774835258,1.589961051940918
990848,787.9517186077117,500,False,0.0671095789421967,False,0.010909285103877838,1.1386510133743286
991632,821.1560717405684,500,False,0.09713606528212562,False,0.01097129145026366,1.351330280303955
991696,757.2840563102751,500,False,0.04711531363632273,True,0.010887123943957435,2.603179931640625
991712,787.9681498167012,500,False,0.06291263024894163,True,0.010889462135958428,1.3249492645263672
992112,789.4360889636607,500,False,0.05246584127746662,True,0.010894122415630933,1.2232880592346191
992384,735.6716477083622,500,False,0.05516635887618748,True,0.01091110631303596,1.3132238388061523
992416,791.9572987210519,500,False,0.03531338632187709,True,0.010832463025529124,1.4522690773010254
993056,698.4535460032224,500,False,0.1933603573291804,True,0.010834440400649325,1.7043960094451904
993616,762.3711363736122,500,False,0.04814809030412225,True,0.010644130417939964,2.891045570373535
994416,765.0251290009825,500,False,0.10073181806771737,False,0.010688272373521148,1.7057242393493652
995328,831.4952549082448,500,False,0.06813550798643563,True,0.010604578669344729,1.4221787452697754
995680,761.059321632479,500,False,0.10236934818706898,True,0.010573087938444812,2.3639063835144043
996128,819.0988681220753,500,False,0.09247837241926962,False,0.010592672590981605,1.3232946395874023
996272,740.264432741396,500,False,0.14251865804826552,False,0.010907216983790423,1.5326101779937744
997600,686.7433760171886,500,False,0.17760041035816423,True,0.010972817395342071,1.3750312328338623
998480,775.7952377531367,500,False,0.11305832356746992,True,0.01066377152024437,1.2648978233337402
998848,800.2690603367721,500,False,0.0759450332209744,True,0.0106612512949826,1.277350664138794
999632,815.732839086265,500,False,0.06818393663684036,True,0.010669832289659615,1.9440932273864746
999696,691.6137354487262,500,False,0.15505348930643,False,0.010668324195909105,1.723721981048584
999712,821.2232495532116,500,False,0.06880755680730928,True,0.010666778454016299,1.4617098569869995
1000112,789.7601323415132,500,False,0.13622373017249023,True,0.010726593380187636,0.9946120381355286
1000384,773.6329592866557,500,False,0.12055251251187697,True,0.010732434768002447,1.1901086568832397
1000416,751.5429374705027,500,False,0.0838929284988638,False,0.010674968396197143,1.2518994808197021
1001056,738.7265565126621,500,False,0.15289655955702586,True,0.010666787178116038,1.842586874961853
1001616,874.2175013710346,500,False,0.11972523040930584,True,0.010542588140146022,1.9741066694259644
1002416,822.5152680180461,500,False,0.06741306165935883,False,0.010492958630362655,1.4334582090377808
1003328,825.6261263479516,500,False,0.08104815028536057,True,0.010412834060990918,1.5681734085083008
1003680,768.3583729789724,500,False,0.07091847839663923,True,0.01053044457608006,1.4556643962860107
1004128,572.4036018709592,500,False,0.3882934529122216,True,0.010503939470464418,1.1557555198669434
1004272,817.8647283496454,500,False,0.10288263129948189,True,0.010629807408531587,0.9567099809646606
1005600,884.5669254692368,500,False,0.10551513685319056,False,0.010583926525710162,1.9631003141403198
1006480,716.2700253438205,500,False,0.16446200677598222,True,0.010406045065203734,1.2269668579101562
1006848,821.6916690385294,500,False,0.015242043524528823,True,0.010475298656181756,1.358746886253357
1007632,849.0354501041012,500,False,0.07083734095687362,True,0.010464284770125292,1.5212597846984863
1007696,778.9810071510776,500,False,0.13181608662978542,True,0.010417037851931822,1.2726812362670898
1007712,779.464638524902,500,False,0.03203998019356024,False,0.010421301295457756,1.3311107158660889
1008112,821.6282013510692,500,False,0.0655696361251026,True,0.010421267266606617,1.385482668876648
1008384,731.8666907708421,500,False,0.11587712670712146,True,0.010435254054825066,1.7154234647750854
1008416,781.7553973878283,500,False,0.0627757421138433,True,0.010457210692074637,2.2420172691345215
1009056,865.4346285519675,500,False,0.09070242706359226,False,0.010453400100371891,2.442380428314209
1009616,721.6444846613749,500,False,0.2605721068470458,True,0.010520868871669416,1.377319097518921
1010416,848.9394310522724,500,False,0.05594032405570645,False,0.010414352793179534,1.2221221923828125
1011328,767.9595039964933,500,False,0.09763122058809819,True,0.010084326070855743,3.1758341789245605
1011680,705.4576909187606,500,False,0.012959478020657996,False,0.009936892368450086,1.6314598321914673
1012128,812.511571411571,500,False,0.03231719010735352,True,0.009858250084364693,1.2766990661621094
1012272,742.7776418005667,500,False,0.08297087449709976,True,0.009793094732529397,1.5315728187561035
1013600,744.3892590113696,500,False,0.08727143952756815,True,0.009784931638423599,1.2416787147521973
1014480,696.6170924457756,500,False,0.29704838316137033,True,0.009807597049319192,1.4732915163040161
1014848,758.0903950213601,500,False,0.046112235621644765,True,0.009751671629260232,1.2211878299713135
1015632,754.1568939942091,500,False,0.14125656216883387,True,0.009700676398509347,1.422564148902893
1015696,678.0741005045757,500,False,0.11599028854596996,True,0.009914973555151387,1.5333802700042725
1015712,796.5367302155107,500,False,0.061031967427128915,True,0.009912835812616046,1.1408149003982544
1016112,842.8411686508149,500,False,0.06237650565888088,True,0.009909978516180551,1.9898236989974976
1016384,776.9662035416828,500,False,0.060097312024298834,True,0.009848896110500657,1.1128289699554443
1016416,798.3667008171336,500,False,0.10972791643989653,False,0.009793246028168832,1.1684865951538086
1017056,810.4263076628977,500,False,0.08876852841704959,True,0.009791702272488835,1.218491554260254
1017616,746.5749442609665,500,False,0.0838585477646761,True,0.009921199031327979,1.4081315994262695
1018416,804.0624980010248,500,False,0.07374891323474292,False,0.009909289819281276,1.0445585250854492
1019328,772.404588645097,500,False,0.06812243878353519,True,0.009790695142036303,1.268405556678772
1019680,726.4036157781304,500,False,0.10591859107873582,True,0.009673257414346288,1.8918150663375854
1020128,729.6280329337053,500,False,0.13617207210345703,True,0.00965979661906781,1.295935034751892
1020272,840.454126788494,500,False,0.05385968495942075,True,0.009593845187043652,1.157083511352539
1021600,676.4953406196711,500,False,0.2095859874193491,True,0.009581913934047127,1.2963770627975464
1022480,841.5195998747157,500,False,0.05646799501240133,False,0.00975099925619378,1.5684707164764404
1022848,839.7328719243563,500,False,0.16806934638357718,True,0.009525909881176997,1.1177699565887451
1023632,792.1420908898219,500,False,0.09417970116993603,True,0.009662838643333409,1.263573408126831
1023696,729.9308843655282,500,False,0.11770211844607308,True,0.00964877784766417,1.2141233682632446
1023712,789.7329920878551,500,False,0.023350569402500788,True,0.009655655860137216,1.27968168258667
1024112,820.1464060930856,500,False,0.05645825450255379,True,0.009654241587901702,1.497745156288147
1024384,781.4070136710706,500,False,0.07166485754758772,True,0.009723296972115394,3.411492347717285
1024416,733.777760932171,500,False,0.15070979782690394,True,0.009724681726864968,1.6259815692901611
1025056,848.3909047080882,500,False,0.06898410874655327,True,0.0097050338153187,1.7023811340332031
1025616,782.0684610257027,500,False,0.10799866245160714,True,0.00950235636544029,2.2161006927490234
1026416,694.6681674672112,500,False,0.1771095970651555,True,0.009456320263513476,2.2269091606140137
1027328,724.7442217012976,500,False,0.20967419063781975,True,0.0095184906733728,1.1393215656280518
1027680,870.8724371861266,500,False,0.06851855003560045,False,0.009356496933593644,1.5440146923065186
1028128,759.7490282384189,500,False,0.05447004526896399,False,0.00929966973190502,1.6526224613189697
1028272,776.7682664371468,500,False,0.17482725424281423,True,0.009338619178782403,1.151637077331543
1029600,813.2014877562387,500,False,0.032173940934665086,True,0.009334678943972838,1.4911737442016602
1030480,750.1658241503284,500,False,0.13274628415415968,True,0.009428029066848576,1.4030230045318604
1030848,783.224310616188,500,False,0.08682425055948789,True,0.009598040078699044,1.6819896697998047
1031632,691.9390289512049,500,False,0.10679896446260327,True,0.009606527856876742,1.3396415710449219
1031696,848.056506947095,500,False,0.0960326638349916,False,0.009381239632368114,1.1459720134735107
1031712,814.82897618715,500,False,0.03388767411726252,True,0.009362945957013494,1.4113562107086182
1032112,702.3784404639503,500,False,0.24918864211063546,True,0.009352164322332487,1.3677735328674316
1032384,770.2947710227352,500,False,0.08418119906868732,False,0.009163539023400287,1.113742470741272
1032416,703.0771678907577,500,False,0.2142952139441538,True,0.009163459139181264,1.0045323371887207
1033056,646.7881054523277,500,False,0.13264706950657287,True,0.009171636448600619,1.681145191192627
1033616,799.8546352937868,500,False,0.10536990713139899,True,0.009379055832754706,1.554519534111023
1034416,869.1649094095559,500,False,0.05060724618998433,True,0.00953782006644178,1.5357208251953125
1035328,804.9973624592873,500,False,0.03328542599552817,True,0.009396809444736198,1.299989938735962
1035680,794.7080340590051,500,False,0.07765755368852953,True,0.009486181626514982,2.0443220138549805
1036128,713.7210261621258,500,False,0.1260116173632044,True,0.00943310995775149,1.9445579051971436
1036272,885.846305688325,500,False,0.06860205854324518,True,0.009316130347345032,1.0160845518112183
1037600,796.53237391947,500,False,0.10722586414306373,True,0.009347672203840923,1.225019931793213
1038480,770.9607950295916,500,False,0.12258818296947722,True,0.009375988136008932,1.228080153465271
1038848,844.6656598285434,500,False,0.12725144652314968,True,0.009470716086204029,1.8370513916015625
1039632,753.9533303461828,500,False,0.14287688106900825,True,0.009456569980047316,1.3156561851501465
1039696,838.4836940924638,500,False,0.027209461814473805,False,0.009376154032135101,1.6539744138717651
1039712,830.5345866031379,500,False,0.15884847118544512,True,0.009374863129636783,1.1195570230484009
1040112,760.1029895328263,500,False,0.10045481672347262,False,0.009374188311970276,1.361727237701416
1040384,732.5655595873875,500,False,0.15583007981145855,True,0.00923581070863391,1.203047275543213
1040416,748.3136482665071,500,False,0.09616322627024164,True,0.00922733750041385,1.5335400104522705
1041056,808.5779528318133,500,False,0.0799249524746512,True,0.009225694591160863,1.1282111406326294
1041616,764.3122629979106,500,False,0.13775103365990107,True,0.009124809115322846,1.5480023622512817
1042416,783.5284417990439,500,False,0.0713046478687938,True,0.009005186141810537,2.4964427947998047
1043328,813.0960705507592,500,False,0.09251247359275294,True,0.009210988496602197,1.248133897781372
1043680,799.4785444729622,500,False,0.06631634195873948,False,0.009136513496124857,1.293327808380127
1044128,759.9997108564162,500,False,0.08339555751820413,False,0.009112975045515417,1.0248172283172607
1044272,780.4144495386663,500,False,0.09998845250804456,False,0.009082141014795344,1.2218937873840332
1045600,794.1826268010105,500,False,0.02467097423437272,True,0.009052190019589769,1.9396164417266846
1046480,788.9643047328659,500,False,0.060107644872452806,False,0.008900960915581173,1.5812305212020874
1046848,799.3290464590912,500,False,0.051612187501602076,True,0.008805989129971836,1.1305813789367676
1047632,765.1671134798249,500,False,0.03398346358361579,True,0.008886860367490543,1.8860598802566528
1047696,800.221709621521,500,False,0.020033406245415875,False,0.009013463115650688,1.176633358001709
1047712,700.1747194443976,500,False,0.20251912974913364,True,0.00901263015427233,1.2592138051986694
1048112,880.6870634659707,500,False,0.04654167390782723,True,0.00900908089085727,1.3962678909301758
1048384,870.2157272920566,500,False,0.07368747311549217,True,0.008968256160812932,1.1993299722671509
1048416,822.4317213457131,500,False,0.06548598565429613,True,0.009136502341251873,0.9520560503005981
1049056,765.7995980763677,500,False,0.061339838808110565,True,0.009136720454920397,1.2401623725891113
1049616,706.0270611154139,500,False,0.11229408054017194,True,0.009167352575407932,1.3734256029129028
1050416,797.3135393898455,500,False,0.03225583035662049,True,0.008971694817531956,1.4789092540740967
1051328,796.01702767165,500,False,0.07894699898880335,True,0.00899440228699974,1.4897315502166748
1051680,789.4833403481023,500,False,0.08264901771694706,False,0.008756349092272233,1.505861520767212
1052128,762.7404570198304,500,False,0.112616404402823,True,0.008649581957968987,1.7518746852874756
1052272,797.4809403229857,500,False,0.10398858123609213,False,0.00863686225272803,1.3396869897842407
1053600,834.9584483436983,500,False,0.0368392950041243,True,0.00862061258820837,0.8478379249572754
1054480,809.1507660471755,500,False,0.127978255846336,True,0.00882300867503283,1.3525844812393188
1054848,693.0750446070721,500,False,0.1704773405142377,True,0.008806181640995413,0.9946049451828003
1055632,777.3848616484462,500,False,0.07617723550599427,True,0.008848931351660632,1.8790979385375977
1055696,720.8376561687984,500,False,0.053640722965714226,True,0.008771659653164348,1.504582405090332
1055712,774.3099048795382,500,False,0.06690045001022162,True,0.008772487814873033,1.4177148342132568
1056112,753.0693090620325,500,False,0.08416630627066002,True,0.008768895887027056,1.1100609302520752
1056384,761.1957717275609,500,False,0.15169379874490288,True,0.008646392976794906,1.2015347480773926
1056416,788.7973679526156,500,False,0.09302711904762784,True,0.008559061306824533,1.1867649555206299
1057056,772.8247873207698,500,False,0.11855248164540058,True,0.008551785615861836,1.2221941947937012
1057616,760.7472326410543,500,False,0.08651239816032749,True,0.008597536394403875,2.0850298404693604
1058416,822.4137368738236,500,False,0.029630489717005635,True,0.008815018579272478,1.0514904260635376
1059328,872.0061680055134,500,False,0.05523059676749798,False,0.009029523389824046,1.713305950164795
1059680,692.0163063066362,500,False,0.08877142107798287,True,0.00917440556420223,1.430899977684021
1060128,847.2768313689543,500,False,0.06339342118107072,True,0.00915329857451767,1.3648325204849243
1060272,782.6060541769165,500,False,0.10951005557077928,True,0.009170732038290079,1.2957971096038818
1061600,780.0376796684168,500,False,0.06534332005476537,True,0.009130121232421153,1.957308053970337
1062480,775.8679129628022,500,False,0.0448685011026121,True,0.00883132297497035,1.3328624963760376
1062848,807.3434707816867,500,False,0.12612721949000938,True,0.008949986498431104,1.3423930406570435
1063632,880.9971184118135,500,False,0.04859332708855304,False,0.00901559924067799,1.7381905317306519
1063696,831.1308058966166,500,False,0.06415119868778973,True,0.008935104741485242,1.5820226669311523
1063712,765.5219673425429,500,False,0.0722366550436253,True,0.008891581677138678,1.6357735395431519
1064112,848.6312224338141,500,False,0.042428938613270205,False,0.008884700234317209,1.167524814605713
1064384,778.760812218696,500,False,0.026558923815705838,True,0.008896259720581163,1.4588814973831177
1064416,781.2740137078764,500,False,0.09210019786882737,False,0.008900794769850272,1.276627540588379
1065056,762.0831963720905,500,False,0.1552038532452419,True,0.008904964846935856,2.015347480773926
1065616,863.6405210265398,500,False,0.08207854435087589,True,0.00895094233828891,1.1704189777374268
1066416,894.70634660673,500,False,0.019285452556410877,True,0.008915941893351272,1.3633513450622559
1067328,736.0344173801599,500,False,0.11995655646865158,True,0.008957776542500321,0.9943723678588867
1067680,724.6865044494867,500,False,0.13703618328428802,True,0.008862818222317947,1.0483267307281494
1068128,753.5646380963765,500,False,0.11659273806363614,True,0.008757298555905362,1.4501149654388428
1068272,813.5776471439676,500,False,0.07277412053059394,False,0.008750085323157306,1.3940162658691406
1069600,766.7051227250573,500,False,0.017445393870058463,True,0.008738268286779864,1.4006016254425049
1070480,765.046404646826,500,False,0.1147755007170997,True,0.008765695807176399,1.176824688911438
1070848,759.161603948143,500,False,0.056163474164600886,True,0.00878192420088464,1.1731632947921753
1071632,800.540520130319,500,False,0.09457278533188125,False,0.008840469719380479,1.8303825855255127
1071696,803.3949455092926,500,False,0.03811549442142135,True,0.008724762357941217,1.321998119354248
1071712,781.4599242016167,500,False,0.10472347394993421,True,0.008708000825634016,1.9516491889953613
1072112,783.0227202434777,500,False,0.13113360321535644,True,0.008701891692830093,1.2006727457046509
1072384,777.4104908674144,500,False,0.12478873717593968,True,0.00866914415047489,1.2302219867706299
1072416,777.7864700566588,500,False,0.10622940691437743,False,0.008648274191154834,1.1152446269989014
1073056,805.8749961833246,500,False,0.07329474038194753,False,0.008646980839726637,1.4838614463806152
1073616,893.5926162289605,500,False,0.03076115938261405,True,0.008954974440083094,1.3445687294006348
1074416,850.1187175988805,500,False,0.05736903001948765,True,0.008781002157969663,1.4872065782546997
1075328,781.4973075766502,500,False,0.08198762761500049,True,0.008645776029525305,1.2171188592910767
1075680,800.3955641778183,500,False,0.11493344967165645,True,0.008720658427939428,1.430181622505188
1076128,770.8388675006123,500,False,0.16652176149939224,True,0.00872450361816549,1.3580877780914307
1076272,746.9377994252105,500,False,0.07006661890665519,True,0.00880408375640049,1.0148649215698242
1077600,814.595135213908,500,False,0.07033863669858313,True,0.008799769691714735,0.9995751976966858
1078480,812.9228747099991,500,False,0.08140777989314847,False,0.008898207541455,1.1056439876556396
1078848,808.441158323925,500,False,0.04553082539824873,True,0.008710690735772991,1.2852628231048584
1079632,778.4449024278123,500,False,0.14940363927486644,True,0.008782536529917588,1.3233157396316528
1079696,798.2619471850325,500,False,0.05382488017905449,True,0.00875489867710331,1.714669942855835
1079712,742.3187511552082,500,False,0.08967473385830972,True,0.00873455355020938,1.4914944171905518
1080112,804.5647296937514,500,False,0.1098790268078086,False,0.008730321242352897,1.1085572242736816
1080384,807.259791215594,500,False,0.08241557377493722,True,0.008765851374381694,1.2045884132385254
1080416,802.4095224803615,500,False,0.05553083463814046,True,0.008832566662909578,0.8773914575576782
1081056,778.369899217274,500,False,0.032105849601150906,True,0.008829659755955564,1.4621589183807373
1081616,802.0648310846603,500,False,0.05503454352799078,True,0.008745474546352515,1.530764102935791
1082416,772.2619374501709,500,False,0.03554750202446429,True,0.008825376802119254,1.137531042098999
1083328,810.5293032607074,500,False,0.09493563765898691,True,0.008843726125676611,1.7920972108840942
1083680,770.1592745177063,500,False,0.1366140960114176,True,0.00896647909640603,1.708160400390625
1084128,829.1998248573993,500,False,0.07173734018112894,True,0.009028248015420117,1.4138129949569702
1084272,767.3575620416532,500,False,0.11066709763150302,True,0.009005680540192715,1.0392985343933105
1085600,777.8452513267089,500,False,0.05912006718738621,True,0.008985466996085956,1.9393309354782104
1086480,816.0432871128785,500,False,0.029554376014622723,True,0.008830775081665064,1.541414499282837
1086848,813.8908077592216,500,False,0.03143293216608856,True,0.009024134464524857,0.9961117506027222
1087632,791.4306790621544,500,False,0.12365418413434881,True,0.008991682223348643,1.2071287631988525
1087696,858.87470855215,500,False,0.07189147476550674,True,0.00872843296526493,1.8976998329162598
1087712,840.6936665788138,500,False,0.06451676479362498,True,0.008725950162356834,1.7858901023864746
1088112,802.9838923289977,500,False,0.1024701937771707,True,0.008723093799534785,1.347914695739746
1088384,850.3265876469985,500,False,0.04107359372171049,True,0.00876754281731851,1.108386516571045
1088416,788.4080731170224,500,False,0.06188485008814871,True,0.008806628956162764,1.8793392181396484
1089056,740.4816491962623,500,False,0.16277278572372064,True,0.008824219121438028,1.1351464986801147
1089616,907.1012210254978,500,False,0.032084414933928544,True,0.008841802853145312,1.2129688262939453
1090416,734.6093964142161,500,False,0.12861095141635592,True,0.008799134646888706,0.9095659255981445
1091328,811.5783094282474,500,False,0.09216557714455392,True,0.008641219939149602,1.2185182571411133
1091680,778.9183499967821,500,False,0.05909822098605902,True,0.008632454585206003,2.0622682571411133
1092128,783.2019120737822,500,False,0.0827206626327913,True,0.008585891804286132,1.0856448411941528
1092272,744.9389602133364,500,False,0.036648264449231374,True,0.008691274864823233,1.3169764280319214
1093600,796.8433193470928,500,False,0.04993792870540146,True,0.008687044975698426,1.189979910850525
1094480,721.2872249155376,500,False,0.26131650695302355,True,0.008733278564025622,0.8991588354110718
1094848,802.8551696379265,500,False,0.11738382188385052,True,0.008514510401639336,1.2499785423278809
1095632,714.2350571377112,500,False,0.16466413678541036,True,0.00867050710603554,1.1911004781723022
1095696,631.1940902976861,500,False,0.07565847153047404,True,0.008549867594872963,1.483318567276001
1095712,789.4776650127599,500,False,0.10789816624372178,False,0.008495899184994634,0.9853227138519287
1096112,852.7356257984695,500,False,0.06000617801260102,True,0.008483690465860255,1.2317135334014893
1096384,793.7286042328356,500,False,0.08829748786465286,True,0.008447634977678992,1.318730354309082
1096416,774.3622956202325,500,False,0.06364996824602437,True,0.008497801105726368,0.9415184259414673
1097056,842.9606869461522,500,False,0.033670771200906134,True,0.008493563427280863,1.1532258987426758
1097616,725.1740688983216,500,False,0.17372637014589998,True,0.008504585186712814,1.151916742324829
1098416,798.1508033232031,500,False,0.12391785924121358,True,0.008588279392119957,2.0152907371520996
1099328,814.465624349345,500,False,0.04674280194037336,True,0.00860166619154377,1.0168371200561523
1099680,795.337122342667,500,False,0.1287411923206417,True,0.008549563382105229,1.0767830610275269
1100128,789.1755470559526,500,False,0.07176669169829634,True,0.008465256298757839,1.4652948379516602
1100272,768.1983214558169,500,False,0.04913325443022006,True,0.00841918910474712,1.3219702243804932
1101600,767.8420693703572,500,False,0.130468670924816,False,0.008396564163923812,0.9016904234886169
1102480,800.2682472836732,500,False,0.036163233222490467,True,0.008819742207931733,1.3080475330352783
1102848,798.1907506931201,500,False,0.08355238861649465,False,0.008616175140076888,0.9612804651260376
1103632,754.4872634120859,500,False,0.05988753249412647,True,0.00858775275914782,1.1062066555023193
1103696,863.1792197832721,500,False,0.08334835063608972,False,0.008667791540493863,1.2201800346374512
1103712,763.4466007531562,500,False,0.12297841743477965,True,0.00865343296152394,1.0062973499298096
1104112,773.4232655774703,500,False,0.09392714643935303,True,0.008650725188268463,1.2586097717285156
1104384,686.9747931587086,500,False,0.10881023740196387,True,0.008615904772683917,2.114096164703369
1104416,833.1540745690735,500,False,0.07794067673136403,True,0.008655947330382815,1.0918617248535156
1105056,781.0518886882699,500,False,0.0712548452735407,True,0.008660385861274586,1.502380132675171
1105616,858.2613518667831,500,False,0.04768966821170585,True,0.008626295554010004,1.0794270038604736
1106416,740.8284485407729,500,False,0.08539518374053856,True,0.008743502513662632,1.515334129333496
1107328,746.7192646781456,500,False,0.09024344527545307,False,0.008753097064241672,1.0446250438690186
1107680,804.863641490343,500,False,0.059774166636853934,False,0.008688599746861652,1.1162906885147095
1108128,830.4944227345552,500,False,0.017424309100161982,True,0.008665145717532605,1.20086669921875
1108272,768.0519128459119,500,False,0.08294054916453049,True,0.008540980094157194,1.5414605140686035
1109600,727.601911245217,500,False,0.10221462109266873,True,0.008519478706433558,1.4452744722366333
1110480,801.5961301603286,500,False,0.04656719006420144,True,0.008495217094178794,1.0766549110412598
1110848,852.5613864699441,500,False,0.06918894835558406,True,0.008281206949985657,3.187197208404541
1111632,838.4947586470911,500,False,0.051298491324731355,True,0.008251832618145086,1.1046587228775024
1111696,768.6969757635634,500,False,0.07329898904896184,True,0.008324314827194078,1.8398537635803223
1111712,832.6282720452715,500,False,0.03610821644392225,True,0.00830151063422647,1.2738149166107178
1112112,792.6369348848095,500,False,0.05026213920747092,False,0.008295845448070542,1.6852335929870605
1112384,872.0492277555209,500,False,0.03749810616662452,False,0.008209379506196553,2.181199073791504
1112416,772.9065170065138,500,False,0.10776231138881362,False,0.008159597635910584,1.319077730178833
1113056,755.0268383665863,500,False,0.10895629760652449,True,0.008150808366187685,1.2163147926330566
1113616,909.9588729494217,500,False,0.04619433695775288,True,0.008222835611388167,1.5181313753128052
1114416,756.4269238805881,500,False,0.07741702446316857,True,0.008323677718199494,1.1632471084594727
1115328,809.0948101569819,500,False,0.051487878089639,True,0.00821154003596199,1.2115473747253418
1115680,868.2358471454064,500,False,0.06339087479298983,True,0.008362244351748557,1.297795295715332
1116128,808.1514422918076,500,False,0.08493385406625735,False,0.008265577855987489,0.9930382966995239
1116272,790.4219140159303,500,False,0.05111026244997322,False,0.00822312362523237,1.0753434896469116
1117600,765.5858579560507,500,False,0.08343925817751902,False,0.008251401172632834,0.8021228313446045
1118480,828.9807502680818,500,False,0.04884245901806017,True,0.008328379570404732,1.344374656677246
1118848,813.0907743929149,500,False,0.11727736200310847,False,0.008165783903086749,1.5419840812683105
1119632,778.1441079749092,500,False,0.12146505913320317,True,0.008177018383250403,1.2422966957092285
1119696,811.402237135674,500,False,0.11511478839877479,True,0.008190181907388357,1.5008779764175415
1119712,781.6121849285754,500,False,0.13504608253700237,True,0.008176018547469978,1.1385798454284668
1120112,847.3398154884718,500,False,0.05819693393185136,False,0.008169839968892131,1.6146951913833618
1120384,811.7796033750568,500,False,0.06737442525054158,False,0.008110717324102458,0.8966237306594849
1120416,779.6294823596578,500,False,0.021358175951148313,True,0.008132168044325596,1.7031257152557373
1121056,755.5198110666744,500,False,0.17329798137164124,True,0.008131933019763875,1.3645038604736328
1121616,788.4525105793641,500,False,0.0805279803593774,True,0.00802050692017635,0.985821008682251
1122416,700.4176314690047,500,False,0.16481754744915772,True,0.00803376550642943,1.2052218914031982
1123328,721.4309252155018,500,False,0.18175815208209034,True,0.007991553499768803,1.1833971738815308
1123680,833.3086682976597,500,False,0.061360543049496626,True,0.00796099379222792,1.0727407932281494
1124128,836.236499951031,500,False,0.10500919854488026,True,0.007954829623035422,1.166562795639038
1124272,816.8128907901041,500,False,0.09825244831976172,True,0.007964942597208702,0.9594072103500366
1125600,799.9879556303181,500,False,0.10233545259194753,True,0.008054984675271954,2.456071376800537
1126480,871.0294113600095,500,False,0.02297289498418555,False,0.008079759648537611,1.2521916627883911
1126848,806.0289866313348,500,False,0.08603118642254486,True,0.008063240947816092,1.4443446397781372
1127632,823.1589004243456,500,False,0.14840456338914831,True,0.008087796565821311,1.1929316520690918
1127696,831.1111707429453,500,False,0.04789774795168724,True,0.007849056080640885,1.0292880535125732
1127712,884.8282856083325,500,False,0.04456191498152962,True,0.00782835256174194,0.9799383878707886
1128112,786.0791370939208,500,False,0.11980135900658433,True,0.0078220486687646,1.2699419260025024
1128384,825.2290197823671,500,False,0.0739566090220627,True,0.007687153173954765,0.9540667533874512
1128416,784.4541441377468,500,False,0.10676613902925654,True,0.007660895111477123,0.9525823593139648
1129056,761.1147865293378,500,False,0.15196571465148054,True,0.007661461759365007,1.1915395259857178
1129616,792.9296477970767,500,False,0.048709027520554574,True,0.0078300904800851,1.3283195495605469
1130416,765.3770463021301,500,False,0.19452280515434414,True,0.007858640302462524,1.086398720741272
1131328,743.0276916027539,500,False,0.11304627674636011,True,0.007627999239384103,1.0271661281585693
1131680,758.2666244614949,500,False,0.08190522460092561,True,0.007620295271341078,0.9829976558685303
1132128,833.3910304708934,500,False,0.057518335562000186,True,0.007704469016422187,1.1821231842041016
1132272,818.5829229522994,500,False,0.07524198488870366,True,0.007795986464432008,0.8338863849639893
1133600,723.6881383511495,500,False,0.08815788802911673,True,0.007837099962138496,1.0376261472702026
1134480,797.4124501863212,500,False,0.019516301778953603,True,0.008086373227561236,1.070636510848999
1134848,806.6865732609992,500,False,0.0375810460786378,True,0.008170027269733855,1.399978518486023
1135632,779.0948308891918,500,False,0.12207784451955739,False,0.008183541699467488,0.9827861785888672
1135696,825.7596504885213,500,False,0.0704603712676099,True,0.008258566869313767,1.2352099418640137
1135712,820.4536272470966,500,False,0.08122608730027675,False,0.008275382282328263,1.3308632373809814
1136112,765.39308248135,500,False,0.05491540690964393,True,0.008282320743421587,1.1451330184936523
1136384,821.9016128269542,500,False,0.06112592655660131,True,0.008164441028354527,1.1166540384292603
1136416,814.9157932968963,500,False,0.0715011364285053,True,0.008025376409269033,0.8621590733528137
1137056,773.4398334926304,500,False,0.13212024783110046,True,0.008015677185978875,1.0325511693954468
1137616,790.66752432166,500,False,0.05356021346793097,True,0.008095865522295232,1.3043951988220215
1138416,880.0725783329759,500,False,0.03620719129495234,True,0.008131103097147784,1.061189889907837
1139328,838.7451494410493,500,False,0.05709164642452644,True,0.008016914781278441,1.227638602256775
1139680,809.5799347392738,500,False,0.06059133976117604,True,0.007912533701334204,2.0891199111938477
1140128,723.2536968148761,500,False,0.18777834880608996,True,0.007978677099310003,0.9569624662399292
1140272,794.9504645067175,500,False,0.0353295144475946,True,0.008048775374646138,1.0839548110961914
1141600,828.0988511725702,500,False,0.04428410222296989,True,0.008071506954677706,0.8920037746429443
1142480,846.349900545547,500,False,0.0708411112933102,True,0.007901885435982914,1.5332016944885254
1142848,798.8218687163901,500,False,0.07591115122139984,True,0.007695019308238401,1.0875766277313232
1143632,828.2344748203603,500,False,0.08243228512344679,True,0.007630611958168267,0.778994619846344
1143696,741.9637151938175,500,False,0.14429116125674937,True,0.007553778237096183,0.9468835592269897
1143712,644.7461147314472,500,False,0.25261314845787014,True,0.0075195808502102205,1.465440034866333
1144112,795.0904629767821,500,False,0.0408787083013901,True,0.007512842587028209,1.1850156784057617
1144384,809.4936169837298,500,False,0.06792308687113992,True,0.007416277791808773,1.289982557296753
1144416,781.6557056403226,500,False,0.08799517071414323,True,0.00740359303578558,1.2140007019042969
1145056,889.0870061629486,500,False,0.06826264046092483,True,0.0073936904346928985,0.973771333694458
1145616,822.1786654727723,500,False,0.03737374304780309,True,0.007269138543902607,1.2070635557174683
1146416,818.6617014988094,500,False,0.025728739673978065,True,0.007346850906798718,0.88133305311203
1147328,772.9977209571034,500,False,0.07872628533338832,True,0.0075394439028954865,1.2663586139678955
1147680,748.8637884907943,500,False,0.09645486693094445,True,0.0075599829055843165,1.066030740737915
1148128,885.5965278115312,500,False,0.025316049468533792,True,0.00760186181721919,1.5596355199813843
1148272,858.606671915572,500,False,0.11739338648467446,True,0.007546001599343704,1.1744234561920166
1149600,855.4593356737865,500,False,0.029432774352243354,True,0.007571365058889601,2.2243614196777344
1150480,758.012386946158,500,False,0.02940897273544446,True,0.0075595254598788955,1.4189567565917969
1150848,800.7893195017426,500,False,0.12946696084570483,True,0.007493880788698617,0.763117253780365
1151632,743.9907346969198,500,False,0.12367648142567576,True,0.0074444386314155495,1.130629062652588
1151696,779.7536449886146,500,False,0.12777509216735922,True,0.007480460984008517,1.1755555868148804
1151712,842.1191502193386,500,False,0.0341672540738625,True,0.0074734506851836385,0.9071702361106873
1152112,698.4714507087795,500,False,0.20044875278174,True,0.007471134093655641,1.0591694116592407
1152384,806.1414525988646,500,False,0.04145626080579685,False,0.0074627999906054805,0.9197196960449219
1152416,865.0531328114904,500,False,0.022005777147787016,True,0.0074331377702496594,0.8510839939117432
1153056,745.0743750416148,500,False,0.08677245298528699,True,0.00742468713419577,2.0458316802978516
1153616,709.6910338104747,500,False,0.08510779023042314,True,0.007343904930483925,1.0282037258148193
1154416,861.4366608842379,500,False,0.04604389926311806,True,0.007438460305218185,1.2074387073516846
1155328,836.5018346242956,500,False,0.037965379117026604,False,0.007328621348120792,0.9531959891319275
1155680,903.6524967965502,500,False,0.010622353705176252,False,0.007295413521770095,1.032656192779541
1156128,741.5099569863188,500,False,0.12877619668281087,True,0.007331638906659428,1.0472612380981445
1156272,783.6864242711855,500,False,0.03478225136366328,True,0.0073414741630767125,0.9582173824310303
1157600,723.3929381663212,500,False,0.18016732117262185,True,0.007276947335529414,1.2465236186981201
1158480,793.0106446305674,500,False,0.028685164189292,True,0.007211999186703175,1.0035622119903564
1158848,846.7924880645537,500,False,0.09665865319650588,True,0.007242194321049411,0.8399441242218018
1159632,836.7381399364497,500,False,0.06508032886224681,True,0.007296892077685378,0.7487530708312988
1159696,732.708064715087,500,False,0.14754406090183117,True,0.007332310291072903,1.0407209396362305
1159712,808.7769134009784,500,False,0.052381881642487554,False,0.007326540149369213,1.21451735496521
1160112,761.934771251718,500,False,0.056447147313929115,True,0.007325049289093605,1.3656672239303589
1160384,828.6166082484654,500,False,0.10858841112694367,True,0.007365643261767329,1.496999740600586
1160416,870.7998314766746,500,False,0.0528275173057014,True,0.007505023561248128,1.4046140909194946
1161056,875.1825410330744,500,False,0.04556857813262685,False,0.007506317883817504,1.1220285892486572
1161616,804.836415632628,500,False,0.06679507389689382,True,0.007437938229804172,0.9698549509048462
1162416,747.39287141355,500,False,0.11367495570376746,True,0.0074325802835140085,1.1467084884643555
1163328,883.6210620525112,500,False,0.05508922877398757,True,0.00731223447990807,0.8243066072463989
1163680,836.1688944295908,500,False,0.09236337026274699,True,0.007099499915877001,1.1480869054794312
1164128,748.4209956634755,500,False,0.14129622156681346,True,0.007079913965162016,0.9646932482719421
1164272,859.0010225969552,500,False,0.06174612452897747,True,0.007150811736747251,1.253911018371582
1165600,788.0869175561133,500,False,0.19195283757399978,True,0.007111931734386444,0.9762675762176514
1166480,794.2897113483781,500,False,0.11853790313496526,True,0.007004142746133001,1.2678160667419434
1166848,784.918139415602,500,False,0.09653954866599446,True,0.006896009049654421,1.053292155265808
1167632,868.1015740274514,500,False,0.05481198245277523,False,0.006944069866882714,0.7978482842445374
1167696,835.0537429873967,500,False,0.07015800959865512,True,0.0070730976059525255,0.8906880617141724
1167712,816.3090878963045,500,False,0.08024655542907455,True,0.007044571979288382,1.03297758102417
1168112,838.8944340022823,500,False,0.013273378328743353,True,0.00704029603339051,1.063199520111084
1168384,785.6794279874705,500,False,0.041182325070359904,True,0.00708716835950353,0.8387695550918579
1168416,883.3023365010566,500,False,0.007155361182721821,False,0.007073855596535722,1.0429835319519043
1169056,775.2639261560076,500,False,0.06482526563026164,True,0.0070582383935831475,1.2539886236190796
1169616,843.0342553678156,500,False,0.05869665810583728,True,0.0068740227527328305,1.1241199970245361
1170416,838.6166971060088,500,False,0.050123173052397975,False,0.006857227328344665,1.132361888885498
1171328,845.5275680604415,500,False,0.0731411416602061,False,0.006836285757485563,1.1223130226135254
1171680,683.3291256374492,500,False,0.14143852616907926,True,0.006888494255214952,1.0338252782821655
1172128,788.4625786667245,500,False,0.08703506923756645,True,0.006882439370410989,1.1431790590286255
1172272,802.6835643603706,500,False,0.05999726684271334,True,0.0070252704284103525,0.9951693415641785
1173600,829.8231561381675,500,False,0.08094127015756475,False,0.007018640392469716,1.0673699378967285
1174480,817.0612316767546,500,False,0.10021741635517593,True,0.0069991759038083795,2.8845365047454834
1174848,864.561289318486,500,False,0.023118789141702376,True,0.007074754208127301,1.0453088283538818
1175632,752.0609789683215,500,False,0.10055581483497082,True,0.006994888968857683,0.9110431671142578
1175696,794.2630264482153,500,False,0.10347146810066751,True,0.00692015341569312,1.1891875267028809
1175712,790.2270967879301,500,False,0.07475292964220183,True,0.006915726943189902,1.1629934310913086
1176112,736.771880569001,500,False,0.17343666093531407,True,0.006911541251692358,1.1975834369659424
1176384,854.1439822575445,500,False,0.059824841256824905,False,0.006992677111417376,1.645835518836975
1176416,835.6546024297978,500,False,0.05701734258794469,True,0.007073079097170565,0.9880214929580688
1177056,715.8610046450793,500,False,0.1143954668825166,True,0.0070790609873431255,0.9849554300308228
1177616,726.956868254069,500,False,0.13700814497884406,True,0.007065574946739524,1.0594689846038818
1178416,758.5336884911972,500,False,0.1549964081158215,True,0.007176546257675708,1.0735664367675781
1179328,802.6946076112926,500,False,0.11935802960287425,True,0.007259814013169472,0.92112135887146
1179680,737.7687192476646,500,False,0.14830202284836577,True,0.007093029762582623,2.00766921043396
1180128,821.191102431272,500,False,0.08732629592754476,True,0.007126162379063107,1.1374220848083496
1180272,852.7150405633562,500,False,0.05664430326513804,False,0.007130359285675112,0.8930759429931641
1181600,835.1825050300977,500,False,0.04985524364595056,True,0.007113805980086196,0.8152318000793457
1182480,826.0346889122524,500,False,0.07383900474183716,True,0.007148137786851348,1.2277437448501587
1182848,820.0529702779901,500,False,0.06874030006752475,True,0.007054137871708154,1.0350561141967773
1183632,780.9400098920364,500,False,0.08971036815121368,False,0.007004100339974519,1.2465581893920898
1183696,807.0108918490428,500,False,0.1829528797661876,True,0.007100690308766794,1.1174359321594238
1183712,839.059185554078,500,False,0.06379238729400401,False,0.007130478553473656,1.0988554954528809
1184112,772.6527276448627,500,False,0.07289748388145412,True,0.0071364125879102664,0.8579090237617493
1184384,726.0983615676784,500,False,0.1673018125688837,True,0.007272936161578451,1.8885996341705322
1184416,752.6520338465349,500,False,0.188670070244536,True,0.007353632810588111,0.765518069267273
1185056,749.8452122508754,500,False,0.04865758712253097,True,0.0073576754386222975,1.0147531032562256
1185616,786.8442717539508,500,False,0.05217212510395259,False,0.007365846040357847,0.8890613913536072
1186416,771.7355210100588,500,False,0.10257485225732625,False,0.007430377737754747,0.8275362849235535
1187328,838.8334914948518,500,False,0.07765577373334312,False,0.007248356487700904,1.0008052587509155
1187680,754.2569083073413,500,False,0.07316917070723909,True,0.007108382066838244,1.0738495588302612
1188128,809.7565154299782,500,False,0.05309426041170584,False,0.007001637685780323,1.024237036705017
1188272,807.4659242318373,500,False,0.09259394921916372,True,0.006903897507083496,0.843048095703125
1189600,717.8914832731642,500,False,0.09409106436004543,True,0.006895821468146988,0.9004260301589966
1190480,772.4770493189897,500,False,0.10227222098402605,True,0.007061843120270869,1.1721436977386475
1190848,757.2873016088121,500,False,0.10258415861930112,False,0.00707781574404565,0.6504093408584595
1191632,820.6673211882015,500,False,0.07777709833516436,True,0.007109198295662603,0.910111665725708
1191696,831.9580019236058,500,False,0.04119131548346893,True,0.006967000841345776,1.1922125816345215
1191712,866.7640998171541,500,False,0.04425203868489318,True,0.007002859315826905,1.0254037380218506
1192112,788.7723386298183,500,False,0.0799606634822018,True,0.007009579703628267,1.050063133239746
1192384,824.3859852471802,500,False,0.09504246953884095,True,0.007039606674010734,1.53952956199646
1192416,792.6511669224041,500,False,0.03811324656135394,True,0.007012432553420666,0.7461337447166443
1193056,842.2157254267197,500,False,0.06683275504183266,False,0.007016823355367707,0.9679436683654785
1193616,847.0746418560609,500,False,0.0825105674815526,False,0.00697997758740638,1.3740251064300537
1194416,791.7007874685174,500,False,0.06759285793981494,True,0.00698275874804337,0.9055556058883667
1195328,839.2491165002206,500,False,0.06136054724477727,True,0.007003345651873684,1.0250561237335205
1195680,752.2869935667875,500,False,0.06679788253574333,True,0.007044983395889575,1.0029555559158325
1196128,809.1014696383426,500,False,0.08744905539705616,False,0.007088628710338507,1.378538966178894
1196272,788.465656787394,500,False,0.11189763452552927,True,0.007084125080543869,0.9547412991523743
1197600,873.7268200640967,500,False,0.03023832184589427,True,0.007067791170775429,0.9368078708648682
1198480,771.570219562293,500,False,0.056590665739917494,False,0.006907143787315911,0.9562745690345764
1198848,783.6413358702271,500,False,0.0359372585737406,True,0.007211680396372139,0.8854722380638123
1199632,787.5039803407293,500,False,0.08770797443217569,True,0.0071868108696190565,0.8046098947525024
1199696,776.9287138483464,500,False,0.13971051256024797,True,0.007142668947848195,0.8430910110473633
1199712,809.850322126185,500,False,0.018119002073246848,True,0.00715353861626586,0.8755654096603394
1200112,781.6822428350605,500,False,0.0883483546054307,True,0.007192490906525542,0.914893627166748
1200384,776.8669405160138,500,False,0.17405538137171214,True,0.007195529373933023,0.7811727523803711
1200416,772.3530562464774,500,False,0.16026543171162708,True,0.007122751337217901,0.8660140037536621
1201056,717.2481574850875,500,False,0.16318240951207807,False,0.007113812478389779,1.120288372039795
1201616,840.0839721745523,500,False,0.069089089510103,True,0.007104761605155769,1.0468719005584717
1202416,820.3460710332772,500,False,0.0518860625942389,True,0.007037478175117123,1.400769591331482
1203328,802.7031435653372,500,False,0.034862164905619775,True,0.00703229360250083,0.7965821027755737
1203680,810.0792010318037,500,False,0.0996916493001264,True,0.006913008028584624,0.8364716172218323
1204128,817.4167460796134,500,False,0.02753740650320855,True,0.0069345361554310845,1.2152268886566162
1204272,835.7056270409191,500,False,0.04615273400745209,True,0.006914838075537551,0.8774084448814392
1205600,801.1363725986774,500,False,0.05926021557140649,False,0.006889247978057421,0.7713673114776611
1206480,871.7308856686093,500,False,0.07909341915984858,False,0.006701123372495293,1.0430835485458374
1206848,782.3039624419846,500,False,0.07593099911969663,True,0.006440581574657959,0.9411481618881226
1207632,763.3649368874211,500,False,0.06524921781761946,False,0.006494810560659575,1.285114049911499
1207696,806.6667251140246,500,False,0.05400509936424363,True,0.006580864752226681,1.5061339139938354
1207712,823.9819097116018,500,False,0.044319918738822815,True,0.00659080945125179,0.8371781706809998
1208112,816.0765214398134,500,False,0.055924344725739636,True,0.006590893897985594,1.146540880203247
1208384,854.8827522479282,500,False,0.054903638904115176,False,0.006586422659895687,0.8124611377716064
1208416,770.6346621610302,500,False,0.02243866243708015,True,0.00666461390633158,1.3337678909301758
1209056,761.3021076029763,500,False,0.055421912147901375,True,0.006681996713544502,2.037541389465332
1209616,801.295917831827,500,False,0.11059630569023343,True,0.006620576474101988,1.475796103477478
1210416,823.2855431711251,500,False,0.012402398483363808,True,0.006680158554374781,1.088300347328186
1211328,770.057011859514,500,False,0.09789837922264145,True,0.006709835384270738,0.7991663217544556
1211680,797.7148606557037,500,False,0.12184602823174308,True,0.006692241522460663,0.817018449306488
1212128,814.353210733962,500,False,0.04657247468656142,True,0.006742205479046338,0.6632494926452637
1212272,848.5753462424609,500,False,0.08127380816874683,True,0.006815372225338725,3.074730396270752
1213600,807.229048188231,500,False,0.030513452398573525,True,0.006796967150958411,0.7761115431785583
1214480,755.5452280157012,500,False,0.09970531123620632,True,0.006891422261994638,1.1139966249465942
1214848,789.3580356991904,500,False,0.061235678508371846,True,0.006815443686207938,0.939632773399353
1215632,782.1097033419337,500,False,0.04427730939596104,True,0.006756861553812353,0.8706941604614258
1215696,853.3347714089695,500,False,0.08186491924006109,True,0.006936595754455757,1.2507493495941162
1215712,799.564815705305,500,False,0.11768543962121111,True,0.006947258399491522,1.1514071226119995
1216112,815.1575635630679,500,False,0.032078418628571324,True,0.006951633773798084,1.030709147453308
1216384,783.0314326216053,500,False,0.14342915645998572,True,0.006971240376678812,0.9421737194061279
1216416,793.6541772354486,500,False,0.05145123431476487,False,0.006937772461854224,1.0763702392578125
1217056,846.146473535885,500,False,0.04203589360241321,True,0.006948729684443288,0.7189719080924988
1217616,789.1439471748758,500,False,0.08576843017655225,True,0.007011788645762925,1.3396778106689453
1218416,845.8067769415328,500,False,0.0345549501638143,True,0.0069152222871815645,0.7195231914520264
1219328,746.9853877512295,500,False,0.1274955373273243,True,0.006715213528511332,0.8924554586410522
1219680,829.6806488429589,500,False,0.0503887081209572,True,0.006641066344224144,1.7463949918746948
1220128,831.6917583318229,500,False,0.03678914773987983,False,0.006665373726072654,1.191441297531128
1220272,858.6712064282328,500,False,0.07706026002702708,True,0.006523778658626196,0.9672012329101562
1221600,778.9592825934142,500,False,0.10216143098667764,True,0.006498233815091161,1.5507888793945312
1222480,819.9864286098976,500,False,0.1524741120470505,True,0.006540525326819909,0.7826877236366272
1222848,794.70003025062,500,False,0.03481619745760813,True,0.006564625456991639,1.7192939519882202
1223632,768.8686230781013,500,False,0.06804977270521931,True,0.006530078513982091,0.9231042265892029
1223696,788.5792871319305,500,False,0.056320874259689076,True,0.006566924559046187,0.8712167739868164
1223712,801.5512123662637,500,False,0.1056926158563759,True,0.006547151981637104,0.7393406629562378
1224112,852.5467788161458,500,False,0.04485395524721466,True,0.006540457087157442,1.1303215026855469
1224384,826.0905938698262,500,False,0.06933697617828445,True,0.00643464992868472,0.738146185874939
1224416,820.2404858604447,500,False,0.12863849168016409,True,0.006403058414186299,0.8266605734825134
1225056,715.9923146892609,500,False,0.1382608462985286,True,0.006396818424281255,0.8619310855865479
1225616,774.5783900313728,500,False,0.06027262473217066,True,0.006228182349585079,1.1032966375350952
1226416,743.1975942623569,500,False,0.04930170158097704,True,0.006343059328782792,0.7505559921264648
1227328,818.577883332852,500,False,0.05601849374392295,True,0.006456879213497676,0.8101569414138794
1227680,778.5354725505814,500,False,0.08950815301812992,True,0.006493485559043994,1.6604325771331787
1228128,791.752872048795,500,False,0.0610902640834586,True,0.006406771606201661,0.8389503359794617
1228272,833.3661355692107,500,False,0.08466261549138412,False,0.006385101879069597,0.9378176331520081
1229600,699.2280414689354,500,False,0.1434975500664025,False,0.00635251586734069,0.8160218596458435
1230480,741.2604040874055,500,False,0.11718888124665429,False,0.006221764120997044,0.8544114232063293
1230848,786.811777499083,500,False,0.1358503115592612,True,0.006288373579094607,0.8951950073242188
1231632,823.8403307870598,500,False,0.11503684428757867,True,0.0063999397091055125,1.7836499214172363
1231696,776.0564870518483,500,False,0.06666628095543481,True,0.00654921354643546,0.7426007986068726
1231712,772.1533318215756,500,False,0.096898842666227,True,0.0065242554927615205,0.9487175345420837
1232112,809.4812025038391,500,False,0.1069358658815013,True,0.006516366226100529,1.0110728740692139
1232384,734.447970542181,500,False,0.10376254781824444,True,0.006431082836162773,1.4419023990631104
1232416,876.0710268375275,500,False,0.04069655795677077,True,0.006464530789184735,1.4679712057113647
1233056,861.4264054005515,500,False,0.0801677330219816,True,0.006468897332606435,0.8744078874588013
1233616,799.5327054949026,500,False,0.08366255049381158,True,0.0065519223142646715,0.670085072517395
1234416,813.2163618987311,500,False,0.046620839995070516,True,0.006697139607585326,0.6993937492370605
1235328,792.20380492662,500,False,0.08928068590837784,True,0.006684432171422016,0.8755577802658081
1235680,821.6924928525222,500,False,0.08890925927664348,False,0.006781199988370439,1.0477559566497803
1236128,784.5790309845216,500,False,0.03395299660522245,False,0.006708279731420676,1.3354507684707642
1236272,832.5575253085944,500,False,0.05347002958129757,False,0.006628554706736041,0.9264917373657227
1237600,760.5460404664935,500,False,0.14515775827898075,False,0.006600393340216122,1.2022349834442139
1238480,774.126466516532,500,False,0.09616489045611139,True,0.006591666298179459,1.4113938808441162
1238848,827.7483535696769,500,False,0.10545212937857668,False,0.006563420168844646,0.8260449171066284
1239632,734.2315068659117,500,False,0.0721779610612341,True,0.0067054162281853305,1.1248795986175537
1239696,756.5232659381303,500,False,0.04791028538351104,True,0.0067964047921929395,1.2978734970092773
1239712,842.4825762543444,500,False,0.026436035624648427,True,0.006785827192422036,2.206804037094116
1240112,857.7797877189813,500,False,0.08364743154850622,True,0.006784469599752488,0.9127695560455322
1240384,760.0181509819648,500,False,0.10569470210383934,True,0.0067082662298322444,0.9701743125915527
1240416,692.270842841844,500,False,0.15419493773254553,True,0.006698786752657365,0.9319919347763062
1241056,756.0828337268748,500,False,0.06609002511569892,False,0.006703092875602449,0.8427371978759766
1241616,784.762347775603,500,False,0.08988822571918083,True,0.006650795493013654,1.003646969795227
1242416,767.3649467591747,500,False,0.05392764869994747,True,0.0064755279244771875,0.7315574884414673
1243328,850.0153895102735,500,False,0.0441828232088668,True,0.006396754972292468,1.0466878414154053
1243680,788.4813375145349,500,False,0.035059051636078524,True,0.006291992418944791,1.1614513397216797
1244128,832.206191525588,500,False,0.0952474475436524,False,0.00644130460196748,0.9020236730575562
1244272,774.3247444157727,500,False,0.07863685628521831,True,0.006587474340549483,0.858166515827179
1245600,712.2448903504472,500,False,0.03605354620335359,True,0.006535366937329726,0.8522441387176514
1246480,805.4146889338612,500,False,0.08952812460813349,True,0.006423493961911477,1.0157129764556885
1246848,812.2170536314484,500,False,0.0520479162022239,False,0.006468783765355127,0.8740551471710205
1247632,760.5069082530205,500,False,0.1576137747875835,True,0.006507884683801433,0.7374359369277954
1247696,868.1060843296789,500,False,0.0362207611161437,True,0.006397923963538674,1.5454270839691162
1247712,829.9281833052213,500,False,0.06576176732853681,True,0.006397801338762304,0.7394682168960571
1248112,809.0572016022721,500,False,0.09213340916455726,True,0.00639860248585454,0.6014232039451599
1248384,846.6262278276632,500,False,0.05189511222404107,True,0.006460751846358405,0.6576736569404602
1248416,755.4245822666215,500,False,0.09848897677511464,True,0.006462412428666712,1.1525200605392456
1249056,801.1346058070118,500,False,0.04680102747322218,True,0.0064590396541951665,1.0080366134643555
1249616,833.592055281901,500,False,0.08038869849049086,True,0.006431716752310366,1.273766040802002
1250416,851.2481931083756,500,False,0.08874773836108865,True,0.006348972099379304,1.3044708967208862
1251328,807.4137080480249,500,False,0.026803777259694597,True,0.0063754641446655755,0.5658247470855713
1251680,720.0799484842905,500,False,0.0879149495019329,True,0.006432707155211479,0.7278786301612854
1252128,773.422046985736,500,False,0.0958020198125602,False,0.006514281111375824,2.174269676208496
1252272,768.4068614901603,500,False,0.0343646917898864,False,0.006682815274378635,0.8285673260688782
1253600,834.4926521563303,500,False,0.05512531935642221,True,0.006671515499870908,1.2952003479003906
1254480,773.8568804687487,500,False,0.05773289951308973,True,0.006432485981054885,1.3646416664123535
1254848,766.0608309913066,500,False,0.07287892741167545,True,0.0063065822351901285,1.0304583311080933
1255632,811.9792021608007,500,False,0.0545389963730612,True,0.006304354761528209,1.4368846416473389
1255696,769.0062552883886,500,False,0.09571478046685099,True,0.00624016190010337,1.183405876159668
1255712,822.9624430913585,500,False,0.0753478822030271,True,0.006215169843752622,1.0057340860366821
1256112,801.8984935040181,500,False,0.11340582877592789,True,0.00620852348680628,1.1235684156417847
1256384,735.0275859697726,500,False,0.11470782985362235,True,0.006220433809706109,0.7598018646240234
1256416,811.7422043913034,500,False,0.082128623607638,True,0.006235384746143467,1.320544958114624
1257056,754.5633740884366,500,False,0.12422894618102344,True,0.006229112893127107,0.8329561948776245
1257616,831.7016967268288,500,False,0.013485215363259709,False,0.006233090126674898,0.7520766258239746
1258416,809.1014354079367,500,False,0.0698114754964245,True,0.006465287367939391,0.7661958932876587
1259328,831.5151449030793,500,False,0.10388705611177984,True,0.0064617699277686475,1.1110109090805054
1259680,806.9282492152884,500,False,0.07383186293015193,True,0.006559696488805794,0.7981377840042114
1260128,811.2950835208733,500,False,0.07077245670529465,True,0.006499425380085226,0.6392849683761597
1260272,805.2346079903466,500,False,0.111735264640102,False,0.006469791157815306,1.0888627767562866
1261600,838.3343284843575,500,False,0.07271952973329318,True,0.006446747021876517,0.9586746096611023
1262480,730.7041849859312,500,False,0.11796024310046006,True,0.006496579127984858,1.370880365371704
1262848,788.2608924613859,500,False,0.016663267940401866,True,0.006361755209486678,0.701765775680542
1263632,770.2968117201721,500,False,0.045876084907357846,True,0.0063836070450225355,0.9604567289352417
1263696,826.5501171427292,500,False,0.06608731624163543,True,0.006438818080369738,0.7240039110183716
1263712,779.0705939373847,500,False,0.09112184991433087,True,0.00644370426135807,0.7578449249267578
1264112,786.3335376052072,500,False,0.02791101576829887,True,0.006447481762341504,0.8878393173217773
1264384,751.9728892209691,500,False,0.10734522806619137,True,0.006531719008424509,0.6831542253494263
1264416,807.1672880493746,500,False,0.0782830835685887,True,0.006478478977614819,0.7411975264549255
1265056,741.502086360593,500,False,0.1632603039310795,True,0.0064640831852559606,0.7772964835166931
1265616,806.1688030195304,500,False,0.06107819067527143,True,0.0064656273294689225,0.9498800039291382
1266416,780.1504515434398,500,False,0.12636978802423415,True,0.006493131295714371,0.824399471282959
1267328,827.2900615470295,500,False,0.049235312021322454,True,0.006348820313792503,0.8714883327484131
1267680,826.666481808161,500,False,0.05351323031679124,False,0.006364214064321773,0.796475887298584
1268128,884.9699116902293,500,False,0.016764162828778566,True,0.0064531175295023755,0.9028077721595764
1268272,890.5529590205081,500,False,0.04826898669653591,True,0.006385411180205815,0.6689770221710205
1269600,879.6191988925442,500,False,0.04132557947750199,True,0.006372936108178058,1.182935357093811
1270480,824.2711584532844,500,False,0.020919899055699017,False,0.006288477699420846,1.3049921989440918
1270848,776.4010746419632,500,False,0.08913170750866052,False,0.006249865560067132,0.9135056734085083
1271632,788.5941205617215,500,False,0.0734930874036404,True,0.006232948246043542,0.9222091436386108
1271696,795.3090747711386,500,False,0.10965144191834988,True,0.006390094460632611,1.1292259693145752
1271712,808.4918651265493,500,False,0.07215408512591961,False,0.006391698371502019,1.3154523372650146
1272112,807.9527711850612,500,False,0.03117453007977763,True,0.006388206120622636,1.2420169115066528
1272384,783.0663465949642,500,False,0.07699804056787847,True,0.006348602078117397,1.2194904088974
1272416,776.8164526248777,500,False,0.06383071419495695,True,0.00639481354137776,0.8055391311645508
1273056,876.8257331226351,500,False,0.04104139851843616,False,0.006405629629790755,0.8207590579986572
1273616,803.3295426395589,500,False,0.025224342884437354,True,0.0065034451131483935,0.5983113050460815
1274416,832.5807009941327,500,False,0.03527660301920897,False,0.006373033162919796,0.6627209186553955
1275328,832.6381112135075,500,False,0.03978311339329842,True,0.006307802219209968,0.6949089765548706
1275680,784.0130550707705,500,False,0.05544622016479529,False,0.006233362397409604,0.6621767282485962
1276128,785.5238620556436,500,False,0.026208987197660037,True,0.0061697656324006525,0.7483911514282227
1276272,795.6756596126212,500,False,0.031681929840845745,True,0.006125967620996962,0.7161255478858948
1277600,883.6440293941333,500,False,0.06349493006933868,False,0.006095062873687505,0.9494274258613586
1278480,862.8906852598777,500,False,0.059380145175290784,False,0.006202746566452108,0.77663654088974
1278848,742.6662486356563,500,False,0.11090940474544729,False,0.00617328098335115,0.9046832323074341
1279632,811.3027937510452,500,False,0.08764587039976676,True,0.006271623524660889,0.7851215600967407
1279696,747.3860820884291,500,False,0.04180496691146364,True,0.006277759896959458,0.6236792802810669
1279712,792.5396983783994,500,False,0.09846716514248048,False,0.006276899013803636,0.7156589031219482
1280112,829.548135223299,500,False,0.05640702753471876,True,0.006276104512119458,0.8372623920440674
1280384,844.5439661150618,500,False,0.10119601321670009,True,0.006282885980811619,0.9907747507095337
1280416,740.9053662822331,500,False,0.09349697590286354,True,0.006227330698173346,0.6218233704566956
1281056,778.9231365099449,500,False,0.0919208597791018,True,0.006222282213386429,0.8409249782562256
1281616,779.6557722909708,500,False,0.05534573562685383,True,0.006219622018016061,0.8332935571670532
1282416,765.6081532445281,500,False,0.03481512011221454,True,0.006272280440936091,0.8111382126808167
1283328,813.1820906984286,500,False,0.10120545699593927,True,0.006331186263811789,0.7509528398513794
1283680,785.0317067159154,500,False,0.09816188413340549,True,0.006258377930294527,0.6734461784362793
1284128,828.2525758624431,500,False,0.07934177974663047,True,0.006195204033651783,0.7082942724227905
1284272,862.3237140026686,500,False,0.10085979830295959,True,0.006171553100606672,0.6674742102622986
1285600,746.342806587572,500,False,0.07558145061991861,True,0.006196085049191766,1.1003270149230957
1286480,834.8865033138053,500,False,0.066544922712572,True,0.006112369327395814,0.7620578408241272
1286848,862.2636667602515,500,False,0.08575910148918503,True,0.006324558597808515,1.0850372314453125
1287632,742.5993401126228,500,False,0.13161253439659648,True,0.0061973660706628585,0.7682650089263916
1287696,670.8835271290777,500,False,0.13953231902569008,True,0.005905757197086535,0.765117883682251
1287712,860.8970802809384,500,False,0.09215902195044916,False,0.005912434285518807,1.0423859357833862
1288112,818.2956491906704,500,False,0.06970588553913522,True,0.005913210573421279,0.7950782179832458
1288384,764.8731378786825,500,False,0.0497148660876452,False,0.0059016204719368436,0.8869251012802124
1288416,780.1106580468139,500,False,0.07963245705628935,True,0.0059610989302336225,0.6606605052947998
1289056,815.1220188975461,500,False,0.07209061132027467,True,0.005973852184752233,0.6866304278373718
1289616,780.7043132154583,500,False,0.027051997723099967,False,0.006188336644114395,0.6645697355270386
1290416,797.9410611937469,500,False,0.022060350312341867,False,0.006165133188171409,0.7292158603668213
1291328,838.2223102515734,500,False,0.0564101910838681,True,0.006262780833056422,0.634251594543457
1291680,758.1515040469517,500,False,0.125461280854322,True,0.006431361784854652,1.25023353099823
1292128,788.8861171173563,500,False,0.013621788405888598,True,0.006500128716934827,0.9038471579551697
1292272,794.9738859143215,500,False,0.08936360055657806,True,0.006614518418838957,0.7943384647369385
1293600,820.5687784840702,500,False,0.01254875282772257,True,0.006615619274627816,0.6467636823654175
1294480,811.212143268731,500,False,0.11428258677013342,False,0.006361849240419874,0.8870735168457031
1294848,827.1748849614219,500,False,0.1362952731951768,True,0.00631076451658753,0.8389161825180054
1295632,767.9562649894422,500,False,0.06512081051820241,True,0.006321551321557093,0.8846430778503418
1295696,773.6230672653728,500,False,0.0722115655264205,True,0.006437986991857382,0.7763751745223999
1295712,833.8569458480063,500,False,0.08713471577963962,False,0.006446385160375433,0.6587401628494263
1296112,744.1217366400149,500,False,0.14365301009803605,True,0.0064485051577256505,0.7669758796691895
1296384,759.7546116728616,500,False,0.07722413446657046,False,0.00652505194323306,1.0628156661987305
1296416,812.1850227318487,500,False,0.06466458219503156,False,0.0064956018273024455,0.9793533086776733
1297056,772.2234865475838,500,False,0.10884772683104812,True,0.006488445414134771,1.2203898429870605
1297616,776.9311291885406,500,False,0.08611097981849161,False,0.0063194054087947985,0.9715393781661987
1298416,826.4721957544475,500,False,0.029249175068926783,True,0.006244939618126234,1.4813227653503418
1299328,727.6531102064604,500,False,0.13781720277276296,True,0.006344837270072281,1.3007879257202148
1299680,768.5370712688587,500,False,0.04645835600570154,False,0.006453901774413934,0.6643478870391846
1300128,839.1619021522715,500,False,0.09200674422371599,True,0.006435311423913178,1.2354631423950195
1300272,771.5053725040627,500,False,0.14463864327672485,True,0.006445045614216201,0.6197843551635742
1301600,828.934084916409,500,False,0.03728060560152588,True,0.006472704329342172,0.7571905255317688
1302480,781.1943247052116,500,False,0.10720803561060913,True,0.006420039184230891,0.9102188348770142
1302848,820.9981350892025,500,False,0.0869193643377172,True,0.0063495574686444145,0.7872217297554016
1303632,794.7770984423177,500,False,0.05661761589786361,False,0.006341743248134758,0.8250311613082886
1303696,844.1486221559951,500,False,0.09220545156174603,False,0.00643334436779207,1.3037102222442627
1303712,788.0406041099022,500,False,0.06573217429790268,True,0.006432340951066332,0.9804033041000366
1304112,759.492098902302,500,False,0.08532193452346998,True,0.006431318002423268,0.9011253118515015
1304384,740.6094595338827,500,False,0.14696164683591564,True,0.006389333939262911,0.7247692942619324
1304416,834.6043122095142,500,False,0.05373429018988798,False,0.00642356341838254,1.9624241590499878
1305056,796.3701872663241,500,False,0.040977426832505735,True,0.006417187333451856,1.1662712097167969
1305616,766.3253609973436,500,False,0.08851289734625281,True,0.006624586704192288,0.6597006320953369
1306416,810.9343079930995,500,False,0.06324264539028736,True,0.0066374028206351784,1.1535663604736328
1307328,785.9298536235655,500,False,0.03977816828719335,True,0.00647501916439792,0.8582065105438232
1307680,789.8852268163695,500,False,0.06913586668561421,True,0.006444648454121993,1.149162769317627
1308128,784.8895571271283,500,False,0.07419038998525973,False,0.006281032888730002,0.8483031392097473
1308272,883.5543315043705,500,False,0.08664575920908266,False,0.00612074960516033,0.8343741297721863
1309600,849.2091158159732,500,False,0.033339324849631216,True,0.006101375003567192,1.6436936855316162
1310480,860.8692405658763,500,False,0.0580905706236081,True,0.006281755157477564,0.7433685064315796
1310848,844.4296276612947,500,False,0.08661322070817201,False,0.006112925582689023,0.7758318781852722
1311632,780.6510558718871,500,False,0.12016032857453147,True,0.006113378418900306,0.8786414861679077
1311696,786.1133622923574,500,False,0.03219256465818188,False,0.006371180517762709,0.6397508382797241
1311712,776.7368360500201,500,False,0.0845021051282047,True,0.006372356796061948,0.8543703556060791
1312112,776.9155923672928,500,False,0.09084726939823189,True,0.006371342321872086,0.8619756698608398
1312384,790.039499265332,500,False,0.11595940678428433,True,0.0063568388769624,0.7954586744308472
1312416,808.1826134385777,500,False,0.11178419579267002,True,0.006393845585340902,0.6000797748565674
1313056,724.6669948967668,500,False,0.0758455897425965,True,0.006390696219936032,0.6413697600364685
1313616,778.803602617864,500,False,0.02160914480424422,True,0.006328444860325588,0.7571820020675659
1314416,754.804192106385,500,False,0.0849508547076189,False,0.006436907921768395,0.6630464792251587
1315328,791.9272061757658,500,False,0.19912511398319732,False,0.006380664984687282,0.6933693289756775
1315680,792.2478253633556,500,False,0.04105866192384628,False,0.006342701321916049,1.0766544342041016
1316128,744.7379402366753,500,False,0.08064383155231403,True,0.006277752467850697,1.0702457427978516
1316272,785.2204709704343,500,False,0.08358916227422099,True,0.0063109869992196005,0.8110973834991455
1317600,802.9523012342077,500,False,0.111642471333551,False,0.006315755929422635,0.6347366571426392
1318480,725.5698596823478,500,False,0.10651006506078878,True,0.006481674030202685,0.8220378756523132
1318848,785.0619254402424,500,False,0.0700839041162394,True,0.006405993867099675,1.3455908298492432
1319632,805.3569030350358,500,False,0.02107253293793958,True,0.006490951321743247,0.7599754333496094
1319696,799.2929340123038,500,False,0.05527636126644844,True,0.006614614116038075,1.2675261497497559
1319712,767.4981025866964,500,False,0.07737155350754964,True,0.0065847124805362475,1.0334725379943848
1320112,755.8829684633386,500,False,0.04831599325912237,True,0.006576930159535654,0.7074546217918396
1320384,804.8131364532817,500,False,0.06943379447586244,False,0.0065277337265463205,0.6287103891372681
1320416,774.7819540671162,500,False,0.07873187281002669,True,0.006565884565598259,0.6825215220451355
1321056,869.4913092718427,500,False,0.06276560970884475,False,0.006558439217230288,0.894818127155304
1321616,752.4448879181496,500,False,0.12025869006289343,True,0.006596737533819056,0.9287706613540649
1322416,802.12702088081,500,False,0.17365095149579632,True,0.006567857457823373,0.8344924449920654
1323328,698.4070672713868,500,False,0.19776449828223247,True,0.006454123356728725,1.1097303628921509
1323680,775.4909520053974,500,False,0.06725098616213314,True,0.006260576615587148,1.2206376791000366
1324128,851.6442986462627,500,False,0.08944689481700839,True,0.006221230361340164,0.5876438021659851
1324272,823.3745181902009,500,False,0.01584798427483953,True,0.006171894142232901,1.0878894329071045
1325600,829.1096484671444,500,False,0.16265150717277244,False,0.00616767141285763,0.8916538953781128
1326480,761.0802855350647,500,False,0.15431933946139367,True,0.006469187994756406,0.777253270149231
1326848,796.3334358900834,500,False,0.05064105607338334,True,0.006286332785988223,0.8281153440475464
1327632,835.9482886111714,500,False,0.10680549247043075,False,0.006285872443539419,0.6929517984390259
1327696,813.9335694600749,500,False,0.04422796437959226,True,0.0062985650682941575,0.9942154288291931
1327712,853.7675673258035,500,False,0.02186860511961914,True,0.006307910453624658,1.1355383396148682
1328112,751.3424502507273,500,False,0.11551040913482713,True,0.00631229872389687,0.987419605255127
1328384,778.6960691285803,500,False,0.08129411947795924,True,0.0063083676953684595,0.6335490942001343
1328416,812.4083214701282,500,False,0.057325664735426225,True,0.0063563731309765,0.6418302059173584
1329056,857.7325513343593,500,False,0.06160489807223256,True,0.006365661167527323,0.8261418342590332
1329616,771.2547255095832,500,False,0.13822585038521498,True,0.006488395814992144,0.724281907081604
1330416,771.6725368935065,500,False,0.09461323067901956,True,0.006499116822340303,0.8729111552238464
1331328,814.8509798664307,500,False,0.09579149533347073,True,0.006406430666041956,1.0700105428695679
1331680,867.205019955012,500,False,0.039128401025066845,False,0.0062797881696388365,0.7246490716934204
1332128,782.143372955633,500,False,0.0920407185597056,True,0.006260784216519862,0.7375034093856812
1332272,796.5857870194029,500,False,0.08764111373954643,True,0.006331179417242303,0.9247401356697083
1333600,883.6619580993718,500,False,0.030491932914088207,False,0.0063602089891808145,0.6758511066436768
1334480,760.7894192539623,500,False,0.07822157549950791,True,0.00639179555286926,0.8031390905380249
1334848,835.4377297920505,500,False,0.08441840394969137,True,0.006361078324931715,0.7375587224960327
1335632,793.6094974353443,500,False,0.1356856557008844,True,0.006432535837825179,0.6549943685531616
1335696,747.9860248320512,500,False,0.04159010774452336,True,0.0063701365760599074,1.0187770128250122
1335712,788.8467732864656,500,False,0.08655702406477672,True,0.0063548131383901136,0.7669289112091064
1336112,757.1966365669371,500,False,0.18101533268782735,True,0.006351916616433567,0.8305206298828125
1336384,695.3397097799404,500,False,0.049955554398058995,True,0.0062837198065336984,0.965130090713501
1336416,861.3700461648616,500,False,0.06834639585691185,True,0.00625539835426353,0.685817301273346
1337056,789.6157391629674,500,False,0.03836562803987786,True,0.0062543455353068845,0.9095708131790161
1337616,880.2793514298681,500,False,0.027402443842408218,False,0.006218269639174056,0.6513677835464478
1338416,857.2089315120679,500,False,0.06372948178619525,False,0.006168443996965693,0.7762566208839417
1339328,659.7267353419248,500,False,0.04615947758898861,True,0.006293179401971463,0.700926661491394
1339680,873.1472921290576,500,False,0.05529250917467582,True,0.006365251312784564,1.1820290088653564
1340128,783.6387556285523,500,False,0.03485427575911219,True,0.006376640790479815,0.9613010883331299
1340272,794.5222218790936,500,False,0.1571500892234004,False,0.006292263014668549,0.7616279125213623
1341600,795.8642181580151,500,False,0.12415075431218883,True,0.006304101488985838,0.741007387638092
1342480,749.0161276257036,500,False,0.059654550715696565,True,0.006340841525403644,1.8437774181365967
1342848,734.8394062921122,500,False,0.06901284890875138,False,0.006254665527604155,0.9153544306755066
1343632,801.8146521039512,500,False,0.08349419508671925,False,0.0062233524604961565,1.1000337600708008
1343696,739.865676198403,500,False,0.12029480810499485,True,0.006053287235076501,0.6370793581008911
1343712,669.3883775786716,500,False,0.18862832826845832,False,0.006036021497721663,0.6706551313400269
1344112,660.6153772748117,500,False,0.25236404453274963,True,0.006028204457820356,0.6193942427635193
1344384,835.4715835411557,500,False,0.1136135842366443,True,0.005946900804704043,0.5992778539657593
1344416,747.731742634567,500,False,0.07637862884569448,True,0.005991991550740749,1.373845100402832
1345056,792.2612308871102,500,False,0.05716621465891341,True,0.0060063230989144106,0.750802755355835
1345616,784.0060244337163,500,False,0.04717615436965,True,0.006267547488624785,1.7071936130523682
1346416,731.2216615865766,500,False,0.21859087190565776,True,0.006332262710025044,0.6874966621398926
1347328,801.0845828251681,500,False,0.11124407841268216,True,0.006350568690120494,0.7019451260566711
1347680,747.4140421659474,500,False,0.07448646852041288,True,0.00608607764437223,0.705256462097168
1348128,703.1291718015783,500,False,0.09121942384541153,False,0.006019770072030751,0.5643503665924072
1348272,767.258344849055,500,False,0.05973655336742745,True,0.006021021481473627,0.6995755434036255
1349600,722.715153239451,500,False,0.0656433322480935,True,0.006063871190219882,0.774456799030304
1350480,741.3337859844069,500,False,0.20466533458516617,True,0.006076630245369379,0.619880199432373
1350848,780.5550495423216,500,False,0.02069462593008764,True,0.006146125988446234,0.7145758867263794
1351632,810.5124111157976,500,False,0.07053996634761721,True,0.00618106608425128,1.3887038230895996
1351696,795.9629079013444,500,False,0.061743531275119626,True,0.006150151979109648,0.6356325149536133
1351712,800.0281819364558,500,False,0.040301952703995135,True,0.006134370221604468,0.7024484872817993
1352112,772.0519320512088,500,False,0.053277031460757636,True,0.006129418637135242,0.7079352140426636
1352384,779.3460503797282,500,False,0.07870362275045384,True,0.006090438026814064,0.8277298212051392
1352416,738.8887420756371,500,False,0.11232234435542174,True,0.0060259023484495,0.8246394395828247
1353056,824.8128703315273,500,False,0.038597399877229044,True,0.006024458526143488,0.9559197425842285
1353616,775.9056194329075,500,False,0.09185273619695784,False,0.005915351018811991,0.7080336809158325
1354416,823.3504184615731,500,False,0.0825878123305224,True,0.005942847881185322,0.8493733406066895
1355328,810.7599378633556,500,False,0.03836433554279892,True,0.005943618297553002,0.8108884692192078
1355680,830.8120568241537,500,False,0.044035752026974,False,0.005847620065275431,1.0593029260635376
1356128,759.8336873209247,500,False,0.24300685391707255,True,0.00586359296249922,0.6071640253067017
1356272,865.1899199348828,500,False,0.04294390826970637,True,0.006000273882380067,0.5843416452407837
1357600,857.1390055540356,500,False,0.04740506923037567,True,0.006020147645856265,0.7601317763328552
1358480,791.6916705080184,500,False,0.08948848068600536,True,0.005947026404737698,0.6504531502723694
1358848,750.9546531424189,500,False,0.06935073739236502,True,0.0058171234015125545,0.8525935411453247
1359632,769.6601748256915,500,False,0.03941552895536143,True,0.00572248919351699,0.6338579654693604
1359696,751.6384063855935,500,False,0.11663724052067136,True,0.0056108209536301,0.8068150281906128
1359712,843.3294281313102,500,False,0.06585928366255488,True,0.005630264607983005,0.6762838363647461
1360112,797.7539041285587,500,False,0.0760666205603264,True,0.005636022120373265,0.6317713260650635
1360384,822.9671723090603,500,False,0.0783571690194217,True,0.005607040417435269,0.7765465974807739
1360416,826.6822353220816,500,False,0.035135664958125916,True,0.005627874325775619,0.8295247554779053
1361056,819.1775345932302,500,False,0.03940309464136299,True,0.0056241238119082385,0.9602009057998657
1361616,844.3666157611495,500,False,0.10075978726769351,True,0.005666093230523209,0.7517973184585571
1362416,868.6605089809763,500,False,0.057057328410077525,True,0.005746073369201394,0.9485729932785034
1363328,818.6096775151323,500,False,0.0888395030704311,True,0.0057078562694374575,0.6354454755783081
1363680,780.6227904209177,500,False,0.09694551509843818,True,0.00563331638802018,0.8519151210784912
1364128,752.0358875774216,500,False,0.037538757882002234,True,0.0055395707713268676,0.6963307857513428
1364272,747.7781929888728,500,False,0.05905583086953634,True,0.005533394067560971,0.8816568851470947
1365600,735.4959449265607,500,False,0.03435464866556311,False,0.0055528409512012634,0.782749593257904
1366480,771.0871778947787,500,False,0.03314185904677969,False,0.005593411971696648,0.7551354765892029
1366848,767.3237572570085,500,False,0.05287560289600341,True,0.0056575247397320375,0.7292172908782959
1367632,780.5804451573199,500,False,0.09682605755496225,True,0.005771094181424398,0.6651788949966431
1367696,754.9464957632289,500,False,0.07112128955631246,True,0.005883241709415987,1.0107629299163818
1367712,733.9632450930393,500,False,0.04805379251875078,True,0.005916591707344354,0.8653357028961182
1368112,757.1618170414224,500,False,0.0910485295953005,True,0.005921890207444981,1.3566581010818481
1368384,801.7393005300514,500,False,0.05415860506769182,True,0.0060607231058061335,0.8168066740036011
1368416,773.0607934993635,500,False,0.0631574972024866,True,0.0060208384443257365,1.5113379955291748
1369056,787.4025912166651,500,False,0.11684257962953035,False,0.006017537125908114,1.205988883972168
1369616,655.7510575476148,500,False,0.2377417678813414,True,0.005849540185661674,0.7294992208480835
1370416,829.7784221608545,500,False,0.13178600867487483,False,0.005824398964464771,1.6614124774932861
1371328,768.2350885772307,500,False,0.03812237238876124,True,0.005849126227380843,1.3040294647216797
1371680,795.172462050769,500,False,0.06153054037446513,False,0.005962191342175875,0.9082167148590088
1372128,747.7781430027167,500,False,0.17851245884325537,True,0.006064716490533649,0.9798593521118164
1372272,796.978609019127,500,False,0.07283610241237816,True,0.006227150839800337,0.7206926345825195
1373600,756.7942607222773,500,False,0.08173012055469261,True,0.006201165742902476,0.6844971776008606
1374480,788.2019313764929,500,False,0.05091240613336791,True,0.006016913614719534,0.7235926389694214
1374848,856.2325229162839,500,False,0.029859326017898015,True,0.005911997716059439,1.0186748504638672
1375632,815.9658026340694,500,False,0.08035045513567128,True,0.0058860871200635155,0.5885366797447205
1375696,711.2165448841429,500,False,0.052403206789271996,True,0.00593856247451296,0.6635897755622864
1375712,782.8240608495638,500,False,0.014174235151997776,True,0.00594690125721466,0.5953208804130554
1376112,801.9414151723653,500,False,0.09006259494359313,True,0.005950461307310516,0.6893445253372192
1376384,794.286930096207,500,False,0.18087885321805,True,0.006011652965455712,0.6531813144683838
1376416,818.6161584287211,500,False,0.07138148964291821,True,0.006122058628126234,0.604917049407959
1377056,765.7653740584024,500,False,0.0501766921756509,True,0.0061488715454659365,0.7950722575187683
1377616,816.277573536999,500,False,0.045668482712633726,True,0.006108807360674928,1.4531867504119873
1378416,751.2189529895533,500,False,0.08977532565741804,True,0.006116544445747909,0.587509036064148
1379328,836.6834550315602,500,False,0.04781947317032671,True,0.005902109046516734,0.7488563656806946
1379680,755.6023038518558,500,False,0.05903265577688523,True,0.005842432704326302,0.7897882461547852
1380128,831.1782681615349,500,False,0.12273933703447938,True,0.005804584926941121,1.1933269500732422
1380272,795.3535485181444,500,False,0.03463523324857058,True,0.005840490519791067,0.5112855434417725
1381600,816.4160055196388,500,False,0.08523777916876393,False,0.005871620603163676,0.6648612022399902
1382480,750.6184517620958,500,False,0.07754759010311933,True,0.006043139812498656,0.6540931463241577
1382848,819.5012976900139,500,False,0.06426804630990024,True,0.006029629686869781,0.6896653771400452
1383632,766.1276531169564,500,False,0.10847465464030663,True,0.005976256478429028,0.6060522794723511
1383696,864.295796216523,500,False,0.05425642102763516,True,0.005958299345573977,0.8180593252182007
1383712,875.6253232602187,500,False,0.07301945950269173,True,0.005962732266303134,1.3505114316940308
1384112,812.1316774783907,500,False,0.09680506463608145,False,0.005962548303514664,1.0301127433776855
1384384,810.554996346213,500,False,0.09843613638446405,True,0.005943901901847492,0.805691123008728
1384416,770.8756726858925,500,False,0.05161466328979434,True,0.006002390660330348,0.7489782571792603
1385056,793.9196567677493,500,False,0.1650251534925463,True,0.006010732197573191,0.7391078472137451
1385616,723.3334333402441,500,False,0.22493691057214626,True,0.006168474408699947,0.7940179109573364
1386416,836.4802756290673,500,False,0.05236547406379715,True,0.006046937614544649,0.7792484164237976
1387328,743.1849448879734,500,False,0.12432242842647247,True,0.005861584762880239,1.0111961364746094
1387680,763.2530255408481,500,False,0.16123979864170337,False,0.00574399093176066,0.7185338735580444
1388128,805.0027041005649,500,False,0.039352874581472456,True,0.005793541449109159,0.6005287170410156
1388272,832.6092557050231,500,False,0.03737107543357156,False,0.005861762854018797,0.6440361738204956
1389600,792.0999434561132,500,False,0.09331413180138412,False,0.005869777979482795,0.698172926902771
1390480,798.7968845358121,500,False,0.05906295927678852,True,0.005966806564861059,0.5625491142272949
1390848,850.1475479190404,500,False,0.05094866498740594,True,0.006050603172543271,0.5570566058158875
1391632,848.0059529456311,500,False,0.10001987003581643,True,0.005970770605159884,0.7246314287185669
1391696,817.0407486466847,500,False,0.018254029279795404,True,0.005975411806381902,0.6232588291168213
1391712,796.1706706360461,500,False,0.03472078955127894,True,0.005969106345104775,1.1894011497497559
1392112,808.829665149007,500,False,0.0414518386862273,True,0.0059671565184802955,0.7897624969482422
1392384,790.5729439249012,500,False,0.06033074421781765,True,0.005935997129991995,1.1442835330963135
1392416,770.8740388349405,500,False,0.05218092053398072,False,0.0059772737000166245,0.6829462051391602
1393056,745.4382461736732,500,False,0.16016064434160654,True,0.005973506798802055,0.7298588752746582
1393616,740.6684872572878,500,False,0.03709439385278333,True,0.0059848064116227685,0.7308062314987183
1394416,839.3284135783832,500,False,0.05005430874196779,True,0.005964833047043966,0.6143114566802979
1395328,740.46567734388,500,False,0.07370891352978985,True,0.006039943562804185,0.6129944324493408
1395680,815.2235467241287,500,False,0.015479258599886771,True,0.005865723258000198,0.7391319870948792
1396128,850.0488561520517,500,False,0.20186854562968945,True,0.005826738907023674,0.7367871999740601
1396272,822.7634424411199,500,False,0.09388922788249618,True,0.005748561220413846,0.8413548469543457
1397600,825.4226363039245,500,False,0.12125765861738247,True,0.005739677239710783,1.0248818397521973
1398480,828.5149615848555,500,False,0.05699186402715085,False,0.005845648662644694,0.7863787412643433
1398848,795.4295310948526,500,False,0.037444206373599076,False,0.005919245724097839,0.7378320693969727
1399632,744.9492705236928,500,False,0.06631550335348577,False,0.0060245305163442444,0.8338088989257812
1399696,814.5448328376469,500,False,0.06255813685082405,True,0.00580899432813331,0.8743993639945984
1399712,841.9768269883293,500,False,0.040760563942287484,True,0.005796243257253371,1.0953954458236694
1400112,761.7247083678825,500,False,0.09590274305760886,False,0.005808224472955303,1.4016637802124023
1400384,816.0673030912965,500,False,0.08148305842323689,True,0.005797005780607931,1.1885979175567627
1400416,731.685990107412,500,False,0.13146786869979551,True,0.005739399707385536,0.8266545534133911
1401056,847.7456216192277,500,False,0.045498699250298064,True,0.005729890702408907,1.1709802150726318
1401616,772.628428500825,500,False,0.03419373117108741,False,0.005725724835913708,0.7211672067642212
1402416,802.3397665942464,500,False,0.10182151524394879,True,0.0057327621122982295,0.5495233535766602
1403328,757.6207481091508,500,False,0.13390063704039498,True,0.005648329765230216,0.6896419525146484
1403680,762.3981773627017,500,False,0.054363711615987916,True,0.005601549023153028,0.6593180894851685
1404128,789.9497805799733,500,False,0.1432141151305716,False,0.005616906976255808,0.6304410696029663
1404272,762.3388649554159,500,False,0.10166021552575054,False,0.005727577668038275,0.6005458831787109
1405600,800.792119369566,500,False,0.07463469470788285,True,0.005755340680552365,0.5614955425262451
1406480,790.6401540788752,500,False,0.02940538912076215,True,0.0059502059562925634,0.6261118650436401
1406848,804.7202636189941,500,False,0.1242726407239362,True,0.00579986572775474,0.5781789422035217
1407632,787.4465710689965,500,False,0.1344135710344068,True,0.005786016732588055,0.5715086460113525
1407696,767.1300077667491,500,False,0.06580801919211102,True,0.005821981652164119,0.7251602411270142
1407712,788.9994926501419,500,False,0.09953856587753876,True,0.005843574633664435,0.7460759282112122
1408112,665.2943913684153,500,False,0.10719862146542486,True,0.0058483596779433066,0.7849977612495422
1408384,823.0224620675186,500,False,0.10782927156569755,False,0.005893676959069687,1.1027522087097168
1408416,838.1837275537189,500,False,0.17210735084931625,True,0.005841172206713374,0.8240602016448975
1409056,729.0196713537837,500,False,0.05952858991817548,True,0.005835889050884015,0.8401306867599487
1409616,731.5198040061036,500,False,0.08996397190182519,True,0.005733255073199679,1.2904927730560303
1410416,742.7722103284402,500,False,0.16908505490654438,True,0.005674052866372215,0.7536125183105469
1411328,811.4298403184322,500,False,0.11843436971573013,True,0.005612440924369126,0.5987114906311035
1411680,752.2070541703418,500,False,0.1334450091793174,False,0.005640255125703146,0.7362871170043945
1412128,759.363339444695,500,False,0.0916192144906745,True,0.005699527331978266,0.6809565424919128
1412272,774.1097960382184,500,False,0.16335764227581426,True,0.005807263912389143,1.6317496299743652
1413600,790.5895801165927,500,False,0.1266532979199437,False,0.0058474712801341675,0.6920621991157532
1414480,693.9049153516944,500,False,0.3699036779205,True,0.005477245094857403,1.3261417150497437
1414848,815.2519552600421,500,False,0.07801965460612449,True,0.005725722586072321,0.6898996829986572
1415632,827.5801966575295,500,False,0.04865600275984944,True,0.005800037813121474,0.6871125102043152
1415696,790.0153320517786,500,False,0.12761180636916616,False,0.0057708651966225655,0.7330369353294373
1415712,797.7359252241824,500,False,0.13861448784539593,True,0.00578382184552769,0.8347533941268921
1416112,814.5299855511253,500,False,0.07198431858444355,False,0.005786631113855838,0.619056761264801
1416384,714.8473310774524,500,False,0.21541902433412022,True,0.005811144786188201,0.7475812435150146
1416416,769.7341362184507,500,False,0.14117099681750994,False,0.005802261234192986,0.9009068012237549
1417056,849.5377437481181,500,False,0.05855347021725377,True,0.0058072268405488636,0.6258063912391663
1417616,814.1174277222788,500,False,0.07555301277136034,True,0.005797402995777365,0.7131192088127136
1418416,765.7365980320674,500,False,0.06019008604365446,True,0.005783377793659787,0.7059561610221863
1419328,747.8790763140353,500,False,0.1582814764227206,True,0.0058596535477253775,0.693478524684906
1419680,789.4505198792954,500,False,0.07575017686062036,False,0.005779927255857577,0.6307147741317749
1420128,720.0400465718934,500,False,0.18225881754854467,True,0.005781936101135247,0.6579129695892334
1420272,715.2815250130709,500,False,0.1788324257659256,True,0.005715553597441981,0.5880603790283203
1421600,811.7645501912668,500,False,0.06016984861968222,False,0.0057237249709332395,1.6497353315353394
1422480,753.2500495621252,500,False,0.11508501410694116,False,0.005949013744113651,0.6282845139503479
1422848,798.759201412876,500,False,0.06368131834922038,True,0.005768297209433602,1.2408716678619385
1423632,834.7938639513353,500,False,0.03314439950583661,False,0.005731438025275035,0.5382625460624695
1423696,867.2259686939661,500,False,0.06767659740944819,False,0.0057507868175219945,0.7730134129524231
1423712,756.7031324222572,500,False,0.06287876668606426,True,0.005737308388624481,0.5865472555160522
1424112,746.1263544304595,500,False,0.11895113592671129,False,0.005735480895202317,0.6969401836395264
1424384,822.6969212412606,500,False,0.0664530754847704,False,0.005788452962645206,0.7203958034515381
1424416,737.4929272113726,500,False,0.21232418120096042,True,0.005815158277593232,0.8452638387680054
1425056,747.2008791910226,500,False,0.06810108009665472,True,0.005821478539740482,0.597012460231781
1425616,762.3827373616031,500,False,0.038722477882702847,False,0.005911277017828891,0.9677072167396545
1426416,762.2253461936191,500,False,0.10584542373615088,True,0.006126577537159161,0.6880946159362793
1427328,740.1512731607586,500,False,0.08737569457162744,True,0.006177915266374298,0.5429180860519409
1427680,823.8772041665596,500,False,0.07220314256241177,False,0.005971101509153438,0.6710735559463501
1428128,743.2216353046678,500,False,0.119975837920029,True,0.006048887338835717,0.5751555562019348
1428272,778.6042406974531,500,False,0.042498763230311196,True,0.005963287931090533,0.5835973620414734
1429600,753.5567172923173,500,False,0.0455636839026862,True,0.0059923527186628665,0.583803653717041
1430480,796.8284265204433,500,False,0.091506526205077,False,0.005800060815513551,0.6597511768341064
1430848,736.7673690530438,500,False,0.20457010189306338,True,0.0057920255489771295,0.5982683897018433
1431632,777.0132062965931,500,False,0.036503808997217745,True,0.005831528634922617,0.5189470052719116
1431696,748.2778675444246,500,False,0.05281174623424565,True,0.005730311110554867,1.1143991947174072
1431712,805.6565405593872,500,False,0.08713428257161007,True,0.005730051428129339,0.8162173628807068
1432112,791.3864958014002,500,False,0.09430639116668389,True,0.005732469572266258,0.9457288384437561
1432384,844.7651309905276,500,False,0.045538485005731266,True,0.0057272955906187365,0.8663548231124878
1432416,802.0943394442261,500,False,0.04509193490990488,True,0.005727738171693125,0.770747184753418
1433056,754.0312163250944,500,False,0.020294937617117925,True,0.005734210837586701,1.4959731101989746
1433616,802.5398698324078,500,False,0.06998059188121739,True,0.005974161307767846,0.6463929414749146
1434416,771.1757971453902,500,False,0.06968431362887202,True,0.005947585702588579,0.5116572380065918
1435328,765.7301023313803,500,False,0.06594499602523872,True,0.0057571741440433895,0.579392671585083
1435680,775.3677673783794,500,False,0.07996091837421132,False,0.005658135060819104,0.6764935851097107
1436128,788.5738788198224,500,False,0.06814076339560105,False,0.005623784932909611,0.5726206302642822
1436272,810.7764367574104,500,False,0.039445789853452776,True,0.005665333708124199,0.9987569451332092
1437600,863.7091484964798,500,False,0.04993956184763871,False,0.005681177797129315,0.7056020498275757
1438480,783.8630517210754,500,False,0.07684611645820576,True,0.005710922274627107,0.7945840358734131
1438848,739.0717378716535,500,False,0.05785313853159327,True,0.0057241577987246234,0.5912529230117798
1439632,794.9078704812565,500,False,0.05303704414067574,True,0.005699686995594908,0.7288854122161865
1439696,868.090896798305,500,False,0.027245938384961588,True,0.005637647402337616,0.6428333520889282
1439712,845.3964042951109,500,False,0.033814376114952006,True,0.005641160065722513,1.0786402225494385
1440112,803.1974902336414,500,False,0.08299445625711993,False,0.005642259191179244,0.6072696447372437
1440384,815.489747203937,500,False,0.0810118144983044,True,0.005648673104598652,0.6566105484962463
1440416,761.7113939788816,500,False,0.027382406645590752,False,0.005684848762759609,0.6815166473388672
1441056,764.0776317293584,500,False,0.016330315831827515,True,0.005696386052401639,0.6222544312477112
1441616,785.649683846182,500,False,0.05074052999217049,False,0.005744387201053147,1.2806898355484009
1442416,754.0461880568644,500,False,0.11954661825619495,True,0.0058337211939005,0.9250243902206421
1443328,773.2003110504486,500,False,0.09565811609521271,False,0.005662928945349352,0.7037813663482666
1443680,793.4396882604738,500,False,0.027704059035335054,True,0.005697485808354169,0.7490743398666382
1444128,812.8772465455141,500,False,0.09485214714302855,True,0.005599344436733659,0.6253696084022522
1444272,855.3315908550712,500,False,0.04912037538413548,False,0.00548259982921626,0.7047909498214722
1445600,737.1802856544106,500,False,0.2125741342892473,True,0.0054502703963643035,0.5481510758399963
1446480,803.295215325849,500,False,0.05412237963463317,True,0.005385437684794879,0.6295232772827148
1446848,778.1137469652729,500,False,0.05631302799739563,False,0.005352227096946657,0.694208025932312
1447632,800.1210050544929,500,False,0.10964089972945987,True,0.0053546445914806045,0.6588904857635498
1447696,784.9211351072078,500,False,0.039113015468156945,True,0.005327064416298819,0.5832993984222412
1447712,842.3287972233611,500,False,0.05634313754551591,True,0.005316949120236642,0.637926459312439
1448112,758.4764298744932,500,False,0.16867173603426214,True,0.005314333187766751,0.6316989660263062
1448384,794.7715459488838,500,False,0.06213555386212978,False,0.005302790754558587,0.6814714670181274
1448416,868.456992984947,500,False,0.0058752773100042574,False,0.005251660169857403,0.6819354295730591
1449056,819.5950440242499,500,False,0.06921762745137847,True,0.0052391165386791155,0.7225868701934814
1449616,784.0642811426181,500,False,0.045944822465287485,True,0.00524922641580283,0.6776704788208008
1450416,831.3311664930557,500,False,0.08203451576356888,True,0.005349476996669024,0.708135724067688
1451328,841.4386731525632,500,False,0.03421687645240171,False,0.005361844284141843,0.6378729939460754
1451680,780.4952634431012,500,False,0.07914439612505574,True,0.005548794812318316,0.49439966678619385
1452128,777.6452855765704,500,False,0.14292651775422638,True,0.005608651504032046,0.7022836208343506
1452272,810.3036720140905,500,False,0.04520506695735026,True,0.005568549263640942,0.7071897387504578
1453600,820.1967129218391,500,False,0.038687696022374686,False,0.005543838368836138,0.6612895131111145
1454480,783.689834038734,500,False,0.055045927291494115,False,0.005381963842860347,0.7153785228729248
1454848,765.8642520890954,500,False,0.10204052253300516,True,0.005496362478465798,0.6167618632316589
1455632,824.757486193046,500,False,0.0233756406351349,True,0.005561937284465853,0.5187242031097412
1455696,809.2637948654967,500,False,0.1059539663945819,True,0.00549925496528957,0.43806105852127075
1455712,843.466542879162,500,False,0.09050618053937637,True,0.005498405324684963,0.7704216241836548
1456112,764.0509974361215,500,False,0.08732751079966031,True,0.00549702576074477,0.5710568428039551
1456384,809.7261003686571,500,False,0.06638335232561245,True,0.005504996504259224,1.035963773727417
1456416,789.4709870550852,500,False,0.0683408682764388,True,0.005524696650445029,0.6860595941543579
1457056,765.405419680503,500,False,0.055651241736176,True,0.005523807717372276,0.5889045596122742
1457616,857.0871809541345,500,False,0.0212063496449564,False,0.005462034637983508,0.7410584688186646
1458416,788.6422151109243,500,False,0.057389063518274934,True,0.005456928873414904,0.6803404092788696
1459328,840.892224401506,500,False,0.10791442846112088,True,0.0054665046659615165,0.7607581615447998
1459680,760.5601456708646,500,False,0.234964598869611,True,0.005608173727471755,0.42683500051498413
1460128,793.3999109235958,500,False,0.054283295550661026,True,0.005667606524494209,0.6145013570785522
1460272,783.8532291213371,500,False,0.14265503631652157,True,0.005683596302013319,0.5658969879150391
1461600,792.9826734900234,500,False,0.051889006887049983,True,0.005666269573606064,0.6324126720428467
1462480,815.0761006614625,500,False,0.06498687719577197,False,0.005406405097578282,0.5854161977767944
1462848,791.0202734155702,500,False,0.03812105390681437,False,0.005407242406390522,0.6831759810447693
1463632,792.3393284526401,500,False,0.06944451395172684,True,0.005258660675929649,0.6381860375404358
1463696,771.5799794141401,500,False,0.07688310308426088,False,0.005264341647616084,0.6730297803878784
1463712,766.4151787142548,500,False,0.09792183081865309,True,0.005254826629169124,0.7680681347846985
1464112,802.0695485930061,500,False,0.08300332021398485,True,0.005254650636474077,0.9567465782165527
1464384,833.2217870641911,500,False,0.11812642491155673,False,0.005228391437686498,0.6661957502365112
1464416,749.6758762136415,500,False,0.05542583989730628,True,0.0052616702477025325,0.6637130975723267
1465056,844.8284454912905,500,False,0.08049028895261727,True,0.005272702123163558,0.65174800157547
1465616,833.5130312257756,500,False,0.044865024428611254,True,0.005521311827597828,0.5336437225341797
1466416,778.2046857165049,500,False,0.0600432083703939,True,0.00549914844805447,0.6881948113441467
1467328,773.3525606458525,500,False,0.1258238032775182,True,0.005465761144955964,0.6962765455245972
1467680,759.2885268593812,500,False,0.111765666620277,False,0.005479076328682641,0.6003268361091614
1468128,795.5647440312026,500,False,0.04755829221211757,True,0.005445360219742809,0.6464335918426514
1468272,758.8140568966103,500,False,0.0677309437741731,True,0.005400378583252618,0.635973334312439
1469600,755.4510692222457,500,False,0.08601351164942964,True,0.00537331041044851,0.5593011379241943
1470480,827.2550454127465,500,False,0.09012280385243025,True,0.005143960942596863,0.8023175001144409
1470848,780.354533875989,500,False,0.08286735528856207,True,0.005236313972322598,0.5789075493812561
1471632,825.9382050507512,500,False,0.039202549196465236,True,0.00534492571455545,0.6398224830627441
1471696,808.0167350152211,500,False,0.06966227458901694,False,0.005364137481723594,0.5327291488647461
1471712,801.9467696261639,500,False,0.0925851994603811,True,0.005370812720999939,0.6551272869110107
1472112,790.19591221823,500,False,0.08455137153021806,True,0.005371613654180311,1.307795524597168
1472384,837.3204585677237,500,False,0.08770472188316143,True,0.005415437343687161,0.7513280510902405
1472416,835.036297679757,500,False,0.05298841545804818,False,0.005399196811433733,0.663981020450592
1473056,805.8154711773635,500,False,0.08944045972773933,True,0.005389120173265849,0.6061351299285889
1473616,751.6445342758084,500,False,0.0788634057549576,True,0.005407693474330819,0.5210778117179871
1474416,745.3380897336341,500,False,0.0455162467201714,True,0.0054278968732086146,0.581976592540741
1475328,780.0650178160287,500,False,0.1494486177278447,True,0.00530012507549985,0.5815050601959229
1475680,816.3630638832668,500,False,0.06851705545142892,True,0.005363154116664022,0.5640469193458557
1476128,815.4753285747073,500,False,0.09880445051807099,True,0.005374116199755459,1.486423134803772
1476272,859.5557072299753,500,False,0.040390527364816096,True,0.005343628227788438,0.5179648399353027
1477600,758.0346247646155,500,False,0.08223974021065264,True,0.005329590781672223,0.6306367516517639
1478480,744.4773421906302,500,False,0.047182166735299014,True,0.0054105060652083975,0.6742582321166992
1478848,840.8086368266149,500,False,0.07550488789491089,False,0.005504361254230244,0.7942989468574524
1479632,751.1859138760557,500,False,0.09551363468989162,True,0.005452643487461382,1.027093768119812
1479696,780.2922191954852,500,False,0.05268101730596524,True,0.005322773699982978,0.8193926811218262
1479712,767.2972458733356,500,False,0.11976206445515304,False,0.005290183521928471,1.4004614353179932
1480112,810.123984634562,500,False,0.04796642007057854,False,0.005286715192164978,0.6123815774917603
1480384,845.8805900840558,500,False,0.057774250924520834,False,0.005269042392353839,0.6916287541389465
1480416,802.1924459334361,500,False,0.14795615083922556,True,0.005266263527495853,0.5216765999794006
1481056,805.0792544095009,500,False,0.11374197760428473,False,0.005267245481180911,0.7980307340621948
1481616,849.629543525637,500,False,0.03526859744185313,True,0.005369956838896907,0.7940906286239624
1482416,770.8583299269852,500,False,0.06453217437976182,True,0.0053602834065327645,0.6090003848075867
1483328,732.820155824916,500,False,0.14312921085837987,True,0.005295789246123628,0.7408144474029541
1483680,800.5358897661564,500,False,0.08908905199350256,True,0.005368247622797883,0.486026406288147
1484128,822.866235472421,500,False,0.06987352756020958,True,0.005386088653374479,1.1024692058563232
1484272,802.6733008759246,500,False,0.1271554002505371,False,0.0053519656890860115,0.5623353123664856
1485600,764.7367265476979,500,False,0.13936567193790236,True,0.005324720354306813,1.0778734683990479
1486480,799.228464608065,500,False,0.11204024695804933,True,0.005203433160770436,0.4834669232368469
1486848,787.6139117642747,500,False,0.14109989842231702,False,0.005015379118721085,0.7862592339515686
1487632,854.1794555857296,500,False,0.12189364499657776,True,0.004979290292734806,0.6299383640289307
1487696,756.2055827908085,500,False,0.15490732618284053,True,0.005140815301895059,0.6439619064331055
1487712,776.5969384112815,500,False,0.061949915680082776,False,0.0051690019274738775,0.5228568315505981
1488112,778.9658832006473,500,False,0.08966601796499889,False,0.005175684589389729,0.7383568286895752
1488384,766.7775793330073,500,False,0.10820722692431353,False,0.005293801154921939,1.0015780925750732
1488416,753.4780509327488,500,False,0.07718899390753053,True,0.005397244936880186,0.6415985226631165
1489056,814.0887667243352,500,False,0.07410099013375482,True,0.00540324853026684,0.9599772691726685
1489616,799.0781660645157,500,False,0.127682855658965,True,0.0054198807399273834,0.7607436776161194
1490416,781.7623343779237,500,False,0.07414888151427834,True,0.0052079587166860225,0.7582360506057739
1491328,799.0870445141481,500,False,0.0797447695627808,True,0.0051588841585118814,0.5734435319900513
1491680,826.7424276016725,500,False,0.056949067134544624,False,0.004995355522462094,0.6090409755706787
1492128,835.1771946955894,500,False,0.07339065712040145,True,0.0049153011063517845,0.5863463282585144
1492272,854.9849572489973,500,False,0.03728285557071873,True,0.004899045712275155,0.6066752672195435
1493600,812.9230288943689,500,False,0.07559819752309266,True,0.004910728894760891,0.7841745615005493
1494480,731.4500492367945,500,False,0.161787295010194,True,0.00504215716965546,1.0635740756988525
1494848,770.6349208207528,500,False,0.06303451269261061,True,0.005145978799693343,0.8886395692825317
1495632,815.2009961295153,500,False,0.08121023871646652,True,0.0051939847580875186,0.5222341418266296
1495696,789.0017614194102,500,False,0.0998061842527954,True,0.005157311200089595,0.6136544942855835
1495712,814.5046263885702,500,False,0.13613588268335367,True,0.005150049304966177,0.5509700179100037
1496112,775.4742358451678,500,False,0.12650918575835018,True,0.005150078411108453,0.5831618309020996
1496384,822.6549997108543,500,False,0.10242013249404547,True,0.005201061518352682,0.5523526668548584
1496416,740.9796275477927,500,False,0.14533929042763935,True,0.005188140513303296,0.5880172252655029
1497056,809.4754076432932,500,False,0.09826195656044821,True,0.0051891422080825545,0.6031801700592041
1497616,810.8797964081316,500,False,0.03386946928113854,True,0.005193128047683371,0.5854131579399109
1498416,766.7994866273145,500,False,0.08572574839218187,False,0.0053305212378114645,0.5375216007232666
1499328,781.8976085224817,500,False,0.12678005412336843,True,0.005097420122461153,0.5277252793312073
1499680,763.3307721385127,500,False,0.14281803438758714,True,0.004825954755391171,0.5132973790168762
