step,return,length,crashed,final_dist,had_event,alpha,loss_q
656,-1.4843182958705583,41,True,3.0119257350661837,False,,
1120,-8.542271979107014,70,True,6.004984228327966,False,,
1136,-4.828561074938752,71,True,6.0017001175015325,False,,
1200,11.71956287976893,75,True,6.0663235770012145,False,,
1280,9.101779838345712,80,True,6.0384760612874055,False,,
1296,24.780173207324857,81,True,5.225799046066992,False,,
1296,19.399323368331924,81,True,6.078865100441721,False,,
1408,-1.4363818310287648,88,True,6.018037453382036,False,,
1440,-5.445230928138177,90,True,6.102621771478833,False,,
1456,-11.454944419968118,91,True,6.091970189771204,False,,
1488,-1.3728675314888417,93,True,6.167021688325724,False,,
1536,-0.20295399153637028,96,True,6.075191341808993,False,,
1584,-4.869398503546635,99,True,6.025723040526789,False,,
1728,-1.6206484940412906,108,True,6.020584726039604,False,,
1744,1.0842053848204056,68,True,4.583098611138382,False,,
2080,15.132885765347195,130,True,6.006014326101299,False,,
2144,45.06314013349862,134,True,6.065795492964705,False,,
2400,3.072868345068523,79,True,6.095276875969522,False,,
2544,8.764338708650383,63,True,2.7128167879290346,False,,
2608,-11.665746179910133,72,True,6.053936069287871,False,,
2656,-11.114935144213856,86,True,6.012686426197395,False,,
2688,28.509496453022376,87,True,5.039129920231875,False,,
2880,10.587491010182282,105,True,6.037368375059602,False,,
2944,1.9133236912648393,75,True,6.081173041496015,False,,
2944,32.68967281031763,103,True,2.2489328499861636,False,,
3040,2.458706546082313,82,True,6.036378820578183,True,,
3056,22.658070478050224,103,True,6.086363431604721,False,,
3168,-14.751856646581757,128,True,6.067317546382931,False,,
3296,4.280450661279943,113,True,6.074004981837301,False,,
3312,1.1051876983678568,73,True,6.030165336991096,False,,
3328,7.521038476860646,78,True,4.505460034043443,False,,
3360,6.68212927909299,120,True,6.038472368949381,False,,
3552,-22.186229371735145,123,True,6.056536503512178,False,,
3680,-4.7001476269228,80,True,6.053084030999861,False,,
3712,22.88650868681379,66,True,2.763068563778872,False,,
3792,5.996094354322018,53,True,3.4847371187282548,False,,
3808,-4.687004410328565,79,True,6.115143030185198,False,,
3920,2.2737945913886044,77,True,4.353202411678041,False,,
4384,2.140022016148297,94,True,6.097077287060568,False,,
4448,18.01148259493762,72,True,6.188332920587139,False,,
4464,-13.164616964581956,71,True,6.054712486186648,False,,
4464,5.733777947996122,72,True,2.2630155622020673,False,,
4640,40.73405409838037,92,True,6.113187239017751,False,,
4720,7.878040513242681,111,True,6.078368862925287,False,,
4816,20.300768402292864,138,True,6.079908685484848,False,,
4816,-9.310947600607765,69,True,6.135368247557711,False,,
4832,3.2063703975795246,72,True,5.3919887207416135,False,,
5072,-1.9544999876712037,95,True,6.102947604896168,False,,
5088,-1.0608418902722274,80,True,6.117957071562898,False,,
5184,4.1058572030842395,133,True,6.039093499322432,False,,
5472,9.17601731239527,97,True,6.106137605224424,False,,
5520,-11.24194442050696,66,True,6.169090888298766,False,,
5648,-4.293400038943242,79,True,6.0292719098637955,False,,
5760,15.339795551195898,150,True,6.033056054026493,False,,
5792,23.055116427991035,125,True,6.078319387012687,False,,
5792,-5.779858463543789,84,True,6.197144568089545,False,,
5936,-3.561106760677381,181,True,6.091241682650165,False,,
6096,-8.32431179150002,86,True,6.0347665309625755,False,,
6112,-10.475210659493312,92,True,6.058427632818107,False,,
6160,11.549206380191114,84,True,6.118207856185232,False,,
6224,5.4374333135317325,110,True,6.0483546098667915,False,,
6576,14.951768729773866,110,True,6.020627501263428,False,,
6656,12.462294177542361,114,True,6.0591961356338695,False,,
6736,-13.350132948844365,79,True,6.103408290951067,False,,
6832,10.969325482116776,65,True,3.2978754916039232,False,,
6976,3.050371928564102,112,True,6.030194800724875,False,,
6976,28.32612408549351,119,True,5.828341839804799,False,,
7008,-9.414923884091433,78,True,6.049136149822156,False,,
7072,-2.8146085083121317,97,True,6.113740766959548,False,,
7216,23.173295154675273,98,True,6.086458716099023,False,,
7280,-2.2251945540815026,93,True,6.0099618946847775,False,,
7504,-10.39460667082985,80,True,6.006407603943526,False,,
7616,7.47560506146344,94,True,6.031858490008613,False,,
7632,29.83595384463467,96,True,2.5136054995459847,True,,
7744,-2.3218211451620565,73,True,6.085666079418829,False,,
7744,14.663662794242377,166,True,6.052078208567679,False,,
7856,53.061721860244745,120,True,6.050756058488445,False,,
7968,-7.71696544128478,113,True,6.0736372304985125,False,,
8096,13.865845848032617,90,True,6.006924897426228,False,,
8288,-12.741100804176638,97,True,6.00906045888486,False,,
8320,2.4029070941803017,78,True,6.086449014555973,False,,
8688,19.588527422411765,88,True,6.0447403949967935,False,,
8736,19.473282546405375,77,True,6.0238888083678725,False,,
8752,35.862948355790365,111,True,4.61595491920466,False,,
8816,-1.9004161148507919,113,True,6.085220264569947,False,,
8880,-7.399800148394395,128,True,6.048808185865022,False,,
8880,0.24651495686683766,79,True,5.8058686871461465,False,,
8896,12.398485404782306,50,True,2.1398166223406614,False,,
9056,27.03109766425696,130,True,6.029973642558,False,,
9056,-0.9923752774071204,82,True,6.102220102751659,False,,
9088,-15.765069904186186,70,True,6.074033772734506,False,,
9104,2.1209142885324503,92,True,6.045712112459709,False,,
9136,-7.408583735019053,80,True,6.077953797205347,False,,
9344,-1.9461855253536164,100,True,6.099062284240227,False,,
9408,-11.022285906520041,68,True,6.004247684900093,False,,
9504,5.441586587446446,143,True,2.2887217982904215,False,,
9792,-6.0318876596017965,57,True,5.083812061550498,False,,
9840,23.433191412684174,97,True,6.143295875485883,False,,
10176,4.7385047769232145,93,True,6.139307038265471,False,,
10368,6.308207664230517,80,True,5.680607005483703,True,0.19731670407842888,0.23126167058944702
10368,5.532798255485455,97,True,6.133957368902399,False,0.19731670407842888,0.23126167058944702
10448,18.832566389297007,87,True,6.144938188672576,False,0.19449627313676007,3.9410018920898438
10464,18.69737496002492,108,True,4.390306324179991,False,0.1933331956493397,2.390045166015625
10496,-10.76025779616281,90,True,6.047205188280165,False,0.19310144196022902,0.15302099287509918
10512,9.972539626049704,88,True,6.0930453697521045,False,0.192638774567732,0.9483647346496582
10560,-6.753584914032267,76,True,6.034698520453888,False,0.19240803398503317,0.9991339445114136
10608,-6.566919658415495,107,True,6.05322572595656,False,0.19171726378499057,0.16380369663238525
10672,14.807044234177829,120,True,6.025264621962544,False,0.19102829999499,0.9617098569869995
10896,28.344763623467202,110,True,6.008503595980478,False,0.19011408492272436,1.0454970598220825
10896,-4.8717139844639,126,True,6.065863442090136,False,0.19011408492272436,1.0454970598220825
10896,-4.771117624155443,87,True,6.068502930217193,False,0.19011408492272436,1.0454970598220825
10960,-2.0955442086143456,97,True,6.174228519183418,False,0.18695254807642206,1.6088730096817017
11264,-1.9443812824570141,51,True,3.5793591838458836,False,0.1860598447567061,0.7862130403518677
11520,-3.9789987254770294,66,True,6.012749374488548,False,0.1818873066277858,1.3694154024124146
11536,3.327011907011398,73,True,3.3131345136903465,False,0.1784543748330488,3.4374237060546875
11664,3.4550096159544648,81,True,6.035775895250656,False,0.17824203478794265,0.8321437835693359
11712,-17.62095730721655,96,True,6.030600027360053,False,0.17655905478436296,1.5077898502349854
11776,-4.112136278599567,73,True,6.0404553746610485,False,0.17593034863176923,1.7932820320129395
11824,21.58000539586379,127,True,6.015930573481228,False,0.1750949373761564,2.816866874694824
11840,-2.0895780590471844,125,True,6.046905628382632,False,0.174472159099846,1.0279117822647095
11856,21.201469468897745,84,True,6.093122467676191,False,0.1742649143417345,1.6281331777572632
11904,7.921199988884451,77,True,3.0510928481294206,False,0.1740577426254709,2.4742767810821533
12080,13.827960577525452,95,True,6.036122383056828,False,0.17343635692286516,0.9795196056365967
12240,26.321841446914057,80,True,4.8344108226703275,False,0.17118325333605933,0.5622912645339966
12400,-7.639587291828087,94,True,6.030595460464084,False,0.16916620660544376,0.8272928595542908
12496,-6.9467521852390535,77,True,6.111545022083911,False,0.16717488690016527,1.575282335281372
12656,-2.844948660288259,110,True,6.04620407419285,False,0.16599260760554144,2.246429920196533
12832,17.876380812947197,82,True,6.144685011536486,False,0.16403955352770647,1.387035846710205
12912,-3.0311541192593143,86,True,6.095226721377744,False,0.1619150570869176,1.0526723861694336
12992,-3.3623110823017086,80,True,6.074770328146398,False,0.1609614983478087,1.4782794713974
13104,21.364513472096256,163,True,6.115752332324447,False,0.1600171755204174,1.3656938076019287
13120,-12.216719633570444,65,True,6.004971449797729,False,0.15870192259076624,1.1300146579742432
13184,-1.6205177411190839,88,True,5.172046890430652,True,0.15851461152472737,0.6005537509918213
13424,-11.78068542730999,99,True,6.044948166137806,False,0.15776736634318858,0.9621378183364868
13424,22.59661707580914,110,True,6.046698476880494,False,0.15776736634318858,0.9621378183364868
13472,8.08535426050467,101,True,6.055528174084845,False,0.15500423786118436,0.9413663148880005
13584,19.97687127751651,168,True,6.081016028911039,False,0.1544566972022695,0.6258790493011475
13600,1.899862686345319,59,True,3.5414178754188526,False,0.15318216883778069,1.6536674499511719
13648,3.8400877477661854,109,True,6.0292105649889995,False,0.1530014604530863,0.5535120964050293
13680,12.411354311404233,116,True,6.0456726290327465,False,0.15246010657251155,2.224492073059082
13744,-1.2926312208011232,94,True,6.0511018141955,False,0.1521015201576185,1.0320308208465576
14016,-10.064849327245636,69,True,6.136262750294632,False,0.15138635739459028,1.2695938348770142
14048,12.593444760553869,97,True,6.109856079558498,False,0.14838769707679533,0.538750171661377
14272,26.481744024026025,117,True,6.098437483567015,False,0.1480390014727017,0.6847248673439026
14384,3.5040455450057255,50,True,2.818728311998573,False,0.14562296236845435,2.2146170139312744
14400,-9.36941073873096,76,True,6.054032691441731,False,0.14442653694678367,0.2039358913898468
14432,18.44376537563428,100,True,5.410357425359405,False,0.14425640617302582,0.24295586347579956
14592,14.89014396524438,92,True,6.1294982254069525,False,0.14391675473007554,0.23754197359085083
14704,10.335452425310816,100,True,6.031138085078184,False,0.1422342932814786,0.4585558772087097
14768,3.1717114706121734,84,True,6.1600841423837,False,0.14106942989803814,0.21583396196365356
14784,5.015229439728296,85,True,6.009177401348765,False,0.1404085010973189,0.702252984046936
14880,-2.8511777463780703,71,True,6.117251166538996,False,0.14024403291132984,0.6646915078163147
14912,-0.7968848761928289,120,True,6.078777971186805,False,0.13926029272851917,0.4550398588180542
14944,20.34553825369383,84,True,6.086352374505389,False,0.13893381605601657,0.3451576828956604
14960,9.09381235958319,93,True,6.089723769414826,False,0.1386094519269258,0.3743687868118286
14992,-16.401902992925553,82,True,6.076572941947192,False,0.13844761514299267,0.38587453961372375
15024,26.698221806307057,86,True,6.039744686160754,False,0.13812398463976874,0.5037004351615906
15168,-4.1070246016661,48,True,3.661586932662756,False,0.13779994706609064,0.32371076941490173
15376,-0.6467577544043515,85,True,6.136422270814316,False,0.13635194437676246,0.5824331641197205
15664,3.40698490363385,77,True,6.054367734996532,False,0.13428059386752272,0.2249300181865692
15728,-1.1042692919916153,71,True,6.000153342716079,False,0.13147439718311163,0.24678803980350494
15760,25.26877810656155,93,True,6.083374121884931,False,0.13085942132507922,0.4250142574310303
15968,15.339372450515224,75,True,4.541412746195889,False,0.13055379744145335,0.19522128999233246
15984,34.10476171266227,80,True,6.027058300422868,False,0.12858651867395185,0.3934254050254822
16000,4.065513209094602,61,True,4.055159206633552,False,0.12843645925140823,0.47578680515289307
16304,24.969652429345473,95,True,2.244200131864652,False,0.128286671968995,0.1915811449289322
16352,-3.894684287508234,87,True,6.023522672697497,False,0.12546740994253044,0.23606666922569275
16368,22.902561129120507,75,True,2.965469118235043,False,0.12502983747227356,1.4039726257324219
16656,9.063719790299634,80,True,6.008990497920597,False,0.12488388379363237,0.44380754232406616
16720,17.55577903184694,111,True,6.040750814844733,False,0.12228568250239749,0.3876038193702698
16880,4.008771104716798,177,True,6.060834439999049,True,0.12171524536401687,0.1645456999540329
16880,14.081711210326658,156,True,2.7258936876603115,False,0.12171524536401687,0.1645456999540329
16992,21.3828183375162,132,True,5.314884867075834,False,0.12030055700791127,0.5132821202278137
17040,24.206530378469026,128,True,6.016660223706976,False,0.11932554808958926,0.2589723765850067
17056,15.383354000806115,81,True,6.0504091507311575,False,0.11890971161186485,0.3132231831550598
17152,-4.733453670076706,72,True,6.025865749918966,False,0.11877164940844047,0.4254005551338196
17168,-7.114847156291699,74,True,6.176113615947114,False,0.11794216491081752,0.24010998010635376
17184,8.614617694424725,95,True,6.020318874587714,False,0.11780442096278433,1.1412551403045654
17392,44.356009423245766,104,True,6.062472598367098,False,0.11766721455211411,0.3885650038719177
17680,-14.114779776609048,173,True,6.047583753890916,False,0.11590044369787991,1.490355372428894
17760,-1.4637983147317506,65,True,6.051178815481881,False,0.11349003623697382,0.1927548348903656
17808,3.192578948271038,51,True,3.347293174473763,False,0.11283302072827915,0.1729159951210022
17920,25.03579936197111,101,True,6.0818378563013376,False,0.11243798161661654,0.3264480233192444
18080,52.79433355076052,132,True,2.310018981614252,False,0.11152271898887518,0.1664501279592514
18096,-13.70707531288665,59,True,5.446598992633095,False,0.11023236073774545,0.23320603370666504
18176,-2.2328110811323754,113,True,6.047850676733563,False,0.1101045358060222,0.2554989457130432
18192,8.688731321852856,82,True,4.149855441223427,False,0.10946700605344349,0.23271436989307404
18256,10.972703730350986,119,True,6.022899786941857,False,0.10933972219484732,0.2381536066532135
18352,-6.333865661766048,92,True,6.110548208172394,False,0.10883270291394773,0.19237536191940308
18432,5.924007932280519,87,True,6.15537154833468,False,0.10807643493038423,0.6391702890396118
18448,-9.984856690015828,79,True,6.033524926306089,False,0.1074483856783092,0.23112353682518005
18656,15.289762655488998,93,True,6.017818685171011,False,0.10732306640395783,0.3314231038093567
18720,14.600802518460123,129,True,6.0705820616978245,False,0.10571080773915104,0.3485161066055298
18896,11.220632291747776,94,True,6.078873819489319,False,0.1052218316505387,0.23652894794940948
19168,45.02785669537119,132,True,6.029469379286846,False,0.1038849524620267,0.17816261947155
19168,-2.0098000021200555,78,True,5.003398858746008,False,0.1038849524620267,0.17816261947155
19392,46.66909656914373,102,True,6.119679717893722,False,0.10186016403641733,0.8016642332077026
19408,3.8835329089323913,83,True,6.117145919277004,False,0.10022428710737878,0.234889417886734
19568,-3.8994409902536153,82,True,6.022697537036963,False,0.1001078386645599,0.17380008101463318
19664,4.983493763718933,98,True,6.050464059097742,False,0.09895320336605173,1.1701107025146484
19680,-0.8355944634624208,125,True,6.020019183071841,False,0.09827126404836356,0.22685950994491577
19728,2.7046328076628967,97,True,6.0831029327307755,False,0.09815820594628087,0.18715155124664307
19952,22.14119441200394,110,True,3.9994213097730085,False,0.09781906492444974,0.7700687646865845
19984,21.853507720738065,96,True,6.132127831696819,False,0.09625340366091086,0.20696471631526947
20128,37.514661001629065,145,True,6.015542383802853,False,0.09603236550362483,0.1905091553926468
20144,47.73087474273727,93,True,5.788776421551104,False,0.09504509501154813,0.3486855924129486
20272,-0.2736771521747574,86,True,6.026891570082364,False,0.0949359030264754,0.3063344359397888
20352,-29.38978385227255,102,True,6.05136149277792,False,0.09406218198145659,0.1656753271818161
20560,15.346290435324818,133,True,6.030927199430075,True,0.09352018281810359,1.0659151077270508
20592,-3.826598032900593,89,True,6.073733637777875,True,0.092131632624257,0.2475666105747223
20848,48.985686395976074,156,True,6.040986544490575,False,0.0919207652771879,0.21177542209625244
20976,-11.651473455251853,78,True,6.084381686088382,False,0.09024956500102195,0.2980380654335022
21184,0.5521430035021222,95,True,3.612190668235482,False,0.08941630956998782,0.13355790078639984
21216,18.25639890559527,79,True,3.9370065657284523,False,0.0880903959367865,0.2035127580165863
21360,40.088969421726546,137,True,5.764571647680661,True,0.08788799648698332,0.16712486743927002
21440,7.801182038659853,91,True,6.107009770281815,False,0.08698206962580787,0.19117605686187744
21440,-0.47573282285989116,82,True,4.7892987875214885,False,0.08698206962580787,0.19117605686187744
21456,11.096805828943882,74,True,5.91315947448022,False,0.08647860868308828,0.7546663880348206
21872,-8.022880529498043,82,True,6.063764522954615,False,0.0863786914646933,0.724219560623169
21888,9.931956979067387,96,True,5.719269963085358,False,0.08383586273012905,0.6166470050811768
21936,20.096482382786206,148,True,4.544962313899736,False,0.08373938679463824,0.2907399535179138
21984,8.802553604847601,87,True,6.0713784497192655,False,0.08345048313323429,0.199987530708313
22384,9.547443940786911,96,True,6.096063954891606,False,0.0831632810978727,0.21799808740615845
22480,-7.30343895807008,64,True,6.0194502030541415,False,0.08080731567636856,0.17077696323394775
22528,-20.587692911395145,178,True,6.013423655330255,False,0.08025094542627847,0.21790602803230286
22624,5.444720124227231,74,True,4.673227788867488,False,0.07997335736728123,0.2008260190486908
22736,44.24094231703518,97,True,1.8403281916205827,False,0.07942460116632763,0.3164106607437134
22768,20.511104310765205,211,True,6.044636610769661,False,0.07878780384735919,0.17471766471862793
23168,6.605751435336504,122,True,3.139718079689053,False,0.07860658027521436,0.2689591646194458
23232,19.490999087329456,112,True,6.142635245066206,False,0.07638074336113473,0.28895825147628784
23248,15.47155545529625,240,True,6.018882474980843,False,0.07603171759354768,0.3898150324821472
23328,53.04373360340464,123,True,6.088363473624208,False,0.07594472146867383,0.24034056067466736
23344,3.343553035617669,92,True,6.052599350863328,False,0.07550945067119097,0.43633145093917847
23376,40.377806093227505,93,True,6.046671654848917,True,0.07542303757622919,0.16244108974933624
23552,42.09880749532826,98,True,5.824073047386147,False,0.07525127633423254,0.1576601266860962
24064,6.106385251471062,90,True,6.09944465525137,False,0.07430958892402116,0.1924644559621811
24128,-4.278153658473831,103,True,6.040775573005477,False,0.07162636539362337,0.21380989253520966
24432,46.25803329944144,268,True,5.697526378175948,True,0.07129877226625284,0.16741986572742462
24496,-1.650291155538552,78,True,6.0127667985066635,False,0.0697664703758813,0.27938899397850037
24800,9.542216291021571,151,True,6.039683935995796,False,0.06944717378875523,0.42520973086357117
24896,42.4482712270455,108,True,6.091112970943712,False,0.06794807101663183,0.14743928611278534
24960,24.476834382325087,137,True,4.8196001267418085,True,0.06748347595315653,0.17392149567604065
25232,-8.400512937706338,105,True,6.019974825606715,False,0.06717450681038757,0.16396798193454742
25280,9.358635618510705,76,True,5.82212724865854,False,0.06588651535821766,0.25856292247772217
25552,16.61652065875579,139,True,5.451497153054844,True,0.06566321926714475,0.2726767659187317
25600,70.89035064368385,289,True,1.225034674110721,True,0.06440520635694069,0.40757009387016296
25776,4.839376900098161,190,True,6.029690809108819,False,0.06418418295840324,0.30057355761528015
25968,-0.5342171884987721,171,True,6.039151322753228,True,0.06338804731717922,0.1474451720714569
26256,15.104601943745667,270,True,5.731966853161718,False,0.06253660756969429,0.2844424545764923
27344,58.92319369440804,178,True,6.018108188048694,False,0.06127957653994011,0.34664469957351685
27760,1.045915351038495,327,True,6.023151056507741,False,0.056772204409552975,0.2059774100780487
27856,60.58846534211037,191,True,4.907222890381927,True,0.0551394747893611,0.33482202887535095
27984,48.28489271245988,241,True,4.770027606451004,True,0.05477151900207684,0.28930532932281494
28032,104.95451332295455,291,True,6.009773396682695,False,0.05428468972237082,0.3893728256225586
28128,-0.10539786818487862,147,True,6.015285006806632,False,0.05410259092877756,0.2785358428955078
28144,62.45841821997162,300,True,6.01265572501934,True,0.05374014954308449,0.2539299726486206
28176,8.762373753922143,234,True,6.1482117582548605,True,0.05368074061176036,0.18513555824756622
28624,32.39418090548524,229,True,6.02852349541286,True,0.05356174450018631,0.3853711485862732
29808,28.35236165822362,266,True,6.022387031441031,True,0.05192358226595288,0.3371196985244751
30224,4.1227576395393,137,True,6.012411716654816,False,0.047811932332003274,0.24697495996952057
30544,67.18380228231852,151,True,1.590428020919647,True,0.04645415593105151,0.40239599347114563
30752,9.898353970410252,161,True,6.02055254521357,True,0.04543837898918003,0.329889178276062
30800,27.68666361655727,348,True,6.0232715297092945,True,0.04479325073973927,0.2041308730840683
31344,214.84362045246252,403,True,6.0832968851436044,True,0.04464714182963792,0.2053127884864807
31360,69.96287835821241,225,True,6.00854545056266,True,0.04302180229346647,0.27343595027923584
33280,200.4698349072422,500,False,1.2596158337305838,False,0.04297505554633319,0.24949440360069275
33504,172.66211674401504,345,True,4.656441715945411,True,0.03772530560469554,0.2621527314186096
33600,300.53319908411584,500,False,2.0112744803982983,False,0.037156837001130615,0.23585879802703857
33968,153.64708509915755,500,False,3.4180450515311707,True,0.03691718005947875,0.26773589849472046
34256,109.34474992021136,500,False,4.367821336159295,True,0.036007470887636915,0.8039655089378357
35344,182.6200523130872,500,False,1.9875706054487974,False,0.03532025929293224,0.31700408458709717
35840,109.68403757649308,146,True,1.763544642566234,True,0.032837882748218895,0.26015931367874146
35856,238.42651278860728,500,False,0.5976001849264088,True,0.03177514635265785,0.41202330589294434
36144,313.0899485575622,500,False,0.9264040115180109,False,0.03174187720612141,0.3767387866973877
36624,151.47039251338092,500,False,1.0746091604510757,True,0.03113808287636667,0.28910398483276367
37136,111.29504076134458,362,True,6.076452386488631,True,0.030164020082179076,0.4970293939113617
37808,375.43000558864026,500,False,1.2969920928785654,False,0.029168419516819522,0.8077449798583984
37872,140.68972284241403,226,True,3.4769648047875346,True,0.027915993353346602,0.2967125177383423
38080,151.98909029772318,280,True,6.153781693197607,True,0.02779698357229115,0.2506581246852875
38224,287.6451869738351,500,False,1.1290974257295783,False,0.027422120183763752,0.710477352142334
38544,198.0416470829549,500,False,0.7068240126466022,True,0.0271643320375641,0.20605134963989258
38752,194.7647412400168,500,False,1.9734007315348672,True,0.026607060243893487,0.48140960931777954
38800,268.8451338599792,500,False,0.9098728750218104,True,0.026247238978381496,0.30146265029907227
38880,106.99198581342864,350,True,2.7266327101391967,False,0.026164447797458606,0.2384537160396576
38896,12.95474083615116,142,True,3.714852442929537,False,0.026029590259149322,0.44771116971969604
39248,135.33388616396752,212,True,1.9168782163744293,True,0.02600274391507147,1.0816726684570312
39360,213.12308378511136,500,False,2.8525189453959428,True,0.025415080358846667,0.5142428874969482
40576,72.65091287775397,169,True,2.831549037521821,True,0.025230415137187028,0.41796988248825073
41968,235.9381117072173,500,False,0.3063433972279365,True,0.023355107710267924,0.6912879347801208
42752,187.54791074380495,292,True,2.4161571977583916,True,0.021427302544578038,0.4100459814071655
42944,158.4756103438383,253,True,4.238472566991547,True,0.020438963273466886,0.5376695394515991
43344,358.85672323706797,500,False,0.5135176084806251,False,0.020197946959232396,0.7762334942817688
43840,417.86489657679874,500,False,1.1281552908402925,True,0.019719835312533095,0.530393660068512
44144,337.6706042144781,500,False,0.3836153840439055,True,0.019160148323846556,0.473188579082489
45136,413.3880911850045,500,False,0.3492590241671082,True,0.018828133863962586,0.3989654779434204
45808,317.0224564314836,500,False,1.314302534841035,True,0.017798007588030247,0.3329775333404541
46016,331.74222182590927,423,True,4.429389878184162,True,0.01714612396078667,0.4182133972644806
46224,351.9280474775604,500,False,0.4124331523707799,True,0.016948882828562342,0.28648602962493896
46544,518.680041472798,500,False,0.46227425971597796,True,0.01675538854040616,0.5266934037208557
46752,354.0206576837399,500,False,1.722395919081857,True,0.016458291549421404,0.47304195165634155
46800,449.18907232916615,500,False,0.6437296391748683,True,0.01626966711598461,0.3378046452999115
46880,176.65569740582015,500,False,3.1889473562542245,True,0.016227435825880467,0.2937893271446228
47360,465.9866665754009,500,False,0.3161727332463876,True,0.016157551068014413,0.638729989528656
47440,230.49155696579186,281,True,2.4376538357858855,True,0.015748667390720783,0.2860710918903351
48576,440.3496949046102,500,False,0.3464079865777407,True,0.01568116261242473,0.4062442481517792
49968,586.4497064429971,500,False,0.18084848009016496,True,0.014805557081379601,0.7908912897109985
50208,407.2547383322186,466,True,2.795580116982093,True,0.013834346806973437,0.5917487144470215
50736,274.50160385350887,350,True,5.110361337063479,True,0.013716107268179524,0.3380626440048218
51344,515.7142137308205,500,False,0.19179253254715367,True,0.013391394498905375,0.440164178609848
51840,632.9093595411726,500,False,0.1875202476377968,False,0.013033722206830354,0.3884325325489044
52144,645.8822207683694,500,False,0.14301759621067758,True,0.012768104442387102,0.432873010635376
52928,132.58104575734205,170,True,1.5016298900162717,True,0.01261692574531098,0.7737449407577515
53808,608.7893734770299,500,False,0.07973865710047041,True,0.012256252443229572,0.502411425113678
54016,570.0246560033613,500,False,0.14259510452384394,True,0.01189730219465468,0.5514134168624878
54224,719.0719913791354,500,False,0.09890031215835915,False,0.011817480499442666,0.4628686308860779
54480,67.84731811967146,165,True,6.051995234443507,True,0.011745251126091732,0.6248829364776611
54544,667.4555605257525,500,False,0.27837648507627505,True,0.011656748533900696,0.5016604065895081
54752,562.9986150089134,500,False,0.36019067255011655,True,0.011630921152384888,0.6929339170455933
54800,688.1278133597754,500,False,0.07307266947066261,False,0.011558100801823647,0.5298872590065002
54880,741.660607162518,500,False,0.13410219094773893,True,0.011538440968939684,0.6352086663246155
55360,598.9927257581807,500,False,0.30998052185507713,True,0.011515383797270103,0.45174431800842285
55440,704.629810925274,500,False,0.0841058168418919,True,0.011337723547078226,0.5908375978469849
56576,576.1925559144139,500,False,0.07503518151151987,True,0.011318380285310545,0.6479731798171997
57968,668.1536108796323,500,False,0.18624916022204646,True,0.01096469149891015,0.4068305492401123
58736,628.7643212889718,500,False,0.21407292426076527,True,0.010671574903187514,0.6531358957290649
59344,539.2588410410686,500,False,0.18908004395552228,True,0.01057125076317193,3.723374843597412
60144,584.6836348437972,500,False,1.4681933097013227,True,0.010501877443335111,0.5417652726173401
60464,500.27772577554947,416,True,2.9357974477219098,True,0.010397640852138776,0.5243610143661499
60928,634.6365589053738,500,False,0.15084880039413762,True,0.010364669166907219,0.6512956619262695
62016,596.29563252161,500,False,0.38867538097360094,True,0.0103599786561298,0.5843077898025513
62224,514.6273415293598,500,False,0.3065877195711427,False,0.010327486160774769,0.5974055528640747
62480,602.597720602694,500,False,0.30516271530604644,False,0.010321275800389834,0.5601246356964111
62544,772.669428361915,500,False,0.11095103881096698,True,0.010293747563063607,0.6016419529914856
62752,616.9901332446805,500,False,0.28309104906164795,True,0.010291468440406371,0.6933120489120483
62800,380.62418561924596,500,False,4.4258874153304655,True,0.010288307008342469,0.6117456555366516
62848,433.0878840869057,392,True,1.0930094483601902,True,0.010288747693147974,0.5566091537475586
62880,615.5206817289474,500,False,0.1720562276607734,False,0.010289605326043191,0.5137438774108887
63360,614.8674956816373,500,False,0.09930471225819643,True,0.010287103067509863,0.605043351650238
63440,703.6133231330039,500,False,0.1253184676481697,True,0.010284624133281305,0.5812503099441528
65344,215.98078638051803,305,True,6.0292915648459084,True,0.01027911546947038,0.5418797135353088
65360,101.22880451710064,157,True,2.1976554962998947,True,0.010411140902109928,0.6756699681282043
65424,84.88786522817479,164,True,3.140442875301936,True,0.010413398998646182,0.6085070371627808
65968,767.1592255264887,500,False,0.14253606972933577,True,0.010422233005139534,0.7633378505706787
66736,421.8091209159676,500,False,1.5231890412028404,True,0.010496346604740473,0.5538865327835083
67344,675.7986680054825,500,False,0.06393310135574103,False,0.010566780912395194,0.6229540705680847
68144,661.7001678072734,500,False,0.22201272025975227,True,0.010667970922654852,0.7757456302642822
68608,149.2030362266765,165,True,1.4753520187992286,True,0.010727089897394296,0.7828505039215088
68928,649.3423429756191,500,False,0.10731941337234889,True,0.010811920874263543,0.6673249006271362
70016,627.9231855548337,500,False,0.23216830033135116,True,0.010886745646241348,0.6719464063644409
70224,591.9409316309943,424,True,1.8164346345938525,True,0.011114558426031701,0.9382484555244446
70224,666.8201786426317,500,False,0.21642102264914687,True,0.011114558426031701,0.9382484555244446
70480,814.4142429955671,500,False,0.10947369389091036,False,0.011190235946047188,0.8081956505775452
70544,587.9765235932624,500,False,0.07668310417939786,True,0.011284207441011752,0.6851165294647217
70752,764.0044209011695,500,False,0.13014725512029432,False,0.011340953359779764,0.9268507957458496
70880,750.5258541431608,500,False,0.1053920445990047,False,0.011417906535442866,0.6939476132392883
71360,592.7460712172003,500,False,0.09990359101984733,False,0.011452857552021682,0.8087238073348999
72752,213.8001713794971,158,True,2.08546841773869,True,0.011475085249894391,0.7123134732246399
72992,290.5546865619239,274,True,1.395724761740199,True,0.012044142581979127,0.9066059589385986
73344,501.8902961537339,500,False,2.2231485503959885,True,0.012107256984204139,0.9074718356132507
73360,686.7410976299653,500,False,0.14302458946538318,True,0.012216539711261364,0.8170523047447205
73424,615.5573143577476,500,False,0.21023298564471107,True,0.012214863958854605,0.7991863489151001
74736,708.6230321697612,500,False,0.0949582447609086,False,0.012221043867440915,1.1005685329437256
75344,500.7282624846374,500,False,1.197422420803145,True,0.012522354791637042,0.7830979228019714
76144,720.9665167439737,500,False,0.1598927749609006,True,0.012610171661918966,1.0787129402160645
76384,132.5993172273068,189,True,3.26160850160654,True,0.012739622764408038,1.249443769454956
76928,793.6579064873002,500,False,0.04208150274083096,False,0.012770678582790471,1.2982771396636963
77488,246.54289389611554,259,True,2.224906791423838,True,0.012735918869033119,1.1521514654159546
78016,657.1666221408566,500,False,0.14938386195122672,True,0.01293487935395732,1.346523642539978
78224,671.7151430097014,500,False,0.12699469433016553,True,0.012957071505410462,1.0229454040527344
78480,737.2409298655112,500,False,0.043001534040328276,False,0.013088938909539922,0.9293199777603149
78544,727.9260169032574,500,False,0.14478599791669658,True,0.013179240506982404,1.0267122983932495
78752,670.4837282791033,500,False,0.40440094344117145,True,0.013177449781137399,1.1029478311538696
78832,536.019135092431,497,True,6.045889072475108,True,0.013272229354830148,1.3689002990722656
79360,799.2125853561328,500,False,0.08460696055849126,True,0.013236234121685038,1.3965266942977905
80752,806.0974249900071,500,False,0.025611265051573545,False,0.01325983573692495,0.9387015700340271
80992,767.4419112297288,500,False,0.09285329832139029,False,0.01374012746294955,1.2611682415008545
81424,773.2643882498472,500,False,0.05426534006270928,True,0.013758230186556725,1.0479801893234253
81440,595.9503251844752,419,True,1.178191130574166,True,0.01388531861365525,1.144506573677063
83344,431.41468852052145,500,False,1.0715344992039735,True,0.013893099270409373,1.4481006860733032
84144,756.9491704908799,500,False,0.044469241704175065,False,0.014000597177928112,1.5729538202285767
84384,676.8049158902465,500,False,0.14512202158766893,True,0.014339091589287633,1.373528003692627
84928,721.245304052265,500,False,0.1864296261934647,True,0.014483372598617728,1.0994739532470703
85488,708.3674747540396,500,False,0.11546852833347114,True,0.014589389472840294,1.0216715335845947
86016,696.1673980812524,500,False,0.11086122476062178,True,0.014663795515158826,1.4351454973220825
86192,667.5086533285767,465,True,2.2649661140074424,True,0.01476038759227822,1.1183502674102783
86224,823.8758731992162,500,False,0.14125628928919542,True,0.014720870380402758,1.1781609058380127
86480,682.2146475116084,500,False,0.19853603162400416,True,0.01469968798989768,1.6179087162017822
86544,767.6948267762759,500,False,0.064680690577627,True,0.014644581504630482,1.120265245437622
86832,389.5674848275406,500,False,3.566391531524892,True,0.014622785103737285,1.1493977308273315
86992,318.247686586738,228,True,2.4441468154332857,True,0.014709864865855923,1.2839306592941284
87360,649.2384460568309,500,False,0.22731510571910463,True,0.014663639988560306,1.3931915760040283
88624,139.303485529758,449,True,6.050210093163194,True,0.014868308915067904,1.1309669017791748
88752,644.3518052570621,500,False,0.5150369922577788,True,0.0151881090211704,1.1870498657226562
88992,845.7984716106665,500,False,0.12259505745613355,True,0.015253588660979147,1.059460163116455
89424,793.5751643974609,500,False,0.15792061663694176,False,0.015264316888293224,1.3031399250030518
89584,139.08680776803277,172,True,3.930002566084912,True,0.015492962656511169,1.4808952808380127
90096,169.85991596090673,194,True,2.226253475083948,True,0.015528492052861635,1.4792081117630005
91376,152.71278641091075,164,True,2.100420522444224,True,0.015669739510500102,1.249416708946228
92144,856.0917244072048,500,False,0.035295256566053854,False,0.016232598572207137,1.443076491355896
92384,718.0840423858151,500,False,0.05159391922481157,False,0.016484194402618207,1.8446542024612427
92768,608.6072773144999,411,True,4.055449631933025,True,0.0163803743163054,1.494965672492981
92928,788.8690640718528,500,False,0.04849503736978907,True,0.01646326773921496,2.0473833084106445
93488,826.8281583979772,500,False,0.10275422397501884,True,0.016511294092712656,1.118934154510498
94016,729.3865930683974,500,False,0.1054685707264013,False,0.016683460430673865,1.355828881263733
94224,765.89337558371,500,False,0.055952677850079686,False,0.016975316740823115,1.2394758462905884
94480,597.222090562798,500,False,2.972872530708013,True,0.016976441615021157,1.6692079305648804
94544,791.0551249980892,500,False,0.033208521066416995,True,0.01706954058398569,1.7440532445907593
95248,473.21186073819257,354,True,1.6509350978417727,True,0.017083077647268154,2.305088520050049
95360,839.5213114854972,500,False,0.06414777373529328,False,0.017237359262156395,1.1946914196014404
96096,281.6453288828227,198,True,3.060876613667985,True,0.017284309144332384,1.808178186416626
96624,751.6731503377803,500,False,0.07954397470685165,True,0.017561369114609364,2.2673301696777344
96800,174.4134342810691,252,True,4.667814278773295,True,0.01758196566654496,2.7484078407287598
96992,706.9988427188471,500,False,0.07714232563818273,True,0.017610711562316566,2.059213399887085
97424,725.033894943399,500,False,0.04337500203281462,True,0.01777352938962875,2.081561326980591
98096,778.523162257117,500,False,0.07702984430705363,True,0.01778884607674865,1.6457362174987793
98672,478.8115638162274,408,True,2.5603083805627977,True,0.017849820734453598,1.4222877025604248
98928,147.3276355006676,230,True,6.039654864368139,True,0.0179095691549431,1.7491092681884766
99376,815.5896620869673,500,False,0.04709297378805129,True,0.018063157661061046,1.6076818704605103
100384,797.4870090617725,500,False,0.06628054248710956,True,0.018232849091209258,1.8988933563232422
100896,576.4892195699298,430,True,2.30929952158981,True,0.018299241767093063,1.7149670124053955
101488,708.0223978120462,500,False,0.08457336391919659,False,0.01827697674100108,1.163254976272583
102224,846.0047634345332,500,False,0.08849155525248896,False,0.01831701334796034,1.5313823223114014
102480,785.0783304742539,500,False,0.11046270379959926,True,0.018454186999674046,1.214982509613037
102544,815.5434695420522,500,False,0.1004569856189955,True,0.018423452329014905,1.699582815170288
103360,842.5320709957185,500,False,0.11658200416313619,True,0.01844027509805689,1.6053955554962158
103424,602.8977084254614,425,True,2.934809520672025,True,0.01863887710655663,1.9717905521392822
103696,280.69825363743496,314,True,1.7287988804864547,True,0.018644438868784346,1.6689709424972534
104096,717.3496014387297,500,False,0.07705713005462196,False,0.01867950967773332,2.3045270442962646
104112,511.5217028225803,418,True,2.7660864895923796,True,0.01881798522474052,1.513887882232666
104752,102.49751791907688,142,True,1.9522704101269508,True,0.01881569273649301,2.1602301597595215
104752,473.13162335449226,364,True,2.675979861896129,True,0.01881569273649301,2.1602301597595215
104800,733.3141367721811,500,False,0.07295886577132729,True,0.018631983632556425,1.7394883632659912
104992,853.7264789509954,500,False,0.04575283889127646,True,0.018620255552006512,1.8718559741973877
106096,703.224189579668,500,False,0.04668961893892533,False,0.018528134645420323,1.417451024055481
107376,819.3382352922971,500,False,0.07369077648035932,True,0.018523641963288043,1.8735451698303223
108384,711.577243084622,500,False,0.0668308952116257,False,0.019013331534979583,2.163398027420044
108896,834.3532802911602,500,False,0.06836672507387614,False,0.019187295842044223,1.4376392364501953
109488,810.0211347321206,500,False,0.08044869317248766,False,0.01913307032785924,1.606410264968872
110224,825.790333930239,500,False,0.09908334829759147,True,0.0193163375366357,1.8748960494995117
110544,792.1541216655089,500,False,0.09918385851156453,True,0.019455847464454192,1.522720456123352
111136,532.9174723536752,440,True,1.1806925332147085,True,0.01949235933906175,2.014537811279297
111360,662.1827681188383,500,False,1.2841594714791464,True,0.019630319425241793,1.579986810684204
111424,704.7703597062196,500,False,0.15413943373809003,False,0.019680460125176862,3.1326613426208496
111696,730.4907465966606,500,False,0.05460518327985751,True,0.019704304434593967,1.6369986534118652
112112,795.2167259737657,500,False,0.09086761954671294,True,0.019908296502357783,2.07979679107666
112752,737.9450290352293,500,False,0.08446759048295631,True,0.019900412343376743,3.4160609245300293
112752,695.0316891779768,500,False,0.02577280358225243,True,0.019900412343376743,3.4160609245300293
112800,857.4512338415475,500,False,0.07273359879299092,True,0.020013700035725827,2.592196226119995
112992,608.5921464510212,500,False,0.8640514371054415,True,0.01996448894436648,2.0043270587921143
113312,203.7727291918766,239,True,2.7192215222754044,True,0.01999286221058166,3.255739212036133
113600,450.2383713238048,326,True,3.1782792530331756,True,0.01994327759546573,2.2064619064331055
114096,808.6903218269481,500,False,0.030275342691594154,True,0.01987770845486824,2.481741428375244
115376,792.6184127068467,500,False,0.08278985567899284,True,0.019950782215311515,2.2182164192199707
116512,400.6897744853752,318,True,2.885968740726672,True,0.02076701082024484,3.2553672790527344
116608,353.5682955704873,342,True,4.109765767543982,True,0.0204643520381131,1.962949514389038
116896,709.4159416093853,500,False,0.5845827329867451,True,0.02051659587545343,2.180710554122925
117184,486.56350827966247,343,True,1.273818286188421,True,0.020701484053946523,2.6310653686523438
117248,280.27646046455044,321,True,2.646845494756347,True,0.020759154957459593,2.4708404541015625
118224,828.0859544419623,500,False,0.11623398094508412,False,0.020746799331019472,2.1003012657165527
118544,753.0651444924081,500,False,0.058720702083892636,False,0.020989364010366347,2.9282679557800293
119360,750.6003628364441,500,False,0.11255147886261552,True,0.021010220038122047,5.052309513092041
119712,103.43154011043939,154,True,2.2041024997357685,True,0.021174013137522846,2.505654811859131
119760,184.84831630546176,203,True,2.0434845653518576,True,0.02138362124394017,1.9550070762634277
120752,808.7264790831131,500,False,0.061617785425577803,False,0.021404730134724926,3.3178937435150146
120752,702.8860337144187,500,False,0.16430247351560773,True,0.021404730134724926,3.3178937435150146
120800,686.4820842625586,500,False,0.161300426833765,True,0.02137751033958935,1.8914706707000732
120992,818.627615825953,500,False,0.11159749277809823,True,0.021401303405560068,2.110656261444092
121312,838.4456827650895,500,False,0.07157179546777025,True,0.021377790857388605,2.805044174194336
121600,861.6479954731582,500,False,0.03406233026758753,True,0.02155155975855495,2.2481119632720947
122096,788.110176285503,500,False,0.04628918730478119,False,0.021407902766422685,2.7431273460388184
123376,775.0780765050176,500,False,0.08631327553430711,False,0.021766321765373235,2.1659069061279297
123936,491.64327787172437,422,True,3.1271720146920785,True,0.0219289916250514,2.3089823722839355
124176,177.2610052208319,211,True,2.949980010203563,True,0.021924312274216623,2.641191244125366
124608,739.6618835249618,500,False,0.08018630343929356,True,0.02205867345295205,2.482625722885132
124896,778.5912432757904,500,False,0.10096546609511417,False,0.02221425920312311,2.2095465660095215
126144,580.9173227388098,402,True,1.507062827629205,True,0.022368727347004562,2.100104570388794
126224,843.519538152252,500,False,0.045276883209294086,False,0.022950781590575668,2.1822710037231445
126544,825.3798264303094,500,False,0.11088613269390862,False,0.022955500221986457,2.4787654876708984
127360,735.5708148658823,500,False,0.1499251433763726,True,0.02303372480748864,2.423976421356201
127760,718.2560710995613,500,False,0.07560915439300675,False,0.022866421460142124,6.588554859161377
128752,725.6346271699117,500,False,0.1486849257300539,True,0.022930117682404983,2.4463417530059814
128752,444.47505510417915,500,False,0.6957195419538847,True,0.022930117682404983,2.4463417530059814
128992,733.2378732743766,500,False,0.09922124203634905,True,0.022839544043146108,2.4692015647888184
129280,369.1959564638671,369,True,2.525824226493725,True,0.023144453361673034,2.1422154903411865
129312,722.5782534771463,500,False,0.08928393405138996,True,0.02331547476377064,2.878434419631958
129600,727.4477960315364,500,False,0.11734466141414553,False,0.023281485091823123,3.168804168701172
130096,716.6063526941434,500,False,0.08177756117490256,False,0.023115689030593637,3.807389259338379
131936,706.0539522783884,500,False,0.10010596010972048,True,0.02306259437388288,2.148238182067871
132176,746.1534738248504,500,False,0.09085238369752402,True,0.023636196311616644,2.930671453475952
132368,361.2850126558488,313,True,2.382260750277395,True,0.02378628612079523,5.59421968460083
132608,711.282303849492,500,False,0.0741880608861965,True,0.023775558434550453,4.206709384918213
132896,719.8112360312665,500,False,0.1131445723729939,False,0.02379940064442713,2.8430538177490234
134144,659.616598375439,500,False,0.09682759254906322,True,0.023954454222076333,4.469998359680176
134224,758.4382344408541,500,False,0.1269115701574303,True,0.024068383799106502,3.1474452018737793
134544,705.7948307269379,500,False,0.09369700767480255,True,0.023970307856221132,2.730454683303833
135552,592.7107223425307,425,True,2.365235411694538,True,0.023847171149126944,2.1489040851593018
135760,775.4334360994941,500,False,0.08159993705678985,False,0.02387261706088343,2.6634764671325684
136752,783.1036867548567,500,False,0.0983670595899299,True,0.023877854847060828,2.8306703567504883
136992,746.1828836744255,500,False,0.06603801839300835,False,0.023815816131803082,5.82926082611084
137280,761.4854767391772,500,False,0.07613803429083466,False,0.02381528617491373,4.584433555603027
137312,570.6589189989414,500,False,0.09506849352840609,True,0.023623661689880195,4.372158050537109
137600,765.5830830828601,500,False,0.07980489976966484,True,0.02361709398572222,3.511458396911621
138096,742.6588348527353,500,False,0.04756699108427374,True,0.02371398181724183,4.023123741149902
139664,299.8883677482082,340,True,3.662312856300818,True,0.023733688997142437,2.5070114135742188
139728,557.215872621652,445,True,2.0076716001850277,True,0.024288760555697265,4.607933044433594
139936,762.5229879821286,500,False,0.0864978825186487,True,0.024348609545119183,7.161831855773926
140176,779.6487456348038,500,False,0.1694777934269255,True,0.02427995590110581,5.428732872009277
140368,655.331035944384,500,False,0.11219031912013865,True,0.024321570244720755,8.656316757202148
140896,596.9467509035888,500,False,0.16230327660334515,True,0.024308722468138578,4.199601173400879
142144,702.4819769279011,500,False,0.10174240355615526,True,0.024587227915681364,3.4653050899505615
142544,727.6616588034765,500,False,0.08271543073095583,False,0.02495600096280111,4.586124420166016
142576,155.99555474875746,182,True,3.779861063748698,True,0.024996361282840822,3.5910587310791016
143552,699.0922115497691,500,False,0.07823686627497684,False,0.024990002417857097,3.426574945449829
143760,733.0676196460072,500,False,0.12438734895791437,True,0.024794425747265942,3.4490957260131836
144752,682.6372421168977,500,False,0.10163027590789393,True,0.02486466941103396,3.0472116470336914
144992,720.2169790710732,500,False,0.11465613502905335,False,0.025154506017102413,2.832568883895874
145008,364.96068770547225,302,True,1.611934977685069,True,0.025182783511478485,9.559556007385254
145280,692.6523345713903,500,False,0.17672164555883563,True,0.025183988451010685,2.720778465270996
145312,748.792758678558,500,False,0.04718728596922125,False,0.025179132141970758,2.7060670852661133
145600,722.8580240929173,500,False,0.10991521815771742,False,0.025165869638052594,3.4080796241760254
145696,435.0126852534281,373,True,1.7047031905670642,True,0.02502006089714323,2.288897752761841
146096,743.0223300041571,500,False,0.0776136753683144,True,0.025041763293252143,4.254891395568848
147936,777.2917685587229,500,False,0.06080579227103995,False,0.025343024510532493,2.2588047981262207
148368,720.6091804945237,500,False,0.14715712941009676,False,0.02522376313540894,2.2654778957366943
148896,708.8091081019877,500,False,0.07189589944246183,True,0.025352426486828013,3.9363133907318115
149600,450.89321537806336,303,True,1.3868477146943627,True,0.025448115188422157,2.9085707664489746
150144,745.8558813195136,500,False,0.16427125568481418,True,0.025417155624260872,2.388319253921509
150544,668.9603120274146,500,False,0.2851330981534073,True,0.025323985946695455,3.8081562519073486
150576,707.4852098179631,500,False,0.10336846926426649,False,0.025114133106215453,3.4095256328582764
151552,706.214197772005,500,False,0.12636218442237301,False,0.025128959684490804,12.00655460357666
151760,694.6892557466829,500,False,0.0960701119222519,True,0.02530153084882849,4.299483299255371
152224,546.3837053119074,414,True,2.598601521778592,True,0.025484021429826812,4.509481430053711
152992,730.7443764295783,500,False,0.06218124258631402,True,0.02545748893108941,3.2278859615325928
153008,716.8309208343874,500,False,0.09993334700515362,True,0.02556261313583017,3.122589588165283
153280,770.4192130717782,500,False,0.05567502086891352,True,0.025560064821595077,3.9739084243774414
153312,852.6884051370989,500,False,0.11045592914546314,True,0.025567031843477837,4.525635242462158
153696,720.2936971418852,500,False,0.05630538621403764,True,0.025591766081490098,2.987468719482422
154096,767.3233051156345,500,False,0.20862929405576752,True,0.02568483176867704,5.031339168548584
155840,141.6144181139505,158,True,2.9472419508513252,True,0.02590046029042932,11.9501953125
155936,835.6995265132614,500,False,0.059674075722649766,False,0.02593488766351299,4.896929740905762
156368,843.3251489114604,500,False,0.2741462854400086,True,0.02604228748834621,5.322224140167236
156448,415.73817043300403,306,True,1.851808822814683,True,0.026460780289276453,4.0847978591918945
156896,753.6925307420571,500,False,0.0660223512858294,True,0.026470010358289237,13.386884689331055
157600,782.5838168872573,500,False,0.04715500756987064,False,0.02625096317309014,2.9686431884765625
158144,701.87145956505,500,False,0.19053602327150582,True,0.02648491244274101,5.3550214767456055
158320,454.1745455862502,333,True,1.8040398419915709,True,0.026539212343377423,4.147095680236816
158544,811.1529701311197,500,False,0.06386213535591634,True,0.026491957622262047,5.4493184089660645
158576,802.2064161540478,500,False,0.10298015519356407,True,0.026631131783966182,3.9676568508148193
159760,750.6153317045622,500,False,0.1150120299984711,False,0.026676743923837384,2.780440330505371
160128,246.5040605533067,268,True,2.5599650892253654,True,0.02671988633402817,4.0845513343811035
160224,703.9161839614702,500,False,0.0662941158961381,True,0.026592340967397293,4.055622100830078
160384,649.7282056923275,461,True,3.163959011820802,True,0.026543609172709728,2.4676551818847656
161280,644.3194630334648,500,False,0.16573166342856957,True,0.026320008203850102,3.4146335124969482
161696,872.4576826206543,500,False,0.06144953794478526,True,0.027027170939155146,8.103316307067871
161888,419.0084674892297,312,True,2.354879083910216,True,0.027075338223249323,3.841773509979248
162096,795.5784563016572,500,False,0.04939621345355474,False,0.02702432455971464,3.492947578430176
163120,569.4836874688003,449,True,3.211473207365456,True,0.02706780264538157,7.224506378173828
163168,642.9518518768895,420,True,1.9148052550138317,True,0.02719556377105661,8.750652313232422
163536,421.21689699336775,371,True,3.0610930004816446,True,0.02723157643119534,4.572463512420654
163664,263.30649112605835,244,True,1.1431153686606772,True,0.027120190907625387,2.794114589691162
163728,194.49764858381994,225,True,1.584878377972417,True,0.027269765793882635,3.923067569732666
164160,366.3226551824626,365,True,2.151036025296092,True,0.027326803290750674,3.6329245567321777
164368,748.164682883438,500,False,0.031108935509572114,True,0.02731634336344503,3.0711288452148438
165520,321.92328556572727,321,True,1.17894426762836,True,0.027230570457487117,7.737200736999512
165840,122.92539468004216,170,True,1.2698613814252584,True,0.027412219922602492,5.170248031616211
166144,655.9141966986865,500,False,0.3379662521134409,True,0.027445676801104123,4.391514778137207
166176,591.3454410921191,477,True,2.311612229685143,True,0.02746618669373498,3.0626492500305176
166272,313.11187541954945,261,True,2.116017907321168,True,0.02749594527285238,2.9180874824523926
166576,455.44398704604856,500,False,0.8413656494243575,True,0.02743048607602478,6.934947967529297
166960,323.8437635967962,329,True,1.6636454109997543,True,0.027186818921037664,7.644820690155029
168224,567.2497426751019,500,False,1.5375465375013164,True,0.027127320461842117,2.986356735229492
169280,732.9453652870128,500,False,0.10500512022992985,False,0.027412402441141907,5.154468536376953
169888,693.7723541460863,500,False,0.17582591500748518,True,0.02730263259048761,3.3199925422668457
171168,787.2338600477271,500,False,0.13077045470672582,True,0.027339040166453856,2.743680953979492
171536,685.8851518545233,500,False,0.2119285830348906,False,0.028171290211823186,7.617527008056641
171664,776.2093569226736,500,False,0.09743163418302055,True,0.028010128358308323,3.221550703048706
171728,744.8809853744821,500,False,0.13426726795174027,True,0.02803595833011877,11.163997650146484
172160,815.9751340753329,500,False,0.08879323276766261,True,0.027951363851573312,4.214717864990234
172368,683.9413245116062,500,False,0.38427492911333805,True,0.028150227897690377,4.0451836585998535
172928,449.2648967979735,443,True,2.0504320333800146,True,0.028454184736636644,10.322036743164062
173520,679.8518307355466,500,False,0.1884163314331809,True,0.028418861868878452,4.108588218688965
174144,617.6048907660407,500,False,0.13931905100886663,True,0.028798004272907365,3.9663777351379395
174176,777.4213353027483,500,False,0.06061710269225689,True,0.028646343236717525,4.641698837280273
174272,723.0727651897696,500,False,0.14043301358471563,False,0.028638515234405654,9.593360900878906
174576,609.7143428214227,500,False,1.6171070899992093,True,0.02861407218253091,5.897873878479004
174960,663.5538678122801,500,False,0.1772765990917769,True,0.02843252463285349,3.652364492416382
174992,195.1069820156828,216,True,3.0851276404672774,True,0.028447549763389007,6.505883693695068
175456,702.770519267805,452,True,2.512087372884389,True,0.02842746009277806,6.6372833251953125
176416,352.5681408023413,297,True,2.7360099400360793,True,0.028323515439692477,4.27996826171875
177280,777.1367007922518,500,False,0.05559434700265289,False,0.028751898346522895,4.523471832275391
177568,496.0173716501135,365,True,1.0948939479300923,True,0.02911891232932941,3.5201122760772705
177888,701.9248439365984,500,False,1.2549385151718264,True,0.029329966836360494,7.388260841369629
178016,236.19009434625775,240,True,1.8366848463650183,True,0.02896918487760277,3.3216357231140137
178400,242.56066362613439,266,True,3.3946695265827715,True,0.028931165944941408,5.8682050704956055
178528,210.76671091625087,266,True,1.9103036053762736,True,0.028870092163445216,3.7952423095703125
179168,725.7687032212054,500,False,0.31875731244754624,True,0.029042682087208328,4.943596839904785
180160,698.2084602563739,500,False,0.18007327060540432,False,0.028681124540923746,2.9367926120758057
180368,826.5719466972558,500,False,0.063549894119293,False,0.028901052831953544,3.884070873260498
180928,803.2612662241208,500,False,0.07488144431211255,False,0.029050557894562543,3.6005454063415527
181520,604.3576484111754,500,False,4.112827314985774,True,0.028958705070445928,4.066525459289551
182320,127.18892083182939,197,True,3.3949471080853453,True,0.02902739820737374,3.807675838470459
182400,307.9237379005174,282,True,1.9694288307600516,True,0.028929846732022136,4.527562141418457
182576,728.4360897512795,500,False,0.07274596395547728,True,0.028793448436875688,4.917118072509766
182960,559.3262257422707,500,False,0.34383996972997133,True,0.028706428425365714,14.388326644897461
182992,661.9921311311574,500,False,0.8037437592272276,True,0.02870455507766855,3.712512493133545
183456,555.9605875670977,500,False,2.1482182066682967,True,0.028732400599618898,6.638156890869141
184208,458.9122014221665,363,True,1.9099404450033137,True,0.028811350924396125,8.378149032592773
184416,625.8870404312423,500,False,0.19797992992349273,False,0.029440142479548768,5.080956935882568
185280,740.0761796367987,500,False,0.1899109438835732,True,0.029519270758395416,6.758427143096924
185280,157.9962383468101,185,True,3.0570185831611028,True,0.029519270758395416,6.758427143096924
185568,692.2701583694611,500,False,0.49547207471252497,True,0.02928372275160574,3.530616283416748
186016,694.9745169488547,500,False,0.107516496393971,False,0.02902399481479727,7.756100654602051
186528,672.2261926442948,500,False,0.2063764942892551,True,0.0285961910607501,4.76911735534668
186816,478.17318058147265,403,True,3.141211765566131,True,0.02852001913309785,7.587072372436523
188160,682.8354861117704,500,False,0.14537726909479465,False,0.028523364531642188,4.76566219329834
188608,299.3338790800515,262,True,1.6841073065190384,True,0.028725658043179274,8.887182235717773
188928,756.1913109138405,500,False,0.07224782008562385,True,0.02881982552857209,9.712127685546875
189520,716.0322056873378,500,False,0.07410508293605592,True,0.029072999294062464,5.9358673095703125
190400,650.3868302007661,500,False,0.9436920227948133,True,0.028890861482631883,4.456493377685547
190576,616.4448299096642,500,False,0.3512147056050953,True,0.02956720849981107,6.027983665466309
190656,395.0684038616985,336,True,3.0037017943492184,True,0.02951125120380286,6.013413429260254
190960,546.6388900350844,500,False,0.27606205603815404,False,0.02958263940675011,3.9495749473571777
190992,470.62367288733105,500,False,1.7809190850079242,True,0.029458110212038213,5.678500175476074
191456,678.3082814200799,500,False,0.4623826332170399,True,0.029438964818518883,2.8607354164123535
192208,665.7988887869211,500,False,0.09730957541123854,False,0.029605190736686608,4.738516330718994
192736,473.2129093181221,466,True,1.873433230504141,True,0.02956143333741816,5.380701065063477
192912,176.59866174063393,459,True,2.321596382982883,True,0.02923560997663022,5.121389865875244
194016,571.7516141416143,500,False,0.3576637285233416,False,0.029381371989176067,3.0728819370269775
194016,463.5081494970527,318,True,2.815482593137782,True,0.029381371989176067,3.0728819370269775
194160,169.5994837554782,219,True,3.8341274468336257,True,0.029627022642948694,4.873210906982422
194528,652.9103641606713,500,False,2.964937051040934,True,0.029620392394449517,4.058629989624023
194816,454.1900909422166,500,False,0.9590416666315706,True,0.029659684861609865,5.656040191650391
196160,666.9343174185642,500,False,0.31076948193837267,True,0.029536612696159193,4.33852481842041
196608,623.4014344475418,500,False,0.15932126254472553,False,0.02926129568937971,6.770216941833496
197104,260.24886790588016,382,True,1.3612316927581818,True,0.02946433737951817,3.0715396404266357
197520,699.7263805486965,500,False,0.06280682284303385,True,0.02942799989790738,7.58243989944458
197568,223.0731317014915,335,True,2.683815840704492,True,0.029253336459885114,5.688863754272461
198400,557.497420521327,500,False,0.7167741537495642,True,0.02931061360600326,6.404864311218262
198576,598.1959164791441,500,False,0.31741154810757805,True,0.029394835543397908,17.04273796081543
198960,793.3200863175034,500,False,0.14530439633083583,False,0.02924014466813491,4.76486873626709
199376,105.60288784923702,173,True,2.6409541402867,True,0.029190118270573703,14.324939727783203
199456,511.9657324903883,500,False,0.18348444791176544,True,0.02930749625609152,5.384893417358398
200736,555.8302912368939,500,False,0.05167133483844132,True,0.029063147482734232,11.693860054016113
200912,719.0893963260775,500,False,0.10870071565087883,True,0.029100443803399358,4.634060859680176
201600,35.76570346453877,139,True,3.8392053580833103,True,0.0291716487633916,5.122344970703125
202016,345.5533106151788,500,False,1.1974266792464123,True,0.02949854841363805,4.606759071350098
202016,551.169868021657,500,False,0.195231706390118,False,0.02949854841363805,4.606759071350098
202016,170.02697154453386,215,True,3.625431652296253,True,0.02949854841363805,4.606759071350098
202160,468.7330798397348,500,False,0.7599819051911576,True,0.02926353989486007,6.95746374130249
202528,366.5943068554378,500,False,0.5813622455741592,False,0.02939919276834236,7.663085460662842
202816,504.79452789402256,500,False,1.073929004934822,True,0.029093375801800072,4.887918472290039
203184,489.9586221520835,439,True,4.813118320111002,True,0.02900508384317112,5.579499244689941
205104,410.9663246542405,500,False,0.6703754974238486,False,0.02879318726518467,6.588488578796387
205392,116.43769430871859,202,True,4.310062404447061,True,0.029236629754532395,5.567570686340332
205520,638.07939590442,500,False,0.1675942931161801,True,0.028851224139926496,6.485385894775391
205568,523.4480061293374,500,False,0.5289309366969831,False,0.02895601436214456,6.3209686279296875
206400,379.4214236129855,500,False,1.484360999385926,True,0.028942080593323347,4.50883674621582
206960,489.38510767993665,500,False,0.9954829505357652,True,0.028875729279246903,4.073602199554443
207456,603.8603248288631,500,False,0.07708143959357937,False,0.02900149842239541,3.8375072479248047
207968,228.27947216900895,340,True,1.684009841993057,True,0.029179346043768834,4.293477535247803
208736,767.291418559777,500,False,0.17048984151978142,False,0.029347575383265573,18.534948348999023
208912,354.0409271386108,500,False,1.5871330323798363,True,0.029327177934559866,12.358659744262695
209088,388.71085371674405,442,True,3.864964893398055,True,0.02915663907495349,4.583995819091797
209600,396.7053438010973,500,False,0.3791745777682289,False,0.029060577080658193,8.710083961486816
210016,484.652405042773,500,False,0.9110038866706073,True,0.028805316660059112,5.617086410522461
210016,545.6393779189514,500,False,0.23359203125928604,True,0.028805316660059112,5.617086410522461
210496,-2.4867473372761815,30,True,2.912674383705458,False,0.02881878441842224,5.287776947021484
210816,408.17360362004,500,False,1.7449100649611116,True,0.028915895006502157,9.753596305847168
211184,467.5954593358855,500,False,0.5026108694167251,True,0.028709249644242207,8.914484024047852
212176,75.01782100380301,135,True,1.6872055782483004,False,0.028345277361866712,8.524086952209473
212608,241.23552030321542,443,True,3.294908862206223,True,0.028429277695605576,5.738992691040039
213104,370.5967417972982,500,False,0.771533910848537,True,0.028680964309177513,23.717592239379883
213392,646.2939872076968,500,False,0.20626569923532545,True,0.028845774899628442,5.7943854331970215
213568,618.8921845486175,500,False,0.37461190970259517,True,0.028891779299110645,9.134775161743164
214400,426.0676084503233,500,False,0.9656477962590353,True,0.02906816253489898,4.835887908935547
214960,432.9748407705123,500,False,2.1939239177982435,True,0.02879560509408012,10.270339012145996
215456,549.8046844689844,500,False,0.3040333725906983,False,0.029117384573613892,9.42338752746582
215968,408.27563261805636,500,False,1.583895548331362,False,0.028984368780912824,4.6782612800598145
216736,558.9662038322867,500,False,0.46540704419691026,True,0.028735751514941916,5.060055732727051
216912,360.92087305121476,500,False,1.0407677693430961,False,0.028940347221606103,4.680106163024902
217088,688.0104553421048,500,False,0.06804430394509793,False,0.02873046123351567,5.450772285461426
217600,383.86477308590554,500,False,1.87650795650336,True,0.02886762494375181,10.674677848815918
218496,407.8109978070357,500,False,0.05010873693442388,False,0.02898266942841639,7.43142032623291
218816,439.02790371337136,500,False,1.8239447981232182,False,0.029298716660368918,4.235891342163086
219184,630.7769026745223,500,False,0.11771914307796513,False,0.029253365447416548,13.030817985534668
220032,189.9113424448909,404,True,2.755339190565057,True,0.02931166332571057,9.855903625488281
220064,292.20970015555616,435,True,6.025238861182303,True,0.029418210511181275,5.397035598754883
220176,392.2938399068054,500,False,0.8014086616123957,True,0.029464950321347525,4.441680908203125
220608,134.17613478589982,500,False,3.4726499128925976,True,0.02944911341276869,9.25643539428711
221392,357.8389098104546,500,False,1.489685521985446,True,0.029411638266725406,15.488727569580078
222400,406.2760252661542,500,False,0.9343423160780423,True,0.02953344574688525,6.541518211364746
222960,673.3668704337721,500,False,0.08802171165281203,False,0.029739268849985057,6.5470290184021
223456,316.8040941038052,500,False,4.416626193255625,True,0.029701555041107785,10.484434127807617
223968,248.8581991142316,500,False,1.66005669785003,True,0.029085188664072097,5.893657207489014
224320,128.3802956931261,321,True,6.001876860877494,True,0.02926168498418148,5.577479362487793
224736,386.15363599344494,500,False,1.8151255587547996,False,0.02930769043025696,15.930205345153809
224912,687.1503594709868,500,False,0.08821802364278829,False,0.0294362207774647,5.689653396606445
225088,408.4587740946401,500,False,0.13158114997654058,True,0.02955630329988482,6.776019096374512
225600,333.7199151092791,500,False,3.089918868937975,True,0.02951151812237936,7.820498466491699
226496,817.0035605204353,500,False,0.08282425969915024,True,0.029806418407122833,6.743419170379639
226816,433.2743656479344,500,False,0.18727767156275577,False,0.029663736378518688,7.6480512619018555
228032,390.4109382183355,500,False,1.3654383814842939,True,0.029339975259356638,5.562481880187988
228064,484.0285659643308,500,False,0.5259896603874689,True,0.02853466501504597,7.480202674865723
228176,455.37234696851976,500,False,0.24785118839840123,True,0.028534740061441542,4.160415172576904
228496,252.63783148249726,261,True,1.7409804608682944,True,0.028545628915758077,5.70881462097168
228608,716.575210782279,500,False,0.09495515143525812,True,0.028516662351024513,4.056595802307129
228816,88.22573815204464,255,True,4.617552650890745,True,0.028707578614997148,8.997758865356445
229392,615.6880034821851,500,False,0.09746310839954705,True,0.028750420241705037,7.889153957366943
230400,415.31157143519397,500,False,1.1620210785004896,True,0.028710076311019277,11.462895393371582
230960,625.7369559246428,500,False,0.0733239815535455,True,0.02879274017010097,29.352474212646484
231456,672.8763064126946,500,False,0.5273522525228233,True,0.028927609837949078,10.073076248168945
231600,36.28350334564669,221,True,6.016881028189954,True,0.028796510533365564,3.8253448009490967
231968,647.2547626519171,500,False,0.7827292497371503,True,0.028821613738251258,8.5343017578125
232912,274.9740934805494,500,False,4.241034867696215,True,0.028710675483801292,4.877358913421631
233088,635.3814415015805,500,False,0.24311550382374333,False,0.028909586264587218,4.987892150878906
233568,157.81240079894033,297,True,5.2291320828267756,True,0.02895169928756341,4.632001876831055
233600,472.2764010343124,500,False,1.7555073313744252,True,0.02886961952503993,4.000921249389648
234496,589.4622423670572,500,False,0.3146833695328591,True,0.028812107912248388,7.97304105758667
234816,190.52829352605994,500,False,3.0418477897194887,True,0.028697343464965972,5.740191459655762
235056,261.29057957764206,410,True,2.1780501042377565,True,0.028396880476886082,10.383981704711914
236032,591.4360526034305,500,False,0.27867959492260513,False,0.028261474320457877,4.605241775512695
236176,597.2348220681442,500,False,0.11263434824112946,True,0.028742687238401794,6.29020881652832
236304,173.41948094846015,201,True,1.6753732468670504,False,0.02879710835160038,12.897886276245117
236384,527.7064549165447,486,True,4.268756607567893,True,0.028746325655859228,16.150609970092773
237392,736.3755753726907,500,False,0.21564486242325506,False,0.028722551452763548,3.820467472076416
238160,268.3287430647579,287,True,2.5837456250825435,True,0.0286165847899715,5.191680908203125
238400,642.3107751147977,500,False,0.09670865172065733,True,0.028593440811590484,4.4205522537231445
238464,148.25029945214294,152,True,2.520313939678822,False,0.028349609216555254,6.331917762756348
238960,655.5723442952565,500,False,0.39118616829348857,False,0.028328485742638132,11.07969856262207
239408,320.5138167956016,497,True,6.054278950852209,True,0.02813686568099408,5.744876384735107
239600,728.6442877446108,500,False,0.3925760246993729,True,0.028276873872789803,5.449406623840332
239872,384.3200068873638,392,True,1.978324720206458,True,0.028490338118017808,4.28581428527832
239968,263.1563589120411,500,False,0.5328834499017108,True,0.02841575582962462,6.497560501098633
240912,663.9503895673411,500,False,0.5011555346812534,True,0.02830671643986053,3.8882393836975098
242192,186.29856758314335,237,True,1.9772627497305446,True,0.02799206065308966,6.094344139099121
242496,546.1225351011143,500,False,0.5393508830075013,False,0.028418571970472848,5.523813247680664
242816,634.3079643393518,500,False,0.3160346055252391,True,0.02857450800618566,24.999835968017578
243056,765.4505578007755,500,False,0.030916602709245837,True,0.02854035349873101,6.7027201652526855
244064,280.80550513770964,319,True,3.1815799758822587,True,0.028813804347031586,13.707469940185547
244176,553.3469377527864,500,False,0.5906529192826329,True,0.02925404767824705,5.940161228179932
244304,738.048212416146,500,False,0.04815205701679627,True,0.029207481376356047,5.163705825805664
244384,510.85506175754847,500,False,0.6354851723117528,True,0.02917046377668114,6.467411994934082
245392,205.3150876368777,500,False,3.149759223966054,True,0.029082196555708106,5.091859817504883
246160,460.0465752282294,500,False,0.43997357091426326,False,0.02962611551522682,6.304598331451416
246464,317.5729636876716,500,False,0.12519003049868757,False,0.02972330227719014,4.957740783691406
246752,97.23729107430768,168,True,2.544186469503893,True,0.029845775080849412,9.62224292755127
247408,599.9481131113854,500,False,0.2992386601776008,False,0.029998239504750245,5.197388648986816
247600,507.214883595258,500,False,0.6138411400735656,True,0.029788980528606745,4.270962238311768
247872,331.1298745378379,500,False,0.8666331259907228,False,0.029697108867231252,5.546429634094238
247968,211.72294556914656,500,False,0.5277861796676301,False,0.029276237239528935,4.679282188415527
248288,518.6586896856865,327,True,1.312956527845886,True,0.0292108585900053,6.110130786895752
248736,120.3830213845309,161,True,2.0010004390201312,True,0.029012846541159418,7.576981067657471
248912,671.9883900837236,500,False,0.5519805001127998,False,0.0288654016598515,9.223872184753418
250192,555.3712365959053,500,False,0.6455876587636155,True,0.028386251283487825,8.462873458862305
250496,602.3725916734908,500,False,0.484643088405961,True,0.02848606049323213,6.779123783111572
250816,407.3715244882654,500,False,0.6895908533158827,False,0.028238649515737853,3.189845085144043
251472,245.67245711056924,313,True,2.440059353491669,True,0.028152539748283887,10.576141357421875
252176,642.9051700477372,500,False,0.09674271499661657,True,0.028148873173222757,7.936286926269531
252272,416.3696258873656,345,True,1.7976586295295907,True,0.028116892034755682,9.50728988647461
252304,615.2214098264282,500,False,0.708106325404395,True,0.02804229902378295,5.130282878875732
252384,418.9747770485077,500,False,0.6047998496711278,True,0.02802453965386974,9.366158485412598
252400,167.65290448714148,229,True,2.7703403443814696,True,0.028000808882482294,4.425072193145752
253392,824.9729434360709,500,False,0.13532949084303914,False,0.027994550101306605,6.470320701599121
255072,293.7336701864885,467,True,3.697954159919759,True,0.02878673744939243,5.496285915374756
255408,546.0862398705906,500,False,0.22505443991529886,True,0.0300657192714769,5.552298545837402
255872,666.0173461196395,500,False,0.57097485173572,True,0.03004151114585068,5.6667585372924805
255968,537.2814899187016,500,False,1.2367593405650832,True,0.029622259196658063,7.299746513366699
256288,263.6406242343261,500,False,3.038560449840457,True,0.029491281995565017,5.079399108886719
256912,382.8274650180382,500,False,1.940583838978144,True,0.02930310822567768,5.85260009765625
257328,184.9540431553811,308,True,6.115693122549471,True,0.029211345910308325,7.790313720703125
258192,474.4117080339106,500,False,0.3806503764759348,False,0.029510559340435165,6.856558322906494
258368,502.52555979125566,431,True,2.2025760449688025,True,0.029904523911111015,8.947246551513672
258496,477.20837512669937,500,False,2.6156489136853107,True,0.030436441520099375,4.492807865142822
258816,509.31101594859757,500,False,0.9228341202817172,True,0.030255062741006516,11.874757766723633
259168,198.68301363941598,256,True,2.2308040133136684,True,0.03088690644026356,6.497082710266113
259824,55.19896998344302,102,True,1.6150063642104835,False,0.03052887617282118,5.11647891998291
260176,595.8031977857017,500,False,0.21016363275808222,True,0.03090609817091212,22.654203414916992
260272,503.65439283029315,500,False,0.2651372994698769,True,0.030520830153065507,10.990311622619629
260304,623.5410027858612,500,False,0.14743988576577313,True,0.03051483387508061,8.879300117492676
260384,691.0906440476664,500,False,0.18207633970021336,True,0.030547087383639822,10.538277626037598
261392,394.54605248312106,500,False,0.42614849655990733,True,0.030721646931028523,10.684259414672852
261616,98.30587091164675,195,True,2.4467040715995125,True,0.030596655931868624,4.475627899169922
262448,352.83021297395965,405,True,6.027411884391952,True,0.030760126214186227,27.617090225219727
262592,283.64432868341027,394,True,3.3285669577618435,True,0.030657345477367367,12.18574047088623
263408,328.2180526343609,500,False,0.9449344472298045,True,0.030657999485186938,6.282362937927246
263872,501.07109329525844,500,False,0.7292439598831264,False,0.03117239805779727,6.620363712310791
264368,163.18121319208194,254,True,1.3375417238102454,True,0.03201578443120663,7.27739143371582
264912,541.2715867658222,500,False,1.113437808382144,True,0.03209645548338327,8.652276992797852
265328,365.7599744446129,500,False,1.3923242246912642,False,0.03152152917550658,5.713059425354004
265424,104.9380852677543,186,True,1.627393218167477,True,0.03190418018171,11.060501098632812
265856,138.78744419867164,355,True,2.4375977046359956,True,0.03185123832247626,8.424596786499023
265904,29.86376266512523,96,True,2.413577883192757,True,0.03191158430263391,8.976802825927734
266368,322.90687116116675,500,False,3.234165167448465,False,0.03192638964762622,8.876920700073242
266560,62.287460824282135,197,True,3.140740715126179,False,0.032226245323942075,9.400566101074219
266592,124.24726621332675,311,True,2.9808691399703275,False,0.03211064287738071,10.298933029174805
266816,235.99455416995733,500,False,3.6080130856309847,True,0.0321644120205817,7.156467914581299
266896,168.48274544561355,414,True,5.035033732816923,True,0.03222833763372811,9.704534530639648
267168,386.254866116614,500,False,3.8931083299176645,True,0.03221240900931984,8.970654487609863
267696,183.9998188793067,457,True,5.037268079015081,True,0.032103142583951,8.713022232055664
267824,263.7499845661139,500,False,4.167514679083215,True,0.032000786607160166,9.03951358795166
267952,39.66238638254169,164,True,3.9474720649658117,False,0.03195037827743232,8.122933387756348
267968,159.36701498956933,411,True,3.8539736124161386,True,0.03206706038316885,10.542749404907227
268384,-1.7995014769444637,126,True,6.0177658031201045,False,0.032093304491440905,9.383848190307617
268416,64.0822230750794,157,True,5.473243047148288,False,0.03241936825590551,13.597137451171875
268496,-9.892010934811472,192,True,6.02924711323426,False,0.03247728064573193,7.45589542388916
268544,30.24616888673488,124,True,4.829578727785198,False,0.03253911098745767,15.11147689819336
268560,24.655161366029134,104,True,4.330767510374905,False,0.03246429372143364,6.515864372253418
268560,27.94487122706549,46,True,1.2095744898369503,False,0.03246429372143364,6.515864372253418
268560,11.85508164147051,169,True,6.001908945349139,False,0.03246429372143364,6.515864372253418
268592,21.874596670599068,125,True,6.032875164086772,False,0.03242081273494219,17.765457153320312
268592,32.3541275439334,111,True,6.095921979168224,False,0.03242081273494219,17.765457153320312
268608,37.912281462305955,231,True,6.006387214597174,False,0.03234818889642427,11.65996265411377
269168,24.584768833947354,75,True,2.6015388869202987,False,0.032328226483734436,12.89594554901123
269392,20.003876581786812,52,True,1.772436384964448,False,0.03320069286404942,10.642440795898438
269504,10.391837389544634,57,True,2.0732591652299743,False,0.03314488197245501,19.59160804748535
269792,-5.561985691821449,86,True,4.0094238403622535,False,0.03312632301995577,18.534574508666992
269792,22.348317228086714,75,True,1.7375364342856578,False,0.03312632301995577,18.534574508666992
269792,78.07239679138286,450,True,4.910329256791966,True,0.03312632301995577,18.534574508666992
270048,22.169955633542443,93,True,3.4531940902308893,False,0.03329408420680096,9.816917419433594
270480,23.728585377202936,82,True,2.234043738894615,False,0.03313701770813719,8.986635208129883
270496,-1.1758042742912025,159,True,6.001438053093571,False,0.034263401848280244,24.814834594726562
270496,31.978122763417716,121,True,3.803459958671263,True,0.034263401848280244,24.814834594726562
270656,32.96338000108144,135,True,3.9209994294494313,False,0.03435632382632391,17.046241760253906
270672,8.826456076438063,39,True,1.5479326721974034,False,0.03459515592827458,15.776212692260742
270784,5.842550415249953,140,True,6.03843261705972,False,0.03456519974606444,9.678617477416992
270800,7.766496948769708,194,True,6.005733176566705,True,0.03464376302403962,9.746474266052246
270800,27.925428170297938,88,True,1.5579830484854724,False,0.03464376302403962,9.746474266052246
270848,8.967020475178728,154,True,4.86009331849402,True,0.03467613854690454,14.573238372802734
271280,7.748281656325476,38,True,1.758525475452668,False,0.034716861662397146,16.87487030029297
271568,-0.46977181430107073,45,True,2.555097431791648,False,0.03490991147858691,10.610588073730469
271632,89.60251042291098,189,True,4.808998296330226,True,0.03535222022331279,9.821642875671387
271664,17.16648423764208,73,True,2.4864259272467133,False,0.035418824222421,13.375977516174316
271872,163.56022618490448,500,False,2.370908444918403,True,0.03543033760133412,11.304557800292969
271920,26.565313687083133,133,True,6.074293916704691,False,0.03564314416269536,15.860610961914062
272064,54.676690492759136,160,True,6.044077330566821,False,0.03578109175376006,12.086485862731934
272112,29.55326585783865,145,True,6.082361326841787,False,0.03648771840143158,19.555883407592773
272208,36.88389866403776,151,True,6.145086744787232,False,0.03653363882116545,18.179710388183594
272320,35.570859478234524,115,True,6.073621912384625,False,0.03648815915471715,9.011941909790039
272336,-0.4650604797221298,96,True,6.10193224991607,False,0.03693391807590392,16.29073715209961
272336,13.445489097853656,323,True,6.141873624806346,True,0.03693391807590392,16.29073715209961
272400,6.588678118786005,100,True,5.561761127247998,False,0.036965271896469455,12.971939086914062
272416,5.3518386277091174,31,True,1.7654805798509272,False,0.03703209515118511,28.200870513916016
272432,20.180227390084333,111,True,6.10304426914265,False,0.03705199936364933,7.412298202514648
272464,14.000199303019375,123,True,6.097982324718446,False,0.037082933969921676,9.990577697753906
272480,7.391802833249278,106,True,6.072559411788428,False,0.037170745553569515,24.502323150634766
272512,-6.718857831613705,59,True,3.481849493547293,False,0.037223596538485046,27.29832649230957
272656,-8.521640055499681,62,True,3.891980934063433,False,0.03733005741259225,20.006160736083984
272832,2.2958730904068894,75,True,4.955467836228219,False,0.03747365999574697,22.3438720703125
272848,12.678645170562762,98,True,5.398465469237575,False,0.03775047209241887,8.349597930908203
273008,9.431546209953673,34,True,1.4576196682052314,False,0.03776763344295155,19.973651885986328
273184,16.7909785303997,82,True,4.771378157679307,False,0.03792969116712113,15.75816535949707
273232,-9.558313086843063,56,True,5.274694293907883,False,0.037980982575076316,34.57488250732422
273296,11.193705672189118,55,True,2.4501366025121354,False,0.03793795778383324,15.12009048461914
273360,15.457675048307808,81,True,5.770095823953568,True,0.037983167762838194,14.218584060668945
273408,9.64946134598904,68,True,4.605800582567583,False,0.03808091795987764,14.635002136230469
273616,11.603380555388869,88,True,4.979598123657432,False,0.03805613373788642,11.361084938049316
273664,-2.7062886862732674,79,True,6.025587330898418,False,0.038511985715149424,13.934698104858398
273680,-19.91594853607334,73,True,5.594289303884499,False,0.03854420036986892,32.149070739746094
273776,7.77156372664011,90,True,6.09386895339724,False,0.038553162294509856,36.20206069946289
273872,29.214516899401815,90,True,5.555688262522317,False,0.03867314989917323,17.05084800720215
273936,43.20103467693172,114,True,5.396169186164952,False,0.03853656424656706,9.782808303833008
273952,29.64902071996508,48,True,1.2548348172358028,False,0.038603087811789887,12.490289688110352
274080,22.613846230595485,100,True,6.075103887859708,False,0.038653778970745505,31.3430118560791
274160,-16.022978991221493,82,True,6.076817174317848,False,0.03861375963391596,12.115610122680664
274368,11.473808000636705,96,True,6.059619281313168,False,0.03857819132477603,9.245279312133789
274432,24.36392972458924,111,True,5.809795523277849,False,0.03900917317980828,14.59707260131836
274544,2.982411133336873,37,True,2.5617046345056584,False,0.03912818961896013,24.030492782592773
274576,-3.473950295481006,84,True,6.014119966737965,False,0.03965961903589191,18.644107818603516
274672,26.67078594421759,63,True,1.3364176246756791,False,0.03974413001121425,28.31133270263672
274704,0.3762646253576012,84,True,6.1158646021050656,False,0.03949188365805614,21.971454620361328
274848,-8.72303420043575,90,True,5.600552106205102,False,0.0394765506168611,27.703271865844727
274976,-3.4160250809786756,105,True,6.027681492585331,False,0.03963416663014664,17.011547088623047
274992,2.1240205518740414,124,True,6.029505221053581,False,0.040226150250884614,13.909594535827637
275024,42.56492836719478,84,True,3.2232489731799796,False,0.04020440460989975,20.16343116760254
275168,44.41384273039447,81,True,3.2293388641394296,False,0.040154570408405886,9.982277870178223
275200,8.58481099496791,48,True,1.9763587471405846,False,0.040132116344298085,24.158870697021484
275200,40.09985627062916,99,True,5.302051712884482,False,0.040132116344298085,24.158870697021484
275216,-0.19435777703278845,90,True,5.824355384472374,False,0.040135073800480994,24.890478134155273
275232,5.486767454261775,81,True,4.511844726530135,False,0.04012528316824423,22.416839599609375
275248,18.968099180230656,73,True,3.4147796112636266,False,0.040114391406452385,20.391687393188477
275408,11.155629942265874,52,True,2.6847652207512014,False,0.04010305379768158,19.643863677978516
275520,-2.8300645715453907,53,True,4.479978925848347,False,0.04026102582752171,20.245445251464844
275536,51.21962966265953,86,True,3.778517446359897,False,0.04039922729100154,12.243426322937012
275552,20.08497440694072,74,True,4.059041510568758,False,0.040392514227207604,70.57684326171875
275584,-7.061274567230535,38,True,3.968290029981944,False,0.04038369093518727,16.673114776611328
275600,25.93623562799064,66,True,3.125913783376451,False,0.04035010100008592,56.87333297729492
275824,42.43598206589304,61,True,1.5760132118068912,False,0.04032473898720672,13.176823616027832
275888,7.85470639637853,43,True,2.069858437146679,False,0.040952437955221424,45.67622756958008
275920,7.134848575709958,32,True,1.500767826146765,False,0.040993471838610934,10.130528450012207
275952,31.03384302079546,78,True,3.6003428559170305,False,0.040990698296877494,17.816316604614258
276000,2.823362339281749,25,True,1.5907543537070306,False,0.040998048687251695,30.246227264404297
276048,-6.042342195695974,53,True,4.281555990829236,False,0.04099151324817945,13.826338768005371
276208,4.532867979805054,76,True,2.6257321051927307,False,0.040989742377217746,13.280684471130371
276208,6.294712027248263,61,True,3.8421247138085817,False,0.040989742377217746,13.280684471130371
276240,8.848245227179861,45,True,2.129705522908418,False,0.04136120895501835,33.475093841552734
276368,0.24267658441537066,49,True,2.8916865377393095,False,0.041488959846521574,57.80622100830078
276416,29.0305499502521,87,True,3.8086704423378723,False,0.04195585168686881,12.124897003173828
276432,-3.1348959074425915,38,True,2.506015971434715,False,0.042056634354631056,21.139192581176758
276432,2.888577590807028,76,True,4.348302605016796,False,0.042056634354631056,21.139192581176758
276480,15.07282653193116,58,True,1.7702014572295879,False,0.042086457099406664,15.235454559326172
276544,9.567470522154654,81,True,4.1306549243925685,False,0.04213091185964014,16.792469024658203
276608,15.727063736770498,90,True,3.9848650178163925,False,0.04208644319546771,50.564727783203125
276640,2.1703041677373403,47,True,3.172810200969545,False,0.04201140257597758,8.919290542602539
276752,48.63091521627208,76,True,2.568033104656661,False,0.04206192195389798,17.27179718017578
276784,27.624618348540636,49,True,1.3994638337681669,False,0.04250355323932824,24.53714370727539
277200,30.408331781007732,80,True,3.130060010629533,False,0.04257289793780689,29.35311508178711
277216,9.390724594627365,63,True,3.207279376093791,False,0.043086178584995034,22.896339416503906
277296,18.20905934453959,68,True,2.3733370788626544,False,0.04306473536148648,18.375741958618164
277312,44.04092416345853,55,True,1.5988858820401255,False,0.0430743804656746,53.952640533447266
277344,0.015876023034481435,87,True,4.414803720259366,False,0.043117952183998505,13.530158996582031
277440,12.758846034104058,52,True,2.031197969760353,False,0.04319688096005894,14.990631103515625
277472,6.519012117654464,89,True,4.451836966252386,False,0.0433012485373182,15.590736389160156
277536,8.080119766234027,70,True,3.721293374426162,False,0.04339409509299872,69.61946105957031
277584,15.34957912964522,84,True,5.030153852692295,False,0.043562000495652405,33.2408332824707
277888,14.986393353816547,84,True,2.314921996123258,False,0.04354921174821932,36.986419677734375
277904,8.690124336011506,96,True,4.88126028024261,False,0.04402886054337161,30.57208824157715
277920,4.686114308870652,36,True,1.5878024927558412,False,0.04403915917567792,13.799952507019043
277936,32.32399539131374,81,True,2.425553644988255,False,0.044040941060296,17.62767219543457
277968,0.6233189631900089,27,True,2.111048039061144,False,0.04404398797281914,28.562435150146484
277968,19.69240403549221,96,True,4.005325798670856,False,0.04404398797281914,28.562435150146484
278048,2.7730653601582205,38,True,2.406960745107247,False,0.04407447994663175,18.641193389892578
278064,6.663125455227206,30,True,1.550779123601167,False,0.0443280207537827,33.48194885253906
278160,13.418167883161072,86,True,3.3685698405390077,False,0.044411982657692514,76.72808074951172
278176,14.514732980128061,89,True,2.1254408717354893,False,0.04484699143533059,17.53119659423828
278192,27.622066598456993,62,True,1.9337606539962917,False,0.04489362071598879,31.483749389648438
278288,13.26379085451931,113,True,3.8676476029475317,False,0.04493431327231143,290.38238525390625
278400,22.16334237901887,69,True,1.9549199927092766,False,0.045090185985662515,31.28322982788086
278400,5.6192300544939044,74,True,2.251356757910047,False,0.045090185985662515,31.28322982788086
278416,-2.680088875915886,30,True,2.830600860939994,False,0.04532437570126422,125.78230285644531
278560,10.098119564199589,78,True,3.4905362004635436,False,0.045388410760520526,7.79632568359375
278672,-5.067480429416685,75,True,3.4147358724891004,False,0.045991316406285836,27.077682495117188
278704,-0.03770665555687458,51,True,2.3116222323690376,False,0.04655977038994333,45.99980926513672
278768,18.27649219036234,50,True,1.4422752455938674,False,0.0466498447737521,52.044803619384766
278976,11.485611653470668,67,True,2.174462469553846,False,0.04661688950165778,40.44786071777344
279008,1.2448771308865911,38,True,2.0844654499724062,False,0.047336799526879886,34.74307632446289
279056,24.302601000406426,71,True,2.5349646880092607,False,0.047449602233813365,22.91985321044922
279200,15.140206249273623,71,True,3.1154021513240844,False,0.04748163248498192,45.6381721496582
279264,5.789443188970058,35,True,1.6736623545284603,False,0.047721504747977414,25.81474494934082
279280,12.730510227810102,68,True,3.0017463571563456,False,0.04808747631585683,36.07589340209961
279344,26.865223019603388,81,True,2.3219447989917805,False,0.04819416109654515,18.955589294433594
279568,55.77922550895291,73,True,2.020957109121785,False,0.048475449231171815,35.492942810058594
279600,11.616993703726152,90,True,3.0848175223665018,False,0.049524095159499945,24.3536319732666
279664,50.58205485909426,106,True,2.7183689153453634,False,0.04958024818170656,29.78516387939453
279696,38.74517222255745,45,True,1.1863877988035214,False,0.04972637075358897,103.26728057861328
279728,2.679363226732063,97,True,3.3538176323936786,False,0.049827769503489355,48.031951904296875
279776,24.849493978008688,93,True,2.9116794680680655,False,0.049968755857837936,133.6372833251953
279776,-5.4171206062969475,45,True,3.64241306867166,False,0.049968755857837936,133.6372833251953
279792,6.145936945245163,70,True,3.6050482937855213,False,0.05015374928835886,28.870819091796875
279824,22.89529771282882,79,True,3.033535512787224,False,0.0501855744668214,22.672786712646484
279872,49.770614582717464,91,True,2.5669791898919208,False,0.05021886615136715,21.006664276123047
279936,-1.6768845140841897,46,True,3.4027072852793214,False,0.05029187333738932,36.35881805419922
279968,1.933857994702553,43,True,2.7875748233209956,False,0.050502624690940155,20.41004180908203
280384,41.60117468262551,86,True,3.5620427074305088,False,0.05060035909044134,27.86447525024414
280528,51.36554569421513,110,True,3.939363341147089,False,0.05117932847648636,53.230186462402344
280544,32.98801503844464,75,True,1.997208960815093,False,0.05161332635936387,36.9207649230957
280544,12.364410453651617,55,True,1.8514892681781856,False,0.05161332635936387,36.9207649230957
280560,7.43088909782985,46,True,2.364326460294746,False,0.051657388124435495,21.879497528076172
280592,19.53214739358738,45,True,1.4911901034036976,False,0.051703453622963795,56.84368896484375
280608,31.627172123469855,57,True,1.3903137072827114,False,0.05180193787245616,50.066070556640625
280752,8.032034587967141,51,True,2.4707014982826427,False,0.051847981335269834,22.644580841064453
280768,23.249703035242717,61,True,2.324042604812067,False,0.05216263392301965,21.00168800354004
280768,34.77426463813447,94,True,2.414075475210219,False,0.05216263392301965,21.00168800354004
280816,-9.256709567164666,65,True,4.7757985023181995,False,0.05220551087721075,77.72264099121094
280832,14.795362309772264,69,True,2.804399581855216,False,0.052364645155093995,29.05792999267578
280912,2.6969956477841137,59,True,3.304231673710106,False,0.05241642178583816,27.02901840209961
280976,19.790312502763665,75,True,1.5998038131762424,False,0.05254991431593358,30.492185592651367
281056,0.3322174854396387,32,True,2.0024508581262643,False,0.05246093115364007,65.21022033691406
281232,35.459950234676285,104,True,2.691699587310703,False,0.05254146986674546,45.913414001464844
281328,5.644531280692576,59,True,3.2955024417213745,False,0.05290364257186305,19.305395126342773
281344,-7.62422079110279,36,True,3.700436225018201,False,0.05325510908707386,39.53144836425781
281440,1.0728765065499388,38,True,2.172253846139872,False,0.05334631085053176,28.14978790283203
281440,-1.1063620269689665,57,True,3.589974197173673,False,0.05334631085053176,28.14978790283203
281488,18.850406223406214,118,True,3.233099388096638,False,0.05384941631492654,48.85818862915039
281696,27.728635013692738,58,True,1.7718215230622318,False,0.05403571720825111,23.845722198486328
281792,-0.9392316663445115,78,True,3.772329510849656,False,0.05403496768375697,44.92591094970703
281840,12.182565318719679,80,True,3.2736113933933972,False,0.054352431695539376,38.49225616455078
281872,-0.6369808867871942,80,True,3.5169420218869143,False,0.05455204558205569,45.2993049621582
282032,27.945071847842087,61,True,2.0315076705675654,False,0.054645465374610715,74.39152526855469
282064,0.8755811708843506,78,True,3.561494274349156,False,0.054875450362315,32.10147476196289
282176,33.1430737951019,98,True,4.109240741820281,False,0.05495885279544539,20.512176513671875
282176,0.735535606645005,46,True,2.013067539791375,False,0.05495885279544539,20.512176513671875
282272,2.9279256817131447,49,True,2.804082725387759,False,0.055515498450560884,51.06941223144531
282304,12.539275744363414,87,True,3.601522361281706,False,0.0560024032854889,25.923168182373047
282336,28.566395486914914,99,True,4.014259600374227,False,0.05600399778720647,138.2382354736328
282480,40.431027003359986,72,True,2.671890700287168,False,0.05599209085914172,24.462177276611328
282512,9.930889479998184,96,True,4.546265963066695,False,0.05629504735173762,32.75753402709961
282752,10.919465472544232,88,True,4.159062913079207,False,0.05633201077449541,64.08306121826172
282848,26.073130183043574,72,True,2.4757410165328992,False,0.057208831365824594,34.059146881103516
282976,31.909418139442195,109,True,4.72896891821793,False,0.057362791746453964,29.031742095947266
283056,48.8355751983017,101,True,2.9363000672524215,False,0.057501978435534624,31.400320053100586
283184,20.42170639986759,82,True,3.0220837691955174,False,0.05783776066688313,26.46619415283203
283472,17.18808406717622,90,True,2.7036435426192353,False,0.05806575085433221,92.75110626220703
283488,6.652377867105674,103,True,4.257933356301148,False,0.058695122530040604,45.3055305480957
283648,20.915231758111666,99,True,3.820069603842659,False,0.05876498075925825,70.62156677246094
283664,47.28046621862046,85,True,1.6851528125231847,False,0.05911487060271038,25.873004913330078
283696,23.83547769647464,76,True,2.071191137411422,False,0.059148363303318574,56.251895904541016
283760,28.03361289566498,123,True,3.856864479398491,False,0.059208307410209764,22.972537994384766
283776,40.14099534418545,90,True,2.0831739908120452,False,0.05930913250882628,47.22270965576172
283776,4.4406861371540955,64,True,2.6736067576911093,False,0.05930913250882628,47.22270965576172
283968,36.47071298301938,62,True,1.5583738434083172,False,0.05935543351209604,22.22803497314453
284016,18.043807340388682,109,True,3.6737386585517164,False,0.060116821651837696,73.3834457397461
284192,38.68080302062326,126,True,3.6228442295186514,False,0.06025865529927375,23.859737396240234
284336,4.185642098537171,93,True,2.9034363153025033,False,0.06093133575285271,31.679792404174805
284432,32.67013057500585,141,True,4.129953059007279,True,0.061502611147810124,25.707765579223633
284544,19.15396066248585,127,True,4.861994745682395,False,0.06184133187355942,38.17068862915039
284816,2.1323868257440317,30,True,2.013415591334973,False,0.06219394342802532,59.482749938964844
285072,-5.919061928719406,88,True,3.8456370579869334,False,0.06243385139475588,23.509191513061523
285152,53.59903921163993,104,True,1.5519842985138923,False,0.0629042786831969,145.39312744140625
285248,-5.013274099863598,27,True,2.9416465613281613,False,0.06293086332420579,58.93110656738281
285296,66.85358029064207,114,True,2.128009003166731,False,0.06294238117379701,92.59140014648438
285392,24.155165432644253,106,True,3.074951144313703,False,0.06325223736924315,52.58525848388672
285520,5.059558685394098,97,True,3.6731225251305823,False,0.06421170519938621,27.88904571533203
285616,25.599630549342073,116,True,2.868983574253445,False,0.06443399098409361,108.94020080566406
285632,61.77832627105358,116,True,2.6896779985933157,False,0.06404082425513666,70.37466430664062
285632,23.718424639945113,153,True,4.208331314187436,False,0.06404082425513666,70.37466430664062
285744,40.88448678729327,108,True,2.6368110846119213,False,0.06398477252952577,56.214134216308594
285856,34.61466207920613,138,True,3.821047413875051,True,0.0638076416097111,49.551002502441406
285856,34.18916285283747,130,True,3.3393269051738605,False,0.0638076416097111,49.551002502441406
285936,81.79858002326517,180,True,3.1120202683890343,False,0.06421301505804425,52.858734130859375
286032,36.25413668830771,100,True,2.581101739931966,False,0.06416112713063099,46.4423713684082
286112,13.19425585147181,65,True,2.254456842526848,False,0.06423057416222869,18.234460830688477
286272,-12.401740816760439,130,True,6.093327437554946,False,0.06437807821997872,101.10433959960938
286272,22.237047695029062,108,True,3.043372306199571,False,0.06437807821997872,101.10433959960938
286288,-3.8049006326091845,41,True,3.1985606957171413,False,0.06470600450643182,32.4038200378418
286368,6.662291435641809,47,True,2.5492100241880777,False,0.0647664671074363,41.91809844970703
286400,1.518540168979026,34,True,2.3766268197558804,False,0.06523435172454066,56.378028869628906
286560,7.285660007720505,73,True,3.8730079370408843,False,0.06534891678574849,135.28115844726562
286800,47.3044924243471,103,True,2.7797829143913977,False,0.0659633115680155,32.163665771484375
287008,10.745064481472754,40,True,1.6164825132015295,False,0.06592484682202368,68.00096130371094
287216,11.357074008694886,85,True,3.182826890216135,False,0.06626384492402027,382.1129150390625
287216,-2.691340809066916,69,True,3.349363889473061,False,0.06626384492402027,382.1129150390625
287344,21.882910313871605,114,True,2.928985095437075,False,0.06635269912750243,36.081024169921875
287392,53.504208167414674,110,True,2.524107684048265,False,0.06673048045277642,96.50495910644531
287408,22.024282435845528,135,True,1.35859177435903,False,0.06663282639398622,26.26805305480957
287584,18.885541855804224,103,True,3.274136192940346,False,0.06661254308046989,28.260746002197266
287632,27.468787165512087,118,True,3.157081263601233,False,0.06681365766301642,169.81134033203125
287744,3.0769848777510695,46,True,2.755463430150171,False,0.06677233208372424,54.34688949584961
287792,22.682080620062397,110,True,2.638569873001611,True,0.06677343119828828,54.29546356201172
287984,29.36861640265802,107,True,2.7512955688545997,False,0.06680050290636577,46.79812240600586
288032,36.548260415985496,109,True,3.0121535269317974,False,0.06733315369109039,48.90874481201172
288032,18.008032840779077,51,True,1.1502921871198084,False,0.06733315369109039,48.90874481201172
288064,-5.709323227003102,53,True,3.2985645854314805,False,0.06736700327075908,41.384490966796875
288400,27.061258098759545,100,True,2.262489984856279,False,0.06747895263565853,71.29734802246094
288416,-11.378627070707912,64,True,4.6729346929639695,False,0.06727201755934284,437.2030029296875
288432,8.311016597482693,40,True,1.4340028873567203,False,0.06732448495519307,33.26032257080078
288560,14.943557639487986,72,True,2.126268726364307,False,0.06739651360803213,25.463733673095703
288576,33.283934362323464,205,True,2.266182492764583,False,0.06799262067664356,37.18754196166992
288592,16.172328129770186,38,True,1.3529094830663737,False,0.0680973364615665,56.84496307373047
288992,-0.28574432430065855,25,True,2.043529556110929,False,0.06823706016839065,44.27668762207031
289104,12.14438532989629,43,True,1.474028137149812,False,0.06933623301449134,39.28987503051758
289120,28.188936860830175,68,True,1.478417768820017,False,0.07002759820380312,26.223918914794922
289376,55.80268260167362,112,True,3.2045121473660383,False,0.07008652369397173,95.53982543945312
289392,37.89104111635902,195,True,3.20565084484172,False,0.06990753379192943,37.30333709716797
289520,6.278026454086584,195,True,2.976937818099134,True,0.06988194695556299,58.32161331176758
289520,57.32168697627053,136,True,2.4777810669487077,False,0.06988194695556299,58.32161331176758
289536,-0.5213875032838615,27,True,2.627465900110655,False,0.07036399190353253,32.14935302734375
289584,38.786393577436925,115,True,3.0485721660388823,True,0.07045288643669843,28.60578727722168
289760,24.100222059277396,108,True,2.962041349261341,False,0.07065208280588703,70.20271301269531
289760,-8.775099673565512,200,True,3.497911215455798,True,0.07065208280588703,70.20271301269531
289984,54.41314348300622,120,True,1.6829103663747935,False,0.07041778729266572,61.333152770996094
290128,14.978848122963683,97,True,2.7771994571805454,False,0.07014198171090508,79.1436767578125
290144,25.786914355676423,109,True,3.1418289918116713,False,0.07009585632762476,31.115619659423828
290160,8.752221588783982,108,True,3.2391112233473263,False,0.07015562214714029,98.35475158691406
290192,43.78129930262162,75,True,2.073133356249053,False,0.07023090256075365,33.98976135253906
290336,35.81513907406976,111,True,3.340737478587964,False,0.07042426183961797,229.71058654785156
290576,0.6028772291555349,28,True,2.1813841720078826,False,0.07081535125567347,496.6854248046875
290640,42.60516703297529,69,True,1.8540855032997319,False,0.07095049431622015,36.88348388671875
290720,7.562800783838107,36,True,1.624463042341356,False,0.07079191017512404,363.8142395019531
291008,40.6341084009554,89,True,2.739660996485948,False,0.07040087745156566,82.27035522460938
291120,14.472050890697114,85,True,2.033178295439647,False,0.07110141925161334,41.80121612548828
291200,57.28979702157811,130,True,3.9254020275719657,False,0.07138201965788477,94.21493530273438
291216,38.10153331706232,115,True,2.890987933717239,False,0.0713519723609153,134.42356872558594
291488,3.7197146508956926,72,True,2.258397026866227,False,0.0713819338284615,245.5622100830078
291680,50.26905288773489,135,True,3.100368069303332,False,0.07167323927959734,41.282203674316406
291680,73.07910297718892,143,True,2.0873729353749257,False,0.07167323927959734,41.282203674316406
291744,10.76792361155986,99,True,3.068444273556943,False,0.07157671308164998,40.810516357421875
291840,32.690527556485435,130,True,2.650691764474892,False,0.07167113872667308,132.85592651367188
291904,13.896741981021625,79,True,2.078900201781443,False,0.07213976336591064,42.222320556640625
291904,13.290516528783966,74,True,1.8980766649558458,False,0.07213976336591064,42.222320556640625
292016,21.0722200363819,114,True,1.3586478578571834,False,0.07268610364492177,412.0133056640625
292176,-3.6991794176850448,60,True,3.6484644896844416,False,0.07275579377929169,56.632957458496094
292288,13.510744153527101,80,True,3.6528922556218832,False,0.07277038456358405,57.026344299316406
292288,57.40574775082263,107,True,3.0252035892345277,False,0.07277038456358405,57.026344299316406
292336,4.56396120541687,41,True,2.1420988008496487,False,0.07270740015288502,98.95840454101562
292368,3.4694749421998257,29,True,1.459472566919403,False,0.07258759833537877,42.120872497558594
292688,14.599998210470941,42,True,1.7293607003063827,False,0.0725289166993271,137.593017578125
292800,80.70812017931276,205,True,2.281172290355084,False,0.07264670426499223,65.27680969238281
292976,24.014643800181787,116,True,3.9873282635759413,False,0.07284957426012476,72.27638244628906
292976,16.834258658918962,93,True,3.268273256436956,False,0.07284957426012476,72.27638244628906
293168,36.33865962457098,93,True,2.6640134681503653,False,0.07307765098867815,28.73596954345703
293200,13.8711051936938,85,True,3.1743220136864063,False,0.07354107200637378,129.25372314453125
293200,4.0230692263593735,32,True,2.122412429718683,False,0.07354107200637378,129.25372314453125
293216,51.03680203447282,126,True,3.450097238075966,False,0.07348618807483422,27.834224700927734
293216,26.166536842221966,65,True,2.2704925043092623,False,0.07348618807483422,27.834224700927734
293440,45.526958667304974,72,True,2.166501501782227,False,0.07345106743126006,42.33338928222656
293456,33.35910424826282,107,True,1.4598267622075956,False,0.07396946537174043,176.8251953125
293808,8.978742205507492,40,True,1.5722188216801152,False,0.07410294458183996,86.91954803466797
294128,4.214565478963541,83,True,4.317360968882377,False,0.07518868861040717,104.69302368164062
294272,48.077259035673706,148,True,2.883670604147885,False,0.07463731350162439,474.6656494140625
294288,6.644867059121763,82,True,3.928444562962038,False,0.07507175286050749,60.55702209472656
294320,36.14243062227688,122,True,2.185820346008592,False,0.07505355978827444,66.5531005859375
294528,20.64397910627529,67,True,1.627765138780158,False,0.07504428918068128,138.02386474609375
294560,8.793405135395675,47,True,2.054829432907437,False,0.07637465158823716,49.253509521484375
294592,16.67883403668965,87,True,3.5390428397184728,False,0.07630022205437041,46.6483154296875
294608,44.37311423443706,145,True,3.850458379609928,False,0.0761462209784042,85.0958251953125
294640,2.5483524404206825,75,True,2.0556493309132304,False,0.07604489350541122,30.911991119384766
294800,4.408432517986936,99,True,3.765456190483352,False,0.07583870623616518,130.950927734375
294944,16.47587183528743,51,True,1.7132511157676207,False,0.07546751149743514,56.52210235595703
295168,24.78394682377546,123,True,1.7266066609655095,False,0.07514469230344605,44.81607437133789
295200,17.099527755461814,55,True,1.4604841488576978,False,0.07605957048829977,76.99840545654297
295312,13.40611920718104,44,True,1.6347494072339988,False,0.07595217467484618,45.72517776489258
295408,17.1467026385807,55,True,2.1068424295454284,False,0.07619742537518938,65.49462890625
295504,12.025157708558776,77,True,3.153637157715158,False,0.0762660201057965,86.00148010253906
295520,1.8936412156501738,77,True,3.1897630309229132,False,0.0760184260711063,44.915733337402344
295552,25.15293361475151,57,True,1.7793679899774535,False,0.07600964043221782,30.228717803955078
295632,116.35981231230284,500,False,3.1233418146860923,True,0.07601971006976191,90.75631713867188
295728,75.09248363377027,212,True,2.017242490361702,False,0.07599887857987596,46.780616760253906
295936,32.31275560652237,185,True,2.1071217934651876,False,0.07581435845808772,58.248268127441406
296272,5.242172263957102,60,True,3.2723893964319974,False,0.07601523035587948,43.77770233154297
296592,28.285158101386294,65,True,1.920264364832314,False,0.07605473769643371,35.20195388793945
296784,51.19927646472945,72,True,1.5676724444920538,False,0.07706564992916301,92.71390533447266
296944,35.95774511847633,111,True,1.3899617625401224,False,0.07667849448773122,34.93370056152344
296992,42.78265497961525,66,True,2.138614745691419,False,0.07718257681722732,34.12158966064453
297056,34.686219811808776,132,True,3.8777732642535625,False,0.07769591286387938,85.21865844726562
297200,23.375955532255567,58,True,1.6097974670285642,False,0.07814093142305417,38.69638442993164
297216,46.82723346032513,166,True,1.7608294924490073,False,0.07793438291248363,88.28543090820312
297264,47.31746894082785,110,True,3.912836293878164,False,0.07801038681394773,30.272918701171875
297296,36.20523539132911,118,True,3.054698027376194,False,0.07835764560894032,42.04798126220703
297344,36.74534239586714,172,True,2.453438837267524,False,0.07860656460267393,39.380592346191406
297456,35.39177161938955,121,True,2.7439407724486293,False,0.07888103632907295,153.59014892578125
297520,56.33647199913743,145,True,1.6797236528186796,True,0.07933320439693571,46.13581085205078
297584,1.5212167609857712,40,True,2.563104410381362,False,0.07942074873883609,170.93772888183594
297936,8.317427888641415,84,True,3.9363490450316454,False,0.07935506154477816,86.02639770507812
297984,150.1460629799886,500,False,0.9739451737310492,True,0.08065512937916575,72.19937133789062
298016,40.870627098523705,201,True,3.2303272531252842,False,0.08099525340936353,60.265525817871094
298224,10.726611363126677,90,True,2.622382386250395,False,0.08124338057670373,66.94999694824219
298304,15.434880529977095,45,True,1.6833245050053742,False,0.08136488056362168,63.42053985595703
298400,-3.7639458744227836,71,True,2.864961376262259,False,0.08148263027707084,48.60416030883789
298576,16.484803979786985,85,True,3.445093379279319,False,0.08120914633027221,75.50117492675781
298640,16.407118510118565,74,True,2.748632220605655,False,0.08098785507093827,35.18122863769531
298656,6.589579539375903,40,True,1.9487763782159357,False,0.08116004130485818,48.15160369873047
298784,38.78401381804254,191,True,1.9855120350539117,False,0.08122374132725156,194.1987762451172
298800,17.946917355346745,91,True,2.7162721357865074,False,0.08174511833367158,254.5079345703125
298848,13.489986927718146,83,True,3.280817235867548,False,0.08182370253603848,181.92462158203125
298944,37.09201523479784,103,True,3.2147518684552527,False,0.08206847657988627,30.93158721923828
298976,14.477869159335565,111,True,3.3718262013531666,False,0.08222962869921051,212.71253967285156
299072,49.08796607574168,130,True,2.7754743432757794,False,0.0821614977347755,58.36814880371094
299184,6.0151549902933805,49,True,2.017023521020513,False,0.08197554857349611,56.99912643432617
299264,7.148551318480662,39,True,2.0908062065613917,False,0.08321599537009748,182.25152587890625
299344,16.05567391513651,85,True,1.5660808410692995,False,0.0838577943060767,49.856285095214844
299696,6.1268557724814645,65,True,3.0912318863649912,False,0.08384949555009732,56.28546905517578
299808,45.91352902873632,63,True,2.0229709642294713,False,0.08245596017370031,61.8330078125
299920,3.3651331323270988,53,True,2.0754916718694774,False,0.0826942756371177,108.49278259277344
299984,22.70855425164118,50,True,1.4603985258095258,False,0.08318288617854397,42.769371032714844
300016,9.20365669831407,65,True,2.1241016357914693,False,0.08332104851244683,75.51056671142578
300032,17.688087027762894,78,True,3.316369409558958,False,0.08332104851244683,75.51056671142578
300128,30.721762148853223,119,True,2.3422347580654326,False,0.08338779859345832,104.15728759765625
300304,43.5914350279684,148,True,3.0841875318365544,False,0.08376359932309364,140.88397216796875
300352,13.361208374034451,128,True,2.8871368692962784,False,0.08411467481520404,58.12674331665039
300976,11.199697638750118,62,True,1.9514238404196973,False,0.08402054209851299,48.311241149902344
301136,23.793323011398805,69,True,2.619765540114855,False,0.08546633988406722,73.41720581054688
301136,12.94045521779418,49,True,2.1268095641537097,False,0.08546633988406722,73.41720581054688
301200,56.89371529778303,94,True,1.7991131099391362,False,0.08677544390357787,60.134361267089844
301216,83.8397020022986,500,False,2.6518797607341034,True,0.0870349971544532,148.0985107421875
301440,18.695119994992886,89,True,1.3798683630889321,False,0.08702142836439085,96.87840270996094
301504,22.29554132603625,140,True,0.9165538404308385,True,0.0873202174421727,60.667091369628906
301776,78.7741318375876,200,True,2.469614314166684,True,0.0869919807049614,106.22863006591797
302400,38.34139446097842,131,True,2.683232299021135,False,0.08668178273085833,77.5220947265625
302400,48.65792462705516,155,True,2.5807200910966746,False,0.08668178273085833,77.5220947265625
302592,34.955406808281666,228,True,6.073920396689873,True,0.08602673243363561,120.17402648925781
302896,102.86662843642362,222,True,1.7739570989224698,False,0.086913096489244,42.10718536376953
302944,40.87737166743656,113,True,1.4330815436509607,True,0.08814534538076023,60.578224182128906
303056,64.59943828984927,203,True,4.1277179553810495,False,0.08805956084576846,60.377830505371094
303360,58.19831047379628,202,True,5.251132632749257,True,0.08745469491733422,66.31918334960938
303584,35.73048102556039,153,True,3.550328490113523,False,0.0871697529375433,55.5847053527832
303616,4.64946112882218,64,True,2.234515235212269,False,0.08680905292651114,71.59034729003906
303808,8.710984465468144,47,True,2.2453963833535457,False,0.08675078199406666,83.16444396972656
304144,51.51694569246926,198,True,4.355862616319297,True,0.08631560176463166,31.440534591674805
304480,53.433723298320885,96,True,1.2190312494547295,True,0.08882801614258701,93.74554443359375
304752,-12.408101025685886,147,True,3.5402939976067658,False,0.08839254920410747,59.32256317138672
305056,268.7786904535209,500,False,1.8551447260149219,False,0.08846136481158277,55.910377502441406
305104,19.03068042973405,93,True,2.1765475426294505,False,0.08856724455433067,42.099517822265625
305216,37.631052698999994,145,True,2.4855832488973117,False,0.08869095297937775,334.5082092285156
305232,23.056341831204666,177,True,4.682282356393735,False,0.08901920028189923,34.77198791503906
305328,21.808969452444938,243,True,3.402369968988134,False,0.08907290223183101,46.040130615234375
305504,24.292329171394957,120,True,2.2088702433143683,False,0.08920065035226461,71.32542419433594
306064,25.649302149098936,99,True,2.6005816564095134,False,0.09058922766305727,47.488014221191406
306192,10.344954280940744,128,True,3.0507994788050374,False,0.09059470995879428,72.78369140625
306192,4.710378476831366,60,True,3.09052703988343,False,0.09059470995879428,72.78369140625
306480,79.37060771390263,294,True,4.055854935227743,True,0.0901302816694921,141.7176971435547
306544,57.78203129492172,199,True,2.7917386856094066,True,0.08938378822532601,44.218017578125
306848,138.36039247958394,500,False,2.0793110258308527,True,0.08902448769866719,42.61760711669922
306912,26.519221473681224,45,True,1.3100614420074437,False,0.08789075300078614,47.30804443359375
306992,80.38644409034006,343,True,2.218558188810352,True,0.08789822982638995,42.64755630493164
307584,27.67557451611329,87,True,2.4098954411489153,False,0.08795100376819237,37.28113555908203
307664,58.72428967761216,163,True,2.1439939405418786,True,0.08881112756797328,27.086200714111328
307680,18.017291501296484,101,True,3.23984594762533,False,0.08871827642719973,66.89634704589844
307712,102.02251945511925,244,True,2.700078832823201,False,0.08883185113850325,149.73870849609375
307760,47.359794063530266,57,True,1.4471791166995358,False,0.0891353330306483,97.67922973632812
307776,115.01330044218989,411,True,1.4403489773849798,False,0.08963551714245392,69.365966796875
308016,27.77438198937127,157,True,2.157997311076826,True,0.08977020710301865,899.57470703125
308080,1.1147673312474193,100,True,2.802032735236012,False,0.09082051425574823,54.75877380371094
309040,128.92049666931086,239,True,1.6451281218827083,False,0.09115606752088655,59.64958953857422
309104,36.55192483315581,132,True,2.233983087372958,False,0.09279941803698809,57.938941955566406
309216,90.88007596629848,500,False,3.4306375953816364,True,0.0927268144134172,213.84971618652344
309328,66.97870790989799,250,True,3.3973168627726165,False,0.09260415327757453,63.80302429199219
309744,64.4873067615797,135,True,3.612884595650004,False,0.09235375982184545,68.40187072753906
310016,50.24467484648018,125,True,1.4336713797916765,False,0.09215797754367751,56.489097595214844
310048,52.417291757952846,219,True,1.7711496434794354,False,0.09479897102233902,66.12618255615234
311296,49.44037644807633,226,True,2.8393156989366894,False,0.09502782134175333,49.37090301513672
311376,36.52399041502832,142,True,2.3557472153688,False,0.10038464778339572,162.7313232421875
311728,109.99024136087965,436,True,4.127428492033771,True,0.10029880689822472,59.75914764404297
312048,101.59759665856348,267,True,3.5429821972008666,False,0.10212254915539012,58.00395202636719
312096,28.465646631025464,130,True,1.4235835775074646,True,0.10172929306219662,60.61559295654297
312304,169.58070069788437,290,True,1.9380148371372021,True,0.10161690980573714,47.4638671875
313104,222.74858365767142,500,False,0.6766820884411763,True,0.10230698393361086,47.919769287109375
314096,151.15093686297917,396,True,5.911844192493586,True,0.10367344945439726,69.95471954345703
314912,235.54814975641648,500,False,1.3479328564072715,False,0.10741869833891822,55.595035552978516
315152,199.44100500448542,382,True,3.4355298242458496,True,0.10938329219753629,86.7808837890625
315712,145.69652704362912,500,False,1.6636158065517481,True,0.10998477842741243,51.26853561401367
316080,255.06200769787057,500,False,1.8201289946980574,True,0.10733925004353673,53.053794860839844
317216,274.90674870593733,500,False,1.6621029201045363,True,0.10679987760173393,45.45103073120117
317328,67.74270771906853,500,False,2.911959837286261,True,0.10583025983368526,43.5484619140625
317744,145.20633929725028,500,False,2.2033046019739824,True,0.10564828235996956,36.50175476074219
318048,273.0837683646132,500,False,2.1066802993845433,True,0.10664237637699071,49.45604705810547
319296,236.6186044215235,500,False,2.0014655117450357,True,0.10699936011596337,36.91744613647461
319376,212.08667323235431,500,False,1.4467547244598424,True,0.10995880930076492,51.28575897216797
319728,297.7948408913119,500,False,1.3219172790994018,True,0.1097727825736407,41.10567855834961
320048,28.090599016882745,500,False,2.1623064804358756,False,0.10912003757139677,131.43089294433594
320096,216.21365287612647,500,False,1.7754175242413708,True,0.10994182802436621,35.566062927246094
320304,279.20606649244024,500,False,1.6687473771805847,False,0.10975533542139412,51.68397903442383
321104,199.73050397421974,500,False,1.4257327414257372,False,0.10961221324130647,49.78832244873047
321744,24.15978856680158,276,True,2.571444926828828,True,0.10894021528271618,46.65412902832031
322096,134.84279196677213,500,False,3.630216051340611,True,0.1078759251196108,29.147768020629883
322912,-7.7403233138361145,500,False,3.1235839054782613,True,0.10853104245295853,36.445228576660156
322992,92.68292695056829,361,True,1.890341583717158,True,0.1054353195715798,59.74872589111328
323152,315.9000417930858,500,False,1.413117915914533,True,0.10472044314178505,43.455841064453125
323712,249.69052273016433,500,False,1.7797622350509135,True,0.10427686831606421,37.10780334472656
324080,260.31717016828657,500,False,1.564970939566524,False,0.09994660303564828,31.37974739074707
325744,226.6779906627143,500,False,1.662337317527553,False,0.09945489056634063,53.49522399902344
326048,187.80002573234427,500,False,1.541979862730095,False,0.09757274194918159,31.459022521972656
326432,84.79757036231926,399,True,4.476406108934508,True,0.09716335035994579,41.41761016845703
327296,148.27635524220312,500,False,5.36580710258828,True,0.09665001856391699,49.041343688964844
327376,250.9308150779301,500,False,1.540861611378907,True,0.09650721593273519,30.949180603027344
327408,49.15208479133782,457,True,6.016559635283787,True,0.09662442123534846,46.34438705444336
327440,63.80178010994795,482,True,6.004196137086173,True,0.09668363014542387,49.74058151245117
327696,-22.100002956089874,372,True,6.002757203874492,False,0.09676950809020943,34.38343048095703
328304,294.5227436253754,500,False,1.5828345698423927,True,0.09669335912862162,25.190719604492188
329104,92.32280799283535,500,False,3.6996699259234216,False,0.09696216074217864,37.414520263671875
329408,5.353887254410557,333,True,4.382617767288188,True,0.09470262825495603,28.516963958740234
330096,147.39077866555022,500,False,3.487691040550461,False,0.09374851163548745,29.401859283447266
330848,57.132264322376216,217,True,3.2932042377859654,True,0.09091219483831896,44.85337829589844
330912,148.2895266459239,500,False,2.8589407755162077,True,0.0904018369430904,45.65081024169922
330992,134.21192796882204,500,False,3.3680163480622953,True,0.09032537783037645,25.223773956298828
331152,150.68683588160067,500,False,1.7530779074848348,True,0.0899952298803736,35.21920394897461
331344,154.3482772466092,307,True,3.0425926212659906,True,0.0907800827462026,28.59477996826172
331712,166.10814726682236,500,False,2.7681579182346723,True,0.08948506864376973,24.915611267089844
333744,169.30889740266298,500,False,1.7821278321386194,True,0.08870387527450067,22.583221435546875
334048,265.9150010052836,500,False,1.14352812633807,False,0.08363374062784767,27.850383758544922
335296,115.53797524669417,500,False,3.8261018329385985,True,0.08276612700061699,30.276403427124023
335408,294.336870637524,500,False,0.514923613272047,False,0.0785864852072087,33.97705078125
335440,330.00318963279955,500,False,0.6392918714553196,True,0.07818019062897916,38.70634841918945
335696,149.88219060626614,500,False,1.62395530684056,True,0.078079229467779,22.887258529663086
336304,230.9855073594701,500,False,1.447712066877629,True,0.07710042505524885,28.197708129882812
336896,160.17320130788372,468,True,1.24044310586092,True,0.07605474812890484,79.33560943603516
337104,370.43581274710823,500,False,0.5533654505907795,False,0.0752914500792601,24.899145126342773
338096,338.97379035828317,500,False,0.5097428605817157,True,0.07481358663440137,30.08401107788086
338128,299.97495812926286,446,True,2.208836020413957,True,0.07316718107356411,32.4647102355957
338800,180.99155981719622,212,True,1.0476932311513771,True,0.07318175212093124,52.48847579956055
338848,390.8635668020686,500,False,0.8270822274353972,False,0.07169053291762985,106.09553527832031
338912,478.5739782697665,500,False,0.4556201116286696,True,0.07166885778864382,197.8732452392578
339152,383.713169022031,500,False,0.6147055775265465,False,0.07150955024888987,19.505146026611328
339344,329.7921252482626,500,False,0.779688210573416,False,0.07131367978009216,19.497472763061523
339664,232.6223891226715,370,True,1.1786489271940175,True,0.07094989926339,26.867778778076172
339712,369.36010282073426,500,False,0.7966041916784145,True,0.07059581079350126,25.96935272216797
342048,444.51182641543653,500,False,0.18007827191005782,True,0.070423108992906,29.532817840576172
342224,323.3653415284803,433,True,2.4471450656412164,True,0.06703036455004892,18.4473819732666
342960,103.13530337658634,206,True,2.7495236228176347,True,0.06683030620353411,18.450942993164062
343440,410.05226619476167,500,False,0.5644448210866044,False,0.06681026605024326,23.003253936767578
343696,461.605526427054,500,False,0.7891634607933511,True,0.06570652147755447,28.389686584472656
344304,539.0321075054716,500,False,0.30083021554183903,True,0.06455585926619639,28.76706314086914
344896,434.82729627784033,500,False,0.9202026279437056,True,0.06360076350767185,15.600415229797363
345104,577.8520108328664,500,False,0.16722255156772334,True,0.06256637335291959,47.8223876953125
345408,69.54976865517976,123,True,1.6716693953014807,True,0.06213228044944977,23.02859878540039
346096,462.71804921323366,500,False,0.7809326000381186,True,0.0612071531807757,23.4913272857666
346128,420.98087080522765,500,False,1.037078719991543,True,0.0613206464005154,33.46397399902344
346800,516.5980562692571,500,False,1.21050578990359,False,0.06131935724792314,23.335338592529297
346848,620.1724091934353,500,False,0.11810554681613993,False,0.06129723167086641,29.01032829284668
346912,334.8874660762703,500,False,0.7762049349581753,True,0.06133752867264478,22.78462791442871
347152,618.725270175526,500,False,0.5556492308672135,True,0.061417576608186114,15.053609848022461
347344,506.46186987549004,500,False,0.2784465993046121,True,0.06146874519918704,19.54906463623047
347712,348.18993577775956,500,False,1.0286607744926266,True,0.061157754565917315,31.830265045166016
348816,146.8420104048435,282,True,4.296428229716272,True,0.06134377474373039,24.52130126953125
349328,225.85015983060234,352,True,2.0947849566444194,True,0.06116494615165783,29.801498413085938
350048,524.9138984713043,500,False,0.7049596209399971,True,0.05915855607234013,20.96822738647461
350224,342.49815021792574,500,False,0.9204920684902025,True,0.05918986332325868,27.736618041992188
350848,190.84709703559568,297,True,1.1932308713873672,True,0.05887424042815894,17.457958221435547
350960,411.4239356766446,500,False,0.7846180399161241,True,0.058432672307320695,14.974995613098145
352288,146.32854076794155,217,True,1.4834047235957597,False,0.058509509276737356,18.559715270996094
352896,517.6539410652917,500,False,0.6461175593887543,True,0.058494462399962,15.980522155761719
353024,240.18432962162743,367,True,4.866801157847463,True,0.05784798159245817,64.04048919677734
353104,374.3988073141167,500,False,1.2793571366227054,True,0.05799266620621439,26.346094131469727
353408,412.31195707676335,500,False,1.6683213002757513,False,0.057852135601488344,27.725910186767578
354128,387.4344237864896,500,False,1.0731837952296621,True,0.05783761629655056,41.752525329589844
354800,328.62633682584965,500,False,1.1671348131551422,True,0.05546451606584953,30.506162643432617
354848,343.9267380696694,500,False,1.9401941362835307,True,0.05397546789229,20.82901954650879
354912,300.4927189498045,500,False,2.0011400449423093,True,0.053955844294936224,27.140445709228516
355232,70.21307765409497,114,True,1.3795280883463157,False,0.05398078343253986,24.569551467895508
355344,445.85370197051003,500,False,1.706927758579707,False,0.05369080642502536,18.853233337402344
355712,286.97123041361823,500,False,1.3158694085001568,True,0.0538550304126216,14.145210266113281
357328,275.72782107908,500,False,2.1484940018488095,True,0.05348997808975145,20.511619567871094
358048,486.2860287308653,500,False,2.4498622758056476,True,0.05185619409482138,20.570648193359375
358224,198.97150357304162,500,False,2.378944985645361,False,0.05161416455720725,13.65505599975586
358848,296.7167266588153,500,False,2.617210069038653,False,0.05142770470039441,15.162214279174805
358960,247.1795755596471,500,False,2.734950113192412,True,0.05111247252611891,15.126297950744629
360288,449.722658862339,500,False,2.29646203362698,False,0.05099912631764323,23.95280647277832
360896,201.59684281086803,500,False,2.0781643594368346,False,0.050400521925300444,19.3519287109375
361024,286.1338385623169,500,False,1.317462224193861,True,0.04846799603382941,19.029987335205078
361104,403.93843170511695,500,False,2.6899593976681713,True,0.04830675342327701,27.5460205078125
362128,458.1273306134401,500,False,0.32185886544175785,True,0.04822234267798963,14.395846366882324
362800,309.61632031478075,500,False,1.4938820732524771,True,0.04731963713906894,20.04880142211914
362848,223.5935384349921,500,False,2.392533206646191,True,0.04775042813917758,22.68885040283203
362912,250.60844371953917,500,False,2.477916398042275,True,0.04754134054011427,15.867924690246582
363024,215.17564755662366,480,True,1.3641091914169037,True,0.04736175995898268,15.582500457763672
363056,172.3781964751855,263,True,3.3388797608319334,True,0.04722131621771048,12.630030632019043
363232,246.43673002191326,500,False,1.6977700909778217,True,0.047199588226478933,14.353421211242676
363488,85.5448723226652,149,True,1.8950656665839603,True,0.04713244307538497,10.577203750610352
363712,698.000792588398,500,False,0.13614232122926168,False,0.04710995555564507,17.104801177978516
364800,363.1011984473322,422,True,4.157542178936175,True,0.04688595217869168,25.14460563659668
365248,104.42667433817292,139,True,1.7363527934860004,True,0.04716936916170666,31.299659729003906
365328,240.04996249223746,500,False,0.8794211485163429,True,0.04634978915609458,255.35940551757812
365728,386.1694659902464,340,True,1.8083098963795052,True,0.04629575547465101,14.475489616394043
366224,182.75595310937987,500,False,1.5267160572773535,True,0.04489396098872029,15.537454605102539
366960,333.78501144987484,500,False,3.3097285476004714,True,0.04463226302876077,14.988883972167969
368896,652.759758557244,500,False,0.2067043212401636,True,0.04426991653845664,18.087535858154297
369024,511.45239671857354,500,False,1.1780865706066346,False,0.04458999925987075,30.801572799682617
369712,355.0569663109644,389,True,3.022953553938061,True,0.04452299731305969,21.223217010498047
370128,665.5798540183844,500,False,0.12468589659906608,True,0.04413717781662169,15.835700035095215
370176,214.34707974544344,445,True,3.679146779278523,True,0.04456698599396785,28.9661808013916
370800,396.2564939805819,500,False,0.5187701136446872,True,0.04451023624495468,19.70237159729004
370848,367.1509914420756,500,False,0.628866641228045,True,0.04336232628121053,10.495160102844238
370912,534.4939385748537,500,False,0.6191668903336691,True,0.04318948014599822,20.445507049560547
371232,166.32494290743745,500,False,4.607987125427768,True,0.04309809312083967,22.074682235717773
371712,343.1894619551929,500,False,1.2342590693116005,True,0.04302377752739102,16.52277374267578
372800,304.1029417096077,411,True,1.9217399732481912,True,0.042551165109718354,18.794179916381836
372800,579.5704061413106,500,False,0.20401930555753978,False,0.042551165109718354,18.794179916381836
372880,172.78529295127976,172,True,1.6715833042391524,True,0.042461887894914334,23.164730072021484
373248,617.1845477281487,500,False,0.1920057561406086,False,0.04244092246947974,13.492633819580078
373328,472.5695410470199,500,False,0.35969863027453414,True,0.04205095749477695,14.57630729675293
373728,545.0149287206682,500,False,0.3062273534279446,False,0.041982074611761594,13.742986679077148
374960,441.3310795590584,500,False,0.6311159889890051,True,0.042323993723096996,174.43069458007812
376896,461.8160752316188,500,False,0.14376601983857093,True,0.04264231892794149,62.17975997924805
377024,459.9049546002364,500,False,0.5530265397323727,True,0.042512615020670316,19.121885299682617
377536,375.5849196979371,460,True,3.4163446021248434,True,0.042739459614564254,83.1268539428711
377712,535.4654647660534,500,False,0.2638337466809638,True,0.04234535496660321,74.33392333984375
377920,277.76131573089924,320,True,5.815918812118936,True,0.04228885633967948,21.24254608154297
377984,257.986647478865,324,True,3.183958229393065,True,0.042193236575355314,15.008661270141602
378800,574.2862696814104,500,False,0.4209167181844386,False,0.04210110152479037,215.8022918701172
378848,253.96370060937787,500,False,2.9957035693968495,True,0.041476091324476494,100.52392578125
378912,507.1962982013629,500,False,0.09493589850808405,True,0.04137329141177687,20.579500198364258
379232,649.4027232907357,500,False,0.2682555943861917,True,0.04132358292765053,10.207511901855469
379712,533.7427444375495,500,False,0.33437651682953196,True,0.04106835899496156,26.788951873779297
379808,173.2280435596618,174,True,3.3663099708287754,True,0.0410975537653489,98.52081298828125
380880,545.9382626925373,500,False,0.19114630275486993,False,0.040859977799365864,10.133694648742676
381248,456.47909821375856,500,False,0.46265315057639306,True,0.04128395917123316,13.14395523071289
381328,547.8684284012943,500,False,0.39648430954264363,True,0.04093368766174836,10.079753875732422
381728,600.0347003057551,500,False,0.41790369150746376,True,0.04082067372080088,30.259140014648438
382960,571.481665996684,500,False,0.2337470520504662,True,0.040266719729896615,13.494443893432617
383136,127.11831431572021,141,True,1.5624907205223577,True,0.03893748423585441,15.626230239868164
384896,565.369788534095,500,False,0.12786122043428025,False,0.03882830445311083,25.47147560119629
385216,374.7257623113979,401,True,2.164732348800065,True,0.038605374424728126,13.188125610351562
385536,416.98061489109267,500,False,0.10929632952298828,True,0.03860057966858177,21.531810760498047
385712,361.3779788069495,500,False,1.9431040969564366,True,0.038778179992778335,20.64560317993164
385920,525.1643194917795,500,False,0.34569219643809945,True,0.03902208723747852,17.497657775878906
385984,575.6095000990563,500,False,0.06930288753374503,True,0.039047772127083616,13.165132522583008
386192,156.27422311953885,309,True,4.793133385237911,True,0.03895756099705111,17.885398864746094
386624,123.08818816976564,331,True,3.511671335714943,True,0.03912924704828964,10.920680046081543
386848,463.479702377126,500,False,1.3870959256905935,True,0.03917938400553501,11.281238555908203
386912,554.5839480360136,500,False,0.36311767428696445,True,0.03918760882722243,11.01953125
387232,557.0940736430833,500,False,0.22156600424984194,True,0.0391170517216422,11.549245834350586
387712,561.2538746642686,500,False,0.10225161430770924,True,0.03835896068792464,14.0738525390625
387728,392.40002308965916,375,True,3.184204974369048,True,0.03848485515872667,9.51256275177002
387808,611.2024561647412,500,False,0.25504263389939574,False,0.03848299979963589,11.570571899414062
389328,164.8707235373025,209,True,2.4801912350101176,True,0.03830452375211075,14.973726272583008
390960,607.4997041469043,500,False,0.2493062572812773,True,0.036963899990311425,9.435731887817383
391136,537.368736584726,500,False,0.34741343657051676,True,0.03649158146343121,10.246280670166016
392896,529.5888748175553,500,False,0.41463999869083895,True,0.03636255864604152,11.906028747558594
393216,615.2709753599304,500,False,0.5815876490909996,True,0.0357433721158389,10.107391357421875
393536,364.41921904013543,500,False,3.7671506488039657,True,0.03538423946269784,11.074724197387695
393712,506.96826284067794,500,False,0.5205816696220089,False,0.035672632780703664,95.90190124511719
393920,469.4715526934062,500,False,0.5910102699203866,False,0.035714861182560544,11.268239974975586
394192,462.8533331030202,500,False,0.503413418210995,False,0.03593349623433448,38.76842498779297
394624,592.2369615723825,500,False,0.5547888958183472,True,0.03622438764435098,19.546173095703125
394848,634.9970721160765,500,False,0.15114395533366667,False,0.0364683979760146,11.86672592163086
394912,569.1352874851488,500,False,0.24413019636832822,True,0.0360462536181927,19.602020263671875
395232,542.0342602199804,500,False,0.310583322165409,False,0.03597339554750854,13.292734146118164
395712,574.7128586837264,500,False,0.7425923188692545,False,0.035562917884496496,10.31021499633789
395728,617.1104920213397,500,False,0.14775462353294502,False,0.03526786676174394,9.794625282287598
395808,553.3408749585789,500,False,0.7761018563842361,True,0.035275057339479735,11.885889053344727
396560,289.1041828438039,339,True,1.474272022083002,True,0.03531091965658966,9.873598098754883
396784,228.94722716372826,203,True,1.374653891422257,True,0.03551623118273526,12.628761291503906
397328,393.03639396920335,500,False,0.36311042978795377,True,0.03532188352737539,9.667451858520508
397696,140.60033655543015,249,True,6.045643773026307,True,0.03519022262352141,17.21691131591797
398960,327.80394109653434,500,False,2.6923571975701783,False,0.03500236298411651,156.35443115234375
399536,357.4582992597067,395,True,2.543494379623373,True,0.035544177159226434,10.485857009887695
400896,689.2865790111213,500,False,0.2779463501740254,True,0.0356624319346549,8.8160982131958
401840,221.65454556453184,413,True,6.018784621462367,True,0.034935788256426986,11.286458969116211
401920,465.0517205913932,500,False,0.2889464973850798,True,0.0342331414560437,9.423951148986816
402192,488.7021254658959,500,False,0.3982184673472061,False,0.034249703972773535,13.901420593261719
402336,90.13461922962023,464,True,3.609807470693259,True,0.034366229533129705,11.010498046875
402624,743.0823385197956,500,False,0.07668659789284549,True,0.034494746344643314,10.229310035705566
402848,710.8326890901145,500,False,0.1797053009104124,True,0.03475712309728306,9.374934196472168
403712,610.0899315462455,500,False,0.35589646102018296,True,0.03504166077714499,15.050066947937012
403728,319.77542919877345,500,False,0.7424287138632154,True,0.034797695726962063,9.896591186523438
403808,455.94357696662604,500,False,0.6768865779580318,False,0.034797245926106286,41.612457275390625
404560,346.9735867094525,500,False,0.7411458203377602,True,0.03481556194066319,9.921588897705078
404784,330.5042888160898,500,False,2.1805219735416297,True,0.03441105048884774,135.35540771484375
405328,235.0028385222124,500,False,1.970201029478482,False,0.03415260536315563,9.997777938842773
405696,519.6391716103917,500,False,0.3740617448978219,True,0.0341009715283139,14.57190990447998
406960,423.19591521084067,500,False,0.12021280466169561,False,0.03406089056506483,9.123098373413086
407536,397.57409808309643,500,False,0.865434175398915,True,0.033337051413997114,8.306102752685547
408848,385.90563138696535,407,True,2.3779979321961635,True,0.03264771337346824,17.68801498413086
408896,412.4621180132079,500,False,1.3520361856746632,True,0.03322761947269181,7.866657257080078
409472,317.217511603775,354,True,4.828094260307921,True,0.033235480650919004,8.093929290771484
409824,247.8755263291283,382,True,1.8388857561028231,True,0.03282618383461943,6.342360496520996
409840,535.8834929034402,500,False,0.25708878750431247,False,0.03290316376566181,10.058927536010742
409888,17.30846020690839,65,True,1.56223940504145,False,0.032915681659755884,8.966663360595703
409920,446.51845749495516,500,False,1.0000151018400867,True,0.032947796432724656,10.008441925048828
410192,320.313007346894,500,False,0.6848660730042178,True,0.03297858024156258,23.521717071533203
410448,268.03528417273895,420,True,1.6710547792477024,True,0.03291473587278945,7.219537734985352
410624,531.2352708771061,500,False,0.478375759481288,False,0.03252145719855267,10.30581283569336
410848,339.1760136626777,500,False,1.1357269620467287,False,0.03245548100657529,8.119552612304688
412560,529.6880770523964,500,False,1.018024752914904,True,0.03219076944997583,19.706928253173828
412784,649.6072440221573,500,False,0.7474032244933533,True,0.03042783093218528,11.355049133300781
413328,327.0024536964107,500,False,0.4392266509995562,False,0.03032333879111977,6.931759834289551
413696,629.8828813195597,500,False,1.6297277856751515,True,0.03054664336796834,12.810327529907227
414960,567.3936856791505,500,False,1.0536158821722068,False,0.030067523892460864,7.719425678253174
415488,172.3906570808716,304,True,4.4001809504515315,True,0.02902462651884007,145.55853271484375
415536,663.9621786295979,500,False,0.523369812734919,False,0.0292507218292717,7.370814323425293
415808,425.67739200344533,368,True,1.5166314181216336,True,0.02923692710565223,23.28592300415039
416080,302.385173554065,391,True,2.6036856299043807,True,0.029185090172948205,21.987289428710938
416896,389.83526706544035,500,False,0.18939567397903292,False,0.02927858819904614,8.263421058654785
417472,370.74800934350424,500,False,0.840022443329068,True,0.02896841680055717,13.82534408569336
417840,402.2226498394003,500,False,0.5196815194064167,True,0.02886441044840044,12.256197929382324
417888,404.52034706453213,500,False,0.39254896230260755,True,0.028691025668772532,48.40934371948242
418192,690.9552684849288,500,False,0.10578436311683254,False,0.028685119020125768,26.726375579833984
418448,413.77745163692333,500,False,0.263699026237659,True,0.02856857594013714,9.324825286865234
418848,327.4142055395542,500,False,0.5790020718146098,False,0.028905526782306176,8.870716094970703
420560,731.8224805192174,500,False,0.6890056395109913,True,0.028796448698245877,7.095804691314697
420784,607.0086016926848,500,False,0.7775518699098641,False,0.02865868252907065,10.718667984008789
421328,649.2309730199918,500,False,0.8325348657850182,False,0.028589653540271275,7.426370620727539
421696,461.7223492342927,500,False,0.5990348210397156,True,0.028758918281406337,8.547977447509766
422960,549.7702253484103,500,False,0.4168278431776274,True,0.02877336600225165,12.10820484161377
423488,584.623135025741,500,False,0.49008087766568714,False,0.028689662073900495,9.507342338562012
423536,570.8332314588874,500,False,0.1877571544915894,True,0.028623617314214193,13.093080520629883
423808,537.1990857281976,500,False,0.2002600648075825,True,0.02860059413511833,10.582052230834961
424000,329.55780488514506,322,True,2.8318640446624403,True,0.02867958139243068,9.199450492858887
424080,547.3477269298755,500,False,0.7158849031213018,False,0.028899265635459425,6.7245988845825195
424896,518.2179532008485,500,False,1.3646711991246168,True,0.02893169748622101,91.40318298339844
425200,481.66214947310374,457,True,2.176842101287206,True,0.028751595114078026,87.47947692871094
425472,497.63572815370384,500,False,0.24397379231821797,True,0.02856966590298,7.381647109985352
425840,430.96600313091494,500,False,0.561914090983595,True,0.028423441979881045,10.747746467590332
426192,475.31609027126774,500,False,0.5966780643301295,True,0.02907857738001331,9.119266510009766
426448,559.9263401525574,500,False,0.8535495045219207,True,0.028745540671578244,7.583733558654785
427072,167.8174755357466,407,True,2.0976391427668006,True,0.028791427090927316,8.168769836425781
427200,199.2739031864611,229,True,2.0535753937662293,True,0.028400970456224084,6.626159191131592
428784,562.1058874563487,500,False,0.35901370463338994,True,0.028364634656113618,10.04416275024414
429328,573.4344952336992,500,False,0.16669535929727805,False,0.02951782003739121,14.564305305480957
429696,516.4233598221471,500,False,0.49672327340481176,True,0.02941573705047714,14.145882606506348
430960,605.454591685113,500,False,0.39376085410890493,True,0.029536506610486797,9.549564361572266
431488,457.12275144205455,500,False,0.6947762166434293,False,0.02860548273097918,7.301496505737305
431808,492.29668183103166,500,False,0.3214497277140108,False,0.02841069976012868,79.54937744140625
432000,658.2830404169622,500,False,0.4850093546557339,True,0.028302540934454876,10.395912170410156
432080,559.4730011657666,500,False,0.2126243835044557,True,0.028222143615154186,7.844600677490234
432288,337.048599666602,381,True,1.6133747644160799,True,0.028228040209205846,9.536840438842773
432896,573.9389519430171,500,False,0.2491391942455026,True,0.028028782968878525,11.977952003479004
433200,464.586185777826,500,False,0.6562618322932304,True,0.02831784386561863,6.919160842895508
433472,397.3305847739772,500,False,1.2141342637609296,True,0.028311231871875064,8.040639877319336
433840,575.4345329910727,500,False,0.10927668767645976,True,0.028056822693080945,7.772904396057129
434448,429.1938181918723,500,False,0.11718222586145695,False,0.02769628722026824,7.178858757019043
435072,401.24803111406646,500,False,2.622517148461766,True,0.027756841208944484,15.80902099609375
435200,619.0062366482531,500,False,1.355165574750973,True,0.027204087685419685,7.04109001159668
435680,188.61095962820406,262,True,2.3475435633128336,True,0.02742168908513659,8.40123462677002
436784,391.74315022865017,500,False,1.6658462091386024,True,0.02720182589616045,14.300678253173828
437328,546.4140494430069,500,False,0.3658356050019667,True,0.02647244314770987,29.178062438964844
437568,303.411923536329,360,True,4.884816592713368,True,0.026046306484519038,58.193565368652344
437696,612.463609422479,500,False,0.3366366867404552,True,0.0260189243182523,11.030160903930664
438960,586.1576841384331,500,False,0.15770914186907575,True,0.025911336523280506,7.18246603012085
439232,361.5700143430672,452,True,5.1945273333813615,True,0.025868009279814117,7.392999649047852
439952,468.2403520014384,405,True,2.210206317875268,True,0.0260770443231386,8.071266174316406
440080,606.8135885655996,500,False,0.2855980429104967,True,0.026735560500280173,11.52318000793457
440112,102.56665163207698,208,True,3.5087351279788948,True,0.02691603731899158,8.67990493774414
440288,531.433942924963,500,False,0.14164454512628485,True,0.026943090712377868,12.675716400146484
440896,717.9450399455377,500,False,0.11250962300284979,False,0.027070631675786005,16.8935604095459
441200,467.68797580731876,500,False,0.7075253718870828,True,0.027323843024772653,10.099387168884277
441840,674.8301603425592,500,False,0.24419832636825115,True,0.027514884514145327,9.011372566223145
442448,549.6855672735011,500,False,0.03266226033659987,True,0.02723041481250166,7.151846885681152
443072,615.2764363057819,500,False,0.32575022941191895,True,0.027080167794380085,8.409172058105469
443200,627.4278857238559,500,False,0.11641376236707275,True,0.027532347681843147,13.362981796264648
443280,227.6302230483448,372,True,2.4357845431072245,True,0.027597649501952495,10.700562477111816
443680,474.0905837465215,500,False,0.4415954174047091,True,0.027575013299785258,9.282747268676758
445568,674.6991175437439,500,False,0.17853525382342228,False,0.027588149951268116,8.170499801635742
445696,593.4300856320476,500,False,1.041751543626181,True,0.02667255503033378,33.92560577392578
446960,573.5139785126588,500,False,0.4485120695745748,True,0.02657049071301808,48.10896301269531
447232,578.8179721500377,500,False,0.3830648260308051,True,0.026431610917277793,6.442926406860352
447952,712.7788123126551,500,False,0.08054275545006913,True,0.02670390011138845,7.210382461547852
448080,512.0349153345456,500,False,0.14626115461735864,True,0.026643101580221453,6.74020528793335
448112,553.3845797764685,500,False,1.5857478655365767,True,0.026533779563406103,12.153090476989746
448288,638.855929612333,500,False,0.5879789617282193,True,0.026490251567453868,7.112772464752197
448896,780.2377799422171,500,False,0.10333253171133208,False,0.026257758793815467,7.755413055419922
449008,171.88826908374085,207,True,3.937529592105749,True,0.025950157065514196,5.061526298522949
449008,324.24925111209495,333,True,6.017180251306595,True,0.025950157065514196,5.061526298522949
449200,760.926689084122,500,False,0.05999346559058858,True,0.025920851795637908,7.778528213500977
449840,760.1570921120158,500,False,0.10914139646699077,False,0.025920666311649704,9.156505584716797
450224,614.6064981887539,486,True,2.9606289796801994,True,0.02592197402373873,7.241230487823486
451072,622.3414465734679,500,False,0.6496592169738005,True,0.026093865779721538,71.97356414794922
451200,621.2210574159119,500,False,0.09483593630214592,True,0.026598166780161206,33.68421936035156
451280,561.9005891119323,500,False,0.24006604952304553,True,0.026690918407011682,7.904811859130859
453568,597.7472563948836,500,False,0.18265928936302428,True,0.026793613982437757,8.678372383117676
454960,628.2703228891477,500,False,0.16289995184096415,False,0.026127949653030048,7.734482288360596
455232,757.0425799493671,500,False,0.062436113812747336,True,0.025449025276958002,14.345428466796875
455952,745.1960257994417,500,False,0.06707281106454016,False,0.025387611405440526,11.716859817504883
456080,769.9306847801508,500,False,0.042022361860316236,False,0.026084917306190513,5.701827049255371
456112,609.6147977134867,500,False,0.30174737969156806,True,0.026096596477367166,5.624805927276611
456288,753.0880663795836,500,False,0.029471777260534186,False,0.02610489437110961,8.697549819946289
456400,382.67019373276054,320,True,1.6034274719247286,True,0.026313466394319533,6.587103366851807
456896,357.2586418097475,500,False,1.2241578399261996,True,0.026515432102938594,8.830238342285156
457008,620.3597074722511,500,False,0.15952927912526468,False,0.026425397455398927,5.473004341125488
457008,543.091752558185,500,False,2.0817946139268138,True,0.026425397455398927,5.473004341125488
457200,356.74586134479733,500,False,0.7827084088577206,True,0.026395839578541257,5.004211902618408
457840,503.94993077967473,500,False,1.5015835173098033,True,0.02636781193361772,8.953498840332031
458080,511.82202635901706,491,True,3.581289136435311,True,0.026504772684212315,7.737601280212402
458416,503.9672137366554,459,True,2.849806917175226,True,0.02630978387317289,10.240998268127441
459200,826.0899796832562,500,False,0.03066383293264638,True,0.026060455991203265,8.572725296020508
459664,141.99238022961725,204,True,2.3596153454530993,True,0.02629956901099552,9.276494979858398
459904,217.04288506688675,247,True,2.0557861922504537,True,0.02621132930495649,23.147268295288086
461568,753.8325915130824,500,False,0.12946215257503585,False,0.026041305394275748,7.229581356048584
462960,489.81414722676374,500,False,0.739406104076725,True,0.02585444589871682,9.00555419921875
463232,661.180932025257,500,False,0.17197211932830106,True,0.025891011316853393,6.872335433959961
464080,754.8132557675998,500,False,0.06663172324833687,True,0.025825336144594802,7.881203651428223
464112,713.0735045153908,500,False,0.0216001254311981,False,0.026131044695717764,10.819047927856445
464288,612.1720899695819,500,False,2.2407023579415952,True,0.026136168551675693,12.64224910736084
464896,669.8795977989387,500,False,0.15156931088401543,True,0.02604718902613616,7.310902118682861
465008,757.6675428143346,500,False,0.08451981424489034,False,0.02554640854441471,16.31351089477539
465008,717.9371073524018,500,False,0.2866237274109984,True,0.02554640854441471,16.31351089477539
465200,801.5721822833334,500,False,0.10328295269729572,False,0.02549471741096852,126.533203125
465840,545.0773326445565,500,False,0.49730275977371446,True,0.025504616877025814,5.379393577575684
466080,785.8949323388202,500,False,0.12158738482686379,True,0.025260190444768245,7.285429954528809
466416,532.351425711603,500,False,1.6085934329822833,True,0.025215164433037947,5.707895278930664
466528,232.47361742022153,310,True,5.359644248987891,True,0.0254711568624608,15.625692367553711
467200,698.2714687683005,500,False,0.10484302574872667,True,0.025509459685146004,7.930359840393066
467664,607.8035672779664,500,False,0.30637451612371064,True,0.02537675672692879,7.3835930824279785
467904,807.3428604707927,500,False,0.05627371592086787,False,0.025596796022368723,8.59192943572998
470960,772.5604049428047,500,False,0.07034204005555586,False,0.02596747215941726,5.412067890167236
471232,817.5089068853005,500,False,0.038006105383047266,False,0.025795205760668165,5.525764465332031
471328,301.3552563184003,328,True,2.473862782867906,True,0.025955569843850036,8.981582641601562
472080,559.2367543818289,500,False,2.4972220367583686,True,0.025982494563219924,5.601406574249268
472112,557.8723288024623,500,False,0.23481265633819956,True,0.026082457999928435,14.196189880371094
472288,801.7314365291302,500,False,0.025693034316108223,False,0.026048041989405756,7.872565269470215
472896,608.3801703102197,500,False,0.06170514255950648,True,0.02591914023746188,12.42031192779541
473008,515.5552892521764,500,False,0.4651708167831209,True,0.025932787583476658,5.980524063110352
473008,527.8007883084249,500,False,0.18138988322913155,True,0.025932787583476658,5.980524063110352
473200,567.0425620949851,500,False,0.39276982287956674,True,0.025931069527506064,6.122661113739014
473840,717.1735978318086,500,False,0.12937296342047594,True,0.025924560053149328,83.48323822021484
474416,749.1296646937002,500,False,0.0440618160998784,False,0.025592831812685277,10.088075637817383
474528,894.6094585020995,500,False,0.029033369730418004,False,0.02551750196990314,7.562426567077637
475200,554.259212296236,500,False,0.037472850594781976,True,0.025560568483033137,10.634523391723633
475664,761.7310720255808,500,False,0.1108527332286592,True,0.025127548373487515,4.871112823486328
475904,771.8140558297845,500,False,0.04781058101303623,True,0.024939872009799285,15.65549087524414
477136,339.36490954885033,386,True,2.5566993353447525,True,0.024618067987409672,4.522891998291016
478400,224.81287798149359,337,True,5.231209096904516,True,0.02459066137388351,12.221795082092285
479232,715.8784865252306,500,False,0.17830984047577772,True,0.02430703822988508,5.326968193054199
479328,771.945229903163,500,False,0.07843041422459611,False,0.024904527567891497,7.519000053405762
480080,828.9509463044883,500,False,0.03926129603004008,False,0.024918888319275256,5.0089030265808105
480112,730.8423419275268,500,False,0.22707314657246222,True,0.02505184788514449,27.179710388183594
480288,698.198129279566,500,False,0.05938312094533935,True,0.025073899635376477,4.891169548034668
480896,759.0487571851139,500,False,0.08223211792408362,True,0.025041140343907642,6.15574836730957
481008,805.7342493631572,500,False,0.05152891917496548,True,0.024587181629160956,8.274818420410156
481200,724.846682164677,500,False,0.08388415622466923,False,0.024689195392246854,13.174793243408203
481840,534.5988047796535,500,False,0.2835022613434759,True,0.024783135450774086,6.061379432678223
482416,707.4222001602528,500,False,0.18572749656429427,True,0.0246727736231261,4.712408065795898
482528,609.6563760002439,500,False,0.17842396979807645,True,0.024984733165586245,6.517561912536621
483200,895.9374423269744,500,False,0.04776815164863437,False,0.024929898677542986,86.78404235839844
483664,457.3727870578372,500,False,1.371469087831508,True,0.02481897600420705,34.368064880371094
483904,795.950647261216,500,False,0.07044458892396795,True,0.024535295130891425,7.645769119262695
485136,758.5489799943703,500,False,0.23671616579843313,True,0.024546084450157053,6.5175395011901855
485424,184.23353991551593,334,True,3.309786987802197,True,0.024545535064850653,5.23078727722168
486400,765.6997215100454,500,False,0.15725563445968563,True,0.024581662347938436,9.996570587158203
487232,607.92895356877,500,False,0.20694145482781529,True,0.02416417798582563,9.637271881103516
487264,320.52600387883297,447,True,1.7164458514045615,True,0.023914707965605526,7.447783470153809
487328,724.1392528786408,500,False,0.1637478838697887,True,0.02386771211854198,9.12824821472168
488288,735.389930459908,500,False,0.10119815726357043,True,0.023796980864144494,10.7655611038208
488896,631.4611209424656,500,False,0.6603028931795125,True,0.023303924659610384,12.654666900634766
489008,728.813078022062,500,False,0.07581825312249366,False,0.02287901735394773,10.151391983032227
489200,664.4480253464839,500,False,0.3343734206451913,True,0.022794966188911348,5.123006820678711
489840,633.3165019922187,500,False,1.6657407976811143,True,0.022814578096460276,14.505364418029785
490416,698.3212920378526,500,False,0.18263953939821684,False,0.02325305832334238,4.944918155670166
490528,796.85557924482,500,False,0.024059790072101496,True,0.023418270171623,4.108580112457275
491200,827.2005566654647,500,False,0.06256914787977469,True,0.02344147914236751,7.293866157531738
491344,240.24529506077448,251,True,1.8073647615920698,True,0.023506120576224906,11.259380340576172
491664,753.7148410163578,500,False,0.16413127051657636,True,0.02349995111057331,9.29892349243164
491904,843.2091781903636,500,False,0.12838395393138727,False,0.023474927046100505,7.142251014709473
493136,677.8301999149711,500,False,0.2514122524605378,True,0.023591575477483785,4.398820877075195
493424,759.510290270752,500,False,0.13109721482661757,True,0.02305244500202022,7.396327972412109
494400,639.3868781624237,500,False,0.1855965333899839,True,0.023052286558569324,4.494384765625
495232,703.7032918699434,500,False,0.24045348583895895,True,0.02323705295529688,8.400920867919922
495264,723.6485354298562,500,False,0.1494844603352979,True,0.02314694360420629,69.81494140625
496288,483.4306429609476,500,False,1.4750084651206865,True,0.02312585529537411,4.713535308837891
496896,584.530388195549,500,False,0.3641383700814321,True,0.023009531583661744,6.893213272094727
497008,494.2685824216429,500,False,1.1526067029982106,True,0.023307972698158073,6.7713303565979
497200,537.1476525505952,500,False,4.4106613396372945,True,0.02334524055817658,7.120213508605957
497840,657.7100218601398,500,False,0.19683750117332247,True,0.02327196966387535,5.989223480224609
498416,786.2524885531071,500,False,0.08219329926193218,True,0.023498027992528224,5.246103763580322
498528,711.6275539926409,500,False,0.12387868610827288,False,0.023287650619384957,5.787432670593262
499200,753.9216462867117,500,False,0.27589021339056186,True,0.02328096410038335,8.252795219421387
499344,571.0005496252543,500,False,0.21792960051555862,True,0.023003000491216785,5.005134582519531
499664,626.9265326573312,500,False,1.0088587973088348,True,0.02314074570302442,6.194087505340576
499904,529.9258958820772,500,False,0.7511384366380037,True,0.023443612016770473,7.146688461303711
501136,553.7973623930615,500,False,1.4434441303289,True,0.02331175622320489,5.07432222366333
501424,682.5771359261913,500,False,0.1407774248601077,True,0.02299122183587788,11.281033515930176
502400,740.7018414423217,500,False,0.3928077830134014,True,0.02282775884562046,4.98907470703125
503232,683.4843350950088,500,False,0.09431739800038572,True,0.022495943270453168,4.129071235656738
503264,779.1451197812237,500,False,0.035917917754743144,True,0.02226442042346978,6.827003002166748
503696,311.7541436490088,330,True,2.664864313843221,True,0.022252601258674357,4.765069007873535
504288,795.2134644971325,500,False,0.08471370738930208,True,0.022274155518420075,4.753572463989258
504896,826.335480640747,500,False,0.021719053853591207,True,0.02249375137101096,4.796506881713867
505008,671.6000662613504,500,False,0.1288705025645713,True,0.02218650312595386,7.869636058807373
505200,792.7030796216143,500,False,0.10133184665697918,False,0.022045066000966358,5.034808158874512
505840,731.4186206616986,500,False,0.0643779822363625,True,0.021827576251677975,5.712437629699707
506528,306.78458219291866,500,False,1.0540713687039416,True,0.02163078123989076,4.274599075317383
507200,761.3319280286275,500,False,0.06782464449863997,False,0.021536351666666276,5.059920787811279
507344,294.12328712130676,388,True,5.161917766486475,True,0.022078100382231056,4.156179428100586
507344,660.6941817399892,500,False,0.5850377569569463,True,0.022078100382231056,4.156179428100586
507664,709.0717460670248,500,False,0.4469874098491016,True,0.022173384107445106,22.52796173095703
507904,712.1457437842931,500,False,0.16763352065573142,False,0.0221284123009857,4.622156143188477
509424,815.7053850235609,500,False,0.08886998273785442,False,0.022107354223933763,12.069580078125
510400,665.9884819770365,500,False,0.20698081413336167,True,0.021595522300168157,6.122863292694092
511232,788.0848698499985,500,False,0.1767765135609094,True,0.021818107454041658,5.082446098327637
511264,862.593386169072,500,False,0.04606136218621749,False,0.02244807114570894,7.0171403884887695
511696,777.5280435284621,500,False,0.12507201854533703,True,0.022455290830022394,5.0784010887146
512288,756.3465684528906,500,False,0.16427450215007292,True,0.02225602684030546,5.12705659866333
512896,673.6530561640252,500,False,0.08858634206303481,True,0.022236068247737665,3.741633415222168
513008,695.3211464139371,500,False,0.26849739134327105,True,0.022233864776681964,4.024218559265137
513200,824.3375967987803,500,False,0.08836689673308697,True,0.022182207804614083,6.228917121887207
513840,784.5031260134791,500,False,0.10477567095943802,True,0.02194927975417787,5.818655490875244
514064,90.70127547245663,229,True,2.2863102134005624,True,0.021647220763616876,4.863828659057617
514528,792.4338545978733,500,False,0.08557426866909558,False,0.021691550983199036,4.928452968597412
515200,559.7361158434844,500,False,0.20282602195512775,True,0.021788388455418327,17.9476318359375
515344,609.0450013508486,500,False,0.26718325493860395,True,0.021551955436800323,4.615596294403076
515344,659.000178330924,500,False,1.0077730812349557,True,0.021551955436800323,4.615596294403076
515664,709.6577885993652,500,False,0.11254392469133395,True,0.021698638335408305,8.699182510375977
515904,684.2915403207691,500,False,0.09207388928818476,True,0.022037753661482872,11.931253433227539
517424,817.1697405655266,500,False,0.06675670186207322,False,0.02213956754841722,5.258825778961182
519232,852.994181754568,500,False,0.073429398992162,True,0.02182109360453863,5.076442718505859
519264,757.4164536174849,500,False,0.07617270692379005,True,0.021185102202413635,10.075820922851562
519696,820.485760757388,500,False,0.09047184669652451,True,0.02117062652735253,4.510480880737305
520288,794.6419023225488,500,False,0.048282700062634215,True,0.02118819030178279,6.704520225524902
520896,859.6009697874534,500,False,0.044377831235543896,True,0.020996685945583172,3.255466938018799
521008,574.5915640450271,500,False,0.9412897038824642,True,0.02110533613347132,4.453169822692871
521200,706.9365858491514,500,False,0.22987380034910584,True,0.021191206470149014,5.2163472175598145
521840,691.3030558965003,500,False,0.4054862458757165,True,0.021136263065488062,5.330204486846924
522064,779.5489030242074,500,False,0.20395131666797953,True,0.021129580063369145,4.85612154006958
522528,777.445358029345,500,False,0.22052811082099966,True,0.021316515651079594,6.7326765060424805
523200,824.1590631835237,500,False,0.07561280283673852,True,0.02170563964247735,39.12389373779297
523344,905.8917267838447,500,False,0.02974861334488468,False,0.02158677033037971,5.82031774520874
523344,667.2845795881728,500,False,0.5335123654562677,True,0.02158677033037971,5.82031774520874
523664,712.6194850407962,500,False,0.4232317494687022,True,0.021526559390030762,8.56698989868164
523904,642.1468166358469,500,False,0.22716960692698246,False,0.021559784716368203,5.432112693786621
524144,341.8011150986166,305,True,3.2679173521795843,True,0.021635008351811088,4.423580646514893
525424,728.7007821135993,500,False,0.7385707158968153,True,0.02155508825229748,5.742039680480957
527232,749.1046300019436,500,False,0.22190683495853303,True,0.021034417871735725,5.016611576080322
527696,896.4042702433936,500,False,0.06761752215546112,False,0.021087442379242666,5.8795623779296875
528288,491.8611760359487,500,False,0.8294082991082731,True,0.02129834691470736,9.309703826904297
528896,639.9998185851999,500,False,0.1196900207316423,True,0.021418901284698158,4.38735294342041
529008,834.8238205659821,500,False,0.02475851127458009,True,0.021620530999982006,10.411784172058105
529200,830.2309567081699,500,False,0.0697940038266094,True,0.021552782970235475,39.053375244140625
529840,745.7765252138687,500,False,0.22577488201944804,True,0.02135292487535964,4.686131477355957
530064,775.7014993618891,500,False,0.05040184108926097,True,0.020811227876591763,4.6750078201293945
530528,834.0154007983876,500,False,0.057849606437867164,True,0.020840595572950173,5.586048126220703
531200,814.9298253077062,500,False,0.06738606977221362,True,0.02095849032601519,7.837381839752197
531344,777.4546216902648,500,False,0.052125003132102145,True,0.021130973560224652,3.292461395263672
531344,635.6264228150501,500,False,0.21200607075460015,True,0.021130973560224652,3.292461395263672
531664,815.6833434310361,500,False,0.07758235347996578,True,0.021106592820407503,5.303304672241211
531904,790.3400773396265,500,False,0.08455062375591375,True,0.021179001481767618,5.320462226867676
532144,733.9993678921584,500,False,0.13180357715728352,True,0.02127830179191663,10.386743545532227
533424,744.4028057520952,500,False,0.04554358232524349,True,0.021231980535093457,5.809378623962402
535232,612.7031412018771,500,False,0.25962528761711956,True,0.020790034130834245,8.360761642456055
535696,861.7666897814763,500,False,0.02053893626005994,True,0.02081861240829993,4.333197593688965
536288,847.518642029191,500,False,0.025221004035201132,False,0.02105189141951407,7.124105453491211
536896,677.7191042176781,500,False,0.14795075940039615,True,0.020931763464186015,3.793774366378784
537008,787.1308847522721,500,False,0.053310930600873906,True,0.021010954845225624,3.4210476875305176
537200,812.5222261394764,500,False,0.05511374975483908,True,0.020975848675750215,12.221569061279297
537840,813.8028329759127,500,False,0.2291787595558099,True,0.020969261558095746,60.04475021362305
538064,735.9815398833346,500,False,0.5546594055479784,True,0.021214287464281466,4.138556003570557
538528,739.7992470514981,500,False,0.15488292419595984,True,0.02111621123523566,5.613823890686035
539200,684.2201620193182,500,False,0.08036171274846861,True,0.02118647685671376,6.499256610870361
539344,734.1956281342486,500,False,0.12028817454201698,True,0.021685957294239028,3.54805326461792
539344,759.6234143961178,500,False,0.1322835757608773,False,0.021685957294239028,3.54805326461792
539664,831.8422350948505,500,False,0.036520535842902935,True,0.021780088891176067,4.670733451843262
539904,750.2024956684394,500,False,0.2743509246490723,True,0.02182913187611637,4.619956016540527
540144,765.3260981794002,500,False,0.1095990377484886,True,0.021879011830625333,31.212783813476562
541424,677.5875461526032,500,False,0.8391860142648002,True,0.021611063864060788,13.613654136657715
543232,804.672485771922,500,False,0.04267944438663425,True,0.020933311908012477,5.064040184020996
543696,887.1419691373715,500,False,0.05189896319410714,True,0.021189123697122843,5.28773307800293
544288,637.0236495150172,500,False,2.2294089003237247,True,0.02123341150882402,7.489312648773193
544896,676.6024913362265,500,False,0.4347627463724307,True,0.021123248817053606,21.804807662963867
545008,638.6442638821505,500,False,0.15768587753112984,True,0.021525506738746803,5.732093811035156
545200,820.6852664667181,500,False,0.07117090456266538,False,0.021674272323952245,5.4006547927856445
545840,709.10316056639,500,False,0.10901603359598966,True,0.021852234500559165,71.65728759765625
546064,821.3870050780206,500,False,0.08088043977052584,True,0.021463503924461454,4.683640480041504
546528,641.3449415899647,500,False,0.37405046726272584,True,0.02133189281131445,6.3688859939575195
547200,810.5474564286359,500,False,0.08665936870101623,True,0.02136986337317821,10.315004348754883
547344,778.8913790209017,500,False,0.0798775211770446,True,0.021296793510206684,5.42551326751709
547344,792.6139019814991,500,False,0.05234984590298286,False,0.021296793510206684,5.42551326751709
547664,637.2078697117088,500,False,0.7327710417492865,True,0.021174052827196428,3.5673422813415527
547904,843.8915120631116,500,False,0.031432980545389025,True,0.020760972892917222,5.360266208648682
548144,820.6897365748006,500,False,0.09116294003686748,False,0.020389753869427988,16.81576156616211
549424,457.12199333692456,500,False,0.4884020137548477,True,0.020180675946512107,3.776350498199463
551232,666.2837757533746,500,False,0.35272678418379927,True,0.02069339753038805,3.8005881309509277
551696,658.2604354033645,500,False,0.546150235394955,True,0.020093945417306407,6.410550117492676
552288,785.0883714751237,500,False,0.7853409461841273,True,0.020160129406405464,47.226402282714844
552896,819.5677718148029,500,False,0.013488833706130174,True,0.020096907597347332,4.284927845001221
553008,830.6130859676271,500,False,0.03654120790006225,True,0.0202120811435587,5.970137596130371
553200,880.196881586433,500,False,0.06952603171931931,False,0.020096830112792317,5.041887283325195
553840,852.3335245954643,500,False,0.017768974330385132,False,0.019967417140689277,4.970330238342285
554064,346.16005333090516,500,False,0.9565860532390373,True,0.019813356543129917,4.450511932373047
554528,836.4762389501446,500,False,0.05500549184058136,True,0.019721936213466913,4.930997371673584
555200,824.6464423600135,500,False,0.0949173011273087,True,0.01977474678089599,5.3233442306518555
555344,827.8535874876973,500,False,0.049305793166137424,True,0.020170095691247936,3.768406867980957
555344,868.3719674932106,500,False,0.06012601684725647,True,0.020170095691247936,3.768406867980957
555664,741.4807939900512,500,False,0.11802536595495566,True,0.02022829022866805,5.1194000244140625
555904,443.48155208907156,500,False,0.949209354905111,True,0.020301937795956185,6.436107635498047
556144,766.7680950092818,500,False,0.04910653804593097,True,0.02029508206533263,4.399072170257568
557424,726.5385127421415,500,False,0.1861837601467315,True,0.02019958915112226,4.594247817993164
559232,606.5167455376734,500,False,0.43052372538768857,True,0.02029159454853963,6.412123680114746
559696,556.2955396601792,500,False,0.8225845797818007,True,0.0203978510311921,4.587247848510742
560288,398.57896083303035,500,False,1.1401430938178472,True,0.020811429025249528,9.561761856079102
560896,847.0847549124272,500,False,0.07618179584670749,True,0.020755941845242005,24.032930374145508
561008,799.7765034852043,500,False,0.03142817600865419,True,0.020063401966105687,4.446538925170898
561200,760.8489574660688,500,False,0.09392694213573177,True,0.019962810900625447,3.7044711112976074
561840,710.4414066971643,500,False,0.29619265797275546,True,0.019876036520272023,5.118711471557617
562064,795.7981748880641,500,False,0.04449498865294274,True,0.019890717675352977,4.994418144226074
562528,841.8549916599558,500,False,0.06571322764534916,True,0.01993189147357766,20.476102828979492
563200,585.9834691774579,500,False,0.4206716152287301,True,0.020184217905726116,4.218532085418701
563344,824.8156131409623,500,False,0.0973393299082237,True,0.020244981468268378,10.233633041381836
563344,745.4710787240576,500,False,0.7020107936966645,True,0.020244981468268378,10.233633041381836
563664,830.6644482524601,500,False,0.15129700130085233,True,0.020170484901785687,7.517566680908203
563904,681.3545273076304,500,False,0.18873420695029616,True,0.02002523194508467,6.1745285987854
564144,860.9197413592026,500,False,0.16170410409999478,True,0.020091377971413898,3.5359809398651123
565424,784.893036771073,500,False,0.07171489001277838,False,0.020093167756733987,4.5865159034729
567232,835.4664837068572,500,False,0.1362502038890268,True,0.019872918454061087,3.874171257019043
567696,799.6163315075607,500,False,0.08852080262970906,False,0.02012584510427228,6.028404235839844
568288,783.9546100891895,500,False,0.07042179839685324,False,0.019995324347266776,6.315940856933594
568896,669.440403089344,500,False,0.1805221936067114,True,0.020096382762494227,4.1776628494262695
569008,756.7410655231714,500,False,0.12020025412415655,False,0.01985682579430405,4.052844524383545
569200,751.7502470323049,500,False,0.10163189695116791,False,0.019712578496331488,7.31583309173584
569840,778.1030157593111,500,False,0.08319387650934387,True,0.01952081630666968,4.904608726501465
570064,723.6392247252129,500,False,0.38242594718541645,True,0.019489817368547227,3.608732223510742
570528,509.2658099719742,500,False,1.2523923779699995,True,0.019477477582568,4.782344818115234
571200,718.3664330329398,500,False,0.38656393965662034,True,0.019758928923501524,6.377487659454346
571344,760.9437589953818,500,False,0.43165007796157856,True,0.02025184600477909,3.963749885559082
571344,853.3310963461147,500,False,0.06546217253244617,False,0.02025184600477909,3.963749885559082
571664,801.3531472384016,500,False,0.0843720932396934,True,0.02041977628521442,6.037383079528809
571904,848.2175215163566,500,False,0.08373684259340303,False,0.020645648054663287,5.084174156188965
572144,604.5397818813677,500,False,0.47247012404904276,True,0.020774499682910386,5.6106061935424805
573424,785.3991148281942,500,False,0.07287976220015104,True,0.02067855188095906,8.480887413024902
575232,820.7295529401728,500,False,0.130441344085975,True,0.02088756470242952,4.223421096801758
575696,789.4869719008643,500,False,0.18237490117984043,True,0.020693965639041387,3.5642285346984863
576288,796.52286157014,500,False,0.07559821653997913,True,0.02025562580491771,5.2968950271606445
576896,768.3545934101612,500,False,0.19960274046233317,True,0.020153370254598717,10.477901458740234
577008,802.8129991570976,500,False,0.06820420692203487,True,0.01999669269809729,4.134319305419922
577200,743.51445578578,500,False,0.04157179092865992,True,0.02007374812415505,4.266057014465332
577840,766.7443182156883,500,False,0.10804728277341236,True,0.020116278681689664,4.279911041259766
578064,730.2688694308487,500,False,0.22345156278394362,False,0.02008636410561155,6.115721702575684
578528,792.4899852696897,500,False,0.09639946852066435,True,0.02024424351428841,7.081789016723633
579200,744.0804243373648,500,False,0.07469328152055237,True,0.020191466522751833,5.4426374435424805
579344,751.6529765464044,500,False,0.15625867972444468,False,0.019951562958903525,10.035665512084961
579344,787.7170287083011,500,False,0.2715818097767754,True,0.019951562958903525,10.035665512084961
579664,659.183428756817,500,False,0.18952622445094347,True,0.019899612389761647,4.010396957397461
579904,769.6831124831947,500,False,0.0706554890192969,True,0.019937089172654774,4.54602575302124
580144,739.8626330906375,500,False,0.08910355324536676,True,0.019912677237567566,4.3054022789001465
581424,579.703087853365,500,False,0.7306930130562567,True,0.019902892327044744,13.190277099609375
583232,748.4311422995357,500,False,0.13548085153781164,True,0.019926579792866418,9.373588562011719
583696,658.8787465790741,500,False,0.1795445119147481,True,0.019760798537407035,4.263632297515869
584288,636.2537500174528,500,False,0.19967754963211784,True,0.019897782270057184,4.056336402893066
584896,725.9632267236176,500,False,0.21938032833661142,True,0.019761564801823485,6.685522556304932
585008,733.4086277612336,500,False,0.2648290962056335,True,0.019595808309970836,4.1986541748046875
585200,732.7595701744365,500,False,0.09178196591400756,True,0.019561382985658397,3.84979248046875
585840,758.0069104772554,500,False,0.08586776607799862,True,0.019620261365913088,6.020228385925293
586064,494.9469334624207,500,False,0.7127265989062714,True,0.019879290292941897,3.5860421657562256
586528,790.7393083339713,500,False,0.11053022031802504,False,0.01989132738574138,5.482362270355225
587200,743.9354099472129,500,False,0.07614911499017081,True,0.019598219297544836,3.9370317459106445
587344,740.6296408451593,500,False,0.09453565889527706,True,0.0195139727458904,3.730501413345337
587344,814.6978601492533,500,False,0.09922528170644873,False,0.0195139727458904,3.730501413345337
587664,791.6811032298332,500,False,0.06163403240752427,True,0.019512920999571418,72.18074035644531
587712,354.6523349561435,473,True,1.9616488597027564,True,0.01959016328467317,9.691492080688477
587904,736.3213810232005,500,False,0.34083029247933605,True,0.019601683845970434,5.466083526611328
589424,816.120344236141,500,False,0.09477459969297683,True,0.01959495672861437,4.767181396484375
591152,415.45389616292186,384,True,1.6959062239264682,True,0.019442193065228913,39.65878677368164
591232,708.3655143457349,500,False,0.323921652567478,True,0.019655417662439105,4.414963245391846
591696,832.3977406784353,500,False,0.14136076974140066,False,0.019655111260681545,5.146739959716797
592288,805.70905814659,500,False,0.06752767952066999,True,0.019653706818577765,21.37392807006836
592896,744.596207008792,500,False,0.09396968168982846,True,0.020034914225794745,3.7653675079345703
593200,650.5612641266207,500,False,0.41368966039701704,True,0.01991542844457809,5.6183061599731445
593840,500.3972061940761,500,False,0.6022484199392943,True,0.0199781362716154,78.91506958007812
594064,747.1957088509763,500,False,0.22140410848097336,False,0.019387563373898815,4.072240352630615
594528,714.7364029824433,500,False,0.1089653951122264,True,0.019228901618399012,4.819852828979492
595200,676.2036981309894,500,False,0.20424022941545758,True,0.019199002757981042,3.104403495788574
595344,865.069941985913,500,False,0.06896547946282201,True,0.018877441633069446,5.870370864868164
595344,768.8355274903108,500,False,0.0908318007062774,True,0.018877441633069446,5.870370864868164
595664,797.3775046303725,500,False,0.20832042195884595,True,0.018886528505594528,5.475317001342773
595712,785.4740456238056,500,False,0.1430722748089826,True,0.018956669886965885,6.349118232727051
595904,569.7334128845929,500,False,0.3051249557602064,True,0.018947227468216563,5.2259321212768555
597424,755.7324894080539,500,False,0.21780706886350537,False,0.018852645733160207,3.360102891921997
599152,797.2037501456107,500,False,0.057149211626627,False,0.019429502214949393,4.701775074005127
599232,702.7187395931116,500,False,0.3015046634858772,True,0.019646127002701446,5.0749430656433105
599696,864.1745907765018,500,False,0.04708334096934188,False,0.019679824572134387,3.729832649230957
600288,772.2628953803014,500,False,0.11397368793390261,True,0.019734598725483887,4.016839027404785
600896,771.8743628416601,500,False,0.238003308791178,False,0.01966646864382185,3.2200980186462402
601200,867.9802836707562,500,False,0.0706269680615731,True,0.019596627444880076,3.365076780319214
601840,786.4967421679509,500,False,0.10324468954664696,True,0.019710275091429495,5.8489603996276855
602064,762.8427036752369,500,False,0.05899835668644387,True,0.019958914321725665,3.1485331058502197
602528,529.3484355062495,500,False,0.44939093149044806,True,0.020037385513163867,5.783742904663086
603200,801.683999551273,500,False,0.098179214537231,False,0.0202853523658017,4.020238876342773
603344,731.9379290233654,500,False,0.3347435055608797,True,0.02080541278407468,4.605749130249023
603344,796.3241603319714,500,False,0.07230381540764919,True,0.02080541278407468,4.605749130249023
603664,782.9132330959058,500,False,0.107841530577944,True,0.020853640497932327,6.218714237213135
603712,697.7085979074504,500,False,0.1297199402386566,True,0.02083120098421684,4.069439888000488
603904,640.5344430224975,500,False,0.27806797298238867,True,0.0207845659940695,3.3689141273498535
605424,829.9671634967734,500,False,0.0444924441266527,False,0.020690779316148048,5.036370277404785
607152,700.9343589650274,500,False,0.44061802857234555,True,0.02000824489261568,3.3725295066833496
607232,725.3932377262756,500,False,0.23702994529164859,True,0.02046024688379954,5.394449234008789
607696,616.9899421438306,500,False,0.274776707710718,True,0.020382395015946363,4.970922470092773
608288,634.8724981341833,500,False,0.36147591385784494,True,0.020296278730854447,6.230892181396484
608896,822.4229178699268,500,False,0.05106233711215853,False,0.02036124393291513,7.68193244934082
609200,629.2275813698628,500,False,0.14793494387500603,True,0.020379093690054136,3.273440361022949
609840,666.8775031746757,500,False,0.24848364894432068,True,0.02030402754639432,8.798187255859375
610064,651.9501465282115,500,False,0.3150569962505937,True,0.020532920057454645,4.549820899963379
610528,623.0949128526622,500,False,1.237317684751063,True,0.020458085884440914,2.728541135787964
611200,686.1271061364558,500,False,0.18433977860879522,True,0.020496922525269735,3.495892286300659
611344,724.1880813857827,500,False,0.15903673805458882,True,0.02010318959921414,4.949568748474121
611344,780.1761050048447,500,False,0.06303085032911859,True,0.02010318959921414,4.949568748474121
611664,769.8639025082508,500,False,0.10369487498893525,True,0.01989923914632128,5.790985107421875
611712,783.423963829743,500,False,0.0917933184390815,True,0.019513691094838324,5.858910083770752
611904,680.654830098058,500,False,0.2864795897806892,True,0.019469829221871186,5.1707916259765625
613424,887.8983287936952,500,False,0.07900677595800684,True,0.019344856371319757,58.43195343017578
614208,234.40720177744896,259,True,2.7293783690904054,True,0.019788424544707608,7.0923614501953125
615152,770.7601701167403,500,False,0.07029659780546016,False,0.019369561253303975,4.264636993408203
615232,806.9633785517059,500,False,0.0433493122634304,True,0.019247560325319508,3.8117194175720215
615696,831.2632141297021,500,False,0.06875373871965293,True,0.019311833817580424,6.238205432891846
616288,748.0320941521203,500,False,0.07509819583757243,False,0.01967372627924794,4.291753768920898
616896,598.727964090698,500,False,0.5513936049238232,True,0.02003457340467711,5.283033847808838
617200,756.7391813307026,500,False,0.06307034079093475,True,0.019931349789300105,4.185019493103027
617840,722.2743558583271,500,False,0.2272563847714248,True,0.01982450156377225,3.392392635345459
618528,738.1251176047209,500,False,0.0743695270704434,True,0.020273870445939396,4.276568412780762
619200,790.3946373321279,500,False,0.06997583587854905,True,0.019840287830122958,5.2618327140808105
619344,788.7266331046902,500,False,0.042508452826836164,False,0.01975188031432507,4.802830219268799
619344,856.9066238306805,500,False,0.06858086086790666,True,0.01975188031432507,4.802830219268799
619664,830.8493079231473,500,False,0.09131113397411968,True,0.019701304238115138,5.492796421051025
619712,829.9996615621428,500,False,0.03345937604193659,True,0.019676734439762988,4.043859481811523
619904,891.89279509383,500,False,0.04343234587635772,True,0.019701531151062775,3.7281007766723633
621424,731.8122986956298,500,False,0.23941915696748983,True,0.019801217330674917,3.759355306625366
622208,793.4501719559953,500,False,0.1710089838398815,True,0.019634559766936416,2.303920030593872
623152,771.709435971211,500,False,0.1987917738947831,True,0.020174939452070016,4.906942367553711
623232,773.5256075851589,500,False,0.04972849222583631,False,0.019773611587452673,3.0630548000335693
623696,841.3688671607418,500,False,0.05780533919151305,False,0.019727644117409626,5.0179033279418945
624288,810.304137161639,500,False,0.04757963726055325,False,0.019835636457125733,7.479413986206055
624896,832.9790545366335,500,False,0.05751350351911191,False,0.01973787544241779,6.929846286773682
625200,526.702051154007,500,False,0.306165547368713,True,0.019724607231024587,4.289089202880859
625840,747.6748619507525,500,False,0.07309048007849571,False,0.01981946179308325,3.841536521911621
626528,847.1251439505205,500,False,0.07429776183861511,True,0.0200446249214829,4.252504825592041
627200,891.4499204701476,500,False,0.07349836542879705,False,0.020141298215800286,4.796542167663574
627344,767.0974143164073,500,False,0.15338526274716846,True,0.020144479404043427,4.529650688171387
627344,698.473782201999,500,False,0.3013359687323875,True,0.020144479404043427,4.529650688171387
627664,853.176945259431,500,False,0.054956828804083424,False,0.02005478579662445,5.631728172302246
627712,783.6319269469084,500,False,0.07422597077507427,True,0.019805258400241457,5.335474014282227
627904,887.8156316536417,500,False,0.14610489835323143,True,0.01976910307736427,3.604186534881592
629424,705.821934918393,500,False,0.10246291016545844,True,0.019750509443721306,2.9061946868896484
630208,816.6679390581036,500,False,0.05697798842582376,True,0.02021371977817161,8.11644172668457
631152,683.3286772703685,500,False,0.18870907920331972,True,0.02013363046062597,3.1613874435424805
631232,761.3899459927661,500,False,0.1532570696971553,True,0.020092669627059086,4.931681156158447
631696,714.1587739311433,500,False,0.5804165427629,True,0.02005656165646716,3.948394775390625
632288,806.7070235761068,500,False,0.062103470976794216,True,0.019910079911373103,53.10529327392578
632896,822.1139748541801,500,False,0.11198416800038676,True,0.019897673480631425,5.354455471038818
633200,686.4863728917687,500,False,0.08814738121000405,True,0.019810549200182635,5.537920951843262
633840,783.4368011351862,500,False,0.04727077674881721,True,0.019850577293451032,4.887491226196289
634528,753.2570955354337,500,False,0.04810418880578454,True,0.019565858122430117,4.491707801818848
635200,874.1868130282653,500,False,0.097565110815727,True,0.019512963526417498,5.478750228881836
635344,862.5959008071311,500,False,0.07122567529779186,True,0.019381789636738755,3.907397747039795
635344,882.3631761291474,500,False,0.029327743263061066,True,0.019381789636738755,3.907397747039795
635664,775.4861506117046,500,False,0.05382234200141033,True,0.01941754246830331,3.505157947540283
635712,752.3673549010197,500,False,0.2462816509178442,True,0.019379436329883107,25.1016902923584
635904,799.0744403154561,500,False,0.08317008022955158,True,0.019395800756815806,4.126465797424316
637424,883.2303551608687,500,False,0.0576538324766124,False,0.019320264934736,3.4260566234588623
638208,719.7434259846126,500,False,0.17017974334176408,True,0.019066317722118257,4.654640197753906
639152,763.5304226791073,500,False,0.08703433321525601,True,0.01892108819805447,10.148650169372559
639232,791.5671227075492,500,False,0.04015743986605879,True,0.019290530195131564,5.252801895141602
639696,782.0242260160973,500,False,0.07868650283732438,False,0.019348296981686677,6.56683349609375
640288,827.0586337118332,500,False,0.011615770973863628,True,0.01942375619069854,5.475625038146973
640896,792.7016244328738,500,False,0.08118859319339095,True,0.01959690478710129,5.382877349853516
641200,879.0095074426946,500,False,0.053898501645581805,False,0.019344217859661703,5.718801498413086
641840,599.4871900259815,500,False,0.19044089360858726,True,0.019387700826057865,3.9789950847625732
642528,823.3358947505068,500,False,0.021651096274584242,True,0.01936504340996161,5.7181477546691895
643200,651.0801003352603,500,False,0.19273754651158206,True,0.01935475456981663,3.835265636444092
643344,845.6632825519173,500,False,0.05120518392432106,True,0.01917986841907769,6.165532112121582
643344,668.3574224047792,500,False,0.45221521427685285,True,0.01917986841907769,6.165532112121582
643664,809.5299533009918,500,False,0.040387232695090126,True,0.01914986358430205,5.139369964599609
643712,833.5703957836375,500,False,0.046840008790228496,True,0.019175895420076885,2.932116985321045
643904,828.3517277073653,500,False,0.07836170826746182,True,0.01919731707930226,4.7197675704956055
645424,799.0190502196873,500,False,0.057493439455648665,False,0.019290706275595537,91.8884506225586
646208,850.6173249619408,500,False,0.06484968270084326,False,0.020010684227869942,3.765165328979492
647152,724.6279014121694,500,False,0.37197710348667284,True,0.020062129563174918,6.075191497802734
647232,675.8482321885843,500,False,0.38386769297329315,True,0.020317050794515894,2.9303150177001953
647696,861.3046680195185,500,False,0.06830239015386992,False,0.020286678659059466,5.560028553009033
648288,822.2363625340253,500,False,0.07449923197354182,False,0.020190803464888208,4.728321075439453
648896,716.2926855736983,500,False,0.5060522470649919,True,0.02043661918472456,5.354849815368652
649200,784.1245429299648,500,False,0.06440031865797789,False,0.02058836551691525,5.590005874633789
649840,740.7508827454411,500,False,0.36564572609775836,True,0.020501097330869186,11.204324722290039
650528,864.60532549193,500,False,0.054782621558238605,True,0.020666313723244813,4.084161758422852
651200,758.7481769024308,500,False,0.5521528910038737,True,0.02072189973595052,11.510315895080566
651344,800.3201947563191,500,False,0.03428564986228392,True,0.020520275233861685,4.149194240570068
651344,686.8034785902729,500,False,0.23094400745808105,True,0.020520275233861685,4.149194240570068
651664,793.0587520891918,500,False,0.0439547522666681,True,0.020440042063297366,5.311622619628906
651712,745.7118581167015,500,False,0.20947173121276144,True,0.020363096479752662,35.29319381713867
651904,701.7169141352346,500,False,0.3085575428260252,True,0.020338534834062363,18.973751068115234
653424,591.5485184776306,500,False,0.10524698694414837,True,0.020137829324334843,3.7681760787963867
654208,878.5439719885833,500,False,0.043662195658273936,False,0.020684822565302213,6.383401870727539
655152,817.1623752191697,500,False,0.11428952327278089,True,0.02093513903878816,3.7075672149658203
655232,714.7975839571097,500,False,0.2184751083721168,True,0.02128365674884676,5.941717147827148
655696,819.7922667332107,500,False,0.08190981551338679,True,0.021291208814994158,61.487342834472656
656288,805.0347169637222,500,False,0.05332824405070733,True,0.02086009616754134,7.24473762512207
656896,857.5521320705209,500,False,0.05413267418263577,False,0.020844644154660332,3.872009754180908
657200,868.9144568911917,500,False,0.10285229293518475,True,0.020607633107803894,4.186337947845459
657840,817.0055433168154,500,False,0.04459927209036322,False,0.02029273403489515,5.8670454025268555
658528,582.7223104986791,500,False,0.3671866551587015,True,0.020453549149109712,4.405285835266113
659200,731.5485660032853,500,False,0.20931683099406156,True,0.020504190832582394,4.981405258178711
659344,661.3371129096564,500,False,0.5227457211961248,True,0.02043363519332557,111.22552490234375
659344,845.3548565050426,500,False,0.08596664396004321,False,0.02043363519332557,111.22552490234375
659664,790.9695168833533,500,False,0.043154707018141454,False,0.020420852126685932,3.5741686820983887
659712,608.7827858083166,500,False,0.27063735576365494,True,0.020305161430964627,4.446497917175293
659904,851.308976447921,500,False,0.06896699220683582,True,0.020291420939662366,4.460773468017578
661424,675.0423437709957,500,False,0.11630126557571993,True,0.020288022172269812,3.6852359771728516
662208,607.6118516211972,500,False,1.2281307269897304,True,0.020106392223745422,3.92440128326416
663152,574.079013885274,500,False,0.43247800347594717,True,0.02063175596339308,4.274356365203857
663232,804.6014197498471,500,False,0.07309140736123303,False,0.020546690477429626,2.8319895267486572
663696,765.3299276945063,500,False,0.23186350359392763,True,0.020634898897775058,3.9668095111846924
664288,632.5293187214606,500,False,0.3766307285339336,True,0.02049845315080252,86.93365478515625
664896,672.5245750948563,500,False,0.34714693146122844,True,0.020242411677417426,4.0020751953125
665200,623.4961652843908,500,False,0.1328308497953071,True,0.01982161362046062,6.380046844482422
665840,656.5780962421035,500,False,0.2587260024982844,True,0.0199419910211044,4.540926933288574
666528,607.4283680816573,500,False,0.12289983820871374,True,0.019979429351842257,45.70158386230469
667200,757.7755569454928,500,False,0.09264225748385127,True,0.02003647256828706,11.74657917022705
667344,772.5732712419597,500,False,0.1618782576158515,True,0.019810733540531214,3.7443361282348633
667344,875.8555255038242,500,False,0.0826654185431574,True,0.019810733540531214,3.7443361282348633
667664,783.296412547955,500,False,0.1649693931705448,True,0.0197340185219745,3.9554009437561035
667712,865.3591779600677,500,False,0.087621165435286,True,0.019666805559230685,4.605936050415039
667904,790.1678446818023,500,False,0.05113915902200012,True,0.019670664179048607,3.4416050910949707
669424,876.939233330115,500,False,0.06487091373411212,True,0.019657472360837248,4.253435134887695
670208,762.1228838522408,500,False,0.19401456633301353,True,0.020169919375525865,3.594114303588867
671152,868.9936605165607,500,False,0.08107445532508874,True,0.020528611869208943,68.03936767578125
671232,714.8173010708313,500,False,0.11961387258637679,False,0.020632950813482133,5.316102027893066
671696,807.9954543737759,500,False,0.0500990752493056,True,0.020551633142277596,3.9924468994140625
672288,786.8250729061803,500,False,0.10469670406447261,False,0.020359362956598036,8.295919418334961
672896,685.8097328008587,500,False,0.21523742363968032,True,0.020560608231789554,3.6204934120178223
673200,750.3521512251763,500,False,0.10437735492844177,False,0.02057537704914551,6.102478981018066
673840,710.7510332152613,500,False,0.11954148924845535,True,0.02056605488071479,4.57524299621582
674528,823.0630421193895,500,False,0.10663312592746789,True,0.020842110200603045,4.747119903564453
675200,769.5116183156313,500,False,0.14525346815495457,True,0.02100230609779528,3.9542930126190186
675344,814.7853592406971,500,False,0.0783162090197387,True,0.02078909186934972,7.274868965148926
675344,839.9474800421408,500,False,0.04906005666815794,False,0.02078909186934972,7.274868965148926
675664,778.1138460661368,500,False,0.167733830303083,True,0.020705860632516282,4.468141555786133
675712,808.2172533547604,500,False,0.020065739020212546,True,0.020581850374938114,3.867741107940674
675904,744.1281408184423,500,False,0.13059774957599848,True,0.020544028069649403,4.411037921905518
677424,750.6688708853371,500,False,0.09029735695739433,False,0.020418616885397835,9.01295280456543
678208,817.7885488317803,500,False,0.05658855263114033,True,0.019797871464875758,3.987776279449463
679152,743.2852268312402,500,False,0.1355902765903769,True,0.020168567579269648,5.552553653717041
679232,758.9827939026416,500,False,0.09138903259932735,True,0.02053159672768482,5.731622695922852
679696,775.747089514516,500,False,0.13392944435069226,True,0.02053703192228896,4.0774383544921875
680288,767.9036838094695,500,False,0.08845912619429162,True,0.020577010465692765,4.3805155754089355
680896,850.6071874731444,500,False,0.030264909132695455,True,0.020466163285271077,3.3480517864227295
681200,713.7221887329816,500,False,0.1954275322978014,True,0.02021372821916526,3.857891082763672
681840,536.7788594048436,500,False,0.4499847749389476,True,0.020040198413362617,3.498539686203003
682528,784.5103335760924,500,False,0.020147680284752847,True,0.019945983795161222,3.4555153846740723
683200,761.5479829764867,500,False,0.13460131134548864,True,0.019727872981663636,4.506587028503418
683344,801.4353509014278,500,False,0.03822260067728289,False,0.019646969154900676,6.483976364135742
683344,605.8153411535383,500,False,0.31703448176424065,True,0.019646969154900676,6.483976364135742
683664,730.8132484324126,500,False,0.08974033197510885,True,0.019613406040209603,6.365137100219727
683712,706.7668453815554,500,False,0.15738315708158418,True,0.019731396980801192,4.131557464599609
683904,664.2969471031719,500,False,0.4239259103855126,True,0.01972531815678377,4.028111934661865
685424,793.1721959293259,500,False,0.37508283055733954,True,0.019766666389181606,4.567409992218018
686208,774.2023244147804,500,False,0.15062216046302915,True,0.020135821357122472,3.1533854007720947
687152,700.7709486177597,500,False,0.32520547289345253,True,0.019874543085705194,3.70304274559021
687232,717.4100707303401,500,False,0.8440235711994954,True,0.019724187904559876,5.578033447265625
687696,800.7111591774217,500,False,0.09179340298513985,True,0.019773532606173462,3.758169174194336
688288,814.2005946610375,500,False,0.12446446523193437,True,0.02013051825068422,3.9966325759887695
688896,842.5197522016151,500,False,0.37827918496519813,True,0.02037802582149232,4.5784735679626465
689200,846.7257897599343,500,False,0.07463421874888274,True,0.02022786641602722,4.296339988708496
689840,782.5828094125634,500,False,0.06953907308446619,True,0.020269063294134256,83.62516784667969
690528,750.3737884850301,500,False,0.16377480679141007,True,0.020471077680732162,4.8936614990234375
691200,775.318133312545,500,False,0.10166627071844801,True,0.02057226204325866,5.101397514343262
691344,783.0952821686299,500,False,0.0634722539656145,False,0.02048224448508037,3.8400607109069824
691344,758.2536146199067,500,False,0.14809285080731602,True,0.02048224448508037,3.8400607109069824
691664,788.6311090964443,500,False,0.033603964196741,True,0.020370662079612564,5.333066463470459
691712,654.7325679303643,500,False,0.09398741313770448,True,0.02010179786654806,4.3606367111206055
691904,813.3023641837166,500,False,0.05149081755748476,False,0.020049479191641822,3.9634389877319336
693408,589.0798298297694,499,True,2.121847951657704,True,0.019895182700776375,7.069638252258301
694208,810.5122137995521,500,False,0.07440089681605999,True,0.019795289762687143,2.9386558532714844
695152,799.8818937904449,500,False,0.06191196476765509,True,0.019964008754088255,2.533224582672119
695232,745.0391097367516,500,False,0.04379876614120016,False,0.019593151252239597,5.9003214836120605
695696,787.5560522821497,500,False,0.15896661738512793,True,0.0194927386792593,4.009416580200195
696288,772.3079093202514,500,False,0.2078256932649485,True,0.019207167738613407,6.179222583770752
696896,729.4049183548582,500,False,0.24089992371923657,True,0.019276973019550066,4.372384071350098
697200,893.2177006662421,500,False,0.06648523372325779,True,0.01963595772489551,8.505006790161133
697232,444.7180398984276,419,True,1.8936977969937319,True,0.019838557192966053,8.249380111694336
697840,707.4891860508955,500,False,0.18491432081841366,True,0.01983922820554534,3.9448201656341553
699200,669.8740320641963,500,False,0.9426503046412864,True,0.019548592542501905,5.261053085327148
699344,737.3080014976566,500,False,0.15726520492369528,True,0.019193081857809515,3.75614595413208
699344,847.9182673734197,500,False,0.061558300575592716,False,0.019193081857809515,3.75614595413208
699664,751.7106253581929,500,False,0.13971073956263785,False,0.019276875021296585,78.90240478515625
699712,807.5476704977139,500,False,0.10435027723032521,True,0.019338272457952835,4.170907020568848
699904,776.1253430779348,500,False,0.10576770497374738,True,0.019326900570895568,2.8778061866760254
701408,876.2292877258169,500,False,0.030395141037164442,False,0.019344203082956292,5.595351696014404
702208,807.0861123683837,500,False,0.07242628797155923,False,0.019713380683738825,3.578874111175537
703152,754.7898134878957,500,False,0.12143912919933972,True,0.019958459341995534,3.6470627784729004
703232,856.941617402097,500,False,0.048154109542557486,False,0.020009658403796687,3.491649866104126
703696,774.3023975399112,500,False,0.02880388977051189,True,0.01997676238506683,3.4440159797668457
704288,632.5699468454557,500,False,1.377897542642997,True,0.020243938276042504,4.269726753234863
704896,435.3208203788951,500,False,2.403075767133163,True,0.020207336601129854,4.517088890075684
705200,749.4325787493979,500,False,0.08601538924840761,False,0.020473198069728308,3.67195463180542
705232,709.0649409806668,500,False,0.2864126661375121,True,0.020659692520768998,3.8051834106445312
705840,763.340006009675,500,False,0.0728744839827709,True,0.020648215133404136,13.119589805603027
707200,767.0697705668963,500,False,0.06450670128501583,True,0.020166625785039582,4.193730354309082
707344,774.4404262522004,500,False,0.38526262407665407,True,0.019960315701705103,4.859427452087402
707344,680.3584244138377,500,False,0.21919841845882582,True,0.019960315701705103,4.859427452087402
707664,619.891556351943,500,False,0.18033626545828138,True,0.02002018266136083,3.420215129852295
707712,786.3711016042864,500,False,0.06307023401639264,True,0.020414504653895545,6.781291961669922
707904,847.6117415914999,500,False,0.07272802273575904,True,0.020461953708629146,12.021804809570312
709408,663.2767351101328,500,False,0.370309874594445,True,0.020445977967397503,28.96967315673828
710208,657.0280769379123,500,False,0.25033228542695374,True,0.019865492216221588,3.9174294471740723
711152,766.0162813976877,500,False,0.07728197774118757,True,0.019741201342902703,4.3128814697265625
711232,888.7487072088162,500,False,0.040868570022848445,True,0.019579876885235645,3.7191572189331055
711696,714.4131609729835,500,False,0.0309427269692958,True,0.019600872906116316,6.293007850646973
712288,764.0880069093082,500,False,0.09297647583788857,True,0.019562231141213412,3.159538745880127
712896,690.2098522525614,500,False,0.42564682440122437,True,0.019687758358930975,3.6216952800750732
713200,668.281637019609,500,False,0.2612327217595307,True,0.01993493387142862,3.2588610649108887
713232,818.6288852929138,500,False,0.18666694684846452,True,0.020042728138684993,11.788280487060547
713840,763.6042807730473,500,False,0.1401507064516174,True,0.020037293640860022,5.189892768859863
715200,781.3887551982834,500,False,0.03543942979222824,False,0.01979639550458483,3.859142780303955
715344,769.9792868835602,500,False,0.03859131703097467,True,0.01998657362802839,6.000185489654541
715344,808.4434821101398,500,False,0.15631216149760946,False,0.01998657362802839,6.000185489654541
715664,732.808316379002,500,False,0.08411445595841086,True,0.019933548724405274,4.9730987548828125
715712,778.5751693435324,500,False,0.07394723682633547,True,0.019794166171224876,3.158536434173584
715904,835.159045603013,500,False,0.04160256739868357,True,0.019781969715429542,3.6885287761688232
717408,800.8042990167536,500,False,0.15020792561053817,True,0.01975201314041324,4.729376792907715
718208,798.6459518475378,500,False,0.1390756088771602,True,0.019640016365707565,3.4432730674743652
719152,889.235118234073,500,False,0.059181112255345815,False,0.01982189296214968,4.362595081329346
719232,770.0292091151955,500,False,0.08066128255850061,False,0.02010113458402035,4.130876064300537
719696,738.7026536910029,500,False,0.1427351365858242,True,0.020047794367224283,5.076406955718994
720288,794.065815189894,500,False,0.07401063971293245,False,0.019954953307193796,4.117733955383301
720896,864.3390856240344,500,False,0.05034583865186312,True,0.020153709502391835,4.848367691040039
721200,734.2997213830309,500,False,0.23050844527300812,True,0.020377398586164625,6.025625705718994
721232,721.4696054416085,500,False,0.17842846450595393,True,0.020109074735069798,2.8175830841064453
721840,785.3324121493364,500,False,0.052692211723256895,True,0.020094998972975706,5.514232158660889
723200,722.2791252293499,500,False,0.21012815428605683,True,0.020171273421850933,2.332756519317627
723344,825.8449948345067,500,False,0.02123175927122205,True,0.0201054563075046,4.122114658355713
723344,741.9277802589689,500,False,0.13132630935465378,True,0.0201054563075046,4.122114658355713
723664,814.4912399486439,500,False,0.0798789890126327,True,0.02007421791117866,7.350975036621094
723712,809.3192674917638,500,False,0.08796190343525287,True,0.020043139517927345,2.6595940589904785
723904,663.2245035515607,500,False,0.31412713495539074,True,0.02002478870675174,3.912313938140869
725408,625.3469875209754,500,False,0.14325687710971735,True,0.019995744216495435,50.20623779296875
726208,706.583320326193,500,False,0.09278716278033124,True,0.019474397746212582,4.396078109741211
727152,658.706602639495,500,False,0.19228093506156252,True,0.0197376171616302,5.212040901184082
727232,796.7878135907036,500,False,0.12185486618912558,True,0.0197550799462298,2.795344352722168
727696,722.2909897325935,500,False,0.11397801071671453,False,0.019707298098520988,3.1484436988830566
728288,705.0473154099434,500,False,0.1548644782106126,True,0.019745451205602265,3.8927295207977295
728896,648.8033057208623,500,False,0.1659629667288658,True,0.019684966082927177,4.004436492919922
729200,692.566460375998,500,False,0.21522122808057786,True,0.019660805038481444,6.476771354675293
729232,721.4362835992864,500,False,0.2588646223888608,True,0.019557587395602424,4.369228839874268
729840,809.2058986509854,500,False,0.09585674022237253,True,0.019552008911242074,3.5928664207458496
731200,809.1145108248938,500,False,0.08901864266976939,False,0.019462541964834962,3.342000961303711
731344,838.1466799075347,500,False,0.09187848545099966,True,0.019836288323362903,3.282266616821289
731344,860.8524658761285,500,False,0.10082421417765226,False,0.019836288323362903,3.282266616821289
731664,853.9998831233811,500,False,0.09948426965635253,True,0.01984651956023812,3.1133837699890137
731712,776.113674243761,500,False,0.06487384833695967,True,0.019826344503765376,55.230796813964844
731904,714.9269959412959,500,False,0.08901187361691332,True,0.019840889168268937,3.089632749557495
733408,785.4053361054125,500,False,0.0757626258467466,True,0.01996701661456088,3.3023200035095215
734208,620.7177965116417,500,False,0.3583039635026779,True,0.01996814152962967,5.3143205642700195
735152,778.0793216552879,500,False,0.0882209224632114,False,0.019966986765194927,3.5636978149414062
735232,766.8501997596171,500,False,0.11389159612127535,True,0.020293263725084366,4.357356548309326
735696,702.1667395003988,500,False,0.38407763782579846,True,0.020266201553591198,4.2598419189453125
736288,771.8738513644273,500,False,0.1011980507281508,True,0.02012169355070933,9.52885627746582
736896,733.305670605957,500,False,0.16999635004694305,True,0.019811548187076273,2.948859214782715
737200,724.7874055141784,500,False,0.19878521077172476,True,0.020363798343287838,3.635810375213623
737232,750.8662096650751,500,False,0.18067799330964904,True,0.020654933977799075,4.070977210998535
737840,670.5301623311325,500,False,0.15081674092716846,True,0.02069307288030916,7.685019493103027
739200,734.2936459440625,500,False,0.056220929095504996,False,0.021125717545798513,3.0339913368225098
739344,715.4527541636896,500,False,0.26011179139581125,True,0.019984190593919426,5.6959638595581055
739344,825.4379602522565,500,False,0.17986169362201654,True,0.019984190593919426,5.6959638595581055
739664,781.2049810852224,500,False,0.1380438076269835,True,0.019924823757273304,2.668916702270508
739712,787.5310489375071,500,False,0.08227372033078667,False,0.019897954313544634,61.98572540283203
739904,727.2411731892656,500,False,0.16371470173212635,True,0.01984480168813871,8.814294815063477
741408,729.0874826336177,500,False,0.1162429343522001,True,0.019716914656300495,3.032024383544922
742208,785.5871903495577,500,False,0.09719884235162733,True,0.019480178009062054,3.088390350341797
743152,788.8313491475586,500,False,0.15311972296428672,True,0.01964042211628505,3.418243169784546
743232,793.2611216122798,500,False,0.05965076293877208,True,0.019736264007939472,2.8861122131347656
743696,747.4197873307677,500,False,0.03474576134741336,True,0.019675887827010734,3.1524341106414795
744288,758.8743484675243,500,False,0.07475701236676086,True,0.019646302398925737,7.631387233734131
744896,666.7487413210714,500,False,0.14303293215477772,True,0.01961233244413051,3.219446897506714
745200,779.1202122660391,500,False,0.12076985410920334,True,0.019373050963402475,5.564175128936768
745232,777.5460114387438,500,False,0.13027141774087508,True,0.01933273277882627,3.116950750350952
745840,814.9524603941614,500,False,0.08304007514134668,True,0.019339063009685433,3.520282506942749
747200,845.5883698978645,500,False,0.04608297615898517,True,0.019098333197662954,3.516378879547119
747344,738.7645581046293,500,False,0.10957986535943615,True,0.019702543848718213,2.7040700912475586
747344,725.1430604693076,500,False,0.20804712320774046,True,0.019702543848718213,2.7040700912475586
747664,752.1899336799987,500,False,0.21979324743004483,True,0.019795743804981596,91.80146789550781
747712,672.4392289650156,500,False,0.17674221167304033,True,0.02001822495182362,3.5113587379455566
747904,792.9266004169692,500,False,0.060009666055402915,True,0.020024106868770323,7.539580821990967
749408,793.889044276763,500,False,0.011187269693211443,True,0.020096895281320033,4.597994327545166
750208,752.6476814830128,500,False,0.11502656458166616,True,0.019570409033262855,8.002765655517578
751152,751.4166950774162,500,False,0.13511822588907335,True,0.019578235477858665,2.5827689170837402
751232,806.1586106154791,500,False,0.17998208187668843,True,0.019747481159043855,8.664064407348633
751696,788.9938239287796,500,False,0.07542678543680208,False,0.019746908587952545,2.7054617404937744
752288,787.7280704469562,500,False,0.04610981541251952,False,0.01961967462160239,5.604931354522705
752896,719.578260761539,500,False,0.16583376946083464,True,0.01968193189599045,3.223874568939209
753200,747.0789594707128,500,False,0.11997733154247375,True,0.019445938629475606,3.8511228561401367
753232,872.2528274575043,500,False,0.08059400179469448,True,0.019308435254657672,4.630889892578125
753840,728.9376563857697,500,False,0.08736192764295864,True,0.019293112622172023,3.2017507553100586
755200,684.1161993727058,500,False,0.1615297337636226,True,0.018987883917743937,36.6473388671875
755344,761.5327969039361,500,False,0.07174009842512181,True,0.019198677247242776,3.362807512283325
755344,793.7271226963306,500,False,0.05070189017880425,False,0.019198677247242776,3.362807512283325
755664,783.6421525716801,500,False,0.06926372211936205,False,0.01932449297176748,2.7295007705688477
755712,760.3101795993213,500,False,0.15210299843682537,True,0.01923466393541311,3.0860214233398438
755904,682.0467534502501,500,False,0.37356704387864975,True,0.01928482372051563,3.49759578704834
757408,785.1658011375962,500,False,0.052682799868063526,False,0.019438522869297568,4.3055009841918945
758208,659.2265418405609,500,False,0.07180297408870903,True,0.019226440628248537,4.588626861572266
759152,763.2871419005369,500,False,0.2119935102008734,True,0.019253528772153274,3.119765520095825
759232,674.3535014828053,500,False,0.2918626838566865,True,0.019643318240189465,3.2782983779907227
759696,773.8734434199389,500,False,0.04120433349237081,False,0.019707381056105974,44.154197692871094
760288,812.5936377784543,500,False,0.1455640267883929,True,0.019714311541074264,4.562228202819824
760896,808.4581970842397,500,False,0.09528582700584834,False,0.019221937744506062,4.589925765991211
761200,820.5790793513337,500,False,0.12559312790715607,True,0.0186322704739101,3.3401546478271484
761232,724.8138142615121,500,False,0.052500447899797825,False,0.018466856480234082,6.293101787567139
761840,704.3720730231677,500,False,0.20763416309063767,True,0.018461584489243267,5.624517440795898
763200,843.6903538157223,500,False,0.04430599957670055,True,0.018540241271092692,5.040994167327881
763344,797.8077980193708,500,False,0.06900528869853914,False,0.01880337452956992,3.6572439670562744
763344,776.7390241992684,500,False,0.12231079992803279,False,0.01880337452956992,3.6572439670562744
763664,728.466872574384,500,False,0.11696145151603189,True,0.01876186035149851,2.8348774909973145
763712,772.7627194414229,500,False,0.10661417961484376,True,0.018767196515700794,4.463665008544922
763904,616.3304341764973,500,False,0.17722106197516474,True,0.0188102183537885,3.11810564994812
765408,800.3832574263234,500,False,0.15896270411411878,False,0.019118681072566084,2.852208375930786
766208,767.4389274269539,500,False,0.092776604338373,False,0.019840845161702633,3.402071475982666
767152,705.5682615307081,500,False,0.2190732802501477,True,0.019621926429898198,3.2986202239990234
767232,878.5610019480301,500,False,0.06025700941908928,True,0.018984441100047995,2.92531156539917
767696,684.1575466057412,500,False,0.14150126206979166,True,0.018960063137927377,21.67780303955078
768288,719.9138349720394,500,False,0.133021138991641,False,0.01898697205306743,4.103226184844971
768896,672.4884496795986,500,False,0.24062761168990698,True,0.019070067693622135,5.613097190856934
769200,772.7683068677646,500,False,0.07106564420227147,False,0.01929370653922337,3.9504568576812744
769232,709.3474984679461,500,False,0.14802927823963416,True,0.01932547292562692,2.8355956077575684
769840,754.8121623829899,500,False,0.044286673996149196,True,0.0193332871354631,4.36005973815918
771200,706.3784869031424,500,False,0.15642332649185073,True,0.019654367626535,3.0763938426971436
771344,769.6544354774735,500,False,0.13712086587570207,False,0.01899375981187227,3.1358718872070312
771344,698.3811890463394,500,False,0.37350302183625866,True,0.01899375981187227,3.1358718872070312
771664,747.6135640327813,500,False,0.11954343919181075,True,0.018978727601182254,2.2269182205200195
771712,777.7538134086503,500,False,0.09410691881081384,True,0.019024082143836468,2.877126693725586
771904,593.9594946891281,500,False,0.3539953894293632,True,0.019056686486342633,3.149881601333618
773408,841.1377909025706,500,False,0.06583345097112622,False,0.019180778318887544,9.714624404907227
774208,803.524155300841,500,False,0.07078279651429688,True,0.019298965968772386,3.9458022117614746
775152,771.5230436249583,500,False,0.11056100747885561,False,0.01929479875483612,3.913961887359619
775232,668.3723143040604,500,False,0.19112853827326898,True,0.018955383872655582,6.270905494689941
775696,751.4496090855544,500,False,0.05279465240849886,False,0.01891640598159115,7.973600387573242
776288,817.0177163543905,500,False,0.02558984506530834,True,0.018928521949486153,3.812161922454834
776896,801.8213692887216,500,False,0.0958005403691948,True,0.019029112044835275,5.772945404052734
777200,798.8951156671957,500,False,0.07043511950033857,True,0.019295723723235826,3.4200711250305176
777232,748.0863166276732,500,False,0.10652969756387286,True,0.019404599304315442,3.6545801162719727
777840,794.0034878319866,500,False,0.07038845779577256,False,0.019418998547887752,3.033916473388672
779200,737.8648870639572,500,False,0.15550821630489836,True,0.019661880591135446,9.705924987792969
779344,708.3369472642822,500,False,0.10122478544706312,True,0.01959527962410689,6.522153377532959
779344,708.8601671567006,500,False,0.26945373036286435,True,0.01959527962410689,6.522153377532959
779664,761.4362548760063,500,False,0.030823021651619813,False,0.019764835774658034,5.403171539306641
779712,847.5938239356148,500,False,0.1092253990505601,True,0.019568357708806706,2.3871865272521973
779904,758.1644837143679,500,False,0.1249194030938322,True,0.01952176748576738,5.131190776824951
781408,670.7107813002576,500,False,0.35084081142752377,True,0.01936316752524837,2.7912635803222656
782208,743.4211331711464,500,False,0.11856828703592605,True,0.019347153031141446,3.1993227005004883
783152,720.7917009926055,500,False,0.14656949771658548,True,0.01946310930091872,3.587968111038208
783232,773.4050684470891,500,False,0.06173198240388889,True,0.019261283646245967,2.388592481613159
783696,821.8332496879275,500,False,0.0273349536679561,True,0.01922612625894822,3.3105454444885254
784288,615.6712584936867,500,False,0.1715493084681684,True,0.019235400987768148,2.926827907562256
784896,824.3225786961546,500,False,0.07310606065997667,True,0.01907299673861709,14.07143497467041
785200,844.2871687187481,500,False,0.053126972390879636,True,0.01907103464938074,21.470125198364258
785232,650.3604309507092,500,False,0.1919657682338292,True,0.018937168487492394,3.817941188812256
785840,760.0048975716164,500,False,0.09109587776894237,True,0.01894064985344814,2.8166427612304688
787200,719.7911664789466,500,False,0.10067282777547822,True,0.019049218795593657,3.602290391921997
787344,803.3954631579415,500,False,0.12248451459383222,True,0.01890186034121774,4.310235977172852
787344,643.5688397308287,500,False,0.07051515048880486,True,0.01890186034121774,4.310235977172852
787664,740.7487629656437,500,False,0.18579731712692152,True,0.019108742850111576,7.419320106506348
787712,812.9729934905067,500,False,0.08673802760333213,True,0.019357579084757468,2.404475688934326
787904,734.4537107322094,500,False,0.06937517756259287,True,0.019404840054500726,2.7032246589660645
789408,820.9237782265939,500,False,0.09319976604298581,True,0.019458183550250127,5.242922782897949
790208,789.9317718294984,500,False,0.05940046197094276,True,0.018973055691967146,3.7301228046417236
791152,727.8123383075393,500,False,0.16065535913738785,False,0.01861317487905668,7.005992412567139
791232,717.4415127828676,500,False,0.12488471493536114,True,0.018810335699542324,3.407402515411377
791696,777.8164560562484,500,False,0.1615219962264428,True,0.018757083688357545,3.794325828552246
792288,710.7503641788452,500,False,0.1880793310264765,True,0.018660433652135083,3.2663989067077637
792896,730.1566945850857,500,False,0.18484758289196812,True,0.018594118741440114,5.1975860595703125
793200,774.3285855178298,500,False,0.12056142480980846,True,0.018796654085495326,3.3861606121063232
793232,756.6799251115649,500,False,0.20365840644326091,True,0.0189210248175487,2.8505420684814453
793840,717.2389734714601,500,False,0.04287709004472682,True,0.01890755158934322,7.333734035491943
795200,646.5350431560865,500,False,0.24484688168321928,True,0.0188497147632911,3.0671215057373047
795344,760.4517576457346,500,False,0.1354698744731974,True,0.018632094153352076,2.5406363010406494
795344,746.011746232338,500,False,0.06915017219277327,True,0.018632094153352076,2.5406363010406494
795664,753.6992156518918,500,False,0.12591153079171427,False,0.018606815506230553,70.916015625
795712,789.8825292577553,500,False,0.04283888979890642,True,0.018595291301237934,8.471718788146973
795904,646.4192007779499,500,False,0.6123173420879605,True,0.018601089700937965,2.6530394554138184
797408,823.6533706119047,500,False,0.07882035255466348,False,0.018624466912544137,10.13493537902832
798208,776.0673939997481,500,False,0.08215018846634004,True,0.01850336564567375,4.972420692443848
799152,644.4425085645873,500,False,0.343340402480091,True,0.01854946928556369,90.83546447753906
799232,743.458523788467,500,False,0.07172106104022458,False,0.018415574457619502,3.9295661449432373
799696,770.8502082474632,500,False,0.06846042405783061,True,0.01845338997693334,3.1633872985839844
800288,742.9700365646165,500,False,0.08844124694928604,True,0.018473189106911963,4.159405708312988
800896,732.6340562568408,500,False,0.10701880610331845,True,0.018306545244315686,4.4019694328308105
801200,719.4039642788574,500,False,0.15070429618058115,True,0.018223585082206607,3.2556960582733154
801232,709.4058609604647,500,False,0.26880331888665515,True,0.01840886330705796,2.95560884475708
801840,800.8873676248625,500,False,0.1305123378576416,True,0.01841575200556749,3.8550865650177
803200,770.8227657247197,500,False,0.05000117814749734,False,0.018083385200498608,4.644675254821777
803344,722.2298050780778,500,False,0.284116111758237,True,0.017689854042525606,2.9890530109405518
803344,685.3589259059343,500,False,0.041573676287089904,True,0.017689854042525606,2.9890530109405518
803664,729.4483984327768,500,False,0.20611485937726215,True,0.01763876372917731,3.5336856842041016
803712,808.0460471466637,500,False,0.14451159366174546,True,0.0175789670927908,5.143248081207275
803904,755.2607477192834,500,False,0.17121688794653225,True,0.01759896697165086,5.209313869476318
805408,697.3836602764299,500,False,0.015111450904055612,True,0.01768930817142533,2.5148024559020996
806208,825.1610816341475,500,False,0.07150294056796898,True,0.017892160212515468,5.22493839263916
807152,717.2216025867366,500,False,0.1675498721352066,True,0.018151986743002016,2.2263641357421875
807232,785.4085367713889,500,False,0.10719235728240854,False,0.01835514640370078,3.4401230812072754
807696,681.6677909652984,500,False,0.3942723185200324,True,0.018334182540873278,4.318026542663574
808288,676.8427286828451,500,False,0.2654919796828419,True,0.018040830378134597,3.592170476913452
808896,741.508045331105,500,False,0.09530697478227741,False,0.01826739892495616,3.038050413131714
809200,832.5965521863858,500,False,0.0744988778340071,False,0.01814296240609955,6.69694709777832
809232,715.5375620150377,500,False,0.28905542571095955,True,0.01806659324540333,2.1374125480651855
809840,796.8001787211875,500,False,0.08397399169465608,True,0.01804683223240984,2.2844302654266357
811200,790.1197896680117,500,False,0.08861590295770087,True,0.01792816710948283,2.883629560470581
811344,773.0181454588408,500,False,0.12195412777290875,True,0.018141610913634115,5.342093467712402
811344,669.7476692058246,500,False,0.14641996116444045,True,0.018141610913634115,5.342093467712402
811664,701.4914096788024,500,False,0.11064226351966999,False,0.018191666613255355,3.437559127807617
811712,746.7072766179765,500,False,0.10634452767771684,True,0.01806279193593118,5.313144683837891
811904,827.3064147998484,500,False,0.08366633087996765,True,0.0180412264161478,3.0518264770507812
813408,840.1620294614656,500,False,0.04858256036395069,False,0.01799178151748755,2.9878644943237305
814208,784.6431385641117,500,False,0.0032896954459310118,False,0.018244583656221187,4.325122833251953
815152,754.9613384890176,500,False,0.0554952956722579,True,0.018277763535751966,4.27274227142334
815232,798.3319022738165,500,False,0.09594634179800596,True,0.017992002729277236,6.97524356842041
815696,738.3309293775948,500,False,0.424833317746301,True,0.01794663040556405,3.465452194213867
816288,830.7059945746291,500,False,0.09487206864319986,True,0.0178387471861064,6.783692836761475
816896,711.1281892698065,500,False,0.0421687286239869,True,0.017779324327104745,3.565314292907715
817200,769.8764578918962,500,False,0.0510948858377847,True,0.018204871544315823,4.957457542419434
817232,779.3546648801777,500,False,0.14243067389961253,True,0.018213686950691064,6.455196380615234
817840,709.0503008632687,500,False,0.04803580549598444,True,0.01821707221932866,3.5689258575439453
819200,788.4440707728845,500,False,0.07226997464143102,False,0.01817985720613822,3.9839553833007812
819344,676.6625949394154,500,False,0.489774974681087,True,0.0180804501528513,3.395829439163208
819344,743.6595507174939,500,False,0.10061194152450884,False,0.0180804501528513,3.395829439163208
819664,791.364232687303,500,False,0.05866543573603491,True,0.01805274958956015,3.1491503715515137
819712,769.0314353237592,500,False,0.0757529890071282,False,0.018079472769371087,3.9577841758728027
819904,735.4445563378084,500,False,0.3647719572856132,True,0.018091827682683994,4.145487308502197
821408,839.666510568492,500,False,0.14300351417255167,True,0.018076251195457915,3.7673439979553223
822208,664.8901219069215,500,False,0.2230545635518673,True,0.018661334880288448,30.51910972595215
823152,848.870211667323,500,False,0.030612035069890686,True,0.019046962788630703,2.804933547973633
823232,716.7691169358194,500,False,0.13798052951419548,True,0.018819493583640292,2.5667471885681152
823696,751.8318147182548,500,False,0.1096684633548835,True,0.018776072680959367,10.88361930847168
824288,769.6453976739818,500,False,0.04800570462631602,False,0.018215924811255817,6.190794944763184
824896,793.8166994560769,500,False,0.10406955945621264,True,0.018135206511153867,2.209095001220703
825200,845.2141693786806,500,False,0.1039172976311588,True,0.01814931927901792,2.0710830688476562
825232,725.0352002521826,500,False,0.07890970813749097,True,0.018106491699963197,2.951659679412842
825840,815.3698970837645,500,False,0.08615077266481364,False,0.018113573084915634,3.1511847972869873
827200,728.6804107266905,500,False,0.18216838283736084,False,0.018228794088915905,2.902665376663208
827344,776.5462082706194,500,False,0.0736495359728158,True,0.018179555976496016,6.851254463195801
827344,757.9996242567903,500,False,0.05954316116493765,False,0.018179555976496016,6.851254463195801
827664,754.5694208852436,500,False,0.2539589207982322,True,0.01810297740632421,4.147402763366699
827712,814.7257922726347,500,False,0.03330194721529946,True,0.017853543585458046,2.9773101806640625
827904,752.5243048319473,500,False,0.11033479313566585,True,0.01784894871606402,2.6041452884674072
829408,830.4956988918302,500,False,0.1481971585779426,True,0.01786270668960147,3.079634666442871
830208,719.3780159847296,500,False,0.1474723157956671,True,0.017951267338357165,5.478625774383545
831152,818.1736956343262,500,False,0.19450850298539296,True,0.017810432508096306,3.2760050296783447
831232,700.1192536490527,500,False,0.21804223051456886,True,0.01819503608709104,4.5207366943359375
831696,762.4265540025673,500,False,0.1281273037522159,True,0.01819702671204924,4.850013256072998
832288,752.7879934413886,500,False,0.1834349442917318,True,0.018233201066810558,3.575514554977417
832896,769.0729150193439,500,False,0.1368189848665027,True,0.018412589805485838,3.083158016204834
833200,813.7120492026125,500,False,0.08071552888241929,True,0.018295679423832506,2.959585666656494
833232,741.747227561804,500,False,0.16144564263912797,True,0.01826695331158549,5.37125825881958
833840,731.1997722849665,500,False,0.10801405655847446,False,0.018241320514228006,3.709348678588867
835200,786.605055238348,500,False,0.08658157279266501,True,0.018206813948427877,2.803703546524048
835344,643.1600802370903,500,False,0.26106439923827895,True,0.01810568539781358,6.193485260009766
835344,746.1352744042052,500,False,0.15688856258198774,True,0.01810568539781358,6.193485260009766
835664,758.0624065676259,500,False,0.09196424457635222,False,0.018164562730463456,3.9710123538970947
835712,680.6612880846137,500,False,0.18722633170648972,True,0.018107610382657995,35.916622161865234
835904,774.4416798092668,500,False,0.10999402981626644,False,0.01808395343594112,4.540389537811279
837408,751.2744945103282,500,False,0.055355753735253345,True,0.018019456993005355,4.664778709411621
838208,768.6877730064793,500,False,0.14154776344932343,True,0.01797043723607482,3.3926405906677246
839152,747.021263318063,500,False,0.0686498480607358,True,0.017914458176955778,4.4458231925964355
839232,740.8327420495483,500,False,0.08106757388078828,True,0.01766990733321327,3.120434045791626
839696,750.036526205462,500,False,0.14050636158674445,True,0.017638245154590247,3.2028145790100098
840288,678.2398221017148,500,False,0.23489140522237345,True,0.017522064727069436,3.335426092147827
840896,724.8213899853658,500,False,0.14048952485022978,True,0.017439836921018262,2.2178897857666016
841200,779.2405404065205,500,False,0.06792220796480226,False,0.017631164150674342,3.014704465866089
841232,799.7831480875672,500,False,0.1288335633559754,True,0.01786655106033994,5.660428524017334
841840,731.8539747974273,500,False,0.10921683478266848,True,0.017878127420332724,3.4181840419769287
843200,707.8045269240033,500,False,0.08373195551302046,False,0.01801442593043759,3.7840030193328857
843344,590.4079125740494,500,False,0.33014701739840385,True,0.017778816924804028,66.09317016601562
843344,653.5618342287593,500,False,0.2391170474093372,True,0.017778816924804028,66.09317016601562
843664,669.0203513310695,500,False,0.21945384543498964,True,0.01779732775746738,3.9520277976989746
843712,803.4490361920842,500,False,0.04603223162284997,True,0.017870394640677738,3.191884756088257
843904,722.2833630495873,500,False,0.12238333760904418,True,0.017917761749240372,2.4056620597839355
845408,783.7353314289262,500,False,0.07193601610512183,True,0.018008632186295333,3.0772221088409424
846208,729.0272952276348,500,False,0.1719762377737841,True,0.0176711224894554,3.0767290592193604
847152,704.5053806631432,500,False,0.2672857866730056,True,0.01758100357616294,3.7899394035339355
847232,748.039249505886,500,False,0.1386259064837483,True,0.017602842165221642,2.7745680809020996
847696,818.0301460876134,500,False,0.05867504123366101,False,0.017583885400832923,8.743436813354492
848288,797.7249029621041,500,False,0.09766983925812517,False,0.017662632923640693,4.191298484802246
848896,729.0834282291258,500,False,0.14210469246894764,True,0.017905395264695683,6.877657413482666
849200,809.1358596902994,500,False,0.12177581992832523,False,0.01781813637488083,5.0495524406433105
849232,818.5954506665332,500,False,0.08831869035045613,True,0.01774987153616954,5.872256278991699
849840,609.3160234632508,500,False,0.20685848800520887,True,0.017751082920438588,6.824170112609863
851200,798.9315888163737,500,False,0.14271011649736653,True,0.01782121264978939,2.694715738296509
851344,845.2387995726103,500,False,0.059348669631743504,True,0.018360999882587655,3.448878288269043
851344,769.9637369289281,500,False,0.06773690609659588,True,0.018360999882587655,3.448878288269043
851664,765.6656971296745,500,False,0.03036285189195144,True,0.01831645256945118,2.62992000579834
851712,791.8328954134455,500,False,0.04481155974027331,False,0.018060011885781477,3.7061421871185303
851904,834.7403730293944,500,False,0.06611393818748755,True,0.018074137001121655,4.281067371368408
853408,724.8630915352314,500,False,0.06770462296898998,True,0.01805513251978562,3.4383039474487305
854208,810.7822948969897,500,False,0.10688297986164039,True,0.01792241746473219,3.668574810028076
855152,762.4154419802095,500,False,0.03900064614962708,True,0.018037528496773328,2.310154438018799
855232,814.7783892952955,500,False,0.10391584337264247,True,0.018299536701574654,2.4195871353149414
855696,734.5067506223129,500,False,0.1571102349188856,True,0.018328388732894593,4.673283100128174
856288,765.0419352174595,500,False,0.09745523353257658,False,0.018421447930523926,4.025493621826172
856896,858.6749060563614,500,False,0.037102945612102874,False,0.01843098217237026,4.901689529418945
857200,752.4611594434151,500,False,0.09098181427482485,True,0.017997144908997845,2.16355562210083
857232,852.7767783053966,500,False,0.07438789158350603,True,0.01808712244861955,4.112104892730713
857840,778.432542264125,500,False,0.11882171113080975,True,0.018085095495342304,2.6715352535247803
859200,739.6798525656646,500,False,0.19789004379730132,True,0.017944758954641208,53.876136779785156
859344,764.6040131379007,500,False,0.09972363062747414,True,0.01754178236625099,2.506810188293457
859344,669.2163147913916,500,False,0.4751800372562792,True,0.01754178236625099,2.506810188293457
859664,793.92513221282,500,False,0.053460250105321176,True,0.017530771719720444,2.724118709564209
859712,690.6185967591397,500,False,0.07451057172580189,True,0.017312790212399492,2.9203286170959473
859904,717.9689630297046,500,False,0.13101531726691668,False,0.017335640651179745,3.181156635284424
861408,654.6227047873114,500,False,0.14942345579932514,True,0.017283613928047555,5.254572868347168
862208,808.0218418562354,500,False,0.12603253596913078,False,0.017602890943348486,5.874122619628906
863152,685.3508641062974,500,False,0.14725781868878496,True,0.017666375136709243,3.5485312938690186
863232,755.0130439552905,500,False,0.16040791077822034,True,0.017528952249390297,96.55097961425781
863696,582.4736393160797,500,False,0.04160280204060949,True,0.01749083782166839,3.450373649597168
864288,755.8872066801156,500,False,0.08496902753809325,True,0.017558294548639403,3.483450174331665
864896,760.4605732122205,500,False,0.16073383435633065,True,0.017506812866475988,8.43524169921875
865200,820.7567960712836,500,False,0.05318229403603788,True,0.017358623835555777,8.379568099975586
865232,620.756972122112,500,False,0.2419811617552679,True,0.017475813344996562,3.186819076538086
865840,867.8545844241085,500,False,0.06635625477849803,False,0.017468790319170886,6.271458148956299
867200,738.1810578235079,500,False,0.09493342501140586,True,0.017581291924186795,3.659961223602295
867344,705.1984717957054,500,False,0.19660600493236868,True,0.01720140778830158,83.95620727539062
867344,645.2662369505007,500,False,0.18700957174502134,True,0.01720140778830158,83.95620727539062
867664,818.4341353335764,500,False,0.04814262630843753,False,0.017160551605935517,2.923018455505371
867712,612.4875367563196,500,False,0.1838228566963555,True,0.017133913138771256,3.439462423324585
867904,500.6127896159768,500,False,0.3320467413933552,True,0.01709970303481603,4.563325881958008
869408,744.8176609107171,500,False,0.07776308619669174,True,0.017061127328924234,3.357278347015381
870208,782.6862055625187,500,False,0.12359613051734473,True,0.017169893498850855,8.510860443115234
871152,765.7274322712983,500,False,0.136761863037155,False,0.01714429819114796,2.7789769172668457
871232,784.4297426967054,500,False,0.00976779877713096,True,0.017042097362182037,70.07341766357422
871696,895.1501484231953,500,False,0.08935801541208697,False,0.017073169605575717,2.8961710929870605
872288,762.2859519968118,500,False,0.25797836039488864,True,0.017085396318804694,7.470197677612305
872896,720.6418895661528,500,False,0.2884777336155528,True,0.017117578206952252,2.6980552673339844
873200,709.6994175441845,500,False,0.2089500051110762,True,0.017128827555517773,4.444876670837402
873232,698.2192845870239,500,False,0.13351588154592217,True,0.017027661146471026,2.6506762504577637
873840,711.3625352717457,500,False,0.27400015891221813,True,0.017024192824234525,5.285068035125732
875200,794.8361351516288,500,False,0.20943297306984396,True,0.016999793311554153,2.7663793563842773
875344,851.8640193348032,500,False,0.030945693598730346,True,0.01708250094388322,3.8708529472351074
875344,756.7824266710505,500,False,0.02150806522871568,True,0.01708250094388322,3.8708529472351074
875664,634.5538566585941,500,False,0.3162487409781148,True,0.017178704371006815,4.059721946716309
875712,768.5256001870138,500,False,0.07039819982951875,False,0.01723007641173086,37.768310546875
875904,811.4904022391244,500,False,0.07579606021151324,False,0.017252380215842054,2.722808361053467
877408,784.3150522727092,500,False,0.034763238474160976,True,0.017204783106939337,3.2102928161621094
878208,671.5301320341655,500,False,0.27120730368982526,True,0.017288796397555796,3.8789725303649902
879152,804.3735548018388,500,False,0.09104787711490481,True,0.01743733198466067,3.2957091331481934
879232,773.9677055782302,500,False,0.17270438070812025,True,0.016887490277310787,3.1113648414611816
879696,776.8074407147946,500,False,0.12520015186392155,True,0.016878828806021214,3.7930474281311035
880288,749.2004277672136,500,False,0.08841159650173913,True,0.016791807978171022,4.834621429443359
880896,797.9377902510047,500,False,0.06579670707381659,True,0.01683407220529172,5.708245277404785
881200,764.6342192168675,500,False,0.06584026739642669,False,0.017143537344917175,2.7249081134796143
881232,827.3882373515735,500,False,0.031548151685313594,True,0.017518951738985558,4.419622421264648
881840,830.3818419955052,500,False,0.07856535706190053,True,0.01755129708090799,4.752028942108154
883200,816.5206288933368,500,False,0.1260571969412191,False,0.017654704075475543,2.52449369430542
883344,795.5562040022841,500,False,0.11357439074188387,False,0.017288727816384884,2.751715660095215
883344,730.827642078496,500,False,0.2771769188990638,True,0.017288727816384884,2.751715660095215
883664,708.0261383078545,500,False,0.20101740195615,True,0.017208092731470125,2.6004786491394043
883712,695.7490822638266,500,False,0.18018135212497063,True,0.017045244477204947,2.696190357208252
883904,768.9175122974887,500,False,0.028927342336088204,True,0.017022155020785013,2.1364142894744873
885408,719.8724587741118,500,False,0.15398616307542382,True,0.017003618771741596,3.0816457271575928
886208,672.9144832092395,500,False,0.17729398721263892,True,0.017347845846542722,3.314026355743408
887152,809.0459142389007,500,False,0.1452825355066347,True,0.01696789718257011,3.8528590202331543
887232,788.767991419636,500,False,0.07061825518105279,False,0.017151925079374263,2.4327940940856934
887696,754.3972418088684,500,False,0.14545114450879776,True,0.01707376091282039,1.9561312198638916
888288,691.631344042666,500,False,0.18081067991354574,True,0.01678113436944534,2.8259940147399902
888896,842.3267659757463,500,False,0.042485586473898815,True,0.016846548728626055,4.396301746368408
889200,820.2350769266728,500,False,0.10779300265873287,True,0.01701149769551149,9.267251968383789
889232,800.1438114447661,500,False,0.05252381854837107,True,0.017059533139388367,2.3625481128692627
889840,822.0388352143034,500,False,0.10497890595436969,True,0.017077791900554563,3.089282751083374
891200,796.1383171093415,500,False,0.0737897456132052,True,0.017273697514470644,2.4439592361450195
891344,742.0754135503834,500,False,0.15495023174268605,True,0.01752469749751413,3.3563895225524902
891344,722.4724397610212,500,False,0.13198672419681567,True,0.01752469749751413,3.3563895225524902
891664,800.3878464567763,500,False,0.08809584833337637,False,0.017500639356623673,4.246182918548584
891712,676.0584626750685,500,False,0.09704716532024606,True,0.01764101913200376,2.505563259124756
891904,704.2208480048334,500,False,0.1344701500028574,True,0.017640588027947532,3.0424742698669434
893408,769.8882134738956,500,False,0.05747339612375542,True,0.017640241995246025,2.2656264305114746
894208,824.9008092469734,500,False,0.07594911911876394,True,0.017399596064621718,2.308361053466797
895152,808.7681117390617,500,False,0.03516236626496537,False,0.01734385768653566,2.3982009887695312
895232,694.0988987920083,500,False,0.11078166300162674,True,0.017221721612656855,3.2349205017089844
895696,740.9716592663779,500,False,0.05600943593901887,True,0.017318668063151764,1.964325189590454
896288,605.4330130726211,500,False,0.16767932963708995,True,0.017400394637270365,9.885448455810547
896896,738.9988771485237,500,False,0.09720825668468389,True,0.017360402805506294,2.3818359375
897200,786.7481432337314,500,False,0.12691280471049834,True,0.01717875824097708,3.0454936027526855
897232,747.5295708856953,500,False,0.14563816238645105,False,0.017209274727653864,4.661713600158691
897840,727.8075131564716,500,False,0.09951806018414519,True,0.01720464993866189,55.33211135864258
899200,733.8676725713543,500,False,0.11055094472800021,True,0.016982443977925345,2.9365997314453125
899344,820.6951903972794,500,False,0.13771504978358068,True,0.017101009602039342,2.7294442653656006
899344,830.4444786742419,500,False,0.08883319564350149,True,0.017101009602039342,2.7294442653656006
899664,696.6742039375172,500,False,0.1427197667391361,True,0.017089443092226698,2.635280132293701
899712,831.2302559007015,500,False,0.08387243562987756,True,0.01730318483535317,2.549880266189575
899904,741.4121439450737,500,False,0.05591193707621538,True,0.01733790389610171,3.1592254638671875
901408,825.8041526655611,500,False,0.0615873216344293,True,0.017461677217516673,2.7526497840881348
902208,798.3408602017228,500,False,0.07294150331272554,True,0.01733438340294464,2.0866143703460693
903152,791.5122010947484,500,False,0.11159299108130878,True,0.01698786730155338,2.080841541290283
903232,723.5915986446522,500,False,0.12535368185364984,True,0.017021880667395337,2.658041000366211
903696,763.137520287031,500,False,0.09877653304492442,False,0.017052076782451027,3.0801076889038086
904288,757.2085410544878,500,False,0.11873071059658824,True,0.01703573809282007,4.696915626525879
904896,809.1502160583285,500,False,0.09979776398109726,False,0.017043143046018,4.043569564819336
905200,800.1018457434454,500,False,0.10719087036206025,True,0.017147734375546776,20.06256866455078
905232,736.9603368186232,500,False,0.13476497182673927,True,0.017245876919205233,2.4877495765686035
905840,761.0635986244409,500,False,0.022810424907409213,False,0.017259524603025135,3.796929359436035
907200,855.6222985172226,500,False,0.1222094373537367,True,0.01737254806286146,2.2391610145568848
907344,669.0629163644304,500,False,0.10725101822222649,True,0.01739541057570639,4.409322738647461
907344,796.3922471200007,500,False,0.05408380448702156,True,0.01739541057570639,4.409322738647461
907664,721.7016706769019,500,False,0.03334165766032516,True,0.017522371626463425,3.3071274757385254
907712,765.712315543612,500,False,0.06261091960044592,True,0.01755352925549251,3.1510167121887207
907904,793.6538089643977,500,False,0.03286010132218498,False,0.01753374440771438,1.876865029335022
909408,697.8057064563226,500,False,0.15309222079168763,True,0.017489018377809522,3.159682512283325
910208,727.5118503927083,500,False,0.33568211069694415,True,0.01734165078146163,6.100736618041992
911152,834.9208279928123,500,False,0.11044191829364684,True,0.017348619613307935,3.3746607303619385
911232,817.6299091296969,500,False,0.11466664487825619,False,0.017529939080028454,2.347090005874634
911696,640.9892251236556,500,False,0.43540844023892683,True,0.017447812565903196,3.5783519744873047
912288,832.2831301412446,500,False,0.10333495757920502,False,0.017149061281713944,2.396235942840576
912896,762.7477416038338,500,False,0.15687079293389022,True,0.017087148304728406,3.2297310829162598
913200,785.6874377015913,500,False,0.068299254989157,False,0.017055806188878753,7.380183219909668
913232,732.8477704500845,500,False,0.13062884173040606,False,0.016965363351684092,7.581493377685547
913840,484.4577927460289,500,False,0.3257624248987393,True,0.016955776681415055,7.885042667388916
915200,772.7197028028124,500,False,0.07821600368412454,True,0.016623116671646853,2.0710058212280273
915344,776.2214219990353,500,False,0.052453435669947035,True,0.01656943981162139,2.6924476623535156
915344,751.2031670528393,500,False,0.1781643622575141,True,0.01656943981162139,2.6924476623535156
915664,757.0724695750839,500,False,0.2930166776824774,True,0.01656444467848112,2.622629165649414
915712,460.2222893936618,500,False,0.8504317809618197,True,0.016464816436542844,9.054733276367188
915904,728.2238689497566,500,False,0.11465155981911809,True,0.01647241753531454,4.067005157470703
917408,764.9697894768391,500,False,0.06681160034232625,True,0.016640235402446833,3.1232595443725586
918208,829.303743327248,500,False,0.06752136835735467,True,0.0165589413239515,3.5124735832214355
918736,487.16238750211556,440,True,1.4509422953986642,True,0.01679857997485638,3.3490471839904785
919152,788.283956563271,500,False,0.42242886867603247,True,0.016752807589012517,2.2481918334960938
919232,802.7429721879164,500,False,0.11395264386133502,False,0.01662794802261457,3.419445514678955
920288,712.3831516387421,500,False,0.10967569080423621,False,0.01665680197399446,6.6011643409729
920896,767.9431437045764,500,False,0.07254704446904514,False,0.0167554650191825,7.417831897735596
921200,764.5276330560915,500,False,0.10169301299954116,True,0.016694419220857955,2.669323682785034
921232,759.051105638321,500,False,0.05677898831165113,False,0.016763426312102987,2.7303857803344727
921840,590.5586530255005,500,False,0.180871942041306,True,0.01676246426951102,6.719326972961426
923200,793.6416739722875,500,False,0.09400639780706546,False,0.016958311025725037,4.044882774353027
923344,788.0306842071208,500,False,0.09329175763644729,False,0.01715566268511106,6.036481857299805
923344,652.640752151569,500,False,0.2659485415190384,True,0.01715566268511106,6.036481857299805
923664,750.8648426046757,500,False,0.05561274782824228,False,0.017156382084623428,2.5559439659118652
923712,580.2178465173679,500,False,0.10595465255073158,True,0.017318184496970458,3.2046709060668945
923904,789.7484901724636,500,False,0.11855828267544326,True,0.017344517255141273,2.215463638305664
925408,801.2929962512319,500,False,0.09222313712865823,True,0.0172872764137271,5.375327110290527
926208,700.2393718577991,500,False,0.21393366088657118,True,0.016901231049440975,7.736440658569336
926736,866.2700816892832,500,False,0.023261959682582906,False,0.01682940596511363,1.8666929006576538
927152,796.5327246281598,500,False,0.03353203095648843,True,0.016758946373640272,2.9360876083374023
927232,829.8624154622535,500,False,0.03590538365955656,True,0.016867933751968787,3.292137622833252
928288,755.4197516048671,500,False,0.09954684021272979,True,0.01693177755531414,2.3440489768981934
928896,664.3620202558998,500,False,0.16024382883210936,True,0.01671380850612164,5.841728210449219
929200,694.3214385278899,500,False,0.41372329093273186,True,0.016759344472998317,9.935230255126953
929232,797.1488969022088,500,False,0.04840847402158105,True,0.016603285773680445,5.368208885192871
929840,773.9291520527948,500,False,0.08814763591564867,False,0.016600051692191014,3.882996082305908
931200,838.2894641834318,500,False,0.08198043803064609,False,0.01656478185881042,1.8797612190246582
931344,833.8038750317661,500,False,0.06585776638848438,False,0.016483829473835216,2.5699474811553955
931344,771.8132587064061,500,False,0.0881138259337893,False,0.016483829473835216,2.5699474811553955
931664,837.7234561131665,500,False,0.1568439402978861,True,0.016412725321926,2.4904263019561768
931712,757.8638900336236,500,False,0.019800068740598562,True,0.01629393796388936,2.186652183532715
931904,664.4899877868087,500,False,0.021896979534494605,True,0.01626429463575815,2.262739419937134
933408,824.7043909001486,500,False,0.13039650317569051,True,0.01626472723443294,2.7816505432128906
934208,788.6512675282161,500,False,0.03210073951342468,True,0.016700192385490517,6.0260114669799805
934736,750.2964738442892,500,False,0.17193697675487524,True,0.016534900856968585,4.090119361877441
935152,816.509762108537,500,False,0.10569669308101352,True,0.01673257106857005,66.05182647705078
935232,714.8777855367132,500,False,0.1420941018384713,True,0.016808826224627926,2.713434934616089
936288,798.4523525855697,500,False,0.19824339243567038,True,0.01679142365351283,3.207930564880371
936896,762.5065139860809,500,False,0.11515369698896173,True,0.01653460238181066,2.9838876724243164
937200,700.8008995691445,500,False,0.17930801615014264,True,0.01657240898369651,2.6326444149017334
937232,696.3892611899006,500,False,0.35155211379110946,True,0.016422154980921453,2.366363525390625
937840,768.9618446455114,500,False,0.12798411135718138,True,0.01639912524298313,2.283191442489624
939200,706.6016823672363,500,False,0.16211483748586186,True,0.016591391098047855,3.4572341442108154
939344,841.882924916961,500,False,0.07269996001105809,True,0.016606244089570316,3.8861277103424072
939344,747.4495493231877,500,False,0.11424225855936547,True,0.016606244089570316,3.8861277103424072
939664,812.9525119719998,500,False,0.06886408628947296,False,0.0165640962813043,3.061393976211548
939712,768.8720700604836,500,False,0.09490332466448655,True,0.016744196373001834,3.360168933868408
939904,553.7093866579106,500,False,0.15307923879906138,True,0.016784431797681756,2.7276792526245117
941408,783.1597535154755,500,False,0.09284212385942359,True,0.016813289013788327,4.754068374633789
942208,836.5157124820206,500,False,0.07500578480766457,True,0.016628031104151793,3.5739145278930664
942736,755.5338964432932,500,False,0.09439388825659764,False,0.01663374825164952,3.1013095378875732
943152,785.1147179128241,500,False,0.05625565577077338,True,0.016627386319215284,2.7994048595428467
943232,756.9376914468609,500,False,0.09124220806580201,True,0.01689510691990015,2.272083282470703
944288,831.6593567286234,500,False,0.03134806597580085,False,0.01687379192444885,4.669072151184082
944896,812.5563304775712,500,False,0.0734040769240462,True,0.016664990050896354,2.424583673477173
945200,645.1829006588475,500,False,0.20514365810209162,True,0.0168962877648956,3.4055135250091553
945232,834.0983260926737,500,False,0.047617170196385644,False,0.01702317479285765,8.370792388916016
945840,824.3743320022414,500,False,0.039131635764520126,False,0.017032320904779352,3.2137508392333984
947200,802.2849489638351,500,False,0.11604139625754571,True,0.0169751433327174,2.4560654163360596
947344,734.8372435188073,500,False,0.17486872465173278,True,0.016789210414305693,3.0857858657836914
947344,760.6135311147742,500,False,0.09435346930194462,True,0.016789210414305693,3.0857858657836914
947664,810.383024119121,500,False,0.15859347227578674,True,0.016718524375915634,2.9805808067321777
947712,735.7719764768821,500,False,0.16379054555552708,True,0.01663744451004062,2.909292459487915
947904,708.0189084658621,500,False,0.1858899673701598,True,0.016632561922582514,3.626695156097412
949408,780.7565763392435,500,False,0.06974899872542167,True,0.016584844435854236,2.331376791000366
950208,696.6445569441705,500,False,0.124722493364481,True,0.016001443401049184,3.318352699279785
950736,740.895648095093,500,False,0.1721409001382795,True,0.016044706193042574,3.3524110317230225
951152,762.3024823261402,500,False,0.1359805388023708,True,0.016139136387882447,4.940600395202637
951232,791.3385099223367,500,False,0.17744037883927982,True,0.01613419924505218,9.642402648925781
952288,817.39152748159,500,False,0.11705271077287513,True,0.016175151266571385,7.710468292236328
952896,808.5991001357918,500,False,0.18943305454590564,True,0.016103109733718438,2.9754316806793213
953200,725.3740901132335,500,False,0.20933240172457912,True,0.015947281195709158,5.4823198318481445
953232,725.4179272434652,500,False,0.11215312842258313,True,0.015877503763577033,2.7101728916168213
953840,627.3707437252837,500,False,0.22699032651511714,True,0.01588987161970411,4.2010602951049805
955200,755.7008019474853,500,False,0.13161008171308755,False,0.016026079700582778,35.59083557128906
955344,800.0846435668346,500,False,0.030017124294938913,True,0.016755171615603207,3.3832483291625977
955344,689.6636935666179,500,False,0.20391170984163462,True,0.016755171615603207,3.3832483291625977
955664,764.2490501281835,500,False,0.08495041346160986,True,0.01668437665082538,5.557591438293457
955712,755.9306559477958,500,False,0.19462288569941402,True,0.016597561755445894,4.096442222595215
955904,890.5688239089274,500,False,0.07634342902689824,True,0.01660836216779031,2.331909418106079
957408,783.7753718249551,500,False,0.12705187317669914,True,0.016553438710761547,4.757458209991455
958208,770.5301202466874,500,False,0.15968796349183056,True,0.015969645340773504,2.985407829284668
958736,841.073024874755,500,False,0.06297936279122619,True,0.015956673923598272,2.285167932510376
959152,767.2486138691721,500,False,0.27697598302157167,True,0.015993987157689477,2.6576216220855713
959232,777.1156937587825,500,False,0.06028056169731501,True,0.01617616398305968,2.674617290496826
960288,868.0891075018412,500,False,0.10174470162895338,False,0.01620473567554055,2.552434206008911
960896,788.9699584333663,500,False,0.09754121322287662,False,0.01593814935429636,2.5179433822631836
961200,651.9754896033687,500,False,0.15529592438107548,True,0.01619308952213049,3.9254860877990723
961232,781.2756927298343,500,False,0.12207953284385509,False,0.016218705109309325,4.852230548858643
961840,819.9887301497187,500,False,0.11449683677375694,True,0.016203859637793697,5.634044647216797
963200,607.7269660840572,500,False,0.22287837502867658,True,0.016058166208145177,4.4566240310668945
963344,640.7813528859333,500,False,0.20811933512184122,True,0.01591883545280882,2.5501179695129395
963344,813.9621483763975,500,False,0.06665778774735193,False,0.01591883545280882,2.5501179695129395
963664,765.9510505250336,500,False,0.09882649512817937,True,0.015856058096558094,5.963671684265137
963712,755.7216072229684,500,False,0.13339283662476278,True,0.015806367986323105,3.2939705848693848
963904,830.8701894008601,500,False,0.044858588963143355,False,0.015790883414640258,2.2016022205352783
965408,658.5907289323831,500,False,0.2850970661565641,True,0.015713651879730835,33.31620788574219
966208,805.6689035245431,500,False,0.03980422632520126,True,0.015111341586586063,2.042306900024414
966736,820.5244608257894,500,False,0.053893426332081204,False,0.01525928767621062,2.3296003341674805
967152,749.9202349956921,500,False,0.10678173463209908,True,0.015484298095837033,2.60418963432312
967232,764.0379448791548,500,False,0.1128107438195273,False,0.015598028582327866,2.752220630645752
968288,761.1003788055651,500,False,0.1532794669161138,True,0.01561684604506346,2.5694191455841064
968896,852.846649484343,500,False,0.06274638684549906,True,0.015321371504412186,2.6171536445617676
969200,697.1153550530113,500,False,0.08392328909795715,True,0.015116275245715434,7.5252532958984375
969232,814.7860038814536,500,False,0.042430772013563815,True,0.015242958886355887,2.4085497856140137
969840,837.2789545094995,500,False,0.0956206776572943,True,0.015266029131430988,1.9217053651809692
971200,700.445571896984,500,False,0.1414084086198776,True,0.015227749128153214,7.012054443359375
971344,774.3420749409654,500,False,0.13765367171913212,True,0.015233161593699454,3.0032358169555664
971344,643.603895396448,500,False,0.40748824305024584,True,0.015233161593699454,3.0032358169555664
971664,638.1692165853983,500,False,0.22945551436043474,False,0.015249840071783817,2.5696613788604736
971712,815.271219717827,500,False,0.08796033360148375,True,0.015236795829247661,2.7521395683288574
971904,808.2429671267721,500,False,0.05223597912589626,True,0.01525563532262572,2.320103168487549
973408,806.8900176842769,500,False,0.1246023473333781,True,0.01537686552483282,2.5978784561157227
974208,787.388788676506,500,False,0.04209585762918836,True,0.015801957414834807,2.895514965057373
974736,806.50170869573,500,False,0.08675012112909194,True,0.01602664940061688,2.8825409412384033
975152,816.5489094321259,500,False,0.08685377903553183,True,0.016245524527396343,2.2236733436584473
975232,790.7653910884862,500,False,0.052132555018000876,True,0.016206756709978704,2.767058849334717
976288,699.806762823135,500,False,0.1543217372400239,True,0.016181276056641904,2.372337818145752
976896,830.8049527185915,500,False,0.08903533340533384,True,0.015684574528665084,15.248588562011719
977200,771.1708816123848,500,False,0.07542510385095325,True,0.015669006242482877,3.5103719234466553
977232,837.7433181351386,500,False,0.1108121524960199,True,0.015576629390382098,3.2776150703430176
977840,802.9435173427435,500,False,0.07186485859507684,False,0.015570315629427768,2.017519235610962
979200,686.2500345212659,500,False,0.2829778801594738,True,0.015533067720301823,2.4093027114868164
979344,825.2712684335643,500,False,0.14157361643745286,True,0.015667306429492222,2.597710371017456
979344,805.4859011214046,500,False,0.16822010174873758,True,0.015667306429492222,2.597710371017456
979664,767.1846527660493,500,False,0.0658310603722403,True,0.015584524283662199,5.450719833374023
979712,804.745624861102,500,False,0.05112588245075859,True,0.015456961571852687,1.7972869873046875
979904,833.1549646337265,500,False,0.05918991447654893,True,0.015464963375670205,3.5244877338409424
981408,519.7692990304541,500,False,0.2543131249410157,True,0.015527379711172094,1.9503345489501953
982208,798.0513717589447,500,False,0.07058295374786097,False,0.015543061211091454,2.517294406890869
982736,770.228944701435,500,False,0.10349525139685208,False,0.015622805118387883,2.3861796855926514
983152,803.553496131219,500,False,0.09718249549847663,True,0.015862270757247266,2.061305522918701
983232,635.2481207452479,500,False,0.2248431136656169,True,0.01608256124956423,3.5443944931030273
984288,781.1854078164428,500,False,0.09633536058248945,True,0.01610267612670468,2.238495349884033
984896,801.741481294759,500,False,0.12842616395461134,False,0.015804023163251694,1.9710972309112549
985200,782.5595190687898,500,False,0.07833769667769923,False,0.01556367534973188,1.9648677110671997
985232,699.8409013470765,500,False,0.19595283059379318,True,0.015511423058546634,2.872370481491089
985840,849.6805798376566,500,False,0.0881529049812979,True,0.01551545801570524,2.131988525390625
987200,782.1106832103778,500,False,0.07136057251603359,False,0.01565119452158698,2.9420299530029297
987344,554.7489420474737,500,False,0.49415825089278287,True,0.01571963495448667,2.4726767539978027
987344,765.0779465636373,500,False,0.06337172906234394,True,0.01571963495448667,2.4726767539978027
987664,801.8387106094353,500,False,0.11986789654056355,True,0.015746900540930944,4.1929030418396
987712,878.8777596280742,500,False,0.012908270818545066,True,0.015848572352485435,2.8961544036865234
987904,716.1780652685206,500,False,0.28693820900393485,True,0.015848351477026186,3.0654332637786865
989408,822.4624804575088,500,False,0.026961991931333154,True,0.01585406223711225,2.7142927646636963
990208,794.4386290289773,500,False,0.08886965532904889,True,0.015439422830440102,2.464418649673462
990736,755.0168786697653,500,False,0.18162622335718262,True,0.015441935685865441,2.9891533851623535
991152,672.0533785507865,500,False,0.1871216786106263,True,0.015514688498367561,2.148404598236084
991232,761.7469863115336,500,False,0.2623905252524818,True,0.015671506073232002,3.103968620300293
992288,787.5085832743115,500,False,0.10043119687615928,False,0.015684790293653213,2.6436564922332764
992896,806.5955844050027,500,False,0.02973128284778846,False,0.015408275892493222,2.125771999359131
993200,771.3579946035946,500,False,0.05873217124563385,False,0.01544024028962061,2.9598474502563477
993232,705.5724790384983,500,False,0.1557379878209419,True,0.015467673766934645,2.679464340209961
993840,740.5841920756071,500,False,0.10925726983569692,True,0.01547601017062027,2.9470880031585693
995200,696.1865979502811,500,False,0.3472000502731589,True,0.015542807049596586,2.9567179679870605
995344,816.8891957191754,500,False,0.03038692727123139,True,0.015574552332950164,2.2912354469299316
995344,783.131349557115,500,False,0.05107425487403567,True,0.015574552332950164,2.2912354469299316
995664,823.6347431128648,500,False,0.08711575378389395,True,0.015573585273455605,6.477097034454346
995712,792.6657644184237,500,False,0.03918953873277538,True,0.015534793709072098,2.90170955657959
995904,805.5316636937002,500,False,0.032380741434989695,False,0.01555800416975754,3.237119436264038
997408,770.6802330795664,500,False,0.17379898796201018,True,0.01564605265690949,2.2010140419006348
998208,767.1805477877851,500,False,0.07201757325941929,True,0.015576634855969445,3.402953624725342
998736,812.886149493846,500,False,0.13603725041711057,True,0.015531260948735009,2.428219795227051
999152,726.7457467287909,500,False,0.04463333909249552,True,0.015551483016160838,2.9415578842163086
999232,797.067821327468,500,False,0.04810349794363107,True,0.015530591754540529,2.6775457859039307
1000288,848.7383288287258,500,False,0.10006260401632883,False,0.01546948479636581,2.379696846008301
1000896,803.8838704352264,500,False,0.1162822220422189,True,0.0155563780736676,2.1707606315612793
1001200,857.7717015902551,500,False,0.10303689386567039,False,0.01571196592555851,13.861339569091797
1001232,758.6923091920708,500,False,0.1495276401749884,True,0.01564867980369833,2.425926923751831
1001840,855.2979970463056,500,False,0.14515340834714116,False,0.015645042981897703,2.6196656227111816
1003200,829.3828170993361,500,False,0.044578966532096254,False,0.01554741265399461,6.067847728729248
1003344,749.4316618291417,500,False,0.10487038270144029,True,0.014850777310185232,3.10979962348938
1003344,779.5870668685693,500,False,0.14685470560625713,True,0.014850777310185232,3.10979962348938
1003664,744.2817468854926,500,False,0.167264746811365,True,0.014830860380244228,4.947207450866699
1003712,726.1007269115902,500,False,0.19063656858831843,True,0.014921400898060154,2.3382017612457275
1003904,753.9973229552758,500,False,0.22063641503196157,True,0.014905310751314906,2.8544230461120605
1005408,692.113414940702,500,False,0.1409662067507228,True,0.014781192448778012,2.886225700378418
1006208,765.2110073057278,500,False,0.15521108144697757,True,0.014620178981062434,3.0519325733184814
1006736,781.1841824142504,500,False,0.12749604858778738,True,0.014766280475636027,2.2776098251342773
1007152,883.2165184995034,500,False,0.008749283872002234,False,0.014918239015358806,3.527822971343994
1007232,754.6507128249698,500,False,0.0769226638072473,False,0.014859344733560103,2.7137818336486816
1008288,811.6599378392084,500,False,0.16280638774838402,False,0.014828061264351483,4.4952898025512695
1008896,783.4442528029848,500,False,0.07951181537084735,True,0.014760516163565015,2.0918750762939453
1009200,817.3732510803418,500,False,0.04276938824622558,True,0.014771480018403265,5.616613388061523
1009232,755.2168247033904,500,False,0.2497725179104586,True,0.014819654210055827,4.854684352874756
1009840,804.8541139052555,500,False,0.07488309867472874,True,0.01482162307979069,2.9663615226745605
1011200,764.3540318762127,500,False,0.10116644362827497,True,0.014529303124816597,33.2100830078125
1011344,718.6427408814078,500,False,0.19442840203233988,True,0.014629296153703562,2.046633243560791
1011344,580.6331280375887,500,False,0.3282061327288934,True,0.014629296153703562,2.046633243560791
1011664,710.0354549526852,500,False,0.09304054517287079,True,0.014644432139330785,4.5108442306518555
1011712,688.5122418644563,500,False,0.12607893791775562,True,0.014709044280634489,4.632227897644043
1011904,794.9245594476055,500,False,0.06959582714553729,True,0.014736509119143912,2.647813081741333
1013408,739.1252243888334,500,False,0.13008375157503832,True,0.014772297842009386,5.246565818786621
1014208,808.293666276434,500,False,0.11117380602396977,True,0.014419981233959508,7.142026901245117
1014736,739.2084670024158,500,False,0.047738767959056856,True,0.01469797841719967,2.961329936981201
1015152,731.1708460457074,500,False,0.26247986485502545,True,0.014669323804266882,3.134397506713867
1015232,751.4278415101426,500,False,0.30870234390104223,True,0.01453944830654134,2.1996641159057617
1016288,805.8188298751887,500,False,0.03690336098760684,False,0.014530133787704425,33.514556884765625
1016896,663.7452755830608,500,False,0.12322993526529652,True,0.01483377017422696,2.138861656188965
1017200,730.5493968402034,500,False,0.12424703321176467,True,0.01499851787865532,2.482625961303711
1017232,788.4763612135363,500,False,0.022124270472170724,True,0.014893487023499543,2.744384765625
1017840,798.2496406581652,500,False,0.09941785842297635,True,0.014875851154724121,3.1591663360595703
1019200,754.9495219708494,500,False,0.1020763456185038,True,0.014800592512519783,1.7887938022613525
1019344,646.5120995206507,500,False,0.288267514260234,True,0.015170492568409737,3.2548828125
1019344,854.1286664513493,500,False,0.06228931482724022,True,0.015170492568409737,3.2548828125
1019664,649.709099496995,500,False,0.22756900450729717,True,0.015196857963986662,2.6571550369262695
1019712,777.8683629760188,500,False,0.261182034189156,True,0.01503487166729651,6.653373718261719
1019904,743.3904108585897,500,False,0.047377610918301276,True,0.015045267892935395,4.154223442077637
1021408,778.0161492653832,500,False,0.04829942881654236,False,0.0149816067967606,2.438793182373047
1022208,751.337531352074,500,False,0.34428616573538556,True,0.015113322374468977,2.5101823806762695
1022736,792.7234240496613,500,False,0.049092439684339524,False,0.01507305823287937,2.3825080394744873
1023152,812.9027495423389,500,False,0.1431376423261883,True,0.014830240727536692,2.4642701148986816
1023232,775.021437237962,500,False,0.058885579206455006,True,0.014718111330181598,2.0430760383605957
1024288,677.3073026203443,500,False,0.13973261834322578,True,0.014730930750960049,1.6127517223358154
1024896,686.0523149742942,500,False,0.22798057719181788,True,0.014381454712191669,1.9215102195739746
1025200,703.4304106924319,500,False,0.21435807305899446,False,0.014133792095091916,4.593709468841553
1025232,712.9346582690976,500,False,0.29541615644602415,True,0.014017987487159442,1.9888007640838623
1025840,791.3121111926258,500,False,0.041907998921217854,False,0.014022632140671397,4.292093753814697
1027200,774.8597136028866,500,False,0.05457955649978453,True,0.014098899655095237,1.967860460281372
1027344,816.0253456435464,500,False,0.05559028597584527,False,0.01439336855438895,2.454829216003418
1027344,760.7923426602122,500,False,0.0795168714039385,True,0.01439336855438895,2.454829216003418
1027664,807.6654434221618,500,False,0.09136040536289296,True,0.014358536463927712,1.8009816408157349
1027712,814.9439907709931,500,False,0.10404801562539055,True,0.014331158886497568,5.306254863739014
1027904,814.0552453075418,500,False,0.04248764592612714,False,0.014335344766517153,1.9732959270477295
1029408,730.6767259431764,500,False,0.1542234274463473,True,0.014330385859026665,10.81781005859375
1030208,826.8486183477294,500,False,0.061974574336576244,True,0.013927619209540113,2.474484443664551
1030736,613.1300753513794,500,False,0.18377487603157247,True,0.01384210197679042,8.767572402954102
1031152,820.5925457896753,500,False,0.08340976204605048,True,0.013849793546341627,4.351289749145508
1031232,629.6093243492232,500,False,0.20227385541011036,True,0.013806961407913727,3.307229518890381
1032288,789.3005012669402,500,False,0.0843294835425639,True,0.013761540079439194,2.4243080615997314
1032896,787.1050246586824,500,False,0.0676584266964416,True,0.013784571847644695,4.3882880210876465
1033200,706.4155293056253,500,False,0.08947989118062953,True,0.013979398735434636,2.5661072731018066
1033232,789.0179763790773,500,False,0.07381395650438662,True,0.013952555530985464,2.090733051300049
1033840,723.4818076965078,500,False,0.14249234431464677,True,0.013947173627409432,1.692293643951416
1035200,757.5840438434565,500,False,0.13709891253538614,False,0.014106044905324865,4.983954429626465
1035344,803.3319143888029,500,False,0.13761934424407185,True,0.014225012820124103,2.803501605987549
1035344,774.9502767945071,500,False,0.10417979225088801,True,0.014225012820124103,2.803501605987549
1035664,746.022020650654,500,False,0.05066408289092674,True,0.014176258653660056,5.543888092041016
1035712,793.1494823838294,500,False,0.1456591759072818,True,0.014117978800106361,2.2444283962249756
1035904,808.3929433858816,500,False,0.10087995847800547,True,0.01412938585466073,2.555668830871582
1037408,752.7522672435937,500,False,0.027462567011808835,True,0.014259141933214512,2.5894203186035156
1038208,785.9549259796512,500,False,0.02543702375627903,True,0.014342970438535031,2.070955753326416
1038736,767.4908279410402,500,False,0.05354881501238304,True,0.014057335854409266,50.56459426879883
1039152,827.1776535725894,500,False,0.08406478555859952,True,0.014066333302220024,2.771472930908203
1039232,853.2134740965226,500,False,0.023414510577502677,False,0.014032073856136553,2.2591052055358887
1040288,816.7909888916118,500,False,0.08303484098947021,True,0.014043413192275641,1.7665245532989502
1040896,771.3873976986475,500,False,0.0845682061170132,True,0.014024344894538725,4.45599365234375
1041200,744.3457797330692,500,False,0.10245709597391606,True,0.014113141602329512,74.86553955078125
1041232,773.5867960086906,500,False,0.062254990738623235,True,0.014071620403996,2.9040894508361816
1041840,759.4713409804931,500,False,0.08753253909663981,True,0.014075977758761012,4.330253601074219
1043200,876.2110271991667,500,False,0.02470501587149498,False,0.013984816391063807,4.524684906005859
1043344,771.3150173746128,500,False,0.04567939421931521,True,0.01406300657056107,3.6196541786193848
1043344,791.2779269285546,500,False,0.04085483048719496,False,0.01406300657056107,3.6196541786193848
1043664,863.7763665219927,500,False,0.05133678114982642,False,0.014035550734562243,2.9207100868225098
1043712,756.5709824897166,500,False,0.09516902125976913,True,0.01393287455522951,4.081621170043945
1043904,831.9556177549748,500,False,0.09207129520442724,False,0.01393102167209977,2.548417091369629
1045408,836.9090646875158,500,False,0.06969843877572961,True,0.013854044915585208,5.1540632247924805
1046208,755.8620250207026,500,False,0.0659251975980678,True,0.01385275145069142,2.580634355545044
1046736,844.9255514326574,500,False,0.05267267277771132,False,0.013957487834200727,4.612298011779785
1047152,811.953450286552,500,False,0.07518881563596207,True,0.013968535223306502,2.381978988647461
1047232,844.3124826210088,500,False,0.08322652852623591,True,0.014117844114129155,4.200610160827637
1048288,712.6284709452442,500,False,0.14757435148923673,True,0.01415823395481215,2.853972911834717
1048896,695.3963161829664,500,False,0.23638352629568224,True,0.014407311561123471,2.7588162422180176
1049200,774.3025442083232,500,False,0.07609961434346803,True,0.014468323002690102,15.442679405212402
1049232,751.9346199994044,500,False,0.2102374867213738,True,0.014387278048751541,2.759981632232666
1049840,718.8175142238064,500,False,0.1939611827857352,True,0.014394703543750224,1.761797547340393
1051200,755.5095548383468,500,False,0.1864913895069075,True,0.014499431826702724,2.780263662338257
1051344,734.2311523989248,500,False,0.1163229988728589,False,0.014393476125327775,4.588253021240234
1051344,806.9312938281143,500,False,0.061805876152843414,True,0.014393476125327775,4.588253021240234
1051664,796.9834422183633,500,False,0.3115751416969221,True,0.014341775915424123,3.046799898147583
1051712,830.6542831484716,500,False,0.07990801938966705,False,0.01433789654687547,2.796184778213501
1051904,720.8908864667493,500,False,0.0647311294787063,False,0.014288369489005536,1.892348289489746
1053408,730.3667590221626,500,False,0.06892019075604089,True,0.014181747852767022,4.779244422912598
1054208,772.2084827818193,500,False,0.06139174245231412,True,0.01412214713919464,3.804147243499756
1054736,737.7320931444884,500,False,0.06906619166563105,False,0.014355961702369954,3.2784266471862793
1055152,769.8902513800324,500,False,0.07238008008119073,False,0.014480752249756035,3.022519588470459
1055232,799.6045744932281,500,False,0.021984291110974514,True,0.014484057786586015,2.934980869293213
1056288,874.2831642426418,500,False,0.07055922498240108,False,0.014493422998057453,3.3949973583221436
1056896,797.679295680347,500,False,0.06957218459938834,True,0.014476295029671085,2.0029749870300293
1057200,691.875597089548,500,False,0.16913231945814028,True,0.01474084717148414,2.9501709938049316
1057232,810.1228235919484,500,False,0.04868604559082189,False,0.014633249424636565,2.890988349914551
1057840,804.5662141156974,500,False,0.044480366804129916,True,0.014589176522538477,2.502281904220581
1059200,823.7062316658293,500,False,0.08577969983926655,False,0.014226058356884898,1.8217159509658813
1059344,812.5567554350458,500,False,0.09174750619132903,True,0.014002705977814865,2.7307913303375244
1059344,799.7778441385092,500,False,0.05116429413069319,True,0.014002705977814865,2.7307913303375244
1059664,755.5634229086426,500,False,0.1681707559745458,True,0.013998361522557717,2.5694806575775146
1059712,736.8021894153371,500,False,0.12336716488499348,True,0.013839615788919702,2.548600912094116
1059904,857.6510016780383,500,False,0.0656138448760391,True,0.013846008249888861,1.591878890991211
1061408,838.0699492300668,500,False,0.10178691165447663,True,0.013838217607938333,2.820751667022705
1062208,723.6251496184623,500,False,0.19412420232911573,True,0.013836388750921743,2.6280291080474854
1062736,756.2682240056736,500,False,0.0702819077083799,True,0.013720648664980718,2.513387680053711
1063152,772.3903824356869,500,False,0.031453950317173074,True,0.013552350348211022,2.101902484893799
1063232,671.240845606453,500,False,0.2576640567972817,True,0.01367734008731924,1.9522662162780762
1064288,736.5422135167478,500,False,0.08909992706483695,True,0.013690336592865247,41.039642333984375
1064896,687.0636014254313,500,False,0.13130374302839024,True,0.013969845751229573,3.7938785552978516
1065200,771.7677948394003,500,False,0.07205794051770098,True,0.013638890195230015,2.1110453605651855
1065232,730.0397627402187,500,False,0.5988170083035819,True,0.013579780460115185,2.4169740676879883
1065840,717.1621378898471,500,False,0.4508910301504324,True,0.013576529063342033,2.930126667022705
1067200,780.4506528623998,500,False,0.16625719662405605,True,0.01360335115086262,4.006497383117676
1067344,760.0510323106574,500,False,0.14952803237522977,True,0.014112101671865994,1.853261947631836
1067344,713.7262422347661,500,False,0.16975400860472384,True,0.014112101671865994,1.853261947631836
1067664,788.7100599195154,500,False,0.05147924018518951,True,0.014016794490939616,4.5325775146484375
1067712,736.1315989364089,500,False,0.09493014143334857,True,0.013787065162324665,1.6114628314971924
1067904,762.8685122727991,500,False,0.15850240715958838,True,0.013777562130763473,3.109790802001953
1069408,654.032897014472,500,False,0.28523737710905217,True,0.013749936824851039,3.1205482482910156
1070208,793.3089302748037,500,False,0.06851484913671153,True,0.013657025620207748,1.8091042041778564
1070736,864.3137989186338,500,False,0.04172509953329879,True,0.013763682977946862,2.497779369354248
1071152,717.6751794744048,500,False,0.15861502184880924,True,0.013696256761284479,2.142190933227539
1071232,783.8886145898932,500,False,0.09432014119304304,True,0.013793526695623686,2.041684627532959
1072288,798.796473761503,500,False,0.07425060983630695,True,0.013747388570950547,2.011594295501709
1072896,768.277121400019,500,False,0.15269272081708488,True,0.013575782627762906,4.468365669250488
1073200,788.6557030019706,500,False,0.06543272580163216,True,0.013649238450461024,30.403194427490234
1073232,718.671246512033,500,False,0.23860645258718619,True,0.013600454408507703,2.069117307662964
1073840,765.173691167949,500,False,0.11755123314501671,True,0.013627883767216065,3.62900447845459
1075200,735.2982247565036,500,False,0.1006934619998543,True,0.013875165905706172,2.124156951904297
1075344,783.1204656602521,500,False,0.07428215232782365,True,0.01394318721291313,2.7205023765563965
1075344,787.4538232007101,500,False,0.15708977634441743,False,0.01394318721291313,2.7205023765563965
1075664,764.3244597073339,500,False,0.05828606389363414,True,0.0139626119454907,1.9052671194076538
1075712,749.028456172269,500,False,0.10234165928402825,True,0.01390860991034133,2.1912190914154053
1075904,688.9061044590674,500,False,0.2297208542266279,True,0.013948129397722244,2.7048592567443848
1077408,828.4017518792259,500,False,0.18972276577817235,True,0.01409972270328899,3.3054490089416504
1078208,813.4959917995056,500,False,0.07214847163678066,False,0.013623102676398921,2.8082690238952637
1078736,859.8253951770579,500,False,0.038755988174279304,True,0.013437525911760118,2.145766496658325
1079152,673.0981561493287,500,False,0.2805897795804118,True,0.013407070187489864,3.39268159866333
1079232,652.3678883735357,500,False,0.2355278571300689,True,0.01345217485982256,7.501743793487549
1080288,751.9743159034406,500,False,0.17562008507444832,True,0.013473576509894069,2.219172954559326
1080896,767.889481935518,500,False,0.0937181349060703,False,0.013897865704566966,7.701220512390137
1081200,736.3990471600015,500,False,0.1054796814617156,True,0.014049475018614668,2.7533810138702393
1081232,820.311954845779,500,False,0.10255126069203979,True,0.013966892486723868,3.538804054260254
1081840,762.0802950892236,500,False,0.5700560748565505,True,0.013967482971287264,5.253480911254883
1083200,788.6951767893812,500,False,0.07608822799142641,True,0.01405056332109145,2.5569539070129395
1083344,798.9708653464226,500,False,0.164409282899752,True,0.014229274416506793,3.8854377269744873
1083344,807.1436869288492,500,False,0.1312360307345074,True,0.014229274416506793,3.8854377269744873
1083664,796.8614546266364,500,False,0.06033954748996094,False,0.014217142737633599,4.360494613647461
1083712,745.8443950940522,500,False,0.03711930817630799,True,0.01434604852953482,3.013338088989258
1083904,778.7823367960369,500,False,0.10721642729342053,True,0.014355341277471602,2.397020101547241
1085408,497.7678992367122,500,False,0.31763898539874796,True,0.014296716763540785,4.399834156036377
1086208,769.0923009193261,500,False,0.08703297621271273,True,0.014234671433358308,3.2174172401428223
1086736,794.9011004243612,500,False,0.04257245588505007,True,0.013873579317869545,3.3855667114257812
1087152,869.3966286211596,500,False,0.09096752367387438,True,0.013711516477420744,4.1488800048828125
1087232,747.2164735187068,500,False,0.15042179439022185,True,0.013676034714841408,3.0511624813079834
1088288,798.1969556751252,500,False,0.0454180192557776,False,0.01370851572176323,2.2208633422851562
1088896,795.3005404988194,500,False,0.04518604768061839,True,0.014362640319071562,41.04487609863281
1089200,756.8984633743805,500,False,0.053801593805963326,True,0.014256204823893394,5.753159523010254
1089232,631.8528449573715,500,False,0.27187535855192263,True,0.014211206621558179,2.253617763519287
1089840,730.4617116615062,500,False,0.24233369234791516,True,0.01419276084776352,1.7673048973083496
1091200,731.7944692217143,500,False,0.12595658634850704,True,0.013982363211192705,2.5949506759643555
1091344,766.8152183778482,500,False,0.04573534339053372,False,0.013834353060453422,5.862461090087891
1091344,827.2484991237328,500,False,0.04981179035772475,False,0.013834353060453422,5.862461090087891
1091664,862.6916159448575,500,False,0.03334488490097486,True,0.013825174532277417,2.6632473468780518
1091712,826.6781884419855,500,False,0.026369438536922765,False,0.013779210347141052,2.412813663482666
1091904,811.0986259106919,500,False,0.0649665607935156,False,0.013778944050883193,27.475563049316406
1093408,852.4962037443547,500,False,0.03502746460835429,True,0.013711055334526816,1.4862823486328125
1094208,795.765673313601,500,False,0.07424719384963327,True,0.013668574862388783,3.925858497619629
1094736,686.2179521918738,500,False,0.2578763104853713,True,0.013473036158877339,5.388737678527832
1095152,816.2223031292853,500,False,0.08939077959743676,True,0.013393840201200082,2.555920362472534
1095232,806.3741835860415,500,False,0.05725601993379917,True,0.01348761983989591,2.900782585144043
1096288,758.4048165237973,500,False,0.06571290522329279,True,0.013475533527576999,1.7864692211151123
1096896,778.274800913855,500,False,0.0819916013299577,True,0.013505979313949265,2.5348901748657227
1097200,784.9355754647984,500,False,0.15265793864129004,True,0.013604421128700122,2.390758514404297
1097232,776.3091022817172,500,False,0.09512156957795728,True,0.013691160212206715,3.0687451362609863
1097840,841.7164860278122,500,False,0.08885789592550675,True,0.013681309899510545,2.1755502223968506
1099200,851.5042548466265,500,False,0.014582411859831779,True,0.01375072175811598,3.159463882446289
1099344,756.3283906352596,500,False,0.0897097786228004,False,0.013514913258021139,2.104067325592041
1099344,789.7481348432984,500,False,0.1523855967662575,True,0.013514913258021139,2.104067325592041
1099664,774.4518814939006,500,False,0.09663550349673636,False,0.013501736244561574,6.670289039611816
1099712,892.1911622840047,500,False,0.01841833128815981,True,0.013497470586660931,4.359746932983398
1099904,818.4047173747084,500,False,0.07863461874428952,True,0.013490154447170817,2.086850643157959
1101408,807.1360518877692,500,False,0.16555109598402318,True,0.013639735426490602,1.7588472366333008
1102208,796.2647665903557,500,False,0.023700530392968256,True,0.014069800938656682,4.153587341308594
1102736,737.6807104602067,500,False,0.17147319739775144,True,0.013986398499674388,2.060659408569336
1103152,866.9263608478732,500,False,0.049980994419789766,False,0.01384100814771998,2.8778719902038574
1103232,852.6418681578332,500,False,0.07868583166440563,True,0.01384602028732863,2.4249730110168457
1104288,732.4606023244753,500,False,0.18654371242125828,True,0.013817541759489533,1.9644889831542969
1104896,780.6341860624731,500,False,0.04567754751344573,True,0.01380543474879738,2.1819374561309814
1105200,659.1979997037197,500,False,0.32643703218588344,True,0.013757507173703809,3.7334237098693848
1105232,777.0972787319494,500,False,0.15084878927011444,False,0.013893182547500922,5.781554222106934
1105840,842.8580628258015,500,False,0.02304791277202374,False,0.013900269638912577,1.8306846618652344
1107200,840.5411283671298,500,False,0.07243867987468991,True,0.013683447936465143,1.946589469909668
1107344,683.4532597163305,500,False,0.13990129169502377,True,0.013462697515062532,1.6862573623657227
1107344,823.2949957646042,500,False,0.03855785399116998,False,0.013462697515062532,1.6862573623657227
1107664,735.6598295273435,500,False,0.09762487025038408,True,0.013468327894831716,2.222557306289673
1107712,787.8825982647936,500,False,0.06727083123831065,True,0.013390128963102701,7.8008527755737305
1107904,762.6357515284875,500,False,0.0703879702875914,False,0.01339188241658352,2.299039363861084
1109408,854.5941418887207,500,False,0.046701386922177006,False,0.013418856559257975,3.049532175064087
1110208,862.174718040799,500,False,0.049998591934275464,True,0.013634042093482799,3.8919153213500977
1110736,764.094705647255,500,False,0.08524581307777597,False,0.013766838768299062,2.167111873626709
1111152,721.5062257888557,500,False,0.05390458706998021,True,0.01368536132093537,8.347451210021973
1111232,768.0279398385826,500,False,0.08184734936766166,False,0.0135885029014708,1.86273193359375
1112288,596.5217172206727,500,False,0.445892584475296,True,0.013599279995481143,6.181159973144531
1112896,834.0475201156527,500,False,0.02722366230976516,False,0.01332408388357805,2.043016195297241
1113200,779.7915459828271,500,False,0.10643058774498401,False,0.013647567798139183,2.485346555709839
1113232,721.6693868506494,500,False,0.13138156443513674,False,0.013631714018628014,2.6950106620788574
1113840,766.3572624321781,500,False,0.03510470455339546,False,0.01362390022802778,2.0118212699890137
1115200,886.5692800047213,500,False,0.015331347447217094,True,0.01358747855327839,2.144953489303589
1115344,834.3728061108742,500,False,0.09221377609035662,True,0.013518552939857873,2.6085236072540283
1115344,839.1722511763691,500,False,0.05418283427492217,True,0.013518552939857873,2.6085236072540283
1115664,677.2955078751489,500,False,0.34826078598583476,True,0.013523886892829287,2.026345729827881
1115712,821.5625343792284,500,False,0.07193450272037656,False,0.013400639176532557,9.096368789672852
1115904,727.254682405775,500,False,0.12663810188212246,True,0.013378893906735504,2.2512035369873047
1117408,751.2807767959258,500,False,0.33568308875530206,True,0.01339522602731894,3.2285614013671875
1118208,800.1086080973729,500,False,0.06447581430024257,True,0.01331600047878154,1.8142726421356201
1118736,770.8883706415319,500,False,0.07471142102636573,True,0.013396313125644066,1.8565988540649414
1119152,766.6302414359566,500,False,0.10190196226556945,True,0.013493350613032857,2.39243745803833
1119232,770.6686493239212,500,False,0.07101619958680502,True,0.013628750498297468,2.0269317626953125
1120288,742.6124147488712,500,False,0.19479434926357525,True,0.013610505674881167,1.9321051836013794
1120896,798.4604644712377,500,False,0.0683135951395658,True,0.013360767571374466,2.991175651550293
1121200,867.2052053263626,500,False,0.05778691839601027,True,0.013233993053671999,2.5520260334014893
1121232,741.6586638859067,500,False,0.14005519482208612,True,0.013176529694809896,6.740251541137695
1121840,758.9443491573625,500,False,0.09854136145470462,True,0.013193690023782565,1.7865322828292847
1123200,718.1968051239145,500,False,0.229966456792845,True,0.013364403982329034,38.73374938964844
1123344,849.4770256932836,500,False,0.0875546407900354,False,0.013514706024287672,1.8863234519958496
1123344,800.6851095599118,500,False,0.03438942831768295,True,0.013514706024287672,1.8863234519958496
1123664,864.8072473009122,500,False,0.04185148764722737,False,0.013503962600779577,1.4805076122283936
1123712,848.7980718292742,500,False,0.05062749160912115,True,0.013711763674744292,60.251792907714844
1123904,776.2511034122492,500,False,0.061837312504569274,True,0.013697804501371945,1.7959458827972412
1125408,709.6205052802869,500,False,0.05387201229260614,True,0.013751716157037576,2.3645732402801514
1126208,689.822290233022,500,False,0.18234473809244328,True,0.013637223961633792,3.9321537017822266
1126736,761.2176449490967,500,False,0.05393870275948755,True,0.013453276462092718,1.95601487159729
1127152,756.7027962301524,500,False,0.03235992891802969,True,0.013366659337953234,2.341928243637085
1127232,746.0871347449885,500,False,0.1276328333053478,True,0.01318718507819446,49.91386032104492
1128288,842.808937197879,500,False,0.1102855901628604,False,0.013211438595365518,4.933088779449463
1128896,867.4694029156595,500,False,0.059911299760494516,False,0.01330177995836301,2.0495400428771973
1129200,760.7175275654824,500,False,0.14817137959708634,True,0.013174608131485493,2.704824447631836
1129232,811.7280257851443,500,False,0.06811402138889075,True,0.013325500153424343,2.4980874061584473
1129840,715.7595214500795,500,False,0.08648575110904275,True,0.013332643053959889,3.53084135055542
1131200,825.0778791227274,500,False,0.09859765223020854,False,0.01346622828344759,2.9377589225769043
1131344,799.581209304671,500,False,0.06614233597570056,True,0.013166556628538604,1.8620638847351074
1131344,750.2378023525391,500,False,0.15433861573517577,True,0.013166556628538604,1.8620638847351074
1131664,752.944026537176,500,False,0.17802974632186186,True,0.013164754631990188,2.8492484092712402
1131712,807.0406342319459,500,False,0.07309779817927461,True,0.013216179776890496,1.955048680305481
1131904,790.340574954782,500,False,0.06506423047752864,True,0.013213223017260817,5.263153076171875
1133408,721.5081669530583,500,False,0.2426815622107694,True,0.013063905973264315,2.9972081184387207
1134208,782.1221395585475,500,False,0.0653043989569257,True,0.013030775967302385,1.3641130924224854
1134736,853.9565028430903,500,False,0.07491869748534244,True,0.012911189360643376,1.6729074716567993
1135152,744.2600771626325,500,False,0.09745923688341529,True,0.012916521690493708,2.124791383743286
1135232,785.5624879730846,500,False,0.09512177179893876,True,0.012849730244996495,2.163334608078003
1136288,750.4112147314389,500,False,0.3402508842891398,True,0.012853532035270693,2.9862704277038574
1136896,740.0597649060152,500,False,0.08101409089654746,True,0.013075594306425626,1.5699779987335205
1137200,755.7186596247836,500,False,0.16398832083883644,True,0.013112945997996242,1.6741939783096313
1137232,747.2291292650432,500,False,0.0999145577406591,True,0.01326529695629627,2.030148983001709
1137840,751.6334256717546,500,False,0.06556702523555401,False,0.013285479817306805,2.2647762298583984
1139200,685.9344055429372,500,False,0.5594523271837363,True,0.013380039393826022,1.7055668830871582
1139344,735.9884374304077,500,False,0.12236463476956248,True,0.013186863038272387,2.5107364654541016
1139344,726.6626510470916,500,False,0.1056908564620729,True,0.013186863038272387,2.5107364654541016
1139664,802.3330881185182,500,False,0.13989924836707443,True,0.01317137182979375,6.571137428283691
1139712,782.5918915458195,500,False,0.10767347198141831,False,0.013160596560096459,3.847964286804199
1139904,734.8510392929836,500,False,0.17950549172162866,True,0.013163873009324261,2.324640989303589
1141408,747.4574433596803,500,False,0.07715298994971019,True,0.013173142195350481,2.2747364044189453
1142208,776.5891022635535,500,False,0.12162681034991271,True,0.013599189955376238,2.1189138889312744
1142736,798.9517635683231,500,False,0.06005999880814447,True,0.013703587331753576,2.67183780670166
1143152,674.9116730793917,500,False,0.14190299998103292,True,0.0136189877855824,2.057265520095825
1143232,769.5617186771545,500,False,0.047391161359667845,True,0.013608514638183942,1.66135573387146
1144288,793.0703865578911,500,False,0.13155927212863033,True,0.013623966523502597,2.035341262817383
1144896,662.1282373316722,500,False,0.2548517712119987,True,0.014076591694117948,6.443284511566162
1145200,768.3513561753086,500,False,0.24233950493872763,True,0.014147388817961178,6.8391499519348145
1145232,798.6873255584387,500,False,0.04962504984726938,True,0.014160216010438447,2.564539909362793
1145840,784.9496338510311,500,False,0.04068287252804339,True,0.014139521743845343,4.305026531219482
1147200,681.7395516152003,500,False,0.11385237994091096,True,0.014000930436381384,3.6789464950561523
1147344,728.4666882958047,500,False,0.23857075542834028,True,0.013731329519010972,56.986602783203125
1147344,702.5362514981771,500,False,0.13340618817106517,True,0.013731329519010972,56.986602783203125
1147664,767.2813976865529,500,False,0.076187844628135,False,0.013657810623572264,2.4141287803649902
1147712,743.4415142471704,500,False,0.14784628666450436,True,0.013551956831340277,2.3262438774108887
1147904,746.1247426809751,500,False,0.039170705196747896,False,0.013521219794748036,4.7188191413879395
1149408,789.3152274764989,500,False,0.05466790859020256,False,0.013482689877399662,2.8567328453063965
1150208,686.2727706155166,500,False,0.19854393267244094,True,0.013206396258316816,3.4702935218811035
1150736,825.5513918029601,500,False,0.1088087148671527,True,0.013254010509669309,2.678220748901367
1151152,663.8205278077479,500,False,0.34785417654759787,True,0.013157428945646144,3.0740373134613037
1151232,759.1943965946798,500,False,0.1548910332086298,True,0.013193199964777023,3.442668914794922
1152288,664.1000151831915,500,False,0.15430232771775984,True,0.013256377407609978,1.9945018291473389
1152896,807.1240531515128,500,False,0.06512744818797989,True,0.013576614461133769,2.6226277351379395
1153200,796.2340872378968,500,False,0.10162170907818663,True,0.01395495472345787,5.537181377410889
1153232,717.7314469191969,500,False,0.18963688953787872,True,0.01399331807391137,3.968545436859131
1153840,877.9228320449596,500,False,0.04512856973332238,True,0.013985212921112586,1.817913293838501
1155200,827.292271430546,500,False,0.21586531944910173,True,0.013968241150144502,2.3926758766174316
1155344,741.1086964888349,500,False,0.3148643356525238,True,0.013490740361700853,3.8423550128936768
1155344,744.5468054659272,500,False,0.09189922217265631,False,0.013490740361700853,3.8423550128936768
1155664,832.6903839710889,500,False,0.05708648863386501,False,0.013370955651255663,3.3963747024536133
1155712,773.1426911395101,500,False,0.12136113573396394,True,0.013299831155638774,2.605022430419922
1155904,714.2448776788276,500,False,0.344166452501662,True,0.013308413238460425,2.872344970703125
1157408,715.8756385284788,500,False,0.1967489733205309,True,0.013319118152982659,2.1414871215820312
1158208,830.58896088195,500,False,0.07774989954054327,True,0.013487827751883744,5.401018142700195
1158736,806.4038930170435,500,False,0.13361072194356638,True,0.013183610631715288,3.1184866428375244
1159152,734.6025288379346,500,False,0.08959315356487535,True,0.013093788837178119,2.089254856109619
1159232,736.3730035007413,500,False,0.1539452499600483,True,0.012917040621345202,3.2712481021881104
1160288,658.0209529868141,500,False,0.45784047044169157,True,0.012901534456801872,2.3292014598846436
1160896,827.4676436003548,500,False,0.04933329357377214,False,0.013043876151898776,4.202592372894287
1161200,774.5905894016933,500,False,0.16655209495447088,False,0.013356840826060406,1.5903582572937012
1161232,837.030154978427,500,False,0.08011620757788489,True,0.013583986516618489,2.698892116546631
1161840,798.8626432861191,500,False,0.05215721875514115,True,0.01361202110427817,2.9031014442443848
1163200,811.5419581455416,500,False,0.07762503721191398,True,0.013611258847049433,2.222501754760742
1163344,817.5513410020793,500,False,0.12378202863872756,True,0.013605463160573294,2.6031758785247803
1163344,785.771214249089,500,False,0.05362018057477908,True,0.013605463160573294,2.6031758785247803
1163664,826.8661418413546,500,False,0.090672373358187,True,0.013548552668057356,2.971445083618164
1163712,791.6564581141561,500,False,0.05479171399610878,True,0.013565952818672764,2.1687707901000977
1163904,784.0891080950556,500,False,0.14008340137152875,True,0.013580063568440874,2.8491625785827637
1165408,605.4723383255051,500,False,0.1477062274664625,True,0.013592804505451373,4.326103210449219
1166208,769.8875680882853,500,False,0.0744462049066931,True,0.013688139715571866,1.6987165212631226
1166736,864.1258909723997,500,False,0.07718341177811248,True,0.013284142112782026,2.057734727859497
1167152,773.0388341573789,500,False,0.17373169350390347,True,0.013158385826492005,2.74495792388916
1167232,551.6110684725321,500,False,0.27298499047779395,True,0.013253431835706299,1.8148689270019531
1168288,780.6667332525838,500,False,0.05109827576433953,True,0.013211001900863611,2.928737163543701
1168896,806.0573812191544,500,False,0.12365937745316347,True,0.013129622173589324,2.580322027206421
1169200,761.7586961915481,500,False,0.07615632902910853,False,0.01336584877788913,4.745102882385254
1169232,800.1669382781841,500,False,0.048028051053241566,True,0.01351459065921181,4.827479362487793
1169840,704.6246734673301,500,False,0.18420802713702783,True,0.013534434756751723,2.0287129878997803
1171200,860.8028045090147,500,False,0.10364160412856421,True,0.013580113986890322,2.0796256065368652
1171344,721.2431051494312,500,False,0.1427565204118558,True,0.013353195090714046,2.2970428466796875
1171344,774.2089260252608,500,False,0.06570129833214788,True,0.013353195090714046,2.2970428466796875
1171664,809.4582014268365,500,False,0.09165230521493513,True,0.013316433710441607,2.553466796875
1171712,854.7098468381956,500,False,0.037005748995548364,False,0.013402588339885179,2.898812770843506
1171904,870.0117592167712,500,False,0.030987398003574463,False,0.013417019337214323,2.8089849948883057
1173408,782.333907985538,500,False,0.2023583299857357,True,0.013350494029979785,2.4296207427978516
1174208,794.4667015171261,500,False,0.12062173450954362,True,0.012883505530349532,1.6719433069229126
1174736,808.8814582489179,500,False,0.0685770596771065,False,0.013351847242459731,6.6326704025268555
1175152,804.6278378647773,500,False,0.076164158498526,True,0.01315457306846065,2.8258590698242188
1175232,798.119646019699,500,False,0.05728135599439054,True,0.01318768274286393,1.70132315158844
1176288,806.8344696930061,500,False,0.02386712732398372,True,0.013173239281429265,3.0992400646209717
1176896,820.1524573192701,500,False,0.10079904361883392,False,0.013627321355471315,2.8066020011901855
1177200,796.741655485108,500,False,0.09247925648194924,True,0.013706572485772901,11.843362808227539
1177232,836.3528898496152,500,False,0.13519181645669365,False,0.01368949822151753,3.0317254066467285
1177840,787.4638381596958,500,False,0.03905679733295323,True,0.013679347480116143,68.9794692993164
1179200,851.9781413001945,500,False,0.03725510310761088,True,0.01357262450948712,2.5180251598358154
1179344,756.0088639807265,500,False,0.10764292230971982,True,0.013398063616998777,2.5315017700195312
1179344,770.3687782523617,500,False,0.0942206029034393,True,0.013398063616998777,2.5315017700195312
1179664,878.9647149372438,500,False,0.12823833633367004,True,0.013344620625682257,2.36025333404541
1179712,857.9315592649234,500,False,0.06281898745457037,True,0.013312783344672284,1.7422791719436646
1179904,853.7336028552687,500,False,0.09231294931029858,True,0.013280583778535936,3.144561767578125
1181408,845.7285716504302,500,False,0.05672892076890067,False,0.013181072425639812,2.6878180503845215
1182208,816.7983107557578,500,False,0.07964533799889587,True,0.012904152493843683,2.4052956104278564
1182736,726.7292786330635,500,False,0.2177018139647538,True,0.012785025042807631,3.1625723838806152
1183152,816.572294172743,500,False,0.09814267093794696,True,0.012491920542399865,1.5718144178390503
1183232,775.8534342446954,500,False,0.06203971507797442,True,0.012570261908153028,2.2188916206359863
1184288,775.2392914789122,500,False,0.056986715627829414,True,0.012570405904074305,50.8140869140625
1184896,732.9018970093462,500,False,0.05941054888460736,True,0.013021128426260601,1.9969216585159302
1185200,831.4264232053849,500,False,0.09240016496347558,True,0.013400664269860365,2.1589972972869873
1185232,828.225675005237,500,False,0.1066723982362906,True,0.01363367419185512,2.510253429412842
1185840,640.6099788563116,500,False,0.07703913265433518,True,0.013628977803169871,2.585390090942383
1187200,796.6227082422674,500,False,0.08552763278857191,True,0.013727692516528564,1.8659555912017822
1187344,808.2273697297694,500,False,0.2709937907799098,True,0.01353407768524733,2.1964852809906006
1187344,694.9073100200877,500,False,0.08457404112424408,True,0.01353407768524733,2.1964852809906006
1187664,818.6190354079357,500,False,0.05303049873870155,False,0.013457993674987467,1.9813481569290161
1187712,751.8249411004701,500,False,0.17991835605878612,True,0.013232691642267331,3.867912769317627
1187904,804.4025739976985,500,False,0.1325219657250929,True,0.013199996829230658,9.497221946716309
1189408,798.9054925297411,500,False,0.1271450593234591,True,0.013064786194129617,2.695444107055664
1190208,783.3606741163296,500,False,0.08107995612731023,False,0.012875761114811483,2.5099475383758545
1190736,838.2412001999335,500,False,0.06341922655742231,True,0.012531158035569463,1.538991928100586
1191152,819.0936767680365,500,False,0.13104361929824462,True,0.012498961892058501,2.7902207374572754
1191232,838.839959257674,500,False,0.08158521287080284,False,0.012872630567729717,2.4682233333587646
1192288,841.67266980736,500,False,0.0613924957012342,True,0.012851509625725347,1.8543081283569336
1192896,824.9035936444843,500,False,0.0534415342545634,False,0.01297870823151279,2.183612585067749
1193200,730.843545245524,500,False,0.044379499727973726,True,0.013136122128519776,2.088620185852051
1193232,696.9095657768526,500,False,0.06899459955284673,True,0.013156457094168307,2.0720486640930176
1193840,800.3106808638439,500,False,0.06569838947229403,True,0.013171110478410991,1.8460923433303833
1195200,683.1476423292831,500,False,0.22875601411477325,True,0.013199498619473341,2.7764971256256104
1195344,775.1615769206716,500,False,0.10918816313980953,True,0.012962631302347311,2.7450013160705566
1195344,668.7560425716929,500,False,0.07829244783380597,True,0.012962631302347311,2.7450013160705566
1195664,826.7584920867964,500,False,0.08582843060353651,False,0.012985948405747747,1.5252177715301514
1195712,749.3117128469818,500,False,0.12459894136332217,True,0.01291430227490474,1.8662304878234863
1195904,743.2797699914133,500,False,0.08747335683239812,True,0.012936238922614661,1.8006722927093506
1197408,798.0307329597123,500,False,0.07740639310319566,True,0.012896322162141632,3.122009754180908
1198208,760.9895478939677,500,False,0.06465869687892907,False,0.012790884813162255,22.754783630371094
1198736,754.7178085212472,500,False,0.1690186694640592,True,0.012694470478958952,4.864189624786377
1199152,787.4696625939196,500,False,0.07504651804655296,True,0.012797303167366169,3.244847536087036
1199232,813.9856091219423,500,False,0.12147746991595938,True,0.012847538416704258,4.157183647155762
1200288,779.1151060460962,500,False,0.13519173324790312,True,0.01293905413262235,2.0261707305908203
1200896,794.7538267276116,500,False,0.04891313491047389,True,0.013092138081702428,7.487067222595215
1201200,810.2537159840939,500,False,0.0410807017025382,False,0.013101709100216862,1.7630343437194824
1201232,774.5567115863238,500,False,0.08635530031248302,True,0.013055269496947308,1.6605353355407715
1201840,866.6690957605261,500,False,0.04050016466418169,False,0.01305360725486788,3.257510185241699
1203200,814.8604959151927,500,False,0.053966079572164,True,0.013082482099485041,2.1684346199035645
1203344,809.2503231477772,500,False,0.09286269522188359,True,0.01322427473074297,2.8045437335968018
1203344,770.8302316637837,500,False,0.06894260622069569,True,0.01322427473074297,2.8045437335968018
1203664,813.8000528864748,500,False,0.07747296081185054,False,0.013338107826237565,2.1957409381866455
1203712,703.150332132832,500,False,0.24522980683434556,True,0.013345345345076337,1.7243701219558716
1203904,821.6886057082185,500,False,0.055746457097277866,True,0.013352450560273866,2.3017630577087402
1205408,798.1804791117686,500,False,0.056359355844068836,False,0.013346446048039818,3.392587661743164
1206208,841.2966245214033,500,False,0.0830986121311119,False,0.013299962804901828,1.6568629741668701
1206736,803.9068292113152,500,False,0.23599921861268155,True,0.013409091427481111,46.943702697753906
1207152,790.1635549318241,500,False,0.07116595543961753,True,0.01333474695989841,2.279773235321045
1207232,803.3292415441543,500,False,0.128892257980213,True,0.013356182684102364,1.9799379110336304
1208288,813.0608011652179,500,False,0.06157502561818098,True,0.013347946383052088,9.236320495605469
1208896,717.0952335840865,500,False,0.1898375017240868,True,0.013623185787383942,3.599430799484253
1209200,825.989207149499,500,False,0.08720314555521987,True,0.01340371152999792,2.3650119304656982
1209232,845.9484132370832,500,False,0.09194931387407247,True,0.013382074084222633,1.8231189250946045
1209840,855.0261073885772,500,False,0.08977126659198097,True,0.013371949881372048,1.7445119619369507
1211200,862.0751826956275,500,False,0.042790229697047336,False,0.013234979694243795,1.6704819202423096
1211344,705.6009982846466,500,False,0.18096429004914155,True,0.01307941830937594,2.0157933235168457
1211344,846.5445011606828,500,False,0.0469661448115183,False,0.01307941830937594,2.0157933235168457
1211664,799.1327703079245,500,False,0.1112011007695039,True,0.013126074159606996,1.5474472045898438
1211712,786.1025259126636,500,False,0.20184513878400667,True,0.013128897691751077,2.6220345497131348
1211904,799.9202451219861,500,False,0.12471204462041073,True,0.013108052820162855,4.458324909210205
1213408,792.5717911815614,500,False,0.10966896062957902,True,0.013110300259717544,2.2721357345581055
1214208,798.4062327879017,500,False,0.10567603577389109,True,0.01291028893792033,1.733752727508545
1214736,695.1717144225753,500,False,0.19194451478601618,True,0.01295544394854771,1.3447332382202148
1215152,738.4047563831458,500,False,0.236661624114596,True,0.013016032615318595,1.5874435901641846
1215232,796.9507230199438,500,False,0.08261814397124778,True,0.013081394914999411,7.039772987365723
1216288,764.5306965557123,500,False,0.09905167391608455,True,0.013123017934176489,1.4189339876174927
1216896,837.0925862248781,500,False,0.05671550702060848,True,0.013110867276854883,2.599761486053467
1217200,842.4046745872303,500,False,0.10211161680739345,True,0.0130746587223041,2.6454033851623535
1217232,728.8897876845522,500,False,0.26766289044201463,True,0.0130439230740079,2.415344476699829
1217840,777.7971097116,500,False,0.13648196520704586,True,0.013058920090372614,2.917886972427368
1219200,807.569539088212,500,False,0.156632966336267,True,0.012954516299811439,3.2321207523345947
1219344,861.2216318010427,500,False,0.08925700736035685,True,0.012989323197471135,1.9713490009307861
1219344,767.6821135580047,500,False,0.0768437809394575,False,0.012989323197471135,1.9713490009307861
1219664,823.2101658198716,500,False,0.10470169378919651,True,0.01299266078702011,4.248282432556152
1219712,842.1412319883686,500,False,0.06308596633924614,True,0.012926069967987466,4.927330017089844
1219904,743.2378433522176,500,False,0.12587927641531804,True,0.012919389021656754,1.7268197536468506
1221408,817.6669183814056,500,False,0.059529246032143025,False,0.01286389363097898,2.352296829223633
1222208,831.6678872412009,500,False,0.06571838262190635,True,0.012792733675444805,1.7588152885437012
1222736,613.4071622423877,500,False,0.35677418750343753,True,0.012785175507578114,1.7857332229614258
1223152,831.4720246043182,500,False,0.04099148208626043,False,0.012989586065959513,2.6950855255126953
1223232,785.2233590283573,500,False,0.09136553418284248,True,0.012823621832555289,52.77137756347656
1224288,828.1201230201824,500,False,0.06435393316236687,True,0.012780351461427485,4.203639984130859
1224896,808.5035921641755,500,False,0.038296634128124896,False,0.012323407360959817,51.0201416015625
1225200,694.018531643333,500,False,0.1925151550797567,True,0.012337804046515159,4.476566791534424
1225232,794.0684613928546,500,False,0.08719784450286544,True,0.012266455533426257,4.9609503746032715
1225840,815.4279164702893,500,False,0.12831352068481564,True,0.0122819430136686,2.0724692344665527
1227200,816.2778205500508,500,False,0.024750376276901253,True,0.012322816411770084,2.061145067214966
1227344,751.401318711221,500,False,0.07676800495271033,True,0.012597634151592065,2.359463930130005
1227344,753.2512852884885,500,False,0.129579989645113,True,0.012597634151592065,2.359463930130005
1227664,812.0395536509985,500,False,0.046715500732983195,False,0.012599066070394899,1.9428837299346924
1227712,748.910483876704,500,False,0.1175415362980375,True,0.012620891366793419,4.134800910949707
1227904,819.8227207681591,500,False,0.053794896327323385,True,0.012593535836134479,1.7018687725067139
1229408,864.5846253011136,500,False,0.03023166324219221,False,0.01250565543799186,2.5221128463745117
1230208,798.4610667337236,500,False,0.06032374112720583,True,0.012325360308284508,2.086696147918701
1230736,740.668980772207,500,False,0.18321943347628297,True,0.012616820604670717,6.155681133270264
1231152,880.4668467465275,500,False,0.01857449139161403,True,0.012481664487383628,4.472466945648193
1231232,622.1580650061437,500,False,0.2620433508955254,True,0.01254277622165741,3.820150852203369
1232288,784.0516451153073,500,False,0.056846352731005724,True,0.012506153587044393,1.9046748876571655
1232896,847.6176340114034,500,False,0.010399274037716674,True,0.012552124478497056,6.063779830932617
1233200,815.0905563470508,500,False,0.15408738441806477,True,0.012531199038301544,1.659865379333496
1233232,762.7532358488169,500,False,0.0766098710614773,True,0.012458130622704929,3.523519992828369
1233840,723.288889077062,500,False,0.11392235796085143,True,0.012459600213292732,1.8134170770645142
1235200,865.7034474393771,500,False,0.022765256975343238,False,0.012525711903970274,1.857485055923462
1235344,657.7954961328778,500,False,0.15103335553532196,True,0.012504427704157132,4.8423333168029785
1235344,777.5316372038667,500,False,0.0642751066902841,True,0.012504427704157132,4.8423333168029785
1235664,748.963110991935,500,False,0.11763479494651613,True,0.01255290737207183,1.6773837804794312
1235712,730.9160208377036,500,False,0.15924662668494757,True,0.012410880357860631,1.7503788471221924
1235904,807.2613585667867,500,False,0.07736197908092976,False,0.01240049383679719,3.0133585929870605
1237408,812.7442979605395,500,False,0.03974225544294635,False,0.012520484532753649,2.4991438388824463
1238208,741.9008909565835,500,False,0.06238439484697608,True,0.013323165960056801,2.0403027534484863
1238736,809.8535740436332,500,False,0.15771088319801993,True,0.013149531916416412,1.8012709617614746
1239152,833.2440972271588,500,False,0.04986576400120972,True,0.013054243819497555,2.6562411785125732
1239232,827.3216630583257,500,False,0.0632691543368402,False,0.013125360743040455,1.8002841472625732
1240288,795.318850397068,500,False,0.040978198176587266,False,0.013122156492916837,4.10133171081543
1240896,690.4937271761645,500,False,0.16115202399087122,True,0.013218006144238528,2.713827133178711
1241200,795.1289801275169,500,False,0.06668258656926328,False,0.013222002535786552,2.824812412261963
1241232,747.5422929532256,500,False,0.22908232139613072,True,0.013236933473015683,2.7025294303894043
1241840,786.3126213237955,500,False,0.04110661687784377,False,0.013215726371772285,2.6717705726623535
1243200,803.8172895895548,500,False,0.1811618744825111,True,0.013127892463883092,10.425897598266602
1243344,858.6386327626273,500,False,0.019015492239453095,True,0.012700010524288088,1.8472483158111572
1243344,833.9736109735915,500,False,0.09073124622860002,True,0.012700010524288088,1.8472483158111572
1243664,746.3505855193284,500,False,0.07373701620932578,False,0.012692581816931343,2.002474784851074
1243712,732.9106238800155,500,False,0.15039444498790228,True,0.0127555661260898,1.6741530895233154
1243904,886.4377054124519,500,False,0.13974281871353722,False,0.012805688408972478,1.8807759284973145
1245408,805.4402993875117,500,False,0.1215591807781679,True,0.0127843301377884,2.5276169776916504
1246208,847.3007939185421,500,False,0.0432837389060319,False,0.012988285554634306,3.510673999786377
1246736,788.6511779665408,500,False,0.09122244099653287,False,0.01295748891484298,2.7800068855285645
1247152,845.8358994582143,500,False,0.03341265796659286,True,0.013070142265099415,5.248991012573242
1247232,805.3776278896189,500,False,0.2025250689098604,True,0.012872379068810925,4.427028656005859
1248288,754.4591072849313,500,False,0.0716292565437672,False,0.012881200100823857,5.59639835357666
1248896,802.5220944898621,500,False,0.03082517764103923,False,0.013034982514245737,1.8818153142929077
1249200,762.1689461448793,500,False,0.08118936768710613,False,0.013057623549485989,3.019756317138672
1249232,827.179952917872,500,False,0.11260226290197156,True,0.013215786143634806,1.8123104572296143
1249840,719.8709938422616,500,False,0.11923030462080952,True,0.013232046577115466,3.436190605163574
1251200,770.5427363839859,500,False,0.08729344145506165,True,0.013246966394772141,1.6508374214172363
1251344,841.2690615161858,500,False,0.03450612663805703,False,0.012863378233510072,2.1415653228759766
1251344,872.3362284622509,500,False,0.026025567459470426,False,0.012863378233510072,2.1415653228759766
1251664,709.449686906889,500,False,0.12654745515967966,True,0.012868160246815221,1.3256289958953857
1251712,786.4151380449301,500,False,0.022948765780558406,True,0.012851780015441908,1.885789394378662
1251904,741.8582241162377,500,False,0.06463150037931449,True,0.012858940750675597,1.997289776802063
1253408,823.7673970653452,500,False,0.016520044829074536,True,0.012861524728363384,2.312563419342041
1254208,734.0468245427512,500,False,0.10520646234627493,True,0.012784063916251556,1.8257617950439453
1254736,826.1416504704596,500,False,0.04037017900537602,False,0.012665951783460989,1.8038774728775024
1255152,787.8829102700403,500,False,0.062228558813893234,False,0.01265548830596191,3.0496954917907715
1255232,737.675017438632,500,False,0.08866818503787764,True,0.012448670324617238,35.85724639892578
1256288,789.637989347709,500,False,0.036459785199937006,False,0.01242053833481661,1.6463878154754639
1256896,782.2211445685774,500,False,0.06031697211780715,True,0.012309441005896524,3.9090704917907715
1257200,776.0440447136534,500,False,0.09715301726478465,True,0.012391688613739007,1.6539511680603027
1257232,806.5953760466061,500,False,0.11376465465933731,True,0.012341890647671258,7.324995994567871
1257840,835.8184698462728,500,False,0.060717911803720895,True,0.012321038711373076,2.691215753555298
1259200,718.599357161124,500,False,0.08717794254763571,True,0.012187867168763678,1.5100029706954956
1259344,868.8800644613085,500,False,0.036675638464443064,True,0.012587396353329824,4.526032447814941
1259344,659.098878720977,500,False,0.15900024417089662,True,0.012587396353329824,4.526032447814941
1259664,783.9473787758953,500,False,0.12419116903562288,True,0.012548893023757179,1.90572190284729
1259712,815.9119687138462,500,False,0.0568019283040061,True,0.012385086064512487,3.3060801029205322
1259904,744.5346895897851,500,False,0.03505685077168878,True,0.012370002488104116,2.5085384845733643
1261408,839.512054904213,500,False,0.028059791253725517,True,0.012348573205225422,1.7154991626739502
1262208,849.2222502274475,500,False,0.04984337679862949,True,0.012127981538039227,4.5768890380859375
1262736,753.8491986898927,500,False,0.11717219345926753,True,0.012301820503849576,3.4315929412841797
1263152,791.5297831586349,500,False,0.09777647629039031,False,0.012369508403430955,2.6722021102905273
1263232,793.128706298543,500,False,0.09226791484374433,True,0.012622260996616322,1.9305684566497803
1264288,856.0711004893994,500,False,0.15125616051166726,True,0.012657269063001608,1.6101033687591553
1264896,820.4278439431203,500,False,0.0577257811938009,True,0.013083398707044008,1.4438495635986328
1265200,807.9445461610642,500,False,0.09032675682680785,True,0.013019377759754258,1.6165863275527954
1265232,845.2982676676834,500,False,0.03761079554645513,True,0.012873154553823346,2.26115083694458
1265840,784.5981093637187,500,False,0.036638847477492784,True,0.012841330947308632,1.5525373220443726
1267200,701.0219375977662,500,False,0.2239526925951682,True,0.01265678488501127,3.549259662628174
1267344,843.1770259247885,500,False,0.07902546300974965,True,0.012436512916935602,3.8728575706481934
1267344,694.8759836473246,500,False,0.3868155635562603,True,0.012436512916935602,3.8728575706481934
1267664,777.129411822575,500,False,0.08492547228872109,True,0.012499751008356846,2.1338586807250977
1267712,685.3591665238986,500,False,0.2313312839651503,True,0.012660075415847048,2.5930190086364746
1267904,725.7635192953428,500,False,0.043675146133279746,True,0.012666185542663086,2.1794984340667725
1269408,807.7495048047513,500,False,0.0854362143116256,False,0.01272237747775934,1.7135659456253052
1270208,754.1331301616169,500,False,0.06661753557110725,True,0.012647794935643324,2.385411262512207
1270736,758.976712621021,500,False,0.08713917624500005,True,0.012441464600041162,1.7368042469024658
1271152,808.64962482767,500,False,0.1706665097992005,True,0.012490304787793106,4.426907539367676
1271232,868.7377314432218,500,False,0.04368962457657819,False,0.012436416666213037,3.239276885986328
1272288,833.2212378870603,500,False,0.07090639375432477,True,0.012429127978684432,1.4859554767608643
1272896,706.4604892828453,500,False,0.06479767586708543,True,0.01201503621801906,2.531191349029541
1273200,830.3826958337878,500,False,0.01195776148697489,True,0.01200080828356265,1.7914470434188843
1273232,813.0527534025165,500,False,0.1030757552063521,True,0.012095759991930563,3.64315128326416
1273840,766.7768540211823,500,False,0.23051834396521692,True,0.012113112808082136,4.166953086853027
1275200,848.7454733820614,500,False,0.05425085066439302,True,0.012540671018059085,1.6258652210235596
1275344,817.8985439846499,500,False,0.04564131416754214,True,0.012177767753906102,2.294351100921631
1275344,756.0408148978505,500,False,0.190604674455539,True,0.012177767753906102,2.294351100921631
1275664,785.2897899093001,500,False,0.04105179141717004,True,0.012159011648781571,1.547712802886963
1275712,824.9141082822897,500,False,0.03904235114718239,False,0.01210402490119364,1.916520357131958
1275904,772.5688428338456,500,False,0.1953207152825865,True,0.012111066138395707,3.121957302093506
1277408,841.9967607089659,500,False,0.04820430231517273,True,0.012106048464947535,33.81781005859375
1278208,767.5915108657534,500,False,0.1461967271964173,True,0.012369202692010618,1.6830973625183105
1278736,872.045597670976,500,False,0.10859642902407966,True,0.01233747851537992,2.1266720294952393
1279152,798.6282798920216,500,False,0.07036969422368437,True,0.012338745873670148,2.510180950164795
1279232,748.3550155982913,500,False,0.0927973402563203,True,0.012174298078504108,2.2467269897460938
1280288,786.4729004522259,500,False,0.049442227674774866,True,0.012203070770976336,1.79478120803833
1280896,898.4790914221209,500,False,0.023664744130536455,False,0.012371095967564458,2.748279571533203
1281200,744.0444225638437,500,False,0.07114846090672652,False,0.0124688800610327,2.3923730850219727
1281232,800.7077439823113,500,False,0.08211878930265225,True,0.012404559189226578,1.163651943206787
1281840,827.6093516245033,500,False,0.02343220144105284,False,0.012390064587290453,1.5915720462799072
1283200,858.1082239244987,500,False,0.024443424635501677,True,0.012287826379922647,2.227998733520508
1283344,799.0780531903274,500,False,0.05090849788809028,False,0.012351265519938157,1.7178889513015747
1283344,726.05807138642,500,False,0.056777211854157475,True,0.012351265519938157,1.7178889513015747
1283664,741.4834122711532,500,False,0.08469006286807958,True,0.012403580690117965,3.7333171367645264
1283712,848.5931693313248,500,False,0.07759923240312389,True,0.012461967960826768,1.3403836488723755
1283904,755.5111802099225,500,False,0.12082695714796059,True,0.012467083428271906,1.7369799613952637
1285408,834.9397967565654,500,False,0.059480587941010715,True,0.012469493956989071,3.3871240615844727
1286208,846.4953515809743,500,False,0.06647330315249245,True,0.012117895329356232,3.255676507949829
1286736,891.9392078995652,500,False,0.019622161517772106,False,0.012234654489657337,1.6181609630584717
1287152,865.0466313544695,500,False,0.06959192164725982,True,0.012239063247566809,2.0746712684631348
1287232,870.8179193897909,500,False,0.04653668349372441,False,0.012240142294018328,3.7389373779296875
1288288,855.5991923167446,500,False,0.06363600646955284,False,0.012272672167234898,1.985258936882019
1288896,824.366781148683,500,False,0.034835769986810365,True,0.01194545530753794,3.7812395095825195
1289200,828.4137853944711,500,False,0.05260650139497265,True,0.011973380277998965,1.9124698638916016
1289232,844.8770440264401,500,False,0.09220251214961024,True,0.011939163748337249,1.6747956275939941
1289840,791.3185306950649,500,False,0.038671017872627965,True,0.011921118192486176,2.525515079498291
1291200,829.6517456265946,500,False,0.11911267224081384,True,0.012129964753744362,2.222813129425049
1291344,879.0586083272461,500,False,0.03924661795248791,True,0.011942213453506042,1.8449902534484863
1291344,747.5319375411317,500,False,0.059568314383212306,True,0.011942213453506042,1.8449902534484863
1291664,760.953210294838,500,False,0.07771061694874322,True,0.011902399019393493,2.3674733638763428
1291712,855.6560489023336,500,False,0.14186557514161469,True,0.011872773275528188,1.5075604915618896
1291904,853.5901268234592,500,False,0.04976618353840169,True,0.011878220867351604,1.4355783462524414
1293408,774.7037021343622,500,False,0.08503981249971682,True,0.011992269032178888,2.2364165782928467
1294208,826.1605809565971,500,False,0.0439101541448307,True,0.012021274641950797,2.846750020980835
1294736,843.7621888037409,500,False,0.1098506552497166,True,0.01221216831703822,2.8762407302856445
1295152,834.8473994826034,500,False,0.09316708483622667,True,0.01218451749853547,1.3398687839508057
1295232,802.1149764020915,500,False,0.07066244992268836,True,0.012170169193008899,3.550781726837158
1296288,839.2370308557344,500,False,0.12974376929685794,True,0.012141119855873716,1.5421475172042847
1296896,808.7083693198,500,False,0.06449028239250015,True,0.01184244861276396,1.3501323461532593
1297200,852.5517681562043,500,False,0.052341392002385835,True,0.011823044084453246,26.499176025390625
1297232,718.8002456169804,500,False,0.08243495853712078,True,0.011920749025123708,1.8125431537628174
1297840,780.1112370619799,500,False,0.11394073408417392,True,0.01192860031937988,1.756296992301941
1299200,853.1011653693447,500,False,0.03513049952098969,False,0.011954831138751518,1.7903738021850586
1299344,860.0118841814115,500,False,0.01646929873926018,True,0.011711395452891717,3.3161509037017822
1299344,794.9003248434038,500,False,0.1265222184962418,True,0.011711395452891717,3.3161509037017822
1299664,712.2003172300916,500,False,0.49989666540094824,True,0.011692233239581424,3.862947463989258
1299712,790.0892282814855,500,False,0.07558770087153707,True,0.011573750250337618,2.5778770446777344
1299904,813.6913334046427,500,False,0.04734206042327039,True,0.011549488875255426,1.4366254806518555
1301408,837.2923341145345,500,False,0.1699642009214213,True,0.0114938906731817,3.238585948944092
1302208,754.4739425906774,500,False,0.06731359223992255,True,0.011414960681613585,2.5795555114746094
1302736,820.3578494296186,500,False,0.025023660371979665,False,0.011526163337908636,1.3128507137298584
1303152,712.8254893250084,500,False,0.2203571216189557,True,0.01152247102991373,4.1531829833984375
1303232,805.6737065555823,500,False,0.13874118693189705,True,0.01141720559198069,1.8880677223205566
1304288,760.6348885530464,500,False,0.0436715987396638,True,0.011363333365153782,1.796297311782837
1304896,851.9809583480819,500,False,0.03369381108412635,True,0.010870577194833694,2.10859751701355
1305200,825.5322676163144,500,False,0.09584029445621227,True,0.011023482818797383,1.6413354873657227
1305232,816.9002801729717,500,False,0.08207873217030513,True,0.011079491859161981,1.365641474723816
1305840,790.5661532212174,500,False,0.1511402446357413,True,0.011077733429085803,1.1738779544830322
1307200,785.707364984328,500,False,0.07299728048812652,True,0.010924542844791975,1.3266901969909668
1307344,755.484479388579,500,False,0.07976963444175783,True,0.01079938642966143,1.3875017166137695
1307344,705.9290260893301,500,False,0.211331452294941,True,0.01079938642966143,1.3875017166137695
1307664,771.3571169805473,500,False,0.060515160628321935,True,0.010815539134440505,1.821308970451355
1307712,672.9369941678303,500,False,0.2497861711583276,True,0.010876701238276084,1.5990831851959229
1307904,708.5819170191854,500,False,0.07629377731393758,True,0.010890607721355106,1.5013387203216553
1309408,880.4924844420428,500,False,0.009038631691110084,True,0.01092631303771249,6.0613274574279785
1310208,781.3558496509165,500,False,0.06862043405453715,True,0.011014167114305954,2.1322550773620605
1310736,690.6039014727831,500,False,0.7093265243816952,True,0.011057173294477777,1.4267923831939697
1311152,804.8069394514579,500,False,0.1870650608479552,True,0.010936727451261738,1.3807215690612793
1311232,800.1791589170161,500,False,0.02735778721625779,False,0.01078596958545036,1.6484273672103882
1312288,756.6064260917387,500,False,0.08185221196775955,True,0.010720526220840161,1.7148151397705078
1312896,799.4387447420773,500,False,0.1499973255432192,True,0.010495400871720729,1.3766493797302246
1313200,833.2884292099889,500,False,0.07398101118419595,True,0.010262916515765696,1.4050443172454834
1313232,780.1347295472318,500,False,0.09027586199687034,True,0.010297412102325812,2.2372238636016846
1313840,836.2291939776521,500,False,0.028964700973067806,True,0.010300228481513239,1.840622067451477
1315200,673.2913853674683,500,False,0.15870768369391963,True,0.010313552702767136,1.292378544807434
1315344,739.9254115204452,500,False,0.10782649756457198,True,0.010381406656359714,1.430471658706665
1315344,764.0136531332912,500,False,0.07057565597915688,True,0.010381406656359714,1.430471658706665
1315664,840.083798050451,500,False,0.03493333692563756,True,0.010429601286905687,1.9986759424209595
1315712,701.1168804237053,500,False,0.3369581822866433,True,0.010486887086345674,1.3169742822647095
1315904,808.5716296051045,500,False,0.027377163937599286,True,0.01051284666721084,1.5526082515716553
1317408,797.7328700712288,500,False,0.0574912292304293,True,0.010526141183002628,1.7611544132232666
1318208,838.2742552906094,500,False,0.09556120127516947,True,0.01049700466367314,1.2833302021026611
1318736,755.3476323668988,500,False,0.06519688150220829,True,0.010356981023084463,3.2179646492004395
1319152,764.9212975060051,500,False,0.07615675726334836,True,0.01028026499856702,1.131244421005249
1319232,809.0128024619278,500,False,0.06869640291607852,True,0.010208912893244873,2.5701279640197754
1320288,815.2387351840922,500,False,0.027345005974562842,False,0.0101903269305744,1.2988593578338623
1320896,731.126494104648,500,False,0.3041111547100113,True,0.010189078774596511,2.772260904312134
1321200,825.2980823844248,500,False,0.06529715911039684,False,0.010117891071876953,1.8747893571853638
1321232,749.0369271521848,500,False,0.17166454610857482,True,0.010002488292531891,2.1547722816467285
1321840,880.8848883930001,500,False,0.13886358779766098,True,0.009996422504718517,1.67061185836792
1323200,787.0797052909905,500,False,0.10752110539975977,True,0.010063942232850313,1.5954638719558716
1323344,717.5121233222188,500,False,0.04879477876377477,True,0.010058624630356597,1.8394896984100342
1323344,791.772367498484,500,False,0.0494207870373601,True,0.010058624630356597,1.8394896984100342
1323664,735.0982329349561,500,False,0.2602046253251908,True,0.009979480682423207,1.4800686836242676
1323712,756.9920968670953,500,False,0.07682202754073889,True,0.00989633648385416,1.718135952949524
1323904,830.7908775385944,500,False,0.07257864742505515,True,0.00988702524364314,1.294066309928894
1325408,868.6670754926694,500,False,0.03807082661597707,False,0.00994081091871221,3.8500046730041504
1326208,795.8812525222179,500,False,0.10436673747461145,True,0.009895200784454595,4.0180559158325195
1326736,788.5455101923491,500,False,0.038326141812435245,True,0.009829256937257141,3.79292368888855
1327152,700.5090749840637,500,False,0.21338332530850537,True,0.009815922372201809,1.706369161605835
1327232,765.788914178555,500,False,0.1571891469224864,True,0.009935594085384537,1.5258699655532837
1328288,816.0911322638826,500,False,0.0686286033538221,True,0.009951911106049757,5.317883491516113
1328896,856.4600763283022,500,False,0.04143671123402306,True,0.009967089489328961,1.3989617824554443
1329200,788.3583574056613,500,False,0.05066165031885651,True,0.010097885276166554,1.2733640670776367
1329232,872.2466541379486,500,False,0.10963624437731376,True,0.01015471547160534,5.472321510314941
1329840,811.1328644717569,500,False,0.05336830108292021,True,0.01017113410085788,1.5321420431137085
1331200,786.3468755787599,500,False,0.12346483170579804,True,0.010259518091656868,1.2736773490905762
1331344,844.598056273653,500,False,0.0717523084375103,True,0.010019810404640941,3.2918553352355957
1331344,826.7468287029793,500,False,0.0610685578897661,True,0.010019810404640941,3.2918553352355957
1331664,861.0325832623922,500,False,0.025125916923671873,True,0.009999716476444095,1.794588565826416
1331712,775.803257161083,500,False,0.07886624299262464,True,0.010059910674332406,2.889303207397461
1331904,835.1065217962132,500,False,0.13045580686772,True,0.010094649516734886,1.391572117805481
1333408,884.2809001368771,500,False,0.05754278638763287,True,0.010199392744774223,1.4257909059524536
1334208,738.3359246283542,500,False,0.03938793491862306,True,0.009918070703255611,1.1369497776031494
1334736,886.0465744819352,500,False,0.020302855892675168,False,0.009973453543130338,1.5359385013580322
1335152,665.1322020133857,500,False,0.3479490958743382,True,0.010111646180455972,1.679600715637207
1335232,818.4461286798539,500,False,0.06058455832934513,True,0.010148142829967273,1.393385648727417
1336288,851.1899409973918,500,False,0.1075222335666633,True,0.01011690691052531,1.325528621673584
1336896,856.0792473700453,500,False,0.04014906258070279,False,0.010276040907212514,5.172146797180176
1337200,854.9779744365703,500,False,0.04287301723545492,True,0.010048135883033939,1.4726707935333252
1337232,819.3360520134519,500,False,0.06948947160646687,True,0.010053560805918658,1.3565376996994019
1337840,783.4646263320544,500,False,0.10509528225859445,True,0.010059073658585218,2.819056510925293
1339200,809.679959402182,500,False,0.12121152852852436,True,0.009992877391234743,1.819813847541809
1339344,830.7997585054934,500,False,0.0394896282487444,True,0.009823336021187762,1.8819506168365479
1339344,727.075816928155,500,False,0.14703719803633225,True,0.009823336021187762,1.8819506168365479
1339664,764.4540686613066,500,False,0.0849306889062828,True,0.009821829745889646,4.809746742248535
1339712,731.6372254093819,500,False,0.037506402479483204,True,0.009887265925791167,5.290158748626709
1339904,832.3195786304158,500,False,0.056106101750150454,False,0.009892787124288855,1.380246877670288
1341408,779.2743740128961,500,False,0.08454643827773348,True,0.009863893012058755,1.894524097442627
1342208,815.9460289569846,500,False,0.03512921186693111,True,0.009875831996049727,2.560852289199829
1342736,862.0977048909514,500,False,0.03423125528991448,False,0.009936037974374722,1.3122339248657227
1343152,790.5035825597843,500,False,0.10742382920084516,True,0.009725642009359091,1.8956360816955566
1343232,776.5536400624649,500,False,0.14425435634798042,False,0.00977582872922808,1.1142617464065552
1344288,873.2901316598351,500,False,0.056699912622257834,True,0.00980639386983673,1.4975037574768066
1344896,847.4306359381558,500,False,0.036884639440852095,False,0.009751373137843652,1.3240692615509033
1345200,779.9925297406429,500,False,0.10145221391175394,True,0.009840627531058072,1.2830796241760254
1345232,820.4662182594645,500,False,0.037584224497733285,True,0.009851787313055431,1.1872755289077759
1345840,725.736895254554,500,False,0.1148426392596061,False,0.009832124775586919,1.0951803922653198
1347200,826.9719602404921,500,False,0.04698951470124637,True,0.009711804901110956,1.587327480316162
1347344,658.3277290478696,500,False,0.1838015803023117,True,0.009823855895874327,1.4608638286590576
1347344,800.6360267380084,500,False,0.07831088522992259,True,0.009823855895874327,1.4608638286590576
1347664,789.0366142667041,500,False,0.1656073648651999,False,0.009757556443917941,1.3989319801330566
1347712,836.8065412107338,500,False,0.01897515247109393,False,0.00964122526056312,2.877347946166992
1347904,801.7050435045388,500,False,0.04167988872046457,True,0.009641026309756882,1.387028694152832
1349408,791.3159302308583,500,False,0.006863319951400866,False,0.009638115127759188,3.3806819915771484
1350208,803.9274460377362,500,False,0.11272752229753875,True,0.009558075542552245,1.8110148906707764
1350736,741.6834311517007,500,False,0.07623335389979323,True,0.009512047155854407,2.1648621559143066
1351152,865.474528457755,500,False,0.016701614658179736,True,0.009480143055172946,1.7295260429382324
1351232,851.0187835802807,500,False,0.06626345223661777,True,0.009464261414397884,1.45427668094635
1352288,682.0332041280394,500,False,0.14271016388028523,False,0.009431869051720498,1.3467276096343994
1352896,787.6970988119305,500,False,0.20823667976859003,True,0.009672948088767714,2.71098256111145
1353200,774.1150669805546,500,False,0.09909439918051863,True,0.00960341081724919,3.6448779106140137
1353232,824.5933847321999,500,False,0.1382655544264441,True,0.009689476906858173,1.3548673391342163
1353840,815.4268737637963,500,False,0.05628235864456971,True,0.009689901673988817,2.8106038570404053
1355200,844.0339583571374,500,False,0.06082289279085656,True,0.009706413641453089,1.09325110912323
1355344,807.4072059318544,500,False,0.06291255858166166,True,0.009520040833088356,1.5710138082504272
1355344,798.004334567572,500,False,0.22404908180831992,True,0.009520040833088356,1.5710138082504272
1355664,839.2812601201566,500,False,0.037574006049531254,False,0.00952694600999304,1.3258802890777588
1355712,767.1675379186526,500,False,0.1125132553058538,True,0.0094650072555403,1.224050521850586
1355904,843.5857368620154,500,False,0.061627974709621766,True,0.009462787504696915,0.9930326342582703
1357408,796.6236953957807,500,False,0.07639392177913423,False,0.00950869740059324,1.3603785037994385
1358208,844.7366910698508,500,False,0.15089078524298402,True,0.009643170112461208,1.4032700061798096
1358736,765.5167375171243,500,False,0.039611843015252245,True,0.009495081889918173,1.2613447904586792
1359152,862.4505304823595,500,False,0.054979899307753335,False,0.009394090146311,1.0146591663360596
1359232,870.7137871973389,500,False,0.05900326324177633,True,0.009498611845480983,1.3037701845169067
1360288,802.6501488802897,500,False,0.13074029476366522,True,0.009506376736350783,1.3057456016540527
1360896,806.3644448702202,500,False,0.06559124031198083,True,0.009342712627362254,1.171471118927002
1361200,780.4256539265835,500,False,0.1468709754827499,True,0.00915205505271877,3.365259885787964
1361232,782.3152897354997,500,False,0.3859959182785987,True,0.00915734501540515,1.3306748867034912
1361840,792.0335571017812,500,False,0.17872791540747424,True,0.009156341872691326,1.3165538311004639
1363200,850.4055813198579,500,False,0.05536353664889354,False,0.009171028142798484,4.721151351928711
1363344,835.8617284262061,500,False,0.04934209789978994,True,0.00920655042560994,2.633043050765991
1363344,832.3318649343291,500,False,0.021886833707468925,True,0.00920655042560994,2.633043050765991
1363664,722.9682159084834,500,False,0.17639338838534224,True,0.009142592632600451,1.6232147216796875
1363712,662.7490120161498,500,False,0.11811576517409626,True,0.009152221179703855,1.4419447183609009
1363904,831.7571252744872,500,False,0.024899778550969646,False,0.00913935845302403,1.0954601764678955
1365408,845.8115681763412,500,False,0.07166396185221462,False,0.009124996017419753,1.2907648086547852
1366208,821.2083928386814,500,False,0.01789064760611434,True,0.009238078939320181,1.1663644313812256
1366736,759.3313696000938,500,False,0.11618261241264821,False,0.009301294019332343,1.740434169769287
1367152,780.9653356847746,500,False,0.11506923571035906,True,0.00935397507970468,1.2847249507904053
1367232,828.2227365336504,500,False,0.06947328913415632,True,0.009397336333977054,1.2606208324432373
1368288,720.915124956491,500,False,0.12950767822141515,True,0.009397026600507343,1.4876964092254639
1368896,824.1520019422439,500,False,0.0888831204064675,False,0.009359263618512094,1.0952253341674805
1369200,654.2254832879859,500,False,0.16359391721601269,True,0.009276909516869603,1.3472840785980225
1369232,788.5939423088136,500,False,0.11644009246850913,True,0.009294790201000125,3.637605905532837
1369840,727.5223977300476,500,False,0.19111164755063256,True,0.009293177462275606,1.058605670928955
1371200,797.2555756682888,500,False,0.08406860689647878,False,0.009169114819317443,2.5313243865966797
1371344,705.9190284096742,500,False,0.10107350371782414,True,0.008921743675625603,1.5126163959503174
1371344,779.0965779141852,500,False,0.09148573746557818,True,0.008921743675625603,1.5126163959503174
1371664,865.6329924419921,500,False,0.04571583067982762,True,0.008941746388262466,1.078695297241211
1371712,846.6659995784113,500,False,0.051956015630318535,True,0.008922072403440739,2.459853172302246
1371904,866.919547734194,500,False,0.05651601005090031,True,0.008924251047843109,4.661192893981934
1373408,815.1767654094219,500,False,0.03092039177969439,False,0.0089548858573821,2.0845251083374023
1374208,781.4072782221733,500,False,0.13365569110208148,True,0.009109479709301158,1.1967344284057617
1374736,770.4091103371273,500,False,0.14392138553018835,True,0.009077106713427499,2.3316335678100586
1375152,680.4780723214765,500,False,0.17750369982897296,False,0.009000365581730818,1.1452275514602661
1375232,744.6106478484767,500,False,0.09704094398883138,False,0.008903313888653062,1.26454496383667
1376288,757.6920594508412,500,False,0.10106869161305684,True,0.008912304514354444,1.2061467170715332
1376896,774.6839729334673,500,False,0.05342312979635885,True,0.009080223465752248,1.0790042877197266
1377200,799.8041634044488,500,False,0.06396398128837581,True,0.009099363510924708,1.185091257095337
1377232,822.2391678002532,500,False,0.051130492024588484,True,0.00897437203926187,1.2471132278442383
1377840,704.3911474592004,500,False,0.08706024915955102,True,0.008971809387243835,3.7931249141693115
1379200,794.3890312620418,500,False,0.13523751121255012,True,0.008891523280492367,1.4075777530670166
1379344,822.1756940035615,500,False,0.06995367956525593,True,0.009095270772301793,0.9711350202560425
1379344,726.7004494176877,500,False,0.06375872158552379,True,0.009095270772301793,0.9711350202560425
1379664,787.3632276670611,500,False,0.09210084724028626,True,0.009101472858058207,1.1539194583892822
1379712,741.4196711492152,500,False,0.04790955776864289,True,0.009134304213420867,2.128601551055908
1379904,810.6166851076258,500,False,0.13334068924563527,True,0.009116350588488437,2.859797477722168
1381408,655.8222256106,500,False,0.4417643819871369,True,0.0090068952020667,1.9647257328033447
1382208,839.0470331555239,500,False,0.04983764161462654,False,0.008996019553167962,1.4088999032974243
1382736,737.2392513639584,500,False,0.05460178658996531,True,0.009072128835800013,2.150055408477783
1383152,724.6689857075146,500,False,0.04300323759270935,True,0.009168103683783417,0.9234424233436584
1383232,808.7851291803911,500,False,0.08805175668262435,True,0.009034917604844308,1.174492359161377
1384288,750.8732232567324,500,False,0.12442208031828507,True,0.009024402044014947,1.0644562244415283
1384896,829.0282189265388,500,False,0.14681083651646304,True,0.00896724828057454,1.0121089220046997
1385200,842.2159119680579,500,False,0.07314524830381022,True,0.008789020319246313,1.0214794874191284
1385232,839.3679472475468,500,False,0.04422203865009842,True,0.008760696326096632,2.5506505966186523
1385840,764.737626967194,500,False,0.05472919007290982,True,0.008764608231259885,1.0122082233428955
1387200,711.5474330720533,500,False,0.13612187081661636,True,0.008599351189599815,0.9636614918708801
1387344,838.83151255694,500,False,0.04011915720753189,True,0.008792143424762396,2.0568675994873047
1387344,859.5214947387283,500,False,0.01986802690060498,True,0.008792143424762396,2.0568675994873047
1387664,757.4679786153841,500,False,0.20659474568331704,True,0.008802951571153777,1.0146541595458984
1387712,782.8685388278374,500,False,0.04210307392498697,True,0.008881310012223751,3.3648571968078613
1387904,763.4757226594014,500,False,0.132218676317412,True,0.008886555755276977,1.3495845794677734
1389408,867.8993604677596,500,False,0.06852965685985421,True,0.00888484159463278,1.2756561040878296
1390208,672.7454222579022,500,False,0.23561879551363868,True,0.008811738538979838,0.8046025633811951
1390736,711.2366892215965,500,False,0.13318248560162815,True,0.008701430773712321,1.7735846042633057
1391152,891.5740232678584,500,False,0.032972608082660934,False,0.008652112004389277,1.0035710334777832
1391232,805.0848976500749,500,False,0.04119290306297604,False,0.00862982422391911,1.1964491605758667
1392288,836.7061850083569,500,False,0.09336927157317446,True,0.00859840027252351,0.9867674112319946
1392896,789.638894461011,500,False,0.04046415117938895,True,0.008685072530955391,1.41768217086792
1393200,811.9638062271575,500,False,0.0721959517896917,False,0.008707297126232699,1.1869440078735352
1393232,770.5583053129263,500,False,0.10924806824593933,True,0.00872357768828437,0.896543562412262
1393840,769.719700393763,500,False,0.06165492504468701,True,0.008732739068928057,1.1930171251296997
1395200,765.6075058161193,500,False,0.08456926112104032,True,0.008750713949730562,1.032861351966858
1395344,841.7780048631639,500,False,0.13078874623375045,True,0.008682912681883594,0.98572838306427
1395344,747.5936553597494,500,False,0.06637114041585944,True,0.008682912681883594,0.98572838306427
1395664,845.5397537527045,500,False,0.054165685317243764,False,0.008664375906169815,1.3494586944580078
1395712,724.3543562325145,500,False,0.1979697619352668,False,0.008628034053502199,0.9500589370727539
1395904,785.9663125283232,500,False,0.14614947603468448,True,0.008616663282313032,1.580571174621582
1397408,809.9211104279339,500,False,0.11852261483605937,True,0.008638136242317662,3.8689968585968018
1398208,832.0951173592007,500,False,0.044717978945233244,True,0.008788352833511615,1.8879988193511963
1398736,796.7234798413767,500,False,0.09759742285747465,True,0.008753840338616169,1.1475430727005005
1399152,789.5129367257015,500,False,0.13719547986568306,True,0.008653156324099678,1.030698537826538
1399232,802.7967889713401,500,False,0.09136231697641933,True,0.008689032859271077,1.9589927196502686
1400288,703.5638101049212,500,False,0.06676458620650062,True,0.008659523126213056,1.2464908361434937
1400896,760.6099782385572,500,False,0.11896260794072602,True,0.008618178984968743,1.3309766054153442
1401200,734.6453447676154,500,False,0.06509732187583209,True,0.008580272954961462,1.2763822078704834
1401232,704.2984188376336,500,False,0.0248009731349958,False,0.008624094237490528,2.0346853733062744
1401840,769.355394021853,500,False,0.06927700039573877,True,0.008627496027958056,1.3979270458221436
1403200,852.1240832241547,500,False,0.09331860228568185,True,0.008602417150618956,1.9187607765197754
1403344,797.3185402191008,500,False,0.1676678054861435,True,0.008633075962314671,2.3624706268310547
1403344,807.651433413992,500,False,0.1575156237720634,True,0.008633075962314671,2.3624706268310547
1403664,801.3162546368131,500,False,0.037354609231685584,True,0.008608248302447498,1.8100159168243408
1403712,815.6622468611548,500,False,0.05521793270293882,False,0.008594325901131118,0.9530948400497437
1403904,833.176526914652,500,False,0.055194243968866484,False,0.008605097166269766,1.3778412342071533
1405408,808.5777748277477,500,False,0.052889754409406985,True,0.008588289515875947,0.8385431170463562
1406208,760.2714281407235,500,False,0.11632755293810632,True,0.008744975089285055,2.90963077545166
1406736,775.7717198769506,500,False,0.09573762190600543,True,0.008715981540500253,1.1797529458999634
1407152,780.9604319455746,500,False,0.11195348741262502,True,0.008623465357212189,1.2605390548706055
1407232,824.0707822863385,500,False,0.1256836318947734,True,0.008695235302835287,3.130051612854004
1408288,768.1735926212308,500,False,0.022755513273246555,True,0.008697953156806104,1.38481605052948
1408896,751.1360952382971,500,False,0.07276492904861075,True,0.008651700200172403,0.8005841970443726
1409200,906.8713168970601,500,False,0.0318081957602712,True,0.008711740266046033,1.0772645473480225
1409232,710.6049935825536,500,False,0.1424163845415195,True,0.008816749111206905,0.8616306781768799
1409840,770.7492511396811,500,False,0.06382480528437186,True,0.008806884964423322,1.2524876594543457
1411200,811.8435388480235,500,False,0.08914693541229748,True,0.008599597585881965,0.9407774209976196
1411344,769.1983325328322,500,False,0.15621381783957494,True,0.008392012239366604,1.5053925514221191
1411344,817.5880321251149,500,False,0.06863698442712143,True,0.008392012239366604,1.5053925514221191
1411664,796.6265952958742,500,False,0.04098383289236594,True,0.008386174928680434,1.944756031036377
1411712,729.7720634439113,500,False,0.1821495764236259,False,0.00840360673175595,1.0782850980758667
1411904,823.1360274277408,500,False,0.0177134991190618,False,0.008397858614182841,1.1597623825073242
1413408,797.2357877623435,500,False,0.05339052040150267,True,0.008474933188613771,1.5380160808563232
1414208,864.0745067094239,500,False,0.035421631611387026,True,0.00837153232235337,0.9262343049049377
1414736,848.4837008799158,500,False,0.030437790088015143,True,0.008278118814249502,3.1385083198547363
1415152,731.8108536039421,500,False,0.0847471126078806,True,0.008155375218413996,1.838860273361206
1415232,735.4822469785773,500,False,0.17071866103572203,True,0.008062542612422802,1.1048959493637085
1416288,777.6579642209928,500,False,0.05117429191071406,True,0.008043737087559085,1.036989688873291
1416896,766.0128144801918,500,False,0.15322644757998752,True,0.008098271463983269,1.223024845123291
1417200,746.669062301188,500,False,0.06459048349472765,True,0.008165646802718392,1.021904468536377
1417232,702.9728927878682,500,False,0.1757447066252409,False,0.008370790683987394,1.62392258644104
1417840,749.7272333111437,500,False,0.06343121595342341,True,0.008384411047564716,1.237605333328247
1419200,802.3392674316234,500,False,0.11414557326822165,False,0.00838333725400038,1.2799694538116455
1419344,688.5043175942725,500,False,0.18350310734502617,True,0.00846595259178105,1.3568474054336548
1419344,765.0222121109347,500,False,0.08961077600291786,True,0.00846595259178105,1.3568474054336548
1419664,734.5939357417739,500,False,0.06660595626943439,True,0.00848205748793806,1.3995428085327148
1419712,693.2919252046465,500,False,0.13452309463977777,True,0.0085862852451059,1.311231017112732
1419904,780.1581634479653,500,False,0.05049780038616176,True,0.008585514994184317,1.1206707954406738
1421408,738.3553163348658,500,False,0.02752889307788272,False,0.008562065957465146,3.8255743980407715
1422208,805.9231904555548,500,False,0.07241971887565363,True,0.00839295582559608,0.8279207944869995
1422736,786.3047609796141,500,False,0.05860236701472848,True,0.008482546000162097,1.1338696479797363
1423152,799.4766134928369,500,False,0.07835583989560603,True,0.008390304999227617,1.3800586462020874
1423232,827.5901498843115,500,False,0.028399741851158934,True,0.00841580475343077,1.452005386352539
1424288,764.8276822665632,500,False,0.054608114756573636,True,0.008407192951750865,1.0986742973327637
1424896,755.8969619591053,500,False,0.15131595598936845,True,0.00848615643689157,1.3122673034667969
1425200,798.1073978018333,500,False,0.06583708128311337,True,0.008588174887631455,1.295539140701294
1425232,804.4129959554012,500,False,0.040387002090316475,True,0.008510188591115055,1.4399492740631104
1425840,794.3642262926139,500,False,0.052972013925168135,True,0.008502821910488203,1.5125465393066406
1427200,873.9558703231395,500,False,0.041972360586965775,False,0.00844419372250793,1.4495223760604858
1427344,739.3637807632864,500,False,0.14749216801185808,True,0.008439857037300115,1.059456706047058
1427344,672.2942614524812,500,False,0.13801184563159696,True,0.008439857037300115,1.059456706047058
1427664,847.0483021861519,500,False,0.02367282910474033,True,0.008406426514505922,1.1426864862442017
1427712,713.4439020267429,500,False,0.12271096146559823,True,0.008444239234555418,1.1322323083877563
1427904,828.8920747545485,500,False,0.044862000859524964,False,0.008441209051172505,1.02658212184906
1429408,795.0731370410658,500,False,0.041274695688876435,True,0.00837688431706247,1.1260757446289062
1430208,862.2057667135168,500,False,0.08645659339481365,True,0.008141203325177565,1.2014341354370117
1430736,851.0369666927471,500,False,0.04475829680428616,True,0.008194390816647818,1.02046537399292
1431152,834.9268515259299,500,False,0.09350221241018318,True,0.008252505011503021,0.9520366191864014
1431232,806.0596194788812,500,False,0.030319827646537092,True,0.00825189469296912,1.229610800743103
1432288,778.2648073001731,500,False,0.08819575554031202,True,0.008268243979465397,1.4851703643798828
1432896,798.9161206194331,500,False,0.15429953634276447,True,0.008073350823165456,1.0646071434020996
1433200,724.0187301758506,500,False,0.11497707397544718,False,0.007990430075442088,1.5089633464813232
1433232,755.4633491542942,500,False,0.06298929036395744,True,0.007893643131454886,1.2719359397888184
1433840,824.3124671739276,500,False,0.05895014910574197,True,0.007891261829787524,1.1592302322387695
1435200,828.4615753070364,500,False,0.03479788892525448,False,0.00791315939614019,1.014150619506836
1435344,902.7041630878861,500,False,0.025539994138993556,True,0.008010632053803056,0.8448152542114258
1435344,811.9997221446292,500,False,0.0877517749534754,True,0.008010632053803056,0.8448152542114258
1435664,730.3054844792338,500,False,0.10659293096077263,True,0.008024449132176625,1.020265817642212
1435712,844.0873919524956,500,False,0.12127705915210911,True,0.007941629372531666,2.654022455215454
1435904,807.2787104793368,500,False,0.057237032915661845,False,0.007942946339047184,1.1244449615478516
1437408,712.1541453315516,500,False,0.1921294468995401,True,0.00798693552597831,1.09731125831604
1438208,793.25930399603,500,False,0.14706552479236282,True,0.00808890231257244,1.0139188766479492
1438736,747.0530760724961,500,False,0.06320536192379048,True,0.00796110636078115,1.548116683959961
1439152,720.3642459896587,500,False,0.10883762232146399,True,0.007897530768671389,1.403818130493164
1439232,819.1654053034474,500,False,0.08632061011974922,False,0.007861661849728984,5.181774616241455
1440288,804.5717749870175,500,False,0.03175800802657905,True,0.007880258984312665,1.4685437679290771
1440896,827.0849136296595,500,False,0.04056558301176489,False,0.0078101572782989645,2.4399876594543457
1441200,847.9978868372386,500,False,0.0488575069202454,True,0.007713574355671053,1.0749988555908203
1441232,812.9053424390345,500,False,0.05766489779288109,True,0.007686763824032977,1.0499844551086426
1441840,824.3334141030635,500,False,0.055613297984412224,False,0.007689355354864295,1.2075029611587524
1443200,725.6181956702953,500,False,0.15227098744651296,False,0.007837022661497023,1.1242316961288452
1443344,753.6835669299247,500,False,0.026913298013753705,False,0.007773294617863184,0.881580114364624
1443344,800.8649198372106,500,False,0.04233761560925263,True,0.007773294617863184,0.881580114364624
1443664,814.5263567244688,500,False,0.0391062393438336,True,0.0077700298752749666,0.970650315284729
1443712,804.6605870800388,500,False,0.09393676526238222,True,0.007819956466974342,0.8786481618881226
1443904,801.9588335890588,500,False,0.17746111618274676,True,0.007812471565661016,0.8985925912857056
1445408,834.0667208635216,500,False,0.08611938604114179,True,0.007865215239450163,1.6053216457366943
1446208,771.9971485148072,500,False,0.048844334885598244,True,0.007899485214166078,0.5940849781036377
1446736,782.6189821681911,500,False,0.09231089697223045,False,0.007943725549028623,1.1585289239883423
1447152,837.0945725477462,500,False,0.16194088607845228,True,0.007946399014820691,1.0053458213806152
1447232,763.0101581896563,500,False,0.09338660285323741,True,0.007860131809704029,0.8328226208686829
1448288,766.6987440565684,500,False,0.059855562357322846,True,0.007835502296242471,2.1460752487182617
1448896,758.4024301603176,500,False,0.05579089620919208,True,0.007737303269580139,1.0503389835357666
1449200,819.1249415009223,500,False,0.12302490923025365,True,0.007663964749681316,0.9684821963310242
1449232,806.8480543003607,500,False,0.09440984318205031,False,0.007654670887887121,0.9908373951911926
1449840,710.0766162050969,500,False,0.0907608771242307,True,0.007646652012040588,1.0633805990219116
1451200,812.8023975162644,500,False,0.0734788305424464,True,0.007577138668552242,0.8715741634368896
1451344,800.5247474827084,500,False,0.037970850762313886,False,0.007741550189810978,3.42915678024292
1451344,787.1700527771976,500,False,0.027387879058612404,True,0.007741550189810978,3.42915678024292
1451664,821.3670531546717,500,False,0.055678242642948426,True,0.007768653368713413,1.6964093446731567
1451712,820.2905593904185,500,False,0.05344013781152175,False,0.007770129022453224,1.0062220096588135
1451904,782.2681866539174,500,False,0.1937284210200715,True,0.007775296874302354,0.8842065334320068
1453408,758.7416902456533,500,False,0.10989928787094214,True,0.0077361767296842635,0.9573412537574768
1454208,765.9101067117141,500,False,0.04113129749385332,True,0.007577040000666873,1.1047298908233643
1454736,687.4060020476397,500,False,0.12934814663179434,True,0.007508507828400777,1.2904797792434692
1455152,880.3851902145544,500,False,0.08907049209794042,True,0.0074750650109956475,1.0204401016235352
1455232,816.7761268497454,500,False,0.10977089131670034,True,0.0074752166778533176,1.0661300420761108
1456288,803.8426498215798,500,False,0.06734870359210526,True,0.007493482899563481,0.9574033617973328
1456896,790.4935079597758,500,False,0.07804038752004175,True,0.007492748870023602,1.123166561126709
1457200,737.5156650698212,500,False,0.09855294566443874,True,0.007541570249518537,2.85977840423584
1457232,777.8238583515317,500,False,0.11215831375551567,True,0.0075352433471062965,1.6406962871551514
1457840,765.5837571036823,500,False,0.009113194499540681,False,0.007529341614014154,1.9222705364227295
1459200,846.3994257292107,500,False,0.08354731253261266,True,0.007538161706309702,1.0078141689300537
1459344,748.9733991854415,500,False,0.09925216300440008,True,0.007767764474872724,0.9595253467559814
1459344,795.1003285585527,500,False,0.059821351026110144,True,0.007767764474872724,0.9595253467559814
1459664,846.1239226512434,500,False,0.05001178433092547,False,0.007765602063929088,2.4129843711853027
1459712,863.7072519596358,500,False,0.03750001016108477,True,0.007777919869155673,1.0052292346954346
1459904,795.3679278318932,500,False,0.033621023306897375,True,0.00776207577489869,1.1671017408370972
1461408,820.1641620209513,500,False,0.07926201871963158,True,0.007705633341256155,0.8554555177688599
1462208,865.9025177696126,500,False,0.07422547984366992,True,0.007578359812809445,2.662581443786621
1462736,656.0463077770542,500,False,0.2576497511263087,True,0.007528644479124261,1.1222642660140991
1463152,696.6656692915992,500,False,0.10342992685672901,True,0.007594128623955859,1.0345977544784546
1463232,886.2956980237694,500,False,0.06140329804543741,True,0.00753994571236835,1.1192128658294678
1464288,848.37074501275,500,False,0.03459179387930607,True,0.007565160758320798,1.0145926475524902
1464896,794.8231984795732,500,False,0.08664838393728895,True,0.007371090442639014,3.6379547119140625
1465200,821.6045999313881,500,False,0.08795271850656011,True,0.007320867067985561,1.0529108047485352
1465232,852.1547549365399,500,False,0.03132335097137283,True,0.007420458353349848,1.0305372476577759
1465840,729.2282619603174,500,False,0.09503850811506079,True,0.007433510791991013,0.6856346726417542
1467200,798.573052639671,500,False,0.05013330811731202,False,0.007373825540532077,1.3673694133758545
1467344,855.6223242711013,500,False,0.10535025566423559,True,0.007288063474656421,2.578582286834717
1467344,830.0545980570308,500,False,0.05736663073615536,True,0.007288063474656421,2.578582286834717
1467664,787.6112447839473,500,False,0.06375643688069679,True,0.007313503764408861,0.9998294115066528
1467712,736.2831289007822,500,False,0.1736051170664162,True,0.007326311036173315,1.2250052690505981
1467904,873.6999556342286,500,False,0.03680145330944517,True,0.007318643272506778,1.3669703006744385
1469408,842.3470172304137,500,False,0.052225694863995024,True,0.007307433392345156,0.8882052898406982
1470208,839.6615260058925,500,False,0.05950433120877425,True,0.007230061078604807,1.009951114654541
1470736,813.2860832093875,500,False,0.07617615272158898,False,0.007054085724278539,0.9899454116821289
1471152,735.3426847334816,500,False,0.17360831453229833,True,0.007029677102786474,0.9898560047149658
1471232,755.1541509409474,500,False,0.06785818360563198,False,0.006991963912919786,0.9882150292396545
1472288,800.817506193095,500,False,0.04948702707658574,False,0.006998169958413208,0.7984511256217957
1472896,842.6289692918593,500,False,0.06320492753238957,False,0.007013016946265937,0.8951958417892456
1473200,827.068891327089,500,False,0.07422050783830932,True,0.007038399920770807,1.2150750160217285
1473232,795.9448247539641,500,False,0.1051635964447795,True,0.007024514970623714,0.9801998734474182
1473840,790.0660857959393,500,False,0.05475315075300114,False,0.007021305682361468,1.6580495834350586
1475200,828.5564937835367,500,False,0.038775232015405704,True,0.007047578824494304,2.303553581237793
1475344,816.6726129094922,500,False,0.025610773968093293,True,0.0069742380308084094,1.602380633354187
1475344,786.9130415924403,500,False,0.12408091166883956,True,0.0069742380308084094,1.602380633354187
1475664,779.8324705018628,500,False,0.14261519385960936,True,0.006977444173876789,1.5118449926376343
1475712,800.2579656578918,500,False,0.18443891631030468,True,0.00703674239039967,3.9565727710723877
1475904,792.1983483641394,500,False,0.08608742840926518,True,0.007046365040939954,0.9425832629203796
1477408,720.1042267428878,500,False,0.1612549584461359,False,0.007041873185987769,2.5053164958953857
1478208,786.6626871135435,500,False,0.13613323302840696,True,0.006917411290550088,0.9231762290000916
1478736,736.9307348783789,500,False,0.14635891122816921,True,0.007056512956207714,0.767645537853241
1479152,797.1505146071702,500,False,0.0611016482636617,True,0.007059838016670819,1.2473759651184082
1479232,814.9982413325139,500,False,0.08421106204783595,True,0.006978449021541504,0.9734581708908081
1480288,799.7425539457109,500,False,0.128400592286631,True,0.006957417403147865,1.4641926288604736
1480896,838.6025851435594,500,False,0.038105102814221414,True,0.006930519240445313,1.9696625471115112
1481200,784.3978496763166,500,False,0.03674329451562896,True,0.00698757663461955,0.8406755328178406
1481232,883.3200314228066,500,False,0.04343438837432931,True,0.007024433237932837,0.8394137024879456
1481840,866.9498838550478,500,False,0.06170714804345267,True,0.007028895992390084,1.323279857635498
1483200,851.2343665220657,500,False,0.018438487472765948,True,0.007122640338971393,0.962624728679657
1483344,751.4660662658232,500,False,0.09495884428985611,True,0.007233742579249119,1.2606998682022095
1483344,765.5224382638363,500,False,0.09311172060179022,True,0.007233742579249119,1.2606998682022095
1483664,669.526533236472,500,False,0.20656971855161904,True,0.0072586891688476455,1.867883324623108
1483712,774.8463916127085,500,False,0.03741555732236447,True,0.007263011612615314,1.5107109546661377
1483904,785.4258189823458,500,False,0.05358809361924555,True,0.007248481026860592,0.9038270711898804
1485408,801.2042409840292,500,False,0.14654535490065673,True,0.007236595791124546,1.9983052015304565
1486208,855.9199819048724,500,False,0.0633173705102929,True,0.007129391213825881,0.7011039853096008
1486736,757.2396855833595,500,False,0.09393490132865873,True,0.0070594861725329005,1.0503515005111694
1487152,798.7910656914929,500,False,0.06175944592812091,False,0.007040897637970994,1.3757026195526123
1487232,817.4825976022584,500,False,0.06764396845320574,True,0.007074365889808865,1.4206840991973877
1488288,843.8251147003741,500,False,0.07486496207701418,False,0.007117018110150385,2.2995636463165283
1488896,797.1249834225831,500,False,0.053424304958872515,True,0.006903233794646785,0.9007800817489624
1489200,829.8948574477264,500,False,0.06202243566337006,True,0.006664334473784734,0.9697846174240112
1489232,801.4639036814439,500,False,0.176719880585,True,0.0066126961669241546,1.110499620437622
1489840,815.039381006632,500,False,0.12634827778826951,True,0.006610762248020358,1.1333673000335693
1491200,840.8023227145549,500,False,0.06905284560450824,False,0.006665800280290594,1.294886589050293
1491344,822.8757270798098,500,False,0.06092501682059451,True,0.006758027563046178,1.1557374000549316
1491344,817.6062164857319,500,False,0.12613771760587358,True,0.006758027563046178,1.1557374000549316
1491664,727.0750940274488,500,False,0.07817663639520966,True,0.006783554997249836,0.9223116636276245
1491712,859.777957077687,500,False,0.05935697615428686,False,0.006787279499090789,0.999548077583313
1491904,802.2331218308174,500,False,0.04069373793407536,True,0.006787127819479432,1.1679798364639282
1493408,831.49260821472,500,False,0.03756579430411013,True,0.006771980461619481,0.9937794208526611
1494208,796.3293540581786,500,False,0.015646132797195254,True,0.006890284414558935,2.7006497383117676
1494736,856.6987569021244,500,False,0.03893160936806839,True,0.006938322341376912,1.2731537818908691
1495152,821.5644585652348,500,False,0.08853111510700147,True,0.006923289840411848,1.920494556427002
1495232,707.8301629930254,500,False,0.18307582669046585,True,0.006899270060249479,0.8085282444953918
1496288,805.2435645244409,500,False,0.10767625571961462,True,0.006916015654487386,0.9904904365539551
1496896,819.1259118349524,500,False,0.11696917845322606,True,0.006845819280608588,2.0650880336761475
1497200,820.5265427717026,500,False,0.022267962523329767,False,0.006807553265016759,0.9947932362556458
1497232,831.2617759576979,500,False,0.09532564674283667,True,0.006865543861108247,0.9918488264083862
1497840,715.4499618571405,500,False,0.06703548814688477,True,0.00686704402329294,1.2268574237823486
1499200,849.97001031134,500,False,0.011107900451895527,False,0.006922925843103004,0.7265822887420654
1499344,826.1689075226287,500,False,0.11806964120319556,True,0.007010923361760841,0.805766224861145
1499344,729.4907992553799,500,False,0.049709198263293286,False,0.007010923361760841,0.805766224861145
1499664,697.388783959786,500,False,0.09626386155798755,True,0.007066174097983309,1.159052848815918
1499712,842.4710415530207,500,False,0.04938828757877825,True,0.007029700580361963,1.041897177696228
1499904,797.6916193165058,500,False,0.014027286957316696,False,0.007038078953345504,2.8242886066436768
