step,return,length,crashed,final_dist,had_event,alpha,loss_q
1008,0.6189809075081776,63,True,2.3031996113398012,False,,
1120,-3.6905235155341733,70,True,6.01369048519263,False,,
1184,-1.9557096302737413,74,True,6.142221882267056,False,,
1328,28.90676049029843,83,True,6.027962394771551,False,,
1344,2.997856816840047,84,True,6.0522487510857275,False,,
1360,-0.180613108310828,85,True,6.000516182105549,False,,
1424,-3.5277028463056785,89,True,6.086083067310189,False,,
1440,6.748557952234723,90,True,6.09841825271082,False,,
1536,-2.9198887107860063,96,True,6.16996596908864,False,,
1536,1.209281918172902,96,True,6.079298480452722,False,,
1712,60.828158281033744,107,True,4.531741692238436,False,,
1728,23.39681965639889,108,True,6.043957180347422,False,,
1808,3.2411455454468676,113,True,6.08238584277978,False,,
1872,-0.4610416987241557,117,True,6.0379721275095735,False,,
1952,-4.703293543809019,122,True,6.07354344850028,False,,
2192,2.890780971778975,63,True,6.173261975336724,False,,
2400,42.67930001122036,150,True,6.001457487913003,False,,
2448,-11.159465850854337,83,True,6.088915343263806,False,,
2496,-9.38947012633689,66,True,6.08433566333321,False,,
2624,4.816177752350153,79,True,6.079691657652981,False,,
2688,5.629145555435892,85,True,6.130339880996243,False,,
2800,12.371879149469493,91,True,6.126211688661119,False,,
2816,-2.477741696490657,113,True,6.055401206986796,False,,
2912,22.078987536461533,93,True,6.167024373914156,False,,
3024,17.224297088008214,93,True,6.06664862274837,False,,
3104,1.5168367205621802,87,True,6.057910545320336,False,,
3328,-2.845634512889619,112,True,6.013568634740745,False,,
3360,-3.306446522766386,73,True,6.128973185748088,False,,
3600,28.807875980325775,117,True,6.122689179916121,False,,
3824,7.9421111059731775,89,True,6.05994218217675,False,,
3872,19.59952913780362,125,True,6.040545259976546,False,,
3952,-19.01390052194833,125,True,6.103940156947266,False,,
4048,-13.29322844723444,59,True,6.005587840860707,False,,
4080,-20.257213059922975,91,True,6.025465625695085,False,,
4096,16.411208021078103,88,True,6.096210762525525,False,,
4208,17.326566787761152,150,True,2.3569880007504462,False,,
4208,25.695344654794265,107,True,6.139322721793773,False,,
4288,24.30970592057769,93,True,6.164054495710329,False,,
4480,-10.275031409025312,72,True,6.118151305851848,False,,
4576,14.081839119565396,110,True,6.0190273603856825,False,,
4720,8.249284320985673,106,True,6.108504877377738,False,,
4784,23.26345341672006,60,True,3.6417930728893784,False,,
5072,12.378898787702294,107,True,6.052652878418954,False,,
5120,33.82930947530757,138,True,6.011575278786906,False,,
5168,26.50489626061628,98,True,6.021889525058572,False,,
5232,-8.860686436973012,64,True,6.073769147938232,False,,
5248,-7.61310746425092,75,True,6.1342168006871605,False,,
5360,2.691626782414609,88,True,6.114978623561084,False,,
5552,-17.425031140899286,91,True,6.05989685573939,False,,
5888,-5.680423074052602,82,True,6.050390673626156,False,,
5920,11.743400575887943,115,True,6.1027389256009865,False,,
5952,4.278499326809019,109,True,6.066225075287895,False,,
6128,30.40810651695608,141,True,6.1303065376397115,False,,
6144,9.140378616867237,116,True,6.0767550678310895,False,,
6352,33.182556110345665,117,True,6.057801351181842,False,,
6400,-11.531098181889647,101,True,6.024248940252532,False,,
6448,-1.5842626047433939,76,True,6.193262610732425,False,,
6464,-11.73902384853609,57,True,6.033087495275551,False,,
6480,-6.572605757571077,252,True,6.131645573019788,False,,
6512,-4.726023039986859,84,True,6.12548804332217,False,,
6640,19.363391629844976,95,True,6.132825694709435,False,,
6752,17.41079599863141,105,True,6.072921631147861,False,,
6944,5.7090892610983595,139,True,6.01941052862791,False,,
7248,21.144875927121976,118,True,6.0769423522503825,False,,
7280,-11.451554647937748,87,True,6.130993075709247,False,,
7296,39.10823775336449,128,True,6.12231758084938,False,,
7552,-4.395313881542314,89,True,6.0762738085222745,False,,
7568,20.155883544751752,103,True,6.095249755450334,False,,
7664,-7.195888610491192,74,True,6.128025702873919,False,,
7744,1.50750402802408,77,True,6.112568902334377,False,,
7776,-3.126113663045153,102,True,6.005046140816219,False,,
7824,16.971933124608796,117,True,6.017665821439454,False,,
7856,-14.736992743442485,69,True,6.110011330364451,False,,
7904,-5.520092960220392,90,True,6.023362794547437,False,,
8032,8.587803592037444,87,True,6.10279131594983,False,,
8128,1.837578312470102,111,True,6.1134369747228785,False,,
8128,1.7419489119215594,108,True,6.005584933265295,False,,
8304,-10.289734054306663,116,True,6.0246836169770095,False,,
8624,8.24022153334648,105,True,6.157745603820248,False,,
8640,-7.554310254812207,67,True,6.102672671147954,False,,
8800,0.7275393900800218,95,True,6.168424370060474,False,,
8864,-17.885856049152736,65,True,6.047438406173633,False,,
8912,6.017086592130356,73,True,6.141095280030876,False,,
9024,1.0678679636171555,78,True,6.004085634424407,False,,
9056,11.948529411171629,64,True,1.902392393976008,False,,
9120,-8.028355219884393,98,True,6.028446744475922,False,,
9184,-3.7651236388917226,95,True,6.0430033815221,False,,
9216,20.673860177443313,120,True,6.126423886509304,False,,
9248,10.442368915901303,125,True,6.079397643327321,False,,
9344,-5.977486687556691,76,True,6.052290683562207,False,,
9488,15.450257941853485,85,True,6.101537919997709,False,,
9680,-12.996670378717921,55,True,6.10476623267251,False,,
9808,-5.958152667889873,94,True,6.061250972829186,False,,
9856,-4.6701068093339195,76,True,6.0607375947146025,False,,
9936,18.452362355214607,127,True,6.054570579957693,False,,
10064,-4.430248468687759,72,True,6.030365079041058,False,,
10176,-10.057673980551755,72,True,6.023233299714836,False,0.19898245788672464,4.282564640045166
10240,-21.100759464277672,149,True,6.070810501189284,False,0.19731728829171447,4.542777061462402
10336,17.06968219253792,107,True,6.067784821229605,False,0.1963727665432851,1.8778772354125977
10384,1.7038101261578618,95,True,6.000210882645098,False,0.19496494820661345,0.14624248445034027
10400,-9.995756212569182,76,True,6.019915551711766,False,0.19426410327089577,0.1638331115245819
10416,-6.941204792575066,67,True,6.050035809922286,False,0.19403112959897442,0.1513577103614807
10528,-13.443994130743173,82,True,6.034321593499277,False,0.19379847509922551,3.191868782043457
10528,29.813419180759432,88,True,6.192613644867412,False,0.19379847509922551,3.191868782043457
10592,37.45160505388826,96,True,6.073683939188491,False,0.19217721418008862,1.5602575540542603
10768,5.3741335086640145,95,True,6.015730175274516,False,0.19125670706266037,0.3049086928367615
10800,-13.287727575853568,62,True,6.017727300703263,False,0.18874906307052527,1.6182265281677246
11280,-13.403393530486163,76,True,6.1010296059163025,False,0.18829740776383957,2.3291637897491455
11520,-3.5095998036098752,84,True,6.105968829349612,False,0.1816636969767895,1.7674200534820557
11584,38.1237235314516,119,True,6.109535645903734,False,0.17843920805106053,1.486471176147461
11648,-2.050523877744313,70,True,6.0706361610663615,False,0.1775913735785261,1.4655776023864746
11664,-13.932507584691335,83,True,6.067966604746067,False,0.17674616887668737,2.317079782485962
11664,10.026989657703176,136,True,6.100215004424447,False,0.17674616887668737,2.317079782485962
11696,2.1092768742010755,82,True,6.075662175368047,False,0.17653562418500368,0.6674468517303467
11696,9.682417961513256,110,True,6.072598103246408,False,0.17653562418500368,0.6674468517303467
11840,1.9967634535493595,90,True,6.057403593828987,False,0.1761151286248222,1.3454551696777344
11856,1.8312788404227973,125,True,6.013772153010908,False,0.17423803324995057,0.9881460666656494
12000,-1.029600935985739,77,True,6.0051985503259555,False,0.17403123116163724,1.1629204750061035
12032,21.420553084149468,94,True,6.053642917127051,False,0.17217200986708706,1.640372633934021
12272,21.021316915202227,116,True,6.0850438961696085,False,0.17176276004962357,1.2711851596832275
12352,18.429580490646597,132,True,6.023643728915466,False,0.16872660057039793,0.8418581485748291
12608,-0.3831226073590468,126,True,6.017395343012405,False,0.16772850768215508,1.6606261730194092
12624,8.135585741520941,69,True,5.521919338057482,False,0.164586215223262,2.548413038253784
12656,40.39426526882481,116,True,6.044916048721808,False,0.16439209005115604,1.454540491104126
12736,10.202571453113636,91,True,6.0634638318221175,False,0.1640044555437627,0.9932258129119873
12848,5.079664331113255,79,True,6.153414591643454,False,0.16303807199511158,0.9475857019424438
13024,9.008703492490532,83,True,6.050281654250606,False,0.16169452341538595,1.3487882614135742
13040,12.125475771496738,87,True,6.110143734997947,False,0.15960725684128177,0.9897799491882324
13520,-14.497991099997844,56,True,6.008351309079897,False,0.15941883814741203,1.2962172031402588
13552,1.3480036783199338,106,True,6.008722075874619,False,0.15386592362965465,0.8758128881454468
13728,10.478688072987786,129,True,6.0653045814162345,False,0.15350353908829295,1.3486478328704834
13760,14.940403571824636,108,True,6.092683610681424,False,0.15152536213510723,1.0022101402282715
13808,-7.091375133174347,91,True,6.118534052160576,False,0.15116833981491679,0.6226938366889954
13824,0.0037584944638862083,135,True,6.040992485263533,False,0.15063518847788743,0.15528619289398193
13888,-6.217436544067889,77,True,6.0748884374639935,False,0.15045785183894464,0.7578343152999878
13920,32.08120823102222,82,True,6.157593435728042,False,0.1497502173780804,0.46994975209236145
13952,7.765778056447038,122,True,6.013645393040325,False,0.1493985269974201,1.008235216140747
13952,22.004334863961972,105,True,6.031473011144054,False,0.1493985269974201,1.008235216140747
13952,6.908019936298054,132,True,6.013333369043777,False,0.1493985269974201,1.008235216140747
14032,30.513464697454417,146,True,6.078851352116078,False,0.1490486237774165,0.9600910544395447
14256,6.43360074099745,77,True,6.149883012462973,False,0.14817647588469335,0.6853125095367432
14480,-3.36627798027654,109,True,6.041648096448422,False,0.14575329938049517,0.6342581510543823
14656,-4.192039835593969,101,True,6.076391543325696,False,0.14337764021755986,0.9909114241600037
14800,0.8698691796817837,53,True,3.1173690529382414,False,0.14153535319110241,0.9430423974990845
14800,3.949163311844618,78,True,4.545344523980636,False,0.14153535319110241,0.9430423974990845
14832,22.38709567526277,124,True,6.074882919056963,False,0.1400541601019985,0.6621617078781128
14864,-7.948586232752892,66,True,6.131002945803654,False,0.13972683325579136,0.1903901994228363
14944,-5.216499938247855,89,True,6.06370787413738,False,0.1394003355791641,0.3702545464038849
15072,-5.823552009247794,70,True,6.028257689061684,False,0.13858718241865448,0.14833860099315643
15072,-7.892081532276931,74,True,6.107605681717888,False,0.13858718241865448,0.14833860099315643
15088,12.163552843361883,73,True,6.089469936994959,False,0.13729123998095938,0.20871615409851074
15296,19.39130618456297,96,True,6.077470297314405,False,0.1371303967042827,0.7396488189697266
15312,12.393580292463291,85,True,6.1356547224473745,False,0.13505847523935002,0.29740387201309204
15344,-0.6074231350817403,82,True,6.0417832590312885,False,0.1349002156444741,0.13734199106693268
15488,4.819651354013558,110,True,6.049403360403452,False,0.13458428325749033,0.5280433893203735
15520,13.151780276727651,106,True,6.053102114321456,False,0.1331747411905514,0.5422422885894775
15760,-3.7184325000795706,94,True,6.067436013620312,False,0.13286260010452727,0.36060255765914917
15776,-20.987543903632712,70,True,6.029562968100095,False,0.13054975726355306,0.5268505811691284
15856,-13.75025072206559,66,True,6.090762691571583,False,0.1303972465576859,0.3388979434967041
15936,13.129622594225948,91,True,6.105105990632641,False,0.12963758965305952,0.3351224660873413
16000,-3.2491057948171305,71,True,6.137852042600352,False,0.1288827838941013,0.460360586643219
16144,-4.667353786664736,84,True,5.677833441952147,False,0.12827986864732496,0.29110783338546753
16224,-12.257112227168648,80,True,6.105455440358699,False,0.1269374208153332,0.21753232181072235
16384,20.19144187195738,82,True,6.120984298393141,False,0.1261973151256542,0.3003935217857361
16400,3.079807668935075,83,True,6.065433148624946,False,0.12473027960585138,0.3596813678741455
16512,-1.789673611311537,75,True,6.164430197579674,False,0.12458496475400743,0.5824263691902161
16560,-8.817342543551701,79,True,6.072997962069927,False,0.12357490624861014,0.39826148748397827
16672,9.790790376020233,115,True,6.070568128882642,False,0.12314337009306597,0.15663766860961914
16720,12.172120716503747,86,True,6.021688814575786,False,0.12214421825295223,0.8409850597381592
16720,0.05103865346751135,59,True,3.5311945878850524,False,0.12214421825295223,0.8409850597381592
16896,-1.0559526996120443,88,True,6.025109415274947,False,0.12171629909415561,0.6217693090438843
16928,-4.964235905924831,67,True,6.020828774720277,False,0.12016832924732682,0.17130574584007263
16992,-18.899369871769323,119,True,6.032734908494836,False,0.11988923073157194,0.19218683242797852
17088,-4.303902430564099,72,True,6.002485794710353,False,0.11933193461277028,0.29654014110565186
17296,13.992469013589274,72,True,6.0125408845479065,False,0.11850407261267465,0.547805905342102
17360,38.94953288070532,115,True,6.051097469241796,False,0.11672993251837667,0.20826509594917297
17488,11.84260632494672,93,True,6.019387401951289,False,0.11618994946853278,0.3154480457305908
17584,19.93501044882083,114,True,6.190622814680727,False,0.11511462096663135,0.7184791564941406
17648,1.017511353735463,68,True,6.136895598118995,False,0.11431473725774317,0.5023596286773682
17680,-11.639977745714488,63,True,6.049951892467035,False,0.11378600477347778,0.1582341194152832
17696,19.306526455322786,82,True,6.0310666564814825,False,0.11352324683851218,0.18124836683273315
17760,-8.76522690782596,78,True,6.164414884919024,False,0.11339173948321012,0.24736450612545013
18000,5.18674220665315,111,True,6.019982884033735,False,0.11286795251097557,0.18585512042045593
18112,-6.27795844010307,76,True,6.156095294021952,False,0.11092235031998963,0.38260358572006226
18160,10.081482115165773,110,True,6.035323014509887,False,0.11002678130212502,0.24461299180984497
18176,-4.622769446166426,68,True,6.126146874954378,False,0.10964460036191051,0.3272808790206909
18224,26.381269450992228,58,True,2.020687358534387,False,0.10951754271213889,0.46033599972724915
18272,8.121678681835528,80,True,6.101425632323313,False,0.10913745167257266,0.1652173548936844
18496,7.677778853729514,98,True,6.022636279597235,False,0.10875947513973418,0.46090126037597656
18576,-8.104912827043098,62,True,6.053281104589614,False,0.10701885965014966,0.18225345015525818
18624,-11.565695758703013,119,True,6.010636320291537,False,0.10640417948426291,0.16529232263565063
18992,14.29450832743576,81,True,6.020723614147792,False,0.10603772367916826,0.16685527563095093
19040,-1.7082662986940758,87,True,6.059645975396288,False,0.10327488941030559,0.4367663860321045
19088,0.29121021819565485,148,True,6.0187164306111205,False,0.10291973596607891,0.17613926529884338
19152,4.7132269763173795,112,True,6.056910632319391,False,0.10256608667297909,0.9559156894683838
19168,3.9055507528586926,93,True,6.03302941987549,False,0.10209499347576262,0.15785107016563416
19264,-4.4461377770554655,72,True,6.112825786866407,False,0.10197743877941501,0.14251434803009033
19488,-13.797343607333216,125,True,6.039211499496354,False,0.10127666819739219,0.1468823254108429
19616,2.900399249337603,90,True,6.002834762426549,False,0.09965726062407496,0.21288377046585083
19808,-14.37329739513195,96,True,6.045329979761464,False,0.09874818902613235,0.16507276892662048
19856,15.723630403034463,80,True,3.7292690208476835,False,0.0973994729966077,0.18034185469150543
19872,24.266634862685827,132,True,6.074265597883058,False,0.09706570547480282,0.3222559094429016
19984,9.76732575233163,114,True,6.008634259219603,False,0.09695429264408939,0.8158583045005798
20208,40.97514957885292,124,True,6.053892630667372,False,0.0961828052785721,0.23216092586517334
20496,-3.881003771687385,125,True,6.00570103991171,False,0.09464973730620618,0.22122132778167725
20528,-2.973667982488938,93,True,6.021483296205611,False,0.09271652299708269,0.2667473256587982
20528,9.211379205766901,79,True,6.116369924877076,False,0.09271652299708269,0.2667473256587982
21056,6.618416780849357,129,True,6.1510799584729146,False,0.09250562779326216,0.13685330748558044
21056,16.422211388435514,118,True,6.016082387963,False,0.09250562779326216,0.13685330748558044
21168,51.49332337000738,97,True,1.7775813783265662,False,0.08907648149582002,0.31042683124542236
21280,-11.641690081832108,166,True,6.0544859457329645,False,0.08836596631295265,0.21382072567939758
21824,-18.711566777385706,171,True,6.0049803379619435,False,0.08766165470152945,0.19263742864131927
22080,32.23288601174221,57,True,1.4516173944897919,False,0.08431848951842533,0.3174760341644287
22576,50.92156788319275,169,True,3.770432317966943,False,0.08279587256727179,0.26851916313171387
22880,8.493424515986023,305,True,4.554399188667405,False,0.07991966501936452,0.27363091707229614
23184,16.751617308475222,252,True,6.016743739198882,False,0.07820754659267941,0.15862372517585754
23200,50.90042654093864,167,True,6.008903461526396,False,0.07653510935338985,0.1775663048028946
23648,29.910525952436892,240,True,6.053754102305829,False,0.07644690200140139,0.21412281692028046
23808,26.003180171542088,225,True,6.030968850358997,False,0.07405821807771942,0.15955664217472076
24144,11.987100230195209,193,True,4.925927222155864,False,0.0732222555768949,0.1873592734336853
24336,22.975495024418244,205,True,6.032488041678909,False,0.07150538414285146,0.1433180570602417
24352,-13.291548292917296,72,True,6.054310139550431,False,0.0705398914052287,0.2351248562335968
24464,19.17404415613508,118,True,6.005744131742475,False,0.07046023170038873,0.17515155673027039
25008,26.135989674436324,233,True,6.031993161670442,False,0.0699034447567559,0.1936887800693512
27488,156.79757750711346,500,False,0.6615259592856028,False,0.06726085399536877,0.2982705533504486
27552,37.29815686997733,200,True,6.015521978612968,False,0.05650260155772455,0.14491194486618042
27856,115.4506487703151,500,False,3.2829729512832624,False,0.05624809546189324,0.18850725889205933
27984,137.11667690066045,500,False,2.528781234636546,False,0.055061681486361064,0.16212815046310425
28496,37.91226486899359,500,False,5.252469109525037,False,0.05456875259098803,2.826054573059082
28528,148.58982682442036,500,False,2.772461735530835,False,0.05266146193494232,0.14794297516345978
29248,-8.706485654705148,87,True,6.00295085503758,False,0.052544575426519684,0.1976495385169983
29824,2.899102831779617,500,False,3.2512131164282327,False,0.04998753326279521,0.16415321826934814
30080,92.21305852816563,500,False,5.312245430116094,False,0.04803394423648133,0.18123888969421387
30880,238.85817392824544,500,False,3.226099579485902,False,0.047192323359293895,0.2627769410610199
31184,146.63891778635482,500,False,2.2420107003743586,False,0.04465911264233646,0.31714001297950745
31648,88.49472081915992,500,False,2.4434131387958615,False,0.043735700953438386,0.22351770102977753
31808,133.3451534621144,500,False,2.0087706778310017,False,0.0423596301661747,0.3234845995903015
32144,218.94685869613886,500,False,0.8610280263158261,False,0.041896539872494525,0.4767651855945587
32336,66.87456751933836,500,False,1.1930132071869788,False,0.040939296084209986,0.33415234088897705
32464,150.3102906680327,500,False,1.3296270994540804,False,0.04040296926591981,0.18547673523426056
33008,241.14790155903444,500,False,0.7375227684688703,False,0.040051303173917016,0.19709530472755432
33728,48.48989016838821,178,True,6.004384316545875,False,0.03859096061523176,0.23739291727542877
35488,352.221942147872,500,False,1.141407071314664,False,0.036746733505958945,0.2719545066356659
35552,278.5418649511487,500,False,0.8908435145132814,False,0.03267887658933233,0.1994430124759674
35984,263.8520367467868,500,False,1.3023451017879115,False,0.032543371322198346,0.32687830924987793
36496,250.4636021183729,500,False,1.101928753336994,False,0.031630600259642254,0.19360442459583282
36528,275.8146963062186,500,False,0.9698813508391326,False,0.03059523909827438,0.37287646532058716
37248,248.66187986012983,500,False,0.7865268106695338,False,0.030531146964079495,0.4552990794181824
37824,291.5511748113042,500,False,1.2751059389089805,False,0.029113855033191374,0.18682153522968292
38080,366.71179610945325,500,False,1.3059416668017694,False,0.028043522211337938,0.3082936704158783
39184,296.24433403503497,500,False,0.6791230630664049,False,0.02758784240836647,0.2358860820531845
39648,398.3773693793809,500,False,0.20682018460997595,False,0.025707310996064686,0.16886834800243378
39808,358.8082572257945,500,False,0.5189908922757605,False,0.02496010542854504,0.3844761252403259
40144,258.5157537715464,500,False,0.16847066816335812,False,0.02470668854043085,0.23869459331035614
40336,310.4863748551044,500,False,0.42553777695820194,False,0.024184494666637506,0.182270348072052
40464,375.18965821640046,500,False,0.0639649943191865,False,0.023892766959143948,0.2876638174057007
41008,414.1118514139868,500,False,0.21643671904591857,False,0.023697650760423336,0.2971169054508209
41728,369.684029699125,500,False,0.2856573689679456,False,0.02291086536427012,0.2359250783920288
43488,384.4050497343501,500,False,0.35506397725160477,False,0.021923754062816957,0.35510551929473877
43552,451.850537527709,500,False,0.8614538925605493,False,0.01972655267179184,0.3387073874473572
43984,421.0177561700501,500,False,0.7835542968826876,False,0.0196503748355466,0.4492449164390564
44496,354.1777196312626,500,False,0.5945769398678137,False,0.01916174315642884,0.4192948341369629
44528,477.6638307320144,500,False,0.4214901486098202,False,0.018606438123324787,0.22927148640155792
45248,373.68090883581084,500,False,0.21796444696241685,False,0.018571812862945326,0.47997942566871643
45824,437.40890762497577,500,False,0.11787445449402595,False,0.017821030275654914,0.2702323794364929
46080,492.4089412149597,500,False,0.38877550647901077,False,0.01724190375959754,0.5879005193710327
47184,407.6166604293519,500,False,0.5802472402308693,False,0.016993454189770732,0.33928382396698
47648,525.683328772654,500,False,0.35813304917848676,False,0.01598101404810217,0.2928829789161682
47808,338.64166156741476,500,False,0.1595247900393709,False,0.015587080296409197,0.2580125331878662
48144,493.1201112458376,500,False,0.1869501529598858,False,0.01545587112115773,0.3438355326652527
48336,446.81255713143895,500,False,0.17681564143070494,False,0.015183361938560127,0.3375943601131439
48464,449.6464403942132,500,False,0.3136411955138897,False,0.015021327124937927,0.24911698698997498
49008,510.44482387238406,500,False,0.13628183322053103,False,0.014923764883321575,0.31118565797805786
49728,518.3442408501431,500,False,0.29091979214240277,False,0.014509580540351095,0.2906184196472168
51488,614.3704522119075,500,False,0.12184355947678434,False,0.013808876607196657,0.2388884723186493
51552,627.3421324221121,500,False,0.13529049418620717,False,0.012896140037660674,0.32489442825317383
51984,561.3920989295183,500,False,0.05898135750813898,False,0.012861951798605647,0.3301534354686737
52496,579.6190580546178,500,False,0.11637125354500223,False,0.012640426014646947,0.3107569217681885
52528,607.5419535437201,500,False,0.13907298001102145,False,0.012376878535968267,0.2802913784980774
53248,729.4680197431051,500,False,0.14615325046267688,False,0.012360424652187127,0.286884605884552
53824,702.670144403772,500,False,0.14081167073678733,False,0.011996252395001987,0.37510764598846436
54080,658.0026851056673,500,False,0.12420324390167387,False,0.011733055984604113,0.2946294844150543
55184,628.0625853887423,500,False,0.11886736853238022,False,0.011618466097438449,0.3306275010108948
55648,746.9386485373674,500,False,0.12554704643953526,False,0.011168987734115383,0.3585483431816101
55808,694.4114760649139,500,False,0.12521479873465877,False,0.01100312729926153,0.29804617166519165
56144,619.0321029597277,500,False,0.12252510763732359,False,0.010948153091493171,0.3342439830303192
56336,705.439100339574,500,False,0.0974092431607033,False,0.010837713299829552,0.3556699752807617
56464,658.6512080232411,500,False,0.10910819768373699,False,0.010779278810531085,0.4489831328392029
57008,705.6888546997567,500,False,0.08041290228358573,False,0.010738332018761001,0.3511617183685303
57728,703.7738935532524,500,False,0.0954802508271886,False,0.010602586444594579,0.3718494772911072
59488,771.2609112692211,500,False,0.06222002297248227,False,0.01043935766160144,0.3353966176509857
59552,739.3349762433094,500,False,0.07220534406176603,False,0.010175842679971478,0.32710039615631104
59984,786.9819857505652,500,False,0.04697746401510427,False,0.01017146408592014,0.4062463343143463
60496,748.003548647537,500,False,0.056652627471538486,False,0.01013974468657166,0.48466628789901733
60528,726.8348903238218,500,False,0.07235339428706075,False,0.0101249881828003,0.35636106133461
61248,840.4542809887776,500,False,0.0658873682328061,False,0.010127573194125189,0.41298043727874756
61824,671.0433535098981,500,False,0.040219636637126764,False,0.010065512948146536,0.34564754366874695
62080,776.6071595274161,500,False,0.04794938756421676,False,0.010076375544929319,0.4266431927680969
63184,739.1777462323929,500,False,0.04479193694347042,False,0.010070685885242778,0.38537588715553284
63648,863.9087393879624,500,False,0.050243036064588964,False,0.010125203959973818,0.47439998388290405
63808,827.0159521208478,500,False,0.04930506121764619,False,0.010209095273417746,0.37301909923553467
64144,668.446506174823,500,False,0.06100091256206482,False,0.010232052231839109,0.4808000922203064
64336,814.576612240831,500,False,0.05933648434799833,False,0.010283818661299914,0.38638147711753845
64464,723.1405027486516,500,False,0.04390017843446592,False,0.010329573913406562,0.39292964339256287
65008,793.8650273534028,500,False,0.04300706547904282,False,0.01033456372523491,0.4225337505340576
65728,789.3776620381,500,False,0.04890631629684013,False,0.01047861605442346,0.47244176268577576
67488,707.7200013288067,500,False,0.04461608735753215,False,0.010662663263320514,0.4297519326210022
67552,739.292216045962,500,False,0.04304503946928222,False,0.010990210662699547,0.34725257754325867
67984,748.268466072713,500,False,0.044746593760284246,False,0.011002917381444785,0.48974478244781494
68496,871.2363219357252,500,False,0.05159273874600793,False,0.011133189740079411,0.4964531660079956
68528,798.7972650678855,500,False,0.060960934590773105,False,0.011289830144676778,0.5055883526802063
69248,839.0823808068151,500,False,0.05112309019361879,False,0.011299631779935216,0.40524131059646606
69824,891.9592606658949,500,False,0.04163213478648224,False,0.0114908497075758,0.4923326373100281
70080,806.1458129230872,500,False,0.05491478075217294,False,0.011579601107051153,0.4844035804271698
71184,811.7891728383529,500,False,0.04652594758157049,False,0.011650562733680286,0.48609039187431335
71648,862.0156633859502,500,False,0.047940961622251865,False,0.01171839293288008,0.5230819582939148
71808,831.1868910833806,500,False,0.06488181595645376,False,0.011761662224654568,0.6055938005447388
72144,855.525122614393,500,False,0.04720684360301924,False,0.011791385033357036,0.4658275842666626
72336,773.4795589645586,500,False,0.05698775743407866,False,0.0118351272322736,0.5026274919509888
72464,872.6253330549617,500,False,0.058399174857692124,False,0.011913817644013324,0.5912806987762451
73008,657.0363519830686,500,False,0.062098523530128284,False,0.011970425175520896,0.4573562741279602
73728,733.0997277318215,500,False,0.06187046471579294,False,0.01211710246219995,0.5847393274307251
75488,776.996163333596,500,False,0.05241381280458949,False,0.012180026424092206,0.5389434099197388
75552,667.2972733662649,500,False,0.057061303978136885,False,0.01270898223073199,0.44879263639450073
75984,780.3342718629763,500,False,0.04849917901358022,False,0.012738359784236363,0.46333128213882446
76496,878.2557148279872,500,False,0.058423594654510184,False,0.012932597900568414,0.42821046710014343
76528,763.3609880125838,500,False,0.06263846708696906,False,0.013047093937047774,0.5698332190513611
77248,856.5200431596797,500,False,0.048741492108613345,False,0.013044041778252299,0.5311293601989746
77824,826.9288391569651,500,False,0.0598537116558385,False,0.013143433585548743,0.5309365391731262
78080,763.8526253791376,500,False,0.05871460251879739,False,0.013268745784217018,0.4866850972175598
79184,745.748737986542,500,False,0.07098877982286823,False,0.013311093289973534,0.5128133296966553
79648,860.3040638904524,500,False,0.0726370764658605,False,0.013598776957149334,0.6321399211883545
79808,815.9159478676047,500,False,0.06303128794643145,False,0.013624912931795213,0.6528904438018799
80144,865.5908269534289,500,False,0.0656950504323204,False,0.013717828791526542,0.5738058090209961
80336,737.2961557324231,500,False,0.06359412200394224,False,0.013874414736399297,0.6733963489532471
80464,880.3487909848308,500,False,0.06353982543663118,False,0.013887281510735101,0.5624512434005737
81008,849.5947248086667,500,False,0.06387585990637679,False,0.013895549907943736,0.5418238043785095
81728,862.2709233594154,500,False,0.08006447273775087,False,0.013971188606728262,0.6294676065444946
83488,685.854310377983,500,False,0.0639177319638043,False,0.014170028088789997,0.5270704627037048
83552,793.6388425725961,500,False,0.07630042238495079,False,0.014267177678574447,0.6816211938858032
83984,745.8739481639716,500,False,0.07051946729372238,False,0.014266610261349545,0.6573821306228638
84496,741.4170618618643,500,False,0.07196623386389932,False,0.014427346360202343,0.5783972144126892
84528,684.1751248221382,500,False,0.06443569687004466,False,0.014475037554609499,0.6498245596885681
85248,793.0810976615107,500,False,0.06930332617539839,False,0.014489305431798459,0.6547963619232178
85824,829.6857793720409,500,False,0.07251504475862587,False,0.014559475326714586,0.5760493278503418
86080,736.3274227741507,500,False,0.06569678780813713,False,0.014625437955631034,6.585542678833008
87184,725.941477194438,500,False,0.052372694754091134,False,0.014632183843111391,0.5394715666770935
87648,857.2066237944634,500,False,0.06555882197821991,False,0.014805924093809224,0.7497715950012207
87808,811.4548969763651,500,False,0.06452932314652635,False,0.014824555478960036,0.6732803583145142
88144,832.7555549832977,500,False,0.0699538516567025,False,0.014846624675512836,0.5655090808868408
88336,743.5617763250923,500,False,0.06555458373632758,False,0.01498242323935104,0.6143547296524048
88464,692.2423801281061,500,False,0.05764109169315254,False,0.014986979518029731,0.7340786457061768
89008,849.2164091541689,500,False,0.06273225682956293,False,0.015012859544949896,0.5248186588287354
89728,794.225259784575,500,False,0.08319620690486518,False,0.01516522166014884,0.6277433037757874
91488,793.4821071283868,500,False,0.07211312254481857,False,0.015306666315468603,0.7457104325294495
91552,712.0895740007234,500,False,0.067172369714759,False,0.01562064626655497,0.6872314810752869
91984,852.549618832922,500,False,0.0814308659855543,False,0.015672646962050993,0.7508931159973145
92496,802.4701612240857,500,False,0.06750295744928976,False,0.015769524253172174,0.6000039577484131
92528,801.1301653999776,500,False,0.06706911481448459,False,0.015842728257590363,0.5663844347000122
93248,768.8825889578364,500,False,0.05461440363471614,False,0.015868992060080946,0.5927944183349609
93824,804.7242881662637,500,False,0.05999667578495757,False,0.015789899568849207,0.5907272100448608
94080,826.9715678708576,500,False,0.07007111163150748,False,0.015782339556752793,0.69743812084198
95184,817.8085549113405,500,False,0.055145669302452294,False,0.01570568997719576,0.7080703973770142
95648,780.9407980824773,500,False,0.08249139899592914,False,0.015925591337677285,0.6175823211669922
95808,777.9471011438778,500,False,0.06539751353419168,False,0.016012358752552424,0.7032991647720337
96144,753.7379692732821,500,False,0.06654613221302311,False,0.016027000649686457,0.4864080548286438
96336,762.9160409674503,500,False,0.0636911938090032,False,0.015948441097882946,0.6754789352416992
96464,811.7990411314083,500,False,0.06393224338169691,False,0.015927844131030357,0.6411542892456055
97008,857.9690967024284,500,False,0.07275422555139333,False,0.015902048971833706,0.5870105028152466
97728,823.1696498060086,500,False,0.07860558031968214,False,0.015941627191702556,0.6553468704223633
99488,806.0499742189261,500,False,0.04154189408568328,False,0.015993250835920195,0.8950139284133911
99552,723.9682669991702,500,False,0.05395713172946485,False,0.01598357691568523,0.7501676082611084
99984,741.4182912667779,500,False,0.03348602592360356,False,0.015973011028068276,0.5941221714019775
100496,728.8909241249029,500,False,0.0427828661438253,False,0.015842210876798764,1.018031120300293
100528,650.6617243100856,500,False,0.04290033493868049,False,0.01567075069888629,0.8310580253601074
101248,815.8416513054951,500,False,0.045999983195192516,False,0.015666778962741098,0.7505010366439819
101824,823.2800654163992,500,False,0.0472516343635707,False,0.015611614601223657,0.4652537405490875
102080,773.9128776090837,500,False,0.049049802174963734,False,0.015613277875148808,0.7524673342704773
103184,701.2748266764877,500,False,0.0560674540862472,False,0.015640617402183095,0.6713329553604126
103648,866.2681989571008,500,False,0.05196171198193976,False,0.015773339351215956,0.7131812572479248
103808,720.8848747458309,500,False,0.048342206558029614,False,0.01577759858649002,0.678546130657196
104144,759.9955695336068,500,False,0.050899345206074455,False,0.015793509002219257,0.9826782941818237
104336,808.7201385653833,500,False,0.055166513862460964,False,0.015759448328085544,0.7604756951332092
104464,708.9647402632459,500,False,0.050201211706259956,False,0.015740424902214712,0.7337982654571533
105008,805.1623347107454,500,False,0.06350308548349805,False,0.015766563660325184,0.5655898451805115
105728,755.7024946820495,500,False,0.05362479220058628,False,0.01569933928988942,0.6441272497177124
107488,695.2783661666009,500,False,0.04674146070830532,False,0.015630684423410597,0.752145528793335
107552,713.6533565981215,500,False,0.04819654491376865,False,0.01561462768727061,0.7585834264755249
107984,725.7124178434464,500,False,0.05470833596224967,False,0.015641384187769742,0.7101898193359375
108496,806.2274607329741,500,False,0.03806956612777016,False,0.015746467769861987,0.5946431159973145
108528,851.3579746689185,500,False,0.038930710601934745,False,0.01572781500968578,0.8395618200302124
109248,750.9128523029145,500,False,0.046241529842939756,False,0.01574860632273233,0.8647546172142029
109824,839.7190429097609,500,False,0.041563869649474124,False,0.01571250793191862,0.6847680807113647
110080,744.901737575864,500,False,0.04368690337341318,False,0.015758075462209007,0.7381677627563477
111184,826.1718398537153,500,False,0.06269533610217258,False,0.015673503809395382,0.6968693137168884
111648,792.7203880425191,500,False,0.05524969549778008,False,0.015610257123357937,0.7304877042770386
111808,756.0041534449011,500,False,0.06036000184670288,False,0.015592269703122247,0.6486046314239502
112144,836.8290585944123,500,False,0.061177299257968755,False,0.015549708826075962,0.6705151200294495
112336,809.6434659265534,500,False,0.05537873696659765,False,0.015646700100076148,0.8480486869812012
112464,846.0577257622529,500,False,0.06549560949153677,False,0.015620864708001198,0.6932987570762634
113008,766.9877830844347,500,False,0.06577947947259376,False,0.015571554277927861,0.6407389640808105
113728,790.6761207411423,500,False,0.06456617080840364,False,0.01555709554742053,0.7400722503662109
115488,800.3115639827406,500,False,0.06107505696081782,False,0.015519757644498424,0.6850676536560059
115552,795.3208493927366,500,False,0.0636017119380684,False,0.015655568253690563,0.7327547073364258
115984,687.8413230918253,500,False,0.06971326708546341,False,0.01565429533966016,0.7715215086936951
116496,808.0620832252324,500,False,0.06326967323211787,False,0.01571794244509606,0.699373722076416
116528,751.4796406731551,500,False,0.061756657854467635,False,0.015650626065823986,0.7171144485473633
117248,720.8700529209326,500,False,0.0757135371091901,False,0.015660112788032525,0.6795090436935425
117824,847.9409118372824,500,False,0.07511292014741501,False,0.015747671843068977,0.7780134677886963
118080,799.0492823286228,500,False,0.0830971785096847,False,0.015717617407846017,0.895143985748291
119184,750.9044711394519,500,False,0.07902850117010202,False,0.015726587727027837,0.8242096304893494
119648,867.4589131857019,500,False,0.07610732661240505,False,0.015857320900631338,0.7496088743209839
119808,813.4763599048721,500,False,0.07223561367035058,False,0.015671931936270568,0.7795714139938354
120144,842.3512554864368,500,False,0.0756039609758603,False,0.015691527043332706,0.8534510135650635
120336,780.5862615237951,500,False,0.0716246462004449,False,0.015618822334734741,1.3957465887069702
120464,825.276956500332,500,False,0.0697167650226855,False,0.01560894792939017,1.0905462503433228
121008,845.2398527154293,500,False,0.06693380656782136,False,0.015653919963680794,0.7276108264923096
121728,881.5041151522237,500,False,0.07002899969639803,False,0.015709106770200102,0.7244594693183899
123488,753.1375563223233,500,False,0.07552153123755649,False,0.015515184526672787,0.8432594537734985
123552,758.3307708437468,500,False,0.07117086446952073,False,0.015222373638489016,0.7270257472991943
123984,799.8752281157024,500,False,0.07877897610067694,False,0.015231306317733766,0.7806923389434814
124496,768.6755252132244,500,False,0.06644329274106188,False,0.015375759906386701,0.7761573791503906
124528,822.7707984699182,500,False,0.03875904918713786,False,0.015425969001680431,0.7381661534309387
125248,791.7372274053423,500,False,0.050051604642671686,False,0.015445129423990983,0.7215027213096619
125824,870.4653487604692,500,False,0.061258173080231744,False,0.015489340056622749,0.8078479766845703
126080,794.8915063220726,500,False,0.05767858952160907,False,0.01551126142504448,0.5665889978408813
127184,835.8601509555456,500,False,0.028009412545626045,False,0.015519524624274052,0.9338877201080322
127648,715.4567413207512,500,False,0.04490211158371145,False,0.015586297634844717,0.8752385377883911
127808,784.4262106542278,500,False,0.040847244842795734,False,0.015609479757478128,0.9108285307884216
128144,795.1209457093979,500,False,0.04492916575880402,False,0.015604932975702339,0.7536946535110474
128336,805.1772110753705,500,False,0.03406962004373732,False,0.01572363033223462,0.6428831815719604
128464,776.0207455068986,500,False,0.05796129569841704,False,0.01576544615564423,0.7557731866836548
129008,814.2303909715199,500,False,0.04703667192996117,False,0.015731074104396912,0.8355708122253418
129728,816.7912544852261,500,False,0.06286495743760323,False,0.015641349814317824,0.6746695041656494
131488,795.6840542488242,500,False,0.04771983699556101,False,0.015652907757940586,0.7271956205368042
131552,813.2107847646977,500,False,0.05077401491940809,False,0.015434916789391628,0.7788335084915161
131984,830.1970923379607,500,False,0.047839183915387745,False,0.015421429757687198,0.8323084115982056
132496,757.712100693019,500,False,0.048527633301394396,False,0.015530212012590229,0.8448529243469238
132528,817.3269916937577,500,False,0.054686190573334265,False,0.015477998622009312,0.8180559277534485
133248,789.47344903388,500,False,0.03869157130786135,False,0.015457099058132933,0.8371614813804626
133824,853.7588801510932,500,False,0.05309849892095691,False,0.015484105396058899,0.8470526337623596
134080,792.170870530437,500,False,0.0714676340561855,False,0.015456933635568937,0.640151858329773
135184,804.7446505675773,500,False,0.061644237636967344,False,0.015468954400002973,0.8002760410308838
135648,760.1555368108441,500,False,0.0416890723912945,False,0.015407315104682268,0.9228675961494446
135808,836.6903754324829,500,False,0.05134024141073985,False,0.015416388637471605,0.6697192192077637
136144,894.5011010881248,500,False,0.04555708794443814,False,0.015411655764066386,0.6461445093154907
136336,897.1748708872434,500,False,0.06555631945372886,False,0.015409914091685803,0.9267942905426025
136464,801.7909536724667,500,False,0.06371361018697484,False,0.015408602670020583,0.6705282926559448
137008,752.736789478872,500,False,0.0705895191293698,False,0.01546046090007743,0.7865346670150757
137728,813.6339726737558,500,False,0.05272952524858081,False,0.015501903989930855,0.6830767393112183
139488,879.0409711645598,500,False,0.05831615789262785,False,0.015375239577462892,0.8037516474723816
139552,759.6965067160347,500,False,0.048177637517650376,False,0.01537405102325468,0.7086824178695679
139984,798.238387122973,500,False,0.05672479087413663,False,0.015403225599050387,0.6385436654090881
140496,836.5204214286687,500,False,0.0412545263073289,False,0.0154731640729999,0.8201498985290527
140528,812.1839572151804,500,False,0.051006684953075414,False,0.015502408324543285,1.0120179653167725
141248,820.3361486608703,500,False,0.03373633973343116,False,0.015490723992625048,0.8485361933708191
141824,764.4243547714967,500,False,0.05210189236549416,False,0.015335297642292162,0.7183728218078613
142080,772.9889966588579,500,False,0.05860174798812725,False,0.015242221361143263,0.6661357879638672
143184,818.0306724575868,500,False,0.04849647528281177,False,0.015212623426999618,0.8151049017906189
143648,805.9512418810633,500,False,0.034112888915206065,False,0.01528907410417934,0.7544955015182495
143808,795.8336533839407,500,False,0.030482329319985194,False,0.015481511528213086,0.8690218925476074
144144,801.3490623532526,500,False,0.03998070320336282,False,0.015471537595089844,0.7587326765060425
144336,792.0966354480651,500,False,0.03842602551661819,False,0.015620418499672762,0.640653669834137
144464,854.9389431348484,500,False,0.0809442603748781,False,0.015570268983553754,0.911243736743927
145008,803.4966052936801,500,False,0.08914107649314479,False,0.01547007190082273,0.5881749391555786
145728,891.5936322134172,500,False,0.044290919913670804,False,0.015495551395381411,0.7705987691879272
147488,839.1932671744801,500,False,0.04775926860490206,False,0.015320313528367716,0.7144813537597656
147552,897.6754751698622,500,False,0.042507954752019565,False,0.015304011389847721,0.7106183171272278
147984,822.2087317282616,500,False,0.0448776393687245,False,0.015305679955745053,0.8501709699630737
148496,856.4895249016271,500,False,0.04536574024067712,False,0.015338620691609904,0.5907167196273804
148528,810.4197099741755,500,False,0.05377263045576276,False,0.015228991498395445,0.675745964050293
149248,710.9787353414135,500,False,0.06337423725130456,False,0.015250456855854778,0.6224683523178101
149824,768.7851092118186,500,False,0.05361824531688964,False,0.015314999277250677,0.7703123092651367
150080,838.1507109060818,500,False,0.03203907104150297,False,0.015221960499018807,0.7241314649581909
151184,825.0843703856071,500,False,0.07739875900955963,False,0.015249330684093685,0.624396026134491
151648,762.2238919123342,500,False,0.04535226270315576,False,0.015250190102421807,0.683747410774231
151808,867.5993700306913,500,False,0.060706183608852875,False,0.01517382229890876,0.8259021043777466
152144,804.1580206926286,500,False,0.055594475861960695,False,0.015134456578852672,0.6555961966514587
152336,811.8332074753376,500,False,0.04494905944125915,False,0.01519864840975889,1.2210718393325806
152464,886.4824978221934,500,False,0.04387290294737687,False,0.015311282188213654,0.8608412742614746
153008,866.4002461993284,500,False,0.045824130484506974,False,0.015297459147862125,0.8757892847061157
153728,779.1359706724055,500,False,0.05314622043101686,False,0.015373276000448344,0.7872742414474487
155488,788.3137486006135,500,False,0.041369658653487094,False,0.015399527304647128,0.6298677921295166
155552,850.0834493995095,500,False,0.06412070089575869,False,0.015127575812291474,0.7384628057479858
155984,783.4843721072731,500,False,0.07368636994908583,False,0.015118737685338524,0.8830581903457642
156496,786.6391850376942,500,False,0.03882363114402723,False,0.015159103101100206,0.6243274807929993
156528,788.6563009119586,500,False,0.05254145392393436,False,0.015247167560142029,0.8730738162994385
157248,823.6907141453453,500,False,0.06611641274896454,False,0.015275974085116018,0.6502512693405151
157824,845.4844061898402,500,False,0.051801251319817644,False,0.015267462267540215,1.0699286460876465
158080,861.2276469547971,500,False,0.04570113454164456,False,0.015071546524341735,1.1462280750274658
159184,829.493526961777,500,False,0.06689290188035106,False,0.015074082404593169,0.8755794763565063
159648,833.6466961364865,500,False,0.05420658859064693,False,0.015017102096882798,0.9822483062744141
159808,838.5532643051124,500,False,0.05917038267116206,False,0.015064348590626778,0.8012526631355286
160144,849.1712037290342,500,False,0.05430069097289904,False,0.015010918898061552,1.8783044815063477
160336,861.3957135336937,500,False,0.03587332874884785,False,0.015084340639944134,0.8374277353286743
160464,793.1528959354681,500,False,0.03857884212956239,False,0.014993301893949887,0.7429872155189514
161008,881.7743744333205,500,False,0.06323943311964197,False,0.014997550742133938,0.7907041311264038
161728,884.6523179640396,500,False,0.06027599149729837,False,0.01496288791279989,0.7442232370376587
163488,886.7896482290664,500,False,0.07149935891631548,False,0.014811890376240394,0.8243180513381958
163552,796.2701745537005,500,False,0.06237010598383383,False,0.01451697495078381,0.6482810974121094
163984,805.0934477107758,500,False,0.05869821282223105,False,0.01452501244537016,0.8203036785125732
164496,789.289423800974,500,False,0.06044610414759813,False,0.014560311161290761,0.7824268937110901
164528,800.5593558811258,500,False,0.042576612493334796,False,0.014639325277947812,0.9041461944580078
165248,832.9815877000226,500,False,0.0564258835831523,False,0.014620176128302019,0.6838617324829102
165824,823.3561430900841,500,False,0.0656852417328551,False,0.014412452771318118,0.8349916934967041
166080,884.7361028857842,500,False,0.05841178928671571,False,0.014497270124265004,0.9511592388153076
167184,817.0850150366805,500,False,0.08052683871183454,False,0.014540784419302658,1.0645499229431152
167648,815.0738126776567,500,False,0.058448866575925594,False,0.014165133459543545,0.7285905480384827
167808,754.5038535069689,500,False,0.0558161469386795,False,0.014048758077015047,0.8291300535202026
168144,782.7106887719679,500,False,0.04641769765071692,False,0.013944344532649934,0.8392314910888672
168336,801.7691184678148,500,False,0.06079286857221737,False,0.014016240491432819,0.9374415874481201
168464,874.6312985121997,500,False,0.06515390491805266,False,0.01400182872118,0.8291332721710205
169008,776.1752066724339,500,False,0.0693264104379057,False,0.01396598093121268,0.7639235258102417
169728,792.5188448936,500,False,0.05591627162801413,False,0.014270013257451742,0.8441778421401978
171488,806.4532517145776,500,False,0.0592586802768521,False,0.014186375218271931,0.7163523435592651
171552,801.688042888114,500,False,0.07033380070395433,False,0.014049637541376846,0.9741035103797913
171984,851.7730596789168,500,False,0.058848974197115364,False,0.014055757278860784,0.9054183959960938
172496,733.8094986958207,500,False,0.045127732699462304,False,0.014109646541134313,1.0526269674301147
172528,763.838779541141,500,False,0.06304226238943877,False,0.014152849014969921,0.6846264600753784
173248,795.8483909661134,500,False,0.07914475613974489,False,0.014129730239396959,0.5325957536697388
173824,845.4229663449202,500,False,0.03337725083285814,False,0.014020158611544568,0.7623939514160156
174080,809.2960013069845,500,False,0.04592220596934876,False,0.013933016665164248,0.7877572774887085
175184,825.0233771949249,500,False,0.06941707338240435,False,0.013951657232218256,0.6624549627304077
175648,761.7894332054112,500,False,0.05692512232598602,False,0.014027658497111153,0.6843278408050537
175808,764.4740569290367,500,False,0.05722004255224211,False,0.013989558764682792,0.8641130924224854
176144,768.3398882745877,500,False,0.08016042208018405,False,0.013947190256342275,0.9086832404136658
176336,779.0704917043217,500,False,0.07391714718636147,False,0.013916488380265423,2.8724231719970703
176464,860.4612111598017,500,False,0.07243108807884076,False,0.01389668889259462,1.6539322137832642
177008,832.9710605623123,500,False,0.07397127059932185,False,0.013930772657395212,0.744688868522644
177728,855.1206610720186,500,False,0.09090725933626981,False,0.013723179588765618,0.853156328201294
179488,747.6448770899748,500,False,0.06710221159189968,False,0.01378292297021357,0.6504577398300171
179552,805.4002331477872,500,False,0.07817870592415327,False,0.013572759263500876,0.9617627859115601
179984,770.424244302732,500,False,0.09087625078836034,False,0.013524068336454621,0.7058446407318115
180496,751.4910052653935,500,False,0.06299703423148202,False,0.013570579287606485,0.5427200198173523
180528,775.4361773428074,500,False,0.06358643510275752,False,0.013509473766610079,0.9011291265487671
181248,801.3394988291105,500,False,0.07919611189290876,False,0.013526453774546235,0.7496578097343445
181824,772.0224262584746,500,False,0.10037545401680538,False,0.01345665445855637,0.6678524017333984
182080,750.2233895562296,500,False,0.09224999230533784,False,0.013487802196660927,0.8499535322189331
183184,806.2855580355398,500,False,0.07545675703591047,False,0.013543279079118078,0.8907729387283325
183648,788.2292251049702,500,False,0.07037383820189516,False,0.013581177649605756,0.696631908416748
183808,792.3874180875239,500,False,0.05954344262343893,False,0.013633112191819617,0.7549556493759155
184144,808.1415238153292,500,False,0.07215174239715708,False,0.013612900517896286,0.7699398994445801
184336,779.9349377752844,500,False,0.07879422582194345,False,0.013609055560617122,0.7884924411773682
184464,854.1607509334284,500,False,0.07184370127906362,False,0.013531567421719183,0.8553893566131592
185008,805.3583028696128,500,False,0.07083119861103494,False,0.013547414245745001,0.5990891456604004
185728,820.8108557861229,500,False,0.08343863667735836,False,0.013559910713725731,0.6287173628807068
187488,840.8234792542785,500,False,0.08431779410804142,False,0.013611007051922454,0.7487406134605408
187552,810.7483895522043,500,False,0.08012552276110017,False,0.013474659694016107,0.6829816102981567
187984,824.167679871558,500,False,0.0862187638603458,False,0.013487840195458272,0.6306662559509277
188496,803.504247813343,500,False,0.07715694792429734,False,0.013507188342531971,0.64363032579422
188528,836.0334671807342,500,False,0.07056412584870078,False,0.01363183008587727,0.8233015537261963
189248,818.1206883859417,500,False,0.08974861050956018,False,0.01363777922368956,1.0347166061401367
189824,786.2567921701724,500,False,0.07660179141047843,False,0.013608217896045525,0.9858450293540955
190080,831.1625540258711,500,False,0.07440618065311401,False,0.013723390215787522,0.697490930557251
191184,801.5736209345179,500,False,0.049846119880098995,False,0.01383176609966867,0.6720969676971436
191648,817.751344212601,500,False,0.06142988418235293,False,0.013536563722348348,0.7930654883384705
191808,801.5164325749097,500,False,0.061554198347684434,False,0.013521021698665476,0.6611418128013611
192144,853.5360300557865,500,False,0.06510987113933886,False,0.013490825902709527,0.826568603515625
192336,775.7664571345093,500,False,0.06777992036305773,False,0.013507079055623775,0.801888108253479
192464,796.6573230472038,500,False,0.07137609301524478,False,0.013439750764577886,0.7261494398117065
193008,813.037378907805,500,False,0.07609595945290691,False,0.013443770528519486,0.735076904296875
193728,825.9015418217353,500,False,0.08614818065282157,False,0.013368201522111923,0.6336961388587952
195488,826.5176621538476,500,False,0.061965670533856966,False,0.01336854333983857,0.5814489722251892
195552,796.0271624458085,500,False,0.07530014771548368,False,0.013206619224093137,0.8463279008865356
195984,862.0251351496831,500,False,0.0755377183725789,False,0.013202942086359718,0.7173930406570435
196496,832.6236923819607,500,False,0.03497178033181251,False,0.013241064336378871,0.6696819067001343
196528,850.2697108060971,500,False,0.046625841974097734,False,0.01317030650808349,0.5454760789871216
197248,767.3547536769645,500,False,0.09081971918138292,False,0.01315964758834039,0.7300119400024414
197824,771.1580364530719,500,False,0.06934251285295617,False,0.013205674549507163,0.7883956432342529
198080,834.8959905460127,500,False,0.04598258176123242,False,0.013151366732075937,0.6229450702667236
199184,865.0793320075607,500,False,0.07393518835021606,False,0.013194124809705783,0.5530987977981567
199648,765.171921153153,500,False,0.07478189702752544,False,0.013263412192069604,0.6896318793296814
199808,797.5343606924815,500,False,0.06485405118413319,False,0.013192011180857891,0.7637453079223633
200144,808.0254686726626,500,False,0.05914043428096599,False,0.013142172909490511,0.6523089408874512
200336,793.656257173731,500,False,0.06953835040502519,False,0.013069205524393428,1.0044727325439453
200464,771.6277397094186,500,False,0.07634507570872937,False,0.013130555939221921,0.6025309562683105
201008,787.3556934389148,500,False,0.091893163927896,False,0.013133266615815795,0.8734441995620728
201728,779.291745419944,500,False,0.08583404190790975,False,0.013047554770342785,0.6812537908554077
203488,786.1855010694096,500,False,0.10307548930909897,False,0.013066906482916595,0.6467993259429932
203552,782.3352714028011,500,False,0.09689482252352472,False,0.013201603616698974,0.6748476624488831
203984,778.8595778498799,500,False,0.0800894134564808,False,0.01321959810861218,1.0514622926712036
204496,759.8604712441486,500,False,0.07461548361329755,False,0.013247095495379183,0.830434262752533
204528,822.4768077946253,500,False,0.08137025907745671,False,0.013278763087580223,0.7754839658737183
205248,826.5771511325191,500,False,0.08651922249784036,False,0.0132656288529963,0.7476240396499634
205824,790.7588302888446,500,False,0.1011963097904076,False,0.013413479505453199,0.6233757734298706
206080,799.3334633786407,500,False,0.07951262212922386,False,0.013334787819066678,0.6144473552703857
207184,861.5168792453566,500,False,0.041919630196693834,False,0.013371556318218424,0.8052011132240295
207648,838.749501755976,500,False,0.06795403609739582,False,0.013398674148579834,0.7469684481620789
207808,814.6933601700669,500,False,0.07612674704585537,False,0.013279463420326286,0.7309544086456299
208144,811.82347565739,500,False,0.07081073089286695,False,0.01329075019755494,0.634239912033081
208336,777.4346272175615,500,False,0.06709671986854786,False,0.013210172454586968,0.7157217264175415
208464,807.6464118881007,500,False,0.08559778112579718,False,0.013096980852492553,0.6097363233566284
209008,839.1071572079517,500,False,0.06426346063867099,False,0.01308112761548015,0.7578296661376953
209728,811.42786643863,500,False,0.0767577452564123,False,0.013063780316215821,0.633311927318573
211488,831.8794703563672,500,False,0.09222192922487046,False,0.012976553098639966,0.6330524682998657
211552,795.7449688838454,500,False,0.1005570265364683,False,0.012856519893485338,0.7036508917808533
211984,824.0978336637642,500,False,0.09466656284477343,False,0.012854063564131822,0.6994085907936096
212496,837.1406144936185,500,False,0.08338874216074783,False,0.01277409035457635,0.681409478187561
212528,788.7148945033709,500,False,0.09594826224691146,False,0.012672484589862079,0.5275930166244507
213248,837.196179032653,500,False,0.09459426070372963,False,0.012666408653377557,0.6978145241737366
213824,789.1567745801317,500,False,0.10478179794309034,False,0.012686851467934994,0.6247895956039429
214080,782.7222213934101,500,False,0.0733906644811719,False,0.01273690117706974,0.5517087578773499
215184,808.0256380841342,500,False,0.07738913779245128,False,0.01275621847843298,0.6346996426582336
215648,860.3693463554173,500,False,0.08598520683782541,False,0.012897320262263598,0.7533810138702393
215808,748.0447619304721,500,False,0.097685524297201,False,0.012914385699552926,0.8464511632919312
216144,774.277613476843,500,False,0.10085287785053608,False,0.012911428819630888,0.9843192100524902
216336,748.7419910056991,500,False,0.11986831416369577,False,0.013114924784144341,0.6701503396034241
216464,838.5563400444607,500,False,0.124872671719126,False,0.013147835012017594,0.7043896913528442
217008,804.1809118764994,500,False,0.139589540926573,False,0.013102212870422339,3.2367920875549316
217728,772.1876958706665,500,False,0.12153577683407527,False,0.013067824186090543,0.6511739492416382
219488,769.5223022293003,500,False,0.11203833644609976,False,0.013058245655422577,0.5803743004798889
219552,782.8211564548259,500,False,0.10440957039036156,False,0.012797923119543884,0.5869474411010742
219984,785.4398223328712,500,False,0.09475482707566721,False,0.012772383336722884,0.6849428415298462
220496,769.4101375909569,500,False,0.0769703750877051,False,0.012678537696756441,0.5182971954345703
220528,791.3942726632627,500,False,0.09104275004443703,False,0.012549775578205672,0.7770167589187622
221248,750.2050893286535,500,False,0.06685009637323827,False,0.012549961720877224,0.6611534357070923
221824,754.2571349645467,500,False,0.09778311457428614,False,0.012489944463774954,0.6904927492141724
222080,825.6315947287144,500,False,0.08244551170534896,False,0.012530668106028053,0.537324070930481
223184,803.5703165628018,500,False,0.08127785016444034,False,0.012538099868572166,0.6500890851020813
223648,832.2251825155038,500,False,0.07779226127667116,False,0.0124939429772758,0.5621730089187622
223808,808.3435448038135,500,False,0.0597005611459569,False,0.012538082434715762,0.6655513048171997
224144,751.3370952575837,500,False,0.0638117176472307,False,0.012531933050781038,0.5989154577255249
224336,850.1266115843006,500,False,0.07714566102653823,False,0.012481531672246514,0.5021579265594482
224464,785.3294345437675,500,False,0.06417956522096509,False,0.012468477532146222,0.6104578375816345
225008,763.0270773604873,500,False,0.07441748076537716,False,0.012423091830842187,0.643058180809021
225728,778.5383376840986,500,False,0.07308169489394595,False,0.012276325286660951,0.7316518425941467
227488,803.8760422529812,500,False,0.07996918128328316,False,0.012238451606524165,0.6462185978889465
227552,748.1996244982992,500,False,0.10039647448117132,False,0.012016607032566557,0.5223885178565979
227984,796.5235545756285,500,False,0.0917211043662625,False,0.012039133837581784,0.5566173791885376
228496,809.0148999864307,500,False,0.06643852709456938,False,0.012139999882551373,0.8012874722480774
228528,809.1841253066895,500,False,0.07887014506242301,False,0.012041692854392586,0.5313514471054077
229248,834.5069592958747,500,False,0.09426896742673929,False,0.012044829154677257,0.8069921135902405
229824,861.3855404487634,500,False,0.07728815190633569,False,0.012142737941799575,0.6623187065124512
230080,824.3203948528982,500,False,0.08916817160118647,False,0.012081074606138666,0.5893032550811768
231184,812.0053292193091,500,False,0.0880999495710619,False,0.012027761519995763,0.7426124215126038
231648,803.3481069591368,500,False,0.0658740318703791,False,0.01216600812153254,0.8546212911605835
231808,775.0993052136449,500,False,0.04681258748654263,False,0.012196466576255328,0.8939117789268494
232144,778.0118803087979,500,False,0.05937016225211489,False,0.012185281283635458,0.9572076797485352
232336,809.3566153162564,500,False,0.08107725024476733,False,0.012052524168659073,0.8641365170478821
232464,813.6499369719695,500,False,0.07233887857461403,False,0.01208928448113032,1.2297511100769043
233008,775.1087961524039,500,False,0.08429084682391504,False,0.0121094297561999,0.7798475027084351
233728,783.5513720434471,500,False,0.0774846144952301,False,0.012106157484997625,0.7941730618476868
235488,837.060197540644,500,False,0.05792832919279504,False,0.012221779608415775,0.9239004850387573
235552,866.7124301531854,500,False,0.06509531749897642,False,0.012233999079988777,1.2127432823181152
235984,860.1211073950984,500,False,0.07928265150427573,False,0.012250312158653298,1.9053677320480347
236496,814.6008859097196,500,False,0.11390315863363151,False,0.012182663570642259,0.6494179964065552
236528,788.7103773900956,500,False,0.09457291882764567,False,0.012183983589017055,0.5374350547790527
237248,829.5375901249249,500,False,0.09713852954715502,False,0.012196621569385736,0.7189182639122009
237824,775.494586409243,500,False,0.08211969179178176,False,0.011979323440957628,0.7023422718048096
238080,790.6696231952445,500,False,0.07544368085825068,False,0.011799050706873383,0.820810079574585
239184,828.9408637607565,500,False,0.09699317137759353,False,0.011879962087869187,0.6957806348800659
239648,786.9830448506381,500,False,0.10202713594898764,False,0.01189721128298631,0.6117801666259766
239808,794.3334951389185,500,False,0.10228547919404947,False,0.011930839665254085,0.8172910213470459
240144,814.4483989382895,500,False,0.10711382668584243,False,0.011960453634538248,0.6096900701522827
240336,757.4729713788806,500,False,0.11200649389770022,False,0.011996940355226473,0.6615098714828491
240464,751.98895339568,500,False,0.12660078206643527,False,0.01202104779419104,0.7379043102264404
241008,783.2997584849388,500,False,0.09911505257928938,False,0.012055105863366227,0.69326251745224
241728,756.260360961293,500,False,0.07427865460466351,False,0.012019460632583611,0.7222216725349426
243488,769.3236610828279,500,False,0.09154925286033955,False,0.011982751481525465,0.5725617408752441
243552,774.680258287547,500,False,0.07978245045235456,False,0.01190213438445559,0.6787265539169312
243984,754.4695591883458,500,False,0.06736735642755795,False,0.01188273012856096,0.7212815880775452
244496,823.1933314291424,500,False,0.07193495073433193,False,0.011919394055521807,0.8406973481178284
244528,760.3748645096031,500,False,0.060592713920918674,False,0.011877551712035974,1.0481294393539429
245248,847.0019342310817,500,False,0.11773936007117514,False,0.011896536105384155,0.9130333065986633
245824,774.8644214966648,500,False,0.0860438461320373,False,0.01194370260098312,0.7697008848190308
246080,821.4399571206668,500,False,0.0560279491040552,False,0.011753912771347356,0.6891827583312988
247184,799.3966101522649,500,False,0.0780628130836651,False,0.01169159814719979,0.6032975912094116
247648,767.5618270391737,500,False,0.07954120943843913,False,0.011565115339496633,0.6000247001647949
247808,748.4464361150722,500,False,0.08933324746398454,False,0.01156898426396957,0.7574610710144043
248144,743.8564624175433,500,False,0.0957656270231608,False,0.011601111565179869,0.7293651700019836
248336,847.0104841085995,500,False,0.1106542270273458,False,0.011606109863199796,0.7554131746292114
248464,826.6765866337977,500,False,0.11124245855392531,False,0.011612019805953982,0.6136265993118286
249008,823.4088928593422,500,False,0.10305659769811584,False,0.011579551683439025,0.6349562406539917
249728,780.1811723708497,500,False,0.10637928183021933,False,0.011527233881104621,0.6519519090652466
251488,783.9893255611277,500,False,0.06725360211342703,False,0.011345968421327709,0.7256609797477722
251552,765.76442714481,500,False,0.07043433524658341,False,0.011478631004040774,0.8225771188735962
251984,745.2456604941859,500,False,0.08347819134894714,False,0.011499928877964713,0.8694198131561279
252496,810.9272579621473,500,False,0.10402559488507811,False,0.011640607840942644,0.6040860414505005
252528,801.796425738009,500,False,0.09937696504730996,False,0.011724877551122911,0.4952516257762909
253248,865.3388271473265,500,False,0.0706079489071925,False,0.011725637601755627,0.7150202393531799
253824,725.302531573366,500,False,0.07229189681366419,False,0.01172473599694898,0.5885555744171143
254080,822.7516278432624,500,False,0.08244026746994,False,0.011802866150258808,0.5668879747390747
255184,807.5847474965757,500,False,0.0667786562065088,False,0.011797125728611276,0.8444213271141052
255648,793.7665998688216,500,False,0.051436608690314536,False,0.011905935433627172,0.9750467538833618
255808,769.2119993267096,500,False,0.05084789986477379,False,0.011920955043496686,0.7246235609054565
256144,787.0285842430882,500,False,0.07300526477301351,False,0.011869737572931468,0.8494303822517395
256336,819.9103519762299,500,False,0.09284134225518434,False,0.011759148092533863,0.5272091031074524
256464,750.2829804588212,500,False,0.09562156080937587,False,0.011740884404118372,0.5171526670455933
257008,751.1273590875185,500,False,0.09661291863198855,False,0.01177112865171014,0.6771694421768188
257728,767.2949300578179,500,False,0.10042068103404336,False,0.011968650093422264,0.6390947699546814
259488,797.5488164014273,500,False,0.07960324431036526,False,0.011955010147779256,2.0209953784942627
259552,844.6525527856365,500,False,0.0752805349006115,False,0.011621757261812766,0.7195180654525757
259984,779.1556902411381,500,False,0.05290224950105405,False,0.011605549987192518,0.6348832249641418
260496,793.4937178480887,500,False,0.13390648925767468,False,0.01158213014069042,0.7628735303878784
260528,807.4976555074256,500,False,0.0907184752917528,False,0.011606542283398417,0.6812281608581543
261248,802.3525367621072,500,False,0.11951569130564699,False,0.011604931913605242,0.7035074234008789
261824,764.5321746754993,500,False,0.1204947405810422,False,0.011553282651431615,0.6931174993515015
262080,800.2268892391099,500,False,0.09003366177083387,False,0.011486056686511658,0.5932550430297852
263184,835.7956419453204,500,False,0.08628837918625884,False,0.011497051114598103,0.6029272079467773
263648,776.6128611498104,500,False,0.08845807793153562,False,0.01150555912203864,4.326279640197754
263808,728.1775510524498,500,False,0.09466554067907895,False,0.011479311958557404,0.7275848388671875
264144,745.9683397425846,500,False,0.0923176470554783,False,0.011382651294648855,0.6668775677680969
264336,773.536254670867,500,False,0.09453440090573541,False,0.011359723349200117,0.5225244760513306
264464,757.8035271638804,500,False,0.08985298852207237,False,0.011318198395001176,0.6414679884910583
265008,777.8471324982436,500,False,0.12143128611156535,False,0.011324454812670628,0.7320284843444824
265728,755.0523302544541,500,False,0.08529262712313374,False,0.011392503654308075,0.5128368139266968
267488,761.7872273976154,500,False,0.10508265412711523,False,0.011438379756025222,1.9231513738632202
267552,766.3318434751924,500,False,0.09249111719180919,False,0.011525116598398243,0.6404114961624146
267984,743.542647872732,500,False,0.052630314096785785,False,0.011538311290904827,0.7193781733512878
268496,830.6987078364448,500,False,0.09870282275362008,False,0.011513395331179505,0.6767787337303162
268528,814.88008304161,500,False,0.0797803558287148,False,0.011294099900929118,0.8124744892120361
269248,838.8928507404365,500,False,0.08465031933174498,False,0.01129147317141815,1.3794312477111816
269824,781.7601288298681,500,False,0.06712904203863149,False,0.011301819210461351,0.6509490013122559
270080,806.3861901778872,500,False,0.07571490929472431,False,0.011324697050436023,0.7080751657485962
271184,855.1668578001648,500,False,0.07315414420160977,False,0.01140909124775493,0.867240309715271
271648,797.3618381989935,500,False,0.12030292205096027,False,0.01149680907363417,0.6737982034683228
271808,819.7178866532277,500,False,0.11392719484682083,False,0.011422790413636969,0.6615668535232544
272144,767.2237464197991,500,False,0.1245245677726707,False,0.011426432391927449,0.6668221950531006
272336,849.7002478907337,500,False,0.10336449677587005,False,0.011426364997614324,0.727649450302124
272464,783.2480584664636,500,False,0.11469927760869592,False,0.01140594824765522,0.685920000076294
273008,781.4793580956997,500,False,0.13256672504556016,False,0.011363428655851313,0.6780520081520081
273728,807.8175298110299,500,False,0.12692987341801565,False,0.011371962268654327,0.59200519323349
275488,794.4022383381377,500,False,0.10809166865720186,False,0.01132061559023216,0.6153848767280579
275552,792.5697746924176,500,False,0.11794161110066737,False,0.011433077713162152,0.5689124464988708
275984,757.9727483208842,500,False,0.11685563823175234,False,0.011425755902043366,0.47935667634010315
276496,821.1707698311067,500,False,0.10663429529506956,False,0.01136930155474322,0.6026051044464111
276528,840.0701037201237,500,False,0.10284096384296468,False,0.011271838909797244,0.7334986925125122
277248,784.2747415778781,500,False,0.10114911091497931,False,0.01125519144044291,0.6323717832565308
277824,822.8352390340565,500,False,0.08614578933266336,False,0.011193589638183931,0.7691817283630371
278080,774.4356914652733,500,False,0.1044403112494059,False,0.011225318099187984,0.6602938175201416
279184,738.7685308764181,500,False,0.08751887613961158,False,0.011218491859095295,0.7091201543807983
279648,806.6452528312573,500,False,0.06707663942543603,False,0.011062137739390902,0.591618537902832
279808,783.0893564958194,500,False,0.0808491769828063,False,0.01113865291369892,0.5564919710159302
280144,793.7915400874818,500,False,0.11218362642017256,False,0.011232081907742624,1.3328732252120972
280336,822.5120812045087,500,False,0.08677632791808913,False,0.011324544531079487,0.8992248177528381
280464,783.1576068859146,500,False,0.09744647356026738,False,0.011243925990672293,0.7210819125175476
281008,852.6209322070662,500,False,0.10062343888977382,False,0.011153383977495105,0.6930117607116699
281728,798.0590957111519,500,False,0.10171317241291564,False,0.01101418536985628,0.60238116979599
283488,761.8119146749933,500,False,0.10615781428003902,False,0.010913749539449945,0.7218542098999023
283552,826.7799461759793,500,False,0.10357303429168703,False,0.010597623120721864,0.44619375467300415
283984,795.7885643425687,500,False,0.09583302759162908,False,0.01061458523998914,0.4340498745441437
284496,731.321329734537,500,False,0.13116749187450807,False,0.010708484487424232,0.7084597945213318
284528,785.6481066946012,500,False,0.1176832828754398,False,0.010674470743866338,0.5722567439079285
285248,817.3297324689439,500,False,0.12303191887817626,False,0.010669694684731418,1.944146990776062
285824,758.6550274692692,500,False,0.09830911531873368,False,0.010445431195888396,0.8665053248405457
286080,804.4140322090368,500,False,0.11133597996012544,False,0.010404789373640033,0.787767231464386
287184,825.9678050250859,500,False,0.13036282830908014,False,0.010288687674919111,0.788639485836029
287648,787.2132943779864,500,False,0.10543082318556532,False,0.010288311331494387,0.6173536777496338
287808,771.7985784318635,500,False,0.07403200871384855,False,0.010319824479289337,0.5531944036483765
288144,754.3091888133746,500,False,0.10530321141389519,False,0.010294614311669729,0.5544255971908569
288336,791.3359205615897,500,False,0.11055331871701873,False,0.010389264787024823,0.7390005588531494
288464,828.4409149928713,500,False,0.0969699924468476,False,0.010425375836961437,0.7445859909057617
289008,815.3378430718685,500,False,0.11543832682608687,False,0.010463839100782323,0.4451056122779846
289728,828.8053456669418,500,False,0.10333836293914281,False,0.010293414186715163,0.7220714092254639
291488,810.0311998599632,500,False,0.06197352839154798,False,0.010515457278251242,1.541966199874878
291552,842.9930589328159,500,False,0.07651963994270634,False,0.010176627077242806,0.6270989179611206
291984,801.5739675226545,500,False,0.09367279935494713,False,0.0101566135488434,0.6706315279006958
292496,787.8725062106481,500,False,0.07096923028546852,False,0.010008980541187264,0.4609195590019226
292528,818.6312235147817,500,False,0.08989184708959715,False,0.010019675363730874,0.4534873068332672
293248,807.3074245051598,500,False,0.0910275704697857,False,0.010014487318644445,0.6431466341018677
293824,837.1164423659345,500,False,0.1245345753299857,False,0.009918241502427887,0.5559338331222534
294080,756.5504695782294,500,False,0.10418376466527521,False,0.009939436025497248,0.6286894083023071
295184,788.3136470347677,500,False,0.12144236654933871,False,0.009843000444074611,0.6803600788116455
295648,860.3694437597701,500,False,0.11165240921382742,False,0.009748501162441622,0.7112922072410583
295808,747.5860741129757,500,False,0.10508012251387978,False,0.009891736270129995,0.5502557158470154
296144,785.7127875924818,500,False,0.12069293415059115,False,0.009879197337138273,0.5873794555664062
296336,795.1136650514172,500,False,0.07111489773996775,False,0.009741749923649484,0.7656708359718323
296464,795.9988529712437,500,False,0.10374311505786636,False,0.009649784098055302,0.6389055848121643
297008,765.3276066695643,500,False,0.11286195489246888,False,0.009641547742890411,0.5409085750579834
297728,816.8868337363206,500,False,0.11349642747249786,False,0.009830672246735568,0.5681869983673096
299488,747.9232644239181,500,False,0.12585717871772725,False,0.009919733678773754,0.5839999914169312
299552,837.8562122411907,500,False,0.11630322959081868,False,0.009803375954745041,0.5820087194442749
299984,807.4173161564562,500,False,0.12753151469954632,False,0.00978952787839633,0.5946375131607056
300496,788.8162986681735,500,False,0.12461374851146846,False,0.009722067794485088,0.6160813570022583
300528,769.3098277375648,500,False,0.13917692702377743,False,0.009807010120206565,0.6212208271026611
301248,764.2488471711132,500,False,0.15165673707192198,False,0.009814958808138444,0.5679160356521606
301824,758.4065311042385,500,False,0.1398113296682341,False,0.009714205123185547,0.6341637372970581
302080,770.7526737723564,500,False,0.1503938485652374,False,0.009691927956450134,0.7294919490814209
303184,767.7804031487344,500,False,0.09456650894855645,False,0.009703007012626212,0.600589394569397
303648,801.0808376953681,500,False,0.09774086903435178,False,0.009348391965405111,0.6743261218070984
303808,762.0287667915014,500,False,0.11523469558072387,False,0.009286535228556823,0.6042190194129944
304144,768.3401343709612,500,False,0.11330419957132605,False,0.00928789900281586,0.6291415095329285
304336,741.8113422187215,500,False,0.11921896800841823,False,0.009336137834010702,0.570186972618103
304464,752.0362606079619,500,False,0.11177056905006164,False,0.009334054694346559,0.547340989112854
305008,758.8460086758853,500,False,0.08884155358472878,False,0.009369279608557041,0.9824260473251343
305728,734.6646516240065,500,False,0.10512024593479899,False,0.00950030520973077,0.582658588886261
307488,831.5806882858443,500,False,0.11742146100670196,False,0.009495777869062636,0.7756057381629944
307552,743.6020394660467,500,False,0.11555543018395713,False,0.00930405852921066,0.484367311000824
307984,748.8508802663149,500,False,0.09617533067783025,False,0.009307154954657247,0.5748637318611145
308496,792.6821245947921,500,False,0.08736217927567248,False,0.009218732231598177,0.7395418882369995
308528,818.8482100770565,500,False,0.08950380258909871,False,0.009257976190027724,0.6502499580383301
309248,810.4960521870051,500,False,0.0994321495366602,False,0.009261712623462823,0.47417086362838745
309824,789.6184484089852,500,False,0.14523533392635035,False,0.009194322193576951,0.546688437461853
310080,740.2058369226717,500,False,0.09640772196442136,False,0.009507073421861651,0.9128586053848267
311184,808.521923136809,500,False,0.10030343041210796,False,0.00942920459613951,0.6491128206253052
311648,765.048723398578,500,False,0.15526834961010338,False,0.009673546286413677,0.744287371635437
311808,765.1015762050827,500,False,0.15506343224636443,False,0.009767730363726414,0.6440811157226562
312144,822.1722354966802,500,False,0.1232363975989778,False,0.009821612372738153,1.1203052997589111
312336,818.3336293094666,500,False,0.12240419681775712,False,0.00980511002017103,0.7334070205688477
312464,770.2440564001449,500,False,0.11188634324533567,False,0.009793180545217649,0.6516207456588745
313008,808.9276338593476,500,False,0.12847002478633712,False,0.009815660135145912,0.7274012565612793
313728,761.9321228429201,500,False,0.047756754381692884,False,0.009847822207255013,0.655423641204834
315488,784.387870160512,500,False,0.10067652489957572,False,0.009687368122650206,1.4147377014160156
315552,803.170369762456,500,False,0.07465143669947916,False,0.009617259183991006,0.5266869068145752
315984,766.7704329651447,500,False,0.12778718242065898,False,0.009609861167225828,0.6729295253753662
316496,884.1671091078172,500,False,0.06056883498090495,False,0.009456560263902432,0.717339277267456
316528,801.0130189235559,500,False,0.09979538926401675,False,0.00944226383196104,0.651911735534668
317248,741.0352749896834,500,False,0.114799259976436,False,0.009447762166526366,0.8848879337310791
317824,776.7223669613509,500,False,0.0985227704191014,False,0.009522081639684606,0.7343313097953796
318080,729.6375900055453,500,False,0.11616727867090657,False,0.00958784998853856,0.6364091634750366
319184,837.8340878818384,500,False,0.0682377306917192,False,0.009576182877223071,0.6918420195579529
319648,828.4274145489933,500,False,0.05049068083208324,False,0.009580885528352108,0.7845091819763184
319808,880.4469539501208,500,False,0.036703488767943424,False,0.009609993784807229,0.633192777633667
320144,735.4464115505187,500,False,0.16303313216250673,False,0.009643070670346447,0.5265142917633057
320336,826.6521589762112,500,False,0.06174537599533502,False,0.009691902283696097,0.7620046138763428
320464,760.0046472418036,500,False,0.06458774247061759,False,0.009679485546919482,0.6997990012168884
321008,806.30256421803,500,False,0.05221690631074143,False,0.009655325911115158,0.5703332424163818
321728,790.2389840329382,500,False,0.053106865562254454,False,0.009554768646163241,0.5690181255340576
323488,896.4626243318422,500,False,0.056207673841274425,False,0.00952240924684446,0.6499320268630981
323552,806.7606274289884,500,False,0.059461038836267535,False,0.009466329409851319,0.6661211252212524
323984,894.5040515820996,500,False,0.050429980000252055,False,0.0094503432115077,0.6087079644203186
324496,863.2766970312908,500,False,0.06947686806148673,False,0.009440225397002072,0.7568185925483704
324528,861.2510799750273,500,False,0.10500458338636884,False,0.009429026982393392,0.582064151763916
325248,838.0312152651787,500,False,0.04793687858461063,False,0.009420380863183324,0.7062127590179443
325824,766.7739950947654,500,False,0.08536641293186706,False,0.009294342187307823,0.8558118343353271
326080,799.6240149680114,500,False,0.08430687921922941,False,0.009221498145876311,0.6486071348190308
327184,768.1404347970388,500,False,0.04885945383431673,False,0.009153630587282484,0.6390424966812134
327648,837.1620572062039,500,False,0.07273629210094981,False,0.009057233379353352,0.6173825263977051
327808,861.7342193594961,500,False,0.08223505177763221,False,0.009037219046421541,0.6008090972900391
328144,779.229685327141,500,False,0.09501987359807755,False,0.008996045773504506,0.7856165170669556
328336,810.660031153049,500,False,0.08409117541078828,False,0.009007597231803034,0.5165753364562988
328464,811.887871081793,500,False,0.091436130680787,False,0.008930028621922806,0.4991544485092163
329008,854.5799669757098,500,False,0.06506278489271944,False,0.008894749626736757,0.5255637168884277
329728,772.7578723585,500,False,0.05412036285554897,False,0.008909502498770717,0.7300330400466919
331488,788.1981198569906,500,False,0.0849667759818489,False,0.00877322937463957,0.5568345785140991
331552,778.6530173196649,500,False,0.0796769216645872,False,0.008924515904979096,0.6587114334106445
331984,857.7474987686716,500,False,0.07958033775400733,False,0.008937059180396875,0.6262054443359375
332496,807.679774652298,500,False,0.10131734900090156,False,0.00902998041685182,0.5809247493743896
332528,788.9094840399863,500,False,0.09564564918174502,False,0.008986730515203198,0.5109686255455017
333248,837.752944226791,500,False,0.06808179530139878,False,0.008994495856890628,0.6299582719802856
333824,855.7358556916514,500,False,0.09446754671408342,False,0.008922302557349703,0.6627713441848755
334080,855.5227424402194,500,False,0.09491596186368609,False,0.008937149724595691,0.5691848397254944
335184,798.921717808929,500,False,0.07021570188923247,False,0.008896828211470864,0.6332056522369385
335648,782.8988983109128,500,False,0.07578238795090216,False,0.008717954412647185,0.6855698227882385
335808,774.4325334738529,500,False,0.07479854603020088,False,0.008767119913982217,0.519929826259613
336144,779.846512174875,500,False,0.07234281983325376,False,0.008738667667270229,0.5417715311050415
336336,807.8336073959935,500,False,0.06441453203523195,False,0.008655701848196218,0.44309496879577637
336464,830.9543581087015,500,False,0.07460883185140575,False,0.008635646740076707,0.5258340835571289
337008,801.2232792710248,500,False,0.07562453275868122,False,0.008587087572649373,0.5868105888366699
337728,852.1959004718263,500,False,0.07741053804789746,False,0.008508913027774968,0.4870578646659851
339488,822.3016855097006,500,False,0.0767260927240511,False,0.008405583516471705,0.4307634234428406
339552,789.926967168832,500,False,0.07379160187225003,False,0.008471223214171177,0.6458084583282471
339984,789.4921891528866,500,False,0.07087848564339295,False,0.008456271104701997,0.9409944415092468
340496,747.901991689499,500,False,0.06321686820644301,False,0.008392249223379179,0.5489931106567383
340528,821.1279010851864,500,False,0.06011466788075411,False,0.00835592128572812,2.3281307220458984
341248,760.9012291201949,500,False,0.0740244275986859,False,0.008358373212785092,0.7710460424423218
341824,789.976277926845,500,False,0.07356502988074465,False,0.008476014353756047,0.7321933507919312
342080,771.5554710101898,500,False,0.0708123204156463,False,0.008544802612978653,0.5329779982566833
343184,765.9972959374732,500,False,0.08281628883761544,False,0.008600595870565669,0.693637490272522
343648,873.2786310532236,500,False,0.06653240424486541,False,0.008408633621645546,0.683509111404419
343808,804.2627352721428,500,False,0.06528412917612206,False,0.008395311716520078,0.5987728834152222
344144,831.5149504548649,500,False,0.07764378245822287,False,0.008443007537378167,0.49558618664741516
344336,826.9172708994009,500,False,0.06219813997202271,False,0.008400261710701722,0.8668356537818909
344464,815.9048692996163,500,False,0.057801121589843275,False,0.00847603203752081,0.5202046632766724
345008,864.1175157789236,500,False,0.05728961716421469,False,0.008506692289980203,0.5774844288825989
345728,859.0780118822644,500,False,0.06283174644126199,False,0.008317223097460883,0.6241446733474731
347488,794.2674909046052,500,False,0.07099083371935308,False,0.008276396392450936,0.5494555234909058
347552,775.1387944975223,500,False,0.04271891014179422,False,0.008166578772539899,0.6674830913543701
347984,847.1077912211799,500,False,0.04739609826092394,False,0.008188577648940161,0.6076993346214294
348496,813.271644291344,500,False,0.06857260476682221,False,0.008311766267937044,0.7121732234954834
348528,814.4967643051737,500,False,0.05651670326031836,False,0.008162420435131056,0.5065872073173523
349248,777.32105414159,500,False,0.07947399686190476,False,0.00815729991425035,0.5358890295028687
349824,849.7580440072568,500,False,0.05328618586801032,False,0.008141400586208889,0.5864224433898926
350080,828.2436949577383,500,False,0.058479306636643635,False,0.008076720959850386,0.7418708801269531
351184,813.8292634624559,500,False,0.05351519544676094,False,0.0080842827364009,0.6161273717880249
351648,823.5897367305527,500,False,0.048592477771848434,False,0.007936579259461589,0.4766240417957306
351808,765.6285344131159,500,False,0.04575960183091159,False,0.007904629095192458,0.6022432446479797
352144,810.2959193658528,500,False,0.05135708213456463,False,0.007881340544786739,0.6095498204231262
352336,791.4701803587745,500,False,0.057298502842436885,False,0.00781392953738021,0.6916751861572266
352464,838.6585843180146,500,False,0.05511855407107007,False,0.007798741830572802,0.4928413927555084
353008,849.3359360062667,500,False,0.04550244302675864,False,0.0077832147509874815,0.6333633065223694
353728,764.9867829815596,500,False,0.05644643159457363,False,0.007756849127975353,0.6064375042915344
355488,773.9320657073757,500,False,0.03902139443075344,False,0.007831383694017273,0.619685173034668
355552,780.037786259586,500,False,0.03925385993264719,False,0.008042106968297628,0.5334373116493225
355984,834.5446444463566,500,False,0.09952430160567247,False,0.008069950561385637,0.5288873314857483
356496,860.4558857544166,500,False,0.06754560091042551,False,0.008081074008335047,0.6458740830421448
356528,769.9426389364827,500,False,0.08697117665048362,False,0.008069182256125601,0.6338750123977661
357248,818.2696099330127,500,False,0.03706350575479322,False,0.00807019923913765,0.6407060027122498
357824,813.0477639014415,500,False,0.03926476805118534,False,0.008051005771350884,0.5139250755310059
358080,703.8225527945139,500,False,0.027807294248354836,False,0.008054407546439346,0.43845134973526
359184,795.5000036811145,500,False,0.033801761275306895,False,0.00812141411748503,0.8704327344894409
359648,807.0530989618456,500,False,0.03782251674307216,False,0.008128547867800331,0.8028850555419922
359808,875.4238635616517,500,False,0.048995502004264974,False,0.008030882265832859,2.2966248989105225
360144,786.0001304694873,500,False,0.03774678483998458,False,0.007970439343951275,0.7380918264389038
360336,895.670638239041,500,False,0.05100029491506092,False,0.007860653069701962,0.6731282472610474
360464,799.6967857564439,500,False,0.046364216071623686,False,0.00791923098004214,0.542693018913269
361008,763.5902100221817,500,False,0.02701492494307298,False,0.007916759259413623,5.4368486404418945
361728,827.8678795299703,500,False,0.021157962353859198,False,0.008047283321678913,0.5124790072441101
363488,835.2696052336335,500,False,0.04369026354623583,False,0.008236530899028413,0.5989588499069214
363552,747.4290316902355,500,False,0.034916284877336654,False,0.008333156299997767,6.036530494689941
363984,898.6936582914623,500,False,0.03684017992624678,False,0.008298343599842183,0.7360178232192993
364496,817.8277165258486,500,False,0.032472716667762816,False,0.008310060755672881,0.8820604681968689
364528,760.5989186032136,500,False,0.04269646904202842,False,0.008374920755609236,0.449908584356308
365248,805.0002508747178,500,False,0.048920520758156345,False,0.008385996601887597,0.4431518614292145
365824,829.607129925065,500,False,0.08459858493026699,False,0.008351633216874167,0.5748329162597656
366080,843.1980432687088,500,False,0.03902896129648517,False,0.008337732480490013,0.4700120687484741
367184,828.0832396381522,500,False,0.0369245369957334,False,0.00825590521401034,0.683526873588562
367648,822.1177159882632,500,False,0.030678754121025123,False,0.008239562907820816,0.5878018140792847
367808,783.7420717968565,500,False,0.028809234296996562,False,0.008301590988895718,0.6356340050697327
368144,816.5109943630945,500,False,0.03514243977556122,False,0.008284427373324216,0.5424461960792542
368336,825.3447591171816,500,False,0.04506175913345079,False,0.00829552680604526,0.5928280353546143
368464,561.3883435622588,500,False,0.2585340938301291,False,0.008341610389969856,0.6391196846961975
369008,854.7321169637858,500,False,0.03811600332143861,False,0.00831303737425362,0.6158959269523621
369728,893.0600561177113,500,False,0.043039166509295956,False,0.008267941523226041,0.49756771326065063
371488,794.0722868359878,500,False,0.042090239624069624,False,0.008161598547322438,0.559725821018219
371552,868.0668994911418,500,False,0.06194555387909324,False,0.008188008369638006,0.5510860085487366
371984,827.1647454198975,500,False,0.04587017262575051,False,0.008182848156576958,0.49192699790000916
372496,833.5377549770176,500,False,0.047262420039247965,False,0.0081426108713305,0.5181053876876831
372528,851.8583711228201,500,False,0.03818420880410324,False,0.008065559477247759,0.6513371467590332
373248,842.1105771190801,500,False,0.027993396094570862,False,0.008061960138223054,0.6025447845458984
373824,803.0537725208571,500,False,0.03429584893391999,False,0.008150839319863127,0.5294463634490967
374080,853.7509446480534,500,False,0.04265730880637793,False,0.008183512317584496,0.5991661548614502
375184,869.2878565762711,500,False,0.05002029555214009,False,0.00812874367123815,0.61982661485672
375648,652.8730499700646,500,False,0.3832772097497634,False,0.008073830504712595,0.5186692476272583
375808,857.0773330771412,500,False,0.04202158161987219,False,0.008061356679264286,3.064910888671875
376144,783.1287362652656,500,False,0.05338025862450047,False,0.008072812939060082,0.5826801061630249
376336,818.241714103461,500,False,0.0488929420516263,False,0.008045311362915471,0.6544300317764282
376464,867.6941143888833,500,False,0.03825888913292192,False,0.008047920520807541,0.5874727368354797
377008,819.0256397097022,500,False,0.055316213531075104,False,0.008057570860601345,0.6109782457351685
377728,796.0064617209538,500,False,0.04769657600005349,False,0.008191994041861418,0.5862074494361877
379488,618.1597698601698,500,False,0.3585355016982573,False,0.008175237117508755,0.5829007625579834
379552,774.639695611304,500,False,0.044867846608250286,False,0.008245479363574363,0.6398128271102905
379984,857.4667704181564,500,False,0.043060616897933626,False,0.008235744401725904,0.547041654586792
380496,835.4088939342727,500,False,0.051119335795560675,False,0.008317750104540805,0.5228568911552429
380528,801.002313220522,500,False,0.041813086620890096,False,0.00835352970820974,0.6084315776824951
381248,835.8700467430799,500,False,0.037379583545487385,False,0.008369254612393549,0.5336283445358276
381824,902.9730906099178,500,False,0.05801355993874957,False,0.008344415112968327,0.6437755227088928
382080,817.1979792335545,500,False,0.04796385058520012,False,0.008272714202355567,0.602699875831604
383184,796.7143269299852,500,False,0.06004902454041631,False,0.008263107006107266,0.6434520483016968
383648,891.2320079517544,500,False,0.029500620491155594,False,0.008306285171120769,0.7650084495544434
383808,848.579805467855,500,False,0.043443507551369075,False,0.008172871192624005,0.6467113494873047
384144,825.5567291567255,500,False,0.05060753895852652,False,0.008162407309812972,1.0005416870117188
384336,848.601309784188,500,False,0.028239099533547894,False,0.00820163018126846,0.5018022656440735
384464,626.2811830034187,500,False,0.3097371103597251,False,0.008210007677801614,0.6168150901794434
385008,732.3320703492545,500,False,0.045718590790420066,False,0.008268864867181107,0.5439087748527527
385728,855.0807359328808,500,False,0.052169231387721705,False,0.008215509303980652,0.557820737361908
387488,898.0137016170909,500,False,0.04773539210264824,False,0.008215884368260084,0.574653148651123
387552,830.973676572716,500,False,0.06519001440615295,False,0.008371086412527921,0.598195493221283
387984,835.2400176974829,500,False,0.05285691695525243,False,0.00839111677490269,0.4306432604789734
388496,860.7114023836531,500,False,0.07038531991050241,False,0.008422470267659193,0.6286418437957764
388528,843.445828925622,500,False,0.07161574702550268,False,0.00830171347406005,0.7030895948410034
389248,799.8616548383369,500,False,0.06912340992831116,False,0.008298149826992512,0.5240297317504883
389824,827.6005027818642,500,False,0.07988719116396874,False,0.008307211683228836,0.7891740202903748
390080,777.6811349872577,500,False,0.04599704590087406,False,0.008297368337125946,0.6126716136932373
391184,796.7558991841105,500,False,0.0781051381895645,False,0.00836387306060042,0.7295762300491333
391648,825.9678224183715,500,False,0.05812559177331152,False,0.008485742125226901,0.4036504626274109
391808,779.9437861131975,500,False,0.06782270604939358,False,0.00851453159576633,0.6315076351165771
392144,723.5956576264596,500,False,0.18627261461987527,False,0.008486214493071974,0.604474663734436
392336,797.7440496872077,500,False,0.06479095075671741,False,0.008476493261786839,0.6214115023612976
392464,791.4019369778761,500,False,0.05252343519444365,False,0.008470897279912725,0.756293535232544
393008,828.2845497692571,500,False,0.06013167158657507,False,0.008473504255182365,0.5224168300628662
393728,698.7885520480846,500,False,0.05028752920389586,False,0.008551541970334463,0.5163367986679077
395488,875.799775999747,500,False,0.0810207235992616,False,0.008550240630099896,0.7997891306877136
395552,826.6628367140522,500,False,0.0790463759834756,False,0.008219330555723818,0.5565046072006226
395984,868.7586179890887,500,False,0.07460278791227454,False,0.008222961044728931,0.6109704971313477
396496,782.5931070224435,500,False,0.07551660038835231,False,0.008214553793039555,0.47837337851524353
396528,827.4252345853047,500,False,0.05995043126798605,False,0.00808514693218246,0.6835286021232605
397248,807.6536140423865,500,False,0.08181825981517897,False,0.008075307546086702,0.43608805537223816
397824,768.2637475756627,500,False,0.07206825812420276,False,0.008126556181281209,0.4594714045524597
398080,791.1089288072778,500,False,0.07265702226608271,False,0.008198917488672955,0.5580138564109802
399184,786.3018266115108,500,False,0.0631343949823814,False,0.008267524559695327,0.5631264448165894
399648,875.226184509224,500,False,0.054939272761496065,False,0.008280382855757329,1.284900426864624
399808,869.5060401184836,500,False,0.06710258894346763,False,0.008163358280442526,0.5155911445617676
400144,787.3027608728738,500,False,0.060502417434215965,False,0.008228463715226883,0.7607696056365967
400336,815.7286764743827,500,False,0.0544428262706558,False,0.00821556757969333,0.6041784286499023
400464,817.5542334135672,500,False,0.05817115107720211,False,0.008145900198075179,0.64632248878479
401008,793.033558332786,500,False,0.05482431107501803,False,0.008140262833081599,0.6428561806678772
401728,778.2983478495152,500,False,0.06586358022272522,False,0.008134312581793193,0.47281602025032043
403488,817.7857222052122,500,False,0.06979926703954677,False,0.00815932050238948,0.9838331937789917
403552,794.9712238631803,500,False,0.06682684196829065,False,0.008437624971054016,0.5102755427360535
403984,859.1350490995527,500,False,0.0862026457658462,False,0.008430396670596958,0.4641936719417572
404496,831.396417763083,500,False,0.0801912154536278,False,0.008416857260516863,0.7030749917030334
404528,874.8654242416287,500,False,0.09057889541146515,False,0.008340072823656402,0.6110950708389282
405248,812.9438778637259,500,False,0.05514701328489883,False,0.008333496407739454,0.5987114906311035
405824,756.9951123621169,500,False,0.07001160811144512,False,0.008196912133920594,0.6020990610122681
406080,801.3787176421461,500,False,0.06768638688167462,False,0.008180033281268642,0.5935152769088745
407184,784.9347502426542,500,False,0.06139608005714419,False,0.008241549810090508,0.7506661415100098
407648,816.8645445843092,500,False,0.05101858772059319,False,0.008141066390335348,0.7053093910217285
407808,828.6789176748414,500,False,0.061067503472941556,False,0.008239308847619958,0.6669784784317017
408144,810.9984163575659,500,False,0.08477580472032888,False,0.008238902755176084,0.6843160390853882
408336,826.5225182942348,500,False,0.0787746255217381,False,0.008179975446580839,0.697120189666748
408464,799.0876533289883,500,False,0.07565866983590609,False,0.008039368607185996,0.5744824409484863
409008,762.8359017844631,500,False,0.06716989640945412,False,0.008019783418186379,0.7357420921325684
409728,795.4949071973707,500,False,0.07351564316994262,False,0.007954485376563026,0.5826227068901062
411488,852.5765040808149,500,False,0.05102002179030827,False,0.007748408620544707,0.5400174856185913
411552,824.1016161630322,500,False,0.06794452397902835,False,0.007629815498891681,0.5252260565757751
411984,809.9828126423879,500,False,0.08867101389464374,False,0.0076478716219935405,0.5694712400436401
412496,806.8721889937773,500,False,0.07977994258023978,False,0.007694117617952712,0.5264672040939331
412528,785.6335519990151,500,False,0.0844954381187491,False,0.007738976230368044,0.5320994257926941
413248,797.3448998021662,500,False,0.070387474195172,False,0.007754835864426806,0.5818703174591064
413824,829.9491899513195,500,False,0.09741032768480436,False,0.007665723266473137,0.7599102258682251
414080,805.858509491332,500,False,0.09140776055675058,False,0.00775307135075079,0.523338794708252
415184,835.1771285731654,500,False,0.04966280791328734,False,0.00771297475209698,0.6187809705734253
415648,811.8334878565095,500,False,0.07227723329882167,False,0.007634127080407398,0.5515546798706055
415808,758.8426313616194,500,False,0.06426605456398037,False,0.007552855682962753,0.6499464511871338
416144,827.4612931272737,500,False,0.05261000921141606,False,0.007554944662030297,0.5799469947814941
416336,798.5323487399041,500,False,0.056333413337860835,False,0.007621051763298427,0.6429975032806396
416464,757.0306774069134,500,False,0.06348857546922493,False,0.00765146256753676,0.6206240653991699
417008,785.0105405522002,500,False,0.07566774476311909,False,0.007641826612213273,0.7575502395629883
417728,869.1870087180195,500,False,0.05238180961376783,False,0.0075396420731107545,0.5196889042854309
419488,783.7791536711114,500,False,0.07861406084768789,False,0.007634269531765634,0.7899183034896851
419552,803.1493359897081,500,False,0.10834486546963491,False,0.007527605663788788,0.8431509137153625
419984,776.6628828206425,500,False,0.09086149621500571,False,0.0075249466609197705,0.5819597840309143
420496,815.5473172801217,500,False,0.07930987163642529,False,0.007464870450667302,0.5759618878364563
420528,872.1724841115583,500,False,0.07475697905009157,False,0.0076852425749257625,0.5879738926887512
421248,780.6178470801025,500,False,0.0714868690899067,False,0.007689292231975546,0.6271199584007263
421824,761.2722227095351,500,False,0.08169991416632158,False,0.007705181379995135,0.4443262815475464
422080,827.4061553255584,500,False,0.08920662628474346,False,0.007620117884879215,0.5329644083976746
423184,778.9155912016884,500,False,0.07880629721285944,False,0.007610218011489114,0.4980532228946686
423648,793.7828232242464,500,False,0.10308563270966734,False,0.007621880261374538,0.907428503036499
423808,800.3150575434654,500,False,0.10303899690147737,False,0.007758299494908118,0.5151479244232178
424144,840.019071703043,500,False,0.09882887106196363,False,0.007793064598850035,0.5362603068351746
424336,792.4540199275345,500,False,0.09695781001111349,False,0.0078715192330165,0.6874313354492188
424464,800.487384275415,500,False,0.10351164298428454,False,0.007926626173733253,0.6030220985412598
425008,793.022675048949,500,False,0.08693152910121833,False,0.007990722786865145,0.6258595585823059
425728,849.1344220289988,500,False,0.08429574560558811,False,0.008096658284782001,0.576935350894928
427488,808.6902963133028,500,False,0.06101658940846256,False,0.007976492848348836,0.6520189642906189
427552,775.9204693020629,500,False,0.1020861902433248,False,0.007970169264816453,0.7080420255661011
427984,809.7480875519317,500,False,0.09948402759028172,False,0.007980019127074465,0.806332528591156
428496,774.9508027791737,500,False,0.08330129325073558,False,0.007901698391763048,0.5216922163963318
428528,795.2599256130401,500,False,0.09190503798621939,False,0.007751912528214727,0.8612872958183289
429248,773.8544533567458,500,False,0.09880829714738,False,0.007746880366013589,0.658462643623352
429824,759.6443358416248,500,False,0.13498543998066423,False,0.007695276742037248,0.654032826423645
430080,787.7493852721379,500,False,0.10756844508467735,False,0.007619494600146089,1.1329243183135986
431184,798.2367150974651,500,False,0.07039966252647008,False,0.007628946121467305,0.4921209216117859
431648,850.5617793996339,500,False,0.045965921188557614,False,0.007615752713022863,1.1413795948028564
431808,811.6248484905675,500,False,0.06964454176703673,False,0.007574360184122841,0.4865851104259491
432144,847.103123260181,500,False,0.05597180034978431,False,0.007583528375516682,0.49436235427856445
432336,786.2577781888606,500,False,0.06701327779718123,False,0.007498732725000636,0.706577718257904
432464,771.3108325196328,500,False,0.08032984024288113,False,0.007539535300790848,0.5572587251663208
433008,826.8604232226454,500,False,0.07704748593654835,False,0.007585948781115508,0.5295625925064087
433728,800.002291265908,500,False,0.048227053722940325,False,0.007571924667227257,1.2281969785690308
435488,771.3295053771889,500,False,0.12495440414654933,False,0.007385220508836803,0.6359528303146362
435552,835.9650539876958,500,False,0.10629629435256717,False,0.007450353640942598,1.0745338201522827
435984,735.8810755568285,500,False,0.09037119002363792,False,0.007451215653408983,0.6546369791030884
436496,789.5924186869212,500,False,0.08276440665100818,False,0.007390639658855912,0.4594076871871948
436528,792.8679175599308,500,False,0.07828476279868371,False,0.007424305832718138,0.6531622409820557
437248,792.1690711890087,500,False,0.0837273027595967,False,0.007436380934241914,0.6940304636955261
437824,777.352593835534,500,False,0.072192008843355,False,0.007517168480090617,0.5808964371681213
438080,793.6303541932886,500,False,0.057265049694312405,False,0.0075328888972357975,0.5605353116989136
439184,822.5853613860806,500,False,0.05594118057437004,False,0.007613026601452614,0.45907270908355713
439648,809.7456110155069,500,False,0.0816729113775482,False,0.0074502636126803625,0.521004319190979
439808,756.5887884680782,500,False,0.08896223292016975,False,0.007629336179652327,0.625656247138977
440144,767.6477749396631,500,False,0.09003539079864412,False,0.007621581634291871,0.5822621583938599
440336,786.7000346426457,500,False,0.07111843239094259,False,0.007612544233126361,0.5148792862892151
440464,812.2979542448393,500,False,0.08222045779557483,False,0.007629613468295094,0.5310818552970886
441008,826.9263754845754,500,False,0.07536489452813355,False,0.007669011179724451,0.9471393823623657
441728,802.6648213650072,500,False,0.10863385991613968,False,0.007754362744965577,0.6988452672958374
443488,827.9507999659774,500,False,0.06815669379830833,False,0.0077620715537754575,0.6042040586471558
443552,794.6513046358083,500,False,0.06830399643014683,False,0.007500589550544523,0.7671891450881958
443984,820.0994355582317,500,False,0.045914315737384685,False,0.0074641688257257475,0.5694252252578735
444496,864.2914438749227,500,False,0.08444651559139925,False,0.0073912356079154995,0.6829051971435547
444528,800.6709612038242,500,False,0.07969321264449326,False,0.007265850817124673,0.535085916519165
445248,775.1496290606833,500,False,0.09692157479444712,False,0.007265895015635059,0.6812108755111694
445824,738.9901127275526,500,False,0.09986158747825687,False,0.007124845290247118,0.5523896217346191
446080,747.1280967747604,500,False,0.08390363977209805,False,0.00714711927931159,0.4409714937210083
447184,831.4530617560578,500,False,0.08172237032414906,False,0.007154521354125573,0.725706160068512
447648,760.9252478783816,500,False,0.0821161798031529,False,0.007189089917178399,0.734679102897644
447808,793.9837748127288,500,False,0.08401684225350287,False,0.007250451168013882,0.6235852241516113
448144,798.491002614992,500,False,0.086063374808117,False,0.007244387287649592,0.8385801315307617
448336,782.602414779394,500,False,0.10585772203979614,False,0.007312997124223397,0.5394911766052246
448464,798.9402086971263,500,False,0.09298391403074013,False,0.007315006317962889,0.6353736519813538
449008,753.2304109617113,500,False,0.07920026342948554,False,0.007337725755667158,0.5369077324867249
449728,766.0536899337842,500,False,0.09253420854668899,False,0.007510863274192291,5.895268440246582
451488,739.5865690869244,500,False,0.0450607233677622,False,0.007716518674625617,0.557895839214325
451552,748.8944950240111,500,False,0.04876854934679606,False,0.00770127518436056,0.5932896137237549
451984,815.8675355030462,500,False,0.05515038416221129,False,0.007679773220871811,0.41658997535705566
452496,796.111500415051,500,False,0.08806623362401687,False,0.007597791342849822,0.5531532764434814
452528,835.054363008261,500,False,0.09195906871533323,False,0.007595671970893415,0.5985339283943176
453248,790.237312372196,500,False,0.07637099283061058,False,0.007581019943554264,0.690833330154419
453824,863.6892822081194,500,False,0.09355748927701309,False,0.0074575015207612085,0.5491414666175842
454080,801.5327327350069,500,False,0.0769338293132113,False,0.007472732635224409,1.2573580741882324
455184,768.338008169668,500,False,0.06366107424637474,False,0.007497269511446129,0.6077344417572021
455648,865.3840064591644,500,False,0.01965055412992861,False,0.007572287554358726,0.5513441562652588
455808,802.3420555016553,500,False,0.03451411905735149,False,0.007672737648342351,0.7846792936325073
456144,775.9455658634008,500,False,0.05978542163226671,False,0.007633920234036534,0.5642384886741638
456336,787.676115985412,500,False,0.08070294204179156,False,0.007548323081095674,0.523605465888977
456464,836.338794960448,500,False,0.07163075564652903,False,0.007502921785326185,0.4865124225616455
457008,763.7299575218411,500,False,0.05314340611007732,False,0.00747079099745223,8.716120719909668
457728,806.0979547666109,500,False,0.06287007329429442,False,0.007407343698531646,0.43734902143478394
459488,832.0339067449933,500,False,0.06355158700595573,False,0.007276507622982406,0.4165958762168884
459552,798.8384542473718,500,False,0.07545187831948272,False,0.007262284804252321,0.7304302453994751
459984,875.3031934610284,500,False,0.06290686832848079,False,0.0072647149734616275,0.6599718332290649
460496,820.3327301485949,500,False,0.06261253395174642,False,0.007325875887139217,0.6271771192550659
460528,856.4610525193842,500,False,0.07296959444370636,False,0.007241665945414823,0.6292656660079956
461248,814.5817608314568,500,False,0.048516680678630915,False,0.007232967044146985,0.6146305799484253
461824,818.8818741699575,500,False,0.05543625778156354,False,0.007267842193390557,0.5524023771286011
462080,866.3122248693128,500,False,0.09486507754850236,False,0.007275563359817862,0.6475289463996887
463184,807.8902500890099,500,False,0.04800167722631409,False,0.007322460421577452,0.505966067314148
463648,857.4225843192867,500,False,0.06524034028497243,False,0.0073603222031091995,0.5563996434211731
463808,880.0880512424817,500,False,0.05352393486375558,False,0.0072578955977387,0.6967489719390869
464144,831.039078637155,500,False,0.05721316005555578,False,0.0072581085814138035,0.9511967897415161
464336,869.5041217073998,500,False,0.05179884243900461,False,0.007293042405235044,0.7653895616531372
464464,794.5754123476624,500,False,0.024285077829727855,False,0.00739290153224076,0.6872960329055786
465008,838.0485544205973,500,False,0.08416677392393172,False,0.00741430150371992,0.5160636305809021
465728,853.4556069798919,500,False,0.08600315335301276,False,0.0075495281710789295,0.4981985092163086
467488,800.0295386883088,500,False,0.06651509305302901,False,0.007573111528356589,0.682640790939331
467552,732.9054563838956,500,False,0.0364496494297746,False,0.00738705312412096,0.6793946027755737
467984,804.2940056070621,500,False,0.06055876776884055,False,0.007385949842391378,0.6046642661094666
468496,756.6358683842669,500,False,0.06748662657655999,False,0.007338964582383293,0.5120899081230164
468528,765.6962790193878,500,False,0.04716800271330949,False,0.0073261446529567205,0.5201894044876099
469248,850.8799164729093,500,False,0.055460015284588264,False,0.00731457086751541,0.5171440243721008
469824,858.1677322399112,500,False,0.06964666885938017,False,0.007203767853368345,0.4506794214248657
470080,792.7460018364036,500,False,0.06073315966623693,False,0.007162285462312606,0.6308619976043701
471184,797.4652888994635,500,False,0.08566827884595533,False,0.007174563298103848,0.7303005456924438
471648,774.5158471188918,500,False,0.039479108999854476,False,0.007149185308485817,0.47927024960517883
471808,828.0523304583107,500,False,0.0516671373962834,False,0.0071238056718294085,0.6764934062957764
472144,851.449721523783,500,False,0.04532173934870905,False,0.0071263082154473635,0.5118083953857422
472336,827.2243914547494,500,False,0.06172777073041967,False,0.007198566107313466,0.524131178855896
472464,829.7826716126496,500,False,0.06907221681682808,False,0.0072614124444667465,3.833873748779297
473008,797.9707238504159,500,False,0.07830416491093137,False,0.007293743431929041,0.761748194694519
473728,807.8808103930611,500,False,0.05090581672619802,False,0.007322720219038457,0.6947586536407471
475488,800.1592844721744,500,False,0.11020282226691264,False,0.0073914835870917215,0.6988102197647095
475552,815.1976450184094,500,False,0.07727246917742385,False,0.007333377607028572,0.5105356574058533
475984,818.0698006008632,500,False,0.07376261323326123,False,0.007306916829732072,0.9676060080528259
476496,822.7405335744186,500,False,0.03486632523397577,False,0.007209647656563272,0.4177377223968506
476528,836.64906834818,500,False,0.03351529951060691,False,0.007240807016840079,0.5387692451477051
477248,793.9793077518192,500,False,0.10797622128526918,False,0.007251144425752478,0.4967566728591919
477824,786.3976583594468,500,False,0.04031016662791081,False,0.00720208005475174,0.5685972571372986
478080,804.0469806176937,500,False,0.05907211782988287,False,0.007354473426067733,0.47900334000587463
479184,838.497733203727,500,False,0.057166846525943005,False,0.007319074528735879,0.5552549958229065
479648,731.0413277216169,500,False,0.05226745076746559,False,0.007199849822829767,0.5531631708145142
479808,796.7680014566183,500,False,0.06828745012157156,False,0.007073102377819679,0.5016442537307739
480144,870.5166959348958,500,False,0.061665227750090784,False,0.0070791351813467495,0.5926361680030823
480336,771.9493964451531,500,False,0.04660886792318607,False,0.007008102847850663,0.5951893329620361
480464,776.4125374046708,500,False,0.07835079097662778,False,0.00699546767025128,0.5320671200752258
481008,769.8131690279905,500,False,0.053451402174534556,False,0.006985254399194493,0.3987271785736084
481728,824.5696126563782,500,False,0.07135407379774963,False,0.006970967643020221,0.5800154805183411
483488,813.3417717364747,500,False,0.098493529325369,False,0.006918581262087773,0.5883334875106812
483552,811.5146763618892,500,False,0.0901867024342007,False,0.007004550624790688,0.4632151126861572
483984,762.5614066435746,500,False,0.10437087285580109,False,0.00698720378537885,0.5456407070159912
484496,815.8878017242848,500,False,0.07283711208453499,False,0.006987009151950217,0.6536790132522583
484528,791.2616249311179,500,False,0.05175431359614706,False,0.007074661630394649,0.5323299765586853
485248,791.7655487450502,500,False,0.11394830795717657,False,0.007081748979385225,0.5589538812637329
485824,803.4012209125273,500,False,0.08977376616406918,False,0.007043719998381262,0.47038471698760986
486080,804.5782684592122,500,False,0.07644205944603591,False,0.007052946947241933,0.40998372435569763
487184,799.4056379561968,500,False,0.05100972762943403,False,0.007001620712161116,0.6069356203079224
487648,738.3934554584026,500,False,0.08901888350243066,False,0.007242442191297101,0.4623831808567047
487808,788.7063522414292,500,False,0.09820970430512692,False,0.007157570499871518,0.9283328056335449
488144,808.4788246611929,500,False,0.10605084808628676,False,0.00713624360214603,0.7256622314453125
488336,781.7080027973228,500,False,0.09215869029937322,False,0.007144118897418485,0.8630903959274292
488464,841.8370440007033,500,False,0.10316127946677003,False,0.007189203242952959,0.34417983889579773
489008,769.6217903097387,500,False,0.05371323505656953,False,0.007187305446489673,0.6581005454063416
489728,811.2172537477218,500,False,0.06522873832718544,False,0.007170720027528345,0.5856653451919556
491488,802.3988215824132,500,False,0.11818972398226231,False,0.007194159751456203,0.6980166435241699
491552,794.3357145298478,500,False,0.12172666644160078,False,0.007185661343411775,0.47972816228866577
491984,788.9675785022537,500,False,0.10742651938620634,False,0.007148249924488301,0.4943440854549408
492496,818.2419457051262,500,False,0.0934139169946487,False,0.007120521993171535,0.6918119192123413
492528,810.4401336286368,500,False,0.1086530249593267,False,0.0071891954286019315,0.4240484833717346
493248,779.1479150539197,500,False,0.08991020226305431,False,0.007188933936264394,0.5544089078903198
493824,710.9433691802622,500,False,0.10095177881053309,False,0.007116830300492491,0.485431432723999
494080,802.9483032815937,500,False,0.12311321064813104,False,0.007085548484004365,0.5247092247009277
495184,818.9536970687302,500,False,0.13928594253434773,False,0.007090835687668369,0.5688236951828003
495648,753.1952156788668,500,False,0.1403023453450996,False,0.007305599454282747,0.38987743854522705
495808,790.9850164957129,500,False,0.1167918064668095,False,0.007203157150371451,0.6902726888656616
496144,749.1860576696004,500,False,0.10434528638316616,False,0.007200148439652671,0.5508441925048828
496336,786.5089365179083,500,False,0.09615044904951942,False,0.00723780001000016,0.8015565872192383
496464,780.6001588412587,500,False,0.07524561263695308,False,0.0073003948855075215,0.5433679223060608
497008,700.2995109312512,500,False,0.11276510763420475,False,0.00730216991443352,0.6136678457260132
497728,800.7360657672093,500,False,0.11468212101349949,False,0.007201467030751254,0.5152347087860107
499488,755.8166039958797,500,False,0.09379986659745321,False,0.007360265118517428,0.7374216914176941
499552,776.8511676295432,500,False,0.09934795821264905,False,0.007134397377207506,0.6243616938591003
499984,759.7619732250295,500,False,0.09539914324155237,False,0.0071342903862317295,0.4936823844909668
500496,791.8915290763847,500,False,0.08225257097253892,False,0.007082855241997526,0.7110729813575745
500528,789.5564300266651,500,False,0.08929742204409608,False,0.007098877863122935,0.42186135053634644
501248,789.1681231764337,500,False,0.09532519322923157,False,0.007091458845339938,0.6750125288963318
501824,804.9553464175218,500,False,0.10270939913934465,False,0.00688589138790389,0.7017814517021179
502080,751.9814261529737,500,False,0.09016190927347148,False,0.0068748008634289155,0.5189923644065857
503184,784.625066548118,500,False,0.08867736724083823,False,0.006887018574280299,0.4369726777076721
503648,826.927391822226,500,False,0.11531211593872666,False,0.0068256727215500555,0.6709434986114502
503808,768.1059796547474,500,False,0.09630019601887434,False,0.0067786770112332325,0.7475342154502869
504144,794.5104012643235,500,False,0.07898703373285701,False,0.006804103271181044,0.656064510345459
504336,763.5134486940561,500,False,0.08789694845195084,False,0.006758469295458834,0.7615205645561218
504464,773.5500559266004,500,False,0.0906493318619086,False,0.006813059362336112,0.5482064485549927
505008,801.8806075063655,500,False,0.08587179369158639,False,0.006832658372959842,0.6974873542785645
505728,795.3756559869926,500,False,0.07699646813909895,False,0.00682550346132463,0.5225854516029358
507488,813.2151612796886,500,False,0.06754424676056443,False,0.006747031193485116,0.5152478814125061
507552,833.7421808304583,500,False,0.03499956280817803,False,0.006544075705307502,1.102297067642212
507984,796.581640185307,500,False,0.03593101606598291,False,0.006516253602337249,0.6027641892433167
508496,799.4559994352758,500,False,0.0405857178829922,False,0.0064523393630225275,0.5329923629760742
508528,795.6429077842787,500,False,0.04238088916637312,False,0.00646810578085245,0.4611993432044983
509248,809.0168814775043,500,False,0.11365160027434697,False,0.006470670230442952,0.4906983971595764
509824,774.6490048002138,500,False,0.06486365747212025,False,0.006420929662759483,1.0729553699493408
510080,836.377038176249,500,False,0.0806644014201727,False,0.0065619481089040175,0.8788546323776245
511184,788.1249308562521,500,False,0.11582097735407497,False,0.006525249097956463,0.7184556722640991
511648,739.4901642645713,500,False,0.09544281428779876,False,0.006612205186187981,0.45218777656555176
511808,803.3556678399123,500,False,0.06694765536077377,False,0.006645442429149023,0.5790567994117737
512144,807.1734999857784,500,False,0.1058660499412714,False,0.006708573006023456,0.4818115830421448
512336,834.2581123985705,500,False,0.10701960443564876,False,0.006807094646937991,0.3830830454826355
512464,834.089741250408,500,False,0.09966350829674936,False,0.006836901648833031,0.6087825298309326
513008,849.3642694515247,500,False,0.09967888400908162,False,0.00683087773713894,0.4492270350456238
513728,739.8755028091399,500,False,0.06165776574992644,False,0.006774923673358779,0.5493341684341431
515488,772.7454746105155,500,False,0.06583802119839124,False,0.00664824698055141,0.5198451280593872
515552,785.3245764278811,500,False,0.08417201861209771,False,0.006573612219815472,0.4269953668117523
515984,776.3279400379798,500,False,0.06798158840560502,False,0.006560335699325137,0.5666892528533936
516496,772.2536350903572,500,False,0.05471428959296942,False,0.006801856877581139,0.5341655611991882
516528,782.870206690745,500,False,0.06140243173009948,False,0.0067985986978983635,0.5871759653091431
517248,819.6691783021269,500,False,0.10531298853024358,False,0.006796549867811773,0.7098706960678101
517824,784.9042638887925,500,False,0.08758329567566846,False,0.006913324930061329,0.5197856426239014
518080,797.1528003763019,500,False,0.049548569603078955,False,0.006985479599510207,0.540540337562561
519184,810.8243121600498,500,False,0.08775460262404036,False,0.006985096079739486,0.5840824246406555
519648,795.1046670511495,500,False,0.13199371407075608,False,0.006941532595633002,0.5626746416091919
519808,790.0951587307115,500,False,0.14768322360157857,False,0.0069654854653499075,0.7750019431114197
520144,801.0591584085181,500,False,0.11712960907223871,False,0.007012020008457952,0.6761124134063721
520336,809.5620741825128,500,False,0.1359467338991788,False,0.0071615299804360846,0.583960771560669
520464,807.0050504784316,500,False,0.1053182887735685,False,0.007212304230131598,0.6340007781982422
521008,811.1088454182259,500,False,0.057571470651809335,False,0.007205718987229769,0.508400559425354
521728,761.3770443944564,500,False,0.07704743747615579,False,0.007184098682527876,0.6479506492614746
523488,819.1114999928121,500,False,0.04304623782879179,False,0.007182213340783807,0.561044454574585
523552,758.1601712042577,500,False,0.06836009925729837,False,0.006973269400313807,0.7609462738037109
523984,794.1657047386275,500,False,0.08488956047348764,False,0.006957379857641432,0.4617185592651367
524496,807.7819529879655,500,False,0.09552731983475032,False,0.007186048799998965,0.490482360124588
524528,823.3451248727275,500,False,0.10258716293191683,False,0.0074016541024939314,0.47954246401786804
525248,790.0202394001121,500,False,0.09319711699815712,False,0.007424646629371147,1.0231479406356812
525824,792.1207508007045,500,False,0.04487661191459551,False,0.00739007255854599,0.725745677947998
526080,822.6800225156654,500,False,0.09198016897823151,False,0.0074305489272257766,0.5086326599121094
527184,814.9110079382822,500,False,0.10640110086075194,False,0.007437741376158062,0.6919705867767334
527648,804.9153509022943,500,False,0.07973076674124578,False,0.0074639474707448444,0.4998721480369568
527808,803.2505007046882,500,False,0.10990969350670594,False,0.007460622331216779,0.511046290397644
528144,800.7208981117618,500,False,0.07721791418314886,False,0.007445020056759204,0.5811817646026611
528336,805.9294247911225,500,False,0.09033148265254505,False,0.007420072904255184,0.619381308555603
528464,844.4552860446112,500,False,0.06287199872879828,False,0.007327546263975496,1.092552661895752
529008,809.332615341416,500,False,0.07505170473727864,False,0.0072921981855799895,0.7344334125518799
529728,816.0905763413945,500,False,0.06600769164660548,False,0.007260441344670912,0.46215370297431946
531488,817.2742038868711,500,False,0.09529556206975798,False,0.0072124433915183835,0.6814827919006348
531552,852.0817510665139,500,False,0.11978595724588767,False,0.007313423424792193,0.6760250329971313
531984,763.8137352881632,500,False,0.07115057058988918,False,0.007313059581467812,0.5210685133934021
532496,829.5973126660059,500,False,0.093055610997239,False,0.007331212620512757,2.283888816833496
532528,798.8370555577944,500,False,0.08570634073308601,False,0.007328514987145596,0.5898950695991516
533248,764.6337879150676,500,False,0.1124297734878159,False,0.007319502358405473,0.5887976288795471
533824,785.9278804236459,500,False,0.0776311693549164,False,0.007536995215712892,0.48400989174842834
534080,814.9804870106965,500,False,0.10615971265034603,False,0.00746468030791708,0.5278459787368774
535184,823.364760292921,500,False,0.12242760490056807,False,0.007475619687252309,0.4970473051071167
535648,779.6540281545083,500,False,0.09211687810404158,False,0.007503878088839597,0.5014840960502625
535808,753.4948166671459,500,False,0.09865203739503126,False,0.00759135390009028,0.5217342376708984
536144,790.403840882875,500,False,0.11344927687599828,False,0.007504539578009092,0.5018001198768616
536336,808.3300250236192,500,False,0.10660651736999316,False,0.0074330531733553746,0.540502667427063
536464,761.3572610102374,500,False,0.09772374324773113,False,0.007381439203156765,0.5874836444854736
537008,786.3397758169144,500,False,0.04552093154468182,False,0.007390863416474667,0.7001693248748779
537728,816.8753870207917,500,False,0.10356041180734861,False,0.007462397081038068,0.4943835735321045
539488,761.9562476375232,500,False,0.07302865457512701,False,0.00750378813650868,0.5431271195411682
539552,753.9673743540764,500,False,0.07914280745805272,False,0.007562739703971413,0.47778013348579407
539984,794.8291761874534,500,False,0.09961731575888234,False,0.007583284193381001,0.5119403004646301
540496,826.7494819317791,500,False,0.08960129717889825,False,0.007612021403070888,0.46486252546310425
540528,789.5608910809542,500,False,0.09733735064070782,False,0.007568736183635578,0.5550742149353027
541248,770.4950080921507,500,False,0.09364334341384355,False,0.0075633425574077205,0.5833947062492371
541824,828.7288020554054,500,False,0.094435587190231,False,0.0075569278302212,0.5615614652633667
542080,810.4447017495092,500,False,0.08867393015102,False,0.007457219178611499,0.48716646432876587
543184,782.5836770716392,500,False,0.08604440055039778,False,0.007468965040631304,0.5595325231552124
543648,806.851142594807,500,False,0.111628902629125,False,0.00733727599433131,0.5760986804962158
543808,791.5411642875247,500,False,0.08928379427997483,False,0.007457250319727755,0.6623148322105408
544144,811.5377794995203,500,False,0.091208634870427,False,0.007443288156072825,0.5169382095336914
544336,740.3972013905225,500,False,0.10040633178082543,False,0.007354131290250374,0.8324939608573914
544464,777.3125865465018,500,False,0.09416132001128003,False,0.007332180398240551,0.5747716426849365
545008,811.9732612419718,500,False,0.06895498153715102,False,0.0073473699514138326,0.6571073532104492
545728,764.6993845183057,500,False,0.06983385406404538,False,0.007313826027184721,0.6199032664299011
547488,790.4459643717366,500,False,0.10664948372865822,False,0.007164732673256327,0.4441290497779846
547552,798.4192384079552,500,False,0.1169969556821714,False,0.00697751208788716,1.160955786705017
547984,755.1674690762644,500,False,0.0986772218780696,False,0.0069773454938860885,0.46283286809921265
548496,751.8701303075109,500,False,0.09980548442120434,False,0.007005159679215044,0.5260635614395142
548528,799.5190627763099,500,False,0.08867907641805493,False,0.007017474089242571,0.5473275780677795
549248,787.4316200373067,500,False,0.07645652737816107,False,0.0070275962033083126,0.4403536021709442
549824,790.8700036442526,500,False,0.09431878412142704,False,0.0071206349269096365,0.5392118096351624
550080,821.6514048540452,500,False,0.09132459379815189,False,0.007204304820379187,0.5184369087219238
551184,785.6355844127253,500,False,0.10544641759604137,False,0.007223101177544135,0.6963645815849304
551648,797.155862280702,500,False,0.09317878763826394,False,0.0072289040612318195,0.47450581192970276
551808,798.3009690228704,500,False,0.11203994241681946,False,0.007212013299079024,0.44815486669540405
552144,813.0322364550489,500,False,0.08941920175038424,False,0.007239930535093589,0.4387308359146118
552336,794.7240208685713,500,False,0.11383538790093457,False,0.0071797271286620275,0.5748359560966492
552464,756.8298026360343,500,False,0.10313540562284329,False,0.007187285046291403,0.5156880617141724
553008,779.7513245976961,500,False,0.0788359408736699,False,0.0071778308488214424,0.7505637407302856
553728,780.2217347252521,500,False,0.06911335906357971,False,0.007103252998679435,0.459810733795166
555488,809.2682720932887,500,False,0.07866193800046901,False,0.00706183391564675,0.5407640933990479
555552,789.5998870537464,500,False,0.07599278525346236,False,0.007219687605188683,0.6517530679702759
555984,739.0994156170033,500,False,0.05936526484780126,False,0.007214873135209103,0.5905556678771973
556496,733.928707266984,500,False,0.06500471245122147,False,0.007171699315931537,0.6346888542175293
556528,775.7487927559988,500,False,0.05669917712445151,False,0.007090223305102552,0.7073289155960083
557248,826.8129728965912,500,False,0.06301871208119189,False,0.007083107999848529,0.4704846441745758
557824,756.79649913467,500,False,0.07654180943596654,False,0.007002089265831136,0.3829638361930847
558080,793.0934452841611,500,False,0.07819826673265766,False,0.0070576493722143375,0.4346489906311035
559184,816.2075733044983,500,False,0.09295837460972024,False,0.007111115224021846,0.5812456607818604
559648,722.1105956618599,500,False,0.1385077779385379,False,0.006848368878955253,0.7763051986694336
559808,793.7193353082423,500,False,0.15338179388015477,False,0.00671872098736478,0.5107890367507935
560144,846.6128178811057,500,False,0.07685817412868218,False,0.006741117407546637,0.600148618221283
560336,763.0593958921236,500,False,0.08534803660605204,False,0.006753147261189439,0.46529829502105713
560464,848.4290512960513,500,False,0.12075556600096952,False,0.006724163624720074,0.4341605603694916
561008,823.1423023744318,500,False,0.13663263108069143,False,0.00674768633810182,0.5979599356651306
561728,843.9097497541168,500,False,0.0826209938748571,False,0.0066503492846225,0.9847091436386108
563488,783.5349306108819,500,False,0.08136842941683697,False,0.006767674861985666,0.4938282370567322
563552,809.2335150045635,500,False,0.08437634355918361,False,0.006307854780756647,0.5095148682594299
563984,782.6047508033892,500,False,0.0867382760095589,False,0.006300699838380444,0.5564095973968506
564496,790.3051061538445,500,False,0.10277874672095369,False,0.006212637339313182,0.45251238346099854
564528,799.3134800825061,500,False,0.1491443020256241,False,0.006211488362594962,0.5160351991653442
565248,764.4121779590201,500,False,0.12772689807463858,False,0.006209204529558909,0.5581046342849731
565824,778.3994362677421,500,False,0.15494916593066022,False,0.006276098372895835,0.6904246211051941
566080,803.1880085539998,500,False,0.09102309624880608,False,0.0062405690405614046,0.5472738742828369
567184,810.8134818466002,500,False,0.11788402346738901,False,0.006263951917779972,0.3817203938961029
567648,813.5396435467279,500,False,0.14119674547083022,False,0.006430941452941268,0.43054211139678955
567808,756.6651724677581,500,False,0.15586151736578527,False,0.0064480305261274224,0.48936450481414795
568144,745.7997165533993,500,False,0.14057718298326294,False,0.0064346175814526015,0.7668473720550537
568336,809.9492757349452,500,False,0.156855169215268,False,0.006421244173025919,0.5624783039093018
568464,690.1730329935273,500,False,0.1813272223097944,False,0.006412355564547449,0.5037370324134827
569008,744.8935900980047,500,False,0.1512774781134597,False,0.006385870716531057,0.5944395065307617
569728,762.5041142196313,500,False,0.1627993150224468,False,0.006317120498455174,0.389415979385376
571488,794.8411157197537,500,False,0.09543545075801103,False,0.006233970659471923,0.6502930521965027
571552,736.2687705569535,500,False,0.11446660858713055,False,0.006244965041877081,0.46993502974510193
571984,774.8746572095436,500,False,0.07651891327797297,False,0.006252875774776916,0.622809886932373
572496,738.362284621071,500,False,0.09102303854873438,False,0.0063142218814288015,0.4802563190460205
572528,803.3010742754311,500,False,0.10699006812540043,False,0.006358411046000447,0.834962010383606
573248,733.1483550450112,500,False,0.1006668344091274,False,0.006372820752650861,0.7988619804382324
573824,783.6781951828308,500,False,0.08235714900015124,False,0.006473485038598786,0.5006738305091858
574080,792.8855007988265,500,False,0.06519241878430754,False,0.006513937946562651,0.4127793610095978
575184,819.6764271616692,500,False,0.07945850666207123,False,0.006529805478839621,0.6461192965507507
575648,783.3911823657883,500,False,0.05605670139367922,False,0.0064467134892558075,1.5674874782562256
575808,817.9785203411166,500,False,0.059725608174046936,False,0.00656403873853982,0.590164840221405
576144,769.1597394799193,500,False,0.07095066997063967,False,0.006548358173296011,0.46401363611221313
576336,750.2083280097016,500,False,0.07814378467429663,False,0.006516631411063087,0.8220850229263306
576464,793.6235264680179,500,False,0.08237057347669861,False,0.00651287885691068,0.6010339856147766
577008,799.5274718856111,500,False,0.08146152664323979,False,0.006494817558747987,0.39516013860702515
577728,780.5101862323039,500,False,0.09332189277713895,False,0.006531261791907434,0.6075261831283569
579488,842.3832815136858,500,False,0.06703763434580322,False,0.006398925854177559,0.49601560831069946
579552,794.5666114879587,500,False,0.05845581753597607,False,0.0063195180451125505,0.5423193573951721
579984,740.803163369113,500,False,0.06259328247287067,False,0.006326685266341166,0.4653315246105194
580496,801.1570244508284,500,False,0.051493308514106266,False,0.006316805883945532,0.4762119948863983
580528,843.0076969572887,500,False,0.059785661310063395,False,0.00634231966898218,0.4539068937301636
581248,770.7106544418688,500,False,0.09450448541614027,False,0.006341973446268401,0.675433874130249
581824,786.1168629658813,500,False,0.07264164244771494,False,0.006298458211171282,0.666018009185791
582080,839.3518650823739,500,False,0.0576178880579938,False,0.006286115379603168,0.49668705463409424
583184,820.2089998160735,500,False,0.03891960415471339,False,0.006303492562043583,0.5258605480194092
583648,816.9588118518227,500,False,0.03757427879954011,False,0.006471953166648958,0.48465967178344727
583808,792.4852213913597,500,False,0.07334905733255138,False,0.006501534172964388,0.6394051313400269
584144,829.5103948740156,500,False,0.07002579076442392,False,0.006470998836229641,0.579643964767456
584336,804.5783222836278,500,False,0.05866848212291721,False,0.006408604989600616,0.48694995045661926
584464,780.4191244545884,500,False,0.06780565639944927,False,0.006371160151190399,0.4731717109680176
585008,821.1517159422917,500,False,0.06358195710451844,False,0.006320983062467853,0.7403742074966431
585728,817.7352690015801,500,False,0.0844933778521134,False,0.006202607241326691,0.6919764280319214
587488,785.5492549761565,500,False,0.09547086694703018,False,0.006183452049929503,0.5829383134841919
587552,833.2022471795303,500,False,0.09936131068694992,False,0.006235544310162877,0.3741615414619446
587984,756.3383815113915,500,False,0.08346550781147678,False,0.006225224228674232,0.5649104118347168
588496,764.2468733376314,500,False,0.07077288919457239,False,0.006213569439307541,0.5585185289382935
588528,784.2218657432372,500,False,0.0633878500120878,False,0.006160409893340158,0.50931715965271
589248,858.4141808100882,500,False,0.08354464375511701,False,0.006161414695870753,0.5183064341545105
589824,787.0623133687835,500,False,0.07450811733577269,False,0.006208496178421741,0.6610042452812195
590080,782.8417825387642,500,False,0.08071335411325668,False,0.006241578938603003,0.6162581443786621
591184,826.966054043991,500,False,0.05639609160295918,False,0.0062105515436739174,0.7506511807441711
591648,847.6573550051544,500,False,0.06832487894184273,False,0.006066732908843028,0.6546112895011902
591808,755.9422172490857,500,False,0.08309762968815901,False,0.006094170290776102,0.4546978175640106
592144,777.1124911334168,500,False,0.05134075269622655,False,0.006091411800238811,0.7528015375137329
592336,784.0827111393412,500,False,0.06330360485459517,False,0.006102073673512012,0.4138839840888977
592464,822.7647248285494,500,False,0.0534633263863994,False,0.006174572261787921,0.5032867193222046
593008,845.141921826837,500,False,0.06329574856037333,False,0.006177152632350738,0.4081396758556366
593728,791.4072515565625,500,False,0.058790251396041736,False,0.0062037539251401964,0.5389869213104248
595488,764.2464129228828,500,False,0.0712470527442501,False,0.006411392535953016,1.2607364654541016
595552,811.7317275264369,500,False,0.07149299146049545,False,0.006435108030363597,0.582826554775238
595984,812.8152390295605,500,False,0.07087956741230413,False,0.006428481877012,0.49771565198898315
596496,790.3058088864708,500,False,0.07162529509114125,False,0.0064653710071135686,0.5503780841827393
596528,799.3331257242943,500,False,0.07958954846036213,False,0.006384987844198249,0.4473254382610321
597248,781.1685390732008,500,False,0.07858296540014008,False,0.006379249393374343,0.5256752967834473
597824,790.1611199217854,500,False,0.08817566049519437,False,0.006292073262209651,0.44896775484085083
598080,828.6205213346526,500,False,0.06141757877783936,False,0.006220392074433454,0.4458962380886078
599184,810.1970541551922,500,False,0.0762673080458985,False,0.006153566692911571,0.49662652611732483
599648,830.1638980853877,500,False,0.07945146845836124,False,0.006305088976653742,0.4826839566230774
599808,820.3941714021831,500,False,0.05828086162838107,False,0.0063442428891847934,0.5943006873130798
600144,758.0652662860465,500,False,0.09043779254625767,False,0.006353848874830042,0.4470386803150177
600336,781.1296975920542,500,False,0.07901542439554472,False,0.006340435971814941,0.5537254810333252
600464,790.6412126926703,500,False,0.10344481373794813,False,0.006268588762832524,0.881674587726593
601008,771.5045613245004,500,False,0.10201490732073322,False,0.006264376667813626,0.5466395616531372
601728,814.2080823281055,500,False,0.08475929511291583,False,0.006215864353426908,0.41799455881118774
603488,765.3569091671584,500,False,0.08157101615858106,False,0.006267459527267543,0.5289549827575684
603552,824.6348245331812,500,False,0.08185555815184822,False,0.006187213682653736,0.4840627908706665
603984,848.2895604536085,500,False,0.08427141510995605,False,0.006184410187706783,0.5270875692367554
604496,808.2371124273667,500,False,0.0811355650274473,False,0.006246521733112238,0.7301369905471802
604528,725.3238524277372,500,False,0.08030340453080333,False,0.006378124950939523,0.38799452781677246
605248,786.3016390406726,500,False,0.09598206688009352,False,0.006388351603496357,0.5703332424163818
605824,805.5381223470341,500,False,0.0898277180217295,False,0.006476243378903919,0.593340277671814
606080,803.4173993474662,500,False,0.08688331285495839,False,0.006458872760450642,0.7038155794143677
607184,799.8504450809102,500,False,0.08618075411138276,False,0.006444084209679279,0.4986184537410736
607648,786.8748588914724,500,False,0.08650994808838629,False,0.0065707863662399345,0.6122393608093262
607808,791.0410385889375,500,False,0.07582085767520667,False,0.00658570905726748,0.4908110499382019
608144,749.6412324696904,500,False,0.08216500945933172,False,0.0065905246353475284,0.4467203617095947
608336,857.0653963794932,500,False,0.08055470493070353,False,0.006558412932184007,0.43692517280578613
608464,798.128688509452,500,False,0.07426668722908683,False,0.006531113288356077,0.40211161971092224
609008,837.2137251164428,500,False,0.10501944384511001,False,0.0065180235816572505,0.43981486558914185
609728,785.7312632736857,500,False,0.0631135744293173,False,0.006500778432859671,0.5258818864822388
611488,762.8133194711501,500,False,0.10439005664407183,False,0.00649421284041779,0.5577071309089661
611552,767.0414585682582,500,False,0.08853287200967631,False,0.0065256733109633645,0.4800903797149658
611984,727.4281684830297,500,False,0.08883089945629535,False,0.006520007431090082,0.577653169631958
612496,837.4699180640365,500,False,0.07493984062941898,False,0.006421626295517889,1.0064622163772583
612528,787.2811144150527,500,False,0.07095404140527102,False,0.006405319642884201,0.4459044635295868
613248,783.0741320246249,500,False,0.09414450807149961,False,0.00640241117588853,0.5638263821601868
613824,835.9014919250136,500,False,0.06719780105641912,False,0.006313827780496751,0.7293248176574707
614080,809.2326685063803,500,False,0.06160187317104103,False,0.00626638539386087,0.49404656887054443
615184,841.3955150825426,500,False,0.07624556428577497,False,0.006175501578581438,0.4920334219932556
615648,830.8115021837943,500,False,0.0711482122160727,False,0.006206344720023443,0.4256593585014343
615808,842.5549782642313,500,False,0.14258160041139356,False,0.006243567748193389,0.3980274796485901
616144,787.8363423948479,500,False,0.09126885194243453,False,0.0062635429995842,0.42965853214263916
616336,804.8517406230542,500,False,0.1066645495737257,False,0.006284643945448019,0.43276339769363403
616464,820.440118597315,500,False,0.06655974130623266,False,0.00627322712637495,0.5633561611175537
617008,832.1968101437128,500,False,0.09925199809681415,False,0.0062448684779417086,0.4519995450973511
617728,842.4921243318695,500,False,0.08538495363577807,False,0.006341368653541256,0.6351771354675293
619488,770.8064492573843,500,False,0.07961391342371468,False,0.00634499610073608,0.795668363571167
619552,800.1486308280306,500,False,0.06707673073873732,False,0.00607286620178948,0.410064160823822
619984,737.9179559276666,500,False,0.08668222092122048,False,0.0060693061957671195,0.8507398366928101
620496,791.2087914196086,500,False,0.050243453516657134,False,0.006123826862749989,0.46924275159835815
620528,742.435047599104,500,False,0.09931035317366436,False,0.0061250996805975256,0.703857421875
621248,838.9754072661497,500,False,0.08467222894800204,False,0.006119655719294579,0.7721437215805054
621824,790.3023496073106,500,False,0.06728910638132107,False,0.006071853259547746,0.57274329662323
622080,771.7213747728886,500,False,0.07641706920005803,False,0.006023460271506272,0.7656669020652771
623184,852.5049030499011,500,False,0.05066615760888095,False,0.006004412480107189,0.47004061937332153
623648,800.9578009938199,500,False,0.05929665338668819,False,0.006139529192829572,0.6326419711112976
623808,813.0540891521077,500,False,0.08013792150413873,False,0.006135215107581831,0.43504494428634644
624144,783.6193867353207,500,False,0.05581463756276096,False,0.006123677429767703,0.47289109230041504
624336,813.7566653552028,500,False,0.07669400069211174,False,0.006118386590980837,0.43224936723709106
624464,743.7004363919201,500,False,0.097326690005961,False,0.006101467607065958,0.592414915561676
625008,800.1601696391217,500,False,0.0742042860159006,False,0.006095961293270382,0.5242221355438232
625728,749.6053107844923,500,False,0.095444581303234,False,0.006054619469774063,0.42950594425201416
627488,755.3400482002706,500,False,0.08465387704724864,False,0.00598116464073981,0.4470323920249939
627552,862.5098569304816,500,False,0.08698729559526228,False,0.005870321419919439,0.4017334580421448
627984,812.4852031142092,500,False,0.14482993354302648,False,0.0058702830010981385,0.7655806541442871
628496,779.9373606066508,500,False,0.07279941899378962,False,0.006052310276134996,0.4295092821121216
628528,811.3921183505278,500,False,0.08761203807921111,False,0.006060402455940121,0.6078014373779297
629248,781.2873958843106,500,False,0.07126483651263398,False,0.006056749926286028,0.5936275720596313
629824,815.6995573578363,500,False,0.07987908938576059,False,0.006040083762955966,0.4507286846637726
630080,784.7534957724155,500,False,0.05407239202128865,False,0.0059766265232805765,0.42951393127441406
631184,827.866715624654,500,False,0.07094394274228956,False,0.005948685634774044,0.5353370904922485
631648,821.4306005452557,500,False,0.06429142586571122,False,0.005977960386250778,0.5150333046913147
631808,790.947248325254,500,False,0.05446906380055798,False,0.0060046021380827505,0.6665064096450806
632144,801.3590080546113,500,False,0.056865207257442915,False,0.006010164443124924,0.6025142073631287
632336,810.4409664468443,500,False,0.05727394532174597,False,0.006000394364829824,0.45601412653923035
632464,739.9018118733351,500,False,0.08179541070611278,False,0.005982355461977735,0.5619999170303345
633008,840.3697162063947,500,False,0.09396482794385781,False,0.005972274017543139,0.5745763778686523
633728,839.0519013153105,500,False,0.08993226527534531,False,0.0059275431761280995,0.4579229950904846
635488,840.4253300188351,500,False,0.0645241664350952,False,0.005890758611465297,0.4576330780982971
635552,807.8424657313234,500,False,0.0583334983849294,False,0.005882933431331036,0.42627960443496704
635984,813.2662571711319,500,False,0.06379110470977155,False,0.005864635237194222,0.5307900905609131
636496,825.4250993273536,500,False,0.06744296694162397,False,0.005785142883569087,0.6366164088249207
636528,829.2535110440621,500,False,0.07072130677423459,False,0.005886191949491619,0.5114518404006958
637248,819.5184268208633,500,False,0.059653422179325746,False,0.0058882530705731085,0.42332151532173157
637824,863.6570800339032,500,False,0.04447392411727263,False,0.005983672496859023,0.4163553714752197
638080,820.5992635907014,500,False,0.05911691358652017,False,0.00603467469321593,0.5026070475578308
639184,809.8659418741065,500,False,0.0718645391994739,False,0.0060459502107769215,0.5374654531478882
639648,853.1182524593415,500,False,0.0775197267148888,False,0.0059652801234159405,0.755071222782135
639808,785.52057904767,500,False,0.0722537582487447,False,0.005887624441854082,0.4066513180732727
640144,851.958711072848,500,False,0.11595626538793562,False,0.005874322909575924,0.758754312992096
640336,810.0577909237544,500,False,0.08946868417780826,False,0.005937986681677131,0.41227471828460693
640464,848.030619724561,500,False,0.10741568404987685,False,0.005875087449320644,0.49971696734428406
641008,784.3831744018672,500,False,0.08957227571410761,False,0.005845475159310553,0.40301674604415894
641728,808.1454695065098,500,False,0.08828411347462044,False,0.0058147080680491636,0.5643952488899231
643488,781.9228352882243,500,False,0.07594276253047025,False,0.0057524639445022474,0.34806737303733826
643552,856.1179379352649,500,False,0.0874197568207422,False,0.006204513655382403,0.5597965121269226
643984,794.9016671920151,500,False,0.056424879463086046,False,0.006207613605439601,0.35533368587493896
644496,805.5410491188242,500,False,0.06781895956877386,False,0.006072033130744857,0.5167514085769653
644528,807.1572866634104,500,False,0.08974325865121197,False,0.005999466917940611,0.7011082172393799
645248,816.3905339672393,500,False,0.0673837522724531,False,0.005993776150109373,0.6932098865509033
645824,871.555142450258,500,False,0.040671412227641354,False,0.006008611835861877,1.141235113143921
646080,772.4007478441218,500,False,0.0269352452809327,False,0.005993676433423646,0.7947980761528015
647184,838.772470740385,500,False,0.05366553993325233,False,0.006122511263220045,0.4845437705516815
647648,733.0544028723049,500,False,0.09529644269388786,False,0.006113877362324858,0.47266101837158203
647808,837.6686200944879,500,False,0.06310261205656159,False,0.006109958970529227,0.5394134521484375
648144,824.0287224156621,500,False,0.07794410891836709,False,0.006115544244695171,0.6352571249008179
648336,876.0436318316708,500,False,0.06855775545915868,False,0.00602573024143837,0.5400540232658386
648464,770.1351389427864,500,False,0.06471173636351672,False,0.006023671080496393,0.5359715223312378
649008,781.5540481472615,500,False,0.0855863250377515,False,0.006021263815768696,1.1511714458465576
649728,878.0055571735223,500,False,0.08742856329618746,False,0.006036352159245434,0.4434344470500946
651488,800.4733797491076,500,False,0.06445796811253172,False,0.006106464237949717,0.5166586637496948
651552,841.1276178210338,500,False,0.07008984632399605,False,0.005975811343204981,0.4517325460910797
651984,796.7791394295033,500,False,0.0739807061736687,False,0.005965182440438661,0.5258521437644958
652496,766.7440144975918,500,False,0.07469539302356133,False,0.00591180143659983,0.4462346136569977
652528,749.4815965017218,500,False,0.08520373997708734,False,0.005939930445624415,0.4377269744873047
653248,864.3905566707336,500,False,0.09556172631681403,False,0.0059487546952211945,0.6219096183776855
653824,809.9311758551358,500,False,0.06993943738927477,False,0.006066764928943034,0.505968451499939
654080,811.4064882636713,500,False,0.08015079034394088,False,0.006152085937165836,0.5645712614059448
655184,851.9225262684382,500,False,0.06695507875087492,False,0.006161562675891065,0.480692595243454
655648,799.1910475632428,500,False,0.07258447725985392,False,0.006122998026000627,0.5713303685188293
655808,804.454240401996,500,False,0.07124561652810461,False,0.0061253058884524715,0.5595297813415527
656144,772.2848224801398,500,False,0.06765740474602858,False,0.006133956103933608,1.0129694938659668
656336,851.6191908511172,500,False,0.053738867206758356,False,0.006067720918243834,0.4271862804889679
656464,748.1108551127702,500,False,0.059147598977503914,False,0.006126646323228038,0.5089818239212036
657008,799.7465314378084,500,False,0.04114412870479187,False,0.006127670368955813,0.4454863369464874
657728,798.9851156028838,500,False,0.05728468030957584,False,0.0062014132303358695,0.5436279773712158
659488,746.6721291128596,500,False,0.07752448264518814,False,0.006213020037032269,0.5276475548744202
659552,830.803085095782,500,False,0.07152190976029511,False,0.005993119318627465,0.4407626986503601
659984,774.3968652419584,500,False,0.07232838291246352,False,0.005977544566291057,0.4228794574737549
660496,783.3940390362839,500,False,0.06714310345918384,False,0.005955445809781287,0.5666267275810242
660528,771.5204459539224,500,False,0.055527464617938276,False,0.005969500018810952,0.4297601878643036
661248,813.6599168122436,500,False,0.09723890971039902,False,0.0059662400555587245,0.541191816329956
661824,841.0755820682512,500,False,0.09599712859120896,False,0.00589362632502851,0.5222644805908203
662080,834.1760163208605,500,False,0.08392993764883025,False,0.0059219666951191964,0.4780177175998688
663184,791.1615196166481,500,False,0.0834659013762564,False,0.00605313148967466,0.49383383989334106
663648,836.8688119193705,500,False,0.07690800671679077,False,0.006173520777251737,0.5967005491256714
663808,802.9400932697102,500,False,0.08884272009258043,False,0.0063059104310752845,0.5373307466506958
664144,849.7237658845794,500,False,0.08405248717356019,False,0.006293571845268076,0.569516122341156
664336,818.0673667084534,500,False,0.08624754500190242,False,0.006291262215380379,0.5313750505447388
664464,855.3291564596738,500,False,0.06189917092763723,False,0.006319406782502997,0.5358307957649231
665008,804.9233898193723,500,False,0.051529960491727186,False,0.0063214080278081435,0.7337268590927124
665728,767.3097527534298,500,False,0.07074873822285101,False,0.006325083637586229,0.9390690326690674
667488,848.8054757362275,500,False,0.03882128573007792,False,0.006164349550402328,0.5839699506759644
667552,831.7742343076109,500,False,0.03660822663702001,False,0.006437646591693718,0.532629132270813
667984,802.6061879571452,500,False,0.049928282473876505,False,0.006446412311698834,0.5638529658317566
668496,806.5722046496068,500,False,0.07999743087711038,False,0.00643701867842036,0.5547018051147461
668528,790.0914190528115,500,False,0.05951057066268735,False,0.0064642990799566495,0.42983704805374146
669248,793.5973436182794,500,False,0.050871734923931385,False,0.006467405420442191,0.5995013117790222
669824,867.2907071288427,500,False,0.0503765448277828,False,0.006377655758876184,0.5143077969551086
670080,826.1547141436819,500,False,0.04637448685207602,False,0.0063645755871385296,0.4216804802417755
671184,831.9209934327267,500,False,0.052360390155215625,False,0.006405021325478772,0.4341204762458801
671648,821.7046181605878,500,False,0.060448628029789515,False,0.006489722690818067,0.4459790885448456
671808,808.8448576957347,500,False,0.05645426479605898,False,0.006443953959266051,0.34006524085998535
672144,809.1199586154805,500,False,0.047356745211400535,False,0.006449879736879175,0.4453166127204895
672336,828.4671244703326,500,False,0.043032092541274436,False,0.006520013329438541,0.5224477648735046
672464,838.2069939280935,500,False,0.03663595646057386,False,0.0065525325205647396,0.4501497149467468
673008,802.6289996762317,500,False,0.056469926986432044,False,0.0065608852285192355,0.5475267767906189
673728,812.8856101478104,500,False,0.06371052145524161,False,0.006548364547649257,0.4745524525642395
675488,791.4052076463405,500,False,0.058216084624775156,False,0.006542667339602811,0.5900071859359741
675552,853.9102126769601,500,False,0.047530693986790905,False,0.0067284128209227426,0.4375298023223877
675984,836.5122429128287,500,False,0.0872103213469262,False,0.006697375107352342,0.5383177995681763
676496,798.7403985671865,500,False,0.0561700212321246,False,0.006610368875953142,0.5410763025283813
676528,817.4021773451348,500,False,0.0581968517131105,False,0.0066527940731218585,0.4243791103363037
677248,879.8669626457144,500,False,0.043789107144477854,False,0.006647060955722217,0.47304603457450867
677824,815.3977861979525,500,False,0.06797021106040353,False,0.006803559276971008,1.1367931365966797
678080,866.1042378467558,500,False,0.07430455832970395,False,0.006749561577458236,0.4354100823402405
679184,857.5433704441737,500,False,0.05595961887247224,False,0.006752681541696035,0.40662258863449097
679648,777.5823972157652,500,False,0.045800308771660796,False,0.006813285200500816,0.4531967043876648
679808,786.9461460390545,500,False,0.05266616927192571,False,0.006733560182877471,0.4564807415008545
680144,857.3708541725946,500,False,0.05753834608656166,False,0.0067381002728585096,0.48619332909584045
680336,820.7695742282172,500,False,0.04736845102776676,False,0.006731248132455654,0.5506234765052795
680464,821.1780113885857,500,False,0.028901652420415057,False,0.0066844691118014615,0.49440473318099976
681008,827.8120826770011,500,False,0.06125764794070186,False,0.006673345035755781,0.7808985710144043
681728,857.2277580123068,500,False,0.05478742881094737,False,0.0065116393731050855,0.40293627977371216
683488,814.4888757884037,500,False,0.07888674144622387,False,0.006224940361014895,0.6036682724952698
683552,782.9160030872646,500,False,0.08932973861408758,False,0.006278206799396645,0.36214619874954224
683984,825.5647508949718,500,False,0.08735263381526034,False,0.006287874941954009,0.6202612519264221
684496,770.044322799976,500,False,0.10911804572723374,False,0.00634684883728768,0.4020177125930786
684528,854.8997638070055,500,False,0.11079695822950124,False,0.006386412653432531,0.4106804132461548
685248,842.2649511784531,500,False,0.08874269974007246,False,0.006390037314250302,0.6773443222045898
685824,783.9684172976371,500,False,0.07442222201495213,False,0.0064856203084521545,0.48868757486343384
686080,793.106571201478,500,False,0.06765706918887612,False,0.006372955719561134,0.4169401526451111
687184,841.4613027888529,500,False,0.10434422176246443,False,0.006424420403760159,0.35865530371665955
687648,792.6666353788708,500,False,0.12457019863196679,False,0.006326820098909858,0.5570682883262634
687808,792.0387303014968,500,False,0.10594403264102434,False,0.00629807408201968,0.5295946598052979
688144,823.6337596783793,500,False,0.12427400655206576,False,0.006274329798118203,0.4839252233505249
688336,788.9010751148246,500,False,0.11807870613712729,False,0.006242405303353441,0.42402681708335876
688464,774.3854984871922,500,False,0.11214279996708951,False,0.006244848634733012,0.518408477306366
689008,795.8112943338621,500,False,0.11568106558756407,False,0.006198909097179395,0.48136335611343384
689728,788.3546647830183,500,False,0.13107719876560497,False,0.006088620894221027,0.513779878616333
691488,742.0261189685497,500,False,0.12151785437893341,False,0.006024769916045425,0.4478672742843628
691552,791.681758884563,500,False,0.14322319828324515,False,0.005989369735612445,0.49940550327301025
691984,828.7454801581505,500,False,0.13053076360444132,False,0.005981797204704679,0.6054068803787231
692496,757.644508270307,500,False,0.14727089100688245,False,0.005912121954274806,0.3832075893878937
692528,782.2596985805444,500,False,0.1431150961854091,False,0.00588451541530409,0.4088584780693054
693248,821.757954768666,500,False,0.09463081802613796,False,0.005882057817330743,0.47702935338020325
693824,738.5877601975554,500,False,0.10476491177627839,False,0.006032628731646347,0.5977389216423035
694080,756.228561783601,500,False,0.10957066048361509,False,0.0061365863884404745,0.4007050395011902
695184,748.854834738509,500,False,0.1102505940506912,False,0.0061057084258185085,0.5099849700927734
695648,799.409689582658,500,False,0.10845008294852983,False,0.0061629621180889224,0.40265971422195435
695808,758.0460932232296,500,False,0.12150518684272694,False,0.006265702308127669,0.5654659867286682
696144,777.3902752641376,500,False,0.12539952324677628,False,0.006274368062752813,0.46655020117759705
696336,808.6026223900027,500,False,0.10096060714904434,False,0.006280388199845236,0.5207543969154358
696464,750.6111835384404,500,False,0.10295724373856915,False,0.006250796713068958,0.4815705418586731
697008,763.2493727453332,500,False,0.09196858696199173,False,0.0062183054178558276,0.5153391361236572
697728,756.0929789292159,500,False,0.11748293689436125,False,0.00614571818524319,0.5214200019836426
699488,783.9536884989344,500,False,0.0919350456259816,False,0.0060934690930125705,0.544157862663269
699552,779.6099080099914,500,False,0.07100898734495399,False,0.00608456013826191,0.4771050214767456
699984,753.4338972569635,500,False,0.055051017452844304,False,0.006072104828403567,0.4815128445625305
700496,841.6702718767115,500,False,0.058800472597335715,False,0.006157389943157189,0.6607036590576172
700528,806.864182358339,500,False,0.06272323358777325,False,0.006092627514965698,0.5036869049072266
701248,832.5392278178151,500,False,0.07205403138346436,False,0.0060940856548422455,0.4670894145965576
701824,798.1686771301738,500,False,0.08003516541558045,False,0.006146145468723865,0.5956078767776489
702080,838.6901988747503,500,False,0.08496385938245266,False,0.006186755746109289,0.4916180372238159
703184,788.6878228449975,500,False,0.0639263410118993,False,0.006167443398426321,0.473798006772995
703648,844.9524748769976,500,False,0.1104943258317661,False,0.006371344902631449,0.42730826139450073
703808,806.0612227248963,500,False,0.06555768186157003,False,0.006297478264976049,0.44491490721702576
704144,784.5544511779841,500,False,0.09933927584104349,False,0.006279834147292425,0.44305580854415894
704336,816.6955748976019,500,False,0.09618699492909556,False,0.006259944288587538,0.5744050741195679
704464,794.3417524919455,500,False,0.09392713474447979,False,0.00618485576456369,0.48330435156822205
705008,815.8631118255657,500,False,0.07569063076211573,False,0.00617041858352382,0.40737175941467285
705728,777.2056559548536,500,False,0.053898450238586304,False,0.006265468720776902,0.408830463886261
707488,755.51307551115,500,False,0.13799462613368438,False,0.006435498353007885,0.5577421188354492
707552,806.1078091659537,500,False,0.133250673582081,False,0.006693706978833361,0.6372702121734619
707984,820.2602508093634,500,False,0.09475543101076112,False,0.006690061135562081,0.3980827331542969
708496,855.454203613192,500,False,0.08697353526165788,False,0.006666661916530951,0.5311919450759888
708528,813.5610652400371,500,False,0.12352244529356449,False,0.006696987079054001,0.5182744860649109
709248,797.681989234007,500,False,0.11839542632251779,False,0.006705258507369102,0.5506170988082886
709824,772.0801298102231,500,False,0.10896554091128505,False,0.006672321921454807,0.4559083580970764
710080,785.2530819123813,500,False,0.1081536380090302,False,0.006662186313508433,0.4711877703666687
711184,776.0662806689336,500,False,0.08441657528810259,False,0.006635642923418761,0.44642820954322815
711648,781.0369281247511,500,False,0.08417381196070153,False,0.006475548398330321,0.5846091508865356
711808,833.5977914300739,500,False,0.06990908793370557,False,0.006476361711773006,0.43106934428215027
712144,809.0329992020347,500,False,0.07679011036085728,False,0.006525325344727145,0.5483415722846985
712336,754.0618423817018,500,False,0.08638099224029973,False,0.0064793529054403744,0.49541527032852173
712464,795.7588772176148,500,False,0.08380848152661699,False,0.006432677913884488,0.6381841897964478
713008,754.2163807781312,500,False,0.07428711106326359,False,0.006428024065748248,0.3818923830986023
713728,792.9603479253018,500,False,0.07338132858940204,False,0.006602116714000716,0.48985937237739563
715488,812.8579890138951,500,False,0.07160815469236881,False,0.006468291903439243,0.4427700340747833
715552,822.7635890199026,500,False,0.07031360308405737,False,0.006137195731120912,0.5087472200393677
715984,763.1108217090086,500,False,0.13292781172802332,False,0.006141685509092876,0.524255633354187
716496,793.9772479526022,500,False,0.07980399106281874,False,0.006242402189124367,0.528660774230957
716528,812.8055852963239,500,False,0.07503735370422068,False,0.006147703836805133,0.5599591135978699
717248,829.1156439515642,500,False,0.04571159928923398,False,0.006155742599045822,0.43879085779190063
717824,749.9446654344806,500,False,0.16253299517336553,False,0.00620256598676436,0.393333375453949
718080,853.9784406562513,500,False,0.09092891587927361,False,0.006280638158951207,0.46437034010887146
719184,845.1124997028921,500,False,0.10388123377549797,False,0.006259546897769867,0.41673481464385986
719648,780.1915920405487,500,False,0.05704356230630581,False,0.0063235143844909475,0.4913036823272705
719808,777.5783076361714,500,False,0.11581876059857824,False,0.006328921638654292,0.4532681107521057
720144,785.1804879630323,500,False,0.1071463288935209,False,0.006373245990399254,0.7322185039520264
720336,807.3036533291447,500,False,0.13079678753271837,False,0.006412231999099908,0.6064203381538391
720464,799.3590690319816,500,False,0.08766325297079244,False,0.0064114404509625295,0.4801948070526123
721008,745.8467306320931,500,False,0.06525833245023183,False,0.006384517849574061,0.38223159313201904
721728,769.623802483216,500,False,0.08758434045627325,False,0.006409308712753558,0.3927061855792999
723488,865.6125666568242,500,False,0.050021079775506606,False,0.006327692828651131,0.44911864399909973
723552,845.021388152355,500,False,0.04450582985943922,False,0.006256894165940493,0.38137903809547424
723984,849.2201161947639,500,False,0.03932165807019393,False,0.0062587887496546885,0.5191479325294495
724496,866.2865406878228,500,False,0.02462497622827477,False,0.006303624883163749,0.7430554032325745
724528,835.1638924535357,500,False,0.03953317379942968,False,0.006392830034206938,0.5651879906654358
725248,830.7879432221081,500,False,0.047235639216620204,False,0.0063931970039509374,0.5200884342193604
725824,823.7636412536283,500,False,0.04809289470836032,False,0.006357357298110275,0.38579022884368896
726080,813.8872594414124,500,False,0.057747667276208996,False,0.006417031415450715,0.34296825528144836
727184,847.332747753113,500,False,0.09535929534135879,False,0.006394822257344102,0.33452361822128296
727648,770.018451948898,500,False,0.1417807293589233,False,0.006244985191171686,0.7942323684692383
727808,816.381717601286,500,False,0.05982973821278228,False,0.006213618560314014,0.41671252250671387
728144,805.0648741090124,500,False,0.07085111742958553,False,0.006246569914553382,0.47292181849479675
728336,799.7468905371785,500,False,0.08452685874987048,False,0.006193779785542654,0.4323394298553467
728464,743.7605813683492,500,False,0.115261719266942,False,0.006182569269019559,0.49569302797317505
729008,828.3389277230297,500,False,0.09683632057718418,False,0.006198526158148321,0.48577210307121277
729728,855.4405861699445,500,False,0.07023283333604165,False,0.006203998225812549,0.4386804699897766
731488,790.2209664599131,500,False,0.09007768693296109,False,0.006301086286737577,0.4104168713092804
731552,790.7634883947263,500,False,0.046303791122759216,False,0.006505983569436403,0.3668135404586792
731984,808.2821259859322,500,False,0.06305659829233082,False,0.006491212771214052,0.5608676075935364
732496,774.4274935688024,500,False,0.06907659383476193,False,0.0064152284677008,0.5346888303756714
732528,793.4162142924678,500,False,0.06667851345173369,False,0.006339106865036114,0.5893716812133789
733248,862.4717927438886,500,False,0.04813098210807298,False,0.006342655095135214,0.6432508826255798
733824,824.576277122119,500,False,0.08243820156937853,False,0.00634087635678212,0.4047386050224304
734080,815.6032943568522,500,False,0.04782231426068964,False,0.006388133891926186,0.690697193145752
735184,764.4913664852565,500,False,0.14197405328874332,False,0.006415046282030088,0.5023481845855713
735648,875.7747115885052,500,False,0.07390536105112983,False,0.006249606300401543,0.4512144923210144
735808,816.0248471459233,500,False,0.0937325970227807,False,0.006285854064261006,0.4996441602706909
736144,746.6538326791483,500,False,0.15203898243948005,False,0.006281852114168316,0.6093055605888367
736336,782.4784055716643,500,False,0.12825530054797116,False,0.0063177546967656045,0.38318318128585815
736464,816.0026810033122,500,False,0.09210346204861658,False,0.006298289506561192,0.3817915916442871
737008,840.1947069603473,500,False,0.11799434574838563,False,0.006312774843511398,0.581935703754425
737728,812.0804604649701,500,False,0.03483931834446303,False,0.006382871984399412,0.5192151665687561
739488,748.7853611429294,500,False,0.07386680228597592,False,0.006511562930658674,0.49977201223373413
739552,850.2959094428827,500,False,0.07574576487350518,False,0.006174090912209752,0.5010550022125244
739984,779.7292007728894,500,False,0.05619116331456918,False,0.006190142960550421,0.6402350068092346
740496,807.9566445501272,500,False,0.05340108023970545,False,0.006163867235088946,0.4909403622150421
740528,805.6349530177041,500,False,0.053076992480722486,False,0.006195595422960691,0.4562124013900757
741248,785.7811968114213,500,False,0.04473487240085621,False,0.006199964454915951,0.4449988603591919
741824,792.1591853261434,500,False,0.1035392321900211,False,0.0061044205330133446,0.4680427312850952
742080,870.0846723246929,500,False,0.08153286744062384,False,0.006080965089486051,0.5328126549720764
743184,865.564308630252,500,False,0.10299980831281466,False,0.006045262208988482,0.8738909959793091
743648,802.5594930554232,500,False,0.08242316835302636,False,0.005967375108722996,0.5257764458656311
743808,825.8980309404453,500,False,0.08230960441600192,False,0.005986896516271479,0.38911867141723633
744144,819.9978884950426,500,False,0.08240374827389148,False,0.006020869823155447,0.6679821014404297
744336,859.0939830990485,500,False,0.07705020082225522,False,0.006046735661584267,0.5102154612541199
744464,837.5900067107069,500,False,0.05983610626809339,False,0.006041582562893939,0.37301105260849
745008,801.3158717967724,500,False,0.04166669658895339,False,0.0060517757198573895,0.5585308074951172
745728,827.2715406522083,500,False,0.0609977690318533,False,0.006073577218561682,0.3594505190849304
747488,826.3657072585662,500,False,0.058469710748402834,False,0.005984237301353606,0.6389566659927368
747552,755.8781890670882,500,False,0.0558075604081856,False,0.005934362047247283,0.6283477544784546
747984,818.7308182582095,500,False,0.05007293052039566,False,0.005943725310173108,0.44764816761016846
748496,819.3132572249796,500,False,0.02888236545677105,False,0.005978265507236278,0.5845260620117188
748528,842.5824201113338,500,False,0.03985966025069155,False,0.006099776222360996,0.5849950313568115
749248,783.2800306157827,500,False,0.06449721905267458,False,0.006096745789881412,0.4045296907424927
749824,866.7157676503557,500,False,0.043735633498576114,False,0.005994505406267534,0.5361648797988892
750080,881.8759557761072,500,False,0.0427424950516636,False,0.006049899363329264,0.4701864421367645
751184,827.7592771088472,500,False,0.08053834220197306,False,0.006058067260842796,0.9605944156646729
751648,802.4004956566623,500,False,0.11397880699491439,False,0.006145343297172769,0.3944002091884613
751808,848.8967184998595,500,False,0.12352465697021217,False,0.006261145299053943,0.538560688495636
752144,817.3367022577069,500,False,0.10590564882998194,False,0.006265146344378609,0.486503541469574
752336,777.6581085128224,500,False,0.12360144587973103,False,0.0062788994959497735,0.3664628565311432
752464,847.6642115575413,500,False,0.11206099005807879,False,0.006264875684832901,0.5340533256530762
753008,797.5315649903264,500,False,0.11746026532572446,False,0.006270262049637452,0.38174450397491455
753728,798.4941145269144,500,False,0.0926715226392066,False,0.006314476966913565,0.8959013223648071
755488,785.8140983140576,500,False,0.08752641476844715,False,0.0061920112395359725,0.571269154548645
755552,763.9369333354954,500,False,0.07329846187352108,False,0.006296655574015378,0.5313738584518433
755984,773.109876182532,500,False,0.11441064718151532,False,0.006292839982189853,0.3727852702140808
756496,783.2031085013134,500,False,0.09498937259564175,False,0.006355497896624445,0.4346144199371338
756528,785.9027591021188,500,False,0.09993212530155308,False,0.0063957690155382,0.4959021806716919
757248,819.0670135960736,500,False,0.10215868069588181,False,0.006392837889089518,0.5185602903366089
757824,854.5607588752649,500,False,0.08148789424915893,False,0.006298499935559035,0.41999590396881104
758080,738.0492524557321,500,False,0.0568974034316906,False,0.006219457734111939,0.4860663414001465
759184,797.5456730439047,500,False,0.04439726245499558,False,0.006129409312536898,0.4906732439994812
759648,797.6820950072301,500,False,0.11027058819672143,False,0.0059947023965164934,0.5615946054458618
759808,761.0243176266092,500,False,0.07771760057339908,False,0.005912937549999191,0.4652493894100189
760144,774.7509497275489,500,False,0.05352554225504693,False,0.005906328242199046,0.5076518058776855
760336,790.6819951225266,500,False,0.08805607116102145,False,0.005885790850500622,0.4819856584072113
760464,785.9866604089877,500,False,0.07231856316532503,False,0.005914786101919827,0.4488625228404999
761008,756.3332423721997,500,False,0.049649959235671344,False,0.005930982884092008,0.6668754816055298
761728,803.916047109642,500,False,0.11413263891511025,False,0.005938743041403171,0.5110805630683899
763488,801.3156802818718,500,False,0.08214118131252689,False,0.006075893584828102,0.4473080635070801
763552,808.8575635726979,500,False,0.07695595301765032,False,0.006028026350968501,0.4465370774269104
763984,780.8875166948388,500,False,0.10376587338185993,False,0.006023658558894252,0.43550169467926025
764496,777.0903944216163,500,False,0.0996644261682592,False,0.006024427024485702,0.43514564633369446
764528,798.5465077061002,500,False,0.06173802437255728,False,0.006008641857130004,0.5135833024978638
765248,861.9131229247243,500,False,0.033563207618579775,False,0.006003748950496826,0.4782451391220093
765824,819.3785357470676,500,False,0.05938350486386077,False,0.0059451815778846515,0.5802938938140869
766080,836.2458567349739,500,False,0.06526498423114424,False,0.005828178664154202,0.4534650444984436
767184,817.4868433724248,500,False,0.06715719152631214,False,0.005869447041541601,0.47353261709213257
767648,838.2027686763466,500,False,0.09164906935193032,False,0.0058757945598289715,0.4574558138847351
767808,776.8752462099098,500,False,0.07247566582596514,False,0.005674882247018013,0.3984568119049072
768144,832.8674990768905,500,False,0.07404469142742436,False,0.005666490558112519,0.4100319743156433
768336,823.1796314454647,500,False,0.06303739938107954,False,0.005694711604112764,0.6078509092330933
768464,786.9229136572104,500,False,0.14126281037312954,False,0.005728714269706826,0.47225189208984375
769008,800.3730694225629,500,False,0.035075790280780554,False,0.005761848723088816,0.5032814145088196
769728,834.311199062508,500,False,0.02686240477308663,False,0.0057366660759084415,0.38643401861190796
771488,835.6992648084639,500,False,0.08544877484339174,False,0.005726378876629253,0.4704408347606659
771552,870.4564661300293,500,False,0.056458006768675496,False,0.0057137885078472955,0.4447695016860962
771984,787.5843032662382,500,False,0.06544245405671466,False,0.005707881794291836,0.41524195671081543
772496,815.1291312144493,500,False,0.029990483244355416,False,0.005698300627061995,0.8551940321922302
772528,847.0056015968897,500,False,0.03226260677318954,False,0.005811875953419556,0.5570598840713501
773248,792.9090146878516,500,False,0.0189488486043032,False,0.005807056581502786,0.5071017742156982
773824,832.4766985912146,500,False,0.04438612697882553,False,0.0058311113116960136,0.5577166080474854
774080,875.1657136047336,500,False,0.048137179451265756,False,0.005866769554261808,0.45894622802734375
775184,795.4340399870771,500,False,0.07191304620228163,False,0.005888813919078803,0.9763935804367065
775648,762.874474440193,500,False,0.05193158338388165,False,0.005952529997337536,0.4873533248901367
775808,835.3024180269914,500,False,0.057009094212822554,False,0.006056770029327644,0.4832121729850769
776144,822.3841559287793,500,False,0.035048633270620466,False,0.006100129888399806,0.48335641622543335
776336,829.7209827065608,500,False,0.09019500334753562,False,0.006109291719891377,0.49539148807525635
776464,717.8342439608142,500,False,0.07774896254798151,False,0.006110379740504798,0.5203790664672852
777008,760.1776205566653,500,False,0.05860567761598619,False,0.0060869743696135015,0.4564545452594757
777728,828.3758012418452,500,False,0.04483688106775453,False,0.00609078870833069,0.4881632626056671
779488,788.1154652803774,500,False,0.054915396451560856,False,0.006067170425362202,0.3640948235988617
779552,851.6189807230359,500,False,0.02829447944810868,False,0.005763086727389972,0.5284484624862671
779984,898.2414519388942,500,False,0.020602127965190686,False,0.005742737111939972,0.6589137315750122
780496,878.566588695673,500,False,0.027441001051864325,False,0.005606906376131755,0.40799686312675476
780528,828.9398247196062,500,False,0.03791932142712805,False,0.005518577486049917,0.5306589603424072
781248,852.9908882193691,500,False,0.05590943913238199,False,0.00551809906969883,0.3589799404144287
781824,793.9630533712233,500,False,0.026621009477370554,False,0.005440266799372936,0.48330438137054443
782080,822.9409076717708,500,False,0.045634626966851485,False,0.005449852283097766,0.4260125160217285
783184,878.0231218875696,500,False,0.06714225783236165,False,0.005467099888209366,0.48397356271743774
783648,863.8522974483409,500,False,0.05799529613298346,False,0.0054639339592029755,0.4838840961456299
783808,885.381350852076,500,False,0.07297529069498739,False,0.005502028744429406,0.4913211762905121
784144,857.1232851142241,500,False,0.08583008247753005,False,0.005510539825784176,0.4090208411216736
784336,785.8239168873515,500,False,0.04970946579643684,False,0.005540745781531637,0.3726550042629242
784464,805.4795661554255,500,False,0.06750682672895622,False,0.005521250432191636,0.4612850546836853
785008,862.1481547100087,500,False,0.038963984965431,False,0.0055354576495334935,0.4132421612739563
785728,817.3496300341363,500,False,0.03164965622352869,False,0.0056648413786239225,0.6582649946212769
787488,803.8840420962515,500,False,0.039498097095348426,False,0.005615650839100598,0.45145532488822937
787552,888.6118533445696,500,False,0.02538442282542888,False,0.00542356716994936,0.48600122332572937
787984,822.8862941998888,500,False,0.05694289731631686,False,0.005404567664693341,0.3649194836616516
788496,852.5621753602852,500,False,0.05172325416887022,False,0.005354197932259437,0.40473848581314087
788528,814.6966887594755,500,False,0.04474678333193437,False,0.005441913508850951,0.500312089920044
789248,861.3710896224576,500,False,0.04519263229958509,False,0.00544503465685669,0.5437392592430115
789824,817.8124412476427,500,False,0.02907643046213194,False,0.005509352377244127,0.6718958616256714
790080,843.7528670031522,500,False,0.039368078845374396,False,0.005373869836531097,0.471923291683197
791184,872.4121657321956,500,False,0.02936208254753962,False,0.00532541506838465,0.45597293972969055
791648,866.1754856652362,500,False,0.025914995914660798,False,0.005354764285604095,0.5081913471221924
791808,772.2021358164399,500,False,0.02932181049693841,False,0.0054439338828752475,0.3990798890590668
792144,803.4932782428015,500,False,0.03470117089964404,False,0.005424842265069505,0.55147784948349
792336,836.2813390650803,500,False,0.038916693352941734,False,0.005426086807399916,0.643043041229248
792464,822.93124577244,500,False,0.030379809297854495,False,0.005445194613094426,0.6953963041305542
793008,803.28686024892,500,False,0.08717255121425162,False,0.005425236287777803,0.4763268828392029
793728,885.6022558037068,500,False,0.02939718920124587,False,0.005390766831600217,0.4829427897930145
795488,810.5745447248922,500,False,0.031916500383235624,False,0.005551286399060711,0.40910035371780396
795552,850.4263244045351,500,False,0.03563950077398052,False,0.005735651013627595,0.6963919401168823
795984,811.8987292417333,500,False,0.06867721679870775,False,0.005735934453587291,0.45524436235427856
796496,858.201946480419,500,False,0.02959686877889425,False,0.005725944790715053,0.40994662046432495
796528,876.8406920230466,500,False,0.04146762369503881,False,0.005715850922679969,0.5349584817886353
797248,812.1435221329145,500,False,0.06830109146483826,False,0.005712196888804795,0.39442646503448486
797824,824.3504811324375,500,False,0.043075563649547954,False,0.005742484035119593,0.46690288186073303
798080,811.1224311900988,500,False,0.055026875481138174,False,0.0057689801010810966,0.6128369569778442
799184,818.1294197064684,500,False,0.06802407330449917,False,0.005786637652590735,0.44128313660621643
799648,819.1295525538937,500,False,0.06058589434987136,False,0.005648895926648892,0.3519676923751831
799808,847.5534872681773,500,False,0.08827266373999441,False,0.005572492791774331,0.3751258850097656
800144,775.255744600879,500,False,0.07208908889042077,False,0.005581227987682898,0.3725767135620117
800336,828.8108987125911,500,False,0.05563397451159155,False,0.005580876008876269,0.41448256373405457
800464,821.4622378010865,500,False,0.05076451206796998,False,0.005613483631024534,0.5527458190917969
801008,804.8214704467234,500,False,0.04478112754672861,False,0.005598202440717912,0.4724704325199127
801728,799.8460802070452,500,False,0.04531999591376574,False,0.005644506991510035,0.5624963045120239
803488,857.2264478301189,500,False,0.0736627482262429,False,0.0057315557254549706,0.4243442416191101
803552,853.8292296616471,500,False,0.05265382176269021,False,0.005544595975099651,0.45303967595100403
803984,847.6641653133619,500,False,0.06508585508457708,False,0.005588664841087846,0.32002025842666626
804496,817.5165700648417,500,False,0.04918260129717846,False,0.005696451095674426,0.41729071736335754
804528,857.8735606813087,500,False,0.04075890669290836,False,0.00577770526802463,0.5224498510360718
805248,802.9855838565181,500,False,0.02807720244125767,False,0.005782483753074591,0.5797516107559204
805824,819.666560167124,500,False,0.07211172034137925,False,0.005809718362467423,0.46820491552352905
806080,813.3315896026143,500,False,0.07409508161774923,False,0.005696861244043517,0.5237668752670288
807184,853.3893281632031,500,False,0.04635644953205089,False,0.0057184612876072455,0.3866811990737915
807648,841.7672991077563,500,False,0.04240372935270474,False,0.005491472796299213,0.32370930910110474
807808,852.1327159502769,500,False,0.0501811184330422,False,0.005317842232236821,0.45395663380622864
808144,749.0999743261625,500,False,0.03932100738070709,False,0.005268445085220224,0.4056089520454407
808336,879.0430474595621,500,False,0.02823401909602986,False,0.005198170107333511,0.49310487508773804
808464,883.4267522059832,500,False,0.03266258806422995,False,0.005175416903452063,0.42592668533325195
809008,809.9572959508091,500,False,0.03705828841898295,False,0.005166513504861076,1.3366799354553223
809728,818.3031432022635,500,False,0.04166618662613445,False,0.005223190131191177,0.42845380306243896
811488,853.1911141968088,500,False,0.039602706834762025,False,0.005255862511001329,0.6597613096237183
811552,826.2438628969581,500,False,0.06127002447017236,False,0.005179876974139976,0.43630683422088623
811984,800.9559117834254,500,False,0.07030385475032211,False,0.005175580743090458,0.4589116871356964
812496,856.065919324,500,False,0.018516132086102196,False,0.005192404744073684,0.5194103717803955
812528,835.8851090641738,500,False,0.015466892664957382,False,0.005185962829703726,0.6281764507293701
813248,896.6608761204734,500,False,0.022016418305403716,False,0.0051942854092597085,0.5017051100730896
813824,878.7701364571147,500,False,0.0332920620812366,False,0.00525934581886484,0.45184725522994995
814080,830.735410026495,500,False,0.03167510067276593,False,0.005211739997280225,0.4521920382976532
815184,832.6964548907698,500,False,0.048763109004827845,False,0.005235781888147726,0.501785397529602
815648,853.9320123655891,500,False,0.042717263623571936,False,0.005212209064383354,0.5312633514404297
815808,857.8901617827153,500,False,0.03613245034634973,False,0.005284910527787343,0.4063599705696106
816144,898.2323985114847,500,False,0.03647852264560636,False,0.005276773812194929,0.5243891477584839
816336,843.0316270063497,500,False,0.032028833416121144,False,0.005225242954804525,0.7135921716690063
816464,868.0918253227118,500,False,0.05011490620724325,False,0.00517258771563724,0.488437682390213
817008,870.0973738011896,500,False,0.03665863138646343,False,0.00515043287309661,0.38561636209487915
817728,845.5827617748644,500,False,0.013570709230991596,False,0.005176629498010884,0.4828677773475647
819488,864.9036168332821,500,False,0.03694258485110554,False,0.0052030400152095115,0.4035775661468506
819552,821.6002307885715,500,False,0.017292257138828905,False,0.0053537878386146365,0.4819054901599884
819984,796.6292491284092,500,False,0.026294356988135623,False,0.0053505590747404816,0.5966761112213135
820496,844.5987258277253,500,False,0.054764712748632594,False,0.005298554481550773,0.5380396842956543
820528,865.041959055141,500,False,0.049834933713056674,False,0.005207187720278141,0.517762303352356
821248,902.8874269174366,500,False,0.04274434177229754,False,0.0052040841893574155,0.48828884959220886
821824,815.3004510656402,500,False,0.027568120825569163,False,0.005217459595045721,0.4255630671977997
822080,882.8720942159048,500,False,0.015845667991863852,False,0.005222251396200915,0.5031467080116272
823184,831.0040496894424,500,False,0.034154437888584986,False,0.005220287931678889,0.42182356119155884
823648,815.6162350978598,500,False,0.05850387244575424,False,0.005425743230897658,0.42645707726478577
823808,860.3307258425956,500,False,0.0407466768397037,False,0.0054099541029046724,0.5538682341575623
824144,841.1120116607008,500,False,0.05132381423671066,False,0.005437188653159403,0.5746275186538696
824336,815.110937416031,500,False,0.042615659006379,False,0.005462862628424301,0.42591744661331177
824464,797.3068985336154,500,False,0.020070958916381648,False,0.005468069389359374,0.6255613565444946
825008,901.0070315985521,500,False,0.008795756627676248,False,0.005444781915889393,0.4539499282836914
825728,792.9259992456615,500,False,0.08011029054921548,False,0.005384487444527219,0.3416259288787842
827488,812.6158301098595,500,False,0.05262688875539597,False,0.005241380770016804,0.4921603798866272
827552,850.7274000588924,500,False,0.04082421440062253,False,0.005273207043560014,0.6024670004844666
827984,772.8043167955434,500,False,0.0643696745360555,False,0.005275604070831322,0.5614769458770752
828496,831.6742276312874,500,False,0.06732180032016145,False,0.005286164259477328,0.5427645444869995
828528,839.1097964967894,500,False,0.036526770462053944,False,0.00531632654046619,0.5408272743225098
829248,807.3952639016087,500,False,0.0385919411935698,False,0.005319482166815181,0.4379483461380005
829824,885.6908322223786,500,False,0.08221951355195165,False,0.005435897511521283,0.4734315276145935
830080,810.3450967413107,500,False,0.057659258819334064,False,0.005460038200765259,0.597621500492096
831184,855.6491299945675,500,False,0.058803719416371976,False,0.005443330380477367,0.5230277180671692
831648,848.9964221607083,500,False,0.07217860851594551,False,0.005577437019320195,0.6787355542182922
831808,771.6749791288595,500,False,0.09346646090291395,False,0.005537675443541521,0.4365900754928589
832144,864.3068106506093,500,False,0.04130922380518924,False,0.0055075769056467236,0.42094898223876953
832336,892.8217320094457,500,False,0.048158972767141935,False,0.005448441474687099,0.5400795340538025
832464,826.0606187806019,500,False,0.030296121169500024,False,0.005470172547996694,0.4536362886428833
833008,881.6110866951125,500,False,0.023813987477891957,False,0.005462328795652779,0.4599204659461975
833728,795.6968829889432,500,False,0.057823614218063125,False,0.0054536992966094135,0.5108477473258972
835488,818.0954613385856,500,False,0.07334674984086363,False,0.005582394597483701,0.3230312466621399
835552,829.049172881445,500,False,0.05511565145798356,False,0.005611718909855954,0.7008628845214844
835984,776.8449840417701,500,False,0.08242555550015271,False,0.005624857993482388,0.5986887812614441
836496,799.0891342387664,500,False,0.057660825676378445,False,0.005715721105789567,0.4742724299430847
836528,816.8376960976199,500,False,0.0916678239203576,False,0.005723748243721924,1.0174319744110107
837248,786.0775657052866,500,False,0.02951791949007222,False,0.005722374834471058,0.511233925819397
837824,870.679576145339,500,False,0.032366976339325074,False,0.005813083993163172,0.48457756638526917
838080,895.9725790971289,500,False,0.04283266370378207,False,0.005803876076315018,0.39176902174949646
839184,815.55211962257,500,False,0.04535857548868843,False,0.00583553818888527,0.5916900038719177
839648,873.5785199556045,500,False,0.03989714429146244,False,0.005896752878323345,0.5135880708694458
839808,851.1876655644536,500,False,0.05665900741548046,False,0.005853290638186566,0.37953707575798035
840144,787.6056159530632,500,False,0.04730249260643801,False,0.005831398112653649,0.7858253717422485
840336,840.3163494028098,500,False,0.06764657713178145,False,0.00579281712127958,0.46503114700317383
840464,793.0440773885068,500,False,0.051192905425548815,False,0.005791622443752756,0.43577998876571655
841008,833.7902108595442,500,False,0.019647276806048462,False,0.0057759779603214325,0.4326595067977905
841728,862.3669535993122,500,False,0.03935529471286525,False,0.005682674376180577,0.4347825348377228
843488,822.2108763519498,500,False,0.04971145571129386,False,0.00560888420724343,0.7231940031051636
843552,813.4545047680349,500,False,0.0642599290982718,False,0.005765533629559766,0.5642439126968384
843984,892.60365657498,500,False,0.07982694426461119,False,0.005790118791986052,0.5482721328735352
844496,831.6745008899561,500,False,0.03968653366826626,False,0.00583146515020853,2.1199593544006348
844528,813.5033751359199,500,False,0.023631040551837585,False,0.005816791308827328,0.3105524778366089
845248,854.4727233455261,500,False,0.03270305785804375,False,0.005809384894511074,0.4157778024673462
845824,886.2007694531778,500,False,0.04135289862578883,False,0.005867074470031055,0.6110964417457581
846080,857.5138635383444,500,False,0.04805199434456358,False,0.0057943119751889495,0.6028549671173096
847184,851.5006559915798,500,False,0.05970842634870431,False,0.005739001606098822,0.6704971790313721
847648,804.8426393460828,500,False,0.05244128327194087,False,0.0056257580995991,0.43933212757110596
847808,837.7680627464155,500,False,0.03815640135056898,False,0.005690098597715831,0.46756458282470703
848144,854.8607415542767,500,False,0.0420315030984366,False,0.005734287472033437,0.3724748194217682
848336,831.4252345004696,500,False,0.05190981426199098,False,0.005878878695758701,0.3897703289985657
848464,839.5452301312206,500,False,0.030214989885465157,False,0.005843453248870014,0.5625001192092896
849008,820.5367812171439,500,False,0.04797838812194784,False,0.005829840590170531,0.31501504778862
849728,811.7528589616161,500,False,0.0440563512685853,False,0.005921809351585172,0.5524706840515137
851488,770.772020285651,500,False,0.06895599492881727,False,0.005718995677641532,0.6927403211593628
851552,829.3892846218778,500,False,0.037065975557369804,False,0.005655531245026628,0.643768846988678
851984,783.6542379005986,500,False,0.028361853531486233,False,0.0056781709105957,0.5431601405143738
852496,786.2020546987972,500,False,0.0399480879311455,False,0.005634724622978972,0.4499053955078125
852528,850.4277634466061,500,False,0.019675777743911365,False,0.00553039772929123,0.4744681715965271
853248,794.5844048785901,500,False,0.050932904220467465,False,0.0055289371252081315,0.415836364030838
853824,820.612891946235,500,False,0.1201291373487163,False,0.00555181652417309,0.42754337191581726
854080,837.2383429557929,500,False,0.1401820140343264,False,0.005698882135612069,0.48500680923461914
855184,756.659332337636,500,False,0.1579782421921704,False,0.005714105693340756,0.38858234882354736
855648,768.8241987783657,500,False,0.13198584548434797,False,0.005882196784152358,0.3986876606941223
855808,797.8206273662154,500,False,0.11497532325885076,False,0.005891085490256699,0.5923690795898438
856144,822.3116188464559,500,False,0.07759657362536096,False,0.005898012146390501,0.5557127594947815
856336,836.5620236799658,500,False,0.10772176667997316,False,0.005807415090814483,0.5868244171142578
856464,815.0045319381826,500,False,0.09873520222072392,False,0.00574987098795127,0.49036073684692383
857008,812.5946658022509,500,False,0.09199107640617017,False,0.005732042557853197,0.5380677580833435
857728,841.6345603070754,500,False,0.10251296392310022,False,0.005657269309301964,0.4635452628135681
859488,765.4962822601867,500,False,0.03591096656304802,False,0.005606901484115868,0.5115159153938293
859552,746.3021276513338,500,False,0.1057762787636306,False,0.005578083787511157,0.43983346223831177
859984,873.9752795171573,500,False,0.10257572619066521,False,0.005565155564491308,0.42826804518699646
860496,813.0547665625545,500,False,0.026661969281823024,False,0.005465595852688874,0.5314049124717712
860528,769.8911048170635,500,False,0.08156512429920346,False,0.0053937044494383616,0.5002011060714722
861248,795.0637237848345,500,False,0.046443485126027854,False,0.005387369765299039,0.48443055152893066
861824,798.6601959453795,500,False,0.0818847503553021,False,0.005387097945066742,0.4327928125858307
862080,781.8532879531882,500,False,0.0418761985735193,False,0.005422218362389373,0.4462137222290039
863184,804.2184099840625,500,False,0.05000665069834872,False,0.005470922955941689,0.47261112928390503
863648,770.2150269097018,500,False,0.0558628326172364,False,0.00549852840978087,0.49445512890815735
863808,739.5813940273334,500,False,0.16877242652312274,False,0.005703473323631654,0.7792669534683228
864144,857.2677186556296,500,False,0.1197050320422293,False,0.005737560490577095,0.47614991664886475
864336,791.2239391812434,500,False,0.11430330382670009,False,0.005742725701259732,0.3961925506591797
864464,796.60334448249,500,False,0.15818493733456532,False,0.0057213596581801324,0.4635535478591919
865008,804.2935549834028,500,False,0.0789469698366195,False,0.00571367923148042,0.588369607925415
865728,786.9160123934838,500,False,0.14331249061881943,False,0.005767136001231513,0.5331719517707825
867488,800.9157843541609,500,False,0.12226562719783193,False,0.00581319072102027,0.5223112106323242
867552,723.3797900385795,500,False,0.1417089744914206,False,0.006049049195534693,0.3441758155822754
867984,752.1008349707479,500,False,0.08634016367053973,False,0.006059854169341642,0.5734191536903381
868496,769.8033812235864,500,False,0.10697079615285152,False,0.006099709442916027,0.40605148673057556
868528,768.8785880719588,500,False,0.13105357111835697,False,0.0061211651209110395,0.512000560760498
869248,730.0958311777493,500,False,0.04144227916445032,False,0.006112646845100043,0.415024995803833
869824,768.2038231492475,500,False,0.018618963757686045,False,0.005953521525082788,0.4226449131965637
870080,783.7875360044745,500,False,0.030117124741643908,False,0.005905966328708179,0.37326565384864807
871184,793.8245752183611,500,False,0.09274718310724943,False,0.005896112436360953,0.49127310514450073
871648,791.1218898357284,500,False,0.11952949238494597,False,0.005728235335770326,0.49075740575790405
871808,795.3088295391133,500,False,0.08821759956767818,False,0.0056402808588834905,0.4644203782081604
872144,798.7634490956243,500,False,0.02914835428920858,False,0.00566546955948066,0.47516751289367676
872336,850.7700921691196,500,False,0.020575431175328326,False,0.005748150629735075,0.41147691011428833
872464,787.2736362724207,500,False,0.027181829370855785,False,0.005767308534729362,0.46614351868629456
873008,802.5469377052251,500,False,0.05693733140085618,False,0.005774939394105022,0.3811168670654297
873728,817.2143237638667,500,False,0.05539429422443665,False,0.005627317048822512,0.44142282009124756
875488,784.770765212443,500,False,0.029379592434291342,False,0.005589456591826174,0.6282029151916504
875552,786.9548737004849,500,False,0.0059420190251663575,False,0.005550360745075783,0.6201935410499573
875984,822.9582799183238,500,False,0.06857720236600504,False,0.00555828276355481,0.493166446685791
876496,846.6062770911134,500,False,0.0907472598369444,False,0.005628351225842785,0.5015738010406494
876528,865.3920186448707,500,False,0.08334819117790446,False,0.005540449450743872,0.5471423268318176
877248,808.754098288832,500,False,0.018753223818103265,False,0.005528991499086041,0.5094335079193115
877824,793.5801446794559,500,False,0.05525232723077143,False,0.00545971206957267,0.7314434051513672
878080,835.4227539907548,500,False,0.008290873836145596,False,0.00556733373986788,0.5170690417289734
879184,903.1040487377285,500,False,0.0591078505341466,False,0.00555311381260288,2.16987943649292
879648,746.9850410832026,500,False,0.03471634623330018,False,0.005779303981224111,0.33305537700653076
879808,859.9419326089852,500,False,0.036993175012322695,False,0.005874340008409069,0.5041512250900269
880144,778.4883551465922,500,False,0.02827754094328199,False,0.005857196721880449,0.45692363381385803
880336,797.9570113693809,500,False,0.02172781865625398,False,0.0057876091811876074,0.510333776473999
880464,861.7284315147259,500,False,0.03004108996654358,False,0.005753351418010448,0.4802447557449341
881008,874.6654560076964,500,False,0.045586901597903545,False,0.005745913173940446,0.5307615995407104
881728,867.2141456030188,500,False,0.07967400107877474,False,0.005690650936874633,0.4256153106689453
883488,804.7958638296395,500,False,0.05817594301542162,False,0.0055531723971161346,0.3622432351112366
883552,773.258184943703,500,False,0.0587358066265852,False,0.005609710106280084,0.5073356628417969
883984,824.0875544625682,500,False,0.03571633993782574,False,0.005610100570010148,0.5002015829086304
884496,788.8063826534554,500,False,0.04166690996605952,False,0.005576566212116282,0.41378387808799744
884528,795.6643271475051,500,False,0.04792271230661826,False,0.005669921612511164,0.7239800691604614
885248,854.6229193019673,500,False,0.03321237875280139,False,0.00566342905891554,0.5727899670600891
885824,788.0734479245692,500,False,0.03289209466260225,False,0.005534416608413038,0.39915943145751953
886080,850.8861945093437,500,False,0.01309484379879163,False,0.005561115448274122,0.5787954330444336
887184,807.7412374878813,500,False,0.08355687379087459,False,0.005595023899311625,0.5153242349624634
887648,855.5857145906596,500,False,0.07986143151350797,False,0.0054126785126062124,0.41005244851112366
887808,809.9049577070081,500,False,0.060351302687242085,False,0.005335811070095829,0.5143122673034668
888144,850.1223650081372,500,False,0.029884082906045047,False,0.005338562835354205,0.5280503034591675
888336,805.4796203685233,500,False,0.10832062315482935,False,0.005451551164397023,0.46758484840393066
888464,790.4434036621088,500,False,0.12395162386686094,False,0.005512879638789374,0.5045104026794434
889008,830.2895516824809,500,False,0.12417385781866284,False,0.005537231347248956,0.39666804671287537
889728,823.553975735587,500,False,0.1028769777089751,False,0.005437200989504638,0.5715877413749695
891488,799.3196096077772,500,False,0.11413712929452192,False,0.005413632845166043,0.6662381291389465
891552,818.6476031546566,500,False,0.1063134681695598,False,0.005454065170122436,0.630133330821991
891984,824.604550888749,500,False,0.09866564091431326,False,0.00551206541483235,0.5542526245117188
892496,829.5151743163667,500,False,0.04427118643072047,False,0.005517713916557668,0.5095113515853882
892528,772.108523972152,500,False,0.063701074286693,False,0.005485611092294581,0.4562622606754303
893248,821.1064523241075,500,False,0.06810585132762219,False,0.00549077155655143,0.4917961359024048
893824,814.9705370898592,500,False,0.07465395562329574,False,0.005672133204295363,0.41061803698539734
894080,766.3453990068534,500,False,0.0211767461980636,False,0.005760771312291706,0.4470002055168152
895184,807.9029435480545,500,False,0.086167165579848,False,0.005774252331337043,0.43605512380599976
895648,866.8842451471788,500,False,0.02578226477528584,False,0.005841343484661049,0.5663310289382935
895808,814.7753593293966,500,False,0.08139080234999777,False,0.005835037790842555,0.41409045457839966
896144,851.8247043365158,500,False,0.02639158237853426,False,0.0058283859554686965,0.43837618827819824
896336,804.8158339365683,500,False,0.04964961608121433,False,0.00585375800921973,0.4067617952823639
896464,806.4723368067434,500,False,0.05099143120771096,False,0.005832472269952929,0.5959984660148621
897008,784.3327762225176,500,False,0.12021591277552506,False,0.00582606636552422,0.40955185890197754
897728,798.1101783025613,500,False,0.04508324436349899,False,0.005826251558144315,0.6669004559516907
899488,867.7934138177438,500,False,0.11153517330391734,False,0.005947052498339278,0.525527834892273
899552,858.0908427785386,500,False,0.05482067608372704,False,0.005732749782637921,0.6251533627510071
899984,877.4257945218079,500,False,0.04714360291024266,False,0.00573205765250731,0.4956711530685425
900496,853.3063150883129,500,False,0.038551752227628557,False,0.005794418974799148,0.48921582102775574
900528,867.6213797196569,500,False,0.09782921409227557,False,0.005880121570885298,0.913500189781189
901248,861.6893550779413,500,False,0.011576843200042814,False,0.0058805240339777,0.5915721654891968
901824,854.1131027870196,500,False,0.03522768068838916,False,0.005974366123208077,0.4958217740058899
902080,849.1903428992385,500,False,0.06924812396031413,False,0.005950132874748586,0.5523186326026917
903184,881.0662493474108,500,False,0.02734440740118004,False,0.005887667156602366,0.5763179063796997
903648,804.7105612606464,500,False,0.060904719013974803,False,0.0056694742243060805,0.4776921272277832
903808,779.457532707215,500,False,0.03331068101669402,False,0.005627370864338038,0.46102282404899597
904144,821.5096290513663,500,False,0.08862637087844094,False,0.005607929500589049,0.41417956352233887
904336,785.0022349632314,500,False,0.05419636630954799,False,0.0056004034549011145,0.47124117612838745
904464,777.0841313276696,500,False,0.059188130814397534,False,0.0055918596800064065,0.5422696471214294
905008,861.3237588144325,500,False,0.03529041627946349,False,0.005560970985724964,0.7426779270172119
905728,818.3815569416475,500,False,0.0296400014891752,False,0.00551670742710219,0.4627116322517395
907488,807.4826588618536,500,False,0.042760592691432835,False,0.0056119713619179196,0.40002113580703735
907552,855.7532666313812,500,False,0.022375760982153742,False,0.005809464611303997,0.5693823099136353
907984,812.9559627208441,500,False,0.06198161255738131,False,0.005801584947619475,0.5114808082580566
908496,833.4531899404946,500,False,0.04964695996195395,False,0.005815077495174821,0.4481584131717682
908528,865.0369510460243,500,False,0.05019680306867698,False,0.005681786358780174,0.3971952199935913
909248,838.5381706330011,500,False,0.0717027787420682,False,0.005679404270497572,0.49117112159729004
909824,836.5047042407954,500,False,0.03936853643475155,False,0.005645208209625222,0.548489511013031
910080,796.6936452943905,500,False,0.12114922651276246,False,0.005690313230866839,0.9828159809112549
911184,783.0086316747111,500,False,0.04306355761582453,False,0.005733303410811806,0.5019893646240234
911648,823.8173007067664,500,False,0.07957621636310648,False,0.00586955619743304,0.5726318955421448
911808,826.178748572392,500,False,0.07952566858108415,False,0.005928899260737279,0.3755303919315338
912144,793.8780780869844,500,False,0.09791736946588644,False,0.005941740089129713,0.470342755317688
912336,825.17061942677,500,False,0.06808302196416331,False,0.0060080178870546425,0.4059532880783081
912464,864.611365237049,500,False,0.015013403190407115,False,0.005960143480360405,0.44904714822769165
913008,817.2087040002568,500,False,0.0801782644602562,False,0.005938985097271966,0.5472558736801147
913728,860.9938677988299,500,False,0.028715698568744667,False,0.005942725957323874,0.5527018308639526
915488,890.6382050888473,500,False,0.06608695267277048,False,0.005842019963051036,0.7658172249794006
915552,839.5453869410644,500,False,0.041312587043336874,False,0.005864329716246803,0.5338307619094849
915984,857.1635475500026,500,False,0.07025378011579105,False,0.005895431722746542,0.4079400897026062
916496,856.3560981701944,500,False,0.035013785791777614,False,0.005939263273872949,0.554451584815979
916528,848.4348104731308,500,False,0.10893129784834875,False,0.006005548525171848,0.558590292930603
917248,822.2323790232796,500,False,0.07695784677761532,False,0.006010665289015194,0.47088944911956787
917824,788.1354490005531,500,False,0.06892479200532799,False,0.005971902804563847,0.42418673634529114
918080,824.7646789315604,500,False,0.09297077902665263,False,0.0059306949128799654,0.42438995838165283
919184,816.8055347771428,500,False,0.004417863757705877,False,0.005918326191195527,0.5204328894615173
919648,867.1530351245568,500,False,0.02387425887951179,False,0.005898809849830432,0.4854294955730438
919808,880.5228236014892,500,False,0.020769721391540825,False,0.005888518494086014,0.3937671482563019
920144,806.9706557535931,500,False,0.04325691373558701,False,0.005891247206672055,0.44169050455093384
920336,861.3316153359017,500,False,0.06652757101573974,False,0.005940112754747605,0.4524153769016266
920464,853.6877019066596,500,False,0.044346583306497475,False,0.005923154416353655,0.7361605167388916
921008,785.3429963497547,500,False,0.1262614838846234,False,0.005923730175999908,0.6481785774230957
921728,816.2423095324176,500,False,0.04164795877220943,False,0.006081649501318666,0.5494217872619629
923488,806.0854528375901,500,False,0.0792864923360729,False,0.005874669539783796,0.3953714966773987
923552,834.7118213535202,500,False,0.06906479009396317,False,0.006104204065386442,5.731620788574219
923984,797.3844838631046,500,False,0.09922109963366736,False,0.006093239821133082,0.5072847604751587
924496,806.8378293026865,500,False,0.106808853893946,False,0.006124028052636521,0.5719292163848877
924528,793.7665709208654,500,False,0.09656858491762035,False,0.005951075636386024,0.6780984997749329
925248,839.0985465643068,500,False,0.029556527222079677,False,0.005947307137020479,0.4182305932044983
925824,866.7658980954786,500,False,0.016533612393754886,False,0.005821600708986608,0.7883213758468628
926080,829.2705824958938,500,False,0.052865993858940315,False,0.005742549197813096,0.4675695598125458
927184,839.0914982682392,500,False,0.05390908298532833,False,0.005652774111771334,0.4160746932029724
927648,825.9339659334764,500,False,0.03679135525237738,False,0.005548731221079969,0.4629017412662506
927808,825.232824265947,500,False,0.007242089162287016,False,0.005590860462324355,0.5071614980697632
928144,821.8356439268346,500,False,0.057988884335608615,False,0.005622131502409349,0.7111536264419556
928336,857.1331408970183,500,False,0.042579580732810256,False,0.005655484429396047,0.5022469758987427
928464,834.6206205225059,500,False,0.05301615756383267,False,0.005639852092649959,0.4445264935493469
929008,854.2620995058726,500,False,0.12802819600626045,False,0.005627306029983319,0.5751472115516663
929728,828.9529932340068,500,False,0.08854523083527797,False,0.005671409997098463,0.44162219762802124
931488,809.1908707655848,500,False,0.04509286713156165,False,0.005844884887319087,0.5070496201515198
931552,817.3137573688058,500,False,0.07097072399857862,False,0.006043746432165663,0.6958256959915161
931984,852.0292147831376,500,False,0.1026075687446657,False,0.006043249981844155,0.4561294615268707
932496,766.5463122679585,500,False,0.09841786414856458,False,0.006007901096585829,0.39288413524627686
932528,806.0177499733743,500,False,0.0712992037422787,False,0.0059269182216141105,0.7394856214523315
933248,819.0862042442108,500,False,0.023601889386692096,False,0.005928226066138807,0.6415053606033325
933824,792.469338183949,500,False,0.036778236369077295,False,0.006012322761128444,0.5025925636291504
934080,740.8920924428098,500,False,0.06846320519355417,False,0.005933783076566017,0.5769252777099609
935184,810.6719067282659,500,False,0.11202890682399928,False,0.00593131089605027,0.44298601150512695
935648,827.7136216206214,500,False,0.08006918958605207,False,0.005862764929342885,0.48383426666259766
935808,792.7746973660461,500,False,0.05134463621010309,False,0.005885193044500348,0.44364142417907715
936144,796.6026188137936,500,False,0.12700390632834763,False,0.0058709106334877605,0.5831348896026611
936336,862.2994171761118,500,False,0.055641446447105,False,0.005969871111715097,0.4342724680900574
936464,839.2813077869326,500,False,0.11114195787242967,False,0.0059611440295222855,0.45430684089660645
937008,782.9672508345706,500,False,0.07516342172044713,False,0.005931121179123184,0.4236675500869751
937728,831.6272377094632,500,False,0.08198734804274013,False,0.005849564658036158,0.4850103259086609
939488,764.1277296293546,500,False,0.06971676915574133,False,0.00568747112073424,0.5144057869911194
939552,825.3705586499906,500,False,0.01794491210309329,False,0.005569917164668608,0.4215414226055145
939984,815.4932636228629,500,False,0.024870717137626914,False,0.0055568983287355355,0.4418504238128662
940496,832.9156956220454,500,False,0.03233191416287094,False,0.005528325526047461,0.4325655698776245
940528,783.8372204508055,500,False,0.07804537190752525,False,0.00549639581132242,0.43884098529815674
941248,860.2371690708022,500,False,0.06362563482401148,False,0.005499491243777611,0.45405423641204834
941824,735.6783792638918,500,False,0.03301448566929418,False,0.005393693005322595,0.5566980242729187
942080,786.0855210333817,500,False,0.02844925673716359,False,0.005364956162929818,0.7748409509658813
943184,823.492557535889,500,False,0.08445290892772161,False,0.00533973673653337,0.4522281885147095
943648,811.4788682449716,500,False,0.03617434926352734,False,0.005227321650896277,0.8052830696105957
943808,838.5046043942285,500,False,0.1021108657795779,False,0.005238201765278637,0.5948104858398438
944144,829.0707366248864,500,False,0.035964384025589165,False,0.005286014176039786,0.4290362298488617
944336,818.9138287835602,500,False,0.044334428531010835,False,0.005399734893536375,0.4953126311302185
944464,846.2892330541534,500,False,0.04571017326562451,False,0.0054652365224356495,0.588628351688385
945008,846.0838254155517,500,False,0.041004669771428484,False,0.005500375414092221,0.445497065782547
945728,820.8159858207667,500,False,0.05384740109970841,False,0.005730149925845637,0.5402448177337646
947488,788.0732962791982,500,False,0.06215639597982086,False,0.0056860270346691,0.654837965965271
947552,820.0713534492711,500,False,0.09027138862756438,False,0.005661489741928524,0.5696800947189331
947984,806.2425172435461,500,False,0.08203516794004678,False,0.005689135194746787,0.3851712942123413
948496,814.1109657169271,500,False,0.06315317254273803,False,0.005735190195409255,0.4503180980682373
948528,884.6436989198426,500,False,0.06344307637599532,False,0.00574334506164098,0.45614027976989746
949248,856.5246468362668,500,False,0.08957703847540308,False,0.0057409255436027835,0.46615928411483765
949824,844.728683563454,500,False,0.09651946370743363,False,0.005631132054928497,0.5453249216079712
950080,819.9351746465602,500,False,0.10682225431407305,False,0.005746635985996715,0.4767536222934723
951184,804.6008971948534,500,False,0.1080799410552136,False,0.005741174150947376,0.6878948211669922
951648,832.4395581114721,500,False,0.1115924758188696,False,0.005682263549604537,0.41210412979125977
951808,804.6763424304929,500,False,0.10495474230334435,False,0.005532877763358876,0.5680742263793945
952144,766.012644216452,500,False,0.08473765915264089,False,0.005479902979062,0.5616306066513062
952336,821.932289606775,500,False,0.06432005637213677,False,0.005433661235844816,0.40620478987693787
952464,760.0778854039171,500,False,0.04565978334128216,False,0.005432973357014858,0.39540156722068787
953008,795.6206476456948,500,False,0.054499881444152236,False,0.005426003269548805,0.5494807362556458
953728,803.7892673320563,500,False,0.10323350001511827,False,0.00546468087213928,0.8064814805984497
955488,766.0806057068056,500,False,0.0886293182080247,False,0.005553272654483505,0.37236151099205017
955552,807.3692329563916,500,False,0.09048687841548464,False,0.0054476863463608725,0.4956470727920532
955984,830.1815430353136,500,False,0.08408953547829151,False,0.005458821163545857,0.49114108085632324
956496,808.0189873072751,500,False,0.08449658310629297,False,0.005583720073587422,0.5352911353111267
956528,810.5349355494122,500,False,0.08887527539382317,False,0.0055597111290592765,0.8610002398490906
957248,793.1098517635465,500,False,0.0677889094867295,False,0.0055642520785702185,0.4501039981842041
957824,794.3047348554945,500,False,0.0753314725576119,False,0.005559558596877966,0.4453968405723572
958080,841.6184061424871,500,False,0.09209597595040557,False,0.00555098708383188,0.49090811610221863
959184,826.1124616148891,500,False,0.06233444538955581,False,0.005533105473277642,0.5226908922195435
959648,857.9819356751772,500,False,0.08704456099790232,False,0.005515935000557249,0.4511909484863281
959808,763.7622846807683,500,False,0.08802034039199888,False,0.005519686420201054,0.4813025891780853
960144,834.1385267571211,500,False,0.10074057286149109,False,0.005492117456897123,0.6029711961746216
960336,819.8854879732555,500,False,0.10308773659261651,False,0.0054467887541805055,0.41066932678222656
960464,788.3574990966258,500,False,0.06234156373830773,False,0.00542156364853927,0.5311992168426514
961008,734.9320167437023,500,False,0.0660390269522207,False,0.005401915913437428,0.6365289688110352
961728,797.551125893782,500,False,0.0961515690088317,False,0.005339847492306726,0.5752109289169312
963488,843.7682866970737,500,False,0.052404047499490194,False,0.005362206206700383,0.5304979085922241
963552,840.236867863819,500,False,0.03380473572818452,False,0.005326396648305208,0.5349911451339722
963984,864.997897373629,500,False,0.05140010978277811,False,0.005322389653270627,0.4323495924472809
964496,799.3565367022323,500,False,0.03694759179721107,False,0.005345648924613026,0.769522488117218
964528,822.9133119156734,500,False,0.04413686595881505,False,0.005364463108901504,0.4637141525745392
965248,830.8319976569776,500,False,0.05648030519953565,False,0.005365253786386009,0.40959954261779785
965824,840.4447774314621,500,False,0.05754694454495968,False,0.005458716935377465,0.5217207670211792
966080,835.8892090693565,500,False,0.09650622416769404,False,0.005755000762546487,0.4905392825603485
967184,803.5567278457629,500,False,0.07980907359218108,False,0.005751952251312672,0.47871848940849304
967648,839.7242185310186,500,False,0.051399787233713135,False,0.0055575038623495495,0.47351187467575073
967808,861.6422747216536,500,False,0.06896894408122296,False,0.005507273167531123,0.4076456129550934
968144,774.3962706656034,500,False,0.04873504107605896,False,0.00549274629256792,0.39479148387908936
968336,824.1695424188042,500,False,0.07606594840631455,False,0.00546813182935781,0.35341185331344604
968464,850.0394711366672,500,False,0.07677649880466153,False,0.005435202589690257,0.45113736391067505
969008,804.072473652148,500,False,0.0894404824076777,False,0.005417143668640874,0.4757745563983917
969728,811.5049811252086,500,False,0.056025926065617654,False,0.005391654450652396,0.5847722887992859
971488,813.2800268661382,500,False,0.10089110430632574,False,0.005489765668703088,0.42036908864974976
971552,836.7679495476157,500,False,0.08957877702558054,False,0.005714330370871872,0.5222720503807068
971984,854.812821170224,500,False,0.06253433463693264,False,0.005717687721490821,0.5546210408210754
972496,826.709683490408,500,False,0.08107021336978469,False,0.005657298197830058,0.44628411531448364
972528,797.4824099552139,500,False,0.05431184200647058,False,0.005536147205187842,0.41533493995666504
973248,786.2007035431761,500,False,0.0832185194549665,False,0.005527900860312499,0.4820709228515625
973824,805.7569680998135,500,False,0.05938738227861692,False,0.005501975498177691,0.38190317153930664
974080,817.5908908638552,500,False,0.033406691646966594,False,0.0054559639210469656,0.37941786646842957
975184,790.8533994452696,500,False,0.06255221982525584,False,0.005435968763736682,0.9199594259262085
975648,870.3585509367081,500,False,0.08978307441737421,False,0.005378422511337517,0.44227150082588196
975808,809.7106164903665,500,False,0.10950348273281454,False,0.005400329543298828,0.4077709913253784
976144,789.9459960338011,500,False,0.0631788074566056,False,0.005418921132725762,0.4640183448791504
976336,787.3720896118384,500,False,0.05607138438353547,False,0.005366836123600509,0.40485823154449463
976464,812.0159515743521,500,False,0.09485431587424167,False,0.005481768847226473,0.45420151948928833
977008,776.5286171059781,500,False,0.0532281111325476,False,0.005546793675504502,0.4882113039493561
977728,814.3454430589335,500,False,0.03066449166021089,False,0.005582008941839239,0.4496077001094818
979488,860.0814054048492,500,False,0.05487008548491249,False,0.005596892639149458,0.4471030831336975
979552,823.0988377114581,500,False,0.09745501943816992,False,0.00575280150773999,0.5138304233551025
979984,847.5256988217444,500,False,0.030968031948583895,False,0.0057539631282044245,0.6015582084655762
980496,815.8986599995371,500,False,0.05166144584508128,False,0.005772363815016889,0.3962901532649994
980528,838.4676919853074,500,False,0.08038844324344822,False,0.0057735240185379,0.44966262578964233
981248,860.2321288100703,500,False,0.06158218971999897,False,0.005766178451236836,0.4311673045158386
981824,858.571540635058,500,False,0.12932232225767107,False,0.0055657765018368366,0.4883582592010498
982080,838.0308268707635,500,False,0.09061835054872167,False,0.005550145384185285,0.527052640914917
983184,867.0967644317401,500,False,0.05850934683457768,False,0.005499538642767357,0.5263650417327881
983648,799.8554553431748,500,False,0.08137510504898893,False,0.005465395830572442,0.4255983829498291
983808,796.1637488842649,500,False,0.07126737868647909,False,0.005476395235975962,0.7484656572341919
984144,834.8789417517845,500,False,0.05669189527055908,False,0.005463214324360134,0.4217112362384796
984336,827.123355741892,500,False,0.06183479332958163,False,0.0053311097510762954,0.41535234451293945
984464,827.7000077630603,500,False,0.07719967457912916,False,0.005298763261271285,0.5365539193153381
985008,816.1625657613602,500,False,0.05623980984042074,False,0.005311194412517887,0.5140957236289978
985728,820.5609736991883,500,False,0.08383605632204175,False,0.00542223964349154,0.604566216468811
987488,814.9717343538231,500,False,0.05634585744136781,False,0.00557006166466318,0.6693546772003174
987552,791.3850238738053,500,False,0.061794644949887415,False,0.005483703955347571,0.575331449508667
987984,837.3550784181007,500,False,0.055379952455058376,False,0.005484899733551829,0.5013484954833984
988496,804.9763711869509,500,False,0.06464133422192758,False,0.005550123566549075,0.8659381866455078
988528,768.141354346794,500,False,0.08600027311012759,False,0.0057042385262863855,0.6186290979385376
989248,779.6496927421254,500,False,0.1003039089005071,False,0.005707907566572897,0.49271446466445923
989824,827.5078387421386,500,False,0.09254283984629068,False,0.005807919775798404,0.42473140358924866
990080,769.4465002291369,500,False,0.08120350987139735,False,0.005836940933836951,0.4714256227016449
991184,829.253162459214,500,False,0.10613240134936588,False,0.005853234725425434,0.37119054794311523
991648,789.2839949488629,500,False,0.08070517180525673,False,0.00598611737749798,0.3375668525695801
991808,762.2737087587158,500,False,0.07860660369850112,False,0.005935527619140775,0.6525449156761169
992144,782.4341315724002,500,False,0.0756938745517959,False,0.005917719969477252,0.5745426416397095
992336,808.4184171589147,500,False,0.05253300713250588,False,0.0058803356991138115,0.44247257709503174
992464,781.3892912975123,500,False,0.06102020197138097,False,0.005858554630788127,0.48737475275993347
993008,825.9416931518588,500,False,0.07124834703976067,False,0.005826191027642862,0.4616645574569702
993728,822.3538692063506,500,False,0.07691561594745848,False,0.005877062277673212,0.5134966373443604
995488,819.0159605177652,500,False,0.051425007537915415,False,0.0058492006774874625,0.4783678650856018
995552,836.973023801321,500,False,0.05872986319024241,False,0.005718831496020472,0.4981585144996643
995984,834.863597896262,500,False,0.05565746735392944,False,0.005721061068246452,0.528034508228302
996496,761.441097859314,500,False,0.04238933445243154,False,0.005693381061671774,0.403805136680603
996528,789.2637003392263,500,False,0.046778905900606405,False,0.005631349542963821,0.501107931137085
997248,774.1014681257625,500,False,0.08385752232864757,False,0.0056356206194553915,0.5663992166519165
997824,759.5153427298567,500,False,0.09682020035282562,False,0.005752337058496079,0.5551294088363647
998080,772.0206966965371,500,False,0.08715062295523991,False,0.0058037194970132384,0.639441728591919
999184,769.9175602848776,500,False,0.03792829750513564,False,0.0057829016402399895,0.4512523412704468
999648,804.4720029758886,500,False,0.11064792981601348,False,0.005711368016539103,0.5077582597732544
999808,848.3325337074532,500,False,0.058860249021399726,False,0.005678250895785884,0.5462958216667175
1000144,854.7486113563267,500,False,0.12364195360010898,False,0.0056727665230276265,0.5487791895866394
1000336,790.7319695466258,500,False,0.10910721412183476,False,0.00565616875606019,0.5779687762260437
1000464,825.9064392945248,500,False,0.07694074021725834,False,0.005666858979732254,0.4945046305656433
1001008,773.5983219936386,500,False,0.06367326741759345,False,0.005674681001032086,0.41800183057785034
1001728,815.5334302602943,500,False,0.044371984147384934,False,0.005733632067121481,0.5116032958030701
1003488,831.6633903945387,500,False,0.11136490173929238,False,0.005843936232078805,0.3344566822052002
1003552,780.7228823438642,500,False,0.08304397724571229,False,0.005805817548179522,1.0318694114685059
1003984,851.9021684442749,500,False,0.033748149606998734,False,0.005818630423080727,0.7447351813316345
1004496,862.5104524300315,500,False,0.027142534493468772,False,0.0059210044038246175,0.6299645900726318
1004528,839.9377040154163,500,False,0.09604530421531578,False,0.006016941964352418,0.39681628346443176
1005248,825.0928016386466,500,False,0.061751700208470275,False,0.006022347256526614,0.4692322015762329
1005824,835.6669307539814,500,False,0.03272748810318773,False,0.005938175412344867,0.35941240191459656
1006080,806.2025970734212,500,False,0.03961742545338106,False,0.0058260252825303605,0.5307342410087585
1007184,824.8884328451113,500,False,0.06920797118503666,False,0.005782962389652063,0.540075421333313
1007648,798.0240618203165,500,False,0.0311456201659727,False,0.005607900184991659,0.6050042510032654
1007808,801.9958481016763,500,False,0.041999203207165686,False,0.005434718501548026,0.45725154876708984
1008144,866.6611771966043,500,False,0.06527730785531063,False,0.0054183762288575995,0.3924531042575836
1008336,855.846288899492,500,False,0.025467460537687982,False,0.005424421141310767,0.5014801621437073
1008464,858.2234364812707,500,False,0.05446692474344898,False,0.005375222329617926,0.36376482248306274
1009008,806.6794558840412,500,False,0.012958191419689482,False,0.005336637557050741,0.44650018215179443
1009728,831.7923234085767,500,False,0.04148444950148913,False,0.005352461729743943,0.41498124599456787
1011488,807.4620351026286,500,False,0.020992089970319174,False,0.005385010549679394,0.4220285713672638
1011552,837.308121453653,500,False,0.041122735757179174,False,0.005538792268482405,0.48082366585731506
1011984,810.6627783255227,500,False,0.054244836867958654,False,0.005528228113582927,0.44071638584136963
1012496,848.6617002644947,500,False,0.05219887474552887,False,0.005477486704823087,0.5028513073921204
1012528,829.2277431538289,500,False,0.058932852877619894,False,0.0054245299603075505,0.457409143447876
1013248,790.9174775498329,500,False,0.048530802901028736,False,0.005424652460184088,0.3624611496925354
1013824,797.2939451288794,500,False,0.08690582418729027,False,0.005421749126228991,0.43135279417037964
1014080,887.8667145552507,500,False,0.0941126091252952,False,0.005562864730128312,0.4880356788635254
1015184,796.9246390966163,500,False,0.11231170247409519,False,0.005548793126280773,0.559331476688385
1015648,858.4852898901341,500,False,0.0966672326730109,False,0.005458383835013375,0.37788474559783936
1015808,874.1145112616532,500,False,0.10123032965269986,False,0.0053630210683482124,0.398257851600647
1016144,850.433513919363,500,False,0.09546939847946899,False,0.00535710433900921,0.5120693445205688
1016336,813.8307652383892,500,False,0.033939613866532846,False,0.00534998247124271,0.5446969270706177
1016464,821.9432433696062,500,False,0.07360970591567625,False,0.005305987477349366,0.49069449305534363
1017008,857.4614371152653,500,False,0.07979019995577946,False,0.0052875285440659985,0.43798255920410156
1017728,815.0569839237451,500,False,0.08047168907465423,False,0.005455768452071187,0.341485857963562
1019488,790.0843187260709,500,False,0.037450603432729046,False,0.005349211614034526,0.4147099256515503
1019552,833.8035850991511,500,False,0.13436485296602038,False,0.005303634680511269,0.3878900110721588
1019984,833.7241248628598,500,False,0.04819821914332269,False,0.005305953673602048,0.40213972330093384
1020496,765.133580814592,500,False,0.07547525826046068,False,0.0052694991887630065,0.4051753878593445
1020528,808.1597101392824,500,False,0.02630577729020581,False,0.005203674639314012,0.41776901483535767
1021248,828.5655909704249,500,False,0.05266458269077867,False,0.005203512481332278,0.34782466292381287
1021824,858.8722176863699,500,False,0.06223372815144389,False,0.0052153407285213255,0.43249672651290894
1022080,787.1095224296324,500,False,0.03439009050392504,False,0.005323313340072947,0.3824197053909302
1023184,838.9710424607437,500,False,0.07874505465658828,False,0.005385698207256467,0.4313202202320099
1023648,827.9863127750882,500,False,0.040179811269709126,False,0.005364778444289195,0.34341269731521606
1023808,798.4544805628176,500,False,0.04483729894812501,False,0.0053516644106748525,0.44763511419296265
1024144,870.4269508853864,500,False,0.023478855182682744,False,0.005322543088220495,0.45903974771499634
1024336,831.1592714067092,500,False,0.02360903706968129,False,0.00526229082842696,0.41719406843185425
1024464,788.0681103312376,500,False,0.025975125248679055,False,0.005220914720910392,0.4223860800266266
1025008,869.2611227993218,500,False,0.10029462856266058,False,0.005192796401285853,0.3569009304046631
1025728,795.2941365028604,500,False,0.05077134535321899,False,0.005175794056448793,0.4688900113105774
1027488,808.0641905984105,500,False,0.04302230429294261,False,0.005256475436297824,0.44237756729125977
1027552,763.8716648996486,500,False,0.028108760671689742,False,0.0056640014678584535,0.42951637506484985
1027984,815.1153627270904,500,False,0.10579777638957027,False,0.005668747226850492,0.4807482957839966
1028496,843.5959864978643,500,False,0.11126548044951315,False,0.005662398380298102,0.35921621322631836
1028528,825.5719796719487,500,False,0.06544242644048585,False,0.0055375822639604595,0.3849969506263733
1029248,788.0501446889267,500,False,0.046431032361237974,False,0.005529712718461753,0.4469354450702667
1029824,814.0093499139563,500,False,0.07896408059620146,False,0.005383867400599337,0.3933739960193634
1030080,810.6916690464622,500,False,0.037464730415037194,False,0.005381269674476211,0.4157814681529999
1031184,857.4650411366912,500,False,0.12574786132276733,False,0.00540712867007597,0.3683125972747803
1031648,776.5300750662246,500,False,0.06806581579400106,False,0.00530273930512946,0.45946982502937317
1031808,794.3579293689502,500,False,0.010780299157196296,False,0.005265763820093145,0.35960209369659424
1032144,819.6147350935463,500,False,0.03629669956715468,False,0.0052406681597265085,0.3951249420642853
1032336,805.6772005318738,500,False,0.03440044512745247,False,0.00522763121931787,0.38192126154899597
1032464,768.8980033625189,500,False,0.034411875962074324,False,0.0051647646625878766,0.360442578792572
1033008,860.3666235841754,500,False,0.07215112712821099,False,0.005110508608782364,0.47378864884376526
1033728,788.2945683562505,500,False,0.05861059324816849,False,0.004862117534184523,0.40921449661254883
1035488,854.4323643232028,500,False,0.0537705717138383,False,0.00479806539559521,0.338750958442688
1035552,805.3371317891454,500,False,0.07485790465470266,False,0.004853051643224758,0.4080750048160553
1035984,817.6942486588349,500,False,0.021117144570323716,False,0.004863628505939185,0.42866963148117065
1036496,811.4399534166666,500,False,0.06687438268243436,False,0.004923322588713879,0.37086209654808044
1036528,836.1534481402022,500,False,0.04732009666794554,False,0.004953032516435769,0.5110340118408203
1037248,816.8048338702985,500,False,0.013157471746694712,False,0.004940922624254571,0.4047897458076477
1037824,824.902899186725,500,False,0.03759020575946804,False,0.004862727805835685,0.3552420735359192
1038080,849.3357207910703,500,False,0.06175691919923982,False,0.004982156708233877,0.35618168115615845
1039184,784.38637408384,500,False,0.08804119775610343,False,0.005004626193891439,0.3881400525569916
1039648,875.862232471941,500,False,0.06891258331339128,False,0.004924791255431162,0.40222054719924927
1039808,876.4806516643976,500,False,0.052677102466925425,False,0.0048980743520932275,0.4154195189476013
1040144,791.7702665493906,500,False,0.09413886465552307,False,0.004899863894041169,0.37266549468040466
1040336,778.2761735746755,500,False,0.04761049353684622,False,0.004863671853486919,0.33532434701919556
1040464,823.2948497102418,500,False,0.04216948477482476,False,0.004851442895520195,0.3820399045944214
1041008,855.9579458495695,500,False,0.07909350504099413,False,0.004810748895009759,0.36678850650787354
1041728,846.9298145308202,500,False,0.08325524399336141,False,0.004714340688582324,0.3624190092086792
1043488,807.7016942620626,500,False,0.0749657911554883,False,0.004699991062478996,0.3795609176158905
1043552,787.4153576952825,500,False,0.08045822063455285,False,0.0045660859230371486,0.47100305557250977
1043984,817.5554288052244,500,False,0.037371127807043276,False,0.004577385802776723,0.36423441767692566
1044496,819.6103990136362,500,False,0.032208963318955786,False,0.004584293145979233,0.4238964915275574
1044528,801.4335549663635,500,False,0.009718266441509919,False,0.004474941324752353,0.4686487913131714
1045248,818.2428027817476,500,False,0.028967452917369154,False,0.004460176283520579,0.34429919719696045
1045824,867.3385070495583,500,False,0.06328644207803821,False,0.0044816083285365,0.40291038155555725
1046080,825.7940120807884,500,False,0.09723548674697972,False,0.004550615929642413,0.35801711678504944
1047184,825.4059830087108,500,False,0.08330593034281299,False,0.004546150300689793,0.4467772841453552
1047648,778.1798625669613,500,False,0.11418194587654554,False,0.004453112563416523,0.3377896547317505
1047808,813.681672955742,500,False,0.10072791811528159,False,0.004445267830356737,0.4547753632068634
1048144,834.6437166700338,500,False,0.06015231123748243,False,0.0044106525002358034,0.3332301378250122
1048336,841.2319694116541,500,False,0.035160128395437966,False,0.004412595972446722,0.3311539888381958
1048464,851.0457062494994,500,False,0.016364401785108944,False,0.004491637333180079,0.3379157781600952
1049008,807.3147548399999,500,False,0.049278806358149005,False,0.0044930678125192315,0.3438223898410797
1049728,833.6424662730184,500,False,0.014745585566335038,False,0.0044933335513622314,0.36886709928512573
1051488,829.4309406434563,500,False,0.03692254899823157,False,0.004447951276585668,0.29750287532806396
1051552,864.2916625857173,500,False,0.045845913214373236,False,0.00436142486689965,0.3671444058418274
1051984,825.5577334603042,500,False,0.10926695116245067,False,0.0043603828842741785,0.4046558439731598
1052496,844.7110842246805,500,False,0.06207361557377051,False,0.004306872646474798,0.3494581878185272
1052528,883.3028698933792,500,False,0.07429193344377925,False,0.004331238378955907,0.4577227830886841
1053248,784.0679285779833,500,False,0.09122456370050046,False,0.004330908686395069,0.3578924834728241
1053824,882.0840766476903,500,False,0.13052958266172454,False,0.004348827257387284,0.32987266778945923
1054080,805.8392312840405,500,False,0.06056170022307485,False,0.004247874459860967,0.37946617603302
1055184,817.4011840039079,500,False,0.1062149095000611,False,0.004219028472754123,0.36128997802734375
1055648,862.2747151918903,500,False,0.0964985506421194,False,0.0041928252469828646,0.4331701099872589
1055808,780.779860600386,500,False,0.09953430248527481,False,0.004250996728835945,0.4529055953025818
1056144,766.9500631433207,500,False,0.11433478912355872,False,0.004243584883011624,0.32571929693222046
1056336,848.5963010523647,500,False,0.0557639496992633,False,0.004187056340381553,0.3819303512573242
1056464,804.2604946427207,500,False,0.034361505065836566,False,0.004127128247118256,0.3869893252849579
1057008,819.2438480883137,500,False,0.05675181242439413,False,0.004075688544715344,0.352287620306015
1057728,764.003399793458,500,False,0.10636814278240926,False,0.003992379070813785,0.4128109812736511
1059488,822.2735554432512,500,False,0.034663086352882615,False,0.004084782442350271,0.4519404470920563
1059552,840.3340734146965,500,False,0.021268982433913782,False,0.0041259745965146885,0.3893592655658722
1059984,823.9729317160201,500,False,0.09892941671643733,False,0.0041316343521942,0.39354273676872253
1060496,819.420734177946,500,False,0.03712166409266782,False,0.004117789157869331,0.37885046005249023
1060528,802.1993310538945,500,False,0.06965005514961409,False,0.004019661033169239,0.36834976077079773
1061248,848.5498467860956,500,False,0.09950156081445623,False,0.0040157722830467734,0.28200721740722656
1061824,828.4659718067392,500,False,0.11519258130173532,False,0.0040540650616153985,0.4012063145637512
1062080,792.9002182536774,500,False,0.11149840485307838,False,0.004038244282377724,0.382798433303833
1063184,786.2279634169972,500,False,0.14368759550452695,False,0.004071670775307931,0.37301236391067505
1063648,761.9773653741497,500,False,0.10027190883727895,False,0.004201742238206528,0.40498387813568115
1063808,777.5411868410325,500,False,0.13700584881004002,False,0.004310599746321426,0.500304102897644
1064144,852.2215906477959,500,False,0.1449791967766902,False,0.0043062415116657616,0.45734602212905884
1064336,861.0445281432878,500,False,0.10185236310375759,False,0.004340909455136292,0.3616458773612976
1064464,852.3848253589163,500,False,0.10474124161191606,False,0.004332459094101738,0.34534788131713867
1065008,781.0834060642195,500,False,0.10762904983772024,False,0.004315400368977596,0.3942009210586548
1065728,780.6801912963193,500,False,0.06702244694369243,False,0.004151147493516627,0.39107775688171387
1067488,751.9728959012513,500,False,0.07413719670884063,False,0.004009684194885845,0.3180321753025055
1067552,771.2765227765593,500,False,0.0724131004982966,False,0.004036343382942057,0.44315198063850403
1067984,765.8252219064506,500,False,0.07290494045805283,False,0.004023975025750846,0.38202181458473206
1068496,789.1733015845252,500,False,0.045056735436275586,False,0.003979502463653741,0.335010826587677
1068528,760.5761725558502,500,False,0.08978504908782949,False,0.003957004707896647,0.3480421304702759
1069248,779.03888637169,500,False,0.09315191947141933,False,0.003962794252864833,0.3602786660194397
1069824,844.653304134361,500,False,0.052397070793783536,False,0.004167744703772766,0.34940192103385925
1070080,748.661597374502,500,False,0.1396702387523654,False,0.004262869999781239,0.3711414933204651
1071184,822.3177740876384,500,False,0.07357988536948525,False,0.004306360283124616,0.5471035838127136
1071648,787.9240980695778,500,False,0.03613437062059705,False,0.004177204770850007,0.31603819131851196
1071808,846.5923660330549,500,False,0.03830074565035769,False,0.0041711326036437775,0.31673282384872437
1072144,795.2560856191894,500,False,0.042503469210056016,False,0.004151524767156525,0.36570098996162415
1072336,775.6646536763883,500,False,0.05538626829822262,False,0.004122170946799429,0.37387147545814514
1072464,819.8213211526947,500,False,0.02284664084575987,False,0.004127750801050089,0.3605661690235138
1073008,811.6151150975161,500,False,0.01615026700208652,False,0.004114087538182559,0.3898547887802124
1073728,850.3456744272519,500,False,0.09145477127770095,False,0.0040557613610870975,0.35150450468063354
1075488,793.4515013393795,500,False,0.09807265314170183,False,0.004068715104655437,0.35766157507896423
1075552,811.0104208789725,500,False,0.03681319518266327,False,0.004195961301850973,0.3889148235321045
1075984,804.7286781680759,500,False,0.05116777670391337,False,0.004192176404575453,0.3696657419204712
1076496,832.5002313673876,500,False,0.09282816787065838,False,0.004080347676614077,0.3545116186141968
1076528,826.1119144343187,500,False,0.013674816248983004,False,0.004070027560361037,0.35143011808395386
1077248,819.6731892917729,500,False,0.03428854444412279,False,0.004072456455683212,0.3705459237098694
1077824,801.5032886689511,500,False,0.14897863326307687,False,0.004118919468566222,0.39971280097961426
1078080,801.1628722510305,500,False,0.08896261175510323,False,0.004102856487619401,0.30396768450737
1079184,790.5799611468323,500,False,0.07746315656950725,False,0.004072878134233536,0.31974029541015625
1079648,803.7381606637271,500,False,0.11958483686073186,False,0.00416497994320368,0.5426627397537231
1079808,792.3097979516842,500,False,0.02840453741768169,False,0.004232319618485911,0.33153802156448364
1080144,796.0487018482061,500,False,0.16389537243607424,False,0.004235683874346508,0.415444016456604
1080336,801.5456749524469,500,False,0.08560451603603644,False,0.004341950139177053,0.3439908027648926
1080464,769.0259716728943,500,False,0.0821000781358686,False,0.004381273469195611,0.46353328227996826
1081008,828.018344785301,500,False,0.04057363401712678,False,0.004402728097878198,0.3907226622104645
1081728,819.2301356976799,500,False,0.038750521893755475,False,0.004352266587917096,0.3287811875343323
1083488,830.5329138160348,500,False,0.09532030846500018,False,0.004392626453121136,0.3520526587963104
1083552,821.3086406357896,500,False,0.08044023841696873,False,0.004192498219216898,0.34912964701652527
1083984,811.9855171194816,500,False,0.15345343338622533,False,0.004190666613756296,0.35299694538116455
1084496,778.7984722160558,500,False,0.08910128148280651,False,0.0041967719017583826,0.4966229200363159
1084528,798.466679556082,500,False,0.050288530039964446,False,0.004109228048449647,0.44459328055381775
1085248,799.0532880336422,500,False,0.09419877331939103,False,0.004104086826037985,0.3442224860191345
1085824,786.9417583577025,500,False,0.0692191684862252,False,0.004038490805410617,0.378307044506073
1086080,832.5322151455023,500,False,0.09606976464190889,False,0.003980003692702156,0.3236944079399109
1087184,894.9844887241886,500,False,0.039741499332730364,False,0.003965598768766225,0.32066601514816284
1087648,801.0051167124468,500,False,0.02589551923025107,False,0.003982353684010618,0.4793853461742401
1087808,842.0197570590125,500,False,0.12707023652485072,False,0.004051139778390029,0.35607486963272095
1088144,802.0902060351261,500,False,0.02975419500050984,False,0.004052255322220451,0.36800938844680786
1088336,823.553587317447,500,False,0.1814976592168185,False,0.004078875676544945,0.3969484865665436
1088464,836.9307893531213,500,False,0.029164512608341093,False,0.004085399100387223,0.40178847312927246
1089008,788.2576249064164,500,False,0.039172562103536264,False,0.00410917640013225,0.38378238677978516
1089728,810.4833304033069,500,False,0.08851364462727522,False,0.004139551971241365,0.360297828912735
1091488,829.3021255134539,500,False,0.08835247189395438,False,0.004260503196719801,0.3791019320487976
1091552,821.2592601530657,500,False,0.12645149524442334,False,0.004099880454517236,0.4549214839935303
1091984,761.17824232208,500,False,0.03840687399041117,False,0.004113358274412825,0.3368096947669983
1092496,751.0785651898856,500,False,0.08657598795846397,False,0.004112212069580785,0.38246041536331177
1092528,809.0088478114146,500,False,0.02424593208960816,False,0.004086573617194599,0.3120592534542084
1093248,824.0464674986581,500,False,0.06179874961027642,False,0.004091910531388289,0.3997488021850586
1093824,848.5133254254381,500,False,0.0514599038279617,False,0.004091567590822979,0.3656046986579895
1094080,862.6470836052915,500,False,0.0452126901521215,False,0.004082762771588756,0.36786872148513794
1095184,804.6146265696517,500,False,0.0257851045863266,False,0.00410900934384411,0.3383517563343048
1095648,829.8196480061127,500,False,0.02627856325575596,False,0.004117637520323747,0.3747115135192871
1095808,854.8359087023094,500,False,0.0233965448201818,False,0.004071000219349341,0.4842182397842407
1096144,812.7689502390323,500,False,0.03779657727707814,False,0.004035806182762051,0.3881646990776062
1096336,772.9367243882002,500,False,0.04327908502714838,False,0.0039559046900625285,0.40412241220474243
1096464,871.3862829433835,500,False,0.08369241265468202,False,0.003960605005215373,0.4236528277397156
1097008,834.2201887184779,500,False,0.08000249927813811,False,0.0039611833100073246,0.4084562063217163
1097728,830.2725551139712,500,False,0.018332032935121978,False,0.0038891361259125435,0.5016940236091614
1099488,835.6458757726563,500,False,0.1937894311510934,False,0.0037739468808658055,0.4411928057670593
1099552,815.2768210870289,500,False,0.06089412191260427,False,0.00383138240550927,0.32455551624298096
1099984,804.5778709641957,500,False,0.03184193614532709,False,0.003831768556470883,0.4237557649612427
1100496,825.9930211641763,500,False,0.13556816681674264,False,0.003934289658889165,0.3745175004005432
1100528,817.8611224599186,500,False,0.028454715852848658,False,0.003903029398466557,0.3442785441875458
1101248,862.9881391650257,500,False,0.10634552621715464,False,0.0038980306479244756,0.46154269576072693
1101824,784.7258054682089,500,False,0.15163683386320978,False,0.0039011107438441375,0.37226682901382446
1102080,782.0154259382082,500,False,0.0855436929074291,False,0.0039442968827657346,0.37495672702789307
1103184,799.4231447541383,500,False,0.09311362340724008,False,0.004030520734969286,0.4242343604564667
1103648,779.9445639015476,500,False,0.13213074745493,False,0.004159623663053424,0.380798876285553
1103808,829.3835519612871,500,False,0.17550019649607257,False,0.004180836849400627,0.3315076529979706
1104144,791.1886324562164,500,False,0.2104167976457076,False,0.004202957670949124,0.39111506938934326
1104336,708.5234358762717,500,False,0.1872968188076161,False,0.004203400397814296,0.2951882481575012
1104464,781.24922194727,500,False,0.19423272180179285,False,0.004181252625958569,0.43352118134498596
1105008,810.0660751744606,500,False,0.04782206040802105,False,0.00416442567127721,0.34115445613861084
1105728,797.413418531198,500,False,0.04872829586332344,False,0.00425887040459308,0.5013531446456909
1107488,736.6768617879227,500,False,0.04518275066158723,False,0.004180498876254003,0.39470428228378296
1107552,718.9495540985253,500,False,0.03149401500581478,False,0.0042358077405093885,0.31356215476989746
1107984,803.2263839992593,500,False,0.075169391645073,False,0.0042417261910985635,0.28918755054473877
1108496,765.1150003969738,500,False,0.01644090963780418,False,0.004147794463116529,0.3451864719390869
1108528,751.1321741508293,500,False,0.17649521020877762,False,0.004109792917202268,0.4669623076915741
1109248,747.2874749253599,500,False,0.11305500849858638,False,0.004096833683928109,0.2964455783367157
1109824,796.7821525925929,500,False,0.127677459083582,False,0.003936491450567002,0.3715677857398987
1110080,776.3711948686689,500,False,0.10857821452185974,False,0.003949226928927944,0.43225935101509094
1111184,829.0514728289421,500,False,0.10067721984022984,False,0.003962917817701498,0.4535861015319824
1111648,798.9561605939841,500,False,0.059082440389788105,False,0.0041215452208400545,0.3072098195552826
1111808,796.9506973383692,500,False,0.041867996502756216,False,0.004195632766159964,0.36446574330329895
1112144,782.4718396383055,500,False,0.03372400265853769,False,0.0042558820482666865,0.5338424444198608
1112336,821.2329736579692,500,False,0.06283527077002282,False,0.004311159228736654,0.38210850954055786
1112464,802.8494220411287,500,False,0.07301085892810676,False,0.004339340510902358,0.32091766595840454
1113008,787.9801740526818,500,False,0.034015848661150566,False,0.004382662814074361,0.32148921489715576
1113728,770.7606656199014,500,False,0.061687199054010315,False,0.00449239244087984,0.349290668964386
1115488,798.101895509428,500,False,0.07126568105219681,False,0.004398829085626403,0.2938123941421509
1115552,823.8467219937193,500,False,0.05659209754220822,False,0.004306820592524419,0.390879362821579
1115984,802.1938360816298,500,False,0.0527082613062591,False,0.004289893199056773,0.46685534715652466
1116496,813.4294771000623,500,False,0.04550710275223076,False,0.004211964745731683,0.31421947479248047
1116528,869.9218030608224,500,False,0.07930552908605003,False,0.004200683597148166,0.37901216745376587
1117248,793.1585085118036,500,False,0.1480952765221458,False,0.004203360166501511,0.4126812219619751
1117824,779.3842715197109,500,False,0.08777853352712475,False,0.00418398379934689,0.40347522497177124
1118080,770.0275774537358,500,False,0.17059891813996766,False,0.004259014155831435,0.4751824140548706
1119184,770.334226704428,500,False,0.12871102967691572,False,0.004285102883771024,0.3910723924636841
1119648,793.7347852455429,500,False,0.12641778092313194,False,0.004358096793724434,0.4844394028186798
1119808,816.4187768629482,500,False,0.04239461816904491,False,0.00430610772297591,0.40120989084243774
1120144,770.5782952312765,500,False,0.10506696734345464,False,0.004328146472804962,0.32826295495033264
1120336,809.5391216538713,500,False,0.07680872026190314,False,0.004265406792913659,0.41397130489349365
1120464,818.7038212120398,500,False,0.09459695540314086,False,0.004283682379281023,0.3720139265060425
1121008,769.1262714165057,500,False,0.06385622008769282,False,0.004265975206652793,0.40361782908439636
1121728,804.4008436739695,500,False,0.03674302053901414,False,0.004337713939553227,0.3329334259033203
1123488,821.5167530081548,500,False,0.07053105220417619,False,0.004459953300269032,0.39364898204803467
1123552,806.2599505686404,500,False,0.06665825859215319,False,0.004263240433209572,0.4733785390853882
1123984,800.2985946607623,500,False,0.06561698165776002,False,0.004255019314682644,0.36597973108291626
1124496,757.6346438532,500,False,0.09694643088901891,False,0.004295040483945217,0.40465599298477173
1124528,756.9428929471907,500,False,0.01389775863161165,False,0.004279690521880702,0.4293932020664215
1125248,780.9595330149994,500,False,0.13864047393101384,False,0.004278013708106952,0.5011132955551147
1125824,758.8278999643189,500,False,0.025730047433863677,False,0.004234695323590477,0.3579365313053131
1126080,825.2654991979867,500,False,0.04129157620720604,False,0.004238878198042265,0.36941325664520264
1127184,769.4610462308622,500,False,0.08598838159376,False,0.0042156130815483245,0.3502238392829895
1127648,792.4605963164665,500,False,0.15847167778776652,False,0.00437726264866933,0.30699288845062256
1127808,792.6578825832948,500,False,0.13496737307621134,False,0.004382237331680849,0.35022762417793274
1128144,741.1168050300132,500,False,0.05778406325296593,False,0.004334492138402867,0.41117557883262634
1128336,834.2896674795113,500,False,0.05349888530261427,False,0.004270666354063849,0.3407779335975647
1128464,784.113694203797,500,False,0.10017756688296368,False,0.0042396971910046545,0.3486674427986145
1129008,784.5902639539871,500,False,0.16523480709470492,False,0.00420765103856026,0.4038538932800293
1129728,777.1606893878566,500,False,0.07270558504129829,False,0.004123571444260691,0.397128701210022
1131488,831.3315096763691,500,False,0.05174066536856287,False,0.00406921052770313,0.49740082025527954
1131552,798.0757225386842,500,False,0.05293515605551261,False,0.00396079594465972,0.36294645071029663
1131984,816.2460028360605,500,False,0.08099617128728141,False,0.00396424040144733,0.4392014145851135
1132496,786.3492248213845,500,False,0.10116532815862221,False,0.0039288918675325244,0.32193028926849365
1132528,815.478586847687,500,False,0.06918886249649644,False,0.0038893465657098016,0.38810795545578003
1133248,829.858389812742,500,False,0.02947572596933468,False,0.00389699822457863,0.29470741748809814
1133824,836.6749184788316,500,False,0.047542416366475514,False,0.003957804923530151,0.3690853714942932
1134080,816.4986102346959,500,False,0.1509376478606186,False,0.003872124310144785,0.39723342657089233
1135184,778.1106482685722,500,False,0.0707350056144298,False,0.003887530285609723,0.33729398250579834
1135648,790.2914938634373,500,False,0.0759400236288439,False,0.004004398820312492,0.40337935090065
1135808,815.8352944081342,500,False,0.0737594791352284,False,0.003959560988679577,0.4068010449409485
1136144,816.5694856223934,500,False,0.05393815246494206,False,0.003957422228924819,0.4413491487503052
1136336,788.3471594120175,500,False,0.06085820876697057,False,0.003913269261893706,0.46171149611473083
1136464,830.0785041209778,500,False,0.05797293003861382,False,0.003917663296810526,0.4564569890499115
1137008,795.9147761521945,500,False,0.07726919543419103,False,0.003936804426995233,0.46032142639160156
1137728,819.4393779589733,500,False,0.14458328193017483,False,0.0038999351479987346,0.34608447551727295
1139488,863.6209214305285,500,False,0.07500684566677655,False,0.003938446348430161,0.2741895914077759
1139552,810.7904679191341,500,False,0.04094244779208182,False,0.004112584408227887,0.35928788781166077
1139984,852.6077428878496,500,False,0.04724638252443154,False,0.004113788056564836,0.3611825704574585
1140496,816.3173636926392,500,False,0.07119692630479252,False,0.004103664194111572,0.4128078818321228
1140528,803.5962121720949,500,False,0.04846781129647981,False,0.004180662159835977,0.41003233194351196
1141248,813.0478507558353,500,False,0.0816955112189728,False,0.004171143451730278,0.6549869775772095
1141824,797.6421436075544,500,False,0.051341883403822244,False,0.003991586714397655,0.44186797738075256
1142080,750.1358918636513,500,False,0.02535349769901326,False,0.003926739679237358,0.36561283469200134
1143184,791.6296622128231,500,False,0.0831108273275065,False,0.003948327901479793,0.41126760840415955
1143648,785.3991739462926,500,False,0.09816034545830095,False,0.0040894825084673014,0.36473745107650757
1143808,864.4881067689522,500,False,0.10842153342748442,False,0.0041710277725769225,0.4351893663406372
1144144,856.4978792998063,500,False,0.07692574416104453,False,0.004183769955149694,0.4745860695838928
1144336,793.9412249963237,500,False,0.09298534576581266,False,0.004176140815577182,0.4143724739551544
1144464,784.6742611513574,500,False,0.05333026540439623,False,0.004198028867436671,0.35962843894958496
1145008,770.243416998923,500,False,0.0832311848218862,False,0.004213787635422409,0.41372406482696533
1145728,837.8000664245321,500,False,0.07705445545197845,False,0.004318021692536524,0.35492873191833496
1147488,797.2487511346613,500,False,0.09772715826739836,False,0.004351261766874683,0.4159308075904846
1147552,846.5203375532593,500,False,0.0930054397576148,False,0.004233414664915836,0.43070539832115173
1147984,859.1253760380789,500,False,0.07214926212539616,False,0.004219070997838577,0.37400251626968384
1148496,776.31019546246,500,False,0.07568440903714965,False,0.004191824977090609,0.48942673206329346
1148528,830.3749981680536,500,False,0.058673265001740534,False,0.004127938569170226,0.42706722021102905
1149248,873.2536870539877,500,False,0.08565637416365211,False,0.004121511065569864,0.44187062978744507
1149824,794.5228962623605,500,False,0.07697559743169177,False,0.00405468217961763,0.49871620535850525
1150080,817.1251719664524,500,False,0.061558671154765474,False,0.004020828936541683,0.43290168046951294
1151184,865.1070004235364,500,False,0.051758030280965615,False,0.004023441165021797,0.4598689079284668
1151648,815.9584736013464,500,False,0.03638376251851938,False,0.004040513870252851,0.4410551190376282
1151808,829.6020693638549,500,False,0.04430025381207949,False,0.004036328883355525,0.35787349939346313
1152144,765.5868852370855,500,False,0.08384024063737695,False,0.004032734643100806,0.3349592089653015
1152336,757.402038447675,500,False,0.08742868414646193,False,0.004092364503549811,0.35225388407707214
1152464,863.4101447758493,500,False,0.07114075131765274,False,0.004127916793753263,0.33174771070480347
1153008,792.503215230916,500,False,0.06260657104291267,False,0.004156718406406965,0.37751680612564087
1153728,826.7536903837573,500,False,0.07889066824929054,False,0.004244931544303109,0.393987238407135
1155488,857.9877457936278,500,False,0.061935043503239764,False,0.00425976161815846,0.3115706741809845
1155552,837.8947292022388,500,False,0.08877338890981785,False,0.004037317787178358,0.4424383342266083
1155984,797.8606774684717,500,False,0.06221994154464148,False,0.004036587687834828,0.3058505058288574
1156496,818.372888273835,500,False,0.034915236637070315,False,0.004118385242721371,0.42202532291412354
1156528,833.634922432197,500,False,0.10735504418914162,False,0.004155210176556042,0.37466710805892944
1157248,868.9413369672093,500,False,0.05069943211296579,False,0.004152720853558993,0.43666595220565796
1157824,845.9285920072258,500,False,0.09974681316748109,False,0.004062243258010608,0.42248958349227905
1158080,797.7401348246052,500,False,0.07787898914877205,False,0.004103002049179807,0.3381485939025879
1159184,862.5120553038681,500,False,0.08012633365431832,False,0.00410073357349902,0.42332640290260315
1159648,769.9195856082757,500,False,0.03939324403525364,False,0.004107668580959564,0.5333167314529419
1159808,848.0825504346086,500,False,0.045879676472666796,False,0.004029560312988437,0.32891845703125
1160144,825.2295198634939,500,False,0.023083469886557226,False,0.004021179293813486,0.37083882093429565
1160336,813.0102285682399,500,False,0.030624364584649018,False,0.004057747641581191,0.4909500479698181
1160464,851.7108041478283,500,False,0.10213227811939225,False,0.00404390318355339,0.3321875333786011
1161008,848.493058877621,500,False,0.1386594200088646,False,0.0040427586769902326,0.41868650913238525
1161728,824.1536119862819,500,False,0.015160969448729283,False,0.004117597793683913,0.4227460026741028
1163488,826.8993644615621,500,False,0.035433381787664406,False,0.0042564426366240105,0.3706114888191223
1163552,824.1089940968565,500,False,0.034027508535737085,False,0.004100761198290208,0.39233702421188354
1163984,798.2717521139006,500,False,0.03554798762985189,False,0.004088878093791451,0.3878774046897888
1164496,812.1419000818034,500,False,0.0671079848067516,False,0.004009641209249714,0.438175231218338
1164528,807.0239251037456,500,False,0.11463387828604996,False,0.00402067541019589,0.3752592206001282
1165248,773.0588919570663,500,False,0.053689283616778216,False,0.004025818372448819,0.5787896513938904
1165824,757.2388956189652,500,False,0.06025754293554542,False,0.003990278695710405,0.36678028106689453
1166080,767.7944324056376,500,False,0.07845357287594473,False,0.004010725808138269,0.34898000955581665
1167184,779.8644887670504,500,False,0.13281532134371543,False,0.003946247779301463,0.4343414306640625
1167648,795.4264864845547,500,False,0.03008095223283419,False,0.003884631976357271,0.4253653883934021
1167808,775.0686936312665,500,False,0.09961295670033461,False,0.003833196328499171,0.3664344549179077
1168144,752.4425860276766,500,False,0.07949689251001849,False,0.0038063562831442605,0.3142513334751129
1168336,806.7010239402797,500,False,0.12498682956957394,False,0.0038319861327719513,0.42416471242904663
1168464,789.614389709155,500,False,0.052811258774759826,False,0.0038895809186196514,0.4552668333053589
1169008,779.3046545968432,500,False,0.08356771860352794,False,0.0039216487739550275,0.38034945726394653
1169728,816.0921613469216,500,False,0.11232545966873604,False,0.003913115844193602,0.34609511494636536
1171488,791.9754524057637,500,False,0.09246928588575919,False,0.003915823864235243,0.3799002468585968
1171552,763.1814853222119,500,False,0.08251465969195619,False,0.004248282869659411,0.47206270694732666
1171984,783.7515835850746,500,False,0.06723853150959022,False,0.004240534938150804,0.35919666290283203
1172496,773.5275793022441,500,False,0.08228526318172555,False,0.004202769197865736,0.3959742784500122
1172528,776.8924500136114,500,False,0.11402830793582718,False,0.004107378123480932,0.32852333784103394
1173248,780.05197033146,500,False,0.13640470270079288,False,0.004105443947143528,0.42724868655204773
1173824,784.823288416004,500,False,0.102007836563314,False,0.0040262577284824975,0.34396812319755554
1174080,795.4652453194564,500,False,0.04442395929088849,False,0.003964699847916378,0.31414034962654114
1175184,739.0859646575955,500,False,0.08918762695727016,False,0.003947432713343292,0.3055877089500427
1175648,792.8942700127773,500,False,0.14063211751437452,False,0.0040726567427010274,0.32767075300216675
1175808,791.7586040470726,500,False,0.13823799712227358,False,0.004061769847580236,0.3530629277229309
1176144,776.8202168347518,500,False,0.07713964038361391,False,0.004052316875400982,0.43519526720046997
1176336,752.8534452474394,500,False,0.03326815557175669,False,0.0040620384597188355,0.3820997476577759
1176464,775.561980162453,500,False,0.04419989196610179,False,0.004075748590563444,0.3759317398071289
1177008,745.2881231197568,500,False,0.07281661264637221,False,0.004073303516122347,0.44068044424057007
1177728,771.2494911117751,500,False,0.15425092182368866,False,0.004112500601749008,0.32890817523002625
1179488,770.8502953878967,500,False,0.12584732495785406,False,0.00408256514747898,0.35630297660827637
1179552,780.6900290065252,500,False,0.09571751253026763,False,0.004155376524002319,0.35365498065948486
1179984,755.0916857354716,500,False,0.15474753804283775,False,0.004145991885859424,0.44934242963790894
1180496,780.3394120983129,500,False,0.11234490811292881,False,0.004025890828045439,0.3925696909427643
1180528,779.6255951017658,500,False,0.10042291386896042,False,0.00391913635039943,0.4149731993675232
1181248,711.8297531540736,500,False,0.12472948993284182,False,0.0039152734556725,0.44631457328796387
1181824,756.4896783893314,500,False,0.15033726066124972,False,0.00396266766094462,0.41237324476242065
1182080,835.212641301393,500,False,0.12828870613081567,False,0.004087768245548207,0.3600749373435974
1183184,736.882534304152,500,False,0.1621641434458987,False,0.004139941928022626,0.4310001730918884
1183648,786.5687586894302,500,False,0.14210791256493122,False,0.00408257530007607,0.35357657074928284
1183808,778.051371562587,500,False,0.136718084257958,False,0.004077347907704275,0.4152202010154724
1184144,735.766120110677,500,False,0.10837778097207991,False,0.004085808198545885,0.448555588722229
1184336,713.8285660410085,500,False,0.11047035621042588,False,0.004192848547384541,0.41193974018096924
1184464,824.0408113854623,500,False,0.16247399168415874,False,0.004202761414418338,0.4100745618343353
1185008,774.7002116634612,500,False,0.12007069707502699,False,0.004205717207159923,0.5259261131286621
1185728,760.8691949603656,500,False,0.11631164164004666,False,0.004181601255577891,0.33917638659477234
1187488,788.7426047056555,500,False,0.050055020451145675,False,0.004267734506687095,0.36740654706954956
1187552,769.953760811236,500,False,0.06724205612680972,False,0.004143300926069847,0.4290149211883545
1187984,757.6563318454773,500,False,0.03994009631709923,False,0.004133580204904691,0.34648025035858154
1188496,818.1260828566628,500,False,0.042720837269292225,False,0.004105036421587913,0.43500322103500366
1188528,789.5981516671163,500,False,0.059650098418989106,False,0.004029948137686149,0.4194778800010681
1189248,792.5024203145463,500,False,0.10584958806166093,False,0.004026197419125172,0.42324909567832947
1189824,786.4605525183492,500,False,0.07196296979480275,False,0.004052531389510715,0.4355632960796356
1190080,767.601079411221,500,False,0.05964782619453422,False,0.0042200513725618415,0.4036034345626831
1191184,790.4261415715189,500,False,0.05351596624482251,False,0.004272013448615913,0.3669776916503906
1191648,771.358081059241,500,False,0.08963445540340613,False,0.004230044312297596,0.4524529278278351
1191808,816.3314483123319,500,False,0.12353095279948967,False,0.004239794316359376,0.41686874628067017
1192144,836.4861435417714,500,False,0.15384202612050762,False,0.004247116135966969,0.3605228066444397
1192336,773.5616264978995,500,False,0.0992653866289734,False,0.0042959360833967584,0.4355727732181549
1192464,845.8805332037424,500,False,0.10479078323030708,False,0.004298168931865853,0.3711472749710083
1193008,811.6785195459281,500,False,0.06138062843309039,False,0.00427083060136819,0.3753432035446167
1193728,797.1095131880599,500,False,0.05669799126483648,False,0.004147377280167741,0.37939226627349854
1195488,772.0390402041719,500,False,0.1305480784534404,False,0.004015671265811257,0.4152519106864929
1195552,865.5646876092783,500,False,0.04329259367496591,False,0.004085145384239334,0.35948920249938965
1195984,771.4657223879813,500,False,0.11752950550767025,False,0.004077808522377642,0.38874101638793945
1196496,784.5806128376016,500,False,0.1566094837786347,False,0.004159128303944442,0.36063891649246216
1196528,795.4707761618922,500,False,0.07306066232579306,False,0.004191055001782816,0.41668379306793213
1197248,773.4352677503138,500,False,0.10202472982286663,False,0.004190990323960354,0.393633097410202
1197824,751.8696313054041,500,False,0.07901935350016923,False,0.004233678299747118,0.390652060508728
1198080,843.9783709442092,500,False,0.05837017295827709,False,0.0041803535385405615,0.431010901927948
1199184,813.1741145221242,500,False,0.055367915377197964,False,0.004119473257872676,0.3336641788482666
1199648,830.9710580271981,500,False,0.05754881627633008,False,0.004069310166811479,0.3124326765537262
1199808,786.5657441112762,500,False,0.06605184110875477,False,0.0039457364573032006,0.3826768696308136
1200144,777.6467163419344,500,False,0.05222436899285822,False,0.0039044770635889596,0.4054276943206787
1200336,811.8272030481048,500,False,0.054378695432584084,False,0.00392196775539859,0.2983177900314331
1200464,828.0151494178548,500,False,0.05322113603808517,False,0.003935288535045671,0.41730165481567383
1201008,825.002717707573,500,False,0.06277435163304047,False,0.003952514105634304,0.33688637614250183
1201728,774.4397853361875,500,False,0.05312345508308863,False,0.004008424668536201,0.357610821723938
1203488,814.4545933094531,500,False,0.10548366205344649,False,0.0038651384754395625,0.45858296751976013
1203552,788.5954818919679,500,False,0.09390855163977012,False,0.0040171526991981295,0.3771823048591614
1203984,807.7741866392996,500,False,0.06916641512627003,False,0.004029115915379947,0.46287912130355835
1204496,858.1130101759348,500,False,0.06359205205397347,False,0.004107508339736786,0.45392051339149475
1204528,799.0841890442655,500,False,0.053108666104849926,False,0.004097901292973615,0.4552709460258484
1205248,764.7949178587736,500,False,0.0606263646763198,False,0.004095883827426842,0.4140779972076416
1205824,785.2980517228958,500,False,0.117892745224041,False,0.003989286905708041,0.4241287410259247
1206080,794.5744259370275,500,False,0.12563780674100142,False,0.00388256627574374,0.46236851811408997
1207184,834.2527501513549,500,False,0.11234053538579043,False,0.003887446832447421,0.3388308882713318
1207648,757.5662408492514,500,False,0.09278557906629528,False,0.003930779823889664,0.4649868905544281
1207808,777.0201049270622,500,False,0.08621853326121653,False,0.003993196404394283,0.37735533714294434
1208144,765.3680829596843,500,False,0.07812756422497422,False,0.004005606551311406,0.33309030532836914
1208336,763.8657186229505,500,False,0.06697453736593985,False,0.004001788926941758,0.3246137499809265
1208464,789.8196243670163,500,False,0.07264109540077483,False,0.003997093090544423,0.35101383924484253
1209008,856.5758615630244,500,False,0.03955376094640743,False,0.00399571159678262,0.387126088142395
1209728,807.8267025799264,500,False,0.07419180524940283,False,0.0039884732432856835,0.3272695243358612
1211488,799.6358000319335,500,False,0.15025587177063948,False,0.004119934740048633,0.3336533308029175
1211552,766.7919786990079,500,False,0.1492919838739962,False,0.004393893867244826,0.42103198170661926
1211984,810.581724123468,500,False,0.08779408976634326,False,0.004391097875258214,0.38246843218803406
1212496,802.3422539196678,500,False,0.08799764032334133,False,0.004367669090654515,0.35817858576774597
1212528,795.0459218625747,500,False,0.09629584412964172,False,0.004320470414866863,0.32692950963974
1213248,791.1003132605006,500,False,0.0979540077710272,False,0.004321348941001206,0.49538397789001465
1213824,787.3227177147063,500,False,0.06494261497785085,False,0.00420348666673618,0.38001129031181335
1214080,752.9575018938547,500,False,0.05838594681831458,False,0.0042165486551307705,0.43460512161254883
1215184,771.3138458944876,500,False,0.021052004391464048,False,0.0042110840995226205,0.5130664110183716
1215648,766.6053911706518,500,False,0.08133584868265306,False,0.004148177458318785,0.43772751092910767
1215808,833.1985298062972,500,False,0.07956818816661655,False,0.00409735852249159,0.3426903486251831
1216144,779.9841941354978,500,False,0.06636052532772148,False,0.004080379267751885,0.4114956855773926
1216336,827.1847098067616,500,False,0.05967256729837891,False,0.004064989356564956,0.3385618329048157
1216464,782.9179346422733,500,False,0.05641164923028714,False,0.004064969203708676,0.38863253593444824
1217008,785.8796652000592,500,False,0.07886480914990816,False,0.004047128586459936,0.41667184233665466
1217728,816.5078978170461,500,False,0.08995605375487316,False,0.004046669296904255,0.46189171075820923
1219488,828.8952363171516,500,False,0.12285773430661046,False,0.004125504784088668,0.3877553939819336
1219552,797.4759405059184,500,False,0.10637896231727167,False,0.004178531215239891,0.3279740810394287
1219984,806.3936024398587,500,False,0.11526833837155734,False,0.004184310534821534,0.3735155761241913
1220496,793.5949256599329,500,False,0.07040006694657193,False,0.0042555442945707,0.37873393297195435
1220528,754.6394545660332,500,False,0.08551766139402756,False,0.004164458170836016,0.4381619095802307
1221248,719.4659298166532,500,False,0.10202377733629825,False,0.004155150574116931,0.33981841802597046
1221824,850.2435698071556,500,False,0.1163017821263207,False,0.004020070171264753,0.4586985409259796
1222080,786.2534798882419,500,False,0.11666976293671981,False,0.003953651868928175,0.37868380546569824
1223184,833.9739797031018,500,False,0.10640331361872978,False,0.00389079575128694,0.3549467921257019
1223648,790.6160501058674,500,False,0.10638918778204415,False,0.003594503413927253,0.36086079478263855
1223808,780.0532119021069,500,False,0.0963212003388093,False,0.003569529135823277,0.41172173619270325
1224144,754.3565737142131,500,False,0.07395186231693646,False,0.0035718993181951247,0.3810844421386719
1224336,800.9919355272062,500,False,0.068999309080072,False,0.003642640931970915,0.4287964701652527
1224464,789.0777410044708,500,False,0.10746855121419355,False,0.003695688137825363,0.40407928824424744
1225008,774.7291014006121,500,False,0.09483262072662907,False,0.003726300268377189,0.4326171576976776
1225728,839.3702947360222,500,False,0.056928696553286556,False,0.0038253123037406173,0.47924333810806274
1227488,766.5256213497007,500,False,0.08249331115664156,False,0.003963304733934381,0.38110846281051636
1227552,794.774466324799,500,False,0.08055108265803752,False,0.003980592733592694,0.422330379486084
1227984,770.86418259138,500,False,0.06298844478662612,False,0.003964938003464535,0.3657718300819397
1228496,771.7296646684995,500,False,0.07546885208000473,False,0.003938404342053707,0.39500492811203003
1228528,813.514098201324,500,False,0.043505885733776395,False,0.003962706709606137,0.3637562394142151
1229248,820.154230823677,500,False,0.05369145557621911,False,0.003964408761701345,0.41975337266921997
1229824,839.8625127327157,500,False,0.08157737134515002,False,0.004081802644563865,0.3145606517791748
1230080,781.9186176055949,500,False,0.07120002415875712,False,0.00406670355055947,0.4251560866832733
1231184,807.9449532228715,500,False,0.07018791104297213,False,0.003998182513353951,0.4027767479419708
1231648,798.4515054155693,500,False,0.03794286187984313,False,0.0038480083792404047,0.49535495042800903
1231808,795.4069911214305,500,False,0.052777120625332734,False,0.003844701173252215,0.41424334049224854
1232144,789.377260924172,500,False,0.07907931732080495,False,0.0038553283197520945,0.357359915971756
1232336,794.9155790038724,500,False,0.08433695405378965,False,0.0038745085139101523,0.3481360077857971
1232464,826.5125762408417,500,False,0.10319833573300496,False,0.0038560547665956128,0.34962040185928345
1233008,809.2492636113749,500,False,0.1352109800145404,False,0.0038827835059490386,0.3400283753871918
1233728,757.5287518241117,500,False,0.06539928100779284,False,0.004000667254112194,0.3803110420703888
1235488,774.8195516249012,500,False,0.10827408419266042,False,0.004060300217910906,0.3598144054412842
1235552,806.294248450482,500,False,0.07801998821802983,False,0.0038183106597864443,0.35669416189193726
1235984,829.5795094342501,500,False,0.07880154104383194,False,0.00383378226466218,0.388876348733902
1236496,751.1878948440915,500,False,0.036876148863442884,False,0.003852858595852271,0.35183537006378174
1236528,765.476589953311,500,False,0.09936592932638955,False,0.0038630313034118528,0.420696884393692
1237248,790.1255662900711,500,False,0.10630431502259399,False,0.003864636846987009,0.38781654834747314
1237824,787.7816102174245,500,False,0.11141813860662729,False,0.0037965172236452804,0.42597031593322754
1238080,800.2097378054474,500,False,0.12708239292271759,False,0.0037825846147024203,0.36896952986717224
1239184,778.0284361351146,500,False,0.09274848220334908,False,0.0038026389164627626,0.42198020219802856
1239648,808.3507226287867,500,False,0.061600834802484065,False,0.0037999751870912515,0.4470842778682709
1239808,766.5742721020772,500,False,0.10847437936017232,False,0.0037704090247837165,0.4167206883430481
1240144,760.8954082915615,500,False,0.08394038720652919,False,0.00379774332437091,0.4791848659515381
1240336,801.3545419194396,500,False,0.09840865659193791,False,0.0038201580838230034,0.35155755281448364
1240464,793.5904204971719,500,False,0.10158774774790393,False,0.0038081801267112335,0.32969051599502563
1241008,770.9628721483467,500,False,0.08582619121687272,False,0.0038020102841729046,0.37989383935928345
1241728,807.7153404012765,500,False,0.08525710431106734,False,0.00380784041225924,0.4207366108894348
1243488,824.0283819595668,500,False,0.07788212315941002,False,0.0037664617849271216,0.35873502492904663
1243552,758.6352785967355,500,False,0.030010298959205605,False,0.0038104449867234,0.3660077452659607
1243984,795.1463718343804,500,False,0.12547372014012223,False,0.0038019313747780083,0.3947495222091675
1244496,835.7471387595263,500,False,0.10188654936913477,False,0.0037639612156356765,0.4370654821395874
1244528,840.754392080888,500,False,0.0701974912048375,False,0.0037681415584532737,0.34525179862976074
1245248,818.3377192334989,500,False,0.10963364582356461,False,0.0037715857577641345,0.5090267658233643
1245824,806.6274882340377,500,False,0.11605838138192096,False,0.003705107911112403,0.3643496632575989
1246080,780.974310373973,500,False,0.08285633794665045,False,0.0036100656813198755,0.3571177124977112
1247184,770.6686073329083,500,False,0.08490785870178454,False,0.003593112384129812,0.3440164625644684
1247648,771.6035810769449,500,False,0.031981047276413495,False,0.003641868479151454,0.4546473026275635
1247808,785.2101882670498,500,False,0.05695732022787185,False,0.0037944630403583387,0.4506140947341919
1248144,813.9228194501457,500,False,0.08852278579196372,False,0.003791197091528625,0.3707907497882843
1248336,799.4755077380536,500,False,0.047389140690973934,False,0.0037418934963719098,0.43718260526657104
1248464,787.0810244205974,500,False,0.1014197353286864,False,0.003716559923761062,0.3727168142795563
1249008,789.2864366498084,500,False,0.09749804053592878,False,0.003705441686112215,0.317460298538208
1249728,802.7205509380781,500,False,0.1050662468581334,False,0.0035672385746260194,0.34151536226272583
1251488,812.9628739420405,500,False,0.035571743476761564,False,0.0036703587152660104,0.41380420327186584
1251552,788.8855276034485,500,False,0.08327277050117572,False,0.0037511281795156097,0.33954888582229614
1251984,778.9543155626533,500,False,0.12090033756262457,False,0.0037522926138120905,0.4140400290489197
1252496,840.6400953415987,500,False,0.010951432751996174,False,0.0038390747136008993,0.35130298137664795
1252528,838.4213728449606,500,False,0.11186864245617151,False,0.003919660574814198,0.38570618629455566
1253248,836.858396372855,500,False,0.08496467844945484,False,0.0039241244653129915,0.5137146711349487
1253824,782.1180757428053,500,False,0.12385865767827813,False,0.0038804578104549973,0.34381988644599915
1254080,826.9193974010442,500,False,0.12952284365149475,False,0.003889775434850411,0.4537886083126068
1255184,740.7136325788796,500,False,0.13347087932827748,False,0.003882650325655586,0.40119481086730957
1255648,823.2573247938976,500,False,0.11387438745241585,False,0.0037354671184403098,0.42485499382019043
1255808,782.8027035304743,500,False,0.09834717376771479,False,0.003706233720866581,0.4068482220172882
1256144,790.4196503822307,500,False,0.07586067533309418,False,0.003734433288639229,0.47260111570358276
1256336,825.5390153899054,500,False,0.11596909430699817,False,0.0038133637426231624,0.3356664180755615
1256464,811.7082466298958,500,False,0.12838845867757281,False,0.0038339885905039586,0.35507333278656006
1257008,788.8239239728226,500,False,0.05328649806093745,False,0.003836873091037436,0.4590253233909607
1257728,799.1102319816899,500,False,0.04987036756540765,False,0.0037490710009381065,0.40267467498779297
1259488,776.4318213990847,500,False,0.11539128342027156,False,0.0036379195385892273,0.33965903520584106
1259552,802.6110202826837,500,False,0.07626684808510187,False,0.0035838695980923954,0.35570406913757324
1259984,841.1572320414742,500,False,0.11506121159911167,False,0.00359026284415361,0.36185023188591003
1260496,768.3347696598504,500,False,0.07937167458864139,False,0.0035852238277968643,0.28968220949172974
1260528,780.214046983431,500,False,0.05426126512447931,False,0.0035411706713853277,0.4406347870826721
1261248,815.4266028358004,500,False,0.08921250228340243,False,0.003547043771615961,0.42128556966781616
1261824,793.5992959662387,500,False,0.09967430315238698,False,0.0036016648718670326,0.3814784288406372
1262080,761.5553919729501,500,False,0.08460492443449143,False,0.00363208536205044,0.3591540455818176
1263184,789.1182673087906,500,False,0.0990413507824338,False,0.0036552657640298606,0.31371617317199707
1263648,792.2779029225541,500,False,0.10903151446689256,False,0.0038202605700197213,0.5074697732925415
1263808,802.2458389724248,500,False,0.08916131315958865,False,0.003852001317450703,0.3319053649902344
1264144,803.9674118128445,500,False,0.05771051531803448,False,0.0038450110824483643,0.42175498604774475
1264336,827.7259667749432,500,False,0.010032935069491846,False,0.003863842599734029,0.3660648465156555
1264464,813.7634859830043,500,False,0.035232304095842326,False,0.003840172116354827,0.4236578345298767
1265008,835.723731372179,500,False,0.08866048160961484,False,0.003825784984405597,0.32709312438964844
1265728,832.3805438082092,500,False,0.1086092578853771,False,0.003776703298572857,0.39045649766921997
1267488,834.5695992712491,500,False,0.11501602980630253,False,0.00375578483310698,0.36790934205055237
1267552,807.6714480106529,500,False,0.08420515728155364,False,0.003825707810224378,0.3007690906524658
1267984,801.962520708221,500,False,0.06119723059504662,False,0.0038308439819542636,0.3894088864326477
1268496,810.5654476683488,500,False,0.08487395019845681,False,0.003865448916048264,0.4352032244205475
1268528,821.210857228178,500,False,0.0898452177981124,False,0.0038453360918511152,0.44116222858428955
1269248,813.8034117290284,500,False,0.11079662294562205,False,0.00383855567384359,0.4228808879852295
1269824,804.6317639514178,500,False,0.082168199091174,False,0.0038393053759857025,0.4049205780029297
1270080,765.5801312541965,500,False,0.057077875275250455,False,0.003870204343943334,0.4114570617675781
1271184,781.4585890156367,500,False,0.09636387073645265,False,0.003872599410545511,0.4577610194683075
1271648,812.6018875712628,500,False,0.08541224589998082,False,0.0036373483453470143,0.3826526403427124
1271808,762.2006348129394,500,False,0.0894707870501554,False,0.0036242429124850994,0.3605263829231262
1272144,820.0724821106418,500,False,0.10043806607277464,False,0.0036529941682140587,0.3544372618198395
1272336,812.4589418142333,500,False,0.10678602369676204,False,0.003703155117013254,0.44073811173439026
1272464,797.4592693654503,500,False,0.09079849222996511,False,0.0037003063494020563,0.3101383447647095
1273008,781.3504522332975,500,False,0.06834336083693428,False,0.0037263879350420332,0.39445382356643677
1273728,819.3612793510698,500,False,0.04287727898937028,False,0.0037843126947465404,0.38695770502090454
1275488,842.5093886908318,500,False,0.10741184642863838,False,0.0037977412385209516,0.41121506690979004
1275552,810.0638206504307,500,False,0.10504844440677384,False,0.003776306721147681,0.5004152655601501
1275984,824.6466054517733,500,False,0.11965443408769438,False,0.0037766449783151737,0.3806305527687073
1276496,819.1730236310066,500,False,0.10431666350713227,False,0.003780047182084729,0.35286745429039
1276528,822.9495393065603,500,False,0.09955518427814501,False,0.003767493404574757,0.40675854682922363
1277248,777.824190760841,500,False,0.039045441558748645,False,0.0037665668027659963,0.434005469083786
1277824,781.683817919868,500,False,0.11245179992198308,False,0.0037757650194822773,0.39298057556152344
1278080,831.3546201794885,500,False,0.0736661055439694,False,0.003758478097628492,0.45290058851242065
1279184,793.7845471498662,500,False,0.11899592194075609,False,0.0037594458334484007,0.39465001225471497
1279648,845.7520255965917,500,False,0.07662009906123259,False,0.003779826513048589,0.3959003686904907
1279808,782.5111440302351,500,False,0.04405120872308097,False,0.003840566936499814,0.4426634907722473
1280144,767.0327043141613,500,False,0.05958497151652334,False,0.0038520209198668253,0.4595758616924286
1280336,762.2123557860718,500,False,0.11055292728171467,False,0.0038957658720379907,0.4476602077484131
1280464,808.9185175829466,500,False,0.07166164884598476,False,0.003900482727006796,0.37941306829452515
1281008,794.4857054849706,500,False,0.04036282691078949,False,0.003919349933851438,0.35050830245018005
1281728,798.5116023926055,500,False,0.11231161259769899,False,0.00393126746352255,0.43507397174835205
1283488,803.059909436448,500,False,0.10002808527142276,False,0.003863300730384526,0.47001397609710693
1283552,799.2842045802872,500,False,0.07020102521301089,False,0.0037656762179719026,0.35296791791915894
1283984,841.8429252481724,500,False,0.10276451411316329,False,0.003754405579563774,0.36253076791763306
1284496,789.6115371798323,500,False,0.07120656905911901,False,0.003777303010073593,0.33692097663879395
1284528,777.7020034271624,500,False,0.09816608949394182,False,0.003761819530193192,0.4639604687690735
1285248,778.8229563406873,500,False,0.09646430684960106,False,0.0037591667683915656,0.34848618507385254
1285824,822.7212484643329,500,False,0.08867406989630919,False,0.0037261361829889574,0.40490996837615967
1286080,794.6203755175202,500,False,0.04772721433005426,False,0.003775364149005921,0.3304554522037506
1287184,845.1058348349521,500,False,0.09190339686191795,False,0.003788622753234697,0.35674673318862915
1287648,815.1240907764333,500,False,0.10974359662742078,False,0.0038606847887893976,0.3861418068408966
1287808,820.6884230198984,500,False,0.08799938750331027,False,0.003957118164746273,0.4119179844856262
1288144,815.8447417541506,500,False,0.09861171446531893,False,0.0039794416500954785,0.4745177626609802
1288336,828.0987495625396,500,False,0.0945890360255634,False,0.003991211170948297,0.30705639719963074
1288464,788.5890023133726,500,False,0.01829894437186336,False,0.0039770553744411675,0.34421658515930176
1289008,815.032111309088,500,False,0.11094307466491979,False,0.00395569610078252,0.41720250248908997
1289728,802.8114606621335,500,False,0.11148320519221128,False,0.00391463776846535,0.3136276602745056
1291488,777.1157587949209,500,False,0.08149800004245539,False,0.0037656373539902413,0.3708116412162781
1291552,797.5781621376619,500,False,0.08146243687807528,False,0.0037438866106919524,0.3315426707267761
1291984,794.4457920706784,500,False,0.08408788871246314,False,0.0037304096870873667,0.3876835107803345
1292496,782.1808601325974,500,False,0.12048108722784949,False,0.003643422311111629,0.3899812698364258
1292528,782.9385083651654,500,False,0.09722798166000184,False,0.0036548819480805355,0.3632217049598694
1293248,821.5236706872661,500,False,0.11479478563089639,False,0.0036547822444410053,0.34510383009910583
1293824,745.0886531781124,500,False,0.1210591021927361,False,0.0037035156164954104,0.3337801694869995
1294080,846.1439292049224,500,False,0.04176313077408693,False,0.003728790025817681,0.5503129959106445
1295184,798.1075247737435,500,False,0.06559168434758492,False,0.0037777128637701786,0.36365965008735657
1295648,786.4446601303988,500,False,0.041018500212035985,False,0.003819959314176753,0.4866858422756195
1295808,802.7642288157172,500,False,0.05461289474536643,False,0.0039051991369813076,0.5129718780517578
1296144,773.6727812061163,500,False,0.11086974537601622,False,0.003899597952570826,0.33197450637817383
1296336,780.3111239160047,500,False,0.12412835610120534,False,0.00386026517186777,0.37011033296585083
1296464,802.2040384985812,500,False,0.11614671019246994,False,0.003880859592659274,0.3692217171192169
1297008,790.1465998223279,500,False,0.07508586114258343,False,0.0038996429860705404,0.3261036276817322
1297728,772.2786434494426,500,False,0.12438855418948795,False,0.003941050932397509,0.3768199682235718
1299488,821.3775693067251,500,False,0.08286229681404182,False,0.003919676364202339,0.29612356424331665
1299552,780.9760100171719,500,False,0.11478971282323486,False,0.004177020051062778,0.4010693430900574
1299984,828.8138508461996,500,False,0.1482553322793306,False,0.004187312066055082,0.4004199802875519
1300496,776.6662983881458,500,False,0.08174519331213122,False,0.004183079088257845,0.3784458041191101
1300528,852.0507622458431,500,False,0.1172633456533819,False,0.004158800815531129,0.372317373752594
1301248,792.7479989955706,500,False,0.06320181476326775,False,0.004154885879477164,0.400912880897522
1301824,813.257698459419,500,False,0.07886590254493271,False,0.0040644012792092205,0.3303074240684509
1302080,839.4272384253603,500,False,0.1296866742187902,False,0.003874495162539131,0.3211395740509033
1303184,789.2385821683507,500,False,0.07226312891371114,False,0.0038104446890660114,0.42604705691337585
1303648,822.7705645435442,500,False,0.05064046383628016,False,0.003830845762567055,0.440940260887146
1303808,756.7163884430347,500,False,0.10717859671204837,False,0.0038041261897027536,0.2688522934913635
1304144,784.7194157200976,500,False,0.11850213750806524,False,0.003823983440097097,0.34068822860717773
1304336,739.2974167526332,500,False,0.10052090832326825,False,0.0038176989562566767,0.3851127028465271
1304464,769.8905782008725,500,False,0.19115643786840145,False,0.003872245052741905,0.4161607027053833
1305008,738.0173316675726,500,False,0.18618348475277172,False,0.003911928476592433,0.36835986375808716
1305728,767.5355657696462,500,False,0.09939653891546005,False,0.004050354925120156,0.4364214539527893
1307488,789.0777241289055,500,False,0.031704377137467904,False,0.004009694288121563,0.3855781555175781
1307552,815.2698184178756,500,False,0.034689588904644075,False,0.003825433335596451,0.32380229234695435
1307984,719.2810508888778,500,False,0.06152527307353144,False,0.0038270977437273737,0.37584829330444336
1308496,778.2467767645304,500,False,0.04853124918533116,False,0.0038992180096491234,0.4550012946128845
1308528,746.7735875658398,500,False,0.11945049964439541,False,0.00398228360480226,0.3700017035007477
1309248,796.7435363281194,500,False,0.03146927848353635,False,0.00398480517313968,0.35876280069351196
1309824,853.8931981157205,500,False,0.025016618438334394,False,0.004034903785725753,0.3571360409259796
1310080,819.2863853615953,500,False,0.04261926437282145,False,0.00404866931137528,0.4618423581123352
1311184,803.1342618900461,500,False,0.06661821579629672,False,0.004040620506174356,0.4266040325164795
1311648,815.0575920829294,500,False,0.07663096540989205,False,0.004090927999064307,0.37116652727127075
1311808,851.7308476627537,500,False,0.054173369993351775,False,0.004079995889671703,0.3750079572200775
1312144,786.8844938897826,500,False,0.06714717680562911,False,0.00409505273016459,0.39231956005096436
1312336,807.341633756354,500,False,0.09425949558050195,False,0.004096678159971902,0.44763603806495667
1312464,836.7492991918673,500,False,0.0805388354267758,False,0.004087644719130174,0.35114818811416626
1313008,811.8635029905522,500,False,0.06133097341075522,False,0.004085305280874939,0.41618186235427856
1313728,822.4110364484932,500,False,0.045900896833454365,False,0.004107854252385619,0.3501259982585907
1315488,840.9409226672058,500,False,0.0676224514941791,False,0.004055482401140043,0.32920974493026733
1315552,804.8445929031291,500,False,0.018915465944168243,False,0.0038715081931984642,0.3349103033542633
1315984,815.4584482170997,500,False,0.07992308991261456,False,0.0038719691576801826,0.3751024603843689
1316496,802.5988528386856,500,False,0.05753340109647761,False,0.003790272786555643,0.3516863286495209
1316528,801.2382471505092,500,False,0.04831061317932983,False,0.0038179665502672774,0.32092350721359253
1317248,810.6543619053042,500,False,0.06403440888326377,False,0.0038173819600278145,0.2975447177886963
1317824,840.3214057422232,500,False,0.06664861127921975,False,0.003840897713716045,0.4047815799713135
1318080,807.9976614169366,500,False,0.05703764494761112,False,0.003733491015842335,0.37434783577919006
1319184,745.2647111645973,500,False,0.1388172129012424,False,0.003781417585995446,0.37853801250457764
1319648,793.9658818073051,500,False,0.10000018942424996,False,0.0038235809384618647,0.33644646406173706
1319808,779.3869090997606,500,False,0.12177148008883751,False,0.003842829679647621,0.3649507462978363
1320144,763.4320843360863,500,False,0.09554743636959943,False,0.003820597655804308,0.36427944898605347
1320336,852.9505849631537,500,False,0.11148194712183924,False,0.0038251487220030966,0.2998322546482086
1320464,732.688505688391,500,False,0.12903998055160049,False,0.003894294497859851,0.3655834197998047
1321008,789.9984517653496,500,False,0.10906728411008053,False,0.003926644411398043,0.32960933446884155
1321728,800.2831665374113,500,False,0.14404896756281269,False,0.0038999152831745722,0.4512482285499573
1323488,764.7339794509103,500,False,0.14451804494263382,False,0.0038105026898115364,0.3122829794883728
1323552,765.5049028061411,500,False,0.12128850798626259,False,0.0037003507251582115,0.44465649127960205
1323984,742.7750113584796,500,False,0.13324201363934035,False,0.0037076072889771763,0.2988583445549011
1324496,745.9756213765371,500,False,0.17855334241495974,False,0.003750346475628095,0.4928396940231323
1324528,792.439213346597,500,False,0.18232858853838552,False,0.0035889967713570647,0.4235531985759735
1325248,784.7390703898285,500,False,0.1255925381150697,False,0.0035871194741909445,0.35677677392959595
1325824,798.3567187794938,500,False,0.125887937166722,False,0.003571935482968888,0.36406466364860535
1326080,733.7847790290152,500,False,0.15585933487985995,False,0.0037036373081947346,0.35492008924484253
1327184,757.181268578423,500,False,0.10473612602128667,False,0.0037015143325790697,0.36110371351242065
1327648,743.478494483722,500,False,0.1493278237166766,False,0.0038378885930279117,0.37276238203048706
1327808,786.7676623255109,500,False,0.12916176706968793,False,0.003910058179497057,0.379921019077301
1328144,772.9652037519863,500,False,0.11444379637195465,False,0.003926425806802453,0.45005810260772705
1328336,729.388674959362,500,False,0.14398258104207873,False,0.003947669006095392,0.38348400592803955
1328464,727.8913146125446,500,False,0.13047765126407404,False,0.003931119820309414,0.3609234094619751
1329008,717.5895837514196,500,False,0.10247875516554893,False,0.003920989661646833,0.3442334532737732
1329728,781.761129027469,500,False,0.11786834346412378,False,0.003882872159434816,0.4082031846046448
1331488,797.7128825832609,500,False,0.1373351335053751,False,0.003979876090760158,0.347583532333374
1331552,819.1633272463795,500,False,0.05244164473835641,False,0.004009364399546552,0.41803914308547974
1331984,815.0053420373836,500,False,0.0651804033511302,False,0.004007611867826639,0.33436012268066406
1332496,787.876352098939,500,False,0.13550595105761623,False,0.00393777020621203,0.38034147024154663
1332528,857.3473202993006,500,False,0.14382546844187988,False,0.003949999946614435,0.34595388174057007
1333248,774.8002872767773,500,False,0.15166800176359502,False,0.003949007425488955,0.39635390043258667
1333824,878.9220101023084,500,False,0.17264681457846792,False,0.0038696027293979233,0.414003849029541
1334080,839.0249440768264,500,False,0.14045662595677644,False,0.0038917063403215483,0.3229902982711792
1335184,736.26027169055,500,False,0.13427996755471672,False,0.003890559112609581,0.34777772426605225
1335648,795.114946975284,500,False,0.08586661660309401,False,0.004046520141628482,0.3632364869117737
1335808,780.5040148128195,500,False,0.0681288320020101,False,0.004083401037329098,0.37932637333869934
1336144,730.7337225126583,500,False,0.0869100698185365,False,0.0041483299105533455,0.35688143968582153
1336336,809.6611325661544,500,False,0.03134305415963845,False,0.004244042919157421,0.4149550199508667
1336464,797.8714038362917,500,False,0.040565256387882644,False,0.00426290518819961,0.3110044002532959
1337008,766.2676651025857,500,False,0.0507868507560875,False,0.004277983568435644,0.39661604166030884
1337728,740.1806852477727,500,False,0.09972584918101007,False,0.004224414648103711,0.30552518367767334
1339488,796.6102054208719,500,False,0.06712876748447945,False,0.0040106971151759405,0.36557745933532715
1339552,822.6581735949921,500,False,0.03734465427724969,False,0.004081737038439237,0.44361743330955505
1339984,785.4289445147917,500,False,0.01758777813608198,False,0.00407113234055513,0.396601140499115
1340496,819.6871599195117,500,False,0.04718276249995999,False,0.004106891462643251,0.3283802270889282
1340528,865.9658826375684,500,False,0.06266565966944723,False,0.004176193393692237,0.35968267917633057
1341248,819.9649214744081,500,False,0.03485653043605803,False,0.00417927216318069,0.4541638195514679
1341824,808.5878773861187,500,False,0.09064473249163157,False,0.004314644766959761,0.3624078035354614
1342080,867.6269676201754,500,False,0.11965398345736274,False,0.004268114383877742,0.41470712423324585
1343184,837.9191299297337,500,False,0.08850097483418298,False,0.004299747714742396,0.4312579035758972
1343648,801.132134627883,500,False,0.0636239642454594,False,0.004336203819730316,0.3841060400009155
1343808,829.4852880391243,500,False,0.12827951695411452,False,0.004354128359254779,0.3153941333293915
1344144,856.1700412969931,500,False,0.08118567162174199,False,0.004337732885941662,0.4669194221496582
1344336,797.2154772956336,500,False,0.10066313154952283,False,0.0043014843241316585,0.35772863030433655
1344464,855.5375183725452,500,False,0.11787226177695068,False,0.004310335085128125,0.4845024347305298
1345008,826.404358396744,500,False,0.12969045218079026,False,0.004335486838598861,0.39825117588043213
1345728,787.3010566559332,500,False,0.05701151156536465,False,0.004322040714704721,0.40137502551078796
1347488,814.9779447291942,500,False,0.13171108838103052,False,0.004244427189440265,0.44251689314842224
1347552,780.0430367491132,500,False,0.13287975043421107,False,0.004293730343061448,0.37687429785728455
1347984,774.1680455586337,500,False,0.10146253089256005,False,0.0043040892804097905,0.3143303394317627
1348496,796.0255433677993,500,False,0.08353159519989972,False,0.004394819570050171,0.38687652349472046
1348528,796.0873128942633,500,False,0.06045943558209189,False,0.004444186148640019,0.3757375180721283
1349248,812.7078668155449,500,False,0.023872531840447336,False,0.004440565014184678,0.3977188467979431
1349824,787.9429343831503,500,False,0.06519648401426081,False,0.004315785237493081,0.34466755390167236
1350080,790.5566645044795,500,False,0.07948041745618581,False,0.004208718665280013,0.38142770528793335
1351184,817.7101337449695,500,False,0.01984779538699789,False,0.004192297562134947,0.33623409271240234
1351648,833.0902507649752,500,False,0.08410914080439234,False,0.004114127034409294,0.4414740800857544
1351808,803.1440157410602,500,False,0.06688306306407872,False,0.004173110120891087,0.4234786629676819
1352144,815.9629114280399,500,False,0.07324421235889793,False,0.004170838209186016,0.3196071684360504
1352336,799.8429620811637,500,False,0.0635079843405354,False,0.004086182723024412,0.34688252210617065
1352464,847.3518690676534,500,False,0.06419079091970828,False,0.0040717094008134004,0.3764045834541321
1353008,794.3492874219994,500,False,0.040299783864920814,False,0.0040767717911943035,0.35988128185272217
1353728,815.3590733974762,500,False,0.10053098923507728,False,0.004146326488406458,0.4568341076374054
1355488,788.2614806796417,500,False,0.09386510244233934,False,0.00413113580696632,0.3914451003074646
1355552,814.1170433611928,500,False,0.08376249338169835,False,0.004005371422933466,0.48107481002807617
1355984,879.4579474946233,500,False,0.08367632680642219,False,0.004007682432000544,0.3789648711681366
1356496,793.517115680889,500,False,0.14029934949612824,False,0.004009955667475699,0.2873154282569885
1356528,816.3582392504129,500,False,0.13790177904300047,False,0.004013763579720045,0.3229631185531616
1357248,812.567117650145,500,False,0.1313380556263936,False,0.004009728709005679,0.38695263862609863
1357824,815.3868048802044,500,False,0.12219122186482549,False,0.003937529943372286,0.32469725608825684
1358080,782.63805591098,500,False,0.11760340896468166,False,0.003962917022187026,0.36479973793029785
1359184,793.1582578671371,500,False,0.08741555698959445,False,0.003969524769569255,0.3578850030899048
1359648,783.090785112844,500,False,0.10265846012893297,False,0.004049238591994875,0.36955201625823975
1359808,783.3579891095991,500,False,0.096717145321911,False,0.004014916254125792,0.3769015967845917
1360144,777.3600589443897,500,False,0.0875676158645107,False,0.004026515901794335,0.39970076084136963
1360336,830.0446132115923,500,False,0.0793673505133794,False,0.0040573729081476145,0.3686521053314209
1360464,806.2470225238911,500,False,0.11104769435231651,False,0.004076994952239081,0.3771713972091675
1361008,842.5263756705497,500,False,0.10249211466588236,False,0.0040726639766871485,0.41699594259262085
1361728,794.9131071620085,500,False,0.07310634196162992,False,0.004069873690461887,0.3115774095058441
1363488,777.4355974254952,500,False,0.0358972409683319,False,0.004170607181815798,0.3805757164955139
1363552,766.0167147086614,500,False,0.05445308654619547,False,0.0041131604518759995,0.34925520420074463
1363984,840.4746140977977,500,False,0.08850962613403589,False,0.004127215605491357,0.48257821798324585
1364496,784.392864251706,500,False,0.10120685624545137,False,0.004233519925482185,0.38437092304229736
1364528,766.211530307726,500,False,0.10347578833790168,False,0.004271494450979131,0.4465476870536804
1365248,820.4105908399772,500,False,0.10853682205097352,False,0.004277167836867928,0.3015691041946411
1365824,816.5180003321598,500,False,0.09514330884036257,False,0.004286885469295085,0.39081376791000366
1366080,831.6469362534372,500,False,0.08572261939267291,False,0.004336082115927516,0.45700472593307495
1367184,838.100499923211,500,False,0.06485954878911113,False,0.004317970017408739,0.31364548206329346
1367648,823.7992930282157,500,False,0.08481286761091708,False,0.004123892497473707,0.39808958768844604
1367808,766.9616401680845,500,False,0.054533350137865505,False,0.004189893356093801,0.3403812646865845
1368144,800.7820436149417,500,False,0.09112639955666753,False,0.004228980494604876,0.3503454923629761
1368336,776.778126380086,500,False,0.11261520942145796,False,0.004255772875358371,0.3897845149040222
1368464,834.6232702309879,500,False,0.04795028401357487,False,0.004269177894415262,0.347699373960495
1369008,776.8081623557005,500,False,0.1357374057900736,False,0.0042982452021720465,0.4617995619773865
1369728,763.2603548610579,500,False,0.13946352061266631,False,0.004358513098499001,0.29010894894599915
1371488,797.3724344182357,500,False,0.0955313020992682,False,0.004333543583592287,0.4017154574394226
1371552,775.6199868437028,500,False,0.09449762437236611,False,0.0040229291846104395,0.36742299795150757
1371984,809.743719793728,500,False,0.08821800005269613,False,0.004018079425461391,0.3287590742111206
1372496,809.9803935459423,500,False,0.10013217489886878,False,0.00395184436090851,0.4944544732570648
1372528,752.337652504182,500,False,0.09189960690143152,False,0.0038443435645705215,0.4434669613838196
1373248,793.3462955313823,500,False,0.11751892433284473,False,0.003837444209459066,0.32461512088775635
1373824,801.4037448091209,500,False,0.1369706791842376,False,0.0038827838374727924,0.39698976278305054
1374080,800.3983023754095,500,False,0.1196403707587613,False,0.0039028026497122496,0.43503671884536743
1375184,784.686691667274,500,False,0.10091836808550833,False,0.003940123851732437,0.35336294770240784
1375648,757.189998677268,500,False,0.12316493470030139,False,0.003978029770151386,0.48518094420433044
1375808,775.5662475819465,500,False,0.11799071288147188,False,0.0040423116877885395,0.45281487703323364
1376144,764.945681205028,500,False,0.12485700948488712,False,0.004045479614552788,0.41292107105255127
1376336,824.1194818783904,500,False,0.10472640443321889,False,0.004002225932123474,0.45887985825538635
1376464,800.2021614067193,500,False,0.1147237998095796,False,0.003972835667458832,0.3558001220226288
1377008,812.7459582547305,500,False,0.05920062582700648,False,0.00395255967578721,0.30712801218032837
1377728,798.6290811572926,500,False,0.0804783832221589,False,0.003978544044418861,0.41841912269592285
1379488,787.1188003920408,500,False,0.10434898714907238,False,0.003975138644581512,0.38567307591438293
1379552,815.9173689582391,500,False,0.10195991205067992,False,0.0041117214412260085,0.4171588718891144
1379984,795.8967848197549,500,False,0.07834768435892221,False,0.0041285417306717595,0.3678140640258789
1380496,804.6196515405652,500,False,0.10198135197935149,False,0.004236920140204879,0.3118550479412079
1380528,784.3655742646484,500,False,0.08528547697325341,False,0.004233756104986658,0.33771368861198425
1381248,750.9172274046674,500,False,0.13151134135408135,False,0.004233628914081303,0.390274316072464
1381824,832.1962325066445,500,False,0.09945700060815824,False,0.00420059959771742,0.36030668020248413
1382080,780.6745847288486,500,False,0.10697046467317016,False,0.00416262828234825,0.31280696392059326
1383184,796.6400270355806,500,False,0.06565604196563336,False,0.004186150147704596,0.32691624760627747
1383648,828.0703298864886,500,False,0.0853703178739047,False,0.004157295880234943,0.35827672481536865
1383808,832.3656419918581,500,False,0.08165920576240271,False,0.00410935020806624,0.3493114113807678
1384144,805.4506043243888,500,False,0.08742618441677151,False,0.00409416202247508,0.36905935406684875
1384336,753.7924438600436,500,False,0.0737298200642544,False,0.004132862309900288,0.3554965853691101
1384464,810.598137410999,500,False,0.06451135026598422,False,0.004161716634552502,0.45198336243629456
1385008,838.6000699265059,500,False,0.05452269403381573,False,0.004162890490962444,0.37324970960617065
1385728,825.7476418561563,500,False,0.068058154991809,False,0.004152595694458073,0.27622899413108826
1387488,809.3603901249794,500,False,0.02541074766251513,False,0.004256658552823426,0.3467903137207031
1387552,777.3523071182574,500,False,0.028155383922770685,False,0.0041310619641759675,0.49342793226242065
1387984,780.8283901339755,500,False,0.06901185552430407,False,0.0041343421951204155,0.42048996686935425
1388496,821.1768264055178,500,False,0.08786243988533286,False,0.004101621687689914,0.3941493034362793
1388528,747.5804266411124,500,False,0.07778678478048681,False,0.0040380912088864565,0.39218348264694214
1389248,766.8801163530815,500,False,0.07641033373807875,False,0.004032508926331726,0.3874484896659851
1389824,816.2305162166576,500,False,0.09206205752566536,False,0.003970162578398229,0.3429952561855316
1390080,798.5434547313524,500,False,0.09654575140267795,False,0.003992472719517028,0.36396220326423645
1391184,780.278988325392,500,False,0.07974323626880643,False,0.004004540219705279,0.3837503492832184
1391648,803.6531792935501,500,False,0.09416240675520571,False,0.004047064001994258,0.4115961194038391
1391808,794.9467269886422,500,False,0.10192568382688565,False,0.004067373319591607,0.3410209119319916
1392144,825.3764358053896,500,False,0.0951957827934443,False,0.004082799082617829,0.3841847777366638
1392336,827.4524378733131,500,False,0.09212604779364478,False,0.00410494413950784,0.44593489170074463
1392464,798.6166192321365,500,False,0.0891163248577626,False,0.004153301817151797,0.3483928442001343
1393008,803.5937725660823,500,False,0.10950835289319244,False,0.00422186123956693,0.4054998457431793
1393728,740.0408388617848,500,False,0.1336473670390632,False,0.00441940801231575,0.3693396747112274
1395488,805.6085261442437,500,False,0.07357043827815524,False,0.004443766673985556,0.437100350856781
1395552,769.3719881365165,500,False,0.08607965051693747,False,0.004316745675098283,0.3318197727203369
1395984,810.3217389922526,500,False,0.07939898427820406,False,0.004306781646626996,0.3803475499153137
1396496,787.1445362252338,500,False,0.09449220140183404,False,0.004323964826392153,0.30764836072921753
1396528,795.080071756564,500,False,0.09411288527785049,False,0.004301370886990974,0.41451650857925415
1397248,829.3972396988405,500,False,0.07948030667132652,False,0.0043020980786737445,0.3539547920227051
1397824,773.1375351482491,500,False,0.0998495344639131,False,0.004242505334595578,0.378704309463501
1398080,839.2345955440509,500,False,0.07935781487633818,False,0.004147111287277782,0.36261945962905884
1399184,794.8956559238492,500,False,0.09312513216444533,False,0.004169794985445856,0.35254383087158203
1399648,814.3819132440644,500,False,0.033312017648601235,False,0.004195126819027036,0.31836435198783875
1399808,780.263229307125,500,False,0.06811872204973297,False,0.0042311321297463355,0.31901663541793823
1400144,849.1508789812541,500,False,0.08247429398976765,False,0.0042065752833792035,0.364798367023468
1400336,825.5330258338995,500,False,0.08320347922138276,False,0.004205613824672949,0.376924991607666
1400464,804.1990655174859,500,False,0.06997285400392375,False,0.004206974264976291,0.3136899173259735
1401008,802.1894262749647,500,False,0.08161964713136936,False,0.004180332394037529,0.4296931326389313
1401728,816.6280151836594,500,False,0.047097814372623746,False,0.004157360779944188,0.37824732065200806
1403488,817.5377689461787,500,False,0.09518918800134166,False,0.004076250421545207,0.3640502691268921
1403552,792.9414910799335,500,False,0.09519875155287241,False,0.004187835482742783,0.3083072304725647
1403984,831.3651063859425,500,False,0.05529888902444764,False,0.004205989963233218,0.3847096562385559
1404496,837.863161976514,500,False,0.07881817396921224,False,0.0042672173794149745,0.29685965180397034
1404528,809.0883951251203,500,False,0.09329485992181809,False,0.004217944310882548,0.34169137477874756
1405248,787.305146912063,500,False,0.05341280279931627,False,0.004213408601010704,0.3629041910171509
1405824,816.8266823517503,500,False,0.06945428219331702,False,0.004262312292365275,0.3154534697532654
1406080,813.9168919820332,500,False,0.029563524513666117,False,0.00432386379011762,0.34770241379737854
1407184,833.0896358694667,500,False,0.03858805887150938,False,0.004342903497348275,0.35897547006607056
1407648,808.4980889152502,500,False,0.10402705976008636,False,0.004388491054196665,0.2914254665374756
1407808,795.3131716717427,500,False,0.09938967849427285,False,0.004432090837862757,0.32391348481178284
1408144,765.8950570469855,500,False,0.08593524596202902,False,0.00443810416728223,0.3625034987926483
1408336,776.1286465992785,500,False,0.06730564429247674,False,0.00445228694273635,0.4392404556274414
1408464,842.1278537730901,500,False,0.08775433316981886,False,0.004379486670270981,0.3747826814651489
1409008,804.1061978229969,500,False,0.09480278999140966,False,0.004371620975213383,0.3812793493270874
1409728,798.8249748033122,500,False,0.06979118578127891,False,0.004406843954977821,0.4072818160057068
1411488,819.8072403202914,500,False,0.07526170904735086,False,0.004383410946563243,0.3574368357658386
1411552,862.3449521728172,500,False,0.09447267150932473,False,0.004222082242354373,0.3847585916519165
1411984,838.7699159914456,500,False,0.054896837671221894,False,0.004223683281734001,0.3510435223579407
1412496,787.1267101464587,500,False,0.078072503226088,False,0.004234790776784221,0.356145977973938
1412528,823.272773398748,500,False,0.04917627849433949,False,0.004289417847028755,0.4179275929927826
1413248,784.1214707194398,500,False,0.09199216106276356,False,0.004287202816740873,0.3707636296749115
1413824,862.6649522054748,500,False,0.062255773157110415,False,0.004296173822450688,0.37584948539733887
1414080,811.4145541738048,500,False,0.04291496366943298,False,0.004262435816069207,0.4002299904823303
1415184,783.3660472601414,500,False,0.07040870147899314,False,0.004300192846394718,0.48289793729782104
1415648,826.254283370603,500,False,0.0732214195093101,False,0.004275525112201496,0.41328713297843933
1415808,807.0964688922464,500,False,0.0900231396388927,False,0.004247645003315749,0.4390578269958496
1416144,832.23330470075,500,False,0.04558644568080317,False,0.00424940711274252,0.34933215379714966
1416336,818.9350762711208,500,False,0.052713992638943864,False,0.004299218240135525,0.29417866468429565
1416464,850.9382068898809,500,False,0.06375827636613625,False,0.0043229465276976384,0.3159780502319336
1417008,817.4147654401257,500,False,0.08965207008583823,False,0.004336788200146816,0.30978822708129883
1417728,801.1537078885112,500,False,0.07374051845896022,False,0.00425657963045054,0.38024553656578064
1419488,809.3965210470807,500,False,0.08674918497079243,False,0.004148535822593941,0.36001795530319214
1419552,796.9950162896778,500,False,0.06597624821784386,False,0.004171755318051025,0.40434905886650085
1419984,844.5105873652179,500,False,0.11612487556859379,False,0.004172182130153009,0.3641810715198517
1420496,795.4509594144336,500,False,0.1124011816902068,False,0.004160839408608898,0.33395320177078247
1420528,781.0624854459788,500,False,0.10461418928098112,False,0.004236770181152283,0.3760201334953308
1421248,803.6756128711106,500,False,0.14178438265904464,False,0.004248294457389373,0.3691646456718445
1421824,766.253076627122,500,False,0.1024497589387786,False,0.004266974734000575,0.41422057151794434
1422080,832.0624453897424,500,False,0.10513677783951908,False,0.004285922559146714,0.43375664949417114
1423184,813.4878003187702,500,False,0.10481916752752818,False,0.004289592770527606,0.41288402676582336
1423648,757.8819580641132,500,False,0.12442636317294403,False,0.004228687311250798,0.4124610424041748
1423808,760.4857340599151,500,False,0.12234553062645702,False,0.004255960809311772,0.3512144386768341
1424144,781.3157343956733,500,False,0.10216171884883825,False,0.004247979174771882,0.3161419630050659
1424336,752.4112772594739,500,False,0.09208884723087946,False,0.004163479592934834,0.3802216053009033
1424464,775.2172222247154,500,False,0.0791750469810582,False,0.004138682139916517,0.4539725184440613
1425008,786.0831267552949,500,False,0.08493708612529269,False,0.004130907368506973,0.31725841760635376
1425728,777.8316754097712,500,False,0.0869002114602726,False,0.00405200220977786,0.35235077142715454
1427488,788.7398130989006,500,False,0.07006610843335143,False,0.004003710798753945,0.3232780396938324
1427552,801.285158724967,500,False,0.07248306975825854,False,0.004206047418097155,0.3755708932876587
1427984,810.0354816008688,500,False,0.0524496075167402,False,0.00419668136043045,0.39380326867103577
1428496,787.3059712114681,500,False,0.05147390320389234,False,0.0042399333770339045,0.38442355394363403
1428528,805.693118194183,500,False,0.07809123203775349,False,0.004278856322172047,0.3857663869857788
1429248,816.8058798586684,500,False,0.07834097167716422,False,0.0042853856752906325,0.3097868859767914
1429824,817.0707507961537,500,False,0.11563539586404617,False,0.004310503255883016,0.3132247030735016
1430080,783.7773580284537,500,False,0.05272649659140913,False,0.00427262097760317,0.37630078196525574
1431184,809.3838519772356,500,False,0.06071265355102662,False,0.004220764544931157,0.31874343752861023
1431648,806.6228208023662,500,False,0.10885208972106325,False,0.004160420739948752,0.35828882455825806
1431808,783.0762338284824,500,False,0.10333692474468238,False,0.004271254195492362,0.3811640739440918
1432144,813.1628549729087,500,False,0.0770923087193341,False,0.004321917958769904,0.34427857398986816
1432336,786.8742349594329,500,False,0.10458482378584764,False,0.004333438708669665,0.4055720567703247
1432464,816.7511538586584,500,False,0.08323652975881989,False,0.004297027818603077,0.40335822105407715
1433008,806.7242067375918,500,False,0.08461553952667031,False,0.0042811050854718894,0.3622363209724426
1433728,793.4253509725993,500,False,0.01677718436144851,False,0.004218898402326821,0.37725943326950073
1435488,793.1626308073115,500,False,0.04581360390285951,False,0.004221332481828783,0.4048047661781311
1435552,809.2010808036271,500,False,0.060401960375347556,False,0.004160723704359049,0.4337385892868042
1435984,816.836731147277,500,False,0.06998342255431438,False,0.004163505245276512,0.2913706302642822
1436496,808.3530096572769,500,False,0.08389771294275437,False,0.004108427800206188,0.3863937556743622
1436528,802.3541579002101,500,False,0.13278854863061937,False,0.004093734864752606,0.3405943214893341
1437248,786.0886587344106,500,False,0.01962654484826762,False,0.004097867995294234,0.3403211236000061
1437824,808.7716695407854,500,False,0.0817639995900842,False,0.00421107218132309,0.44279634952545166
1438080,833.3951338901915,500,False,0.06781930698894276,False,0.004341931702497541,0.3047417402267456
1439184,779.8914663381394,500,False,0.03355749433189787,False,0.004472344858785444,0.3601979613304138
1439648,778.6540826993746,500,False,0.10181363310369212,False,0.004483729536837456,0.3484732508659363
1439808,802.7420244202813,500,False,0.016669184507289,False,0.004430040683558365,0.3170124590396881
1440144,867.9207225340664,500,False,0.1562536229680795,False,0.004382864085717942,0.3784574270248413
1440336,831.2206707354062,500,False,0.10531098546493695,False,0.0043091997724769284,0.3065212070941925
1440464,793.0797147014713,500,False,0.08913482069425982,False,0.004280805181528755,0.3816235065460205
1441008,825.596607389673,500,False,0.02070040889789382,False,0.004275528992086733,0.382659375667572
1441728,817.2672742842993,500,False,0.0686198981022062,False,0.004183595575063119,0.37796902656555176
1443488,785.8779440182507,500,False,0.05261445568457006,False,0.004178489190088878,0.3408682346343994
1443552,802.3046317933017,500,False,0.025397378071162928,False,0.004122333049462635,0.5075187087059021
1443984,802.910156260074,500,False,0.05238184717111891,False,0.00412173268463968,0.4337032437324524
1444496,844.235198908884,500,False,0.0910556145197832,False,0.004084214259954074,0.38137638568878174
1444528,815.004139640554,500,False,0.04319526723591893,False,0.003994938338821692,0.3315243721008301
1445248,808.2640504658938,500,False,0.06518320250964985,False,0.003992038144006889,0.3608245253562927
1445824,795.3498757424829,500,False,0.09926899038226454,False,0.003837017472496949,0.39148786664009094
1446080,810.0989812033808,500,False,0.06427685912109694,False,0.00389253402145744,0.398176372051239
1447184,806.0585227727173,500,False,0.0799581357195425,False,0.00392024866822564,0.3177453279495239
1447648,789.4888531770404,500,False,0.07507425624553705,False,0.004128221449518338,0.3947548270225525
1447808,780.6972360142425,500,False,0.0735325782189451,False,0.004111153538723834,0.40143799781799316
1448144,824.6714010952046,500,False,0.10108167772754509,False,0.004112159863655788,0.4018881320953369
1448336,813.4178070292929,500,False,0.10469453424102033,False,0.0041098046439525,0.4050491452217102
1448464,847.0730518674538,500,False,0.1013350686771784,False,0.004139636765687422,0.3663766384124756
1449008,828.6439641694483,500,False,0.11650737836619922,False,0.004130412788449138,0.37999865412712097
1449728,793.9338209200097,500,False,0.09147868288713679,False,0.004076654871340856,0.37499144673347473
1451488,823.1210325227462,500,False,0.0876013807581161,False,0.004020706188426124,0.3308418393135071
1451552,810.1494851689807,500,False,0.0895091622363588,False,0.003925234538613006,0.4072440266609192
1451984,814.9908118486536,500,False,0.11671350110485948,False,0.003930624431313657,0.32707688212394714
1452496,818.3227877126569,500,False,0.06142881969865278,False,0.004025088759124963,0.31547659635543823
1452528,818.9604017411124,500,False,0.05937740379673842,False,0.004146219918682407,0.38391613960266113
1453248,771.8576439546099,500,False,0.08158198147582607,False,0.0041418160605861745,0.3141167461872101
1453824,792.0984498752433,500,False,0.08836005048661524,False,0.00418890358432882,0.29144486784935
1454080,774.0936796316979,500,False,0.058692420428179196,False,0.004193444724393557,0.3700748682022095
1455184,806.3309985169966,500,False,0.0759626381649768,False,0.004179277825990343,0.28424447774887085
1455648,851.4037218986454,500,False,0.014211006467235754,False,0.004123687869525009,0.34487131237983704
1455808,769.2531864430209,500,False,0.07813983393464319,False,0.0041628015440538756,0.3666445016860962
1456144,809.3517142485657,500,False,0.06274767676657696,False,0.004180540313496613,0.419943243265152
1456336,792.4154745302366,500,False,0.07560948654723675,False,0.004157833348120441,0.3996254503726959
1456464,815.1538801826777,500,False,0.06853724031919502,False,0.004162400918443931,0.3092467188835144
1457008,819.8547464395346,500,False,0.05342059870204596,False,0.004156492333889418,0.32839515805244446
1457728,846.5238825763582,500,False,0.05047869726831382,False,0.004190265869919767,0.34070026874542236
1459488,851.0568520726171,500,False,0.06940696324326613,False,0.004215804566606619,0.2929859459400177
1459552,800.6695185603876,500,False,0.06639147543449858,False,0.004248108544203057,0.39519932866096497
1459984,804.6603009698473,500,False,0.0767906125747811,False,0.004258096114438819,0.4433506727218628
1460496,814.0538391864379,500,False,0.11708778198371893,False,0.00431845685305454,0.3661498427391052
1460528,850.0644329333346,500,False,0.13245982266011477,False,0.004280218490762375,0.34187474846839905
1461248,827.61699257693,500,False,0.06424896297440673,False,0.004275274743029028,0.3723698556423187
1461824,824.238490906882,500,False,0.0820151293675199,False,0.004223324233156146,0.4011828303337097
1462080,810.1808148036996,500,False,0.07096989598226268,False,0.004305569537752423,0.35766735672950745
1463184,814.5042305359539,500,False,0.055169667141785346,False,0.0042666023400121334,0.3195266127586365
1463648,852.1163185712119,500,False,0.07574981589377959,False,0.0042600025486493436,0.3828812837600708
1463808,812.933900987495,500,False,0.09089693975418432,False,0.004248435579068295,0.3829260468482971
1464144,847.4079031138226,500,False,0.06896335073074382,False,0.004303855419133325,0.2895798683166504
1464336,754.7167940727334,500,False,0.08864582373912505,False,0.004345751043860137,0.31743770837783813
1464464,801.742837655221,500,False,0.1106231092471958,False,0.004354334441558991,0.3493620753288269
1465008,802.4291527492647,500,False,0.11837582945844428,False,0.00433937779982864,0.3061464726924896
1465728,839.027032118497,500,False,0.06494306295431111,False,0.004250755521311832,0.4278453588485718
1467488,798.8506803318883,500,False,0.11112321461397717,False,0.004234291544542259,0.3438754975795746
1467552,795.1427966144232,500,False,0.1320508088838733,False,0.004043647701030847,0.2811608910560608
1467984,781.0496658711849,500,False,0.06498529013617318,False,0.004050075179350216,0.36127912998199463
1468496,776.3839848245012,500,False,0.053779441152869485,False,0.0040463376386769365,0.3928540349006653
1468528,805.5428444168055,500,False,0.036822455665632435,False,0.004010699385289363,0.3642374575138092
1469248,777.2524699790116,500,False,0.08255890648963621,False,0.004005446863708997,0.4209578037261963
1469824,773.9196727727341,500,False,0.03736730325912901,False,0.0039942327575648445,0.37326401472091675
1470080,791.1386006578626,500,False,0.03140732513163528,False,0.004229424799170054,0.40032893419265747
1471184,798.795872028583,500,False,0.04643665094391961,False,0.004269996681563351,0.2902998626232147
1471648,769.1930584409087,500,False,0.09387874179835336,False,0.00426830213547256,0.431012898683548
1471808,803.3654372824507,500,False,0.05595044130695786,False,0.004246644958739943,0.33840543031692505
1472144,800.9692609129308,500,False,0.08648728659278107,False,0.004241736944629241,0.5018411874771118
1472336,805.8554167035488,500,False,0.11711575869170522,False,0.004230434594726313,0.32347649335861206
1472464,799.0581122778322,500,False,0.011618949268448744,False,0.004233435324459089,0.3301580548286438
1473008,783.0612535568104,500,False,0.08067153139238355,False,0.004234943367571727,0.38539648056030273
1473728,808.9636965716049,500,False,0.053749349237049854,False,0.004282212527341336,0.3468867540359497
1475488,811.8684302492994,500,False,0.13149601883075573,False,0.004319552858241492,0.4055261015892029
1475552,844.1505131760483,500,False,0.10116979781804103,False,0.004102522272975508,0.322149395942688
1475984,785.6150210374484,500,False,0.0426504522928291,False,0.004104064695342522,0.4150928854942322
1476496,807.3898947000564,500,False,0.036040301376243145,False,0.004127896170620709,0.3850209414958954
1476528,854.7786017499452,500,False,0.07204130907557825,False,0.004144568110170709,0.3306518793106079
1477248,821.8638027884978,500,False,0.06206710026765129,False,0.004143220439287732,0.31571680307388306
1477824,785.7018877302796,500,False,0.050430989146065884,False,0.004156908234998246,0.369922935962677
1478080,766.6625857348813,500,False,0.0750576339659757,False,0.004138329043565927,0.31249791383743286
1479184,846.2615954754234,500,False,0.08855286337677516,False,0.004124196903304844,0.42555081844329834
1479648,836.1634439195852,500,False,0.03303283042678315,False,0.004050278470711646,0.3810139298439026
1479808,822.9963320329192,500,False,0.09094495428280568,False,0.004037167982088031,0.3049962520599365
1480144,811.1655332967941,500,False,0.09507453684311665,False,0.004055761477735085,0.4339402914047241
1480336,849.6886732528113,500,False,0.04167933035161345,False,0.004056483548233604,0.35924607515335083
1480464,842.4878047151308,500,False,0.04667262974281723,False,0.004052638187657141,0.31824395060539246
1481008,818.2233177480642,500,False,0.09344614076466835,False,0.004050047373462796,0.3210640251636505
1481728,854.878695668315,500,False,0.06816838829108593,False,0.004046764505049208,0.3927226662635803
1483488,814.5826562351912,500,False,0.07006762599002696,False,0.004017290009730845,0.33853957056999207
1483552,840.1918197711624,500,False,0.08016601934269489,False,0.004004352983235961,0.34994664788246155
1483984,807.6644063935843,500,False,0.04922738291643952,False,0.004007655885290022,0.357234925031662
1484496,817.1809035157355,500,False,0.10962198188254159,False,0.003954699715047545,0.37103310227394104
1484528,797.5239536483354,500,False,0.09134678894585979,False,0.003890576734085073,0.3531559407711029
1485248,778.8999048886864,500,False,0.04575085095720751,False,0.0038792862154878815,0.3526425063610077
1485824,790.9759334603765,500,False,0.111232347388127,False,0.0038099955486272517,0.33041030168533325
1486080,779.9701500247668,500,False,0.08685803269795633,False,0.003816188352364711,0.3371838331222534
1487184,766.6479333312406,500,False,0.07686445414455335,False,0.0038756158805592932,0.49049147963523865
1487648,825.9671386946438,500,False,0.05352993858596493,False,0.003918221776911567,0.27187010645866394
1487808,779.3198633492892,500,False,0.0683840220472124,False,0.003999443914333483,0.3187311291694641
1488144,832.8168777254978,500,False,0.07649444758077907,False,0.004030759691536989,0.36354178190231323
1488336,794.0400780534984,500,False,0.08347894369566068,False,0.0041237627009202,0.3183109164237976
1488464,813.5519712670416,500,False,0.08214895019807016,False,0.0041494080023207975,0.33266574144363403
1489008,779.4763238866602,500,False,0.03046972540168717,False,0.00415952461723631,0.2789335548877716
1489728,804.7647193021397,500,False,0.03328418052259601,False,0.0041947783958288165,0.3748210668563843
1491488,775.253985254381,500,False,0.04028585209743766,False,0.004202257801043664,0.2615349292755127
1491552,809.7863428691018,500,False,0.059337369814178066,False,0.004174617353564594,0.3738110065460205
1491984,822.6816385798467,500,False,0.07992404997686377,False,0.004189237406255352,0.3291389048099518
1492496,798.2240717384248,500,False,0.09102040144886357,False,0.004227080172718257,0.3889923691749573
1492528,831.6215370677606,500,False,0.08320276813258327,False,0.0042424504831603755,0.37764692306518555
1493248,796.8098669790045,500,False,0.1082074413372163,False,0.0042359913069854845,0.43314656615257263
1493824,806.5764084101386,500,False,0.12210434417943032,False,0.004204446468205229,0.3148641586303711
1494080,821.5059812181579,500,False,0.03612523863060246,False,0.004173112080578358,0.3459218740463257
1495184,821.8426898840041,500,False,0.10447041587777665,False,0.004153906887036624,0.3497439920902252
1495648,835.6382134436157,500,False,0.13086083993994055,False,0.004160962919160055,0.36892110109329224
1495808,782.573726735913,500,False,0.029895724981186412,False,0.004117636556914651,0.32476863265037537
1496144,807.5551964735537,500,False,0.10605798598663994,False,0.004103347481809059,0.3277152180671692
1496336,783.8122337506562,500,False,0.02995778929644245,False,0.004065676814726288,0.4251892864704132
1496464,746.3811024882117,500,False,0.08360354252240791,False,0.0040732039422197944,0.31666475534439087
1497008,801.5882426826596,500,False,0.09485117244294089,False,0.004120726248353069,0.3306835889816284
1497728,791.3283556941878,500,False,0.031503729877574445,False,0.004125730884138043,0.39762452244758606
1499488,820.7394455941039,500,False,0.0495405650179103,False,0.0040200195618502995,0.4311952590942383
1499552,851.6601344352011,500,False,0.10174982660312239,False,0.00399404536050922,0.3576132655143738
1499984,840.722924052772,500,False,0.02941731645411508,False,0.004000313607001703,0.3682020604610443
