step,return,length,crashed,final_dist,had_event,alpha,loss_q
976,-7.347375165081425,61,True,6.046979341153776,False,,
1152,-3.5032533975779314,72,True,6.154560131727097,False,,
1152,3.765268466828891,72,True,6.181348833355606,False,,
1232,-5.832308241207689,77,True,6.165864303952778,False,,
1344,3.9046268939576088,84,True,6.01975219783341,False,,
1424,22.70074109023995,89,True,6.111060400337797,False,,
1424,19.83524285676841,89,True,6.1042121471522846,False,,
1456,1.9118508923465605,91,True,6.084577928287836,False,,
1472,4.486997372661744,92,True,6.011865561121633,False,,
1568,15.839006703686007,98,True,6.074713081519687,False,,
1760,13.67306138187651,110,True,6.00268812920211,False,,
1776,32.18742646030437,111,True,6.071120889607867,True,,
1968,-5.4154129960115895,123,True,6.084985783334296,False,,
2080,-7.0610195333549655,69,True,6.061299801294291,False,,
2160,8.781189002598607,135,True,6.087229513214066,False,,
2304,39.81011927084067,144,True,4.949215799349958,False,,
2384,-16.216214523212617,77,True,6.061760967433596,False,,
2560,-11.248626385305936,71,True,6.043544841578136,False,,
2576,-6.033597156263582,77,True,6.019627466831492,False,,
2624,-8.975158398963716,164,True,4.223574290620991,True,,
2688,6.224886799410292,76,True,6.025857978076267,False,,
2704,-5.851225481801459,92,True,6.054449649732239,False,,
2992,-6.496181962342059,96,True,6.126426533101981,False,,
3040,-12.560487619478245,80,True,6.091533596194915,False,,
3280,-17.003595504642025,82,True,6.102852371020462,False,,
3344,9.932620099306222,98,True,6.09802169162986,True,,
3536,22.664788237141387,53,True,1.998730687151212,False,,
3584,6.452205689022252,89,True,6.090098943991293,False,,
3584,-11.085824198191963,94,True,6.022397519847816,False,,
3600,36.55448622648464,127,True,6.13442242246545,False,,
3744,-3.287649597070091,73,True,6.125343821089038,False,,
3760,24.796302586771972,86,True,6.130331877360204,False,,
3888,-3.5344724627243256,74,True,6.084082388940685,False,,
3968,13.085164824930036,176,True,6.195269965263834,False,,
3984,8.29166309461047,85,True,3.1148667850029974,False,,
4016,4.639733109155513,91,True,6.028985425275621,False,,
4016,2.066537578354273,107,True,5.20863419128503,False,,
4096,-13.000971164119376,167,True,6.045439736329575,False,,
4496,-2.432541528250658,72,True,6.162432171383165,False,,
4544,6.7374337638733905,94,True,6.006369824111231,False,,
4608,-12.765895283088952,64,True,6.114102451474112,False,,
4624,-1.971915279159301,102,True,6.012361773208384,False,,
4800,20.461821235822075,75,True,2.7988812187124776,False,,
4960,4.8009832231452965,105,True,6.125676771593661,False,,
5056,-13.968757706735754,73,True,6.05570964561717,False,,
5088,14.131269832127046,97,True,6.0666978880701175,False,,
5184,-15.188416407517174,73,True,6.116620185983853,False,,
5392,21.498769269733213,113,True,6.0573867688604475,False,,
5536,27.600660024086697,98,True,6.148076431827371,False,,
5568,10.740355195764613,59,True,3.5724669097993806,False,,
5616,33.3802539236396,117,True,6.027701633141034,False,,
5616,11.110967869353571,95,True,6.082940690107726,False,,
5664,15.366209271763164,105,True,6.051047671286151,False,,
5664,-5.980725899722919,73,True,6.048050641245955,False,,
5744,10.283154217865732,108,True,6.0779254735282215,False,,
5968,-1.6452404696910499,85,True,6.112580565787315,False,,
6208,-1.3821989615433043,104,True,6.1650803559346,False,,
6224,8.761545114790419,154,True,5.493048564984932,False,,
6272,13.827989881292748,82,True,6.002458187084366,False,,
6352,-11.694238522118264,81,True,6.013128488528969,False,,
6480,-2.2967931726975763,87,True,6.033016521850999,False,,
6688,-14.23695600221452,64,True,6.0590059907029366,False,,
6768,1.7388991888524625,77,True,6.022426775368561,False,,
6800,38.94520677171235,71,True,1.6982630832797876,False,,
6832,19.461325103013134,127,True,6.059093984459599,False,,
6928,13.51620448409977,85,True,6.087803334647911,False,,
6976,-14.934253263883507,85,True,6.080045397370989,False,,
7104,4.172670722158228,107,True,6.031863863329773,False,,
7168,27.899163202055178,89,True,6.145509157660986,False,,
7248,-19.93882494407717,129,True,5.548915433340904,False,,
7504,6.721179515177054,80,True,4.83452240811561,False,,
7568,11.356271754639302,85,True,6.131400369988323,False,,
7600,3.014035975343635,102,True,6.073904351934949,False,,
7664,8.678606374099363,128,True,6.075582215210912,False,,
7904,23.846834804045763,89,True,6.0816763191011285,False,,
8000,-12.108702953996966,64,True,6.005656411092706,False,,
8112,12.773300453054423,110,True,6.072001058596793,False,,
8336,-17.66270447212092,77,True,6.051341905764701,False,,
8448,0.1472154332690696,95,True,6.037381610994797,True,,
8496,13.48367878784592,106,True,6.043684795286651,False,,
8528,19.185882119315487,110,True,6.044161171837627,False,,
8560,28.06051630299047,117,True,4.234991382258613,False,,
8880,31.345786589332015,163,True,6.046893850544097,False,,
8896,-3.003809367575971,103,True,6.026265069169071,False,,
9008,14.209115349291228,136,True,6.1259004165369575,False,,
9072,15.351173928063202,98,True,6.133545711897866,True,,
9152,2.2123311711612015,99,True,6.098372548586511,False,,
9232,13.781197741707699,129,True,6.066579838970855,False,,
9280,-14.728377823946742,59,True,5.8135004291888555,False,,
9312,-14.433741824038346,54,True,6.082652429843298,False,,
9312,22.42131707570475,107,True,6.044151606103778,False,,
9424,9.73352814177142,95,True,6.120704250184943,False,,
9504,-0.8583172459182951,87,True,6.003408991246911,False,,
9520,3.5020247665505178,116,True,6.035157909068365,False,,
9808,13.79933099101315,113,True,6.005786052793925,False,,
9840,-5.547648274534458,82,True,5.189429628854574,False,,
9936,20.215753676748456,86,True,6.065358430767347,False,,
9936,-13.329640629666695,66,True,6.02305602469759,False,,
10128,-1.3583978745195555,102,True,6.013187989925269,False,,
10336,10.832947038101237,74,True,6.073539193203076,False,0.1980287649616821,5.668019771575928
10416,3.137009913060478,95,True,6.058881102785381,False,0.1949611041884942,1.7964576482772827
10544,13.554611462992158,77,True,6.003106164437419,False,0.19379469477236952,1.6960138082504272
10608,8.061307341874521,42,True,1.7638529785237955,False,0.1919428517456625,3.185457944869995
10688,1.764045110283826,88,True,6.124819963938076,False,0.1910237545056328,1.633814811706543
10688,-8.624448425770899,91,True,6.109618425006996,False,0.1910237545056328,1.633814811706543
10720,1.2294788065292366,107,True,6.023898450791761,False,0.1898811096944503,1.5304532051086426
10720,-6.589719630311101,103,True,6.090669676473415,False,0.1898811096944503,1.5304532051086426
10736,-15.71075285118561,82,True,6.13865244746958,False,0.18942575071300588,1.8668179512023926
10816,0.4330022020602424,81,True,6.113488489901601,False,0.18919837938130582,1.7094557285308838
11072,22.941028134646942,59,True,3.6024780426955845,False,0.18806709697673504,1.7871062755584717
11120,4.512194845916582,113,True,6.153406664337739,False,0.18449797814013041,2.3862195014953613
11168,-8.43299012024725,47,True,4.9592030472844,False,0.18383638087196486,0.8187301754951477
11200,-1.7972646171138766,85,True,6.162536061179197,False,0.18317648770915662,2.603529930114746
11456,7.941871639809902,103,True,6.053576369607208,False,0.1827378980499564,4.003169536590576
11472,0.5291169119953807,123,True,6.016763953895079,False,0.17927053715925562,0.7332853078842163
11744,-6.810171722037898,66,True,6.096613044185161,False,0.1790561442032954,1.784507155418396
11904,-8.38583049966931,76,True,5.106407666246255,False,0.17545905545896232,1.5873427391052246
11952,8.39788045502328,76,True,6.144315957820844,False,0.17337846507504262,1.24834144115448
11968,5.997292341125627,85,True,6.026426432574723,False,0.1727600227541766,0.5361028909683228
12032,2.621273184865064,76,True,6.010590913796816,False,0.17255440038722925,0.8594338893890381
12048,-5.943112141315227,83,True,6.13025500882853,False,0.17173343201678817,1.192831039428711
12048,16.153779560427335,107,True,6.1237686161079505,False,0.17173343201678817,1.192831039428711
12048,-16.060237261881095,94,True,6.050427804408895,False,0.17173343201678817,1.192831039428711
12192,-8.125344655954233,92,True,6.01829750789324,False,0.17152870852333676,1.1214134693145752
12304,-5.104566715800528,74,True,6.18351312435762,False,0.16970020742498482,1.9981932640075684
12448,6.208564506458913,80,True,6.082026863240565,False,0.16829621782503945,2.5677542686462402
12544,22.182545808710962,84,True,6.098542789821335,False,0.16650280935064296,0.7595919370651245
12544,3.665578158584605,92,True,6.046056105461089,True,0.16650280935064296,0.7595919370651245
12576,-12.65368700074509,69,True,6.033695169115779,False,0.1653160952903024,0.34133362770080566
12704,1.347499456292537,78,True,6.018120741784763,False,0.1649231686194765,0.8613961935043335
12832,13.981471952965277,49,True,1.3820636160289506,False,0.16336115269687362,1.381496548652649
12896,-11.160403971906756,72,True,6.004225529418748,False,0.16181171131563477,0.9343353509902954
13152,-16.16280336996803,78,True,6.069327849757471,False,0.16104208091076855,1.1598044633865356
13200,23.25151233669942,77,True,2.7411475393624833,False,0.15800606708529816,0.44632261991500854
13232,45.33670943201495,206,True,3.0767160533474724,True,0.15744445022417886,1.1289563179016113
13232,25.857952980988266,80,True,6.072358328905563,False,0.15744445022417886,1.1289563179016113
13520,30.406633880800513,92,True,6.07437119106505,True,0.15707215020433687,0.42043471336364746
13664,-12.628618500786377,85,True,6.017003199846967,False,0.15374955404943522,1.0877180099487305
13872,8.33476366894963,83,True,6.021451543542119,False,0.15212835317456594,1.0156116485595703
13872,1.7011268936155677,105,True,6.078584527997968,False,0.15212835317456594,1.0156116485595703
13888,-6.084951272459483,82,True,6.075148139698298,False,0.14980856298910972,0.49543970823287964
14032,-14.326118788679118,93,True,6.048565710465218,False,0.14963192467882114,0.3734384775161743
14064,-1.831168453524258,85,True,6.075197649503796,False,0.14804871845872036,0.37699007987976074
14128,-0.7251639229227056,81,True,6.011726020472894,False,0.14769927718342662,0.8624048233032227
14144,16.55545176961294,132,True,6.0126021458499075,False,0.1470043532114003,0.9793822765350342
14176,-1.1948428560480782,61,True,2.7197204999234614,False,0.1468315804191277,0.7285518050193787
14240,-4.07031723855671,84,True,4.537600188870251,False,0.14648573011263313,1.1660151481628418
14320,-12.09036876531767,117,True,6.050802134364539,False,0.14579812957376653,0.6055009365081787
14480,3.9777062356147326,78,True,4.134807014412062,False,0.14494599600540173,0.3486520051956177
14576,-1.0204356920604116,84,True,6.086680968411249,False,0.143249585901281,0.3990546464920044
14656,-2.123337787564891,71,True,6.150898998066911,False,0.14224354859684651,0.5073413252830505
14672,14.853982832250116,95,True,6.0251127738046835,False,0.14140934966700314,0.7976120710372925
14880,-3.2443663314654367,76,True,6.019583402733487,False,0.14124360300942224,0.3985322415828705
14992,23.241323520334646,70,True,2.818613287627219,False,0.13910458700055656,0.21517495810985565
15200,-9.595418969550607,71,True,6.1511074758068665,False,0.13796856016251824,0.41272929310798645
15216,1.3482767993508524,74,True,6.003549133131595,False,0.13588050435958288,0.7779403924942017
15248,15.001223982955224,85,True,5.973247039948313,False,0.1357209057999719,0.3570735454559326
15312,-1.5721167135065652,90,True,6.142471155687466,True,0.13540244039972693,1.126442790031433
15360,24.99132831161672,76,True,6.000037847973274,False,0.1347676610354611,0.33909714221954346
15424,-5.288838836610853,74,True,6.0594561691993345,False,0.13429462509414752,0.27220964431762695
15424,22.973591789813007,211,True,6.0081078867023265,True,0.13429462509414752,0.27220964431762695
15456,-1.8269313128927447,36,True,1.7652027248503572,False,0.13366564239675058,0.31033506989479065
15664,10.942784356787946,84,True,6.032236145593837,False,0.13335224459443173,0.695769190788269
15760,-0.9895041270595435,99,True,6.119549314801666,False,0.1313384168812141,0.2830246686935425
16000,30.744583471648845,117,True,6.093875275770565,False,0.13041844859371585,0.3044731020927429
16128,-1.5337620012048276,51,True,2.466830525685518,False,0.1281518010333268,0.43275195360183716
16128,13.986515476031142,58,True,1.858953349475753,False,0.1281518010333268,0.43275195360183716
16224,26.041159590848224,109,True,6.171445170285915,False,0.1269590056851523,0.4982171952724457
16288,8.973880427348728,81,True,6.02699345667425,False,0.12607302932870484,0.271911084651947
16400,-4.6705668513922,72,True,6.12884904936921,False,0.12548574935605988,0.3184860944747925
16400,23.552787061533063,74,True,6.117519564485439,False,0.12548574935605988,0.3184860944747925
16416,-11.300740585030887,60,True,6.007198540248304,False,0.12446270882784494,0.3213519752025604
16432,10.051566342145776,111,True,6.0860291565555125,False,0.12431766828559618,0.5543820858001709
16432,43.33586125151122,116,True,6.067989079377686,False,0.12431766828559618,0.5543820858001709
16464,-7.502972419767284,112,True,6.024640182622799,False,0.12417269064812463,0.9477883577346802
16928,20.295113559659683,98,True,6.0909378451019345,False,0.12388300922604142,0.9089254140853882
16944,-8.879287567473527,80,True,6.098881172872974,False,0.11978973992664366,0.7119193077087402
16944,15.241353159412894,95,True,6.025457048001047,False,0.11978973992664366,0.7119193077087402
17024,10.587073034044883,64,True,1.8762282917914368,False,0.11965126231718014,0.3724421262741089
17344,-13.098544176945008,99,True,6.08986292415955,False,0.11896249872887321,0.2859112620353699
17504,-1.629627722355771,86,True,6.130425310792958,False,0.1162555512562099,0.8143073916435242
17552,-1.6441308318901573,133,True,6.0786034962830335,False,0.1149296873282334,0.396759033203125
17552,16.82507223754081,70,True,4.832206866060119,False,0.1149296873282334,0.396759033203125
17632,-10.900378649057588,77,True,6.045807815291495,False,0.11453195024370899,0.3185734748840332
17792,12.11446644768602,54,True,2.4288493405748057,False,0.11387757431251606,0.3001544773578644
17824,-5.0276482709074,89,True,6.097578421057224,False,0.11258225824184476,0.7189731001853943
17824,-1.5853772665895036,96,True,6.0095462482363455,False,0.11258225824184476,0.7189731001853943
17824,8.93635281442183,88,True,6.099921367556462,False,0.11258225824184476,0.7189731001853943
17952,6.393078552603935,93,True,6.020075932337035,False,0.11232432014551855,0.3142298460006714
18048,-0.46662445956443044,114,True,6.019983979792173,False,0.11129840956891401,0.2783868908882141
18048,7.68449652973961,64,True,6.170537659684831,False,0.11129840956891401,0.2783868908882141
18080,10.71411766477885,103,True,6.023235868408482,False,0.11053657646950392,0.2639246881008148
18144,0.8645547389850634,75,True,6.106275818538925,False,0.11028340103460901,0.30299538373947144
18512,-17.04256426953355,60,True,6.114065663527309,False,0.10978010697344728,0.25852715969085693
18672,-10.334397046732319,108,True,6.054860953029709,False,0.10693413773910396,0.5138218402862549
18752,41.47985438056523,164,True,6.077628395320398,False,0.10571497001753566,0.9742581844329834
18928,-5.832511704462501,81,True,6.097410005774293,True,0.10511466963864242,0.30073297023773193
18944,21.515442133954753,90,True,6.02169081077517,False,0.1038007043619752,0.26524603366851807
19040,0.5186955055765843,76,True,6.077433455098878,False,0.10368354475345587,0.2949373722076416
19088,-4.408895207631888,96,True,6.044313669390312,False,0.10297612636110104,0.3035951256752014
19120,-5.281391143223494,111,True,6.023308955559292,False,0.10262555221473958,0.31889522075653076
19168,20.96888308374926,76,True,6.107167219786544,False,0.10239131504935123,0.2788645327091217
19168,9.803333888256706,84,True,5.203585405943507,False,0.10239131504935123,0.2788645327091217
19632,-6.506813205808847,97,True,6.089156494790669,False,0.1020405905242671,0.2874242663383484
19632,16.861139703752983,99,True,6.03212282656427,False,0.1020405905242671,0.2874242663383484
19728,1.74784183092091,50,True,3.4607093825812,False,0.09871720444007848,0.9847084283828735
19776,14.22851282908493,108,True,4.497595018550162,False,0.09804679006600844,0.23140396177768707
19792,-4.229437702016263,103,True,6.082088323070027,False,0.09771318560857002,0.2503616213798523
20064,25.98125250398455,140,True,5.95848151075335,False,0.0976018995728906,0.5520534515380859
20192,-3.116991628634466,90,True,6.080188948054814,False,0.09573105001277049,0.5866374969482422
20224,5.609880744722609,66,True,6.0954988997493675,False,0.09486176449135986,0.3234429955482483
20272,11.319309398053191,83,True,6.021073615602433,False,0.09464672610525961,0.3066127896308899
20400,22.52795372321199,85,True,6.051496714426159,False,0.09431769371573002,0.29516953229904175
20400,15.613921869817364,118,True,6.107381276254962,False,0.09431769371573002,0.29516953229904175
20432,-7.781213754621861,84,True,6.071106453133603,False,0.09346040293558178,0.23276275396347046
20512,25.426237755020722,115,True,6.027978191352139,True,0.09324535210708389,0.2697186768054962
20528,45.94432422003531,171,True,6.137941387222487,False,0.09271450163551975,0.21140696108341217
20672,-2.1072465213969602,28,True,2.332918106460804,False,0.09260776234607256,1.0945898294448853
20928,3.939062570655432,81,True,5.917100050636803,False,0.09165660874313017,0.26348939538002014
21056,12.060827131700908,79,True,3.749753002777679,False,0.08998874104430472,0.3063777685165405
21184,22.186481193925253,88,True,2.1878798893303313,False,0.08917028631957058,1.0363519191741943
21248,10.712121299472416,61,True,2.7012469446852303,False,0.08835683997118217,0.2750197947025299
21376,9.961709512153313,74,True,6.106863293372971,False,0.08795565616559603,0.3851524889469147
21392,22.271333847616155,139,True,4.002391954456504,False,0.08715954123877544,0.7602648138999939
21504,39.07864631093121,111,True,2.603712384223315,False,0.08706150991454954,0.2616032063961029
22032,33.348038141270436,61,True,2.358628417791487,False,0.08636528399100658,1.012650728225708
22032,61.070886802909925,150,True,6.118237384299049,False,0.08636528399100658,1.012650728225708
22128,43.95562296253872,101,True,6.129222272758063,False,0.08315022784404041,1.2692981958389282
22144,14.495154043567354,101,True,3.5379257122921324,False,0.08257709016974826,0.3080742359161377
22240,3.6073186853566046,115,True,3.1459698335157986,False,0.08248147083359274,0.3143010139465332
22272,20.90953033070094,84,True,5.691450499794588,False,0.08191709837427609,0.28219184279441833
22304,20.005100024022518,66,True,2.775709074753654,False,0.0817285103100239,0.2951791286468506
22496,18.767676103443826,152,True,6.058458534622736,False,0.08153945114446612,0.21188384294509888
22576,-1.7919492367044043,216,True,6.056794007978482,False,0.08042256061979208,0.26823997497558594
22576,-3.844548573070563,75,True,6.041901263531383,False,0.08042256061979208,0.26823997497558594
22704,20.95350219597011,144,True,6.1000713736628365,False,0.07996099136466941,0.37501516938209534
22768,3.44137879149846,46,True,2.567893837349572,False,0.07921953390407585,0.245588481426239
22912,-10.902235772852702,140,True,6.015265422945481,False,0.07885495495112307,0.24368330836296082
22992,16.757137414503624,54,True,2.2385872275901546,False,0.07804045736812641,0.2685045599937439
23104,9.321891938882835,54,True,2.8751295488600808,False,0.07758931229419938,0.44790375232696533
23168,37.01926113901209,124,True,5.753286877901569,False,0.07696393893681913,0.2169322967529297
23424,36.557703817144755,127,True,6.066919852750789,False,0.0766094232117906,0.2812742590904236
23440,53.24065473333465,188,True,4.473892932776799,False,0.0752029329293378,0.2691331207752228
23696,-0.09275433074433082,87,True,6.137441992625847,False,0.07511653975244285,0.4445657730102539
23728,-0.04147513758999288,106,True,6.184650036987152,False,0.07374161842928602,0.2956712245941162
23888,21.485656686721995,101,True,3.3946350747882845,True,0.07356960497324143,0.2808612287044525
24160,5.1631242515174485,73,True,3.9026015029227104,False,0.07272169953369634,0.26399171352386475
24224,61.40895797812452,130,True,6.079684115658091,False,0.07131089303307184,0.36408933997154236
24240,3.861601833026713,92,True,6.010885131764952,False,0.07098435832259067,0.3678315281867981
24336,25.700432608678728,177,True,5.138706788877091,False,0.07090322645254538,0.26880598068237305
24480,13.534830153270121,98,True,5.366718563399769,False,0.07041567555349204,0.715220034122467
24784,57.084040992870726,138,True,6.073737158409243,True,0.06969598840287039,0.21617081761360168
24800,59.83213939094704,144,True,6.047769895011505,False,0.06820102907316516,0.2585058808326721
25456,0.907160881401218,147,True,4.658601872141032,False,0.06812302299065999,0.5339316129684448
25792,3.753883515969637,102,True,6.000199847692024,False,0.06501392447649823,0.40825265645980835
26000,37.96961587268614,95,True,6.06317187542785,False,0.0634872623724259,0.2813551425933838
26336,57.3671445653337,227,True,6.001193600356013,True,0.06255614721161597,0.23230433464050293
26784,35.52236877375675,209,True,6.043364300969602,False,0.06108895623000659,0.3114602565765381
26784,43.93822486400268,181,True,6.042460909291713,True,0.06108895623000659,0.3114602565765381
27088,11.920287109810102,179,True,6.018501918463077,False,0.059191677609789904,0.26203474402427673
27136,69.34746612840085,232,True,6.01017679772088,False,0.05794399466268604,0.4330172836780548
27616,3.8370570825627794,205,True,6.0228081103529325,False,0.05775054248232333,0.26651841402053833
27760,27.749538161757695,220,True,6.004544337723662,False,0.05585342275021948,0.27567213773727417
27920,60.689541710215956,262,True,6.012954265654681,True,0.05529734034794468,0.3863951563835144
27936,52.58186034578344,335,True,6.016636394412081,True,0.054689322215261654,0.3272685408592224
28688,43.28906688410664,168,True,5.183524359558504,True,0.054628457900495135,0.21760150790214539
29328,101.86470810352165,385,True,6.0268396033603215,True,0.05187068543379057,0.3062983453273773
29408,58.7971210183355,192,True,6.046997448305902,False,0.04963794283833339,0.34453046321868896
30720,176.64445817263936,246,True,5.44098564632462,True,0.04936837523767957,0.2734403610229492
31696,59.860813341911935,500,False,0.8334788661131306,True,0.045162226051871576,0.35671842098236084
32208,128.33175086806835,287,True,4.41408476888578,True,0.04229454383471379,0.4335205554962158
32784,220.90403970891788,500,False,1.1389908080362592,False,0.04086497596951591,0.48027655482292175
32800,147.14397043009114,500,False,1.6463549674739455,True,0.03933177050108297,0.3676377534866333
33024,42.19283425794766,371,True,2.536892458584999,True,0.03929042267118769,0.3259051442146301
33456,157.13576405477707,500,False,3.6540772338626533,False,0.038708802636029646,0.30175936222076416
33792,279.75720147718533,500,False,2.4415361980195627,True,0.03762863045998126,0.5536054372787476
34000,70.25373472267177,205,True,5.0447762505432,True,0.036800386136412934,0.2788132429122925
34784,144.12157002485773,500,False,1.2338621331274597,False,0.036301346131527405,0.3603573441505432
35136,95.0005931790198,500,False,1.6903845423040453,True,0.034484895738724874,0.471713662147522
35760,143.43655637355093,500,False,3.023374780178624,True,0.033700709815726725,0.43605321645736694
35920,278.32798228762505,500,False,1.7264049611387609,True,0.03234676938744075,0.2782789170742035
35936,224.71405170073385,500,False,0.24550842696694658,True,0.03200907805805233,0.34996259212493896
36688,312.0735651748146,500,False,0.5162507561225633,True,0.031975288303522566,0.3406972587108612
37328,296.00493059005896,500,False,0.7870599610251958,False,0.03045422003550516,0.2661208212375641
37408,211.0286522224349,500,False,1.2362492943498358,True,0.029222120742714464,0.28724217414855957
39696,234.34926462587381,500,False,0.6291719448283067,False,0.029073797088895965,0.33662351965904236
40208,142.07619840211524,500,False,2.02355805208157,True,0.025130402480222788,0.31634625792503357
40784,123.59556019765044,500,False,2.845381183698574,True,0.024339055847598726,0.31188565492630005
40800,368.62766365830805,500,False,1.8817981161343573,True,0.02348736505108178,0.43780404329299927
41024,327.65752480145,500,False,0.39938730883043966,True,0.02346368513147182,0.43860042095184326
41456,268.1434151837198,500,False,0.7804921358347789,True,0.02314501965407743,0.5740325450897217
41472,160.0684823731802,299,True,3.043694427047924,True,0.02253158309508052,0.3992839455604553
41792,284.2339422494233,500,False,0.7269916119501547,True,0.02250974507894378,0.27729326486587524
42000,311.68298000096,500,False,0.6199489773545664,False,0.022075334524106295,0.47829142212867737
42784,352.24155854752235,500,False,0.28347810194871326,True,0.021791909991776062,0.36213019490242004
43136,285.4007598031005,500,False,0.4572778663980193,True,0.02077593432025359,0.5323019623756409
43760,347.78258392438374,500,False,0.5183613126393934,True,0.020353776848152264,0.3680410385131836
43920,426.2365518878937,500,False,0.47511011293965355,True,0.019623055711350857,0.33692479133605957
43936,440.19139334664743,500,False,0.4206262552277943,True,0.019444996504142432,0.40144824981689453
45328,453.2406674856923,500,False,2.5482228464686227,True,0.019426322032844365,0.40249842405319214
45408,424.02766260193334,500,False,0.3692286074446634,False,0.017931374129217085,0.39434242248535156
47696,559.0932993467577,500,False,0.14579220645244576,False,0.017842818799482428,0.30797630548477173
48208,535.4094400574729,500,False,0.17403364903503207,True,0.015673392846333265,0.3643972873687744
48784,510.2642249857924,500,False,0.43687388886512246,True,0.015225806288059762,0.3037377893924713
48800,560.8482012726182,500,False,0.3897680677574411,True,0.014738131094864281,0.3556500971317291
49024,465.4024297657219,500,False,0.6036797813254071,True,0.014724985284664822,0.3946167826652527
49456,422.14590818243033,500,False,1.0204989983376227,True,0.014546609723962198,0.4482307732105255
49472,515.3245265780998,500,False,0.46211424843042265,True,0.014221617744376277,0.3805542588233948
49792,488.49478680797296,500,False,0.6481268972988932,True,0.014208417420053117,0.43060502409935
50000,357.79555480750446,500,False,2.222865128618157,True,0.013979335231384154,0.36817628145217896
50784,505.5678737756229,500,False,1.3818941667367464,True,0.013814453647633,0.4711274206638336
51136,521.8091667299032,500,False,0.2985941107549906,False,0.01327355794714082,0.4651278257369995
51760,573.8800996062448,500,False,0.2899444271214108,True,0.013041330784322078,0.42884838581085205
51920,568.1461846981299,500,False,0.4246491599577412,True,0.012632297817051621,0.36555594205856323
51936,573.205515565158,500,False,0.5741741402905041,True,0.012535133561724837,0.38104498386383057
53328,388.87839152534195,500,False,1.217853034307416,True,0.012526580271616173,0.4110177159309387
53408,531.2130748368808,500,False,0.6333774045095679,True,0.011739623045365508,0.3489026427268982
55696,572.4580582562031,500,False,0.2944042892191776,True,0.011694993808516274,0.4412636160850525
56208,487.08241040015645,500,False,0.4383675936554483,True,0.010574503747521335,0.45221734046936035
56784,622.045250776438,500,False,0.263103201859068,True,0.010359429823026612,0.45837095379829407
56800,417.67386977242643,500,False,0.9823354368115614,True,0.010131652234908035,0.40130680799484253
57024,449.6539904447054,500,False,0.7101973004867592,True,0.010125079181616682,0.4236027002334595
57456,553.5840667962875,500,False,0.21339732458600114,False,0.010033215126692186,0.5625259876251221
57472,527.3068457467931,500,False,0.1985086554114179,True,0.009881683517702723,0.35244202613830566
57792,584.7310705774545,500,False,0.21016779802525545,True,0.009875605012192876,0.3761388063430786
58000,579.3876368731019,500,False,0.38052713673073024,True,0.009754351307924968,0.49197202920913696
58784,388.39183567450027,500,False,0.4566767821284154,True,0.00967830861191713,0.6614640951156616
59136,583.6533637278743,500,False,0.15569393570843446,True,0.009395184657583423,0.42811834812164307
59760,460.1868607087306,500,False,0.3374942416218992,False,0.009278447327628971,0.37931185960769653
59920,467.81887884080436,500,False,0.7360937948435462,True,0.009088104546449562,0.46623069047927856
59936,660.0799218863278,500,False,0.18435544397350184,False,0.009035137554286312,0.4004790782928467
61328,675.0249908155612,500,False,0.29357345875557656,True,0.009031516085649484,0.4235071539878845
61408,520.5915484516465,500,False,1.0416701027900184,True,0.008677121079633683,0.5018694996833801
63696,680.5899836080418,500,False,0.15053053391889068,True,0.008655252248489549,0.4945066571235657
64208,631.7187914551072,500,False,0.1564253583030889,False,0.008313778773169283,0.4860215485095978
64784,558.7983511214926,500,False,1.078788159598269,True,0.008271094023035113,0.5112341642379761
64800,591.8243264848254,500,False,0.20885214530348167,True,0.008265035891005097,0.45461177825927734
65024,721.7262710109562,500,False,0.12979801321900492,False,0.008264753928913503,0.6155694723129272
65456,626.7121312269365,500,False,0.3698333799895322,True,0.008252539964182749,0.4258791208267212
65472,628.1729325580442,500,False,0.1248928207404065,True,0.00822511404404401,0.7321982979774475
65792,602.2165975373225,500,False,0.2339049735101165,True,0.008226772903127285,0.4543759226799011
66000,627.2277005535948,500,False,0.2011077854044156,True,0.008230099099045754,0.4694579243659973
66784,681.8258481231333,500,False,0.1343656518448528,True,0.008214180431781373,0.4241134524345398
67136,528.7528946420315,500,False,0.40755685967536565,True,0.008198579375050745,0.4278709888458252
67760,626.2899738989124,500,False,0.7069043190370916,True,0.008191641142502619,0.44820770621299744
67920,542.1774518918446,500,False,1.413646715390868,True,0.008168362074505591,0.5032004714012146
67936,667.3827903677596,500,False,0.16370097435590952,False,0.008149082151114036,0.49651920795440674
69328,592.0019044082807,500,False,0.29634826413088683,True,0.008151067288287479,0.4644683599472046
69408,560.8821707852754,500,False,0.7922575522460634,True,0.008244050320160078,0.6011743545532227
71696,762.3603779027632,500,False,0.1484613546055017,False,0.008252816342788481,0.46475520730018616
72208,709.4021230716243,500,False,0.13063109375777468,True,0.008778303200029916,0.5827037692070007
72784,649.9655539215615,500,False,0.43496903702202305,True,0.008942247483177774,0.6682658195495605
72800,614.0116902027416,500,False,0.19397945804829664,True,0.009198592295502012,0.5491714477539062
73024,696.7596938870487,500,False,0.17969633511185248,False,0.009205665126914762,0.6433188319206238
73456,628.8959346330349,500,False,0.4665853843348557,True,0.009255041148673138,0.6429104208946228
73472,763.9058101578335,500,False,0.16797202690829835,True,0.00938681931217844,0.5838562250137329
73792,709.1649718027352,500,False,0.1272540572716154,True,0.009394057416268259,0.6018035411834717
74000,635.7755569852318,500,False,0.24650300778223694,True,0.009480020554340293,0.6972974538803101
74784,666.6591454185427,500,False,0.1128717322681615,False,0.009501751126562413,0.5930917263031006
75136,684.5130105029896,500,False,0.08585166901528109,False,0.009638571287525884,0.7787996530532837
75760,662.5333955260761,500,False,0.1926612069055608,True,0.009707478799471357,0.6123781800270081
75920,594.9849624092452,500,False,0.4665806150643343,True,0.00986232197116336,0.6006227731704712
75936,672.0561105108834,500,False,0.1633589602673011,False,0.009918810098358351,0.7983013987541199
77328,732.2721489498728,500,False,0.21211849526961027,True,0.009924182059372505,0.6508064270019531
77408,669.3516409091052,500,False,0.19795034131910508,True,0.01004411292469859,0.6630018949508667
79696,680.152971063315,500,False,0.12380297017537151,False,0.010023898381135795,0.7147701382637024
80208,564.4190273219313,500,False,0.40914480932936065,True,0.010386663598370934,0.796007513999939
80784,738.2062744255427,500,False,0.11463142719200622,True,0.010510530724160671,0.8188800811767578
80800,611.2120763055672,500,False,0.22877759243847887,True,0.010623906154606141,0.7187104225158691
81024,739.6794803207907,500,False,0.12331822398156167,True,0.010626780174217134,0.9307342767715454
81456,562.9211527488717,500,False,0.7425377238031435,True,0.010629471125528896,0.9932920932769775
81472,636.8924196403648,500,False,0.18029386795206465,True,0.010742719904295818,0.8157335519790649
81792,609.3080862218915,500,False,0.30292181585630945,True,0.010740068373938072,0.6785375475883484
82000,735.1258460588518,500,False,0.12631433339840512,True,0.010793036663038715,0.7234667539596558
82784,673.0653907608219,500,False,0.2150830934972003,True,0.010787237842451633,0.8131405711174011
83136,682.1938151081793,500,False,0.18540239678921694,True,0.010827176140042374,0.7299947738647461
83760,630.7797855625643,500,False,0.19290977732385264,True,0.010789754378507849,0.6990017294883728
83920,575.2007005464869,500,False,0.3726558128098811,True,0.010875782662472248,0.7942618131637573
83936,677.1225457117073,500,False,0.1808522441032182,True,0.010851143585211798,0.949904203414917
85328,711.2062946308015,500,False,0.06833488243090013,True,0.010852899925151017,0.8653191924095154
85408,729.934649828547,500,False,0.11066695544373754,False,0.011092917458746835,0.835193395614624
87696,604.5724377540919,500,False,0.3056044802424684,True,0.011139979866395821,0.9401524066925049
88208,747.0290369112959,500,False,0.15372913349888323,True,0.011368563641446868,0.7374508380889893
88784,683.4721346503271,500,False,0.10000968498673116,False,0.011391140226787822,0.8387597799301147
88800,715.8339505153498,500,False,0.14000984618297474,True,0.011351721273380857,0.8352588415145874
89024,535.7497221818315,500,False,0.3388308843184785,True,0.011351262980849387,1.0282315015792847
89456,719.8467350586434,500,False,0.17226869578750414,True,0.01127578367372931,0.886224091053009
89472,734.4308621901977,500,False,0.1642721045815733,True,0.01135977502480788,1.0066988468170166
89792,739.0655368666856,500,False,0.1333460671263061,True,0.011358093672499636,0.8938520550727844
90000,546.1579986048249,500,False,0.5649956955147204,True,0.011233700875133394,0.8593512773513794
90784,706.2518699147564,500,False,0.11614782995684468,True,0.011236905044792552,0.9347666501998901
91136,685.4732219484066,500,False,0.0984211678098724,False,0.011234580485569143,0.8863602876663208
91760,713.7559050650614,500,False,0.15767082374035563,False,0.011184484405468582,0.9662845730781555
91920,691.1999890742896,500,False,0.12556987474618683,True,0.011200769900358776,1.055348515510559
91936,722.9600872363218,500,False,0.12069413847025029,False,0.011278951629778732,1.0509415864944458
93328,791.8156234001614,500,False,0.10460198239779893,False,0.011285463817913807,0.82901930809021
93408,689.125219095229,500,False,0.1613439844825349,True,0.011278780256163022,0.9232091903686523
95696,769.6055644518233,500,False,0.1337864328148637,True,0.0112949556221927,1.0292363166809082
96208,758.025388328609,500,False,0.11296324025435274,False,0.011452615858195497,1.3372031450271606
96784,669.3864984557858,500,False,0.18406328320567591,True,0.0114934497422292,0.9099754691123962
96800,686.2168686831226,500,False,0.13728786301095858,True,0.011616332178745163,0.8254205584526062
97024,709.1307258791572,500,False,0.09969472159438239,True,0.011620931689442395,0.772611141204834
97456,590.7532065727106,500,False,0.29127497206831676,True,0.011642083996729608,0.8035898804664612
97472,613.9663614679997,500,False,0.16500840923040122,True,0.011518127084717346,0.9680677056312561
97792,630.9104120267261,500,False,0.20757971224095081,True,0.011512705234175843,0.8711787462234497
98000,684.752283186193,500,False,0.15853764662736364,True,0.011532458618252767,0.9606262445449829
98784,726.4947027372938,500,False,0.3374378184575899,True,0.011513389354841263,0.9700438976287842
99136,736.0927130174321,500,False,0.13781316709622715,True,0.011653656352128268,1.0847558975219727
99760,694.244253721866,500,False,0.14806489815722498,True,0.011627344772159973,1.2071281671524048
99920,690.5288535599723,500,False,0.145860490344172,True,0.011622605979783679,1.0210953950881958
99936,705.0856821732954,500,False,1.2183090529879204,True,0.011632608483092263,0.9729846715927124
101328,682.880560027521,500,False,0.08584321844533332,True,0.01161926266264471,0.8993555903434753
101408,716.4461168559218,500,False,0.11532020245890529,True,0.011863268420005482,1.1586287021636963
103696,736.4099694356574,500,False,0.1403116743609074,True,0.01186209066749154,0.9248825907707214
104208,653.8685739002087,500,False,0.21753708099408686,True,0.0120431355536193,0.942573070526123
104784,699.2152565962701,500,False,0.08042740691553008,True,0.012103971530705557,1.0467753410339355
104800,777.4673142498317,500,False,0.13171841124909622,True,0.012030654035830719,1.006461501121521
105024,506.47643474418635,500,False,0.2696615541992974,True,0.012043397340709402,1.0915838479995728
105456,549.6230147803458,500,False,0.6495919274069876,True,0.012150001794154519,1.1211239099502563
105472,738.5021832013067,500,False,0.1294948486744563,True,0.012107470420094036,1.0046570301055908
105792,682.4413114421809,500,False,0.10170458071975767,True,0.012112266141204546,0.9841650724411011
106000,699.6819246692784,500,False,0.09821479432756608,True,0.012102546053291027,0.978287398815155
106784,650.0869344758438,500,False,0.21200726210563467,True,0.012117045271148952,1.257630467414856
107136,714.318074704827,500,False,0.11453346049135911,True,0.01218761086036929,1.007307767868042
107760,769.7835492418665,500,False,0.11558317909467786,False,0.012166328848097248,1.0718929767608643
107920,738.0296031118141,500,False,0.10794074244488949,True,0.012119354326785974,1.1174116134643555
107936,802.7474145283102,500,False,0.101661899273386,False,0.01212231966346846,1.23996102809906
109328,576.3696058245013,500,False,0.1968391927160993,True,0.012121536644575288,0.9991035461425781
109408,747.2207886016988,500,False,0.12944444920068715,False,0.01240604743273984,0.9528745412826538
111696,679.1201622166582,500,False,0.14574674129431778,True,0.012420882319423537,1.4014935493469238
112208,597.5265978241828,500,False,0.660485618707123,True,0.01248808882761607,1.1156187057495117
112784,474.3613166858919,500,False,1.60248135578137,True,0.012455654559711076,1.1623592376708984
112800,765.1279728965765,500,False,0.1546699085691946,True,0.012440168305004851,0.9451068639755249
113024,654.8563737733627,500,False,0.1863683768501087,True,0.01243837336419543,1.2067961692810059
113456,639.4652633951592,500,False,0.6356322366115071,True,0.012429906323205522,1.0480012893676758
113472,767.8082828030099,500,False,0.11606193375438763,True,0.012438065196697488,1.2116177082061768
113792,595.428454375196,500,False,0.7243035297691562,True,0.012443125122039591,1.346758484840393
114000,736.6742988248585,500,False,0.15819501388780075,True,0.012373836839927266,1.3185977935791016
114784,752.2509283929173,500,False,0.12991805549464128,True,0.012296991990578357,1.1378188133239746
115136,552.5892995955481,500,False,0.9723279537618896,True,0.01233275864545527,0.9691715240478516
115760,677.8625919171312,500,False,0.14930826258690702,True,0.012369107225868932,1.0654417276382446
115920,712.2568701533589,500,False,0.08941122780049553,True,0.012636589548684511,0.974724292755127
115936,549.9186679951099,500,False,1.3726033605224808,True,0.012686159615162604,1.2801051139831543
117328,788.4156930628492,500,False,0.07084549087226381,True,0.01269979821392256,0.9864583611488342
117408,686.7364362666234,500,False,0.435592362652156,True,0.01284055609024817,0.9605064988136292
119696,704.740132782659,500,False,0.10201705413988099,True,0.012860173375779818,1.021227478981018
120208,778.4342669183908,500,False,0.0935035331964009,True,0.013413971292399548,1.4319701194763184
120784,707.61471204055,500,False,0.1279077685142325,False,0.013276148607393031,1.2337100505828857
120800,615.2363990413396,500,False,1.3145456133825175,True,0.013281412374626727,1.2635164260864258
121024,767.818500067134,500,False,0.1596096394648752,True,0.013276924888384098,1.1671769618988037
121456,743.9723179642938,500,False,0.1333419927536038,True,0.013243546491062257,1.1578338146209717
121472,653.4995001324709,500,False,0.4442711831553142,True,0.01334618688156115,1.2108317613601685
121792,670.224696432433,500,False,0.16600640053717788,True,0.013348371402522003,1.2061150074005127
122000,808.9202765253799,500,False,0.10536755298080595,True,0.01350625687385916,1.2553737163543701
122784,731.0736742489197,500,False,0.07908771523015988,False,0.013614291565129916,1.258025050163269
123136,805.1820121300141,500,False,0.06889407725987778,False,0.013695859084855934,1.1779462099075317
123760,795.5620673014332,500,False,0.09357550860032524,True,0.013816596103570347,1.196243405342102
123920,799.9909183796575,500,False,0.08594438154130812,True,0.013918840076424315,0.9600198864936829
123936,809.6383129528986,500,False,0.11632984716765854,True,0.013984865039727372,1.188112735748291
125328,750.6685385286448,500,False,0.15196344331346381,True,0.013988506260323278,1.4079132080078125
125408,811.0663927750849,500,False,0.07045411846353034,True,0.013977433956696636,1.218421220779419
127696,732.279322144933,500,False,0.19134572241348763,True,0.0139775498677871,1.4177292585372925
128208,720.590583903001,500,False,0.1354565798326192,True,0.013743723254710476,1.1754000186920166
128784,790.1354802184787,500,False,0.09209324422931803,True,0.013737937775295169,1.1489681005477905
128800,534.3705929472354,500,False,2.471802894209525,True,0.013887004187363827,1.3127901554107666
129024,837.7804146971779,500,False,0.047802620998036074,True,0.013882522958235265,1.3957159519195557
129456,726.5866272253221,500,False,0.0936753055406881,True,0.01384329967871028,1.1138887405395508
129472,606.4667545125617,500,False,0.38670771372046425,True,0.013817257492485769,0.9225611090660095
129792,731.1016204728667,500,False,0.0629428802092473,True,0.013816359690036365,1.129082441329956
130000,724.574104307103,500,False,0.08340466946434427,True,0.01388095160633008,1.300775170326233
130784,619.2555848894783,500,False,0.5319865813772952,True,0.013846670431562803,1.1423245668411255
131136,829.0311883621198,500,False,0.048767871921125264,True,0.013864271823255022,1.074729323387146
131760,779.4219803861794,500,False,0.07999676569244925,False,0.013911254233808732,1.354852557182312
131920,805.457094882686,500,False,0.06397407099522208,False,0.013913265238813368,1.005225419998169
131936,721.2952183723448,500,False,0.1712445171769035,True,0.013854972904972462,1.1171643733978271
133328,776.6255918135362,500,False,0.09136897185770426,True,0.013846470838076153,2.3686885833740234
133408,795.9883094322512,500,False,0.10348974839587749,True,0.013816928234360797,1.401127576828003
135696,479.0562159984618,500,False,1.0653611162131913,True,0.013810937215614317,1.4210611581802368
136208,850.1101830774443,500,False,0.05009614882497309,True,0.013984192821235066,1.305953860282898
136784,791.9627509769639,500,False,0.06314414637728288,True,0.014139212419652453,1.2157142162322998
136800,695.4345277013815,500,False,0.06659613758736983,True,0.014283837242727747,1.579458475112915
137024,782.2125613162693,500,False,0.025829591249703833,False,0.014282022263810977,1.1613168716430664
137456,784.7911562812038,500,False,0.047465858643771695,True,0.014280143168827749,1.2909188270568848
137472,748.1238691328795,500,False,0.20736970469592564,True,0.014309374423063745,1.2463111877441406
137792,727.8460064785882,500,False,0.0849685085762301,False,0.014302090721189766,1.2572238445281982
137936,289.1312615392188,386,True,2.9888453790597906,True,0.014193272094986458,1.4471243619918823
138000,857.2163823428283,500,False,0.04432465877666473,False,0.014184019136650586,1.1967928409576416
138784,745.9791406913624,500,False,0.19109401934146206,True,0.014115889478852402,1.4642208814620972
139136,483.3585071270104,500,False,0.058427265267273855,True,0.014229613980413372,1.278438925743103
139920,706.9636434325334,500,False,0.2371167913031703,True,0.014166791772104451,1.1973912715911865
139936,721.9310703003032,500,False,0.26057715725133296,True,0.013995369053105363,1.2925450801849365
141328,782.0803026975171,500,False,0.047271529368616304,True,0.013994888653926877,1.4603755474090576
141408,844.6200522771699,500,False,0.07931160455222236,True,0.014143607537208993,1.0721263885498047
143696,793.6405594430959,500,False,0.10012802328164774,True,0.014120985144688772,1.2198196649551392
144208,736.7816377261487,500,False,0.05265117327990436,True,0.014253639946153338,1.0761897563934326
144320,147.80051649850952,182,True,1.1963316591527797,True,0.01427810687034465,1.253300666809082
144784,841.1548374105001,500,False,0.029085845032822702,True,0.014325774717191542,1.4310739040374756
144800,726.3446744476682,500,False,0.0649421088578447,True,0.014281891371782696,1.3035547733306885
145024,657.7149532715208,500,False,0.2488007990360252,True,0.01428696393229758,1.3116562366485596
145456,614.8225164861171,500,False,0.5004187927455587,True,0.01428960042689828,1.5032665729522705
145472,651.3977924994621,500,False,0.20417435785828653,True,0.014360996131562543,1.310089111328125
145792,809.9092879945542,500,False,0.10089779528416887,True,0.01435143433781235,1.2993338108062744
145936,562.9127996657659,500,False,1.497675899342048,True,0.014333388959753293,1.162803292274475
146000,781.8034921535354,500,False,0.0240509193802172,True,0.014333799569913982,1.6170469522476196
146784,849.953799888674,500,False,0.10256745301652331,True,0.014348688353919406,1.1735785007476807
147136,869.3368336981845,500,False,0.06911906403724917,True,0.014168975224401442,1.1069766283035278
147920,455.4486551987586,500,False,0.8064842057459606,True,0.014080059390685011,1.265254259109497
147936,734.5992252981098,500,False,0.2210368867998666,True,0.014294538101631286,1.3550745248794556
149328,778.0207783892306,500,False,0.02689382602383386,True,0.014301224675114382,1.1795017719268799
149648,319.92384356214626,304,True,1.3830218392364708,True,0.014162833531735553,1.1712074279785156
151696,804.2557465080288,500,False,0.04970612886957713,False,0.014392079546201272,1.5429704189300537
152208,735.6996912489736,500,False,0.06655602621975182,False,0.014867669435523838,1.2642812728881836
152320,812.6035308090127,500,False,0.09639011258715711,True,0.015028194154234335,1.4219179153442383
152800,678.5951792405482,500,False,0.07776590760940302,True,0.01497474518807874,1.1002548933029175
153024,853.2628000391966,500,False,0.05928262083005969,True,0.015109780851499222,1.3746137619018555
153456,647.5154791602155,500,False,0.13492924271359658,True,0.015073458687199968,1.5262724161148071
153472,829.1094583621306,500,False,0.09780952346860414,True,0.015175808370910997,1.2308285236358643
153792,779.9292865725639,500,False,0.07621211722403393,True,0.015174312943634822,1.5436846017837524
153936,825.3212301951492,500,False,0.08468967762680976,False,0.015234910601302434,1.4906949996948242
154000,489.5123907902188,500,False,3.6667985010488384,True,0.015204074820618804,1.5295798778533936
154784,780.6096149688149,500,False,0.06666101759921808,True,0.015219928766935755,1.6250157356262207
155136,767.9159100253532,500,False,0.039101733109242066,True,0.015217937532343951,1.3289886713027954
155920,837.4273574400763,500,False,0.024964116237551744,True,0.015220271923314325,1.2694716453552246
155936,802.1504385225647,500,False,0.03005836379792875,False,0.015003144564499535,1.5649800300598145
157328,820.9528930675034,500,False,0.06053097086521801,False,0.015018207684939765,1.5827372074127197
157648,741.5366194149675,500,False,0.0867303452641132,True,0.01511274232779298,1.330162525177002
159696,863.4104330878162,500,False,0.04829794543381565,True,0.015106224332732995,1.4778451919555664
160208,737.9080946508325,500,False,0.05087901110017709,True,0.014967030505837585,1.3974381685256958
160320,748.5583713674902,500,False,0.053984622815835555,True,0.015058250196430156,1.4660203456878662
160800,794.0613041527217,500,False,0.06419169124585067,True,0.015077244630644417,1.3848586082458496
161024,873.8548122592515,500,False,0.03946141447660676,True,0.014911727771055226,1.4320710897445679
161456,513.7884415030198,500,False,0.5349501454831931,True,0.014876734541727783,1.378899335861206
161472,593.399908460098,500,False,0.2705490084263698,True,0.01478486065843421,1.6321403980255127
161792,722.7774614829415,500,False,0.04774519464929522,True,0.014790072639189945,1.4721100330352783
161936,780.2679319410906,500,False,0.04286557728062092,False,0.014772934479006286,1.3334864377975464
162000,716.0338274703765,500,False,0.10179866431320928,True,0.01479120562128552,1.5514612197875977
162784,797.7577860784113,500,False,0.06814519591064949,False,0.014806413378039916,1.6650290489196777
163136,675.6750186487567,500,False,0.6579187711939538,True,0.014967044085357296,1.4434508085250854
163920,768.7533642288827,500,False,0.08576584192907331,True,0.01504083594462479,1.353454828262329
163936,781.6867169396043,500,False,0.09033458058743384,True,0.014994802406044122,1.4558782577514648
165328,722.2678784358006,500,False,0.07647877238787436,True,0.014991727584612475,1.530601978302002
165648,773.6422900740677,500,False,0.068810473092049,True,0.015505754063550103,1.4205769300460815
167696,799.8048488412447,500,False,0.06548714462259554,True,0.015608309292750054,1.513120174407959
168208,565.381102106345,500,False,0.5955450629171058,True,0.015515654690403904,1.5958237648010254
168320,655.4104988635206,500,False,0.22795880147435105,True,0.015758010411863012,2.0745677947998047
168800,766.0294290924455,500,False,0.08558792352982864,True,0.015784290714970707,1.5908039808273315
169024,778.9367697065692,500,False,0.06617685517877653,False,0.0157594528726203,1.4573850631713867
169456,720.8805326656523,500,False,0.08743525594541413,True,0.01569816672712794,1.6298496723175049
169472,701.9436304802965,500,False,0.3239131259424556,True,0.01563496719646038,1.5735419988632202
169792,823.7721658024395,500,False,0.06060940190383136,True,0.015628056629106334,1.3213396072387695
169936,819.4626461024045,500,False,0.03538021307579322,True,0.015690519508932896,1.633117437362671
170000,758.9325677007073,500,False,0.028346988346162304,True,0.015722726278376776,1.662021517753601
170784,795.3293678880023,500,False,0.0712791008846622,True,0.015747721608098227,1.6686735153198242
171136,731.0561771430127,500,False,0.0546868596913535,True,0.01584056843424237,1.5699526071548462
171664,674.3812052573883,484,True,1.7206727755033573,True,0.01591253515164249,1.69452965259552
171936,816.2597914654907,500,False,0.016151458784895448,True,0.01596293442175925,1.6590867042541504
173328,809.7074788223982,500,False,0.06452162245906348,True,0.01598308760637973,1.4632091522216797
173648,793.7257420517269,500,False,0.2782079434090118,True,0.016239376560982843,1.560510277748108
175696,729.3849749713564,500,False,0.16047567620594533,True,0.016160299948467426,1.4206324815750122
176208,713.2833863999832,500,False,0.04133314334325534,True,0.015893012981563922,1.5494062900543213
176320,790.5308971973807,500,False,2.5849728218623933,True,0.015816016660394186,1.765024185180664
176800,767.0985095120169,500,False,0.0482864835231198,True,0.01578825416898294,2.3618106842041016
177024,833.5186491605967,500,False,0.05746485198017503,True,0.015747403654556194,1.3404818773269653
177456,752.2388801810565,500,False,0.0867473000613616,False,0.015685177483429458,2.082573890686035
177472,761.8405581703221,500,False,0.14887286515264544,True,0.015632954324266205,1.3390226364135742
177792,853.9125512301435,500,False,0.07392181132589419,True,0.015629947529669903,1.609595775604248
177936,679.4341060278811,500,False,0.26241227352461843,True,0.015602585276451345,1.7197173833847046
178000,760.0115378518923,500,False,0.08340920163166651,False,0.015599288083506035,1.6259455680847168
178784,701.6335625508933,500,False,0.06097693737508545,True,0.015589246108393033,1.6762559413909912
179136,737.241209567654,500,False,0.08492114702067263,True,0.015786953333181503,1.5325322151184082
179664,785.5229207429846,500,False,0.11154341511024513,True,0.015800317285505804,1.3731341361999512
179936,746.1807896500702,500,False,0.06344937121782834,True,0.015805269895854505,1.5623915195465088
181328,721.4719153938007,500,False,0.10618178353546225,True,0.015828088827165077,1.9415260553359985
181648,716.7406886860396,500,False,0.07819144561127456,False,0.015813538336961072,1.7224676609039307
182016,316.4411101747027,312,True,3.62829005717694,True,0.015822903874427897,2.5185909271240234
183696,759.448084005099,500,False,0.07078800872058133,True,0.015984967420277427,1.5305523872375488
184208,748.1213490512564,500,False,0.059691116100112906,True,0.015868739834824255,1.8868861198425293
184320,742.3895468940547,500,False,0.0657323906756564,True,0.01593085882704688,1.3639802932739258
184800,431.8518957541425,500,False,1.052977315519725,True,0.01590206249771647,1.6603583097457886
185456,698.2511449314803,500,False,0.4745262725059454,True,0.01590744348117398,2.3391072750091553
185472,804.2812822115216,500,False,0.07331598566360674,True,0.01582786087601002,1.4240224361419678
185792,770.9599923506813,500,False,0.09636068129078354,False,0.015817215489648675,1.8322603702545166
185936,866.8563689190026,500,False,0.06005028914107011,True,0.015806674409415366,1.7227011919021606
186000,718.1662767719154,500,False,0.08447476714262095,True,0.015867674462852036,1.681596040725708
186784,720.0324014903073,500,False,0.09800631461443952,True,0.015845567548479836,1.4405187368392944
187136,681.4826646128114,500,False,0.08850875419860393,False,0.01596038422929793,1.7372297048568726
187664,755.8070872167042,500,False,0.1468026873464274,True,0.01596408721845593,1.4492493867874146
187936,839.0272358841969,500,False,0.10564587651087687,True,0.015895983047726034,1.9006760120391846
189328,811.5993198224938,500,False,0.06310832703585101,True,0.01580523910873816,1.5632697343826294
189648,768.4540916275523,500,False,0.11945869465390334,True,0.01593339214591189,1.5635465383529663
190016,808.597071001893,500,False,0.07319789334145066,True,0.01587210075770853,1.5345172882080078
191696,728.0531545989629,500,False,0.4895170426048295,True,0.015811276947446114,1.9170904159545898
192208,798.4879862670198,500,False,0.07621963131077063,True,0.01570625203880185,1.4937620162963867
192320,818.6940005573239,500,False,0.11848288620303618,True,0.015553631815057879,1.9132137298583984
192800,758.224282146584,500,False,0.08043549573259805,True,0.015543343510455235,1.710037112236023
192912,515.4334949855481,383,True,3.41410454999095,True,0.015571432398117138,2.260904550552368
193456,729.2773268929628,500,False,0.06825959771585727,True,0.015595507222296476,1.4736512899398804
193472,841.8268706158665,500,False,0.16586695175501429,True,0.015523933045297485,1.5918763875961304
193792,698.3319868452802,500,False,0.1080352036364897,True,0.015519574172104906,1.9176111221313477
193936,770.8138872524648,500,False,0.08179595958162404,True,0.015540870013299816,2.1807289123535156
194000,711.3591746766069,500,False,0.08868032723730647,True,0.01548337286360108,1.6289557218551636
195136,728.3213951664749,500,False,0.10478348806398455,True,0.015520585318983685,1.6205108165740967
195664,773.0735758906438,500,False,0.10283924233239918,True,0.015606463300664439,1.3684616088867188
195936,797.0147799030165,500,False,0.04354943500713358,False,0.015566964740760069,1.7842086553573608
197328,347.46699735666164,500,False,2.157795997902186,True,0.015470582400976957,1.4056344032287598
197648,731.9681234404404,500,False,0.19768232533136243,True,0.015499787022459608,1.556339979171753
198016,767.497700720854,500,False,0.08789076940845834,True,0.015455995657374832,1.4582579135894775
199696,800.2496125662275,500,False,0.23181413055180355,True,0.015490448184671088,1.9929664134979248
200208,721.3256239938421,500,False,0.10532318793787399,True,0.015822103230917935,1.5939527750015259
200320,621.5849716669173,500,False,0.7040776435699818,True,0.01590393372874965,1.5649056434631348
200800,804.5679020070601,500,False,0.09592476463582016,False,0.015979779403479534,1.520110845565796
200896,723.2953979460505,499,True,2.589152557539953,True,0.015940411807317447,2.1566710472106934
201456,781.4368607322556,500,False,0.0977675807646895,True,0.015910208969506064,1.705528736114502
201472,723.1885102673623,500,False,0.07601901623232517,True,0.01582371632337733,2.1512999534606934
201792,849.6844696378585,500,False,0.0740848883636084,True,0.015811922967753446,2.599559783935547
201936,771.0397571648244,500,False,0.07306567008893293,True,0.01574014968777188,3.218942642211914
202000,763.1590809147303,500,False,0.30375082693568695,True,0.01572170433449271,1.6377332210540771
203136,846.1728083951199,500,False,0.06838862551177416,True,0.015724784827264655,1.370163917541504
203664,650.6137455399183,500,False,1.0462315066147387,True,0.015627363482845543,1.7078132629394531
203936,758.1852583651666,500,False,0.0853163564723131,True,0.015693118456256917,1.85910964012146
205328,750.1255059091125,500,False,0.22904362126859995,True,0.015666598935923766,1.6808335781097412
205648,741.5348753469533,500,False,0.09482996552363752,True,0.015754480109896288,1.8130854368209839
206016,589.8545346615261,500,False,0.3218472163597181,True,0.01563096604885681,1.839205026626587
207696,778.4495605301416,500,False,0.056426702004441595,False,0.015473680671015462,2.4483742713928223
208208,727.9218021856517,500,False,0.0973773381889795,True,0.015402548168710777,2.493636131286621
208320,793.9798006057271,500,False,0.030820267523544036,False,0.01539857718988485,1.6859300136566162
208800,698.6398583331256,500,False,0.09724971848982528,False,0.015416162544778912,1.4843101501464844
208896,790.7291571380368,500,False,0.03934258391228838,False,0.015343846065360867,1.3506816625595093
209456,746.696336422651,500,False,0.03154545941743338,False,0.015342037708383433,2.0986833572387695
209472,753.979509509322,500,False,0.05081140911490397,True,0.015382891603496741,1.677573800086975
209792,707.3922868382174,500,False,0.11085612008252888,True,0.015389283425727512,1.7250956296920776
209936,802.2307334165642,500,False,0.04971443319381517,False,0.015436667484276767,1.614429235458374
210000,809.7327489390922,500,False,0.09998306164622203,True,0.015408762021588937,2.0804219245910645
211136,799.597118529105,500,False,0.05035647032696564,True,0.015436768804726306,2.1049013137817383
211664,707.0739808711419,500,False,0.07711270306819018,True,0.015421939933010501,1.7566378116607666
211936,760.2829002180787,500,False,0.09366392125506326,True,0.015469230625114967,1.7654709815979004
213328,733.4700518490591,500,False,0.25967908858493255,True,0.01541878774499131,1.541583776473999
213648,832.8230867415788,500,False,0.06720164201516973,True,0.015831997095322455,2.3516414165496826
214016,791.901364401983,500,False,0.05095929245083668,False,0.01587833130885904,1.8684678077697754
215696,770.2352337244381,500,False,0.03926953166146232,True,0.016015519591177307,1.7734906673431396
216208,736.8548923187051,500,False,0.06349380704715783,False,0.0162214600546055,1.9865158796310425
216320,746.9939262945503,500,False,0.06964647296692346,True,0.016166475755484206,1.408643126487732
216800,733.9575226974107,500,False,0.08515493391682769,False,0.01614164719365198,1.4155211448669434
216896,749.1275577525098,500,False,0.06571354752982454,False,0.016054700128445145,1.762771725654602
216976,704.670870734765,469,True,2.5535040937952713,True,0.015994284155504145,1.7764308452606201
217456,490.5842028654763,500,False,0.24680935924154676,True,0.01594635395870437,1.7849584817886353
217792,811.4374918740879,500,False,0.05930645174542813,False,0.01584695751817842,2.5625486373901367
217936,577.9910509627996,500,False,0.17105770222497535,True,0.01579426786689015,1.7966041564941406
218000,777.6424623518478,500,False,0.11025079596541498,False,0.015812961059584917,2.3496246337890625
219136,769.2755044252899,500,False,0.12275403771154962,True,0.015833969724702995,1.5372915267944336
219664,801.4049764815485,500,False,0.10063344676345407,True,0.01594965156259767,1.5608861446380615
219936,767.6469658027265,500,False,0.08117719069650906,False,0.015962551660584703,1.5938470363616943
221328,790.908529729025,500,False,0.05338269005869368,False,0.016067250760469682,1.5570409297943115
221648,483.3576755572937,500,False,0.680717293469964,True,0.015792206941137688,1.6308369636535645
222016,873.0213944972946,500,False,0.03957275851469128,False,0.015830161248040958,1.888525128364563
223696,738.504401726733,500,False,0.1300429033495814,True,0.015909150744496094,1.8834004402160645
224208,751.1151208910701,500,False,0.10449912306288066,True,0.01615609047926816,1.9884554147720337
224320,733.9059616072115,500,False,0.07495016916487093,True,0.0159213350750324,1.6031794548034668
224800,787.8108665820922,500,False,0.08220659271968059,False,0.01582684586159091,2.085371494293213
224896,761.4862803911521,500,False,0.09206641096493168,True,0.01583030816903124,1.5929659605026245
224976,775.6259389557091,500,False,0.1426864466728964,True,0.015830277231950633,1.3335649967193604
225456,711.7038347074915,500,False,0.1176005221985369,True,0.01590441187085309,1.9514631032943726
225792,783.940931831351,500,False,0.0748182168908752,True,0.01582841115775734,1.6547935009002686
225936,743.3541527972541,500,False,0.1296463209868061,True,0.0157761253747161,1.9359848499298096
226000,826.904482035793,500,False,0.0671331937810713,False,0.015760144127702234,1.8215646743774414
227136,763.4034301340287,500,False,0.07335631147065266,False,0.0157744265459347,1.3991758823394775
227664,766.9953323147108,500,False,0.10610756428541555,True,0.015792889720233565,1.5994514226913452
227936,766.1444340284925,500,False,0.05938042005831819,True,0.01588250086007232,1.5563936233520508
229328,797.0036675308164,500,False,0.0514199300883477,True,0.015852660369380996,1.6096811294555664
229648,689.4650686538221,500,False,0.08700558681470746,True,0.016090019705852533,1.8880101442337036
230016,831.6262744271942,500,False,0.10120207896507132,True,0.016225528568666527,1.6606853008270264
231696,754.8138045809822,500,False,0.1467267611750707,True,0.016183226721986348,1.3631160259246826
232208,746.3761136974045,500,False,0.11906125477176678,True,0.016104597794293005,1.317728877067566
232320,771.5542707686075,500,False,0.08204078513487739,True,0.01622039061832178,1.7053847312927246
232496,509.21914591219456,419,True,2.761963317426723,True,0.01620653687727892,1.844525933265686
232800,781.8714252861349,500,False,0.11219253577579673,True,0.016171270347305432,1.8928931951522827
232896,732.0986946189574,500,False,0.0741579325234646,True,0.01612425229296691,2.2914481163024902
232976,829.5548682297662,500,False,0.04618081286690392,True,0.016103040102698692,2.148434638977051
233456,739.1678658017571,500,False,0.11091741438329329,True,0.01604245460152873,1.883733868598938
233936,779.962642086592,500,False,0.06006482582804569,True,0.01608660799555335,1.5980215072631836
234000,749.2314420631616,500,False,0.08480996536011219,False,0.016154903345190232,1.7591066360473633
235136,680.9612620496302,500,False,0.1652149786741597,True,0.016130067159166806,1.3757479190826416
235664,706.9309428664757,500,False,0.2150121261687007,True,0.01611291500466491,1.892928123474121
235936,790.9797256779643,500,False,0.0694783563114015,False,0.016093027059352085,2.408489942550659
237328,750.2498845647809,500,False,0.09155075364960648,True,0.016202602578375712,2.2180914878845215
237648,738.521773493786,500,False,1.1422753884608414,True,0.015957486271543597,1.738440990447998
238016,685.0868400084845,500,False,0.10235768861705394,True,0.015971223052810735,1.6518210172653198
239696,823.8037890076015,500,False,0.10657350549745871,True,0.015858544166628737,2.2304530143737793
240208,744.8279148488763,500,False,0.10247602312759908,True,0.01567628425381946,1.5942639112472534
240320,832.0890051087742,500,False,0.06821322268894,True,0.015734450505047064,2.12302827835083
240496,760.2039933362166,500,False,0.07586370581583682,False,0.015727149691170693,1.7007062435150146
240800,667.7974484749479,500,False,0.10398422529899506,True,0.015765223713936967,1.6341521739959717
240896,764.2841723315316,500,False,0.09593198043666998,True,0.015805298097739114,2.061114549636841
240976,750.1971106103897,500,False,0.08443420975035132,True,0.015865936766662217,2.263045310974121
241456,464.8762359892779,500,False,0.34873079926188216,True,0.01589065149366481,1.6929688453674316
241936,714.4761217614852,500,False,0.10414538099309734,True,0.01591087398945291,1.609118938446045
242000,714.9176898239122,500,False,0.13727363325262673,True,0.015999530026128743,1.9893320798873901
243136,782.6469022579475,500,False,0.11505636463441571,True,0.01600466711809407,1.3868296146392822
243664,704.9178872993588,500,False,0.12041462782413316,False,0.015555837051187049,2.1365785598754883
243744,594.4555560678824,488,True,6.038229583027219,True,0.0154952331565661,1.7161026000976562
245328,626.2671613270152,500,False,0.18448215767773413,True,0.01550063652920704,1.6386454105377197
245648,724.7076548847798,500,False,0.0950079202239707,False,0.015257711085291992,1.7950093746185303
246016,698.8518411240764,500,False,0.14429036434727063,True,0.015210314889471473,1.9567325115203857
246592,402.22856319478217,431,True,2.9163281238666388,True,0.015140864584293735,1.8267920017242432
247424,478.5346660170156,403,True,4.033546476769151,True,0.015166331895425555,1.4561638832092285
248208,586.643067105564,500,False,0.5507690979735417,True,0.015091641327706897,2.231781244277954
248320,807.378786146838,500,False,0.08775303323373565,False,0.015146967913156645,2.049100399017334
248496,666.961340818593,500,False,0.12917358895258943,True,0.01509148404452182,1.4507101774215698
248800,627.4291166814083,500,False,2.174101957816667,True,0.015153045193150545,1.5221872329711914
248896,718.305523460049,500,False,0.09991144542708719,True,0.01528456424711508,1.8956844806671143
249456,714.3656451345166,500,False,0.10450101853064683,True,0.015348252806382339,2.5079894065856934
249936,706.123646262134,500,False,0.17637151532011694,True,0.015220794283955947,2.2733101844787598
250000,515.8332558799469,500,False,0.20047045215608633,True,0.015245539727836351,1.8246421813964844
250688,420.8169323810973,434,True,5.793842394173075,True,0.015239327083645646,1.6397359371185303
251136,785.3356332025115,500,False,0.11272201734666618,True,0.015205897073992133,1.8854800462722778
251664,704.1295083802715,500,False,0.07687565794674296,True,0.015205976176441711,1.6560187339782715
253328,802.7408073059701,500,False,0.09641801713771017,False,0.015185970575522817,1.7110731601715088
253648,742.532722395642,500,False,0.1359531691985428,False,0.014955682245750624,2.0648560523986816
254016,683.6453671090919,500,False,0.1536888001505321,True,0.014958991085742295,1.8824131488800049
254592,775.2631782599259,500,False,0.11480975810068159,True,0.015177072296905215,1.5820584297180176
255424,674.3188016833957,500,False,0.09497803231116271,False,0.015222588892341989,1.9035863876342773
256208,785.5494206897129,500,False,0.09845603034150646,True,0.015076689215990622,1.847533941268921
256320,680.8250546011377,500,False,0.14189926277602588,True,0.015027365358891367,1.866037130355835
256496,731.1066382734781,500,False,0.11741675880567888,True,0.015106594018317644,1.5428606271743774
256800,828.2921643505161,500,False,0.03913974270621006,False,0.015190587886422751,1.9432977437973022
256896,750.7109760368876,500,False,0.051093062224146855,False,0.015154634686284052,1.6046967506408691
257456,741.5857765542848,500,False,0.08115505084363964,True,0.015115239137229872,1.7862918376922607
257936,779.356351754182,500,False,0.06613326152586727,True,0.01528942068432888,5.8280134201049805
258000,771.8204364845872,500,False,0.1048817886435635,True,0.015325694721250453,2.0628204345703125
258688,810.3206199049077,500,False,0.13290879039049294,True,0.015329791152179532,2.1552255153656006
259136,818.4238468946301,500,False,0.06101700735793628,True,0.015423719350529495,1.625068187713623
259664,754.1721113264342,500,False,0.08845844737346706,True,0.015370203781596307,1.7460445165634155
261328,777.8778652284693,500,False,0.06804663379861059,False,0.015281794025539079,1.9180474281311035
261648,827.3550623818015,500,False,0.04608070307271066,False,0.01523880790242624,1.439918041229248
262016,730.2585612513291,500,False,0.07767841697503954,True,0.015193091375136157,1.751014232635498
262592,845.7722493858836,500,False,0.11107984377582159,True,0.015162222768714156,1.842102289199829
263424,875.1414121484828,500,False,0.05133111687195918,False,0.015202638549803823,1.4666564464569092
264208,777.0871615337119,500,False,0.1475205437407811,True,0.01541394177533943,1.8737305402755737
264320,746.4393793485722,500,False,0.0866344410954518,True,0.015667567229254633,2.2778358459472656
264496,612.8300987967307,500,False,0.16032052938053015,True,0.01569418650365014,1.8462069034576416
264800,843.0122170149932,500,False,0.048653112844353835,True,0.015680667378154586,2.052335739135742
264896,811.535344329749,500,False,0.021764194131834592,True,0.015677944265809794,1.7574617862701416
265456,806.9892547791648,500,False,0.1359760535906857,True,0.015604374737059317,2.3173000812530518
265936,777.6665561401965,500,False,0.20601619453344608,True,0.015517410171163445,1.7114250659942627
266000,833.4633730569731,500,False,0.10256691525830826,True,0.015524735251007104,1.584740400314331
266688,858.7777701055072,500,False,0.0686908676889884,True,0.015521752644029257,1.707089900970459
267136,759.0238354180112,500,False,0.0874365102977056,True,0.015552881340796264,1.8048101663589478
267664,860.7966712916224,500,False,0.07715322819412185,False,0.015690228383042487,6.190652847290039
269328,775.2440850599788,500,False,0.220336263529343,True,0.01582780390432614,1.487301230430603
269648,741.5155373133831,500,False,0.09743607304941557,True,0.01568298142428275,1.8725881576538086
270016,742.3919896530447,500,False,0.14492626740586784,True,0.01557427508713673,1.2123956680297852
270592,673.7508140414052,500,False,0.19916442318889235,True,0.015565003205158679,1.7886903285980225
271424,742.4791557596596,500,False,0.08314536730784301,False,0.015525003709659854,1.3801398277282715
272208,843.0352578669675,500,False,0.06036337459488691,False,0.015556470809240858,2.281015396118164
272320,813.6820287633424,500,False,0.20579271989186607,True,0.015380775614097768,1.6999233961105347
272496,844.7962362099996,500,False,0.06002119779595713,True,0.015397123077883115,1.4692902565002441
272800,756.0038206701508,500,False,0.08038573669577306,True,0.015410053397536982,1.4461653232574463
272896,708.0149141897436,500,False,0.1108859835969469,True,0.015365292464208334,1.6604596376419067
273456,674.1537857921961,500,False,0.13988914104907635,True,0.015371864321241827,2.261042833328247
273936,812.0865012530147,500,False,0.042223636967639075,False,0.015271190932935767,1.5844684839248657
274000,744.4845736030255,500,False,0.1316059782895969,True,0.015181210002461693,2.335085868835449
274688,747.6628436156966,500,False,0.05085027296007957,True,0.015154779247191379,1.4430091381072998
274736,323.7175561797265,295,True,2.5378830999391715,True,0.015180636988219988,1.5945745706558228
275136,481.58037936867436,500,False,0.5342117418022355,True,0.015191848038404199,1.412196159362793
275664,651.0669589720235,500,False,0.20551762501337462,True,0.015329943344785112,1.6704776287078857
277328,675.4232999673762,500,False,0.8436636932332884,True,0.015405372637453129,1.8875303268432617
277648,682.174608675334,500,False,0.2569773083130041,True,0.01575173462990496,1.6367685794830322
278592,776.6680162124982,500,False,0.05995746031967186,True,0.015649898762777115,1.749173641204834
279424,757.8772836049728,500,False,0.1248233468904014,True,0.01545416264518641,1.5675404071807861
280208,721.9014067554717,500,False,0.1022092532855717,True,0.015468566144831422,1.5903120040893555
280320,814.0226793473236,500,False,0.10523809380324797,True,0.015350447982354607,1.6775684356689453
280496,718.2743254467586,500,False,0.15426361926183302,True,0.015305304273172816,1.528597116470337
280800,713.6975198972186,500,False,0.14845446740810664,True,0.015373247511931103,2.0663063526153564
280896,726.95107512565,500,False,0.1860409770003708,True,0.015320481793374226,1.8060191869735718
281456,627.9646564350022,500,False,0.3542661283531874,True,0.015319862430252264,1.9550389051437378
281936,776.380823210326,500,False,0.08464689932967057,False,0.015210595616188956,1.752607822418213
282000,790.0034063813616,500,False,0.07687610094839577,True,0.015189593326979927,1.7074313163757324
282688,763.2123689301461,500,False,0.08193188249546399,False,0.015163752191049384,2.003037452697754
282736,698.117689226759,500,False,0.14389257029846228,True,0.014870383700452443,1.7520837783813477
283136,712.8004581816052,500,False,0.1257945012809595,True,0.014867714478585953,1.6553419828414917
283664,724.78639987094,500,False,0.14932046388599932,True,0.014826722287038437,1.7852177619934082
285328,659.3666572065201,500,False,0.14387915533041792,True,0.014711780441337209,1.8132548332214355
285648,837.5161953027771,500,False,0.0633767840072023,True,0.014521614951283169,1.6816866397857666
286592,812.6150310070977,500,False,0.032884568395493835,False,0.014557871344506902,1.6146774291992188
287424,775.9660290972975,500,False,0.09712402815965739,True,0.014543727177341778,1.6107738018035889
288208,660.9633738475848,500,False,0.3575406864912182,True,0.014707019486442882,2.148799180984497
288320,769.9869249865097,500,False,0.15386130303786139,True,0.014632562009350788,1.625330924987793
288496,783.2961981357287,500,False,0.0357489033754532,True,0.01462066339975725,2.3045310974121094
288528,645.8748762350042,412,True,3.4834489973154583,True,0.014712092002347856,1.8946980237960815
288800,801.7482714883831,500,False,0.02072388807501128,True,0.014719268948851396,1.9142756462097168
288896,763.1860532494801,500,False,0.04620959750453674,True,0.014797212977943792,1.629930019378662
289136,364.3311030152697,375,True,2.1448996333316894,True,0.014771882727728012,1.5439835786819458
289456,814.9604915880582,500,False,0.031967279194963706,False,0.014718462349580434,1.9576654434204102
290000,639.6837396572023,500,False,0.20583714297534933,True,0.014837904385364913,1.496525526046753
290688,694.2637509041037,500,False,0.17878103747590005,True,0.014965244562612195,1.8968315124511719
290736,630.333321656036,500,False,0.26210288419631494,True,0.01521500631598275,1.5553280115127563
291664,726.0753848385224,500,False,0.04587153049246371,True,0.015226756634059636,2.047729253768921
293328,791.2383628453383,500,False,0.04849763163719117,True,0.015158097683729648,1.254664659500122
293648,619.2570168441796,500,False,0.27383643979440936,True,0.015363310657577112,1.7867738008499146
294592,760.8445017228514,500,False,0.1019596503258143,True,0.015410120533803423,2.007847309112549
295424,789.5634523752607,500,False,0.06646087042035294,True,0.015308204285439315,1.8943991661071777
296208,801.8669670471381,500,False,0.06275274585582383,True,0.01509995394163804,2.080890417098999
296320,815.2320856890669,500,False,0.04086336788562439,True,0.014823730625160082,1.8777709007263184
296496,815.9532547994605,500,False,0.06888581116024696,False,0.014805170045978786,2.252620220184326
296528,751.9737618127973,500,False,0.08466662054173231,True,0.014700172307935194,1.2928471565246582
296800,747.6151390149838,500,False,0.11072075240229318,True,0.014687297523810185,1.4082262516021729
296896,791.4768383536567,500,False,0.19913929741113703,True,0.014541932681430239,1.9654866456985474
297136,877.3994881756576,500,False,0.06670407846588612,False,0.014486165526960394,1.8324427604675293
297456,770.5528875430706,500,False,0.07428741084889359,True,0.014408216286478174,2.018381357192993
298000,844.8100424483437,500,False,0.028573445136539564,False,0.01445290077215077,1.8752460479736328
298688,827.4536200177213,500,False,0.20084593924743954,True,0.014693632772604845,1.737533450126648
298736,780.497563215076,500,False,0.033347080274941536,True,0.014691889209196816,1.171025037765503
299664,729.6057995883021,500,False,0.09898111229642287,True,0.014684393547817129,1.5799115896224976
301328,762.1385999846159,500,False,0.0528699877306252,True,0.015042969110599958,1.2602308988571167
301648,799.3469156568076,500,False,0.019325831156391624,False,0.015458146744296634,1.5332553386688232
302592,768.7574312120959,500,False,0.0787265630203214,True,0.015442323273598412,1.8397297859191895
303424,781.1964748024864,500,False,0.19079734552583266,True,0.015610851127853405,1.4948211908340454
304208,856.5827886798294,500,False,0.010571860553247471,False,0.01542154733395364,1.4363148212432861
304320,839.3675861470654,500,False,0.09698340569978318,True,0.015348863669333268,2.3103342056274414
304496,849.183218078767,500,False,0.034905379932987556,True,0.015314634128755054,1.6108393669128418
304528,795.670257955929,500,False,0.05916517995610071,True,0.015259888888319537,1.5501679182052612
304800,651.5162674436243,500,False,0.2510337578049498,True,0.015245650083551459,1.9120211601257324
304896,860.9206981272599,500,False,0.027995550879924398,False,0.015304893026123135,1.740692377090454
305136,847.2661325187986,500,False,0.08266691117898024,True,0.015285905479157034,2.052609443664551
305456,874.2820592866531,500,False,0.047428974782663814,True,0.015269411633588087,1.4528621435165405
306000,846.855344267782,500,False,0.04241525910254225,False,0.015453423559730586,1.6746950149536133
306688,700.9461869718298,500,False,0.07623729682109015,True,0.01556533222876171,1.3824453353881836
306736,778.3902148131339,500,False,0.057090810405166025,False,0.01541108502928931,1.5272597074508667
307664,740.1023010599298,500,False,0.12276371546359036,True,0.015394743822945828,1.5707191228866577
309328,753.0370347338448,500,False,0.17368596545177228,True,0.015428495483865677,1.462583303451538
309648,755.3664480409577,500,False,0.04743869451016843,False,0.015452981646105155,2.0134012699127197
310592,771.2049164954027,500,False,0.30265572677590236,True,0.015546838507371359,2.896714210510254
311424,792.3499760553967,500,False,0.040463141611837734,True,0.01542401876160439,1.5818181037902832
312208,760.0360388768552,500,False,0.06857834607528362,True,0.015344915984146779,1.3912063837051392
312320,825.64545463199,500,False,0.15787182088749466,True,0.015380093619060047,1.4254586696624756
312496,806.8675920220617,500,False,0.022827662847509544,True,0.015329862516210196,1.8610100746154785
312528,808.5887263327002,500,False,0.014020517679077702,False,0.015307074343714403,1.8210289478302002
312800,725.506819953265,500,False,0.0927858584561042,True,0.015320777660072471,1.9484460353851318
312896,547.2213577654574,500,False,0.2630035151971489,True,0.015403987335604757,1.825339674949646
313136,821.4703604954939,500,False,0.06384069744952883,True,0.015369907780397037,1.3680143356323242
313456,714.0971640108382,500,False,0.10995056780957958,True,0.015371734917423727,1.9650070667266846
314000,710.3045247277897,500,False,0.15332941978865286,True,0.015373542915453476,2.1119961738586426
314688,804.4871904927825,500,False,0.2047513495117361,True,0.015288849915030982,1.429539442062378
314736,813.6790226538079,500,False,0.05071873307507126,True,0.0152520698062699,1.8875482082366943
315664,765.6572746775549,500,False,0.06029128835731281,True,0.015201942225404866,1.732399582862854
317328,750.1025599188201,500,False,0.07632547350554175,True,0.01501809379957878,2.171663999557495
317648,862.0458469997344,500,False,0.064068613554523,True,0.014666314348569517,1.3554365634918213
318592,704.6377119298187,500,False,0.058223638683991524,True,0.014543682382318294,1.490726351737976
319424,656.6198922225223,500,False,0.3823099105836985,True,0.0146693815047862,1.5107636451721191
320208,809.2236775634981,500,False,0.09640898703182149,True,0.014869193248476855,1.6429893970489502
320320,763.2090955977054,500,False,0.20505970505008775,True,0.014863253655190648,1.820690393447876
320496,822.382673965168,500,False,0.023726731910932983,False,0.014816239881173919,6.0257697105407715
320528,693.6152328396637,500,False,0.12751665918051963,True,0.014794560229292661,2.7687935829162598
320800,759.7658092059133,500,False,0.12075252920887514,False,0.014777096691847,1.5688881874084473
320896,821.5740978080613,500,False,0.05866752938440198,True,0.014786784673429025,1.766424298286438
321136,735.9449030371858,500,False,0.07032130688695507,True,0.01479259219647044,1.57444429397583
321456,761.8243046379542,500,False,0.07048908680968649,False,0.014793109501559425,1.339435338973999
322000,836.6104975913848,500,False,0.07087849506558819,True,0.01471793282767977,1.506727933883667
322688,764.749742896834,500,False,0.12008216436363847,True,0.014700424287594755,1.6206681728363037
322736,811.3722340933256,500,False,0.10773393767473735,True,0.014578342902280123,1.518146276473999
323664,806.6298893131365,500,False,0.022641469836558594,False,0.01458604234022205,1.5280461311340332
325328,769.829868172553,500,False,0.02784508629556729,True,0.014612324743463037,1.226841926574707
325648,752.1983178422274,500,False,0.10761346762512557,True,0.014890334183383794,1.3285815715789795
326592,677.0260768124595,500,False,0.1271623298990387,True,0.014772607932286297,1.4876065254211426
327424,756.8931987574684,500,False,0.07275224907767835,True,0.014761701955682912,1.3226629495620728
328208,773.2528954707091,500,False,0.08502689550976383,True,0.014881371732628821,1.4376566410064697
328320,779.9989563240646,500,False,0.18413510819220447,True,0.014936558578968707,2.0000834465026855
328496,728.9013744086081,500,False,0.09453661608635625,True,0.014973161346586258,1.5837633609771729
328528,751.631988885467,500,False,0.08445935941873217,True,0.015055151415872336,1.5150362253189087
328800,720.1640754725385,500,False,0.15049828110713342,True,0.015065333456683818,1.5696072578430176
328896,771.1185754765371,500,False,0.08972720241516599,True,0.015068201211732019,1.7794687747955322
329136,734.6137972201628,500,False,0.13380829551537243,True,0.015103083893012565,1.7537811994552612
329456,813.6649455327706,500,False,0.03701802988829364,True,0.01499820584573185,1.572570562362671
330000,647.8277973988825,500,False,0.5244252986071731,True,0.014949050344336946,1.419287919998169
330688,770.2164607995354,500,False,0.11381614872065399,True,0.015015128065754632,1.325214147567749
330736,723.4213603374311,500,False,0.1843179264006591,True,0.015182911508303901,1.6095983982086182
331664,712.8939812539245,500,False,0.07719639306548375,False,0.015163347808186775,1.8711289167404175
333328,732.163905626545,500,False,0.3492989646416266,True,0.015248918469386271,1.2862629890441895
333648,706.1255852603358,500,False,0.0923273412189739,False,0.014820784484804015,1.2487019300460815
334592,698.8411140302854,500,False,0.14144467773335337,True,0.014789648771863066,1.9164050817489624
335424,717.7303778673408,500,False,0.18958994334003562,True,0.01447400159380537,1.3980869054794312
336208,633.5153897932951,500,False,0.5014829713515491,True,0.0145702462657431,6.6419878005981445
336320,686.6656695919171,500,False,0.48178703312630955,True,0.014553735909418941,1.6951467990875244
336496,772.0978955266296,500,False,0.03372357345196869,True,0.014632126250881708,1.286080002784729
336528,785.9799138838581,500,False,0.19597118766856259,True,0.014589698184834039,1.6956400871276855
336800,807.9764703496656,500,False,0.0887066986244961,True,0.014582126942202126,1.3294100761413574
336896,773.8645487305155,500,False,0.05421917562398619,False,0.014563984488291729,1.724379539489746
337136,792.5398681196297,500,False,0.058842957601908094,True,0.014565551589629465,1.4119045734405518
337456,744.8224627174214,500,False,0.16775548660678125,True,0.014451089254338046,1.9329628944396973
338000,733.1336571993257,500,False,0.07957283905299833,True,0.014310691571726031,1.4242126941680908
338688,841.2574527469204,500,False,0.07959334785734655,False,0.014287423372459904,1.8655269145965576
338736,822.1013407571654,500,False,0.07236568322755192,True,0.014205269295192067,1.362245798110962
339664,705.918056533873,500,False,0.18426350685610673,True,0.014214076183660369,1.4143743515014648
341328,800.486091941357,500,False,0.04050929958425385,False,0.014143472621729129,1.5964792966842651
341648,675.918518152996,500,False,0.3423890070244887,True,0.014239451766775386,2.4038329124450684
342592,721.8446067924021,500,False,0.031457497117494945,True,0.01417985071502367,1.8265061378479004
343424,830.3294472473914,500,False,0.03949913445290364,False,0.01420420690054074,1.383544683456421
344208,822.6237171074059,500,False,0.03522032896511841,True,0.014154882349838733,1.8682209253311157
344320,807.5474129819765,500,False,0.09084367578949415,True,0.014075143341229505,1.971986174583435
344496,793.6378736934328,500,False,0.09611891680433143,True,0.01408226115806305,2.6100668907165527
344528,751.6619356470416,500,False,0.11236434769286738,True,0.014079531104563451,1.5722975730895996
344800,779.5859283222521,500,False,0.09888594925855625,False,0.014084244213162789,1.6481150388717651
344896,745.2864136088847,500,False,0.11091778765385868,True,0.014188394478060166,1.4723820686340332
345136,727.6729388029877,500,False,0.14528231347978957,True,0.014167066516460599,1.596954345703125
345456,721.9997244057894,500,False,0.39046907765460687,True,0.01408345194636481,1.1997661590576172
346000,753.7477154177515,500,False,0.27342296894289797,True,0.014064808835192769,1.519967794418335
346688,809.7739786411456,500,False,0.11160625978691116,True,0.013896926605206358,1.579555630683899
346736,846.3828126756218,500,False,0.030044059027919196,False,0.013905895280782246,1.60086989402771
347664,773.9055220899273,500,False,0.08759830824187903,True,0.013905407998023813,1.5691770315170288
349328,786.8743685785303,500,False,0.12478549744792714,True,0.013979263360203989,1.386749029159546
349648,740.0751541590408,500,False,0.06809495260388555,True,0.01461681960185084,3.4977383613586426
350592,797.692539880653,500,False,0.16397924214586462,True,0.014637155427706222,1.5643060207366943
351424,752.1868272785023,500,False,0.10386155499762795,True,0.014788342427740093,1.1920993328094482
352208,862.2358379861906,500,False,0.1281306613234458,True,0.014773701702992423,1.2849900722503662
352320,738.083405531425,500,False,0.13825405305070906,True,0.014769407598313656,1.7824828624725342
352496,715.0260272754036,500,False,0.08759246677459288,True,0.014801076801400874,2.3060684204101562
352528,773.6217074917436,500,False,0.07473320156058755,False,0.014831629592967951,2.1531002521514893
352800,781.377866933042,500,False,0.08327329407657764,True,0.014832349547788512,1.7441213130950928
352896,872.2975758419992,500,False,0.07025386375242512,True,0.014844045531180159,2.1249613761901855
353136,639.2026681754851,500,False,0.409196054965678,True,0.01483614618642506,1.6137975454330444
353312,514.8581098137236,353,True,2.6919563215311326,True,0.014868127487666227,1.9145790338516235
353456,792.7658203937102,500,False,0.07048124813162825,True,0.01479490118309789,1.7722651958465576
354000,713.3900912804561,500,False,0.29493912988470444,True,0.014774384376163492,1.7545335292816162
354688,807.4674373756488,500,False,0.1368199682277044,True,0.014808619590983013,1.6852264404296875
354736,759.1559016657602,500,False,0.06423539050321947,False,0.014862719150604806,1.1471302509307861
357328,762.1684936482699,500,False,0.07336151854369055,False,0.014837357179833695,2.075892210006714
357648,820.4563860160035,500,False,0.04451785519623462,False,0.014710858202367751,1.7320692539215088
358592,790.6291737317365,500,False,0.11826575376224172,True,0.014663709052453908,1.6932203769683838
359424,777.3449256646337,500,False,0.3381648827894922,True,0.01417334773453433,1.6315076351165771
360208,862.4950365398695,500,False,0.06626488388039431,True,0.014326751046001661,1.3014421463012695
360320,789.8319007355755,500,False,0.0796882250749258,True,0.014379978210155749,1.2938514947891235
360496,655.6305296060309,500,False,0.15460505098881958,True,0.014425428193012872,1.577776551246643
360528,739.7271238538923,500,False,0.07873259158511561,False,0.01437801881976503,1.6866353750228882
360800,712.7955800902392,500,False,0.17102025439726876,True,0.014386442977668416,1.9907419681549072
360896,788.6008386124489,500,False,0.07603547255779093,True,0.01443248926070801,1.8981914520263672
361136,776.8996339453953,500,False,0.12237127957396968,True,0.014376410409446387,1.3790568113327026
361312,768.4023538436053,500,False,0.08426780257243023,True,0.014226204304164616,4.191182613372803
361456,748.7136233035142,500,False,0.07001914297339992,False,0.014222210345306227,1.937544584274292
362000,777.0692828901189,500,False,0.05567279117956005,True,0.014238633695494872,1.4380295276641846
362688,777.0920973120851,500,False,0.049952152435112813,True,0.014339092243457934,1.169250249862671
362736,735.3590037391598,500,False,0.06948422162810476,False,0.014333191290517107,1.5291190147399902
365328,730.3028568394225,500,False,0.14175670628443277,True,0.014309480109620923,1.673256516456604
365648,853.3777610565749,500,False,0.12510885997474894,True,0.014268558993906277,1.453094720840454
366592,823.5313982785353,500,False,0.05755188255816238,False,0.01435297117090003,1.67802894115448
367424,723.3696269302352,500,False,0.08139748342799007,False,0.01449610977731126,1.783858299255371
368208,608.1256806577921,500,False,0.26143977818996966,True,0.01448236886956988,1.3737232685089111
368320,811.3544305302374,500,False,0.07740640714134257,True,0.014530449822420436,1.545480728149414
368496,565.6245728650632,500,False,0.3019367619402773,True,0.01452025519091611,4.773883819580078
368528,793.5194628390603,500,False,0.03187164320027395,True,0.014516628935208734,1.4561740159988403
368800,863.9444968782078,500,False,0.08546102286562197,True,0.014509174064269246,1.4403810501098633
368896,722.3056560619887,500,False,0.10454962886135098,False,0.014515309904874759,1.757143497467041
369136,768.9170168613089,500,False,0.10485191062760171,True,0.014556902877961797,1.7023484706878662
369312,795.8416462988092,500,False,0.06512339132387734,False,0.01461260592426648,2.1016440391540527
369456,859.9984797614972,500,False,0.04722679791644006,True,0.01460150636666262,1.8996635675430298
370000,873.4185000444133,500,False,0.10477229050623423,True,0.014605605366459894,1.8257403373718262
370688,813.8733098404449,500,False,0.07890962294942064,True,0.014512432802086726,1.7439874410629272
370736,791.7111562548963,500,False,0.13242786345562324,True,0.014649767078000794,1.6637582778930664
373328,743.1440607688871,500,False,0.10382227622480056,True,0.01464326496336468,2.3700199127197266
373648,809.9702112799615,500,False,0.03502864083464125,False,0.014567130082690302,1.8991546630859375
374592,749.5355095064168,500,False,0.029813534461764383,False,0.01460279968207809,1.248258352279663
375424,754.3071705118596,500,False,0.10407610878765612,True,0.01460904658070048,1.4026163816452026
376208,804.4288628867764,500,False,0.05253073953874496,True,0.014581196783471058,2.2692995071411133
376320,744.5452782227148,500,False,0.12544953318023785,True,0.014871496160822846,1.844362497329712
376496,865.4225894460801,500,False,0.09508590802993824,True,0.014836095858959107,1.9310057163238525
376528,806.3358833316432,500,False,0.12067133095376943,True,0.014835905822553806,1.7962027788162231
376800,754.4569358966478,500,False,0.17357075444276038,True,0.014835105639645975,2.075453996658325
376896,826.9833095422146,500,False,0.040680857184087565,False,0.014914262742490254,1.3662617206573486
377136,747.4507606955452,500,False,0.05426772626435921,False,0.01493035839321835,1.9681949615478516
377312,710.0074934593865,500,False,0.12116595087827776,True,0.014911594984647484,1.7673028707504272
377456,836.9802590340296,500,False,0.05922355859583559,False,0.014901290294840587,1.9393208026885986
378000,789.0644767799777,500,False,0.06657248669203862,True,0.014938002998883362,1.5798730850219727
378688,624.5067942495289,500,False,0.5874289665983596,True,0.014837631299670908,1.4890434741973877
378736,744.8328411018093,500,False,0.13225157477958557,True,0.014748503527020358,1.5818413496017456
381328,787.9920994074197,500,False,0.09564759220339691,False,0.01474437739105629,1.5992424488067627
381648,771.0194746968228,500,False,0.12973783673610506,True,0.014908618908260157,1.6203804016113281
382592,776.1070433816562,500,False,0.11109140196534684,True,0.014734611418532459,2.059781551361084
383424,763.5160563308391,500,False,0.06982541203261236,True,0.014507472108307681,1.3102904558181763
384208,763.7709519195453,500,False,0.04876749300120273,False,0.014518788910547272,1.798337459564209
384320,830.9988268410546,500,False,0.06206735248336343,True,0.014540938929778107,1.5075299739837646
384496,832.1853926865011,500,False,0.04137918264917456,False,0.014503120656886616,1.058241844177246
384528,639.772919880848,500,False,0.20304335242428107,True,0.01446823052552647,1.034404993057251
384800,882.6028041763906,500,False,0.03557890553353578,True,0.014473265226915813,1.4598283767700195
384896,791.075323221295,500,False,0.1337238567842597,True,0.014556906135050883,1.570880651473999
385136,755.2398390474336,500,False,0.08184204541253734,False,0.014587064652433238,2.142314910888672
385312,760.0819940795456,500,False,0.15755065195936843,True,0.014727069954189143,1.627838134765625
385456,756.876409146758,500,False,0.08470155276450311,False,0.014807885797870058,1.0888969898223877
386000,749.0959228843096,500,False,0.06020987689011402,True,0.014796049546801266,1.1457240581512451
386688,787.7706562356249,500,False,0.04733277042653114,False,0.014696692101461559,1.0452945232391357
386736,832.3792951294488,500,False,0.04767069660105378,False,0.014947237266725543,1.4476031064987183
389328,756.236208962282,500,False,0.1039517824156842,True,0.014939469295996285,1.5112926959991455
389648,790.7924155863908,500,False,0.11235810170825616,True,0.014573016924970027,1.6869280338287354
390592,829.1367490542774,500,False,0.026969792854500272,True,0.014366925432434337,1.489770770072937
391424,699.1166422970526,500,False,0.1215179648901881,True,0.014270153830779396,1.4551875591278076
392208,840.7436034252041,500,False,0.020838994524554014,True,0.014357575599446332,2.2534279823303223
392320,815.5342691359032,500,False,0.06117197754972353,False,0.014286050778263016,1.5337380170822144
392496,730.8180707820353,500,False,0.089913882764394,True,0.014315608370133548,1.412845492362976
392528,817.0767556691679,500,False,0.0731285515115382,True,0.014394221454461996,1.5111857652664185
392800,774.6028827752589,500,False,0.05257348804453574,True,0.014396531608079742,1.6331794261932373
392896,833.389012845825,500,False,0.05908393347144615,True,0.014357206520991568,1.5235638618469238
393136,769.6511152743321,500,False,0.07942553503222874,True,0.014298043637136366,1.377622365951538
393312,782.3214611810794,500,False,0.05087797232470439,False,0.014291355226598128,1.3954418897628784
393456,757.7014088955702,500,False,0.09891122167854141,True,0.014264414329405757,1.4812355041503906
394000,853.5745220864276,500,False,0.03717904308213305,False,0.014224039163770635,1.2187860012054443
394688,740.6504777492651,500,False,0.06406398916900793,True,0.014318778219380704,1.213133692741394
394736,765.556411558167,500,False,0.06736650028820625,True,0.014358720300034761,2.0505261421203613
397328,736.1256399645619,500,False,0.08836181326880525,True,0.014375834575289148,1.5210635662078857
397648,796.2179777745894,500,False,0.035709633239393176,True,0.014636750444451053,1.4251766204833984
398592,812.3633524450331,500,False,0.07152136018634514,False,0.014509417360290698,1.6211413145065308
399424,740.5666156314519,500,False,0.08005886955199842,True,0.014636463243986425,1.7151851654052734
400208,818.9739619908946,500,False,0.12480005229880402,True,0.014590024120330426,1.7425854206085205
400320,825.4624851255426,500,False,0.12778109946871383,True,0.014650568805101065,2.085646390914917
400496,796.9356543445867,500,False,0.08322957972415024,True,0.014659450628101454,1.4586317539215088
400528,640.5178576232323,500,False,0.1892315815632321,True,0.01462644888621632,1.687248945236206
400800,842.8216540965573,500,False,0.048830140653289736,True,0.014634722131591917,1.6174566745758057
400896,743.1095791230114,500,False,0.10433835234999947,True,0.014661128828580462,1.7530041933059692
401136,719.7832287131181,500,False,0.0980858757495898,True,0.014683516156689704,1.522950530052185
401312,803.0931945757213,500,False,0.06310745715331265,False,0.014539757516619983,1.312234878540039
401456,760.7300271283293,500,False,0.11047341296623707,True,0.014430382230366233,1.357182264328003
402000,696.6179200179319,500,False,0.07769772245512581,True,0.014415155670010444,1.672421932220459
402688,728.8827188025195,500,False,0.037489807994672296,True,0.01455190666734498,1.495389699935913
402736,741.0890776882978,500,False,0.069143848906471,True,0.01446161673307792,1.3197343349456787
405328,774.0313963761653,500,False,0.08016430842328066,True,0.014464714585170117,1.464114785194397
405648,692.4061015252481,500,False,0.09674618012868166,True,0.014107934738410273,3.977816104888916
406592,771.7652347727899,500,False,0.04546828386603912,True,0.013981369575841313,1.3290963172912598
407424,867.3493691081715,500,False,0.05430741630739443,True,0.01403833961898635,1.6805579662322998
408208,843.1005864710285,500,False,0.07765474690145574,True,0.01436217105352604,1.3013544082641602
408320,784.2997845144547,500,False,0.07148113865724164,True,0.01446430940346092,1.3703850507736206
408496,839.4989541980764,500,False,0.0692805192341259,False,0.014414622874677038,1.8919591903686523
408528,720.1173385648044,500,False,0.1344797001430483,True,0.014287131000851678,1.1184513568878174
408800,808.0466949408147,500,False,0.07614758606135062,True,0.014282561463580212,1.7246098518371582
408896,801.0826164908916,500,False,0.16540995432788483,True,0.014301216149235267,1.6054679155349731
409136,827.6145342999777,500,False,0.07198903857310705,True,0.014274065776578183,1.4028699398040771
409312,713.774188305843,500,False,0.28540429843680276,True,0.014279663597678705,1.5742990970611572
409456,770.3818175329925,500,False,0.040929291785529766,False,0.014281136403594923,1.2923669815063477
410000,799.4034755397101,500,False,0.31177597598614254,True,0.014312878788735496,1.2946687936782837
410688,646.5944947909735,500,False,0.255960114814187,True,0.014408728139502188,1.3696677684783936
410736,791.939001181395,500,False,0.038950037348940994,False,0.01420635092925548,1.502943754196167
413328,696.4877842429516,500,False,0.2039645351055475,True,0.01417736115252497,1.54725980758667
413648,736.8985438291157,500,False,0.09822231384468555,True,0.014109165894944242,1.624430537223816
414592,689.8493768289234,500,False,0.1418284863938205,True,0.014046255713880327,1.448601245880127
415424,773.4739751819163,500,False,0.0717633151221709,True,0.014131383547425819,1.349007487297058
416208,755.5068254638876,500,False,0.1063337857308087,True,0.013895649560781466,1.2359540462493896
416320,826.4112719715746,500,False,0.044754360208955,False,0.014055254562156668,1.5281143188476562
416496,808.5714816765354,500,False,0.06735210981072662,True,0.014001889156727076,1.6236097812652588
416528,759.661346905306,500,False,0.08130579584321518,True,0.013950263200564774,1.3973454236984253
416800,760.6849716930155,500,False,0.05804176334849675,True,0.013932116462040648,1.2745038270950317
416896,674.1420375018055,500,False,0.10695150385990942,True,0.013839785353352759,1.7564071416854858
417136,756.9018815704861,500,False,0.06791710836025877,True,0.013833073051530864,1.2962743043899536
417312,824.1077190445734,500,False,0.0828525357409915,True,0.013869735808485188,1.7407904863357544
417456,667.2188846318176,500,False,0.15077478558114832,True,0.013903416423178347,1.2333848476409912
418000,749.3246935879633,500,False,0.03266113846130267,True,0.01386705524903021,1.8228702545166016
418688,756.3344052011817,500,False,0.19245776420838923,True,0.013747165515523048,1.5171582698822021
418736,847.3862167317124,500,False,0.1257390750679334,True,0.013751879176191618,1.6307969093322754
421328,657.8813053724224,500,False,0.0779240642517209,True,0.01376301951637049,1.3123317956924438
421648,804.7649745117708,500,False,0.12023040931297195,True,0.013957538426100058,1.3895471096038818
422592,841.5765569961238,500,False,0.04013670630184404,False,0.013960863698527415,1.5754945278167725
423424,779.723027717264,500,False,0.057821747149250494,False,0.014085433283038294,1.8268117904663086
424208,767.1809673071314,500,False,0.10537612225453478,True,0.013959506273658892,1.359461784362793
424320,783.4410448759596,500,False,0.0428889345498529,False,0.013994715103020562,1.33797025680542
424496,745.006416249364,500,False,0.18945229216751855,True,0.014012166613488254,1.5691759586334229
424528,744.8208718638195,500,False,0.1304908667659438,True,0.014046549016130883,1.437396764755249
424800,846.9393341646609,500,False,0.08368173168239294,True,0.014062470591708384,1.32676100730896
424896,801.739911749848,500,False,0.05787774858457251,True,0.014012947399236888,1.3888744115829468
425136,805.3069719904112,500,False,0.06878590496890923,True,0.01402761423804815,1.2002325057983398
425312,796.4979398794653,500,False,0.043748214359588596,True,0.013919218253592408,1.2425086498260498
425456,851.535619954033,500,False,0.10864105291837935,True,0.013978935153718895,1.4782733917236328
426000,739.7104862370446,500,False,0.14308246859259321,True,0.014005724032629573,1.613607406616211
426688,735.9300698760292,500,False,0.1309721784351326,False,0.013957828722410456,1.461808443069458
426736,868.6810691729733,500,False,0.05305783695937099,False,0.013988592830168414,1.6704305410385132
429328,779.4258123953371,500,False,0.09622750216561049,True,0.01398103510489552,1.536948323249817
429648,826.0927181593676,500,False,0.06477557775767957,False,0.0142516849146007,1.5827913284301758
430592,732.7289284008991,500,False,0.09770836232608018,True,0.014297485069737574,1.3885974884033203
431424,772.0789657571489,500,False,0.03357926387751617,False,0.013995575577513441,1.4078444242477417
432208,795.0645183914386,500,False,0.06801229087243706,False,0.013993158833324686,1.2170559167861938
432320,762.8819902380851,500,False,0.15995024879869119,True,0.014227621114655411,1.8170117139816284
432496,810.2946290165924,500,False,0.05483986714086736,False,0.01425942281823886,1.7115411758422852
432528,813.6725698456985,500,False,0.07530377756453036,True,0.014295193870816724,1.2596973180770874
432800,743.0557370315981,500,False,0.10346471054191526,True,0.014320600156869987,1.5105936527252197
432896,690.8796182121205,500,False,0.15365334949627463,True,0.014458084761008287,1.5490301847457886
433136,687.9145231112037,500,False,0.22226550938744935,True,0.014479499282863453,1.5347117185592651
433312,829.0387765565615,500,False,0.040483707408226814,True,0.01450264551295086,1.496819257736206
433456,797.3157693742703,500,False,0.04173921829549955,True,0.014501713729717126,1.479698657989502
434000,774.803313944193,500,False,0.17515070270581368,True,0.0144671963102199,1.421931505203247
434688,781.1272919360725,500,False,0.08489075445834732,True,0.014332077899337365,1.4709409475326538
434736,649.4481242496124,500,False,0.21108784413269746,True,0.014101046036034924,1.326634407043457
437328,745.8334425116892,500,False,0.08637001276896451,True,0.014095436785382557,1.3737304210662842
437648,739.0004287301916,500,False,0.053026187511711904,False,0.01426311991945013,1.5788947343826294
438592,781.2914030033256,500,False,0.0692686110024773,False,0.014269526592074835,1.342581033706665
439424,745.4776482344263,500,False,0.20179381892816634,True,0.014127596442320478,3.216871500015259
440208,888.0427921977257,500,False,0.01244030492587655,False,0.014062279096547501,1.2026190757751465
440320,743.946059506664,500,False,0.09967159516418307,True,0.013991007070776097,1.3257417678833008
440496,856.6760335020016,500,False,0.02865753944945253,False,0.013979035563529479,1.4014605283737183
440528,755.3134773219176,500,False,0.17675436980581283,True,0.013944326363929936,1.2840105295181274
440800,828.8853548084375,500,False,0.14631602604343136,True,0.013941365250654226,1.6858000755310059
440896,778.2314014395026,500,False,0.056249582053708086,True,0.0140008575773598,1.3094902038574219
441136,784.5314901117295,500,False,0.08813807812238368,True,0.01409427485697168,1.5956138372421265
441312,757.0836710723341,500,False,0.04925110487656136,False,0.014251220935575964,1.0895192623138428
441456,761.5439604414012,500,False,0.07515282435548984,False,0.01431163724243671,1.4027419090270996
442000,862.5699885400394,500,False,0.025892158039389983,False,0.01438466773247307,1.2770031690597534
442688,786.8924378745385,500,False,0.04137751756491994,True,0.01425138631605956,1.5192139148712158
442736,769.1813930476609,500,False,0.05315633094165653,True,0.014143905718214531,1.7428125143051147
445328,782.3419023662799,500,False,0.11857066827914275,True,0.014114392398034713,1.4766569137573242
445648,761.9879648963088,500,False,0.011917770027420546,True,0.013809361670751759,1.3213074207305908
446592,837.4838893807607,500,False,0.02362776207941451,True,0.013920771083669667,1.4540057182312012
447424,848.7342272323104,500,False,0.03871085378608136,False,0.013927631193342878,1.5410494804382324
448208,795.4092707376994,500,False,0.061222563872809437,True,0.014025943310605278,1.4183077812194824
448320,686.3159970525071,500,False,0.17987596726389027,True,0.013953380930493519,1.4953595399856567
448496,707.4484131885761,500,False,0.1242925621920032,True,0.013959709188482949,1.3603084087371826
448528,783.0864459582493,500,False,0.23379936024365405,True,0.013933205884914918,1.180924892425537
448800,722.7551575556209,500,False,0.04061645048790138,True,0.01393487867148642,1.294151782989502
448896,868.3868172240366,500,False,0.024473243875953406,False,0.013906511946523523,1.7234117984771729
449136,763.8045549516761,500,False,0.07305597519604998,True,0.013878033221100906,1.3253991603851318
449312,756.6321212498334,500,False,0.12705953721076402,True,0.013906438258997868,1.1979403495788574
449456,766.932050547102,500,False,0.19040308640300674,True,0.013846821652628771,1.2038288116455078
450000,708.6649061873503,500,False,0.18553340634130486,True,0.013838104637649626,1.4047656059265137
450688,819.3508301934081,500,False,0.0972833049495803,True,0.0137729314627677,1.6771036386489868
450736,777.2861501154404,500,False,0.17969790759821352,True,0.013601289776123751,1.3197050094604492
453328,799.5372760206948,500,False,0.0663513934056897,True,0.013586310264379802,1.30934739112854
453648,835.6611594679614,500,False,0.06550426703928748,True,0.013883869159527036,1.0643426179885864
454592,810.0720034234467,500,False,0.04154982076519845,True,0.013879565642536963,1.4622303247451782
455424,862.1534059473004,500,False,0.04138567001601865,False,0.01373407627573219,1.331444263458252
456208,884.0641575564508,500,False,0.026067140766317904,True,0.013806289300432083,2.1060619354248047
456320,750.0658269629621,500,False,0.34710310759602947,True,0.013906539802953278,1.4009485244750977
456496,872.1146158994015,500,False,0.04964317699370167,False,0.013945168989018411,1.4979159832000732
456528,778.4452639683666,500,False,0.026556109493485563,False,0.01397181606952316,1.2477556467056274
456800,756.9369018677734,500,False,0.12200606941691208,True,0.013983075359132154,1.5698342323303223
456896,758.0714896115128,500,False,0.2261953895070515,True,0.014043042284626916,1.584104061126709
457136,799.612819378872,500,False,0.03254353632452853,True,0.014057781843154695,1.0817815065383911
457312,675.6250678594647,500,False,0.11395424756315173,True,0.014098907268411396,1.2772321701049805
457456,831.5030664000374,500,False,0.12746496005397875,True,0.014101218214474022,1.1529207229614258
458000,822.4059159919533,500,False,0.06681490562669086,True,0.014085596693316892,1.4252855777740479
458688,811.2302621810263,500,False,0.06685288635521956,True,0.01404262257988614,1.8144152164459229
458736,854.7403778632041,500,False,0.025519793217514165,True,0.013835257257841784,1.041056513786316
461328,793.4635785200035,500,False,0.04727666726066942,False,0.013807515293452567,1.1417789459228516
461648,822.0627577392373,500,False,0.044446326965342314,False,0.013613105517437439,1.1983288526535034
462592,826.0903367505564,500,False,0.032978908606299005,True,0.01364808465436782,1.6802124977111816
463424,768.0344111746255,500,False,0.03365838632030088,True,0.013622975171393645,1.3196922540664673
464208,756.2557436049296,500,False,0.05717273156401074,False,0.013787569535672237,0.9812813997268677
464320,766.0990648436567,500,False,0.047536757934169,True,0.01374940390003909,1.2639873027801514
464496,828.5838502722441,500,False,0.05873362250302101,True,0.013756915726583385,1.4102089405059814
464528,836.8201217000693,500,False,0.07648906776680775,True,0.013868765205418847,1.2832441329956055
464800,830.9722924052343,500,False,0.036885549827827394,True,0.013891080950200444,0.9409303069114685
464896,840.6214889573688,500,False,0.052331076411636104,False,0.013918640114257426,1.4475255012512207
465136,791.3656985723418,500,False,0.11897670923001952,True,0.013870425065955866,1.5409661531448364
465312,735.6889617026974,500,False,0.12422006219671214,True,0.013869631503388517,1.4345399141311646
465456,784.0297839022392,500,False,0.06036360861807472,False,0.013800697154272155,1.3309845924377441
466000,757.1461459744855,500,False,0.06799615124040813,True,0.013734293119929415,1.6248013973236084
466688,825.5842839936274,500,False,0.052573553647657284,True,0.013949832670700298,1.2649872303009033
466736,823.9251346315832,500,False,0.05234056111632896,True,0.013861098705529339,1.4176169633865356
469328,640.6192538206452,500,False,0.3034810485243088,True,0.013847235952672414,1.594314694404602
469648,622.9330461984633,500,False,0.19889418150983956,True,0.013769677366286136,1.5500454902648926
470592,787.7728419048225,500,False,0.23105932555094513,True,0.013672040378486286,2.8155126571655273
471424,791.9383694560433,500,False,0.12032229155602663,True,0.01331247796720622,1.5887830257415771
472208,863.6609059956868,500,False,0.06649062441291596,True,0.013371656668821555,1.1649208068847656
472320,748.5558162245826,500,False,0.04570778853467336,True,0.013529129584349037,1.3617392778396606
472496,753.1844282168723,500,False,0.09783287198458097,True,0.013498459325213203,1.7700761556625366
472528,792.0346161501881,500,False,0.054260115514057385,True,0.013568986177488598,1.585681676864624
472800,827.1857967802138,500,False,0.032204356919272994,False,0.013572799062963171,1.1774799823760986
472896,815.052767247073,500,False,0.10582782578808252,True,0.013587629031691197,1.2510743141174316
473136,787.0050243689564,500,False,0.09175373202494845,True,0.013644904513840882,1.4337115287780762
473312,817.5410044548555,500,False,0.13426550063617546,True,0.013650104744800887,1.2019336223602295
473456,790.432624959562,500,False,0.06709902394311033,True,0.013701362879724862,1.5481486320495605
474000,763.8143816187505,500,False,0.08085649256067745,True,0.013647476951879373,1.2758386135101318
474688,650.1748165004207,500,False,0.13788271787354545,True,0.013728416997302983,0.9606336951255798
474736,776.2338707877778,500,False,0.0893385242071428,True,0.013848002080469343,1.4423291683197021
477328,806.6819428182023,500,False,0.03407018851899196,True,0.013859616973668385,1.1707590818405151
477648,748.3421860259133,500,False,0.07563890354646222,True,0.0135431258367894,1.0825257301330566
478592,804.2889553504916,500,False,0.08582259861856746,True,0.013515377340347204,1.0780354738235474
479424,752.3245441997605,500,False,0.11062831233095817,True,0.013555773670201117,1.2385332584381104
480208,811.621977251689,500,False,0.08938660517279841,True,0.01392711069987901,1.4581360816955566
480320,606.1672733959607,500,False,0.14117898105266743,True,0.013832141093351015,1.409350872039795
480496,823.9841328513866,500,False,0.05089819328270964,True,0.013841472686598886,1.5469164848327637
480528,767.3312048708352,500,False,0.14252268953772862,True,0.013821694696875412,1.115286111831665
480800,820.0236451796997,500,False,0.07257673497283547,True,0.01382571519386741,1.5311864614486694
480896,776.2833050131835,500,False,0.18698802700370554,True,0.013767503651294087,1.035167932510376
481136,757.3835878797902,500,False,0.09939977295253821,True,0.013816611018580277,1.2471754550933838
481312,798.1354353616525,500,False,0.03229668701236405,False,0.013629072672283048,1.3956773281097412
481456,781.7327345142928,500,False,0.11807990310321347,True,0.013540564232719189,1.4171289205551147
482000,807.7003319159767,500,False,0.04443079152485897,True,0.01344375683308313,1.5675837993621826
482688,764.4743922107882,500,False,0.1129377439643835,True,0.01332544370993684,1.4777281284332275
482736,861.6866714352857,500,False,0.04240491615351954,False,0.0131487145396336,1.0130155086517334
485328,804.19547552651,500,False,0.09365680037892823,True,0.013136421494593478,1.2214438915252686
485648,765.6384780173154,500,False,0.10380797865627966,True,0.013408642747814808,1.2884012460708618
486592,757.4973677318875,500,False,0.05860546415446056,True,0.01334688864066986,1.3857555389404297
487424,831.3673918161846,500,False,0.059390530293838575,False,0.013424597284276682,1.2645654678344727
488208,826.0832361820912,500,False,0.04140369988269268,True,0.013609294991234793,1.125237226486206
488320,650.5146620623776,500,False,0.27902541805075853,True,0.013658966138067496,1.051285743713379
488496,773.0708943956561,500,False,0.13822728082716831,True,0.01364924576064982,1.4921376705169678
488528,848.3358545830678,500,False,0.07216703450162755,True,0.013749383156873157,1.228722333908081
488800,811.6923909807757,500,False,0.08737810438276694,False,0.013783673500409807,1.1413249969482422
488896,827.0689812388046,500,False,0.04438724965491714,True,0.013842229676330867,1.2557657957077026
489136,815.4080722246067,500,False,0.03132056474391382,False,0.013864281919992722,1.103285789489746
489312,797.5541011910755,500,False,0.06390152464973672,False,0.013905838154782614,1.4600443840026855
489456,759.4387774170289,500,False,0.062182945719709136,False,0.013857010453482792,1.937197208404541
490000,880.4811629446267,500,False,0.017262672564218318,True,0.013856424766158162,1.6094317436218262
490688,773.8633390980248,500,False,0.08318257935692895,True,0.013821671060640084,1.2253897190093994
490736,704.3746347965389,500,False,0.14329022298737853,True,0.01385083745028265,1.2770192623138428
493328,765.7867421983785,500,False,0.103417545060947,True,0.01384299507418379,1.1269621849060059
493648,768.6982378842015,500,False,0.07695795453426214,False,0.013595608444940689,1.1237517595291138
494592,754.2488717114041,500,False,0.09325986076251633,True,0.013752719415059844,1.2631767988204956
495424,779.1460501088056,500,False,0.07291366988859274,True,0.0138503080023796,1.6307427883148193
496208,669.581133928105,500,False,0.12054205632686317,True,0.013985608299768177,1.039795160293579
496320,832.3396297258683,500,False,0.05972908178901897,True,0.013621893978352083,1.8004262447357178
496496,830.8399253797036,500,False,0.11399276475296578,True,0.013637746087850657,1.2501814365386963
496528,801.0580361428727,500,False,0.08441044461609093,True,0.013637982066994767,1.0557756423950195
496800,739.7565869247176,500,False,0.2146351562662355,True,0.013644669724394603,1.4632070064544678
496896,779.6531912121897,500,False,0.09274799370098626,True,0.013742515610355886,1.4630855321884155
497136,856.3178590212759,500,False,0.07617512293505573,True,0.013760132491398151,1.0582067966461182
497312,785.1346414207851,500,False,0.1949166363915951,True,0.013731423535720445,1.413079023361206
497456,707.09063777146,500,False,0.12095511988685667,True,0.013702531359144239,1.0265374183654785
498000,791.8174707637293,500,False,0.12640517251683703,True,0.013709661698893023,1.1899755001068115
498688,770.8276610683102,500,False,0.05887094300791456,True,0.013728750515439873,1.3290879726409912
498736,784.315656674837,500,False,0.028306568215991434,True,0.013664770630990258,1.3351624011993408
501328,776.0527813504107,500,False,0.1739347179168492,True,0.013644596245420686,1.2050601243972778
501648,774.3749649697256,500,False,0.08551160699576385,True,0.013877298126332415,1.0766232013702393
502592,802.3042992078333,500,False,0.11413828855221561,True,0.013944686183603942,1.317068338394165
503424,765.6840756793,500,False,0.13410040200202544,True,0.014069610068417029,2.003206729888916
504208,803.2154996529179,500,False,0.08283791916875674,True,0.013899220685784065,1.3188539743423462
504320,744.3435284560759,500,False,0.07236690299986367,True,0.014094013412047014,1.136121153831482
504496,829.8097491452527,500,False,0.03953832263610091,False,0.014142463183201576,1.782973289489746
504528,675.8628664650165,500,False,0.14593389897817713,True,0.014194272702602187,1.4804617166519165
504800,821.1172701729198,500,False,0.12530496486608406,True,0.014201321862552293,1.2610340118408203
504896,856.6615035741357,500,False,0.04605726784179235,True,0.014224164471063028,1.1132729053497314
505136,732.3654052497412,500,False,0.14757840346472698,True,0.014296470894390177,1.2488758563995361
505312,741.7939584857919,500,False,0.09938370533292631,True,0.014295641025614552,1.2437121868133545
505456,773.3025900559194,500,False,0.08443430308036425,True,0.01431954334673717,1.1269503831863403
506000,853.206555311946,500,False,0.0629151566423599,False,0.014303177065062522,1.3168461322784424
506688,779.7883258460231,500,False,0.142502931974324,True,0.014343822493572203,1.3017770051956177
506736,777.8404395395817,500,False,0.05043985550325043,False,0.014257628237085951,1.1152503490447998
509328,821.82275589902,500,False,0.05345189569220925,True,0.014249612920295113,1.1712088584899902
509648,838.09505028755,500,False,0.06735053944752976,True,0.014144480395379319,1.2948777675628662
510592,833.0737784974446,500,False,0.03259482018636871,False,0.014233470644025943,1.1555031538009644
511424,797.7251102175765,500,False,0.04301351070676757,False,0.014397376010331297,1.6189589500427246
512208,751.9439148495086,500,False,0.0752048275834068,True,0.01403630454050507,1.0961992740631104
512320,805.1192274310773,500,False,0.04651189414750593,True,0.014122951202573288,1.4237760305404663
512496,764.4050439966416,500,False,0.1821142491019711,True,0.014161177133045948,1.257789134979248
512528,783.6220123516146,500,False,0.052545529309768954,True,0.014096788247089523,1.4920228719711304
512800,686.4645511477289,500,False,0.26396310330651584,True,0.014096499384279933,1.690799593925476
512896,854.1965955579259,500,False,0.03388562854519926,True,0.014067760882174197,1.3288803100585938
513136,775.9212440950718,500,False,0.08425280270980402,True,0.01404930093505567,1.31233811378479
513312,837.6382821964098,500,False,0.06522545327130785,False,0.014150150448598754,1.939971923828125
513456,694.3115888395921,500,False,0.21484465602608546,True,0.014235018496965169,1.3261401653289795
514000,752.2222392063089,500,False,0.05949358053359122,False,0.014262577358638066,1.001457929611206
514688,771.1297960872073,500,False,0.06824432106788951,False,0.01430502439713078,1.461849331855774
514736,788.606444146358,500,False,0.0670360640577472,True,0.014479596598941881,1.2641520500183105
517328,818.1666990916478,500,False,0.08152574977074448,True,0.014520773504885445,1.9775047302246094
517648,834.387212488371,500,False,0.09946841983663936,True,0.014300496418392225,1.4994691610336304
518592,610.3253510699293,500,False,0.24842258767560152,True,0.014219720069659793,1.1767210960388184
519424,860.7341892277158,500,False,0.06297984592899313,False,0.014116594169702573,1.2955968379974365
520208,852.2606325637164,500,False,0.030675871119298707,True,0.01403463438318796,1.2524901628494263
520320,766.3528316295008,500,False,0.05005707716494236,True,0.014032273565316281,1.76736581325531
520496,776.7298355121775,500,False,0.1250617879583036,True,0.014048688185649038,1.0375806093215942
520528,603.4543309273498,500,False,0.22050563758471048,True,0.014064720243489827,1.4074844121932983
520800,824.6680513108216,500,False,0.1013643143604712,False,0.014062570769237958,1.576526165008545
520896,798.3110935776756,500,False,0.15419234277948646,True,0.01403551298660399,1.39300537109375
521136,778.9053374581929,500,False,0.06731939373407285,True,0.014015916275830355,1.181351900100708
521312,829.0771927037099,500,False,0.1396640925500822,True,0.013946283969874731,1.42609441280365
521456,724.0748205268528,500,False,0.15520038037675726,True,0.013953467033233939,1.317923665046692
522000,823.2315769456292,500,False,0.04993651176105106,False,0.01396426659900239,1.1165893077850342
522688,727.352631148206,500,False,0.09796597641206105,True,0.013879639407287276,1.4916226863861084
522736,717.6107658998021,500,False,0.08428374409897975,True,0.01374482483588083,1.7799785137176514
525328,678.4888862190754,500,False,0.17048057455840623,True,0.013741458973051192,1.1226623058319092
525648,812.5937323446697,500,False,0.0919034273547707,True,0.01393767180979807,1.115720272064209
526592,721.4222273155038,500,False,0.15761414504478605,True,0.014046176937198675,0.8907045125961304
527424,825.2400688695309,500,False,0.08034607649853456,False,0.014176180974190595,1.5487085580825806
528208,875.456533593838,500,False,0.036932773752079796,True,0.014198712392259415,1.276181697845459
528320,777.6250815920905,500,False,0.1283314054950765,True,0.014140478637022943,1.2369786500930786
528496,855.4192677750001,500,False,0.07319508023490763,True,0.014178850631692453,1.219248652458191
528528,777.7080149764437,500,False,0.10637142198330873,True,0.014257483943029009,1.4437648057937622
528800,760.7447534243632,500,False,0.12353878222128122,True,0.014263360692121788,1.2575037479400635
528896,717.3158407386895,500,False,0.17377423255225966,True,0.014259608048460106,1.192141056060791
529136,728.8253072546819,500,False,0.10441708716633323,True,0.014277778545540193,1.0508217811584473
529312,643.3868924794979,500,False,0.1900722172302438,True,0.014371146407142408,1.1545989513397217
529456,778.7536424711625,500,False,0.11608996980990349,True,0.014348237304126106,1.3116791248321533
530000,876.551690993838,500,False,0.05175378426018871,False,0.0144098032629838,1.184232473373413
530688,727.744051680058,500,False,0.16174323004920796,True,0.014471104090169645,1.2193917036056519
530736,765.1961474112683,500,False,0.07194846216592497,True,0.014388760850920394,1.2420247793197632
533328,721.5602408198243,500,False,0.3069901880750119,True,0.014386840311573935,0.9917886257171631
533648,678.9459291225222,500,False,0.18598970519088645,True,0.014213503883988416,1.506380319595337
534592,834.8274424109048,500,False,0.09444163904641101,True,0.014185327647691467,0.9851700067520142
535424,612.7446103755595,500,False,0.2413634004757482,True,0.014198008071106504,1.8082056045532227
536208,706.6708780591467,500,False,0.12634276088604884,True,0.01415896042892192,1.191139578819275
536320,776.9071145471113,500,False,0.100405406124316,True,0.014154531093829472,1.4242794513702393
536496,785.0631056941743,500,False,0.1327136252541268,True,0.014147056665713597,1.4641695022583008
536528,805.5324532788178,500,False,0.1072068091729727,True,0.014208772471367563,1.481357455253601
536800,698.5127163445945,500,False,0.10128458341174175,False,0.014220284156219908,1.083024024963379
536896,815.6334993836202,500,False,0.07628719192200654,False,0.014176863858150916,1.0126062631607056
537136,817.9694644331174,500,False,0.11967247952697418,True,0.01413686021932246,1.2514957189559937
537312,856.3911230804194,500,False,0.09645942559412816,False,0.01403860356154505,1.2353463172912598
537456,728.5095726162414,500,False,0.1621951664394927,True,0.013991949869654111,1.7717883586883545
538000,707.4193790159696,500,False,0.1586720270126849,True,0.013974382133776385,1.3437535762786865
538688,684.6453832006649,500,False,0.19265995642587264,True,0.013909305468853649,1.4131345748901367
538736,692.3287699426243,500,False,0.15093704311898368,True,0.013821159514457327,1.48211669921875
541328,782.7343630439972,500,False,0.03851186674960381,True,0.013838729197052846,1.2477757930755615
541648,767.7401624151901,500,False,0.0522437491712646,False,0.013895303463542692,1.0978968143463135
542592,703.9920479909573,500,False,0.19454714234095968,True,0.013887105025885619,1.939708948135376
543424,747.0229758430277,500,False,0.03525426247436517,False,0.013961403723073744,1.5858935117721558
544208,727.2413950762623,500,False,0.07639674538491134,True,0.013644214899940287,1.1334335803985596
544320,743.9686792934757,500,False,0.022546790913147086,True,0.013661943048573683,1.2066144943237305
544496,780.9106527828817,500,False,0.10370823475426888,True,0.013697315854458096,1.6146819591522217
544528,733.4704784424041,500,False,0.10872744478761039,True,0.013649566734790052,1.0601046085357666
544800,732.4257442866839,500,False,0.08738073039184198,True,0.0136571734435127,1.2797558307647705
544896,669.4372392043819,500,False,0.14748229793990533,True,0.013630983885445811,2.779728412628174
545136,858.6090100779217,500,False,0.03145431832397111,True,0.013631816116027254,1.0587255954742432
545312,824.1028134859059,500,False,0.04893084289407233,True,0.01386554721595875,1.5748767852783203
545456,788.5995809697096,500,False,0.13706966930565342,True,0.013956325110775764,1.178995132446289
546000,739.6154878532308,500,False,0.1852112186070375,True,0.013992376233824457,1.2362558841705322
546688,852.2399981142106,500,False,0.03795232777834344,True,0.013990213428859897,1.1196553707122803
546736,621.2241014896907,500,False,0.19832158927121482,True,0.013975752742794577,1.2716360092163086
549328,798.1322453428681,500,False,0.1565313389278832,True,0.013973848325646764,1.2235090732574463
549648,758.0961341242407,500,False,0.17458624341587184,True,0.013588314853557914,1.022775650024414
550592,799.9999240471763,500,False,0.09910078694658564,True,0.013404333214381062,1.7478004693984985
551424,790.8217542786635,500,False,0.08998710789929021,True,0.013644261113157072,1.2151477336883545
552208,807.1970960501009,500,False,0.06990830754389386,True,0.013547403940516668,1.330419898033142
552320,742.0122721732829,500,False,0.18441403591782032,True,0.013715355476620037,1.5416450500488281
552496,785.4832603150551,500,False,0.0879988755881116,True,0.013656494886067998,1.2248094081878662
552528,709.4395942146584,500,False,0.12659670156190828,True,0.01368216417818652,1.0512617826461792
552800,829.6956300461259,500,False,0.03437044587665672,False,0.013676257714029992,1.1413527727127075
552896,752.4730554762344,500,False,0.05114595113635939,False,0.013579665463361184,1.240970492362976
553136,824.8867596167266,500,False,0.04957280783572733,True,0.013619550205850435,1.111682653427124
553312,792.7603716190355,500,False,0.11940327194428721,True,0.013672051484665923,0.9771078824996948
553456,782.7196182127894,500,False,0.10718693570464106,True,0.013647352994177846,1.4361655712127686
554000,822.6120858077957,500,False,0.06774201280762107,True,0.013657221820837388,1.4576226472854614
554688,555.1874237710671,500,False,0.965590598226251,True,0.013849635442577599,1.0429669618606567
554736,822.5714533110836,500,False,0.08481824645503112,True,0.01409203194055366,1.532776951789856
557328,735.3824440486655,500,False,0.08636468713620452,True,0.014095416367654351,1.4773324728012085
557648,688.4804172843461,500,False,0.14319610594707133,True,0.013767973954637077,1.1223340034484863
558592,796.0594643856377,500,False,0.1870059968208091,True,0.013721589117628358,1.1364306211471558
559424,788.3684979271463,500,False,0.022428852782952303,False,0.01371741118886272,1.1781044006347656
560208,736.5777711927017,500,False,0.22690050346055773,True,0.0138672638670343,1.090622901916504
560320,770.2305570797132,500,False,0.22411867813791383,True,0.013746565916376944,1.236670732498169
560496,822.1895759602744,500,False,0.08551869600878656,True,0.013781266330789362,1.3251756429672241
560528,871.6185750570904,500,False,0.07290374267433598,False,0.013799336031358807,1.3874337673187256
560800,846.2806631408421,500,False,0.05622644507047901,True,0.013804639331325273,1.0478684902191162
560896,709.2052715523527,500,False,0.20550622499561674,False,0.014081385794774757,1.318169355392456
561136,701.062779776611,500,False,0.12864950641864736,True,0.014083051577668171,1.4129970073699951
561312,812.3257736972095,500,False,0.16622232538882237,True,0.014052164372666955,1.3116743564605713
561456,788.4444248939625,500,False,0.048309682494681316,True,0.014004474705532744,1.3096762895584106
562000,802.9534320885181,500,False,0.05626663422052196,False,0.013917523157529978,1.4801387786865234
562688,805.5368215450396,500,False,0.12888008446101895,True,0.013726142023369584,1.0965526103973389
562736,745.9094097277705,500,False,0.1125085171097244,True,0.013733426122994512,0.9093494415283203
565328,729.2496693555208,500,False,0.10962497894655343,True,0.013734003560665084,1.5076048374176025
565648,688.2491743499268,500,False,0.20663763696518483,True,0.01385676714281193,1.2006703615188599
566592,731.5170174153169,500,False,0.08387624923594357,True,0.01391444739504726,1.391390085220337
567424,793.5598533817512,500,False,0.1596956556713913,True,0.013922049115820583,1.0908713340759277
568208,764.3419227979426,500,False,0.027750022527491078,True,0.014203735404340927,1.503263235092163
568320,728.4098329957461,500,False,0.038106889080001254,False,0.014183190520632223,0.9401895999908447
568496,763.7806668362375,500,False,0.027899408601843253,False,0.014215882577605223,1.3873825073242188
568528,816.143341000526,500,False,0.016356494780517927,True,0.014307132810411979,1.1080470085144043
568800,715.2901814203698,500,False,0.13265270857762104,True,0.014309116706369644,1.7025978565216064
568896,814.0089069769139,500,False,0.09476273139052081,True,0.014292994251090912,1.1843369007110596
569136,752.9129596761966,500,False,0.03911441756071002,False,0.014305236886245819,0.9202055931091309
569312,748.4741901641618,500,False,0.17202006785118648,False,0.014234911253260474,1.095589280128479
569456,784.7352689212998,500,False,0.07052842266562238,True,0.014200357138308863,1.5707428455352783
570000,775.0398318829134,500,False,0.02154296847678559,True,0.014227013690106679,1.7387034893035889
570688,765.339159290784,500,False,0.08470038904030168,True,0.014322471198845436,1.1763620376586914
570736,788.0071956458825,500,False,0.11043118609218887,True,0.01422104493051181,1.2570409774780273
573328,821.0612293009641,500,False,0.03657895066234183,False,0.01418447828907734,1.5577203035354614
573648,762.1539275409897,500,False,0.10204502869867224,True,0.014429528178706975,1.5489354133605957
574592,823.4575273819925,500,False,0.1408597017165737,True,0.014511132640539435,1.4693379402160645
575424,761.1885193513164,500,False,0.031376456957677025,False,0.014430506565418753,1.0661107301712036
576208,694.6294794155602,500,False,0.1637456463303114,True,0.01456926353892696,1.313240885734558
576320,813.6740903144599,500,False,0.0621247602991923,True,0.014890275855939026,1.4939179420471191
576496,782.4018283955653,500,False,0.053744066601883654,True,0.014880537727913513,1.1954407691955566
576528,866.7170813541334,500,False,0.08791662070983351,True,0.014845093736239219,1.509143352508545
576800,752.4534595554866,500,False,0.03296382305033937,False,0.01483544226512523,1.5244922637939453
576896,773.8622532072018,500,False,0.038297619101530934,False,0.014742621807434856,1.581066370010376
577136,753.8761512712041,500,False,0.09196008315338637,True,0.014697684119545145,1.3732869625091553
577312,842.0235681713327,500,False,0.16923779594717497,True,0.014703241503066835,1.212012767791748
577456,730.869738401527,500,False,0.06847595043454299,True,0.014659182898416454,1.4528369903564453
578000,828.7191789203683,500,False,0.055768044807106974,False,0.014691903424003767,1.4183396100997925
578688,799.3360926873095,500,False,0.1790037742695699,True,0.014603593783615887,1.362795114517212
578736,710.2715340645302,500,False,0.2657621115419843,True,0.014679025837442225,1.3130700588226318
581328,767.0197258018311,500,False,0.07716639295362428,True,0.01466835684131351,9.041471481323242
581648,876.6416798849227,500,False,0.031135281379847935,True,0.014664726235518781,1.1836216449737549
582592,760.2419959192356,500,False,0.07125462838667933,True,0.014658849214134084,1.166337251663208
583424,769.9428874421801,500,False,0.18803413737454266,True,0.01448706181947174,1.1445157527923584
584208,783.3699659264388,500,False,0.05126944936680727,True,0.01444497202494343,0.9556161165237427
584320,798.4099493111484,500,False,0.047668740175789155,False,0.014545454867979778,1.3133964538574219
584496,831.0955580815728,500,False,0.09144112615766407,False,0.014475299981283756,1.6697806119918823
584528,838.9171401474523,500,False,0.06397259140280273,False,0.014539925314058786,1.580275058746338
584800,812.2974677340745,500,False,0.0542666058495116,False,0.014510720931942302,1.228325366973877
584896,838.428787933925,500,False,0.054698003941305605,True,0.014442382385010404,1.360372543334961
585136,728.5822906229071,500,False,0.20338635003424654,True,0.01441169546125071,1.1742908954620361
585312,783.2474362188559,500,False,0.1104126473077328,True,0.014515637950562,1.2311644554138184
585456,751.7903035087581,500,False,0.0551748507896339,False,0.014578039629601228,1.147486925125122
586000,817.1503228599835,500,False,0.03653909325927178,False,0.014573984493679595,1.1554365158081055
586688,856.0033115601482,500,False,0.09161684811149423,False,0.014567836901269102,1.1782784461975098
586736,862.7935469490749,500,False,0.03392137576683947,True,0.01448636836408826,1.1464476585388184
589328,636.2950090975531,500,False,0.2526030548493989,True,0.014491295982472136,1.4355061054229736
589648,885.2775727384544,500,False,0.022849864551952696,False,0.014488599685461442,1.194016456604004
590592,720.6878211819983,500,False,0.09490269376198054,True,0.0143510915147852,1.2292053699493408
591424,843.7602971144519,500,False,0.05518304800518921,True,0.014455406559798862,1.2776789665222168
592208,681.77729037421,500,False,0.1660505968106934,True,0.01456176938378747,1.3112235069274902
592320,812.0827193313418,500,False,0.09862429022321725,True,0.014440807436645667,1.518064022064209
592496,827.4592034917998,500,False,0.12004881930072779,False,0.014508508463132447,1.7096467018127441
592528,721.496403008702,500,False,0.15938095761539475,False,0.014448885074372055,1.3286534547805786
592800,796.3504539798669,500,False,0.10184779336299345,False,0.014442045243474394,1.0476188659667969
592896,797.7696218874504,500,False,0.15666634410295058,True,0.0144104979664147,1.1742143630981445
593136,785.9845302772657,500,False,0.11678087896416613,False,0.0143623999952945,1.146177887916565
593312,757.2102774638657,500,False,0.08775558245308039,True,0.014260410422405424,1.4851914644241333
593456,850.2178237245596,500,False,0.039489903340817915,True,0.01427389971823464,1.3250885009765625
594000,754.7138182559631,500,False,0.050510499028854364,True,0.014191944093424823,1.4227930307388306
594688,789.7103005141437,500,False,0.05721502085428505,True,0.014141079422183863,1.2936205863952637
594736,770.6963083960459,500,False,0.046388003305321564,False,0.014416911518364713,0.8927494287490845
597328,828.6608174864715,500,False,0.11146682024249244,True,0.014447165261039384,1.0321507453918457
597648,731.5475761433739,500,False,0.07197806865217245,True,0.014373577530826924,1.1124894618988037
598592,775.5055987005601,500,False,0.046353840589676926,True,0.014449369248780689,1.0239211320877075
599424,697.5220613960053,500,False,0.15450473187611663,True,0.014174707254100574,1.1902341842651367
600208,742.7332874618952,500,False,0.09426269163579637,True,0.014299299980898121,1.0544239282608032
600320,716.4064820929473,500,False,0.11268981845984742,False,0.014256322159646626,1.1901516914367676
600496,827.852771141083,500,False,0.04983105215541299,False,0.014307254172207283,1.3280978202819824
600528,817.8502998005843,500,False,0.07229160554192883,True,0.014210410859660707,1.3440039157867432
600800,738.4280859757337,500,False,0.07846758761011012,True,0.01421426202681567,1.1532180309295654
600896,775.1758044625609,500,False,0.031102404327488016,False,0.014309228979700146,1.3380138874053955
601136,742.3619881970444,500,False,0.13129677891518762,True,0.01432802934124036,1.3127992153167725
601312,783.6655893176572,500,False,0.06256542851404104,True,0.014283517387768478,1.237729549407959
601456,815.4590696672389,500,False,0.043010353548274864,True,0.014228213338741764,1.0620875358581543
602000,750.091227533576,500,False,0.10146424309201527,True,0.014186290870943795,0.9582033753395081
602688,840.9763662340645,500,False,0.02947895482233729,True,0.014252586936513411,2.391772747039795
602736,793.7950730904047,500,False,0.1272791325260554,True,0.014253120929997703,1.2926243543624878
605328,781.8235729828742,500,False,0.03448552964007826,False,0.014268291574520277,1.113548755645752
605648,790.1978438311038,500,False,0.03339849935253866,True,0.014231110117887706,1.2116451263427734
606592,756.2769106361711,500,False,0.07251303580555903,True,0.01411444776511286,1.0325710773468018
607424,793.6216731912807,500,False,0.11425327010731977,False,0.013736543475091501,0.9667948484420776
608208,819.8030709391035,500,False,0.05120141020061773,True,0.01360580172286021,1.5432580709457397
608320,797.5139821571179,500,False,0.08571044247145099,True,0.013875308176526843,1.0374479293823242
608496,789.2424983819319,500,False,0.14804616620956465,True,0.013904503085815553,1.1173511743545532
608528,852.5310263052921,500,False,0.06622086046300556,True,0.013914421490339342,1.2383098602294922
608800,788.9724759906121,500,False,0.06797483836566781,False,0.01392762729472681,1.146127700805664
608896,752.5110620795232,500,False,0.10263198109017457,True,0.013929493213485807,1.0395110845565796
609136,857.0736750751057,500,False,0.06250640535101175,True,0.013930204635102606,1.1938470602035522
609312,819.9980031833451,500,False,0.05781071677999208,True,0.01396973534584633,1.0352511405944824
609456,788.2273368092582,500,False,0.09864370311768095,True,0.014012012726283484,1.0104087591171265
610000,781.0868048605133,500,False,0.053962788153234374,True,0.014028236545735167,1.2369513511657715
610688,741.5838677673074,500,False,0.07257589516810779,True,0.013958659112902177,1.6295313835144043
610736,735.946532039516,500,False,0.07336796254092634,False,0.014138200680109552,0.9950061440467834
613328,808.8276559356049,500,False,0.07289372340316139,True,0.014153705077963088,1.3770686388015747
613648,817.5213151354217,500,False,0.09915907922617688,True,0.014075316447509723,1.1662659645080566
614592,788.8635101301866,500,False,0.06714702880984555,True,0.01412763370418319,1.0710268020629883
615424,822.466933610065,500,False,0.058207871538495104,False,0.014194948139857957,1.0829981565475464
616208,804.6165550714671,500,False,0.0647449965955886,True,0.014097999137266693,1.1130616664886475
616320,752.8035839716038,500,False,0.15574519262747133,True,0.013918917234311186,1.1626020669937134
616496,788.9353329814098,500,False,0.04387442691178433,True,0.013838588024683497,1.3060743808746338
616528,725.7705724055835,500,False,0.04865801324732644,True,0.013752761622207779,1.0887436866760254
616800,730.1101084582134,500,False,0.07748246676922876,True,0.013757154779634984,1.0449739694595337
616896,811.6188707366966,500,False,0.06973421468728681,True,0.013686210548921347,1.7891874313354492
617136,791.0070995439967,500,False,0.09289907661812338,True,0.013697082194487281,1.5320311784744263
617312,838.6327363998694,500,False,0.03956578028642965,False,0.01380985086739019,1.2626674175262451
617456,745.4296120732866,500,False,0.06659829442191578,True,0.01388415916526232,1.5579322576522827
618000,798.4876109567846,500,False,0.09483986054336445,True,0.01383947930517286,1.1609455347061157
618688,782.7667424924346,500,False,0.07415837353131682,True,0.013628735963893414,1.251270055770874
618736,865.1618864055926,500,False,0.04075637703354205,False,0.013795048168750618,1.1371574401855469
621328,775.9490611829224,500,False,0.10415968929759682,True,0.013829616759497747,1.3547999858856201
621648,850.3933048926688,500,False,0.051718142961362124,False,0.013681087253133493,1.1243383884429932
622592,770.1305529613744,500,False,0.05255585270004414,True,0.013709742360289351,1.5720633268356323
623424,771.6212971257387,500,False,0.08256304584143881,True,0.013754774011682687,1.3057165145874023
624208,858.1991848795245,500,False,0.05202854275699576,True,0.01357166993766142,1.6465930938720703
624320,733.8910889363066,500,False,0.05618478970725677,False,0.01366079426096442,1.2582428455352783
624496,814.3146929405405,500,False,0.1443914640131668,True,0.013629982834415574,1.120449185371399
624528,732.1765673911768,500,False,0.06720812658252535,True,0.01358293334223816,1.0793678760528564
624800,840.7228661820141,500,False,0.07678113993870425,True,0.013567785485416341,1.4234405755996704
624896,760.4304978879062,500,False,0.058863478753074065,False,0.013673110710000543,1.0363938808441162
625136,768.8634520398247,500,False,0.03264789521046018,True,0.013684838317574543,1.5990030765533447
625312,753.0391449078035,500,False,0.028296499211201417,True,0.013707577543636613,1.0628604888916016
625456,833.8285148814085,500,False,0.04142053966755852,True,0.013720710836983499,1.163532018661499
626000,728.9248627756409,500,False,0.1650389632585112,True,0.013719782120551858,1.0021002292633057
626688,766.9480739860817,500,False,0.10293022170365186,False,0.013713032333972933,0.9899318218231201
626736,824.9011112737255,500,False,0.07845283718747949,True,0.013559828122603607,1.3817939758300781
629328,703.5437233764026,500,False,0.04512715819935408,True,0.01356403842745352,1.3522599935531616
629648,719.9359679817713,500,False,0.14869404707714826,True,0.013541510303312937,1.0574688911437988
630592,765.3984988450065,500,False,0.11967322977934189,True,0.013408882538975694,1.2198768854141235
631424,784.5021591960206,500,False,0.05753501102704651,True,0.01334398537659577,1.2089338302612305
632208,780.2513713194711,500,False,0.08481479462971817,False,0.013358995574280049,1.16642165184021
632320,780.9559979952684,500,False,0.059573450645250575,True,0.013351622759197102,1.053640604019165
632496,815.0657707837353,500,False,0.0644597552471692,True,0.013363982323635745,1.5456138849258423
632528,801.8401090792345,500,False,0.052598189030086624,False,0.013342335557141996,1.0597763061523438
632800,814.0014818119954,500,False,0.057346593598271364,False,0.01334586035193793,1.2046728134155273
632896,826.6260620829319,500,False,0.05874871182590753,True,0.01339339909930557,1.6674392223358154
633136,755.840976148001,500,False,0.10019880643174323,True,0.013428175923731576,0.9321234822273254
633312,694.3704199104141,500,False,0.21081374350578536,True,0.013419788346233984,1.3176252841949463
633456,722.3304765691545,500,False,0.23283078666647758,True,0.013395902687642678,0.9869868755340576
634000,797.5647882861205,500,False,0.05377053101533908,True,0.013420397578876824,1.477590799331665
634688,808.2190950628609,500,False,0.03798847663637802,True,0.013474699009257527,1.315474033355713
634736,746.4727441461455,500,False,0.04991580629538903,True,0.013355222364988545,1.4021070003509521
637328,810.1319296885291,500,False,0.06096164072395476,True,0.01331918618244383,1.5526988506317139
637648,798.6078601251533,500,False,0.09358747518101852,True,0.013342523130753889,1.5012986660003662
638592,728.7768967942663,500,False,0.19801826972840883,True,0.013359077899658216,1.1140795946121216
639424,855.9736031709319,500,False,0.08323141070458355,True,0.013013589982017884,0.9754059314727783
640208,851.6402061706183,500,False,0.05937604010376589,True,0.013355426601801286,1.4830994606018066
640320,754.5552000568945,500,False,0.08430332438778716,True,0.013169028123031777,1.2886980772018433
640496,759.4899663907843,500,False,0.06872660884424658,True,0.013066328076485554,1.56264328956604
640528,782.2182283079388,500,False,0.04939859970541313,True,0.013026996229117849,1.6257150173187256
640800,800.8966108428839,500,False,0.08231939995613517,True,0.013014143637308483,1.0255982875823975
640896,849.6846861881972,500,False,0.08188119232577991,True,0.012982904442037141,1.0821068286895752
641136,758.558361002915,500,False,0.04960478030750162,True,0.012992399263217401,1.2265570163726807
641312,759.9807195400266,500,False,0.11290142232448103,True,0.012842230889368537,1.0287836790084839
641456,776.6641138445827,500,False,0.13039454080751026,True,0.01285883086314813,1.2388436794281006
642000,822.1262199242835,500,False,0.10770956348993259,True,0.012884603194347371,1.1135069131851196
642688,824.273109196614,500,False,0.0885588370201509,True,0.01292314169452626,1.0003383159637451
642736,788.9627104741651,500,False,0.12252398319815826,True,0.012918867111501411,0.8607109785079956
645328,778.3729395618735,500,False,0.09732997610682721,True,0.012936937209417148,0.9199115633964539
645648,719.38701141537,500,False,0.08398075853553288,True,0.01304335897170019,1.1975305080413818
646592,841.7849099696689,500,False,0.053602501337090415,True,0.013091659017265092,1.217246413230896
647424,704.8002655537315,500,False,0.1536221950473142,True,0.01302497730097441,1.0462815761566162
648208,792.965138822383,500,False,0.09565096986514925,True,0.012966229663599466,1.2411673069000244
648320,602.4272943890312,500,False,0.2387631777549336,True,0.013000437986020887,1.295217514038086
648496,724.8801939841056,500,False,0.12117591976000812,True,0.013046106367581033,1.1787457466125488
648528,769.7841422282596,500,False,0.09936584280195809,False,0.0130778750269625,1.0540482997894287
648800,764.4160583879182,500,False,0.10822511665776682,True,0.013076015933306808,0.9189242720603943
648896,829.3811636570007,500,False,0.06275455656481072,True,0.012981661580414252,1.1487605571746826
649136,789.0183086239063,500,False,0.08239904912539603,True,0.013028443475603602,1.1005206108093262
649312,773.7054750504398,500,False,0.1092323162738104,True,0.013076203921981775,1.0367052555084229
649456,749.5925990909182,500,False,0.19149378094474112,True,0.013097100028825,1.2671172618865967
650000,710.1762069471384,500,False,0.061005870539821615,True,0.013102925944353456,1.0425413846969604
650688,738.8150797718049,500,False,0.06974949793267313,True,0.013065004333886942,1.195446252822876
650736,749.871494370951,500,False,0.06689668372943368,True,0.013137848989686621,0.8601875305175781
653328,796.7509483912157,500,False,0.08779513822168195,False,0.013110841360893986,1.2745225429534912
653648,780.5335830120564,500,False,0.0813229043427919,True,0.013076298995260189,0.9898645877838135
654592,773.2527656860827,500,False,0.12272684715446286,True,0.013116879361887834,1.2286951541900635
655424,777.7130590486562,500,False,0.22995462261583804,True,0.013013338645066241,1.053621768951416
656208,794.5862099314218,500,False,0.038725335433734874,True,0.013116825365155536,1.2585804462432861
656320,823.0246348137761,500,False,0.04521319395838567,True,0.013132159142303257,1.204613447189331
656496,845.5059674240104,500,False,0.05056413221072059,True,0.013150401905882882,1.158249855041504
656528,799.8541492027324,500,False,0.07391677448883704,True,0.013170448645725509,1.4283113479614258
656800,808.3883213108597,500,False,0.09653219635803255,True,0.013183148263876189,1.2778245210647583
656896,774.7945205921035,500,False,0.16196898836711743,True,0.013373733305767075,1.1250295639038086
657136,808.4095190473134,500,False,0.05893324485336475,True,0.01334968592966089,1.2538237571716309
657312,793.2798310671359,500,False,0.10183372324115647,True,0.013343334352851462,1.1780118942260742
657456,804.6886499308921,500,False,0.052396865740566144,True,0.013376271232494165,1.152923822402954
658000,787.6422170110502,500,False,0.06073806112205122,True,0.013404481300737741,1.2606173753738403
658688,792.3439112974763,500,False,0.05443959381498731,True,0.013438871161375087,1.2106024026870728
658736,746.1414000068578,500,False,0.09722070023174699,True,0.01333082268706848,1.1242161989212036
661328,740.2333133988247,500,False,0.08488627456114178,True,0.013314645412678433,1.1134860515594482
661648,759.9020365819573,500,False,0.06108871631488536,True,0.013404557143033968,1.3163251876831055
662592,780.667161157811,500,False,0.10218789631106115,True,0.013319072105130567,1.0023249387741089
663424,721.1522185776465,500,False,0.07918200558066468,True,0.013582506186673343,1.193839430809021
664208,775.1670312850005,500,False,0.06934867316012215,False,0.013480800064689625,0.9570163488388062
664320,800.6813391507503,500,False,0.08257909331942222,True,0.013533831000031728,1.2750253677368164
664496,816.2209220502646,500,False,0.06129560519197826,True,0.013516261735711323,0.9677785634994507
664528,819.667807616801,500,False,0.08473603209062466,False,0.013524664075532725,1.0356203317642212
664800,742.2319199408911,500,False,0.10107982476353755,False,0.013511298182799818,1.0748209953308105
664896,804.8185861564443,500,False,0.08277829303829995,True,0.013436592956494553,0.9740723371505737
665136,794.767072175922,500,False,0.09230662918380836,False,0.01342511827433382,1.2356510162353516
665312,687.8477880603776,500,False,0.17708851906561865,True,0.013313145638059536,1.5052342414855957
665456,807.0800216377186,500,False,0.08014570844912816,True,0.013236406806205931,1.4576956033706665
666000,758.6850847941058,500,False,0.152693749859725,True,0.013174888321395822,1.1829495429992676
666688,772.0305270975003,500,False,0.1576071200201424,True,0.013267910159503389,1.2509764432907104
666736,792.2629334741583,500,False,0.10946532326045808,True,0.013174334237548683,1.0634044408798218
669328,816.7471798879677,500,False,0.08276639111020485,True,0.013152605297738451,2.1573846340179443
669648,856.5593174788628,500,False,0.056005465604327294,True,0.013086435557034416,1.1012613773345947
670592,780.1016266314283,500,False,0.10137320571327138,True,0.013093835955009049,1.0056695938110352
671424,836.1755889648165,500,False,0.09369519150988297,True,0.012975215046828246,1.5868028402328491
672208,844.5717220247134,500,False,0.1334735973271969,True,0.012533580874841676,0.901231586933136
672320,766.9561781093287,500,False,0.07798455647854685,False,0.012789365054846543,1.1753346920013428
672496,758.0099970761164,500,False,0.1484578005205521,True,0.012707071059309917,0.9906898736953735
672528,761.5420868589423,500,False,0.08423083030833636,True,0.012666337060338076,0.909224271774292
672800,778.3625505786391,500,False,0.18402983853877944,True,0.012659064517806665,0.9800902009010315
672896,789.1912910007661,500,False,0.16652515595806483,True,0.012695441795867337,1.2585594654083252
673136,836.8562602158427,500,False,0.06155291122969485,False,0.012697246076991794,1.090293526649475
673312,786.1250501910422,500,False,0.03700725630142307,True,0.012718547065080929,1.4244033098220825
673456,795.287679345853,500,False,0.027195876539580548,False,0.01267330628347824,1.1013202667236328
674000,815.5253163382678,500,False,0.10319800220347561,True,0.01263113933046104,1.0958151817321777
674688,761.189385265384,500,False,0.08787028037407088,False,0.012785795509963878,1.4344184398651123
674736,802.12263969857,500,False,0.04441927335690931,True,0.012899664572212689,1.3972961902618408
677328,769.8765588389803,500,False,0.1139121638200218,True,0.012897359820880442,0.9255468845367432
677648,834.2288220494452,500,False,0.07467504785074341,True,0.012945559685459409,1.1129999160766602
678592,812.7425355299359,500,False,0.05544170887112632,True,0.012918645541976708,1.2570370435714722
679424,830.3402591803487,500,False,0.05744976758821837,False,0.012625203013050004,1.3751473426818848
680208,790.5320501705075,500,False,0.05061922569315354,False,0.012605683249639576,0.9663996696472168
680320,858.197305698592,500,False,0.03844455910202227,True,0.012446510821090549,1.4940930604934692
680496,820.5705427258686,500,False,0.0498760278242072,True,0.012435325721653876,1.0971163511276245
680528,764.0859727720502,500,False,0.03968702930971376,True,0.012368788721059192,1.0996835231781006
680800,767.6473953861188,500,False,0.07537421927556573,True,0.012356740237705034,1.5972340106964111
680896,789.1578736003203,500,False,0.08475112376034792,True,0.012376866056554262,1.0606422424316406
681136,825.077367568953,500,False,0.04470221859154203,True,0.012366078641383364,0.9886538982391357
681312,706.8435275689975,500,False,0.11083132571860443,True,0.012418731543273945,1.1716077327728271
681456,812.9921900444375,500,False,0.0761081831871605,False,0.012444204151808632,1.058891773223877
682000,831.0063462973391,500,False,0.0459065734513042,True,0.012483877487343897,2.048556327819824
682688,779.8788601677451,500,False,0.04618433625903301,True,0.012709089262929685,1.035351276397705
682736,788.2094470047081,500,False,0.07258816885746652,True,0.012789764516620365,0.9860727787017822
685328,783.793466913839,500,False,0.08820764317766173,True,0.012777467203344635,1.1871283054351807
685648,755.242608561905,500,False,0.08684283937723346,True,0.01265187953651033,1.029045581817627
686592,802.4059085115479,500,False,0.09579233817668512,False,0.012591724242502385,1.4518680572509766
687424,784.2132593702403,500,False,0.1447728598591043,True,0.012666690800857625,1.1199617385864258
688208,671.9336267419212,500,False,0.23482217382894402,False,0.012767448626819035,0.911202609539032
688320,729.8933372549857,500,False,0.08130174187771105,True,0.012748171723144491,1.0255779027938843
688496,779.7295215083033,500,False,0.2073566840462414,True,0.012700756481964571,0.9499371647834778
688528,780.3396915262954,500,False,0.07430011768917824,False,0.012667367089728475,0.9403176307678223
688800,854.279437673543,500,False,0.04914987597602427,False,0.012675928138801914,0.7949481010437012
688896,772.9669123272981,500,False,0.10026016893583582,True,0.012720506038377535,0.9300169944763184
689136,731.241615490134,500,False,0.27787713679045883,True,0.012726961111220935,0.9246741533279419
689312,786.8714199134013,500,False,0.04884662258261833,True,0.0127971955276654,1.0648213624954224
689456,744.4337552074164,500,False,0.1119393811405334,False,0.012788463757284874,1.1251091957092285
690000,850.674125070517,500,False,0.03160644897229768,True,0.01280759643271986,0.9996078014373779
690688,847.3270077311458,500,False,0.0678960729145424,False,0.012821040599924425,1.119774580001831
690736,807.815286065831,500,False,0.048251190438391336,True,0.012825835039340233,0.8025790452957153
693328,789.5525478041874,500,False,0.056458579186966236,False,0.012811212429741746,1.319142460823059
693648,784.2049670111157,500,False,0.11766517635754416,True,0.012685724412525889,1.2185237407684326
694592,740.3692366575254,500,False,0.10892914052517903,True,0.012618515396035855,1.1205744743347168
695424,772.8713916591587,500,False,0.08763083705921493,True,0.012777779223074236,1.1118443012237549
696208,743.9992002928727,500,False,0.06217998616578431,False,0.012736924436824655,0.7907010316848755
696320,773.0307855504577,500,False,0.1825383103127853,True,0.012634102493898906,1.0688507556915283
696496,767.9841322202731,500,False,0.1311214171565488,True,0.012625548809970483,1.5252841711044312
696528,810.6866900684015,500,False,0.04060461741712216,True,0.012610118629465369,0.9458196759223938
696800,724.701159176851,500,False,0.08158631086611597,False,0.012606858370396046,0.9457612037658691
696896,806.6052046064812,500,False,0.08309573639999802,True,0.01266463888666107,1.0119678974151611
697136,756.350949587509,500,False,0.008897743199456073,True,0.012713980675952773,0.9203405380249023
697312,846.213803154367,500,False,0.04000847728655335,True,0.012748666685857824,0.8699623346328735
697456,790.232744754089,500,False,0.07653584744295958,True,0.012828827791212801,0.9015552997589111
698000,753.1842041696287,500,False,0.17048416052399895,True,0.012816403152151967,1.1305930614471436
698688,748.3112697599823,500,False,0.04423275532912516,False,0.012859805242466889,0.8976655602455139
698736,805.2012416024836,500,False,0.0719859533314027,False,0.012824520460860583,1.1138731241226196
701328,739.867291181095,500,False,0.11107633519037549,True,0.012521493395926413,0.8634351491928101
701648,785.0542839260968,500,False,0.05286878097071406,True,0.012283985790078117,1.0911641120910645
702592,856.1935559889475,500,False,0.024411855899719174,True,0.012357675672133094,1.2639553546905518
703424,819.8086525049986,500,False,0.048249882319061604,True,0.012302297005474432,1.155503749847412
704208,879.4211956779965,500,False,0.06718454831313356,True,0.01257477902513139,1.2285345792770386
704320,781.6516480507287,500,False,0.08708927204243835,True,0.012563621334421519,1.0468981266021729
704496,801.0554958495688,500,False,0.059096447667489276,True,0.012556839963082017,0.9897812604904175
704528,849.2419419403288,500,False,0.04251872358457275,True,0.012587589935330122,0.9791057109832764
704800,776.1368863415325,500,False,0.03670642224791881,True,0.012578649870552594,1.01784086227417
704896,715.1523326291151,500,False,0.1806271194720615,True,0.012525138900810709,1.0402504205703735
705136,753.8920537905756,500,False,0.10017083136247651,True,0.012493175374350884,1.0798020362854004
705312,787.3858026118536,500,False,0.14839564834412328,True,0.01240101063341803,1.3244379758834839
705456,862.338505684075,500,False,0.03712426413297605,False,0.01240102138409753,0.9027115702629089
706000,815.7090731782754,500,False,0.039136714407880656,True,0.012480683308464668,1.029329776763916
706688,781.48851111942,500,False,0.046619416197340245,False,0.012437178560703121,1.2441802024841309
706736,859.7003886887884,500,False,0.025818981154144067,True,0.012575529257957407,1.1574163436889648
709328,784.6456600802276,500,False,0.09756997196570137,True,0.01257647822718419,1.0325138568878174
709648,810.4236612159642,500,False,0.10668838899294104,True,0.01221483528396273,0.9576096534729004
710592,782.7668640215376,500,False,0.05055281885863567,False,0.012274163018220338,0.8501607775688171
711424,806.4312421363732,500,False,0.0377545845635033,False,0.01226670172545909,1.1036827564239502
712208,767.4302992192149,500,False,0.11713493998315475,True,0.011898329808145687,1.014587163925171
712320,776.7978907142931,500,False,0.09663972980161047,True,0.01199285624621754,1.0787854194641113
712496,728.2089368222315,500,False,0.050847364030408126,False,0.012013194995295406,0.9045901298522949
712528,817.022637886915,500,False,0.09145323650310945,False,0.01199972743862953,1.044681429862976
712800,715.2163338691339,500,False,0.2164626380478677,True,0.012004049220846412,1.1867375373840332
712896,796.5801864613289,500,False,0.0889004538967571,True,0.011999059032955827,0.9075899124145508
713136,748.5416995258184,500,False,0.10067274114966222,True,0.012010813269237343,1.1645636558532715
713312,818.4502463639514,500,False,0.06980472222339525,True,0.011934293713115982,0.9175504446029663
713456,844.2110180300635,500,False,0.027441907902731592,False,0.011881485034505717,1.120661973953247
714000,753.0854883825655,500,False,0.09556119940632075,True,0.011845134046051928,1.05441415309906
714688,651.772097903174,500,False,0.18909501820583513,True,0.011928211540477228,0.8811745643615723
714736,755.7576535214521,500,False,0.11870989396671457,True,0.011962200867576829,1.090461015701294
717328,700.5646335150924,500,False,0.09388669200341274,True,0.011960240288141456,1.0097086429595947
717648,729.8235773517765,500,False,0.08561750087881144,True,0.011657799007772281,1.4020602703094482
718592,823.7058623673767,500,False,0.07488289758310913,True,0.01171069791849516,1.196211576461792
719424,768.2099392944737,500,False,0.12165564044213747,True,0.011644129820460583,0.910973072052002
720208,758.0770064300837,500,False,0.05592638366403732,True,0.011592640467838098,1.36063814163208
720320,724.7268593759658,500,False,0.07827167783403437,True,0.01184975419267146,5.452054023742676
720496,765.0802994809653,500,False,0.04813205492692121,True,0.011864711038882264,1.113952875137329
720528,782.805453272315,500,False,0.05722279172904844,False,0.011863890920217555,1.0524725914001465
720800,723.6981052403711,500,False,0.06169164513990033,False,0.011851003675016509,1.1358537673950195
720896,699.751654218262,500,False,0.1716059533373532,True,0.011882467288333358,1.1026740074157715
721136,789.9499025380376,500,False,0.11965634327654467,True,0.011894354140168472,1.2650980949401855
721312,727.9762172008918,500,False,0.11780412787633276,False,0.011910430733408969,0.7912492752075195
721456,761.9073156226377,500,False,0.04030509125664698,True,0.011865178763558927,0.8652853965759277
722000,849.0352365203971,500,False,0.07034096276658053,False,0.011854960184864762,0.7576702833175659
722688,831.7931223226211,500,False,0.07855368796142224,True,0.011910930060086386,1.077042579650879
722736,823.6604196743465,500,False,0.057926112152733744,True,0.011910133431518267,0.9127890467643738
725328,790.3291875941208,500,False,0.05914869763040016,True,0.011894677004010699,0.8365153074264526
725648,779.9759439538655,500,False,0.06312176365099177,True,0.012136074629738649,0.8209475874900818
726592,789.0247397355247,500,False,0.04695752346782712,False,0.012094379937049534,1.221954107284546
727424,793.1372814650497,500,False,0.062356146750265226,True,0.011749552480473277,1.167742133140564
728208,779.9011211080286,500,False,0.0688238777480777,True,0.011951059183917034,0.9897805452346802
728320,853.4938295038677,500,False,0.07163747858262716,True,0.012043352743890097,1.0531182289123535
728496,791.152295771125,500,False,0.08707735220749717,True,0.0120665426383399,0.8591789603233337
728528,815.1629954659941,500,False,0.0700717359314071,True,0.012110633428680215,0.8234393000602722
728800,814.1508344543271,500,False,0.05483003166334938,True,0.012109607827101125,0.9784411787986755
728896,773.6519751593924,500,False,0.18096380203530205,True,0.012108636961079328,1.1810367107391357
729136,776.9200610136706,500,False,0.04608291484668188,False,0.012128386755864468,1.3920211791992188
729312,797.767724184002,500,False,0.06396910020834005,True,0.012146547567633049,1.6115493774414062
729456,721.6758428557152,500,False,0.13308640219850637,True,0.012135020245609226,1.086403727531433
730000,686.9114198936907,500,False,0.16433447774801255,True,0.01215079723731652,1.6127402782440186
730688,704.7004152942949,500,False,0.2110154376271133,True,0.01218373175847203,0.9616490006446838
730736,764.025545254336,500,False,0.07364453315838519,True,0.012124285808219405,0.9611873626708984
733328,737.4143240474694,500,False,0.10885269296605017,True,0.012117716588871938,1.200669527053833
733648,840.8590198180198,500,False,0.06411664368333884,False,0.011974759193896577,1.0458290576934814
734592,822.3642198884257,500,False,0.05066557965037754,True,0.011928364146381423,0.7456849217414856
735424,793.6531530803042,500,False,0.07520160419059213,False,0.011915245989439424,1.0961229801177979
736208,805.6312862079617,500,False,0.07045079831870946,True,0.011789542924878015,1.0256493091583252
736320,793.3332810397739,500,False,0.17138874721034614,True,0.011754371140488572,0.8171651363372803
736496,681.6902005148653,500,False,0.1530589296474937,True,0.011764669328084024,0.8346923589706421
736528,847.6758796847909,500,False,0.03224938916326228,False,0.011697425516962729,0.6792881488800049
736800,794.7089522729134,500,False,0.056426171331629776,False,0.011673444245126164,1.2425858974456787
736896,806.9211398784087,500,False,0.17628539047222835,True,0.011672276500551457,0.8680944442749023
737136,737.9348625787974,500,False,0.11319779059214938,True,0.011646941592798806,1.026415228843689
737312,764.9811878311955,500,False,0.03608867058007153,True,0.011591065227059227,1.2359763383865356
737456,795.9339713812113,500,False,0.04585395795743408,False,0.011625823834451786,0.9034844040870667
738000,815.3616262578048,500,False,0.12176083743790973,True,0.011633191142198013,1.000973105430603
738688,764.904755287369,500,False,0.09004649762576526,False,0.011640319551463527,1.0673719644546509
738736,797.8262356958749,500,False,0.0984635900105025,False,0.011663779997883608,1.0751783847808838
741328,816.2071203442148,500,False,0.12055951210460446,True,0.01165989710091919,0.8762915134429932
741648,866.8566150366869,500,False,0.08408970351397249,True,0.011402740200640332,1.0536481142044067
742592,773.892944039223,500,False,0.0545422583549054,True,0.01137538860863342,0.8994759321212769
743424,786.6574069720338,500,False,0.13296766165884527,True,0.011651492220939084,0.9582338333129883
744208,809.0594062012842,500,False,0.2179540932531246,True,0.011625112023994355,0.9473609924316406
744320,754.7355793969245,500,False,0.07094977132019928,True,0.011620646760233925,1.0638270378112793
744496,802.5934637027502,500,False,0.07583693061162425,False,0.011650074465743482,1.200952410697937
744528,784.1573448457613,500,False,0.07141781180230407,True,0.011720630371297851,0.9450907707214355
744800,826.7855674774182,500,False,0.0972785671416077,True,0.011736578642664386,0.9670018553733826
744896,731.4708152664184,500,False,0.07600739253568442,True,0.011835162549198508,1.0220996141433716
745136,729.8667570264145,500,False,0.09514909660696527,True,0.011825304463738626,1.1625527143478394
745312,785.7491702675736,500,False,0.055029012533220546,True,0.011839864841732118,1.092782735824585
745456,868.1524817445804,500,False,0.06102747013976479,True,0.011783435418156105,0.9171642065048218
746000,849.8956976612033,500,False,0.05891126382048423,True,0.011753548572874431,0.8131029009819031
746688,776.4689463014429,500,False,0.18618175146661545,True,0.011902098095417092,1.534379243850708
746736,734.0015840347829,500,False,0.13201818886013897,True,0.011873753274947345,1.0164222717285156
749328,772.974457630753,500,False,0.09353836076714213,True,0.011892319234484054,1.0872515439987183
749648,849.8022386869904,500,False,0.07269645257136752,False,0.011852209173554508,0.9668254256248474
750592,723.8948971792646,500,False,0.10021770755815408,True,0.011675835990467946,1.1646462678909302
751424,777.3704037325988,500,False,0.052254233582500455,True,0.011625317525655494,0.9787430763244629
752208,780.6813381502784,500,False,0.06778630920959813,False,0.011707739687105633,1.047133207321167
752320,834.1426752087494,500,False,0.045356036945238216,True,0.011688519790979473,0.8854338526725769
752496,783.1081192734476,500,False,0.04710175825057526,True,0.01170486182203742,1.0084716081619263
752528,815.2954044012371,500,False,0.05775238533936345,True,0.011748467915182885,1.0074379444122314
752800,788.898930360616,500,False,0.10913861733797096,True,0.011759980962692627,1.0771008729934692
752896,892.7653180041319,500,False,0.0253257387486193,True,0.011734821691087468,1.052741289138794
753136,861.2686997537547,500,False,0.03903913595305216,True,0.011715021115131702,1.1449017524719238
753312,738.3354160451381,500,False,0.08691750848745745,True,0.011761443389634455,1.3910038471221924
753456,759.7933004344843,500,False,0.058004540153463784,True,0.011751385485164209,0.9723430275917053
754000,724.2931997710351,500,False,0.11395326079176706,True,0.011785663025267413,1.088524341583252
754688,862.2597726147704,500,False,0.028850227744559503,True,0.011788148509024215,1.2687253952026367
754736,838.8027414188658,500,False,0.02073716892485348,True,0.01201999391452876,1.003615140914917
757328,792.0378435440257,500,False,0.08191667237187107,True,0.01204668086836089,1.6217294931411743
757648,833.0321420494134,500,False,0.032464632034720615,False,0.011775209452539227,0.9490735530853271
758592,801.5906184667164,500,False,0.06402002355769977,False,0.011830797961864176,0.8533464670181274
759424,785.4926967697087,500,False,0.06823556393304378,True,0.011989149004379817,0.9039820432662964
760208,764.7437538513706,500,False,0.15879105288087758,True,0.0119317528027277,0.8868228197097778
760320,824.8540382815376,500,False,0.05125384364128956,True,0.011864387802679604,0.8646847009658813
760496,786.9214858845418,500,False,0.0863799507236698,True,0.011811433241088578,0.9257416725158691
760528,796.3111029103035,500,False,0.056771143182196025,True,0.011687388684486228,1.0244011878967285
760800,821.1405675056376,500,False,0.09718600827852632,False,0.011679397669238003,1.171372652053833
760896,831.5581904428294,500,False,0.07962935965778822,True,0.01166158978063191,0.9731390476226807
761136,857.5013634783477,500,False,0.094189276317208,True,0.0117201905845815,0.8747045993804932
761312,792.8124905978123,500,False,0.09527927142965095,False,0.011801102723622458,0.7402373552322388
761456,758.4840253802444,500,False,0.11020431203174841,True,0.011762087795567299,1.3017079830169678
762000,826.2068717923956,500,False,0.06376410281589695,False,0.011725689788225635,1.1389821767807007
762688,773.0255619220237,500,False,0.09003825989143997,False,0.011793244717669326,1.2041828632354736
762736,786.4370378493957,500,False,0.09697494428615128,False,0.011839161221112846,0.8796958327293396
765328,704.0714559794839,500,False,0.11268460680761093,True,0.01182915608725359,1.1554516553878784
765648,798.8292535476409,500,False,0.034112349209621126,False,0.01145506626226267,0.8839452266693115
766592,864.3611098279896,500,False,0.10823090322801501,False,0.0113893793990801,1.0177881717681885
767424,765.7324427973658,500,False,0.09032594630400914,True,0.011372513577935598,1.4098381996154785
768208,702.1015854566236,500,False,0.1433973060246375,True,0.011516979924748837,0.937212347984314
768320,777.0405037192186,500,False,0.09613855714992524,True,0.011779883755212404,1.126842975616455
768496,832.5338387531725,500,False,0.0821400416575873,False,0.011796718199461929,1.1355581283569336
768528,691.4742657703729,500,False,0.10273565128470365,True,0.011862582372521694,0.903265118598938
768800,707.0739147229463,500,False,0.06672928553288016,True,0.011868965162931266,0.8160671591758728
768896,761.4778845661477,500,False,0.06332576914948594,True,0.011822550713312275,1.458359718322754
769136,772.1919740680881,500,False,0.10676572661624067,True,0.011828490984815086,1.2936550378799438
769312,825.4323185572399,500,False,0.07739081181629227,True,0.01183353189760426,1.919480562210083
769456,784.6757573026647,500,False,0.1064466333627873,True,0.011750879817555697,0.8960936069488525
770000,757.2659582494832,500,False,0.0728191862107895,True,0.011650399327331338,1.1047885417938232
770688,835.0634026414449,500,False,0.08250710750090444,True,0.011580971129579325,1.0561197996139526
770736,754.8022961338702,500,False,0.09806373211992701,False,0.011442715509712856,1.9369503259658813
773328,772.6197138894913,500,False,0.0673987319360852,False,0.011455457358680724,1.1150091886520386
773648,736.4123569600957,500,False,0.02883537632346546,True,0.011546346279337816,1.0823535919189453
774592,739.3772127461726,500,False,0.08718084642617589,True,0.011517365508244183,0.7964112162590027
775424,856.6811159947839,500,False,0.08341064470867302,True,0.011777239206792793,1.1465473175048828
776208,824.3691423649055,500,False,0.06357125700052184,True,0.011894114566439334,1.1362144947052002
776320,804.9658561517815,500,False,0.0741087390619657,True,0.011904908401338007,0.7902790307998657
776496,780.4753396005602,500,False,0.07592665347036857,False,0.011934401280659049,1.377166748046875
776528,814.1360334785969,500,False,0.056561233199834596,True,0.011942143417669358,0.9374617338180542
776800,764.0629333830253,500,False,0.06366131830822025,True,0.011944360886086556,0.8559778928756714
776896,868.7697424593032,500,False,0.06707679846696094,True,0.011989722980158012,0.8449068069458008
777136,782.4241402926476,500,False,0.04336270707713174,True,0.011953828703278565,0.7642809748649597
777312,774.1777567415752,500,False,0.06824921251772267,True,0.011878606474360199,1.0699210166931152
777456,809.919627424546,500,False,0.1210485779860119,True,0.011845553076050534,1.1102356910705566
778000,690.8294305120435,500,False,0.10465535437247643,True,0.011844840921948957,0.9058607816696167
778688,810.070159237102,500,False,0.13578503521491028,True,0.011933188737251774,1.008673906326294
778736,799.1205754913195,500,False,0.0745757412380564,False,0.011860937710652634,1.283767819404602
781328,737.3161600373453,500,False,0.1668881940120818,True,0.011851024197755392,0.9328017234802246
781648,762.8127520895193,500,False,0.13974845316709444,True,0.01156455364304999,0.9736950993537903
782592,791.8870332557274,500,False,0.040869382156229365,True,0.011392369348802557,1.1478662490844727
783424,870.5262731336046,500,False,0.014604679163226735,True,0.011507306285690463,1.0351085662841797
784208,810.170030797171,500,False,0.030877777105951753,False,0.011762049028215102,0.8016712665557861
784320,796.1969601127911,500,False,0.01423745517739703,False,0.011709528524816869,0.9211825132369995
784496,743.2143367089622,500,False,0.10500766422991449,True,0.011689682514515735,1.1937379837036133
784528,737.13741513456,500,False,0.17256533769713947,True,0.011683137625240307,1.310483694076538
784800,798.6127821475544,500,False,0.05076807912464446,False,0.01167553614528016,1.2528284788131714
784896,830.9113689531832,500,False,0.07368859020380765,True,0.011610424224792703,1.0304099321365356
785136,808.5039678578181,500,False,0.06614593793170598,True,0.011604682625850429,0.8605371713638306
785312,782.8179854797137,500,False,0.02997941268980483,True,0.011638928671724993,1.617506980895996
785456,712.3291348363356,500,False,0.16193150269892165,True,0.011704629865283964,1.0358197689056396
786000,824.5161748541628,500,False,0.08347293207953305,True,0.011750105196788782,0.995151162147522
786688,766.6598470284309,500,False,0.10605074519953524,True,0.011802255332542717,0.8976224660873413
786736,760.9504814025044,500,False,0.04693184484143225,True,0.01192048017549233,0.8527525067329407
789328,792.2124707316948,500,False,0.0804495121655654,True,0.011944136226920737,0.9793260097503662
789648,752.1543518500915,500,False,0.04597303850964386,True,0.011663246187180778,0.9322992563247681
790592,814.2424177380212,500,False,0.06457748302908872,True,0.011632831696860173,0.8977382183074951
791424,810.9292578109066,500,False,0.04587081197224236,True,0.01165459955623369,0.9159455299377441
792208,812.8567967817969,500,False,0.06005340499544932,True,0.01156170011777134,0.9161828756332397
792320,689.7340785585374,500,False,0.21648379812429472,True,0.011694194930222373,1.1605279445648193
792496,869.9485020103657,500,False,0.09242070830254595,True,0.011765871777039534,1.0211822986602783
792528,796.9853747358641,500,False,0.053719178235838355,True,0.011784683640604938,0.9395713806152344
792800,807.7336664419704,500,False,0.05816757536706442,False,0.011776295356688308,0.9956801533699036
792896,786.1711541688788,500,False,0.052040765202451864,True,0.011784446823130193,0.8680576086044312
793136,819.1278511009612,500,False,0.11554584848342445,True,0.011756953966494801,0.8487229943275452
793312,821.3842311574665,500,False,0.04920311405524589,True,0.011702783056972694,0.8188284635543823
793456,770.3909463700535,500,False,0.08875158869575954,True,0.011731555049878224,1.3969686031341553
794000,824.5532496107871,500,False,0.06079290825384103,False,0.011719000146605506,1.329328179359436
794688,715.7621192899398,500,False,0.21279768473168587,True,0.011836143726313916,1.1473407745361328
794736,759.7294367560335,500,False,0.061573617330457193,True,0.01201977380652148,1.017711877822876
797328,716.0658791179414,500,False,0.2016939807487167,True,0.01200796025828449,1.0512611865997314
797648,841.9740481528214,500,False,0.05739602115388577,True,0.011860328975455164,1.0748391151428223
798592,795.7413503548316,500,False,0.12049664653899392,True,0.011935232678291656,1.0444390773773193
799424,772.7346906166578,500,False,0.038338367779510614,False,0.011881748979337262,1.0749536752700806
800208,838.4385475001328,500,False,0.09608987934311768,True,0.011931149813388862,1.1373436450958252
800320,763.077672259152,500,False,0.0739554161701449,True,0.01192476119165241,0.8916946649551392
800496,784.5828042329849,500,False,0.029537865275871662,True,0.011863780290187321,0.9240254163742065
800528,794.2298360011218,500,False,0.05453131245640382,True,0.011797114369787486,0.9833742380142212
800800,843.2955828565437,500,False,0.033627378762417455,False,0.011782535152321342,0.9843347072601318
800896,850.4321580413232,500,False,0.018337854541775514,False,0.011736354582481338,1.034018635749817
801136,856.0255355131144,500,False,0.045485204929287905,True,0.01175963722551289,1.1324682235717773
801312,850.3369697472045,500,False,0.042140090172100145,False,0.011675010327091322,1.0851812362670898
801456,787.8878301294855,500,False,0.05187048448812536,True,0.011692963325170364,1.0819883346557617
802000,792.445489462164,500,False,0.09385931554605306,True,0.011643601896800526,1.1116530895233154
802688,793.9262374388427,500,False,0.06728868263448153,True,0.011644979475298316,1.079552173614502
802736,865.350635309437,500,False,0.040269169115095184,False,0.01188026771348887,0.9761537313461304
805328,784.9119810718637,500,False,0.10197500844063717,False,0.011882293074224802,1.3562957048416138
805648,781.202481097224,500,False,0.05646694609894604,True,0.011924373749761925,0.8960131406784058
806592,786.7576535145095,500,False,0.09369193239246223,True,0.011885106905259974,0.6957871317863464
807424,833.1592649990585,500,False,0.12871168448207404,True,0.011951756862493643,0.7834017276763916
808208,865.8164181947542,500,False,0.04784712842869481,True,0.012205114523265179,0.8839157819747925
808320,805.3410658661472,500,False,0.07083657222718243,False,0.012075671460115645,1.0342357158660889
808496,812.1025604979598,500,False,0.06241396489227354,True,0.012084226179944013,0.8878889083862305
808528,843.9050720541687,500,False,0.05042431729136577,True,0.012029267635568773,0.8063985109329224
808800,758.5877906623857,500,False,0.07051000343165378,False,0.012018511070047463,1.0394210815429688
808896,859.7758852867647,500,False,0.08097702455033262,True,0.011886372786993593,1.084141492843628
809136,712.1403406399623,500,False,0.19995615809205208,True,0.011857022048797147,0.9704819917678833
809312,886.281249244925,500,False,0.02961732057773431,False,0.011793949372474542,0.993826150894165
809456,727.5995684574123,500,False,0.16877332253188346,True,0.011785914442205999,0.861068069934845
810000,762.1269553055319,500,False,0.08623743500314404,True,0.01176678445348569,0.9392102360725403
810688,832.9108395546891,500,False,0.010473998477217668,False,0.011891349178230362,0.8275750279426575
810736,816.954146933233,500,False,0.027796919400468665,False,0.011874451201725722,0.7565515041351318
813328,762.3419437471123,500,False,0.09211077772670788,True,0.011855683588621834,0.9126960635185242
813648,709.9562948237175,500,False,0.06335078894505239,True,0.011894704255419225,1.0204527378082275
814592,835.6026384443647,500,False,0.01741006473524994,True,0.011975344368612927,1.033498764038086
815424,768.229322272706,500,False,0.10014376601577901,True,0.011713018020357699,1.0256285667419434
816208,740.5664526476185,500,False,0.13056182893071827,True,0.01174000359285479,0.9786370992660522
816320,810.7597809359414,500,False,0.02080462274275095,False,0.011591994867630004,1.0167381763458252
816496,778.9389847379828,500,False,0.016991968507166604,True,0.011630263419788773,1.145662784576416
816528,779.7259239695087,500,False,0.07934068574609776,True,0.011652728049595657,1.8631062507629395
816800,854.2614962349298,500,False,0.04272275416156588,True,0.011639663613958325,1.0120117664337158
816896,823.4463547476153,500,False,0.049879163056281546,True,0.011562949613489719,0.9363701343536377
817136,787.8282228945263,500,False,0.019925658589643812,True,0.011553977356894975,0.9764151573181152
817312,806.8157809958906,500,False,0.05153799120611295,True,0.01147357821549831,0.9004324674606323
817456,819.7409653738611,500,False,0.03641210027066585,False,0.011560096533971314,0.947006106376648
818000,882.8982247550921,500,False,0.03783228517600733,True,0.011613571303829055,0.9563578367233276
818688,770.3721029465698,500,False,0.03969688090328034,True,0.011817951184485023,0.8706337213516235
818736,738.3884507670351,500,False,0.07243521252464662,True,0.01200898034607984,0.9690483212471008
821328,866.0164368803506,500,False,0.029468102905928575,True,0.012025987355986548,1.088665246963501
821648,839.8655733194269,500,False,0.053628987113701246,True,0.011830787712570746,1.2162411212921143
822592,819.7616955340739,500,False,0.02929150774533179,True,0.01183027545487049,0.9977848529815674
823424,794.6132605441895,500,False,0.02177385881701666,True,0.011726225960780698,1.1925756931304932
824208,795.6514388283158,500,False,0.025710632999683333,True,0.011817437597595584,0.8738747835159302
824320,854.0432309323934,500,False,0.031881713846766586,True,0.011919335464786508,0.7252068519592285
824496,870.1590455808013,500,False,0.014265917477400728,False,0.011932386790021232,1.2691787481307983
824528,761.2678900430698,500,False,0.1527332676064641,True,0.011960053815219987,0.9227954745292664
824800,883.0668457210749,500,False,0.025707472240357233,True,0.011974996995181198,0.7694658637046814
824896,689.1815729930269,500,False,0.11040050774440904,True,0.011911537670197774,0.7765161395072937
825136,743.4538462167058,500,False,0.09055339800434137,True,0.011883684077677382,0.7626129388809204
825312,835.519074836759,500,False,0.06832996775203824,True,0.011892408830813331,1.0148323774337769
825456,857.0867101393917,500,False,0.022753759202250527,False,0.011964127898678107,1.077898621559143
826000,833.0835056105947,500,False,0.07437670856533016,True,0.011923155520496227,0.8195323944091797
826688,802.9024813140005,500,False,0.05161892055770332,True,0.011790080704172968,1.0495275259017944
826736,784.2903706080124,500,False,0.2506475291671272,True,0.011792970063006425,1.0632379055023193
829328,757.1527953898809,500,False,0.12060557241104032,True,0.011815439529267164,0.9759287238121033
829648,788.0540904880747,500,False,0.06313289641582169,False,0.012236102357480657,1.0909286737442017
830592,757.5535008536887,500,False,0.10136794021999518,True,0.012192923809341366,0.7735030651092529
831424,891.0581595130877,500,False,0.04002333271173114,False,0.01200109474672835,1.0068702697753906
832208,684.4473053067404,500,False,0.11610608683705265,True,0.012149038945842164,1.0848486423492432
832320,835.3211320130688,500,False,0.0572726927188417,True,0.011970090290533076,0.9365411996841431
832496,764.840447504496,500,False,0.053556536556474583,True,0.011981442056143063,0.7568883895874023
832528,768.6765814930131,500,False,0.05445334504296873,False,0.012030738465804986,1.0588438510894775
832800,778.4378366767166,500,False,0.0457288483579164,True,0.01203813298376081,1.0768119096755981
832896,877.664312820282,500,False,0.0514032186601953,True,0.01214730441220565,1.056323766708374
833136,803.874262469605,500,False,0.04110640911719016,True,0.012143053492370461,0.9360384941101074
833312,849.6584530930256,500,False,0.05024342668766813,False,0.012138807211899008,0.8732103109359741
833456,810.7049793198352,500,False,0.03007705534054092,True,0.012172657392225473,0.8557859063148499
834000,813.604039276161,500,False,0.051547150166377585,True,0.012184924637672267,0.8688197135925293
834688,709.9384428114613,500,False,0.12582932799386512,True,0.01211358848629767,0.997817873954773
834736,810.304465663047,500,False,0.0975640992991785,True,0.011784072062243077,0.8095049858093262
837328,838.7470871167924,500,False,0.049938764590453606,True,0.011806522809529861,0.9476871490478516
837648,785.9078786295448,500,False,0.09744288686190336,True,0.011829469083389985,1.053229808807373
838592,763.101096382082,500,False,0.1495599092896888,True,0.011854546496874854,1.0073754787445068
839424,820.763526115287,500,False,0.020739432327340046,False,0.011700937204769472,0.7963018417358398
840208,768.4746594558222,500,False,0.08318465368800723,True,0.01167565890626414,0.8389697074890137
840320,778.6605100523907,500,False,0.05900872141791039,False,0.01153684754768152,0.7121443748474121
840496,788.9598604223919,500,False,0.038095907088591924,False,0.011476785447175359,1.1378110647201538
840528,738.8126794208615,500,False,0.08078490468632443,True,0.011435039372759654,1.281154990196228
840800,763.4362564076379,500,False,0.28058706756280605,True,0.011428431205645193,1.4575374126434326
840896,729.6220490350767,500,False,0.1910149927598179,False,0.011407880264625869,0.7206404209136963
841136,786.6063007520842,500,False,0.08886422126140099,True,0.011427268754598034,0.8030095100402832
841312,834.2250847195395,500,False,0.0613372052331668,False,0.011538700724844487,1.0142879486083984
841456,830.0133568638826,500,False,0.08179581950388373,True,0.011579145006113655,0.8823326230049133
842000,818.7465145215615,500,False,0.13273383465448316,True,0.011581536850039485,0.8406094312667847
842688,849.6641096503018,500,False,0.0321493656733138,False,0.011498873518342771,0.9296916723251343
842736,786.3696384806749,500,False,0.05216228724453943,True,0.011522905676443887,0.8589382767677307
845328,741.7253257815016,500,False,0.1058494394184691,True,0.011521573791208847,1.0270837545394897
845648,894.4757343908921,500,False,0.02636134469210599,True,0.011276808698194552,0.8734803795814514
846592,747.2616028205997,500,False,0.0459538185934565,False,0.01127192399057071,0.8845977783203125
847424,791.3972299488505,500,False,0.02139994333212553,True,0.011317014558644901,0.9365077018737793
848208,804.557411725767,500,False,0.02454395543701307,True,0.01144235285196386,0.9075042009353638
848320,770.0129345315011,500,False,0.06788334170285448,True,0.011263733939497709,1.3575594425201416
848496,773.9332603438778,500,False,0.06722464695050111,True,0.011288743180541978,0.8409796953201294
848528,822.2208704823478,500,False,0.02903223858156235,False,0.01131941053548983,0.8343638777732849
848800,861.9589608663518,500,False,0.04204300443052312,True,0.011319581676139475,0.8526473045349121
848896,772.7276633935476,500,False,0.031232272952895285,True,0.011333828592855356,0.6986714601516724
849136,798.8801493900035,500,False,0.04026245781231425,False,0.011359201291123009,0.9194744229316711
849312,699.6679074061656,500,False,0.07616970988926418,True,0.011358448394912672,0.9408622980117798
849456,870.9238464806094,500,False,0.022755285276692655,True,0.01137720636409181,1.0370218753814697
850000,844.7309904726789,500,False,0.11907576551672062,True,0.011320075615240262,0.8966203927993774
850688,757.2511263916363,500,False,0.13038880201440964,True,0.011421937809254674,0.7803529500961304
850736,749.9769391341931,500,False,0.09377142463307173,True,0.011540723923732845,1.012547492980957
853328,764.8310748706062,500,False,0.16798871933877096,True,0.011535853389323879,1.028828501701355
853648,734.2949105380351,500,False,0.08703730949569156,True,0.011488233423346674,0.9982162117958069
854592,771.4227483604112,500,False,0.09347236948402937,True,0.01158482166283843,0.8108550906181335
855424,858.295045664696,500,False,0.05685302287272662,False,0.011516000738709559,1.0387580394744873
856208,786.0193205781183,500,False,0.09796053187836662,True,0.01144910652937906,0.9448518753051758
856320,847.2514881789614,500,False,0.08881891720664013,True,0.01145140050456307,0.7421865463256836
856496,741.013856250589,500,False,0.06658510286215726,True,0.0114421284543884,1.108116626739502
856528,735.2769468769909,500,False,0.08008851656603551,True,0.011494514744988998,0.9360736608505249
856800,831.937489486352,500,False,0.04986183030666802,True,0.011494868413881594,0.8395529985427856
856896,796.4042705413692,500,False,0.07285212445981838,True,0.011501533529545423,0.7575284242630005
857136,770.1411243448513,500,False,0.07079386411883629,True,0.011485716276161835,0.862993597984314
857312,809.1780936186855,500,False,0.0653034910866179,True,0.011477852246896436,0.9357134103775024
857456,888.6228965473615,500,False,0.009807692079271135,True,0.011479409652848743,0.906356930732727
858000,858.1533254077158,500,False,0.04178056629285181,False,0.011389925982984519,0.8073512315750122
858688,849.4366894309602,500,False,0.05862810326309225,True,0.011431209557210194,1.073773980140686
858736,818.6020155183245,500,False,0.04189916334515224,False,0.01140532229063459,1.0515797138214111
861328,806.163387318287,500,False,0.05504601425565645,False,0.011400076568432062,0.92046058177948
861648,827.8710065821629,500,False,0.04261526664361432,True,0.011485073191631888,1.1951327323913574
862592,807.7065690730332,500,False,0.04065176261397299,True,0.011503867561353794,0.7371478080749512
863424,710.3061331082471,500,False,0.16432728376962247,True,0.011414862542156224,0.8860914707183838
864208,745.5526418010405,500,False,0.09955026636146712,True,0.011192512542064876,0.9543410539627075
864320,756.5469366077382,500,False,0.050199832196631815,True,0.011385978575966566,0.8221019506454468
864496,779.21403571754,500,False,0.07398010113866793,True,0.011400613622300961,1.1434082984924316
864528,808.7370940588715,500,False,0.06947042973827933,True,0.011404721300021384,1.4512906074523926
864800,793.1174472883791,500,False,0.049774957656015216,True,0.011409049259678674,1.115652322769165
864896,855.2784778164863,500,False,0.0729499058145403,True,0.011393379576524452,0.9195290803909302
865136,825.9657605221654,500,False,0.04332398518371875,False,0.011365469457826911,1.0516903400421143
865312,821.9804428540741,500,False,0.09828038362663935,True,0.011341428043623173,1.085759162902832
865456,811.4454759455759,500,False,0.09377367375730526,True,0.011310854001969928,1.2446355819702148
866000,799.8952832880395,500,False,0.06311600509542116,True,0.011261400365269942,1.1079500913619995
866688,773.1272127945608,500,False,0.06500648401429465,False,0.011384339038131937,0.9446384906768799
866736,759.7289934629989,500,False,0.07385991250825881,True,0.01151448303904093,0.8464975357055664
869328,774.8844432607052,500,False,0.07621279822062962,True,0.011515402419890216,1.0350663661956787
869648,825.7499955153467,500,False,0.040713586498433936,True,0.011523373867862362,0.7311644554138184
870592,877.1889235365845,500,False,0.06298951245327705,False,0.01144437378328182,1.033341884613037
871424,822.8615682254709,500,False,0.06308778104876583,False,0.011411447889948847,0.9684209227561951
872208,794.9474876965284,500,False,0.11807516856204502,True,0.01128374063731,6.248518943786621
872320,813.0562472475839,500,False,0.11588549771946331,True,0.011431133483935586,1.2632213830947876
872496,797.6626306027864,500,False,0.048471292749162245,True,0.01144851172056071,0.9529730677604675
872528,817.4083028338302,500,False,0.03942992615913886,False,0.011497853554441185,0.9708013534545898
872800,811.910460403896,500,False,0.03348074385540266,True,0.011489889712175532,1.1899075508117676
872896,795.495531119779,500,False,0.07688827537645916,True,0.011355926329211398,0.9102449417114258
873136,807.7870800901487,500,False,0.03580050379416855,False,0.011340731233007481,0.8298389911651611
873312,862.9837425938429,500,False,0.048665270658613854,True,0.011329408107066685,0.8801373243331909
873456,823.3391218674213,500,False,0.11726230465334422,True,0.01131195024229886,1.0031602382659912
874000,798.1879715026558,500,False,0.062465876456790484,True,0.011287449670144774,0.7121529579162598
874688,762.0039761124334,500,False,0.057851388855307904,True,0.011238377532856468,0.6501071453094482
874736,795.9251789703548,500,False,0.06751735613540463,True,0.011292812697464056,1.025280237197876
877328,693.8084724498119,500,False,0.15362147018910025,True,0.011280274388200827,0.857994019985199
877648,797.874531912269,500,False,0.04957376078866954,True,0.010952365242415916,0.5415620803833008
878592,822.716150104584,500,False,0.08031445762236213,True,0.011111190865605294,0.7449732422828674
879424,846.0573138048463,500,False,0.04901897669915967,True,0.011334150127314837,0.6845089197158813
880208,773.1975931511928,500,False,0.06700558985717087,False,0.011354233288627474,1.079901933670044
880320,748.902140935273,500,False,0.09417162310923294,True,0.01151778100922392,0.8237977623939514
880496,862.7110935977042,500,False,0.05268792458766631,True,0.011572637273718942,0.7768372297286987
880528,756.1297015869225,500,False,0.0556371453880016,True,0.011593565348149537,1.6741719245910645
880800,748.5981002522474,500,False,0.12062858233187793,True,0.011578643513089744,0.7295294404029846
880896,767.1753260741791,500,False,0.04837287391122755,True,0.01159206204706948,0.8182324767112732
881136,811.7629656081258,500,False,0.04899608395753229,True,0.01154745925103187,0.8074926733970642
881312,829.3777811966265,500,False,0.07260365528850636,True,0.011501745173074583,0.8302206993103027
881456,775.913823439379,500,False,0.13967424176102736,True,0.01147611667067186,0.8916984796524048
882000,761.6501172085706,500,False,0.11404978985523398,True,0.0115013437989016,0.8898619413375854
882688,809.7954987599961,500,False,0.12816633717501433,True,0.01151071443327755,0.7706814408302307
882736,839.3121957639721,500,False,0.0558048825975753,True,0.011404707044565091,1.3044735193252563
885328,813.5854605058562,500,False,0.02684215396627347,True,0.011405099618559216,0.9363592863082886
885648,729.8229347257893,500,False,0.13438352911246354,True,0.011531015653286777,0.7952245473861694
886592,825.2858023424175,500,False,0.09828507231298775,True,0.011486817159831134,0.8353143930435181
887424,807.0442765339507,500,False,0.07603291891662282,True,0.011461961247544521,1.0063283443450928
888208,850.4087068214154,500,False,0.05322535266730686,False,0.011575774495083162,1.0046093463897705
888320,810.6159665514612,500,False,0.0713749051146322,True,0.01142419064604945,0.9342926144599915
888496,809.8718323099557,500,False,0.033106650107423106,True,0.011383692000595505,1.0067589282989502
888528,838.0516623846053,500,False,0.05115792534040862,False,0.01142398973911894,0.8441440463066101
888800,824.0056253667956,500,False,0.0609012654082718,False,0.011430576898725214,0.9298070669174194
888896,820.9858271725142,500,False,0.008536511626410665,False,0.011416727720070387,0.8960931301116943
889136,860.1691084737695,500,False,0.11510400398300225,True,0.01139996714498683,0.8575636744499207
889312,749.538867147418,500,False,0.09221726233842094,True,0.011429255599568231,0.7978551387786865
889456,754.206333316227,500,False,0.10132265945688183,True,0.01141794736948588,0.7769218683242798
890000,864.9612008224972,500,False,0.06076950664402986,True,0.011447659911332108,0.9240745306015015
890688,868.3665590684241,500,False,0.061849915422217176,True,0.011429995156858096,1.019465446472168
890736,720.8558939909067,500,False,0.028067045634275065,True,0.011336671549295987,0.8689162731170654
893328,812.5403844872592,500,False,0.03602108717277952,True,0.011345671769240695,0.8829547166824341
893648,851.0447498143906,500,False,0.06375939217517976,True,0.011200900643408548,0.7918258905410767
894592,756.5624567769538,500,False,0.13932827330025585,True,0.011274860894875227,0.7768511772155762
895424,825.1659972463073,500,False,0.08842039878759207,False,0.011416411199327512,0.7679828405380249
896208,810.1612044537696,500,False,0.049171773580718614,True,0.011328782772352374,0.9078489542007446
896320,876.2343845958214,500,False,0.027694652669532485,True,0.01152127903098916,1.0670979022979736
896496,783.8334516700102,500,False,0.13928229358359479,True,0.011516236011506708,0.7782167792320251
896528,655.162976311629,500,False,0.1643982539459398,True,0.01150245636074083,0.8835061192512512
896800,762.4779445754103,500,False,0.09138497404440195,False,0.011516637736818712,1.0453972816467285
896896,823.6454338756588,500,False,0.0450672816815684,True,0.01150579958730921,1.2905586957931519
897136,747.6625542110334,500,False,0.048179323882769166,True,0.011520121157268887,1.173113465309143
897312,684.8436964435346,500,False,0.16012319023094335,True,0.01157043388542221,1.7666938304901123
897456,820.1745298997868,500,False,0.06904427405172736,True,0.011455965262142697,0.8627957701683044
898000,797.29520816273,500,False,0.05889882675749776,True,0.011436330082919164,0.7590703964233398
898688,786.3664122494541,500,False,0.08171521819385485,True,0.011386574551150998,0.937117338180542
898736,794.618453191695,500,False,0.07110954627800306,False,0.011287795142726185,0.8655033111572266
901328,750.3504797271678,500,False,0.06989517009944733,True,0.011388848504278421,1.0911859273910522
901648,790.5765962256568,500,False,0.15867603287377505,True,0.01123826577422111,0.7261531352996826
902592,855.1306502530249,500,False,0.029913204165185298,True,0.011272874332944886,0.741692841053009
903424,797.7885547999851,500,False,0.057219525471230326,True,0.01124977335131666,0.737924337387085
904208,710.2815694439952,500,False,0.10907077153429028,True,0.011333886626430286,1.0617142915725708
904320,833.2886442456719,500,False,0.06889670524899362,True,0.011094385022866561,0.846016526222229
904496,824.1142861538449,500,False,0.06806300965657348,True,0.011103942366047568,1.0262351036071777
904528,773.2428015484062,500,False,0.07469644437890505,True,0.011121025530237244,0.7517650127410889
904800,691.9740038088416,500,False,0.1881758755522601,True,0.011137857899686403,0.8909574151039124
904896,809.8378463389464,500,False,0.06283964748438434,True,0.011130354262337572,0.7728399038314819
905136,752.9266453757192,500,False,0.1232241193758919,True,0.011163571232252962,0.8566305637359619
905312,850.3915364142902,500,False,0.04749518065774703,True,0.011233781768610531,0.7004839181900024
905456,780.0505123423209,500,False,0.13690278419585203,True,0.01123613755402184,1.0061368942260742
906000,746.7067926305662,500,False,0.07616234610856779,True,0.011247110833008906,0.7331482172012329
906688,851.9730268428439,500,False,0.07697304910153538,True,0.011311384263852278,0.8919002413749695
906736,751.7719948280294,500,False,0.09107620693032181,True,0.01126015292588792,0.6379038095474243
909328,798.9621468476977,500,False,0.07429751314994065,False,0.011261788767177447,0.7540737390518188
909648,824.9775813381442,500,False,0.040474538146545246,True,0.011294777288334066,1.011491298675537
910592,823.1326469491278,500,False,0.020856829094891966,True,0.011387306505394025,1.490532398223877
911424,801.2772993955055,500,False,0.026880864572799267,True,0.011383255764090345,0.9562856554985046
912208,792.6125099104688,500,False,0.06910783395217182,False,0.011414951953735184,0.6797448396682739
912320,808.2169217557835,500,False,0.0537928343042726,True,0.01132831335918224,0.7269498109817505
912496,812.2279185295303,500,False,0.036778203407660796,True,0.011263809275954715,0.7680603265762329
912528,810.9025250650626,500,False,0.04709884618400466,True,0.011177705157723851,0.7304420471191406
912800,858.661977810421,500,False,0.11702284706075775,True,0.011161821809193107,0.7730545997619629
912896,761.203477355396,500,False,0.021448636734444783,True,0.011150432725267927,1.0247533321380615
913136,809.7604209572233,500,False,0.03175838498704858,True,0.011176083200186848,0.9682236909866333
913312,763.7205373726097,500,False,0.068570292989358,True,0.011193810019420972,0.9449253082275391
913456,836.919922454722,500,False,0.040813622582993106,True,0.011211769404652995,0.8924811482429504
914000,815.4200134740016,500,False,0.10347708758383772,True,0.0112340109514508,0.7939721345901489
914688,832.1624178134967,500,False,0.06272914932863334,True,0.011504777045476342,0.6287826299667358
914736,817.6755669420934,500,False,0.03878196777043825,True,0.011448906173207995,0.9382549524307251
917328,785.6973975468752,500,False,0.0604985707505637,True,0.011446874388160307,0.9633681774139404
917648,818.9564483582279,500,False,0.012242966030268681,True,0.01144861971788589,0.8489562273025513
918592,734.046587628565,500,False,0.14275956724248806,True,0.011570606729800774,0.7555626630783081
919424,772.3574557211251,500,False,0.07406282932700042,True,0.011540091679517903,0.8980276584625244
920208,781.2328758287964,500,False,0.05672523842743972,False,0.011573175438247738,0.8350576162338257
920320,841.3560497270935,500,False,0.035221082204444656,False,0.011394425258729062,0.9091126918792725
920496,803.3784056821121,500,False,0.05205838465054782,True,0.011387640866389201,0.6828413009643555
920528,830.7409561727909,500,False,0.07014858462454437,True,0.011424953421624764,0.8018642663955688
920800,787.3428253392659,500,False,0.05004097745397635,True,0.011431212522359348,0.8141970634460449
920896,798.778307336843,500,False,0.10321313747970956,False,0.011493956440439183,0.9000668525695801
921136,794.2707236209496,500,False,0.07834151579641374,True,0.011510873880139714,0.8750733733177185
921312,755.0767934157393,500,False,0.0916967957527795,True,0.011585035250978324,0.8453795313835144
921456,828.4370690555421,500,False,0.04605545274351474,True,0.011623984866751497,1.0036066770553589
922000,743.630706669382,500,False,0.13519550462500007,True,0.01166415276439984,0.9785372018814087
922688,744.9300180079449,500,False,0.24371760751585664,True,0.011640323646963643,0.8912711143493652
922736,782.8774587271179,500,False,0.05914907529610125,True,0.011621523066286311,0.814883828163147
925328,780.8226041532848,500,False,0.07423263312303048,True,0.011624082695932195,0.9462403059005737
925648,807.4888257478656,500,False,0.10672172312811959,False,0.011297521793045781,1.0889966487884521
926592,686.52735281995,500,False,0.1328953070217897,True,0.011248525290545593,0.7864950299263
927424,809.5547749674945,500,False,0.05545896319275255,True,0.011295763052675606,1.0167949199676514
928208,716.9077468183216,500,False,0.154371039534837,True,0.011309526110566737,0.8370628356933594
928320,712.2782564898674,500,False,0.13876442550153256,True,0.01132227848072933,1.096834421157837
928496,784.2699252884853,500,False,0.059836729358351416,True,0.01129219394556631,0.8536072373390198
928528,765.852714291153,500,False,0.10718237650543275,True,0.011292343194431521,1.04728364944458
928800,819.0277304398236,500,False,0.049654342474846035,False,0.011294783268470401,1.1083645820617676
928896,771.8980340555053,500,False,0.0817605509305291,True,0.011348376085007418,0.7489290237426758
929136,789.1595209581974,500,False,0.06453689834627284,True,0.011339574052320308,0.9970415830612183
929312,827.2346352860451,500,False,0.043720118551535174,True,0.011326925139996754,0.9139401912689209
929456,805.86828961213,500,False,0.10371176904199496,True,0.011299660671586432,2.072463035583496
930000,780.4943264403148,500,False,0.0737566513245818,True,0.011305043068233822,0.7459626197814941
930688,785.6143648008904,500,False,0.05298809575163286,True,0.011170679393322457,0.9025523066520691
930736,740.8045337087955,500,False,0.07866978188837048,True,0.011124861048523681,0.9800931215286255
933328,737.0670998750526,500,False,0.11350309822334093,True,0.01111545601548635,1.1391390562057495
933648,738.6496514984184,500,False,0.11339692571651372,True,0.011260269309586124,0.823745608329773
934592,879.6940135755161,500,False,0.05460882144756907,False,0.0113827902081941,1.0642943382263184
935424,786.5757204657758,500,False,0.063398924785795,True,0.011475658409920117,0.8778647184371948
936208,846.1652003316618,500,False,0.07209436893382115,True,0.01148489450822622,1.088151454925537
936320,779.8579434928276,500,False,0.07274198928407127,False,0.011581981852167689,0.8804948329925537
936496,667.0695874294008,500,False,0.18716425894755423,True,0.011600216990306505,1.910390853881836
936528,775.6473517710465,500,False,0.06991525916894091,True,0.011691905173278413,1.1066985130310059
936800,834.502802133587,500,False,0.07897021976326278,True,0.011713431334812584,0.844010591506958
936896,803.9894317707784,500,False,0.07297115955089366,False,0.011756181661977009,0.8285285830497742
937136,833.8693893402041,500,False,0.01634313504201437,True,0.01177187556840041,0.7056856155395508
937312,790.1271283757441,500,False,0.07540128543104191,False,0.011747777726268718,1.0666602849960327
937456,815.6146937572455,500,False,0.08422670200276212,True,0.011715571600162941,0.962562084197998
938000,770.3877445355462,500,False,0.027391966554740823,True,0.011678855450705362,0.9835346937179565
938688,774.6792594580598,500,False,0.08238070864614327,True,0.011663914136437616,0.8896991014480591
938736,775.7256638232839,500,False,0.07359784245708073,True,0.0116638546603296,0.9134897589683533
941328,707.6004321657214,500,False,0.09880292453371733,True,0.011655692201353155,0.89532870054245
941648,856.3641807779243,500,False,0.03263212094418729,False,0.011683662832798918,0.9130553007125854
942592,820.1820265635935,500,False,0.052985332749117944,True,0.011601625040532934,0.8166574239730835
943424,795.9508764977946,500,False,0.057674311517822235,False,0.011616331520679734,0.9138894081115723
944208,807.5241257454794,500,False,0.06049237251165313,True,0.011552653596442789,0.7317213416099548
944320,826.3899800729578,500,False,0.05640813867944527,False,0.011698238772421043,1.8539482355117798
944496,781.6471575294181,500,False,0.06445485625544443,False,0.011695980740145728,0.868170976638794
944528,791.607820051278,500,False,0.06626989943013646,False,0.011675812436130271,0.9368137121200562
944800,817.9076183957186,500,False,0.11518858373988507,True,0.011682726759503279,0.8541836738586426
944896,807.4240048461401,500,False,0.059324332998625315,False,0.011652812111435186,0.7569825649261475
945136,754.2577184247756,500,False,0.056489539258766805,True,0.011633223986442625,0.9018895626068115
945312,798.1774448835591,500,False,0.06181141272008622,True,0.011689977777548644,0.8354241251945496
945456,719.7464398282283,500,False,0.08560732862867186,True,0.011678934521280058,0.9518015384674072
946000,850.8354734287033,500,False,0.05820867640979448,True,0.011608997037265116,0.9495092034339905
946688,813.0059190245034,500,False,0.08986953071757729,True,0.01146486568160299,0.7899080514907837
946736,778.2488924992316,500,False,0.053258519796599374,True,0.011642575564407183,0.8411089777946472
949328,836.3599112075481,500,False,0.020489834299884546,True,0.01163524101014317,0.9457727670669556
949648,768.3992700840881,500,False,0.04558106584002009,False,0.011597703120625807,0.9390280246734619
950592,835.8999015074356,500,False,0.020934953764774965,True,0.011558383709041423,0.9859529733657837
951424,788.3199625898891,500,False,0.03621650197171596,True,0.01160533760228989,0.898954451084137
952208,775.1544114662037,500,False,0.05956191891071438,True,0.01150109054931426,0.8528406620025635
952320,835.9817886777446,500,False,0.04930125654120987,True,0.011598123117386366,1.0174119472503662
952496,777.1011445370746,500,False,0.03733981012870172,False,0.011602650370409067,1.04411780834198
952528,904.655385267304,500,False,0.00918083799754184,True,0.01154279996484011,2.442087173461914
952800,883.7747660326992,500,False,0.03675018377841602,True,0.011533287826957098,1.062886118888855
952896,794.718330908074,500,False,0.1233818346172746,True,0.0114688977557112,0.7177994847297668
953136,823.4465025283631,500,False,0.03308827786312026,False,0.011457100414089977,0.7862049341201782
953312,769.4299500365026,500,False,0.025527521589131085,True,0.01146486882052674,0.7168171405792236
953456,807.9900910834768,500,False,0.06903335228519741,True,0.011503903444286569,0.8263306021690369
954000,863.0663581425097,500,False,0.03500841845954423,True,0.011471713312048196,0.6946942806243896
954688,789.9747479513059,500,False,0.04907011183627363,True,0.011488864551050713,0.997654378414154
954736,794.106162756613,500,False,0.02825350228829734,True,0.011730196998436814,1.260909080505371
957328,841.1980049229112,500,False,0.03779372241272672,True,0.011725808457690308,0.670928955078125
957648,846.0549934874894,500,False,0.0451594009644938,True,0.01159775570886879,0.8418285846710205
958592,819.4901301794014,500,False,0.058926002725404,True,0.011421350242818285,0.8038721680641174
959424,898.844032754818,500,False,0.041034196671949706,True,0.011203421624096203,0.856025218963623
960208,784.789954557347,500,False,0.10136170582924596,True,0.011324903912843954,1.005615472793579
960320,745.5687515528264,500,False,0.08678601579151794,True,0.011288924046544134,0.833149790763855
960496,849.1222230771128,500,False,0.05880673014342623,False,0.011241407494328974,0.835099458694458
960528,793.292423617554,500,False,0.04916013196973025,True,0.011199451482592469,0.8299371004104614
960800,850.2190803421345,500,False,0.044098187268093905,True,0.011191052249950999,0.8571767210960388
960896,817.9110261468908,500,False,0.04272693532164581,True,0.011090518648673598,0.772930920124054
961136,837.4576605894426,500,False,0.04970359957586655,True,0.011094090972906994,0.8796169757843018
961312,879.2927055527391,500,False,0.06711267556732024,True,0.011015107034823697,0.6988427639007568
961456,885.6692155534827,500,False,0.0452987965415713,True,0.011016374373262708,0.8995481729507446
962000,818.066475076508,500,False,0.04668300332300766,False,0.011011157541989081,1.0270484685897827
962688,727.1297583561751,500,False,0.13541816573110257,True,0.010908975073066162,0.8473593592643738
962736,790.7948938990581,500,False,0.09696542216641216,False,0.010964853293110081,1.2296133041381836
965328,810.6930171945327,500,False,0.05293697962763796,True,0.010947020838818641,0.6996361017227173
965648,795.1057858380311,500,False,0.07314434520439908,True,0.011153804725692206,1.0812349319458008
966592,779.3441337315095,500,False,0.04245825728108251,True,0.011146144370041655,0.8091915845870972
967424,838.5855536262909,500,False,0.08209215066544731,False,0.011088335435078946,0.9402603507041931
968208,868.2836239320297,500,False,0.0511081179385108,True,0.011188638301790878,0.8129744529724121
968320,790.525272320042,500,False,0.04812489298355055,True,0.011230684209111665,0.9553887844085693
968496,792.383298690815,500,False,0.07045704994473723,True,0.01124937233500597,1.0376324653625488
968528,872.0249452459861,500,False,0.010763411815255832,True,0.011307505403120116,1.1074565649032593
968800,774.4058691332552,500,False,0.04364944012785947,True,0.011302938202545878,0.8261041641235352
968896,859.6708729089753,500,False,0.013097752938466186,True,0.011221572204627762,1.2478387355804443
969136,829.8625206704626,500,False,0.050950129400023705,True,0.011233851278474066,0.8832570314407349
969312,766.1474168755059,500,False,0.04515395139814994,False,0.011261670838849857,0.7333855628967285
969456,817.274550024606,500,False,0.08376233677195677,True,0.011267187929211941,0.7762699127197266
970000,867.0633177752802,500,False,0.03023026182108635,True,0.011247282045421199,0.8213071227073669
970688,779.5194305088978,500,False,0.09632533210586318,True,0.011198170225268003,0.8747710585594177
970736,842.2959977027789,500,False,0.07819614839237043,False,0.011177773144413896,0.960871696472168
973328,847.9232747573741,500,False,0.05573875360490569,True,0.011165737833804742,0.6457933187484741
973648,815.7323489496121,500,False,0.051349501370289985,True,0.011108599583829197,1.0832865238189697
974592,789.4527256868734,500,False,0.057838787921997294,True,0.011022975522318214,0.7616332769393921
975424,811.0759266805472,500,False,0.06151034483061526,True,0.010904523628169084,0.948716402053833
976208,874.3680206419543,500,False,0.06958919301085706,False,0.010945454872735136,1.0784945487976074
976320,810.0629462277053,500,False,0.106665812579748,True,0.011068905455281284,1.0216776132583618
976496,851.9948644627322,500,False,0.06817108010931473,True,0.011112293673983921,1.0922472476959229
976528,691.4031457928684,500,False,0.1312935119495199,True,0.011092248844001383,0.8331419229507446
976800,728.0668794689195,500,False,0.13211294981021143,True,0.01109669524197627,1.0469530820846558
976896,851.1528329307332,500,False,0.052123382332563556,False,0.011170873243355212,0.8188400864601135
977136,872.4356991554054,500,False,0.07534538302352302,True,0.01115352932554579,0.7287248373031616
977312,843.6647937125425,500,False,0.052375101713336904,True,0.01112270581291162,0.6941314935684204
977456,798.5392714737734,500,False,0.056993637892596816,True,0.011110962441442898,1.0325560569763184
978000,773.5925484977894,500,False,0.0544400354572403,False,0.011090283178343338,0.7485496997833252
978688,803.9192625011416,500,False,0.10730835649144352,True,0.01111930431618823,0.8949352502822876
978736,778.2456278095677,500,False,0.08593896259718674,True,0.011154815724569967,0.7730440497398376
981328,791.7437401167394,500,False,0.09210997723656934,True,0.0111444011296152,0.899871826171875
981648,839.7677729436866,500,False,0.0776595974186273,True,0.010842025031433238,1.071685552597046
982592,840.6709799875493,500,False,0.09056116836120423,False,0.010799188806417188,0.8691051006317139
983424,804.5144667630444,500,False,0.06383735400357873,True,0.010855969730012757,0.8259071111679077
984208,757.2394721045195,500,False,0.06829066815926572,True,0.010831774902778363,0.776165783405304
984320,827.1959255501804,500,False,0.07921851871383297,False,0.01089929389023834,0.8344876766204834
984496,798.986920630583,500,False,0.039841961445139164,True,0.010894688406499655,0.8002740144729614
984528,740.0814271402187,500,False,0.05842864382337259,False,0.010786716892396742,0.7616565227508545
984800,844.3690672090119,500,False,0.057091603892680295,True,0.010766171216127635,0.7412468194961548
984896,806.5618503957102,500,False,0.0453852795044983,False,0.010708711960155633,1.0109689235687256
985136,808.4834675673444,500,False,0.0657096835827147,True,0.01068888228123593,0.9414654970169067
985312,875.2691280706102,500,False,0.053382738478062755,True,0.010603841446049138,1.126869797706604
985456,742.8854799956744,500,False,0.14042743348261522,True,0.010629369604633027,0.8837034702301025
986000,746.5396061068941,500,False,0.09665641716784917,True,0.010686899241962844,0.8023989200592041
986688,841.4925327796483,500,False,0.04569575541593358,True,0.010750500534202873,0.8463736772537231
986736,767.0018703518678,500,False,0.07484895722119969,True,0.010675997390862854,0.7866917848587036
989328,827.0175113748566,500,False,0.018850818650697366,True,0.010664135578223575,0.9454022645950317
989648,854.4224260216587,500,False,0.08000485969072821,True,0.011182849067604519,0.781512975692749
990592,798.4929880312046,500,False,0.06665603173935755,False,0.01124188704959361,0.7448132634162903
991424,742.3542678376906,500,False,0.0983917651019335,False,0.01134098933164218,0.9254761338233948
992208,761.6795361377315,500,False,0.13875646806026448,True,0.011216362266432663,1.021724820137024
992320,793.6199124289378,500,False,0.07478690306846018,True,0.011200459698643531,0.9952223896980286
992496,731.6925410351055,500,False,0.09021385558442672,True,0.011165523921722318,0.934856653213501
992528,819.3698947886536,500,False,0.10245153831442962,True,0.011172196369769462,0.6722754240036011
992800,777.4432863455914,500,False,0.08444214388777681,False,0.011178841297410555,0.6891975402832031
992896,766.6875633762157,500,False,0.07739596865046482,True,0.011208563898173415,0.9946227073669434
993136,737.8195843112585,500,False,0.07159957894689144,True,0.011207759995312894,0.7037420272827148
993312,806.6461458634653,500,False,0.10710406968109046,True,0.011261932573610179,0.7875884771347046
993456,818.4188904544112,500,False,0.056167485407158824,True,0.011361315910513333,0.6607728600502014
994000,718.6243182479168,500,False,0.120768427823094,True,0.011357874359879255,0.7190309762954712
994688,854.136966618924,500,False,0.03434248026669306,True,0.011391360148614069,0.8851796388626099
994736,755.4281554456004,500,False,0.055248262177636454,True,0.011307142736126822,0.6955796480178833
997328,785.6651923825182,500,False,0.0752949324970536,False,0.0113082261483547,0.7431166172027588
997648,810.5305868707702,500,False,0.07872520097844958,True,0.010985606090232724,0.9224003553390503
998592,742.2042951439149,500,False,0.1455631446903037,True,0.01101168793022908,1.0041875839233398
999424,802.2640961265184,500,False,0.046175239324717496,True,0.011220057171265176,0.7041199207305908
1000208,744.6070507133176,500,False,0.06182178119897312,True,0.011068734843544786,0.7502074837684631
1000320,798.0409041363629,500,False,0.06096900440646173,True,0.011046491415363461,0.8567192554473877
1000496,803.9646828334729,500,False,0.06732714969858165,True,0.011026415156226637,0.6579034328460693
1000528,755.8591605993157,500,False,0.052758820607133806,True,0.011015757541945382,0.8253823518753052
1000800,836.0728641672048,500,False,0.03957385795270244,False,0.011024686606946894,1.1412625312805176
1000896,758.0605839702388,500,False,0.09092877280392256,True,0.011064450930113158,0.7691628932952881
1001136,818.9908716301184,500,False,0.056520537965018415,False,0.011056543044302067,0.8449182510375977
1001312,790.4742134897372,500,False,0.07949495206958579,False,0.011087389711516137,0.9045372009277344
1001456,775.330296226524,500,False,0.10200293770115096,True,0.011165388905182315,0.9769884347915649
1002000,814.0022095197203,500,False,0.0831610987486482,True,0.01113982283727509,0.8188508749008179
1002688,831.5614088061313,500,False,0.09644693595626472,True,0.011127982680941574,0.7821455001831055
1002736,812.0986047106118,500,False,0.039378904158459356,True,0.011101746367751323,0.7846141457557678
1005328,785.6737349810911,500,False,0.09966760754409236,True,0.011076930446697166,0.845129132270813
1005648,766.8456061916712,500,False,0.06981796255947531,True,0.01098847323050277,0.733817994594574
1006592,756.6045678074029,500,False,0.08593406552465206,True,0.010954222515257758,0.778046190738678
1007424,790.3322080646204,500,False,0.0920715793530766,False,0.011008082562894603,0.7986882925033569
1008208,742.4057443946181,500,False,0.08363739023745723,True,0.010783032092392045,0.7406715154647827
1008320,778.5791407410036,500,False,0.08356208899303778,True,0.010562271557218067,0.8765621781349182
1008496,750.9423268240372,500,False,0.121366427473921,True,0.010558858911917253,0.7957025766372681
1008528,845.9013788341914,500,False,0.03719249904931546,True,0.01057199053923076,0.8335591554641724
1008800,851.3806437959629,500,False,0.08954345840672166,False,0.010586727634255942,0.8044379949569702
1008896,747.4341710968932,500,False,0.14297155892042118,True,0.01066526856588088,0.8999776840209961
1009136,784.9346651062295,500,False,0.06726689430295661,False,0.010681601966659843,0.8990322947502136
1009312,804.964545391156,500,False,0.08535314413848255,False,0.01060016281956792,0.8070394396781921
1009456,823.2413961943618,500,False,0.07664184131331471,False,0.010591371908458323,0.7699002027511597
1010000,798.361389310453,500,False,0.04055933740763517,True,0.010618101203070811,0.8675532341003418
1010688,826.4983617541718,500,False,0.07188423141640958,False,0.010581433264484932,0.7284711003303528
1010736,774.0139834988627,500,False,0.08061920368685542,True,0.01053553744444273,0.871853232383728
1013328,762.569883237862,500,False,0.04333620243040687,True,0.010506848677256002,0.8103466033935547
1013648,783.0436658552184,500,False,0.0996101445390779,True,0.010572500017052492,0.9492207765579224
1014592,787.4707855360983,500,False,0.055909195443938055,True,0.010674112855796152,0.8140190839767456
1015424,815.9476381501142,500,False,0.0717911730749525,True,0.010480499948363864,1.089433193206787
1016208,764.8330677002883,500,False,0.053014075330686104,True,0.01034422212312957,0.7167391777038574
1016320,769.7900174632491,500,False,0.0533571548941682,True,0.010307598416572607,0.7991530895233154
1016496,782.0215854451772,500,False,0.07189926575181844,True,0.010305244557853524,0.8800441026687622
1016528,815.0286471821325,500,False,0.07168659128968287,True,0.010354251172614147,0.6568513512611389
1016800,729.9558027224642,500,False,0.12254616254237781,True,0.01034555263144323,0.668498158454895
1016896,794.9279122423883,500,False,0.045199068844518964,True,0.010266569317137734,0.741182804107666
1017136,806.6970888429285,500,False,0.09693121333341104,True,0.010270430149537789,0.8636205196380615
1017312,786.7923591650568,500,False,0.023919701400238674,False,0.010210844697084574,0.7372363805770874
1017456,804.5833267141768,500,False,0.03532141834585265,False,0.010272664179381889,0.8683313131332397
1018000,790.8717302886965,500,False,0.062599768979676,True,0.01035036948431737,0.7371109127998352
1018688,808.0024050325103,500,False,0.047270836925992266,False,0.010373086152277193,0.7408455610275269
1018736,815.6483366576055,500,False,0.05299714212943317,True,0.01022841092951852,0.8250340819358826
1021328,768.6358790366077,500,False,0.12172142151462745,True,0.01024022926518443,0.7510986328125
1021648,792.3773743500301,500,False,0.07875711800246292,True,0.010413489276338332,0.6411768198013306
1022592,821.5655634173984,500,False,0.016561765604470945,True,0.010499995929034455,0.8062532544136047
1023424,759.2238043019646,500,False,0.05547739796995488,True,0.010622087642448647,0.6563481092453003
1024208,798.9140532779629,500,False,0.06301404277622032,True,0.010599150780309948,1.0526225566864014
1024320,781.4899188321828,500,False,0.08123926565549668,True,0.010613366435167582,0.8390953540802002
1024496,780.3161673443844,500,False,0.06333385995641293,True,0.010613823286976711,1.0726218223571777
1024528,815.4791356153974,500,False,0.07523868194091697,False,0.010677424043617576,0.770868182182312
1024800,879.3735661381019,500,False,0.037620372045290486,True,0.010712177935046792,0.8497445583343506
1024896,788.8666458047217,500,False,0.07209986689349863,False,0.010757358615483428,0.9564200639724731
1025136,841.9980231467492,500,False,0.04358000035025965,True,0.010716755616233259,0.8239656686782837
1025312,720.3369840883778,500,False,0.13106090426407768,True,0.010698536493512545,0.7778317928314209
1025456,849.4259227459936,500,False,0.03556219349150598,True,0.010710931726348478,0.9138110876083374
1026000,822.4188503290073,500,False,0.01393482013384953,True,0.010686999726994544,0.6697269082069397
1026688,846.9489321526349,500,False,0.060154094413783735,True,0.010646409485172627,0.5955742597579956
1026736,795.0062070292504,500,False,0.10095752926691559,True,0.010651258825928376,0.5913910865783691
1029328,846.4995433059445,500,False,0.08701744420859053,True,0.010675464315375749,0.8815497159957886
1029648,830.6075335312689,500,False,0.0946686852180224,True,0.010332769515122478,0.969554603099823
1030592,804.735075549551,500,False,0.032082314389738756,True,0.01032511428847776,0.7242946624755859
1031424,758.7343245651308,500,False,0.05756520676606089,True,0.010402781288622638,0.6612129211425781
1032208,845.9433922188098,500,False,0.04207228117215052,True,0.010309469647636588,0.7371984720230103
1032320,789.8956130525158,500,False,0.02734243372217012,True,0.01018825462770658,0.7043063640594482
1032496,796.2206450860111,500,False,0.08245645946605393,True,0.010180032615690832,0.8150261640548706
1032528,851.9894510967681,500,False,0.07696593347163176,True,0.010211961959150995,0.8517988324165344
1032800,826.7414710737521,500,False,0.08907253820644578,True,0.010197129306196973,0.6201189756393433
1032896,770.9423161519326,500,False,0.052416579888242526,True,0.010257585443285522,0.697022020816803
1033136,796.8715696823397,500,False,0.08635494980115349,True,0.01028083144483611,0.9362118244171143
1033312,739.3306676664947,500,False,0.09425886771778647,True,0.01033283369632997,0.6363089084625244
1033456,847.1680065152159,500,False,0.0548677944666974,True,0.010379784960684108,0.7707452178001404
1034000,769.1986457523316,500,False,0.07828180827117369,True,0.01039276509722315,0.7430720329284668
1034688,783.4096700535171,500,False,0.01721328144352151,True,0.01030172979152626,0.8602226972579956
1034736,765.0593451013863,500,False,0.038627573458425754,True,0.010093713301244136,0.6016477346420288
1037328,797.8269087095524,500,False,0.06388598471883304,True,0.010090850011182916,0.6045575141906738
1037648,753.1349507485484,500,False,0.06979511860378966,False,0.010043890122175643,0.6461973786354065
1038592,806.0797455424382,500,False,0.08441098157858609,True,0.009898228722664769,0.5988118052482605
1039424,805.1966154096302,500,False,0.048512167817595056,True,0.009806560022515147,0.7246999740600586
1040208,814.7366116324973,500,False,0.023819846700963317,True,0.009799917706103983,0.5688550472259521
1040320,832.9195122569594,500,False,0.08141877064389054,True,0.009788473394143427,0.6547077894210815
1040496,827.5517502085178,500,False,0.05889296501138333,False,0.009809576136493218,0.5996995568275452
1040528,852.3095279310227,500,False,0.05179497035972581,True,0.009884722066923255,0.7606967091560364
1040800,835.8433814665767,500,False,0.04357509666971069,False,0.00988286723209901,0.841761589050293
1040896,770.70545733159,500,False,0.05494624092606535,False,0.009922131271614664,0.9646847248077393
1041136,818.2115251579784,500,False,0.020027089028606275,False,0.009950408669839535,0.6801706552505493
1041312,804.3671184105494,500,False,0.04846116457755063,True,0.010030534265027528,0.7561264634132385
1041456,774.1053521836815,500,False,0.052624117065837556,False,0.010093702665839244,0.7220901250839233
1042000,843.1269603693096,500,False,0.055909116617981834,True,0.010128283075287963,0.6254679560661316
1042688,732.0862527648715,500,False,0.07756878297039567,True,0.010206385357634762,0.7535088062286377
1042736,851.3741608736349,500,False,0.025982142037058616,True,0.010231367229990448,0.5991888046264648
1045328,817.3809634965922,500,False,0.09072720834541906,False,0.010267160506519244,0.5584126710891724
1045648,801.3044711413801,500,False,0.09540885705710905,True,0.010251198100070146,1.2002595663070679
1046592,825.1482813175124,500,False,0.03354268744152049,False,0.01026396030803631,0.6119480729103088
1047424,821.8328529573856,500,False,0.04962064851328639,True,0.0103212588356205,0.5475643873214722
1048208,742.764870198095,500,False,0.11231899736876727,True,0.010359270754499,0.6975021362304688
1048320,708.5281626978551,500,False,0.07557683909662463,True,0.010303561007873392,0.8217487335205078
1048496,758.7683790769179,500,False,0.12249520387930071,True,0.01023337816964476,0.7216984033584595
1048528,818.0646901640041,500,False,0.05418211274072391,True,0.010145856739507643,0.8838027119636536
1048800,828.7437802353064,500,False,0.067176158972733,True,0.010139074097095064,0.615839421749115
1048896,809.8801860579887,500,False,0.04183307177962467,False,0.01009103183159015,0.8404287695884705
1049136,775.481332868736,500,False,0.07927277484947122,True,0.010081796502900447,1.3128840923309326
1049312,792.8265319039242,500,False,0.12527073854957171,True,0.009986537459026787,0.6568763256072998
1049456,749.5493732212166,500,False,0.19837254531375387,True,0.009884135971300218,0.5919245481491089
1050000,754.87288678406,500,False,0.06952718191315266,True,0.009855099837028328,0.729324460029602
1050688,792.498814725938,500,False,0.07480569606918513,True,0.009954428937228116,0.6997189521789551
1050736,748.9590319330604,500,False,0.16149587594536635,True,0.009816826065294146,0.6696696281433105
1053328,805.9003838085603,500,False,0.04029461558715772,True,0.009799579321366894,0.6051439046859741
1053648,760.378109453543,500,False,0.04290310335355552,False,0.009833923974793967,0.636588454246521
1054592,817.640931479435,500,False,0.10725014242295805,True,0.009799701934954823,0.8169914484024048
1055424,803.6140145878339,500,False,0.30804628891105895,True,0.010084569707628905,0.6110646724700928
1056208,731.4258769157839,500,False,0.07673036526271691,True,0.009949535972229596,0.7124302387237549
1056320,736.8025673201846,500,False,0.0742690287391796,True,0.00993240739050215,0.6540716886520386
1056496,778.4652490569335,500,False,0.08402953219051763,True,0.009975922256534608,0.7236806750297546
1056528,812.3664848868364,500,False,0.0733464206529141,True,0.010019166437121365,0.6102249622344971
1056800,798.0882399931015,500,False,0.06686371479694457,True,0.01002352305770946,0.6025211215019226
1056896,777.8532881388375,500,False,0.049898505643451024,False,0.010091889703574889,0.594475507736206
1057136,788.060221504742,500,False,0.029542404556523846,True,0.010128205117885149,0.7191363573074341
1057312,761.4082705133554,500,False,0.07715887691082221,True,0.010208333364225273,0.5523239970207214
1057456,758.8695509754376,500,False,0.07115719475486204,False,0.010284256561438254,0.49706560373306274
1058000,744.308064472972,500,False,0.041393459100896,True,0.010284424068796894,0.5362017154693604
1058688,772.7351319329686,500,False,0.09277849606523385,True,0.01030370577603355,0.5460881590843201
1058736,824.6366340675135,500,False,0.03716922776964442,True,0.010184735896025112,0.6594103574752808
1061328,820.5521926832987,500,False,0.06192192670886373,False,0.010168307608812066,0.4894595146179199
1061648,844.6653125345197,500,False,0.0616884631576804,True,0.009772465184264537,0.8305218815803528
1062592,822.0886425131376,500,False,0.03576964532096992,True,0.009731910627194439,0.515411376953125
1063424,780.62858497843,500,False,0.11147970162012469,True,0.00990129755066662,0.6214990615844727
1064208,783.7271706683807,500,False,0.15370669569490963,True,0.009899382930889935,0.9194931983947754
1064320,744.0147062620789,500,False,0.07316051960969432,True,0.010017602631887045,0.6622585654258728
1064496,822.285070139304,500,False,0.10566514072111166,True,0.009999704428940052,0.7615478038787842
1064528,806.2068460120502,500,False,0.05194556141892293,True,0.010026657351887342,1.4473843574523926
1064800,671.4426462666779,500,False,0.16267475983092478,True,0.010014315712341059,0.8694608807563782
1064896,736.1967025659046,500,False,0.10576527904992598,True,0.009959321378327583,0.6541101932525635
1065136,859.0006922846479,500,False,0.06848748846999496,False,0.0099575173679011,0.6416856050491333
1065312,798.859679009654,500,False,0.09699588256148253,True,0.009872581526379516,0.7851540446281433
1065456,785.9582085261095,500,False,0.08547668812671955,True,0.009853257477426684,0.6311745643615723
1066000,776.9954295626825,500,False,0.08809459716159349,True,0.00982653034129066,0.7665361166000366
1066688,823.0983255818775,500,False,0.06438885495923528,True,0.009961578534444607,0.6044805645942688
1066736,742.218854439766,500,False,0.02715440220611317,True,0.009962107784316318,0.6028438210487366
1069328,802.9107481869231,500,False,0.04775678081832696,True,0.009954509562928907,0.6936467885971069
1069648,788.6043217220611,500,False,0.02181057909782738,True,0.009677144558856253,0.6350395679473877
1070592,829.8753660366376,500,False,0.027221444476171714,True,0.009639597455119968,0.6766842603683472
1071424,812.1186655710171,500,False,0.013743198471870539,True,0.009720273433961986,0.6015917062759399
1072208,863.2401316131903,500,False,0.04643728665210605,False,0.009738777356979703,0.5449103116989136
1072320,786.0994930300973,500,False,0.032606488327788695,True,0.009945957437508875,0.6169329881668091
1072496,750.785955817417,500,False,0.019412972683865853,True,0.010005244214100196,0.632152795791626
1072528,754.2855913535708,500,False,0.08132636152325315,True,0.010080138601077513,0.6968066692352295
1072800,857.0544086043226,500,False,0.02911345152174498,False,0.010093341877001462,0.8042234778404236
1072896,795.8749290667013,500,False,0.11109857009083368,True,0.010156168926799585,0.7344446182250977
1073136,811.7916707151855,500,False,0.06739514824567601,True,0.010153624912372003,0.5812972784042358
1073312,761.1663292584138,500,False,0.05985735288066714,True,0.010061892829643225,0.7301173210144043
1073456,744.3428615843959,500,False,0.08668795681084603,True,0.010005257150136792,0.6905418634414673
1074000,788.9680134980777,500,False,0.07955736201415783,True,0.00996387705802593,0.7827863693237305
1074688,815.644400323402,500,False,0.019436617550791027,True,0.009924280858794167,0.4799160361289978
1074736,882.88838238102,500,False,0.0207740428954542,True,0.00986702604320081,0.6827719211578369
1077328,821.1500946460741,500,False,0.0688300770096862,True,0.009863932130624914,0.6044105291366577
1077648,772.5146385088591,500,False,0.08238879125524588,False,0.009866234236392447,0.6522590517997742
1078592,764.6844471106996,500,False,0.07614194934686597,False,0.009845212706099296,0.6883527636528015
1079424,880.2574857921165,500,False,0.015868907324734043,True,0.009732160881072994,0.7702436447143555
1080208,727.7813631505137,500,False,0.09994950995088207,True,0.009731572129718286,0.5631992816925049
1080320,833.285364050298,500,False,0.05237909817024778,True,0.009880806039167928,0.5984276533126831
1080496,748.3724079334106,500,False,0.024720456468180076,True,0.009832164765695607,0.5056485533714294
1080528,806.9760903559413,500,False,0.028583108437530817,True,0.009801426390804571,0.8147519826889038
1080800,742.9759993613661,500,False,0.0369071015216912,True,0.00979473208025909,1.0552752017974854
1080896,797.5131490639513,500,False,0.0679637565584229,True,0.009684148621511901,0.6510986089706421
1081136,704.5755610551964,500,False,0.156440767103616,True,0.009651393473160049,0.562989354133606
1081312,827.8950401711704,500,False,0.03849040496348038,True,0.009649518791833595,0.7254678010940552
1081456,785.5346286093405,500,False,0.05024386373811421,True,0.009677318728723409,0.5606245398521423
1082000,697.3382425735078,500,False,0.0795393018025598,True,0.009626660974542688,0.6974506378173828
1082688,871.4338377620298,500,False,0.05444320615144909,True,0.009746974868874374,0.6398665308952332
1082736,824.1762153629412,500,False,0.05720977292395291,True,0.009841144183021427,0.6192334890365601
1085328,760.9711044243172,500,False,0.09466641932992023,True,0.009849995731962415,0.6132696270942688
1085648,902.9852916974162,500,False,0.028343579439572383,False,0.009628248442682594,0.5801265835762024
1086592,675.9067565008776,500,False,0.16820368878563893,True,0.009535298294988212,0.6095391511917114
1087424,887.2976937919999,500,False,0.03209026410277557,True,0.009750814548439266,0.556943953037262
1088208,790.0323537055572,500,False,0.04528109074425555,True,0.009877243778059016,0.5825074911117554
1088320,874.7431598283471,500,False,0.024261820988443858,True,0.009671893426141923,0.7311981916427612
1088496,851.1393296769004,500,False,0.05652434962571583,True,0.009645654466989272,0.7279684543609619
1088528,824.8470963522717,500,False,0.025384787810317066,True,0.009643641432573284,0.6118430495262146
1088800,825.017325782233,500,False,0.03709071141346643,True,0.009649323028507567,0.6455097198486328
1088896,746.9729967813453,500,False,0.09531499938310752,True,0.00962892073787009,0.640131413936615
1089136,769.3567315941652,500,False,0.06035374012570244,True,0.009619485715244474,0.7308371067047119
1089312,824.9108779182116,500,False,0.05577226037599244,False,0.00955050440216648,0.6490346193313599
1089456,746.9288339430731,500,False,0.07931895841816183,True,0.0095062619330578,0.688256025314331
1090000,802.5020392021163,500,False,0.06158001049676729,True,0.009462934354474926,0.468759149312973
1090688,770.5549305621402,500,False,0.07229344709168793,True,0.00940434659692159,0.8130905628204346
1090736,798.0073334474163,500,False,0.018811743458173744,True,0.009553385365178047,0.6450406312942505
1093328,890.551755950813,500,False,0.02941071056758008,True,0.009551038182653264,0.8038719892501831
1093648,779.514373959066,500,False,0.04410762607335616,True,0.009690748644075993,0.5260873436927795
1094592,873.0340116590128,500,False,0.053543906381250644,True,0.009702728177418305,0.7068343162536621
1095424,803.7834969141578,500,False,0.08018576934812169,True,0.009556405719202243,0.49454349279403687
1096208,803.472131797168,500,False,0.06241113727296626,True,0.009470366107154451,0.8482211828231812
1096320,828.0094486254113,500,False,0.044513082977156435,False,0.009540265154792926,0.5562998056411743
1096496,868.7251595522737,500,False,0.07041891008431189,True,0.009513442864912259,0.5003340244293213
1096528,858.0088457534978,500,False,0.057046820623199705,True,0.009483417787838708,0.6846753358840942
1096800,740.6331308030051,500,False,0.047551576301801006,True,0.009486578771999307,0.5917991399765015
1096896,795.0468451749869,500,False,0.05100600081946456,True,0.009514110902434475,0.5922908186912537
1097136,801.2283512988885,500,False,0.029115080671381254,False,0.009470214530524702,0.5888955593109131
1097312,774.05612755129,500,False,0.08608854480123766,True,0.009433012909464016,0.6804219484329224
1097456,792.7884620214628,500,False,0.07628074974022808,False,0.00944280167907855,0.6294900178909302
1098000,793.6079877620253,500,False,0.07780405106754934,True,0.009445555097551621,0.5266436338424683
1098688,786.8670771732911,500,False,0.05417020975610462,False,0.009554735070767225,0.6047005653381348
1098736,763.0769714021474,500,False,0.03506019288413461,True,0.009350309171770023,0.8063298463821411
1101328,785.528261703795,500,False,0.069539105067478,True,0.009647068844721121,0.5874892473220825
1101648,873.5147286461441,500,False,0.036503204961376545,True,0.009537508665177946,0.5975833535194397
1102592,824.7723908532186,500,False,0.07142818790375485,True,0.00958911925008843,0.6135129332542419
1103424,826.2990177123451,500,False,0.08951141662363915,False,0.009572606633306802,0.6796662211418152
1104208,829.9090997287486,500,False,0.027699219990570838,True,0.009645657802830724,0.5911077260971069
1104320,765.8339959919412,500,False,0.006323099112285638,True,0.009440314727160146,0.5576366186141968
1104496,791.2592397601761,500,False,0.08735620663226028,True,0.009479217997374988,0.644594132900238
1104528,816.7504139025491,500,False,0.08452573364411681,True,0.009585937261807072,0.832036018371582
1104800,751.0070678511819,500,False,0.08709524527484411,False,0.009587041649153177,0.6954643130302429
1104896,846.504465046676,500,False,0.06646434468364398,False,0.009481655247303638,0.6813406944274902
1105136,776.5488471848473,500,False,0.09036555102244984,True,0.009448607821665329,0.6062712073326111
1105312,889.3788599771124,500,False,0.07330069233883717,True,0.00944035157582475,0.6496090888977051
1105456,714.7078111330645,500,False,0.0845659226788764,True,0.009494975523768948,0.6951313018798828
1106000,763.7320623905688,500,False,0.060955750811049224,False,0.009471513393235854,0.6007169485092163
1106688,817.1701292105802,500,False,0.047257845648965804,True,0.0094604817304938,0.6327066421508789
1106736,744.6650581461622,500,False,0.06914287759290022,True,0.009265100337546182,0.9653856158256531
1109328,854.228052808591,500,False,0.04896820796257721,True,0.009263953482761217,0.679812490940094
1109648,848.0251622289866,500,False,0.038427924531104024,True,0.009418288957176564,0.6462106704711914
1110592,844.9979817085393,500,False,0.04518462969253557,True,0.009367494903439475,0.6961979269981384
1111424,827.8976244077313,500,False,0.03686820768286883,True,0.009578271772489367,0.7659984230995178
1112208,827.8236855297133,500,False,0.049218434715457816,True,0.009680013919044494,0.5956102609634399
1112320,816.8136908373281,500,False,0.05194257552814136,True,0.00963077238739646,0.9998795986175537
1112496,798.2186931210697,500,False,0.08153720386789959,True,0.009632825980604515,0.7870668172836304
1112528,865.5451821204135,500,False,0.0643913894523316,True,0.009643725907010334,0.7226669192314148
1112800,796.7911208247906,500,False,0.03260519846129601,False,0.009648513959040449,0.7632872462272644
1112896,796.1376469082415,500,False,0.0315914261806871,True,0.009651019714917082,0.5074644088745117
1113136,793.5464246015497,500,False,0.11104436516707371,True,0.009641820815416209,0.6588794589042664
1113312,835.2219862502061,500,False,0.02285136334154732,True,0.009634014755375354,0.5428265333175659
1113456,888.3027948685129,500,False,0.022365829354040852,True,0.009569508549586117,0.6721210479736328
1114000,827.0896297011328,500,False,0.058787010963734905,True,0.009556183367331484,0.9102169275283813
1114688,862.3861119728174,500,False,0.05632690851287939,True,0.009598143615948391,0.689359724521637
1114736,792.5692477467377,500,False,0.08252174892909046,True,0.009626551955217418,1.2133162021636963
1117328,760.6985969810758,500,False,0.06264389628962992,True,0.009620963137173992,0.6259763240814209
1117648,836.2096912331891,500,False,0.05227379045533058,True,0.00948819151212266,0.4617190659046173
1118592,776.1147271563871,500,False,0.0893544202744852,False,0.009599301215243291,0.6170350313186646
1119424,763.166495060872,500,False,0.0640502569673983,True,0.00957699317986018,0.7425384521484375
1120208,786.7414730767247,500,False,0.06818938746121103,False,0.009634028314841591,0.6466277837753296
1120320,798.3581584589718,500,False,0.04078757339380915,True,0.009728661487881705,0.6254684925079346
1120496,832.6687388076219,500,False,0.06438590629278658,False,0.009757642778962324,0.7031586170196533
1120528,792.2579501011285,500,False,0.06235866981969204,True,0.009814762722545252,0.6159045100212097
1120800,793.6583519417463,500,False,0.0535413979102759,True,0.009813562793793975,0.5515628457069397
1120896,808.5992513403346,500,False,0.11084055731354303,True,0.00980215235810671,0.5924283266067505
1121136,805.0806783558166,500,False,0.12559494599371157,True,0.009850493225911153,0.7164472341537476
1121312,852.5547166883434,500,False,0.06395470842566602,False,0.00981672329688756,0.712502121925354
1121456,811.3162248810767,500,False,0.11159948066330082,True,0.00973070303869257,0.800649881362915
1122000,849.6434547147339,500,False,0.046636942800362756,False,0.009742100595703266,0.4989790618419647
1122688,867.9935443887551,500,False,0.025942598181479884,False,0.009763727909329306,0.6646247506141663
1122736,818.8007375144209,500,False,0.02980205820925318,False,0.009608080485991082,0.5297046899795532
1125328,789.1408624850988,500,False,0.08934219711627518,True,0.009605950706361941,0.5789377093315125
1125648,766.5965256598946,500,False,0.09496324303894232,True,0.009596921789262603,0.5756821632385254
1126592,760.0948240649855,500,False,0.03632983188729852,True,0.009639911865560347,0.5355619192123413
1127424,798.383422105428,500,False,0.056599158310136344,True,0.009675306841452213,0.5195735096931458
1128208,843.9314643198637,500,False,0.0418037895339614,True,0.009649626569285325,0.7594523429870605
1128320,821.5963097210534,500,False,0.05865360018679873,True,0.00968763445020139,1.1155650615692139
1128496,775.6782778793678,500,False,0.04184126864442848,False,0.009731562411985925,1.006463646888733
1128528,837.7693485142862,500,False,0.03872644723269531,False,0.009753362864688163,0.6337660551071167
1128800,784.6548118977774,500,False,0.08149643054444583,True,0.00976068289749453,0.8645639419555664
1128896,804.3627995788872,500,False,0.09372397961239727,True,0.00976426970388781,0.8032256364822388
1129136,767.1693239281154,500,False,0.06764712295285223,True,0.009729611466807597,0.6710107922554016
1129312,813.4478228022282,500,False,0.014952511001728102,True,0.00968302254524802,0.6100432872772217
1129456,815.6091253424788,500,False,0.056205260169166715,True,0.009668260262714378,0.6869703531265259
1130000,798.1311304362283,500,False,0.04777649272048228,False,0.00974130698848594,0.6225294470787048
1130688,809.4631451062032,500,False,0.030153696676934322,True,0.009704794256536454,0.5826345682144165
1130736,801.1245765457497,500,False,0.03725899644862733,True,0.009521823897267584,0.6722049117088318
1133328,766.953231400474,500,False,0.01242812983146619,True,0.009544062824167938,0.616883397102356
1133648,750.4521836147229,500,False,0.06113505419735502,True,0.009647361843690312,0.6358416080474854
1134592,852.3764681269603,500,False,0.01120095812406988,True,0.009602309891262067,0.6787066459655762
1135424,832.9055826050125,500,False,0.03132468045545993,False,0.009421173490328337,0.6711271405220032
1136208,755.5678931061636,500,False,0.07016035897607864,True,0.00939222514185558,0.5855890512466431
1136320,860.4911852079,500,False,0.03917933793418055,True,0.009193185567917012,0.4488481283187866
1136496,788.0237745032049,500,False,0.039324296850026,True,0.009176734457654087,0.614504337310791
1136528,803.530227407587,500,False,0.06623742458253182,True,0.009143862359174101,0.4723270535469055
1136800,780.1053670539161,500,False,0.06194790581427577,True,0.009143247102912106,0.5305242538452148
1136896,791.222623241146,500,False,0.020160482566387285,False,0.009115896675924636,0.5368956923484802
1137136,877.6904307759135,500,False,0.0347577720731394,False,0.009075978780385022,0.6444282531738281
1137312,775.7838858617262,500,False,0.03449266721078682,True,0.009037586713819528,0.6252309083938599
1137456,865.9934888077753,500,False,0.06099050541259604,False,0.00901840608594401,0.723020076751709
1138000,794.9163920402614,500,False,0.11454899778227694,True,0.009002615453792065,0.6395676732063293
1138688,776.2685965356617,500,False,0.09624400373033838,True,0.009136884602363964,0.8809146881103516
1138736,791.9779402382838,500,False,0.06262269718451724,True,0.009242311049889197,0.748029887676239
1141328,833.1467118960313,500,False,0.04716043589178836,True,0.009247739671637981,0.751660943031311
1141648,858.3319839526223,500,False,0.03662794742341616,True,0.009510873123199065,0.6746613383293152
1142592,764.3606704938854,500,False,0.10222684267912201,True,0.00949933650702303,0.508760929107666
1143424,817.7861070367716,500,False,0.04397993467450289,True,0.00960915871293475,0.6222223043441772
1144208,823.8259412078781,500,False,0.0860655142341918,False,0.009475087811914935,0.6483753323554993
1144320,787.6447670890132,500,False,0.10031396952671559,True,0.009364691535429986,0.7961186170578003
1144496,721.0022897252925,500,False,0.05958707748565642,True,0.009329303112578414,0.501213014125824
1144528,848.7592553175765,500,False,0.035931649038732645,True,0.009329658837943618,0.5202827453613281
1144800,789.4009296572025,500,False,0.06356515776220234,True,0.009331317743435102,0.6161996126174927
1144896,882.2623420379492,500,False,0.05123290364960586,False,0.009332830037158757,0.46030253171920776
1145136,791.1072122328663,500,False,0.050153526564783064,True,0.009348350687245962,0.494642972946167
1145312,860.7896215368086,500,False,0.037307011513765954,True,0.009435518752601822,0.5263211727142334
1145456,832.5606001993059,500,False,0.08905800346180308,True,0.009512553570295821,0.70882248878479
1146000,821.5778641842745,500,False,0.09340538430925494,True,0.009515132600269519,0.8802945613861084
1146688,781.7181306538773,500,False,0.029818418635293494,True,0.009427774476982677,0.5678294897079468
1146736,833.7321777560102,500,False,0.0637886033713731,True,0.009450557348536871,0.5596809387207031
1149328,879.6143461013895,500,False,0.04656332654112882,True,0.009453268283933359,0.9767187833786011
1149648,836.7695578984491,500,False,0.026923850385420847,True,0.009401835839299036,0.5726425647735596
1150592,835.8329737554006,500,False,0.03522843701962161,True,0.009420414780013348,0.688044011592865
1151424,802.2870871269372,500,False,0.058570231171118065,True,0.009324829712360466,0.6877466440200806
1152208,811.0520200768069,500,False,0.09115014247284037,True,0.009157942624406551,0.5097541213035583
1152320,777.7089785499153,500,False,0.050238625513903845,True,0.009155036673593122,0.598548948764801
1152496,770.2069096846303,500,False,0.08900934214315452,True,0.009134851567619106,0.5494285821914673
1152528,814.6465119971775,500,False,0.09326567376428119,True,0.009096413120434868,0.5656262636184692
1152800,809.6255342066016,500,False,0.059844873315620224,False,0.009096408887684397,0.6067405939102173
1152896,847.2801738871107,500,False,0.03142550146853233,False,0.00910465175477484,0.6250962018966675
1153136,823.0856168265973,500,False,0.09260404020881204,True,0.009113568540654053,0.7385761737823486
1153312,823.7091488742303,500,False,0.042961914814788164,True,0.009018253284052829,0.5522114634513855
1153456,765.2958607222624,500,False,0.06896129715452577,True,0.008984442625063416,0.5357356071472168
1154000,828.7732400912103,500,False,0.034262717258277835,True,0.008924079722408319,0.5899401903152466
1154688,822.2529147674059,500,False,0.10350340859203462,True,0.008811806282670337,0.6537940502166748
1154736,775.3892627431928,500,False,0.07977085051058416,True,0.009014068177089258,0.5812643766403198
1157328,810.6328421326292,500,False,0.07204685482172896,True,0.009027071613238711,0.5558085441589355
1157648,791.6645846284865,500,False,0.051084397521623415,True,0.009046814239622778,0.6608738899230957
1158592,791.7522604407551,500,False,0.07664020534465645,True,0.009157529730501716,0.6130201816558838
1159424,812.0174068247126,500,False,0.06384999417204104,True,0.009135427840024574,0.6191872954368591
1160208,788.3612503369959,500,False,0.05954100757538127,True,0.009145925145703062,0.5672671794891357
1160320,791.2823871158321,500,False,0.07129155781853524,True,0.009178501017124129,0.6637389063835144
1160496,809.6397631516867,500,False,0.053827407546460704,True,0.009204203328840433,0.5670340657234192
1160528,804.402449425873,500,False,0.09609891246625789,True,0.009199901941880428,0.6298671960830688
1160800,826.0484935276264,500,False,0.10163150112013787,True,0.009216872428298372,0.5743705034255981
1160896,830.160044224617,500,False,0.05734645751386421,True,0.009280080584239172,0.558019757270813
1161136,825.0458742012684,500,False,0.07094428060287573,True,0.009243182716930955,0.5861562490463257
1161312,750.3326663936654,500,False,0.061419421820830614,True,0.009252295556692481,0.5349937677383423
1161456,746.7351214185002,500,False,0.10020076272149045,True,0.00926357181048195,0.5298460721969604
1162000,789.8847038764809,500,False,0.12211801505654826,False,0.009284315800776665,0.6692753434181213
1162688,806.1788129232376,500,False,0.027314755460686846,True,0.009303712240537929,0.5803403258323669
1162736,828.5138139266567,500,False,0.07449405217646726,True,0.009268759503676366,0.7306897044181824
1165328,771.8049668931528,500,False,0.15502439172978896,False,0.009270334480328732,0.6255593299865723
1165648,852.2434254622505,500,False,0.06668640434988642,True,0.009457196578325685,0.4662545621395111
1166592,813.968718618358,500,False,0.16179844370834326,True,0.009389696479961459,0.939655601978302
1167424,816.7188635120475,500,False,0.10473883747237328,True,0.009267868665400338,0.732668399810791
1168208,863.0818107063166,500,False,0.03595961947725913,True,0.00909932496931413,0.496849000453949
1168320,805.0661949615894,500,False,0.07744414420018905,True,0.00908663334228604,0.6005093455314636
1168496,808.1665098288544,500,False,0.06702635354452441,False,0.009080251668610456,0.4803101420402527
1168528,810.0398054730795,500,False,0.06857259039795588,False,0.009079220834528988,0.6024209856987
1168800,748.2651268628749,500,False,0.06773605367872904,False,0.009074944988830073,0.4635121524333954
1168896,809.771553087881,500,False,0.03295268969454333,True,0.00918030454340843,0.462936669588089
1169136,909.3998966370399,500,False,0.022084716815571007,True,0.009215776758746822,0.5964643955230713
1169312,785.0052527494555,500,False,0.09890606760075252,True,0.009260958893526464,0.544880211353302
1169456,842.1806122466888,500,False,0.09267357660601167,True,0.009265723298620722,0.5316594839096069
1170000,749.1284848863836,500,False,0.11513207854361303,True,0.009261420358597275,0.5903854370117188
1170688,824.2957051798306,500,False,0.07037344373892425,True,0.009321380753079016,0.6485134363174438
1170736,738.9045687840749,500,False,0.1371264563693802,True,0.009170097448059359,0.7983556985855103
1173328,744.7906544047223,500,False,0.08653138245150854,True,0.00917465257051293,0.4754064679145813
1173648,840.3720783957613,500,False,0.16103237480363233,True,0.009151404289985017,0.4888978898525238
1174592,792.2497277143802,500,False,0.008721100806733485,True,0.00914110560122722,0.6702759861946106
1175424,769.2180530931244,500,False,0.2028125156632878,False,0.009167943221801552,0.57855224609375
1176208,767.5001806985425,500,False,0.05897589292625223,True,0.00931362581223802,0.5476130247116089
1176320,822.8212047582929,500,False,0.03959706767251789,True,0.00950816522545786,0.5123756527900696
1176496,821.038106556187,500,False,0.05816513599335006,True,0.00952003665015176,0.49723270535469055
1176528,783.2351689369062,500,False,0.04928776175133311,True,0.009444823638096827,0.5685569047927856
1176800,795.468302977741,500,False,0.05884996526063973,False,0.00942106344046917,0.48205792903900146
1176896,758.036371795612,500,False,0.11495008465116957,True,0.009354588709817117,0.5320978164672852
1177136,749.8773814312477,500,False,0.18750059660964227,True,0.009306035649355383,0.5049420595169067
1177312,809.152004534473,500,False,0.05129885664354161,False,0.009229704322417223,0.590781569480896
1177456,849.238326500703,500,False,0.06852849752223521,True,0.009202886535364111,0.6497969627380371
1178000,839.1649984100256,500,False,0.1395426151436767,True,0.009207356979240295,0.42570266127586365
1178688,733.3920645902448,500,False,0.1573229972621118,True,0.00921290845056899,0.6153407096862793
1178736,777.4408409560864,500,False,0.14828572948653973,True,0.00907438207995301,0.559224545955658
1181328,793.5373768511331,500,False,0.07326322452502751,True,0.009082627320599645,0.6334858536720276
1181648,725.4780342717803,500,False,0.038684108006103744,True,0.009095836166525059,0.48822182416915894
1182592,845.2607342860332,500,False,0.041988149387518846,True,0.009224052849917497,0.7027525901794434
1183424,754.1893619635306,500,False,0.043717156105353726,True,0.009139275992630477,0.5346859693527222
1184208,767.0933203042649,500,False,0.12074843741842958,False,0.009164351534341444,0.7845170497894287
1184320,831.6010340579645,500,False,0.0313151064809399,True,0.009317480273391406,0.5922223329544067
1184496,830.7135564772391,500,False,0.05672513441729764,True,0.009367379325714312,0.5717052817344666
1184528,797.7855199873279,500,False,0.11998120290771755,True,0.009400250085440596,0.5035401582717896
1184800,815.325757859077,500,False,0.04295996159726323,True,0.009406097596251458,0.5833625793457031
1184896,801.2924214278069,500,False,0.13214820384613474,True,0.009424841431224636,0.7333292961120605
1185136,845.2887034740367,500,False,0.06836288200103201,False,0.00940928426225331,0.807975172996521
1185312,856.4374029244796,500,False,0.04644103397257544,True,0.009356645152890544,0.7007827758789062
1185456,786.0137064890151,500,False,0.10737927452554087,True,0.009323693188106715,0.758177638053894
1186000,712.0082497911698,500,False,0.1255846871024758,True,0.009305802625629675,0.5579379796981812
1186688,808.1678831031496,500,False,0.050716473887400734,True,0.009330118032513098,0.61083984375
1186736,818.3182936410707,500,False,0.03640589330294025,True,0.009378964803684966,0.6268329620361328
1189328,752.3303315805089,500,False,0.13114258800652642,True,0.009394364018967533,0.6199760437011719
1189648,849.8791582762007,500,False,0.06934257773481546,True,0.009270497606822956,0.6972457766532898
1190592,760.654944732112,500,False,0.0997416123318532,True,0.009328954684972444,0.6409507989883423
1191424,830.9530123447956,500,False,0.05083225057162589,True,0.009319996850840112,0.5881261825561523
1192208,730.3779438105274,500,False,0.08176441189416864,True,0.009086230667204884,0.5685467720031738
1192320,781.1241283889319,500,False,0.16587430929892785,True,0.008926277794436681,0.601512610912323
1192496,803.5208806250508,500,False,0.0565134594689104,False,0.008901006668680092,0.85628342628479
1192528,824.1825284991262,500,False,0.05865915248448622,True,0.008913915098326565,0.5595336556434631
1192800,748.3034221370699,500,False,0.09532164647083666,True,0.00891217115533279,0.4836964011192322
1192896,749.7653859208692,500,False,0.10317596657637854,True,0.008933355737622382,0.5571916699409485
1193136,739.9105392190257,500,False,0.05575614494147602,True,0.0089397654770163,0.5146805047988892
1193312,798.9637871666647,500,False,0.03963336927277849,True,0.009034147963499039,0.5222547054290771
1193456,840.6119183806007,500,False,0.04459439631063647,True,0.009051365394386059,0.6333106756210327
1194000,769.0090338028765,500,False,0.09356217924394214,True,0.009082172308434498,0.5371269583702087
1194688,824.5128305994687,500,False,0.06756899038214499,True,0.009186598020452187,0.49406981468200684
1194736,790.197064656397,500,False,0.03557383602052949,True,0.009028267757230788,0.8410501480102539
1197328,726.1663334651043,500,False,0.1662706167516693,True,0.009030981666404592,0.493721067905426
1197648,814.6483594358558,500,False,0.020932750103174885,True,0.008889101178142499,0.6114568710327148
1198592,803.5176533912778,500,False,0.10258101584874553,False,0.008921795323117836,0.6216068267822266
1199424,818.9930326771937,500,False,0.034083400305765656,True,0.00860637326243609,0.5509181022644043
1200208,772.7797936150394,500,False,0.13023540816064344,False,0.009000457146521623,0.5540385246276855
1200320,799.7843279907652,500,False,0.039999828920532464,True,0.00893736883659125,0.7116473913192749
1200496,753.355511687655,500,False,0.10083448024932803,True,0.008920701180395956,0.5488271117210388
1200528,753.742608953713,500,False,0.03757151109821906,True,0.008903484788353457,0.6409355401992798
1200800,764.62850788487,500,False,0.12963341559094588,True,0.008892146039038446,0.5680312514305115
1200896,858.5178940332728,500,False,0.05427204466975727,True,0.008735796379617907,0.5376200079917908
1201136,774.1829702756615,500,False,0.11163488706593278,True,0.008703974533464923,0.6409937739372253
1201312,862.3328394332201,500,False,0.04963278339075715,True,0.00871216356736753,0.6467667818069458
1201456,859.6227418692279,500,False,0.035355519492684305,True,0.00871401113646998,0.594444990158081
1202000,773.9043593408476,500,False,0.12817898111144016,False,0.008683463848704274,0.6136530637741089
1202688,765.872401531653,500,False,0.0673452344116064,False,0.008757006268631424,0.5487724542617798
1202736,868.4566102070186,500,False,0.03389349653113683,True,0.009092752627255046,0.4947347044944763
1205328,777.001104193584,500,False,0.05293480521450578,True,0.009099845390253406,0.8433922529220581
1205648,761.4713514681641,500,False,0.04145629396565857,True,0.008897895023374312,0.4701092541217804
1206592,788.8430416481103,500,False,0.10264241474937918,False,0.008893584021478681,0.47099068760871887
1207424,780.4536442373509,500,False,0.059671749940142405,True,0.008841294206482563,0.6781423091888428
1208208,817.5597432151679,500,False,0.05786251193977124,True,0.008714675551595481,0.707075834274292
1208320,806.3961659475544,500,False,0.10518972648510208,False,0.008553450466003159,0.6139395236968994
1208496,781.1756970059984,500,False,0.10528385368536901,True,0.008594724020241994,0.5653107166290283
1208528,781.4803910781017,500,False,0.06056329428728042,True,0.008540490344894115,1.3367360830307007
1208800,806.7190281295218,500,False,0.05426873163916092,True,0.008540193752584099,0.7113193273544312
1208896,819.1745031329882,500,False,0.046836975168215784,True,0.008594303508360915,0.5951034426689148
1209136,775.3605426650228,500,False,0.09973298759296637,True,0.008586198959095485,0.47176259756088257
1209312,826.5089724914466,500,False,0.038106365847630955,False,0.008642189108458483,0.5005314350128174
1209456,819.879008660927,500,False,0.040883442977395774,False,0.008736853970041543,0.8350093364715576
1210000,816.9038490977489,500,False,0.062269911110133774,True,0.008841425724444133,0.5570852160453796
1210688,783.6014397977451,500,False,0.1127584194436647,True,0.008937706120629755,0.5379687547683716
1210736,855.8126976837207,500,False,0.06298778000990239,True,0.008646221067279018,0.6128526926040649
1213328,754.3583253106168,500,False,0.0702548489362384,True,0.00863330408473037,0.448265939950943
1213648,801.8207412422498,500,False,0.0551743802642718,True,0.008538889238577861,0.4668222665786743
1214592,789.1710288593155,500,False,0.12602942595549882,False,0.008541197238728947,0.44225773215293884
1215424,762.0252660172586,500,False,0.10007771966690522,False,0.008577471510117339,0.6117904782295227
1216208,805.5001532577942,500,False,0.08861267795673854,True,0.008547581774867408,0.826012372970581
1216320,799.5885621796567,500,False,0.04752633164129427,True,0.008571019431763138,0.5713347792625427
1216496,772.9478421662027,500,False,0.040496704040975544,True,0.008567133674662537,0.5062465667724609
1216528,834.3294895836342,500,False,0.04483714546141126,True,0.008589031222124758,0.5618726015090942
1216800,818.2464541365171,500,False,0.10118865104315881,True,0.008592493059077281,0.5881258249282837
1216896,718.2108405822449,500,False,0.12183877029989465,True,0.008585240592322393,0.5801974534988403
1217136,868.4213837084196,500,False,0.03240468977312587,True,0.008588331183776159,0.6298779249191284
1217312,832.5894655462154,500,False,0.09236603500283812,True,0.008595545617977804,0.5743599534034729
1217456,779.0269441432146,500,False,0.08129211219089423,True,0.008583703123709839,0.603653609752655
1218000,785.635585188147,500,False,0.034823127431752574,False,0.008590468729168469,0.7216088175773621
1218688,770.4431209270946,500,False,0.04971849900834022,False,0.008569460142212892,1.0479185581207275
1218736,772.6580791163817,500,False,0.0533580537632739,True,0.008476964097501179,0.4283783435821533
1221328,765.01783863836,500,False,0.08559094596516334,True,0.008467547725082932,0.7624876499176025
1221648,836.9508282074023,500,False,0.05782951818165622,True,0.008527971757916968,0.6605093479156494
1222592,856.1610993260625,500,False,0.01478330876828523,True,0.008422329628448681,0.5056436657905579
1223424,825.0131506136033,500,False,0.050011273224044195,False,0.00830616284404107,0.49448174238204956
1224208,839.7647537828012,500,False,0.04626569541104273,True,0.008124303347674547,0.5799940824508667
1224320,864.642089032014,500,False,0.03758540123467047,True,0.008215360879459368,0.4912090301513672
1224496,835.3047016463436,500,False,0.05886596565851207,True,0.008232938541129782,0.5752615928649902
1224528,829.4895377096947,500,False,0.0673049132571036,True,0.00829424962272562,0.6008061766624451
1224800,738.8020507894352,500,False,0.05839958131523883,True,0.00829312662422856,0.5577883720397949
1224896,803.8228871488227,500,False,0.0714021535052173,True,0.008304198021987116,0.46930646896362305
1225136,809.6856939661895,500,False,0.059651647159180164,True,0.008283264310441154,0.5839107036590576
1225312,894.5929016272141,500,False,0.037101386933288204,True,0.008345150510795086,0.630456268787384
1225456,835.5478321803866,500,False,0.09726048400416819,False,0.008383919122367326,0.5348421335220337
1226000,802.7909209418601,500,False,0.07442795152782532,False,0.008410576393950361,0.4734960198402405
1226688,837.2594011989931,500,False,0.09072750583961267,True,0.00834425170946389,0.49074482917785645
1226736,777.4782019505672,500,False,0.09249285890300733,True,0.008364567138013895,0.48502886295318604
1229328,852.9173572529104,500,False,0.061856303616052946,True,0.008374599624596288,0.43361300230026245
1229648,802.4655769536425,500,False,0.06538143169328066,False,0.008299130894208862,0.52520751953125
1230592,789.0554824325351,500,False,0.03340859450861681,True,0.008299365108845679,0.6793113946914673
1231424,816.1252346912303,500,False,0.026755637558751533,True,0.008686513683369722,0.7554881572723389
1232208,715.9742802543849,500,False,0.05948499011948813,True,0.008545671496610594,0.5645352602005005
1232320,792.8154763538271,500,False,0.08698621107681159,True,0.008343063365971463,0.6153538823127747
1232496,811.8739810796059,500,False,0.08187037771819869,False,0.008325556892629439,0.5541015863418579
1232528,778.3529871696348,500,False,0.09672321119856155,True,0.008285928827614999,0.5000131130218506
1232800,845.1233330791506,500,False,0.05190261953297853,True,0.008288363222983444,0.5078443288803101
1232896,783.7027484199203,500,False,0.0265914381159881,True,0.008334295127955079,0.577499508857727
1233136,743.1019014657745,500,False,0.09386824814692422,False,0.008333440970081369,0.5295777320861816
1233312,859.5685439221705,500,False,0.09396408379160788,True,0.008362702011628717,0.592332124710083
1233456,766.7899376283309,500,False,0.07452305403528561,True,0.008389036025257634,0.5217298865318298
1234000,809.2767639931388,500,False,0.10036453386409092,True,0.008369626513804856,0.6703628301620483
1234688,805.4142777170379,500,False,0.08845329869772636,True,0.008438866474732293,0.4807592034339905
1234736,801.8309851794613,500,False,0.03254987202073368,True,0.008388652174014076,0.4093773365020752
1237328,791.5866896095661,500,False,0.04583721979449336,True,0.008397438502608589,0.6687458753585815
1237648,760.1216332573538,500,False,0.06900550916770062,True,0.008259661695427868,0.5289541482925415
1238592,747.8651521450698,500,False,0.07333260006474848,True,0.008250077821457704,0.5365049839019775
1239424,768.9944792887418,500,False,0.08157463483011536,True,0.008222361566522283,0.37532129883766174
1240208,872.5614980637025,500,False,0.04632605433597322,True,0.008464586279924366,0.5888055562973022
1240320,841.8530934702535,500,False,0.08856614964323385,True,0.008730220102936852,0.8137942552566528
1240496,787.1751841042649,500,False,0.04733724154401595,True,0.008732836386508893,0.5918499827384949
1240528,775.4726711860405,500,False,0.06582331016778135,True,0.008753784643865944,0.5688055157661438
1240800,794.3797230972518,500,False,0.037067353375762745,True,0.008761475042415538,0.535027265548706
1240896,841.9525438875652,500,False,0.11851539445849571,True,0.0088596085803368,0.4212154746055603
1241136,795.148393703404,500,False,0.09294234482928372,True,0.0089041161550027,0.4906044900417328
1241312,844.7111149287812,500,False,0.0677415046840923,True,0.008941794250026882,0.6043634414672852
1241456,860.3198091980548,500,False,0.04319463361495611,True,0.008947554690298428,0.5363798141479492
1242000,793.1217819445624,500,False,0.06642299360261575,True,0.008913362520923878,0.7882403135299683
1242688,829.4534301699488,500,False,0.07605956023690835,True,0.008870532033535833,0.5157778859138489
1242736,837.5427335587359,500,False,0.03615052548324715,True,0.008775068677575762,0.666694164276123
1245328,787.5965662074767,500,False,0.03547097453327422,False,0.008779756855512987,0.576298177242279
1245648,751.9802934392975,500,False,0.10186565077397759,True,0.008769526795887158,0.4494900703430176
1246592,750.2021193450591,500,False,0.09751340091052559,False,0.00879364689133251,0.4440334439277649
1247424,851.0534324146687,500,False,0.07731115259753368,True,0.008547541986741186,0.6158480644226074
1248208,771.6234176732605,500,False,0.09659055317618719,True,0.008463110856005408,0.5098661184310913
1248320,783.3485975743263,500,False,0.08034477226898659,True,0.008485339264225586,0.7130007743835449
1248496,767.2323946418712,500,False,0.09458218977332802,True,0.008462035993244901,0.49131137132644653
1248528,858.3898536099467,500,False,0.0315704300904295,False,0.00847636483023343,0.6398879289627075
1248800,832.1415978291693,500,False,0.037561185418984656,False,0.008487517313644069,0.6013858914375305
1248896,862.4705587959036,500,False,0.0643504414159126,True,0.008603336369460477,0.7389545440673828
1249136,788.6926500127074,500,False,0.01671453509279395,True,0.008625218239606337,0.5566471815109253
1249312,849.5873279552353,500,False,0.03880847800388168,True,0.008619507593964505,0.5600595474243164
1249456,866.5346628111516,500,False,0.06215445291387375,True,0.008632785898008607,0.5654672384262085
1250000,800.7657802622065,500,False,0.08700089901778901,True,0.008667403054469792,0.4665305018424988
1250688,791.9325981440471,500,False,0.0793366196914427,True,0.008769081327361433,0.5398898720741272
1250736,805.9979589028596,500,False,0.058921593258506356,True,0.008822456367000256,0.4834514558315277
1253328,823.6740701085444,500,False,0.05725732364470515,False,0.008833366234171367,0.4944862127304077
1253648,764.3783941659104,500,False,0.03370856582967933,True,0.008609217033819743,0.5306817293167114
1254592,776.7091404543821,500,False,0.03916662118943189,False,0.008539544393711388,0.4948576092720032
1255424,829.7794833779514,500,False,0.04991606996363557,True,0.00852267388545123,0.5116547346115112
1256208,763.9558450079751,500,False,0.13963446051521106,True,0.008301775087700723,0.39475947618484497
1256320,833.4814436213256,500,False,0.029917541133309324,True,0.008248793442727644,0.600448489189148
1256496,780.5906708371931,500,False,0.10303724926778768,True,0.008256765705738193,0.5637412667274475
1256528,825.0006913358994,500,False,0.0582626243270611,True,0.0082419545183984,0.48920294642448425
1256800,766.9589116913587,500,False,0.04977449537152406,True,0.008237720885282625,0.4109625816345215
1256896,792.4745951593949,500,False,0.13531630661384578,True,0.008270424401662313,0.5294541120529175
1257136,841.1226734845965,500,False,0.0076300315247524305,True,0.008306507856780172,0.49499213695526123
1257312,821.6165827280674,500,False,0.03723619196970365,True,0.008371150178277918,0.5157357454299927
1257456,826.2638065987717,500,False,0.052190450908625396,False,0.008391763498703242,0.5820861458778381
1258000,762.0202569881055,500,False,0.1212283977734465,True,0.00840009859079039,0.6006059646606445
1258688,858.3172356106787,500,False,0.05439933155347724,True,0.008444840758748622,0.44531404972076416
1258736,804.5137628040134,500,False,0.026381676342835086,True,0.008528954405313288,0.6078770756721497
1261328,866.6209855563559,500,False,0.08425071640277493,False,0.00849323135811392,0.6238496899604797
1261648,788.1392682757086,500,False,0.04850630570596491,True,0.008336741544750488,0.5437325239181519
1262592,790.6463732190994,500,False,0.05882844605718316,True,0.008317744584290404,0.5641782879829407
1263424,765.3202841517905,500,False,0.05086215175268236,True,0.008208216993034966,1.027416467666626
1264208,712.6365328888825,500,False,0.1118849368014053,True,0.008154780031864848,0.4533920884132385
1264320,833.3356665999821,500,False,0.06592378280079586,True,0.008102525789885476,0.4701334238052368
1264496,826.5165323390091,500,False,0.06651790983859794,False,0.008049865870945501,0.49698150157928467
1264528,817.2613029234333,500,False,0.03183244080823121,True,0.007976445360009118,0.5843539237976074
1264800,753.4709907417699,500,False,0.04687616111302007,True,0.00795733178851494,0.5146321058273315
1264896,769.8245876024158,500,False,0.0639480564778057,True,0.00789841889969387,0.5251121520996094
1265136,756.1303802489231,500,False,0.05422757259865001,True,0.007891778639994325,0.5205316543579102
1265312,827.3907677710419,500,False,0.13239998401275205,False,0.007982215571485832,0.530276894569397
1265456,774.489739039373,500,False,0.05659347535481449,True,0.008086160156032135,0.48516136407852173
1266000,822.8877405403618,500,False,0.12184483301836374,True,0.008046095759404091,0.5191045999526978
1266688,771.023606307108,500,False,0.05567375473623072,True,0.008341065918490077,0.5583438873291016
1266736,762.1300455193624,500,False,0.03606768468070634,True,0.008448100088304475,0.5191800594329834
1269328,787.9550703032924,500,False,0.1490304474405473,True,0.00844839197077565,0.5562784671783447
1269648,798.5798281125171,500,False,0.043259053920641936,True,0.007987937288038044,0.5282695293426514
1270592,815.0989862319451,500,False,0.03669025298234967,True,0.008047416607007366,0.5596534013748169
1271424,811.4293496226184,500,False,0.06549270233310292,True,0.008005023997775692,0.42032212018966675
1272208,806.4626107911847,500,False,0.1342725762403104,True,0.008074601590266644,0.5638556480407715
1272320,767.5553159795924,500,False,0.11707736419474402,False,0.008176574388394083,0.63864666223526
1272496,792.4428251617616,500,False,0.11325692248262609,False,0.00820258687664281,0.5213918089866638
1272528,850.0648516263352,500,False,0.07244041347364834,True,0.008203275228253934,0.5564172267913818
1272800,852.8642885640621,500,False,0.07699460355693173,False,0.0081992329212882,0.44333070516586304
1272896,831.8053993324135,500,False,0.04918986355543812,True,0.00814344941088466,0.4487714171409607
1273136,797.6081612994292,500,False,0.043980207226842594,True,0.008136898125424442,0.3853132724761963
1273312,803.0760022036688,500,False,0.17487889903279885,True,0.008068931364121498,0.5000829100608826
1273456,712.8244534759185,500,False,0.12600669455985042,True,0.008057556832866013,0.8370752334594727
1274000,815.2195444918975,500,False,0.09838967930974515,True,0.008041315148746467,0.6425646543502808
1274688,821.0985554901805,500,False,0.11424712729497072,True,0.008104092331595624,0.4933330714702606
1274736,846.0350513381267,500,False,0.037408992164595846,False,0.008169415061770666,0.4555405080318451
1277328,846.6488343088864,500,False,0.036242868949343754,True,0.008160980414615616,0.44490885734558105
1277648,815.7578090416775,500,False,0.03162902733409485,True,0.008017802365960053,0.532890260219574
1278592,741.4800535616565,500,False,0.05844334922834201,True,0.007990366831612179,0.6218928694725037
1279424,820.7979954255393,500,False,0.04038301849624424,True,0.00824265160570775,0.49651050567626953
1280208,880.9930307219554,500,False,0.03347678552600407,True,0.008245395103815622,0.4531385004520416
1280320,791.066972827248,500,False,0.035137212643462604,False,0.008049700908461369,0.44646888971328735
1280496,744.9130556330074,500,False,0.07109955127195554,True,0.008081879514448258,0.5177707672119141
1280528,808.7670007550057,500,False,0.05652313697608928,True,0.00809416924949776,0.437541127204895
1280800,847.2022750888309,500,False,0.011624678146428525,False,0.008089160970675894,0.5478407144546509
1280896,824.275572646633,500,False,0.05356001408536063,True,0.008067122867198642,0.3739059567451477
1281136,777.1036710765743,500,False,0.09124061617999547,True,0.008094496180074396,0.43641364574432373
1281312,791.5340995171181,500,False,0.049962585519230385,False,0.008138385003096446,0.6191713809967041
1281456,823.1544323658824,500,False,0.03850747550506834,True,0.008111483881654747,0.5438567399978638
1282000,806.9493379494198,500,False,0.02584124786551955,False,0.008124628137782591,0.5087335109710693
1282688,727.48018051808,500,False,0.13180711692791924,True,0.008210547123447843,0.5698068141937256
1282736,826.3968299962445,500,False,0.034706735639029526,True,0.00818512908899961,0.40837886929512024
1285328,815.8651417687106,500,False,0.08768742558379343,True,0.00820443064680889,0.5594819784164429
1285648,791.2505916295089,500,False,0.12938419754265346,False,0.008145460004413189,0.5733171701431274
1286592,768.653053760256,500,False,0.14450634593143755,True,0.008004977407837136,0.4980127215385437
1287424,859.8743393019505,500,False,0.0397505955509694,True,0.00814835875982773,0.5150570869445801
1288208,766.3686946867255,500,False,0.06600763427616642,True,0.008217515248830866,0.42801767587661743
1288320,788.8041109939921,500,False,0.03863230302701587,True,0.008154362913891577,0.4949978291988373
1288496,756.4967538090832,500,False,0.07219620349395944,True,0.008131305224247485,0.577666163444519
1288528,761.9538883415249,500,False,0.07054815057562387,True,0.008200176344015214,0.4309554100036621
1288800,803.780807511753,500,False,0.025916838237096167,True,0.008209721922087755,0.5820794105529785
1288896,850.7584571221254,500,False,0.01468283388567875,True,0.008184290801153933,0.41426900029182434
1289136,854.9530507696759,500,False,0.040015881803802236,True,0.008187462584997019,0.5566398501396179
1289312,760.2240182457035,500,False,0.1275562444842371,True,0.008187678539133122,0.4912616014480591
1289456,810.1643069862362,500,False,0.13309714727832916,False,0.00821370013965849,0.4401445984840393
1290000,766.8116755309056,500,False,0.101198078555465,True,0.008188645541970808,0.5114462375640869
1290688,769.9604945387857,500,False,0.0895481808010142,True,0.008109944701286538,0.5238808393478394
1290736,817.1523590710237,500,False,0.008539938427158727,True,0.008105031104390967,0.4648943543434143
1293328,842.5736622063555,500,False,0.04935846920911824,True,0.00810049495998552,0.5333597660064697
1293648,784.03837751458,500,False,0.07710842074844308,True,0.008309256285810189,0.7108162045478821
1294592,805.6929810079395,500,False,0.050342447560257915,True,0.00840866133446297,0.5372440814971924
1295424,786.5821815143086,500,False,0.030149133976171732,True,0.008424855053210186,0.5873721837997437
1296208,849.906165233535,500,False,0.06749230337903209,True,0.008275524399281396,0.4752658009529114
1296320,723.893041838051,500,False,0.06279322921454018,True,0.008327507631602303,0.4738262891769409
1296496,794.3667498075025,500,False,0.024698284125637827,True,0.008347965261955971,0.6294397115707397
1296528,863.6088326853004,500,False,0.05188281814822859,True,0.008394652482157216,0.48866215348243713
1296800,792.0129843965658,500,False,0.01945646818081231,True,0.00839257011086292,0.4658956229686737
1296896,818.9489293488457,500,False,0.03714013406071666,True,0.008410435226094063,0.44081175327301025
1297136,851.4115583869594,500,False,0.027539195185498144,True,0.008404150595019994,0.5686138272285461
1297312,803.4778575518567,500,False,0.03598686675491156,True,0.00838960368915472,0.4147036075592041
1297456,851.7519501776093,500,False,0.08138312612998702,True,0.008423094666407114,0.4487842619419098
1298000,828.2781672077995,500,False,0.05793012008057044,True,0.008429163935549218,0.502708375453949
1298688,812.1714850920168,500,False,0.02227821884549204,False,0.008412831063110636,0.40693801641464233
1298736,800.470677946159,500,False,0.05506056580354616,True,0.00854518389028613,0.5048232674598694
1301328,809.0452313417754,500,False,0.08068788210879711,False,0.008110531504957177,0.4825866222381592
1301648,855.6747909988071,500,False,0.024879592831579263,True,0.007922636250137166,0.4845736622810364
1302592,818.6331788061532,500,False,0.00998965886747923,True,0.007960535944949505,0.5212111473083496
1303424,780.4776250946005,500,False,0.08605773318570913,True,0.00818960301987548,0.596939206123352
1304208,823.990864342312,500,False,0.032495790379545204,False,0.008166905395579963,0.42549172043800354
1304320,767.7505278439444,500,False,0.09946124687757325,True,0.008310147001533983,0.6142407655715942
1304496,797.9116259201064,500,False,0.05624533877717803,True,0.008314171840594707,0.48544204235076904
1304528,858.0454583781287,500,False,0.08262012472619001,True,0.008324726800158149,0.6797006130218506
1304800,838.9713983456397,500,False,0.020997903696343273,True,0.008327288608531451,0.7657102942466736
1304896,837.4923928211598,500,False,0.03002985656442278,True,0.008312781199153648,0.444240003824234
1305136,889.0407254282034,500,False,0.023194513700964363,True,0.008302657678752658,0.4882320165634155
1305312,773.6260912551287,500,False,0.036697734126152085,False,0.008293133050866123,0.49359795451164246
1305456,814.6355548670821,500,False,0.04604841211996661,True,0.008274955857034437,0.3750271797180176
1306000,762.098039950283,500,False,0.05537799311322407,True,0.008227671748121518,0.4619833528995514
1306688,800.6076202720324,500,False,0.058277420446856416,True,0.008221019935974214,0.47765180468559265
1306736,812.8959871310673,500,False,0.056482416212239914,True,0.008185829459579082,0.5213266611099243
1309328,847.8108225486861,500,False,0.05957237894478032,True,0.008173268152194303,0.5116803050041199
1309648,771.5431342676576,500,False,0.06849771896391858,True,0.008096196739827453,0.5186482667922974
1310592,791.5373009892267,500,False,0.07642256133086678,False,0.008033249891947938,0.3737204670906067
1311424,771.4596203597463,500,False,0.05929890476408302,True,0.007977628914980932,0.545946478843689
1312208,831.4923290836298,500,False,0.02832308854945887,True,0.008254648602744509,0.43184658885002136
1312320,758.8484104795938,500,False,0.06750858562069062,True,0.00830278259423478,0.5642834901809692
1312496,776.7085278246697,500,False,0.08071876811857043,True,0.008361901503980782,0.5393460988998413
1312528,798.2940724063849,500,False,0.09368884578224215,True,0.008391997497473639,0.4489210247993469
1312800,818.6217421566681,500,False,0.06822371097692753,True,0.00838212131926617,0.3867579996585846
1312896,813.7852080297416,500,False,0.054338787619186056,True,0.008312748207059822,0.4799342751502991
1313136,868.5058742709012,500,False,0.05231545924121321,True,0.00829456874872228,0.4993002116680145
1313312,822.3117985859518,500,False,0.038208194060375594,True,0.008216601275016285,0.4531221389770508
1313456,808.1201864433868,500,False,0.07623426579777685,True,0.008195963795215219,0.536115288734436
1314000,816.8813343486214,500,False,0.06423333231020174,True,0.008263248841723815,0.49298539757728577
1314688,835.8731408499192,500,False,0.07883762394312194,False,0.008268487191794297,0.41099321842193604
1314736,835.627214300436,500,False,0.07969428981296878,False,0.008244441357630352,0.49796417355537415
1317328,856.8935660245957,500,False,0.021038893684792545,True,0.008245193615734807,0.5149414539337158
1317648,844.314520759615,500,False,0.05245845194592739,False,0.008448930939673105,0.4674318730831146
1318592,736.3926431413747,500,False,0.07541137251635581,True,0.0084419089859494,0.4161180257797241
1319424,817.6222305391755,500,False,0.04466227918311963,False,0.008017652127832295,0.7002034783363342
1320208,815.8426851632221,500,False,0.03624938796500961,True,0.008106912316673114,0.3915218114852905
1320320,809.6176645862948,500,False,0.11471875439658456,True,0.007975768624928154,0.49585944414138794
1320496,836.5130727576546,500,False,0.08684320588196506,True,0.007950276582244706,0.4991631507873535
1320528,790.7087824935154,500,False,0.07606590631090417,True,0.007926875099869286,0.3923051059246063
1320800,805.9265319291569,500,False,0.14579829263278912,True,0.007918487690246648,0.4730593264102936
1320896,870.1927171756643,500,False,0.055223244112148274,True,0.007897909472803645,0.49109533429145813
1321136,804.7782992363202,500,False,0.0555167621818175,False,0.007881309937621499,0.5508941411972046
1321312,864.2459170318948,500,False,0.04595992504762908,False,0.008068177366363803,0.527570366859436
1321456,880.0126181864514,500,False,0.10880476948754945,True,0.008236276984169214,0.4604409337043762
1322000,818.252216403092,500,False,0.03830558075716887,True,0.00834472694789741,0.4473956525325775
1322688,733.4234992748153,500,False,0.1547243116356834,True,0.008413963971070665,0.5161964893341064
1322736,786.699366110314,500,False,0.038758218965809006,True,0.008441784086056012,0.5343270301818848
1325328,805.2928099746023,500,False,0.018720639023107354,True,0.008441895661775535,0.5075915455818176
1325648,847.923488660936,500,False,0.008483254458539499,False,0.008184472690113322,0.5285496711730957
1326592,735.4564370792853,500,False,0.06732042816365304,False,0.008046021055526202,0.5639178156852722
1327424,778.4422671111289,500,False,0.09901268184062158,True,0.007953865067657686,0.4373437464237213
1328208,849.9359569446652,500,False,0.0724339222349254,False,0.008157925565203701,0.5161608457565308
1328320,848.4499736398261,500,False,0.06358349516658492,True,0.008066940012125783,0.39736413955688477
1328496,768.9321283251423,500,False,0.0795919841203362,True,0.008080429048296305,0.5430738925933838
1328528,758.7340048994091,500,False,0.08183595560332442,True,0.008178786369224334,0.5164476037025452
1328800,773.6792498905799,500,False,0.05274317664707336,False,0.008182914617636889,0.478821337223053
1328896,782.9595711627085,500,False,0.06062700313203795,True,0.00813176843011571,0.5473338961601257
1329136,843.6281884088955,500,False,0.05044410882828508,True,0.00810634295594589,0.5359699726104736
1329312,811.8923700855307,500,False,0.06863327008877847,True,0.008123617130167207,0.4837724566459656
1329456,832.2921346881229,500,False,0.0362414748027859,True,0.008219483311107657,0.4923575222492218
1330000,808.6308829639621,500,False,0.055176158278514215,True,0.008325402275587729,0.4690808057785034
1330688,787.3890848606683,500,False,0.031213204832947504,False,0.008403385036631753,0.4978868365287781
1330736,787.7993756613141,500,False,0.03152295552382819,True,0.008281021200329199,0.4184964895248413
1333328,870.2705741893402,500,False,0.09979187648450165,False,0.008273223705884123,0.4688666760921478
1333648,848.3205695763133,500,False,0.04852726366815388,False,0.008094239578966335,0.4703783094882965
1334592,736.4549129656526,500,False,0.09443829522407837,True,0.008064685898100504,0.48754844069480896
1335424,875.6034024511332,500,False,0.0272910739689496,True,0.008137368824242578,0.3786897659301758
1336208,826.211177752704,500,False,0.07140126621471457,True,0.008251598060647696,0.4070150852203369
1336320,785.1636430698175,500,False,0.022186622178728164,True,0.008050527786389797,0.5761809349060059
1336496,849.4847434287971,500,False,0.032567374662243624,True,0.008070879698667712,0.5522173643112183
1336528,803.5797282797032,500,False,0.034808331224680855,True,0.008104787982989603,0.5425933599472046
1336800,782.0453357119032,500,False,0.034874443786976586,True,0.008106487960049499,0.47955942153930664
1336896,828.1683276212123,500,False,0.025109369579168084,True,0.008092428022586959,0.47432345151901245
1337136,872.4834664417702,500,False,0.02141628601187742,True,0.008091139862752318,0.42379453778266907
1337312,857.8358646159854,500,False,0.04008195331268409,True,0.008067936097472635,0.5350686311721802
1337456,827.3072913705205,500,False,0.034881958423538424,True,0.00804424989166532,0.5091884136199951
1338000,858.3091527845398,500,False,0.0812382522775312,True,0.008046576179343939,0.5425083637237549
1338688,830.6220347943001,500,False,0.047574673291374416,False,0.008100092471296054,0.4195537567138672
1338736,859.7974228713564,500,False,0.02597716366012663,True,0.008303714200664612,0.4937884211540222
1341328,785.5245342279585,500,False,0.0346181283443865,True,0.008316849064106976,0.37164318561553955
1341648,851.5160363830332,500,False,0.08572660090651475,True,0.00821921309194809,0.50091552734375
1341792,384.5393382800538,312,True,1.8285402550955536,True,0.008243116331078944,4.278151988983154
1342592,792.5445837071007,500,False,0.05753751343555705,True,0.008289112516436102,1.4189825057983398
1343424,767.4498906337537,500,False,0.14281119947129,True,0.008225423341638428,0.4764779210090637
1344208,821.453827016841,500,False,0.06832510527436944,True,0.008084542154823404,0.4089837670326233
1344320,833.3390952725882,500,False,0.06827563662542405,False,0.008116840419978387,0.5743647217750549
1344496,805.4265410715041,500,False,0.09420182589071249,True,0.008146551600091268,0.39897727966308594
1344528,877.7799015362532,500,False,0.03867164211190749,True,0.008138148662495709,0.5826232433319092
1344896,828.2851287972721,500,False,0.03500401887098006,True,0.008123057862429662,0.5579685568809509
1345136,880.3742223273728,500,False,0.05123728063361905,True,0.008159913781720504,0.4683229923248291
1345312,798.4981915167915,500,False,0.021155898790996695,True,0.008127412965418256,0.5153510570526123
1345456,844.7568514049411,500,False,0.08209337974611483,True,0.008070925872036578,0.48036205768585205
1346000,727.8040393079775,500,False,0.04219516358084695,True,0.008053589269145909,0.6253666877746582
1346688,804.0255686637208,500,False,0.06019435206314405,True,0.008169553711616328,0.4799971580505371
1346736,839.0540315729304,500,False,0.05830540438207329,True,0.008005693483244045,0.5011699199676514
1349328,867.5415298309885,500,False,0.10675242277640522,True,0.00801869790933253,0.44504499435424805
1349648,867.9767404613589,500,False,0.07298728441005847,False,0.007991192010590347,0.5114968419075012
1349792,731.6217305427393,500,False,0.03710040771407259,True,0.008000357869056287,0.6098886728286743
1350592,888.8387779260952,500,False,0.044209559501441176,True,0.008079461478355945,0.4889916777610779
1351424,859.3663753175475,500,False,0.020329658713741195,True,0.008108660304970532,0.5115296840667725
1352208,741.4765346177065,500,False,0.048142033487586076,True,0.008054151282666018,0.5833585262298584
1352320,805.5745421790587,500,False,0.01635454212934222,True,0.007871208854609006,0.4577726125717163
1352496,823.4642183635303,500,False,0.069384441975606,True,0.007840661821735907,0.5816199779510498
1352528,837.6799261972844,500,False,0.02749120898973909,True,0.00785763150835977,0.4320394992828369
1352896,823.3640785708554,500,False,0.03188727131525733,True,0.007861534656934399,0.4656853675842285
1353136,873.3071321738857,500,False,0.020378947810806528,True,0.007817205913743852,0.4567643404006958
1353312,822.3917725046136,500,False,0.00880497052798329,False,0.007847813937458262,1.3795385360717773
1353456,822.1571212850125,500,False,0.011583495945496191,False,0.007879169133410012,0.49083298444747925
1354000,768.198686675949,500,False,0.05407659404387443,True,0.007939556239020137,0.5026416778564453
1354688,797.8696107635049,500,False,0.04282414310528385,True,0.007946181016586269,0.42070531845092773
1354736,826.1030110503835,500,False,0.06574712162234188,True,0.008042282961365586,0.4332062005996704
1357328,771.9707713635728,500,False,0.09745769082013024,True,0.008040770371816455,0.549788236618042
1357648,797.969277876102,500,False,0.03376443668671509,True,0.007801351035298446,0.4360509216785431
1357792,885.1600047007676,500,False,0.06403557767019624,False,0.007873664811196555,0.5027323961257935
1358592,844.47971330752,500,False,0.11166474200410127,True,0.007837386466429256,0.4959481954574585
1359424,820.2670692731126,500,False,0.05574892914007342,True,0.007770876123735374,0.48402491211891174
1360208,782.3482275278145,500,False,0.03856872683091453,True,0.0077525156670000045,0.37148165702819824
1360320,875.7647913954443,500,False,0.020105928125726525,False,0.007807016995704888,0.530651330947876
1360496,807.8095019607231,500,False,0.06957748415663402,False,0.007866398442160973,0.5027122497558594
1360528,798.4287563949581,500,False,0.052843920307097704,True,0.00799508141341476,0.4815509021282196
1360896,724.6603427184214,500,False,0.08975618551680499,True,0.007998653451311703,0.5790066719055176
1361136,857.3192624464705,500,False,0.02794514422525581,True,0.008074539970592322,0.38362807035446167
1361312,814.3467049454171,500,False,0.07193439234183632,True,0.007999181118000622,0.3933611512184143
1361456,804.2384352848663,500,False,0.03052792419838822,True,0.007881067476029922,0.5167917013168335
1362000,813.7431233951788,500,False,0.03371051475439666,True,0.007841314687061446,0.503133237361908
1362688,826.920828837438,500,False,0.11118040971818596,True,0.008150462649220815,0.4842306971549988
1362736,815.4362107807627,500,False,0.02587855030161554,True,0.008206113983614762,0.48109370470046997
1365328,814.331152974454,500,False,0.09844102019630839,True,0.008210236173871194,0.40008848905563354
1365648,759.2985897629447,500,False,0.10681879814535616,True,0.008017991335103034,0.4925278425216675
1365792,831.2084166225892,500,False,0.06521030816939631,True,0.008090810598713647,0.43935662508010864
1366592,851.9587140314534,500,False,0.024256788945069253,True,0.008091351861280788,0.4660618305206299
1367424,888.4823794000677,500,False,0.06469175469017699,True,0.008110666413874118,0.5103321075439453
1368208,882.2608963273583,500,False,0.04408954008087057,False,0.008008939270191069,0.5484699606895447
1368320,850.6362158448155,500,False,0.03981114263736182,True,0.008145665476781881,0.44045060873031616
1368496,807.6354951785943,500,False,0.03527582525661145,True,0.008136193237655156,0.44647854566574097
1368528,816.6475216083226,500,False,0.04893500757888165,False,0.008111381185226042,0.4296586215496063
1368896,831.5912889237057,500,False,0.05261422053879591,True,0.008103113253246077,0.48273491859436035
1369136,861.7783971406448,500,False,0.03902530833934974,True,0.008070374166959,0.43039536476135254
1369312,812.1436893562214,500,False,0.10319909330172937,True,0.008073143580599377,0.40882402658462524
1369456,786.1442002793419,500,False,0.07458913538460638,False,0.00806358272970091,0.40891146659851074
1370000,801.445133435545,500,False,0.05821930629555404,True,0.008050142594587714,0.5325651168823242
1370688,847.0280952968145,500,False,0.06938498820224986,True,0.008141128213147117,0.44826364517211914
1370736,817.7127896736017,500,False,0.03280438746560104,True,0.008088298311584821,0.46074315905570984
1373328,847.2073852281195,500,False,0.08385660688218374,False,0.008082643778134918,0.47688668966293335
1373648,826.8098698366638,500,False,0.04896242252057441,False,0.008163044406466135,0.5076891779899597
1373792,766.8299075479039,500,False,0.1050091170566896,True,0.008069277560176913,0.4945466220378876
1374592,849.8896397980719,500,False,0.06598406225276986,True,0.008119473212045605,0.3729016184806824
1375424,829.3443432429352,500,False,0.0460073342241491,True,0.008245362324035865,0.5098940134048462
1376208,815.4785959567272,500,False,0.06737270070503841,True,0.008215542755643486,0.43480414152145386
1376320,776.5502550095239,500,False,0.09083614785161175,True,0.008180838138715965,0.4402090311050415
1376496,795.7623111646762,500,False,0.08087751351634262,True,0.008165739187012366,0.5573441982269287
1376528,774.0485912107476,500,False,0.07608235986466627,False,0.008120672536766516,0.4478464126586914
1376896,816.692725313711,500,False,0.12894843019388394,True,0.008100521873820214,0.5687340497970581
1377136,814.7438646693734,500,False,0.05650931480188102,True,0.007937533468279785,0.4409147799015045
1377312,806.4279915747833,500,False,0.10855454410117729,True,0.008049588229161153,0.5458368062973022
1377456,795.20351130286,500,False,0.10234287520732105,False,0.008091577549912484,0.5481910705566406
1378000,775.212481051801,500,False,0.04611664245285675,True,0.008074438109130923,0.4553043842315674
1378688,839.1956259298421,500,False,0.0574447080605046,True,0.007980372023074417,0.4349094033241272
1378736,764.4607255420664,500,False,0.11100034271248004,True,0.007764260788653701,0.6365430951118469
1381328,759.8727571765214,500,False,0.03546489639872543,True,0.0077581510778537794,0.4694089889526367
1381648,789.816599568705,500,False,0.020777003798881432,True,0.008080393034109708,0.4011062979698181
1381792,799.7042159337959,500,False,0.04362592143451869,True,0.008083913974490183,0.47069883346557617
1382592,848.0866772378816,500,False,0.03306367857526382,False,0.008120163236345668,0.6334255933761597
1383424,821.6788480045616,500,False,0.046499495279957455,False,0.008266328048436413,0.40689191222190857
1384208,819.1820676971432,500,False,0.02044603196336849,False,0.008345665291576999,0.47390902042388916
1384320,793.2575939017494,500,False,0.06919602421734745,True,0.008245681133454127,0.5231635570526123
1384496,805.9548219153896,500,False,0.06718176861879308,False,0.008269268859430303,0.45367613434791565
1384528,816.7693245613559,500,False,0.04337740596525151,True,0.008383793219968703,0.4428582787513733
1384896,822.2218855636094,500,False,0.039414765205835076,True,0.008390203835307622,0.43049681186676025
1385136,817.306398938383,500,False,0.05334553809260961,True,0.008284514266231906,0.40680062770843506
1385312,787.9329616428174,500,False,0.03673545038703678,True,0.008146949228532015,0.39419007301330566
1385456,851.7792930892612,500,False,0.04942002996601456,False,0.008076405958639014,0.4153726100921631
1386000,817.0685690819288,500,False,0.06709054971736692,True,0.008054282323748094,0.484891414642334
1386688,819.2155874645116,500,False,0.05816602273566182,True,0.00791176772808537,0.44536924362182617
1386736,814.618665217314,500,False,0.10631723768752238,True,0.007993291498105865,0.3819109797477722
1389328,867.0988924244322,500,False,0.029684167089165655,True,0.00796231825777161,0.38352930545806885
1389648,889.0242767376006,500,False,0.05161227242399982,True,0.008038930627160329,0.3929913640022278
1389792,817.687966382721,500,False,0.02447546168945345,True,0.008072944678425465,0.38727766275405884
1390592,846.1178542720392,500,False,0.010654373602640616,True,0.008126279733720059,0.4086097478866577
1391424,816.8874489236749,500,False,0.06175205160296632,True,0.008247888014618206,0.653529942035675
1392208,797.9185301500975,500,False,0.10380052598901192,True,0.00820932465099666,0.3507038950920105
1392320,868.2551379107879,500,False,0.06993744890414745,False,0.008059917163566478,0.4943239092826843
1392496,805.1761610263093,500,False,0.04108515814980694,True,0.008031336475274065,0.5129725933074951
1392528,817.0974548076393,500,False,0.04964228585530956,False,0.00791275720456796,0.534680962562561
1392896,845.6282595877658,500,False,0.040492601077263865,True,0.00789959678396211,0.4953710436820984
1393136,779.1326198684582,500,False,0.06256736388550066,True,0.007871785602079656,0.4624967575073242
1393312,811.5552769622957,500,False,0.05988487952310131,True,0.007889231674013541,0.3705703616142273
1393456,815.3221826465524,500,False,0.09015980536445634,True,0.007857682018657993,0.46629637479782104
1394000,773.8696619866004,500,False,0.036739103197084316,True,0.007899002449706644,0.47403135895729065
1394688,818.123512703978,500,False,0.08764570500428608,True,0.007853393909540379,0.4683521091938019
1394736,795.6694155933402,500,False,0.039107422326128106,True,0.007938099666896676,0.4554118514060974
1397328,787.9789545571386,500,False,0.034630573029548806,True,0.007906997897155106,0.5189441442489624
1397648,795.5296963863158,500,False,0.07821260484913065,True,0.007803715735398214,0.4695228338241577
1397792,773.2139640191817,500,False,0.07672595272189509,True,0.007798774509336162,0.4005390405654907
1398592,849.8868047952719,500,False,0.047296558837225944,True,0.007816511925461895,0.4962647557258606
1399424,790.9691721931889,500,False,0.024192113534039793,True,0.007882084276905012,0.4006923735141754
1400208,845.945215975502,500,False,0.03685420826899637,True,0.008077811515472832,0.4165366291999817
1400320,837.2272374567539,500,False,0.07653456961501622,True,0.00800716707442509,0.47726917266845703
1400496,841.6206884834831,500,False,0.05984286462207598,True,0.007982045689980006,0.4611622393131256
1400528,792.9602077307064,500,False,0.04746606970197431,True,0.007921179673385344,0.41994914412498474
1400896,821.4817465422657,500,False,0.0580806766386508,True,0.00790832041285216,0.4668704569339752
1401136,774.613745321047,500,False,0.057202670376210726,False,0.007825126910403272,0.45930469036102295
1401312,804.2463689521072,500,False,0.07444053451442284,True,0.007771746217958794,0.48771941661834717
1401456,808.1768438746668,500,False,0.06650292783919448,True,0.007753381871599901,0.5133154392242432
1402000,841.7855317367543,500,False,0.03176631948312953,True,0.007795982185155998,0.521240770816803
1402688,878.5188577755972,500,False,0.06677819349189588,True,0.007757081028608237,0.5815473794937134
1402736,763.9574297988873,500,False,0.08173947263937259,False,0.00798281398385609,0.43783122301101685
1405328,835.7799510337971,500,False,0.055239499753891835,True,0.008006748145043803,0.43343812227249146
1405648,775.1717962663108,500,False,0.13661861144706353,True,0.008015139583418682,0.5238891839981079
1405792,876.7316958653001,500,False,0.05617991490762113,True,0.008009841072853874,0.4792793393135071
1406592,771.9708095349368,500,False,0.07990824794204421,True,0.008001591059136231,0.4850449562072754
1407424,828.1575080057812,500,False,0.045298063527704074,True,0.008038187893837867,0.46557337045669556
1408208,772.9588133726929,500,False,0.03597480954122074,True,0.008051211087110743,0.4497777223587036
1408320,759.4286990388454,500,False,0.03496766021197448,True,0.00796027942542169,0.4981260895729065
1408496,812.8780155012477,500,False,0.04245563325347278,True,0.007883065431127536,0.41872960329055786
1408528,830.9221330293085,500,False,0.0235550147873338,False,0.007780016677722134,0.5581163167953491
1408896,810.4618130684912,500,False,0.04115575496313417,True,0.007763667097802144,0.4297862648963928
1409136,805.0152790675587,500,False,0.06540049459677923,True,0.007606440698739383,0.552399754524231
1409312,830.7837924039206,500,False,0.02648312010379033,True,0.007675079395185137,0.3883361220359802
1409456,785.9912088368216,500,False,0.04921100834813967,False,0.007785314278249673,0.5263724327087402
1410000,864.8998641763424,500,False,0.029716756185034245,False,0.007893505728962868,0.44507288932800293
1410688,799.3788940881373,500,False,0.09297453951925537,True,0.007770725003896966,0.4447776675224304
1410736,772.6076462750782,500,False,0.022441035652022018,True,0.007753562346200372,0.4716002941131592
1413328,845.9393598674895,500,False,0.12872683231106188,True,0.00775115166581731,0.38837921619415283
1413648,870.2108732893188,500,False,0.05661343906014968,True,0.007863074809868838,0.48918062448501587
1413792,792.7415150721861,500,False,0.0713339498095706,False,0.00793869117512458,0.5423850417137146
1414592,816.1148756782172,500,False,0.07575083968155136,True,0.007922133848852913,0.4373820722103119
1415424,811.2201795365743,500,False,0.07988196890913508,False,0.007834083208116509,0.4369063079357147
1416208,800.6496570688763,500,False,0.06352129241674181,False,0.007989071143267195,0.38669219613075256
1416320,797.0300334481975,500,False,0.06274926747009554,True,0.00793056310916472,0.36851203441619873
1416496,804.320365958129,500,False,0.053512848466622506,True,0.007930205602022873,0.5365146398544312
1416528,827.0146936613968,500,False,0.023440969579027214,True,0.007886517594387858,0.48513758182525635
1416896,833.4591023811929,500,False,0.05626354793396299,True,0.007885224533580018,0.5239462852478027
1417136,745.5071391347584,500,False,0.07635295621739623,True,0.007930030654631595,0.5650935173034668
1417312,816.5663610669762,500,False,0.013588855412132223,True,0.007831339017872122,0.5241183638572693
1417456,833.8900846014011,500,False,0.09119263970560415,True,0.0077289679339133275,0.4771231412887573
1418000,823.5354730553308,500,False,0.03778113364279891,False,0.007663049301460562,0.4001055955886841
1418688,815.3584248410458,500,False,0.045857545478988855,True,0.007933514739014384,0.30276215076446533
1418736,801.1666823598241,500,False,0.027046314762861928,True,0.007905997772671985,0.4900623559951782
1421328,795.9741501476736,500,False,0.05345302284220497,True,0.00792067955237736,0.40606313943862915
1421648,772.2563044038094,500,False,0.05595092237548552,True,0.007831540956889083,0.4986947178840637
1421792,775.3589039074203,500,False,0.03410702206559448,True,0.007653312616063156,0.4503680467605591
1422592,896.433822166095,500,False,0.05304208380941981,False,0.007671545032932901,0.3955850899219513
1423424,820.3744695820413,500,False,0.026543743389653006,True,0.007857140291397268,0.43643197417259216
1424208,850.8476254180771,500,False,0.044120334739809024,True,0.00781379455702807,0.439853310585022
1424320,819.1690607328067,500,False,0.02631514476286304,True,0.007656592099089843,0.47316205501556396
1424496,826.4680417643572,500,False,0.044525335497640865,False,0.007645639631714556,0.43319082260131836
1424528,827.0667422155118,500,False,0.025763680542438164,False,0.0076708347081250565,0.45942363142967224
1424896,818.7238960007594,500,False,0.05941382406157032,True,0.00767901514049165,0.4089812636375427
1425136,810.5058928083037,500,False,0.01745404990053449,True,0.00781939215099262,0.5518990755081177
1425312,872.1804356504833,500,False,0.012010131351090834,True,0.007800267552010058,0.6740083694458008
1425456,811.1724949945672,500,False,0.06071446728444733,False,0.00779989593987291,0.394326388835907
1426000,826.1519334905602,500,False,0.05536679572770157,True,0.0077552403339602605,0.34760719537734985
1426688,808.5835262459354,500,False,0.08233723485918121,True,0.007902695137346516,0.5004370808601379
1426736,851.9968906721823,500,False,0.01442529659844176,False,0.007917364010526897,0.49165987968444824
1429328,860.7776478951838,500,False,0.0303263570265853,True,0.00789656187145219,0.7308803200721741
1429648,819.4182015544436,500,False,0.027251076079016976,True,0.00806037203459348,0.5080403089523315
1429792,845.9827057258411,500,False,0.025753183627974328,True,0.007975743288491488,0.4495942294597626
1430592,846.0371215764967,500,False,0.05583268356884263,False,0.008028012633377905,0.4573778510093689
1431424,861.5122912307264,500,False,0.014716200535165796,True,0.007981437830160443,0.4023812413215637
1432208,825.9472784632374,500,False,0.040318861521739045,True,0.007876056494929923,0.3864935636520386
1432320,833.7689896367281,500,False,0.02848776118907769,True,0.007721033821316976,0.4221983551979065
1432496,796.3645144350807,500,False,0.03575311700272701,False,0.007683305109681575,0.47188305854797363
1432528,851.771999187151,500,False,0.08457151924107591,True,0.007680982042722457,0.48191118240356445
1432896,807.6080241211286,500,False,0.050143644115016046,True,0.0076740692771169895,0.5551308393478394
1433136,804.5574993469872,500,False,0.048635166155155674,False,0.007529027560383285,0.42007678747177124
1433312,828.8522340152783,500,False,0.02879832626037841,True,0.007614237597367307,0.34271013736724854
1433456,846.0439672310276,500,False,0.017813439519771455,True,0.00767623040781867,0.5177645683288574
1434000,871.7401114799394,500,False,0.039229841531537205,False,0.007745312896626962,0.4905287027359009
1434688,842.3975274382043,500,False,0.03356026607202747,True,0.007853943995182485,0.4123006761074066
1434736,808.3011312025287,500,False,0.010747720866748888,True,0.008013526097310222,0.4443434178829193
1437328,809.8309394824776,500,False,0.09533914649929046,True,0.008018657736686011,0.4638563394546509
1437648,799.4304361176906,500,False,0.20726505735866335,True,0.00800246061764584,0.3496277332305908
1437792,793.0756371953166,500,False,0.05291108021109583,True,0.007886501519770212,0.5340814590454102
1438592,803.8947728294228,500,False,0.03686594746665062,False,0.007920753270987796,0.40745773911476135
1439424,841.3412659677514,500,False,0.07996071574215813,True,0.00783201264285646,0.3350238502025604
1440208,813.1158922552568,500,False,0.05016778457128224,True,0.007943269771125052,0.4337925314903259
1440320,829.6605564644648,500,False,0.05505787718620274,False,0.008009062140698617,0.3969951868057251
1440496,872.1588674126677,500,False,0.04959360149582117,True,0.008009604597932358,0.4519089460372925
1440528,762.0015868887791,500,False,0.15159077975636193,True,0.007886572464557453,0.447856605052948
1440896,848.4482260030754,500,False,0.0529932755502,True,0.007868077389565119,0.5487047433853149
1441136,886.8340861719167,500,False,0.07298699589321427,False,0.007852997651803893,0.43964582681655884
1441312,738.3863528612652,500,False,0.044936169399387785,True,0.007803461766947796,0.4295089840888977
1441456,745.4289964753601,500,False,0.14049321654142116,True,0.0077577096665774415,0.5863857269287109
1442000,711.0005150118621,500,False,0.12847252558556907,True,0.007750347795423789,0.3911880850791931
1442688,876.8539804587601,500,False,0.13436560697061392,False,0.007776603317837602,0.5638440847396851
1442736,803.0495654281683,500,False,0.027050204268348567,True,0.007746980610944492,0.452531099319458
1445328,827.3368182218351,500,False,0.06424868582652477,True,0.007739931732531013,0.5035701990127563
1445648,804.8310731692051,500,False,0.056711180491452115,True,0.007770740748788908,0.5760980844497681
1445792,847.4848990501944,500,False,0.024473557573880048,False,0.007776144984443702,0.4425545632839203
1446592,894.2706793539801,500,False,0.04526596127063648,True,0.007830539827087472,0.40974506735801697
1447424,799.0785188994366,500,False,0.06952625356863407,True,0.007732617525179574,0.38422882556915283
1448208,770.6527196599191,500,False,0.0790284036729616,False,0.007735901043165647,0.412700355052948
1448320,853.326759901132,500,False,0.08226163383558822,True,0.007831031328877528,0.8847231864929199
1448496,731.5082645279471,500,False,0.029931204232079178,True,0.007854145912677576,0.5155097246170044
1448528,739.5906980678176,500,False,0.0456167215426854,True,0.00787498580400345,0.41686925292015076
1448896,827.1924135949265,500,False,0.0596573876759889,False,0.0078832147929663,0.41506701707839966
1449136,758.418544701208,500,False,0.1258392589324943,True,0.007855329031642126,0.40658098459243774
1449312,749.3852997029268,500,False,0.08414804722259134,True,0.007937913173008905,0.501783013343811
1449456,773.0299812447487,500,False,0.051148551103479434,True,0.007873562728867658,0.3611209988594055
1450000,822.964523502391,500,False,0.05919148779582327,True,0.007855576195332644,0.4418218433856964
1450688,858.8197997550636,500,False,0.048995756583464986,True,0.008259706769908195,0.5886251926422119
1450736,791.6071846906424,500,False,0.0550344598790841,False,0.008440469744767445,0.4396508038043976
1453328,793.4907588596816,500,False,0.05990920737949179,True,0.00842965931343461,0.48007357120513916
1453648,793.3562608981688,500,False,0.08159716145895295,False,0.007970865944646369,0.5808227062225342
1453792,827.003286149415,500,False,0.05298183499083124,True,0.00794891011376681,0.5413749814033508
1454592,841.9256752682018,500,False,0.06900110507142672,True,0.00792095899811219,0.4280819296836853
1455424,808.7124009139742,500,False,0.0974721363767123,True,0.007907615105929099,0.373593270778656
1456208,867.5102883884579,500,False,0.04503449112853049,True,0.00805050039157897,0.45174500346183777
1456320,823.2226629297735,500,False,0.039584048783978296,True,0.008084496581676847,0.3401724696159363
1456496,846.2384639290442,500,False,0.036433361634956994,True,0.008123711973105395,0.43374061584472656
1456528,817.1115852049937,500,False,0.041266736959301116,True,0.008188008076470809,0.43892911076545715
1456896,861.3421688153767,500,False,0.024693144298079322,True,0.00818545723666269,0.43618708848953247
1457136,857.8225988543217,500,False,0.06303738345784501,True,0.008158312353047701,0.44249802827835083
1457312,815.8290730657596,500,False,0.06572454479445741,True,0.008194586354077485,0.44535186886787415
1457456,809.1984619860367,500,False,0.0654151136129991,True,0.008227784013661464,0.7255069613456726
1458000,819.6143028690775,500,False,0.04055062579277203,False,0.008305895018681498,0.3705933094024658
1458688,793.9486358508244,500,False,0.1430141610872998,True,0.008560903695313114,0.38031357526779175
1458736,817.1209222291093,500,False,0.09247248824975608,True,0.008480860500429581,0.48746258020401
1461328,803.5452668733454,500,False,0.06448632339388911,True,0.008478569474411168,0.39992859959602356
1461648,807.9413087406688,500,False,0.07513954748364594,True,0.008379963509794974,0.4600919485092163
1461792,806.9426962194698,500,False,0.05784895615692085,True,0.008534323413048113,0.40390685200691223
1462592,813.1118122970992,500,False,0.07215924055449591,True,0.008509735576820915,0.398592084646225
1463424,870.554808079486,500,False,0.03921768376660851,False,0.008572309804832083,0.4859076738357544
1464208,775.5531087574806,500,False,0.028785085495285145,True,0.008559427333825144,0.4938744306564331
1464320,800.3939504435094,500,False,0.04400731465505053,False,0.0083551412833985,0.48095834255218506
1464496,814.8943482217343,500,False,0.06674481287529341,True,0.008341203349294203,0.42818695306777954
1464528,808.8548646978574,500,False,0.04617232925513921,True,0.0083391212244396,0.39905601739883423
1464896,824.2823957062499,500,False,0.020548035361100052,False,0.008325417115450368,0.44383785128593445
1465136,830.1198799314254,500,False,0.02751469074563592,True,0.008287356950595275,0.4092296361923218
1465312,856.5660331539709,500,False,0.021186532188560165,True,0.00836071886487603,0.47902628779411316
1465456,850.4479110616221,500,False,0.028164436290980838,False,0.008288778822367941,0.39930322766304016
1466000,829.8589179860248,500,False,0.0365497735803523,True,0.008217101678038609,0.38355088233947754
1466688,850.5593225000189,500,False,0.08344775585961633,True,0.00818734739396358,0.462436318397522
1466736,881.4127385777151,500,False,0.08803472386913902,True,0.008449711553951411,0.4172990620136261
1469328,776.375634854908,500,False,0.12195601518851419,False,0.008415666344205541,0.5140489339828491
1469648,813.2887589184791,500,False,0.16767464914610583,True,0.008665765656761942,0.42317700386047363
1469792,813.5470118189494,500,False,0.0265953466482773,True,0.00862738948944474,0.4676823616027832
1470592,780.3432116538571,500,False,0.1256140096510585,True,0.00860013288506208,0.4876013994216919
1471424,820.477089576612,500,False,0.04311895713093565,False,0.008566699569092435,0.4057804346084595
1472208,761.5192170364348,500,False,0.04097030812684287,False,0.008556073652406328,0.43337494134902954
1472320,844.1910517988458,500,False,0.0864953268774453,True,0.008666893750989627,0.486308753490448
1472496,827.2046660858164,500,False,0.056763942416401716,False,0.008684325951382757,0.44914180040359497
1472528,780.4187348937983,500,False,0.09643596538558867,False,0.008680731186709215,0.4281320869922638
1472896,815.2350895201769,500,False,0.04662563679230241,True,0.008681067015332295,0.46896129846572876
1473136,766.6569056291274,500,False,0.12279289068442305,True,0.008444430618526132,0.6330510973930359
1473312,832.2204899949568,500,False,0.05286925525396511,True,0.00844039557606355,0.4119483232498169
1473456,734.9818793580089,500,False,0.030757787004143364,True,0.008401863849061856,0.42932695150375366
1474000,710.7553814466627,500,False,0.10974673988738058,True,0.00827314084374821,0.3989059329032898
1474688,762.2585352609856,500,False,0.23226138455772594,True,0.008312827193663502,0.4778480529785156
1474736,696.2449104239846,500,False,0.3246024473997087,True,0.008429406911377382,0.4093242883682251
1477328,741.2992018341021,500,False,0.058483864344674584,True,0.00843188096588865,0.3276084363460541
1477648,775.8669897163036,500,False,0.03353093207419937,True,0.008365829178437954,0.43345022201538086
1477792,820.8870424748357,500,False,0.06822424546661778,False,0.008251470195541682,0.7681152820587158
1478592,779.2830800189105,500,False,0.10247212425229744,True,0.00819344862392756,0.44963571429252625
1479424,780.2829682406301,500,False,0.07332442089493728,True,0.008067706693685006,0.4952705502510071
1480208,810.3886427831987,500,False,0.061022947828690235,True,0.008014047684463082,0.5393165349960327
1480320,819.4712546506557,500,False,0.042287235672513655,False,0.007830048764969687,0.43757086992263794
1480496,840.0098296336624,500,False,0.04873883579678844,False,0.00782669707531115,0.46351179480552673
1480528,873.3859848415094,500,False,0.029270291642141802,True,0.007805615098302391,0.471739262342453
1480896,839.1071961001667,500,False,0.035151583250176206,False,0.007822818224002246,0.5096793174743652
1481136,822.1765573318147,500,False,0.027315025811073597,True,0.007957967395171678,0.3744382858276367
1481312,835.409830541713,500,False,0.05779483574300523,False,0.007929799848476539,0.4786396026611328
1481456,768.8852665653756,500,False,0.0720518179513563,True,0.008028487187823473,0.4623475670814514
1482000,784.203175612081,500,False,0.03269234229921095,False,0.008095279512433315,0.5367037057876587
1482688,827.7642366579832,500,False,0.05977724991926017,True,0.008024953435787902,0.44014135003089905
1482736,781.8135580192904,500,False,0.1405222704029749,True,0.008477622583852717,0.4775204062461853
1485328,793.1623714512795,500,False,0.06341257694950135,True,0.008513805081013518,0.38044607639312744
1485648,796.4148552298813,500,False,0.05246833331655895,True,0.008516595774107663,0.46740877628326416
1485792,757.7755853171045,500,False,0.17715408561071216,True,0.008576465869459099,0.44841268658638
1486592,857.9550518089486,500,False,0.07053577540867796,True,0.008661806882014955,0.43312183022499084
1487424,809.8769361867506,500,False,0.02721700401349525,True,0.008824038625984866,0.5044206380844116
1488208,849.9421974934128,500,False,0.04682038712048912,False,0.008714668482716988,0.41415226459503174
1488320,665.7943806787754,500,False,0.1800541385641256,True,0.008420817345717396,0.41319572925567627
1488496,835.1726773022767,500,False,0.10300728063477979,False,0.008405463153068622,0.46674445271492004
1488528,761.0946872005582,500,False,0.06719064114003578,True,0.008461412931687324,0.4080716371536255
1488896,805.1301700500403,500,False,0.057809053370063375,True,0.008475684094067772,0.43530037999153137
1489136,823.8662965207754,500,False,0.06770521830920577,False,0.008515095872049105,0.3808639347553253
1489312,776.6749912988589,500,False,0.05122355851236787,True,0.008760945610372658,0.39821091294288635
1489456,830.8174683345788,500,False,0.06478723422124787,True,0.008760012482970527,0.41100549697875977
1490000,855.6519529861665,500,False,0.09573036101838638,True,0.008858515481390512,0.3826707601547241
1490688,842.3896616683451,500,False,0.05187165814730439,True,0.009158692155883668,0.48758721351623535
1490736,860.1782205418685,500,False,0.0452715924396125,True,0.009062812812945468,0.3539177179336548
1493328,837.7108317681234,500,False,0.04774361750058394,True,0.009070573127939298,0.43690478801727295
1493648,808.6129010224828,500,False,0.04105823435200531,False,0.00845629786419865,0.43242502212524414
1493792,800.4947094962583,500,False,0.04870598619936653,True,0.008534795259006139,0.4956068694591522
1494592,789.138334053798,500,False,0.01617276423159999,True,0.00861197294831538,0.5111624002456665
1495424,867.4971404458121,500,False,0.0484963594151521,True,0.008930735904421776,0.3769955635070801
1496208,811.694821188823,500,False,0.04037028974939618,True,0.008682899832257838,0.4168606996536255
1496320,814.1499582812766,500,False,0.07577607301519088,True,0.008794630650116597,0.37821948528289795
1496496,807.6277947032747,500,False,0.07691370110150277,False,0.008741632483249578,0.5455245971679688
1496528,820.1168214815652,500,False,0.044947893718552755,True,0.008702673815843229,0.3723096251487732
1496896,820.6832757146481,500,False,0.062286120562241795,False,0.008676477327504395,0.3726605772972107
1497136,806.6097396368132,500,False,0.0956637042812176,True,0.008502919164987957,0.5384188890457153
1497312,791.4593637207128,500,False,0.08570688777116689,True,0.008520832985102238,0.4062210023403168
1497456,800.7508809189686,500,False,0.0700014601121776,True,0.008537567203369074,0.3409641683101654
1498000,826.2005665738245,500,False,0.11462655927718425,True,0.008565320838719508,0.3953867554664612
1498688,784.5249817892866,500,False,0.11686972219779444,True,0.00845339623242558,0.4540008008480072
1498736,778.2715471847471,500,False,0.04980860167772984,True,0.00836523105634587,0.3731878399848938
