step,return,length,crashed,final_dist,had_event,alpha,loss_q
1008,3.277361206403775,63,True,1.8364350755362049,False,,
1136,-3.432684230302634,71,True,6.003676276391074,False,,
1168,-1.8793156842624654,73,True,6.146232958673232,False,,
1264,26.01319698693529,79,True,6.037503844860518,False,,
1280,13.874944397220043,80,True,1.9743938261705396,False,,
1392,4.558969203777805,87,True,6.125193305628146,False,,
1408,-3.5848150462989388,88,True,6.060047725415839,False,,
1472,4.030305688260835,92,True,6.054692957912833,False,,
1616,7.441410692299556,101,True,6.2032094553195725,False,,
1632,-1.0000834721174758,102,True,6.0437218309487895,False,,
1696,12.82905493744566,106,True,6.087662478172509,False,,
1712,5.648644791976885,107,True,6.0002486118467715,False,,
1712,64.08549965711026,107,True,4.302563243697257,False,,
1776,32.88426384825748,111,True,6.160818965203621,False,,
1936,4.792966231596052,121,True,6.075882294179521,False,,
2112,-2.664399894629163,59,True,6.123101253794651,False,,
2128,32.315671327372556,133,True,6.010345276534011,False,,
2176,9.826716267318414,48,True,2.625431143866154,False,,
2304,-14.930829557347447,64,True,6.116280233195081,False,,
2656,2.3499112941207407,74,True,5.802751416177247,False,,
2928,-1.3279541668898336,112,True,6.075952642342833,False,,
2960,14.341346160388543,122,True,6.042245404801458,False,,
2992,3.336949643566486,81,True,6.02393774391196,False,,
3008,16.54229287757041,87,True,6.178759262421429,False,,
3008,3.4073201966699234,101,True,5.6927108424168305,False,,
3056,3.491854722224666,112,True,6.02752078183751,False,,
3216,-0.15604572117191395,90,True,6.03427994995585,False,,
3216,8.791816697927175,94,True,6.108530406487425,False,,
3344,4.771391231420088,77,True,6.026326926407131,False,,
3424,1.3795561854562521,78,True,3.2275478235412423,False,,
3472,-26.043850416377964,110,True,6.116725448384298,False,,
3760,9.160259872951821,91,True,6.084071258831865,False,,
3776,20.745537938513255,134,True,6.025958615610429,True,,
3872,-4.696759074872713,76,True,6.088066963293665,False,,
3920,20.650291462377247,112,True,5.1565227528515685,False,,
4048,-3.0622097829662707,70,True,6.045377830091071,False,,
4112,-6.855260764628948,69,True,6.1264156578412505,False,,
4144,-2.484287447291198,74,True,5.0443030158317095,False,,
4160,2.4897177316070795,69,True,6.016057031452402,False,,
4240,17.43394533157567,144,True,0.800304009448636,False,,
4384,10.953156900433227,87,True,6.034989981188855,False,,
4496,27.513605290971064,93,True,5.57196810408735,False,,
4528,-6.729336267192362,82,True,6.127867246222791,True,,
4560,-13.18475989061091,84,True,6.084560468405522,False,,
4608,3.7716002203794705,74,True,6.042938769348969,False,,
4880,-13.118796994726473,88,True,6.084474648875269,False,,
5152,9.786102027596714,113,True,6.091275549144423,False,,
5248,-5.3634935303565126,75,True,5.428420937363362,False,,
5424,5.880029228219751,80,True,6.052490949001646,False,,
5424,27.038783483255116,103,True,6.057983048223094,False,,
5472,4.404394497163581,68,True,3.538757577847282,False,,
5488,1.1642252064102205,78,True,6.094120565390318,False,,
5840,-14.080315120056714,77,True,6.143338519256029,False,,
5968,-3.6340963234605175,92,True,6.008008842424265,False,,
6000,-10.900784520965034,140,True,6.04110138363203,False,,
6048,10.45297578235358,133,True,6.025603249417753,False,,
6208,-2.715729492551798,131,True,6.086764224935995,False,,
6272,1.7089259582081713,87,True,6.073299154565341,False,,
6480,41.8531456266003,145,True,6.035031715109872,False,,
6608,70.19831850942049,128,True,5.056082370442242,True,,
6640,27.479288426254815,132,True,6.08506115802647,False,,
6704,0.9434260714919187,80,True,4.526039578499149,False,,
6800,14.987849964123804,86,True,3.427941411619978,False,,
7040,21.62133104345713,198,True,6.014706005776029,False,,
7104,-6.779054412619844,101,True,6.049050702294988,False,,
7232,17.489034373754045,124,True,6.069581180038101,False,,
7280,4.10759614870469,67,True,6.093537371599263,False,,
7296,10.568031742633814,83,True,6.0535818482641375,False,,
7312,-11.633585085390958,115,True,6.067411008436235,False,,
7408,23.485194136922445,71,True,2.3813638786733318,False,,
7408,21.763943148992084,98,True,6.032064294459604,False,,
7472,56.076150318787285,145,True,6.055102316419993,False,,
7488,-11.416896579367886,93,True,6.018188915663615,False,,
7664,0.14525578586574994,101,True,6.093231416463957,False,,
7856,-13.783529332518704,78,True,6.004164484516629,False,,
7984,12.051803371612708,84,True,6.063389134969845,False,,
8032,-8.255866566446548,83,True,6.021298818693072,False,,
8096,19.97757744350429,101,True,6.08069767257888,False,,
8352,2.6991539214150446,97,True,6.128554309848244,False,,
8432,-15.295782232711126,64,True,6.057653606192305,False,,
8512,-2.639003021363834,77,True,6.171138606089571,False,,
8544,-2.7385518702273357,90,True,6.097918838722232,False,,
8576,0.036838718029686746,69,True,6.091298870002271,False,,
8576,2.9309891371029604,96,True,6.006704535606927,False,,
8592,7.200610002132109,81,True,6.135936778361268,False,,
8720,14.909044539157355,77,True,2.3837484680804826,False,,
8832,21.227099944404834,95,True,6.054972322491137,False,,
8880,6.609739538258237,76,True,6.102030963839163,False,,
9168,-3.9942526683624138,121,True,6.038005284602422,False,,
9296,1.7405345015115081,82,True,6.002269650185942,False,,
9488,12.922274137690707,102,True,6.078074970633483,False,,
9568,-11.107796604307163,71,True,6.036630037321722,False,,
9760,15.806594735483626,104,True,6.056553905575611,False,,
9808,8.82027632318458,150,True,6.163726656262683,False,,
9824,25.00527553610483,69,True,5.0176466013866685,False,,
10016,-9.67420044518959,89,True,6.014220238118565,False,,
10016,-8.32292963718253,71,True,6.008689873412221,False,,
10032,-10.012708938449373,95,True,6.100816637760809,False,0.19970021249153325,4.412823677062988
10112,-11.899674188227761,96,True,6.031910605184171,False,0.19946058945245232,0.6129884123802185
10208,-20.813404767507812,136,True,6.121393075495867,False,0.1982660373550884,2.0370752811431885
10288,20.95838923128923,109,True,3.096102902384004,False,0.19684294340807898,0.2523214519023895
10320,-15.528949900562939,123,True,4.4650430237652605,False,0.19566523098933006,1.9037911891937256
10448,0.28663015647513035,101,True,6.095705558581877,False,0.19519601265288947,1.753251314163208
10512,-4.212918190393636,84,True,6.176164460274359,False,0.19333078921611746,1.5891187191009521
10736,11.677476882651192,135,True,6.041773295353505,False,0.1924047799718438,2.4376449584960938
10896,4.919838371071913,88,True,6.005546550790938,False,0.18920409511551198,1.5477204322814941
10896,-6.795289899470108,83,True,6.070338796607687,False,0.18920409511551198,1.5477204322814941
10992,16.288506875645616,77,True,4.472796350460057,False,0.18695125401800383,0.9466701745986938
11232,0.045912842709078916,76,True,6.140406901802851,False,0.18561261319239286,1.6709284782409668
11296,17.107528332063584,80,True,6.1417992993166814,False,0.18231650396673496,1.4334466457366943
11344,-11.733932624240389,77,True,6.074471246883275,False,0.1814492547697645,2.7691729068756104
11408,22.031557117805598,75,True,6.131933963060326,False,0.18080112309697127,0.17425785958766937
11440,-5.583331453000909,134,True,6.050273081355107,False,0.17994085592341272,3.9546263217926025
11456,-2.570632610598759,103,True,6.080572678975446,False,0.17951262702657772,1.5603728294372559
11552,-9.686099372102627,108,True,6.160211497167353,False,0.17929900674636184,0.1450958251953125
11648,-4.8376705519449406,83,True,6.1028058658856,False,0.17802276891951538,0.6603062152862549
11680,13.311149080299083,103,True,6.0323809321147,False,0.1767560382316769,2.4936490058898926
11808,0.1888495054324224,95,True,6.026789863709597,False,0.1763356773706053,0.6201971769332886
11824,-5.679519852787962,86,True,6.105944836716767,False,0.1746618070973114,2.8078346252441406
12128,3.3854825786297713,87,True,6.145220836219454,False,0.17445390542744374,2.4751884937286377
12384,11.222719905665793,93,True,4.69390537560603,False,0.17055303484867718,2.0174081325531006
12512,11.266026236484548,95,True,6.070957105388408,False,0.16733255253999094,2.128110408782959
12560,-8.336809841432261,72,True,5.995056611983249,False,0.16575154673974035,0.6171091794967651
12784,10.304451652346824,118,True,6.06775056200897,True,0.16516217199004213,1.948459506034851
12784,-0.731073387784809,83,True,6.0648720391762465,False,0.16516217199004213,1.948459506034851
12816,21.561574542696178,79,True,6.105420992689267,False,0.16244431353370217,0.46362027525901794
12864,-12.635684209576395,66,True,6.122226107916291,False,0.1620585672523672,1.209521770477295
12864,26.814560562438576,147,True,6.065124891020363,False,0.1620585672523672,1.209521770477295
12880,-10.936853111509876,96,True,6.009082006948882,False,0.16148061599807823,1.0654675960540771
12976,0.5357376942809164,105,True,6.027204906136052,False,0.16128891177310745,0.9336422681808472
13040,36.100222293812905,113,True,6.011298405194933,False,0.16014621881228563,0.5616812705993652
13232,19.196507615854728,112,True,6.063339708529697,False,0.1593885093208511,1.0756810903549194
13344,7.866345898223964,104,True,6.022560127205576,False,0.15713938144133122,2.6905226707458496
13344,-15.760881721422036,106,True,6.089936102008687,False,0.15713938144133122,2.6905226707458496
13376,-9.14217286045888,78,True,6.009499381587556,False,0.1558472171373592,1.2386000156402588
13568,14.60823543661978,109,True,6.046611020662534,False,0.15547981574752037,1.0065678358078003
13696,-5.392223123740846,82,True,6.006103063229203,False,0.15329405979739233,0.6315329074859619
13776,-4.018418379950462,76,True,6.007701117009039,False,0.15185086658248917,1.2606632709503174
13808,-14.107140806324972,81,True,6.061529675042275,False,0.1509618191311513,0.5531631708145142
13872,-15.3154528817333,62,True,6.071741772416822,False,0.15060738141214933,0.5113003849983215
13920,-6.719712718430875,71,True,6.073084505766891,False,0.14989674923006788,0.8728010654449463
14032,-0.8905563105976295,78,True,6.161937902629347,False,0.1493657157255041,1.4805583953857422
14160,0.12590674450127004,84,True,6.075245897826705,False,0.14814900165807685,1.1167654991149902
14192,-7.2750766457351,83,True,6.098204489295033,False,0.14675699385560023,0.41128009557724
14240,-8.6096575867623,75,True,6.119660922279374,False,0.14641013255730273,1.1301922798156738
14400,6.173884087333898,73,True,4.069970603758955,False,0.1458954568679854,1.3287885189056396
14512,19.57894087219892,103,True,6.15654254753744,True,0.14419447072849637,0.3924235701560974
14768,-6.9792046991759324,89,True,6.088246998537444,False,0.14302033814740658,0.5483087301254272
14816,16.975755151848453,56,True,2.4491310412026674,False,0.14035607054956317,1.220819354057312
14816,-13.244770286099161,78,True,6.0412807004631,False,0.14035607054956317,1.220819354057312
14880,13.468453963711461,119,True,6.041242136174383,False,0.13986225697819313,1.3766751289367676
15072,-1.9686219324825505,79,True,6.140987481746605,False,0.13920755885918104,0.8842240571975708
15136,-12.21842519966805,79,True,6.112007720359421,False,0.13725949300773652,0.6016190052032471
15184,48.426566124693366,88,True,4.280275762680214,False,0.13661973030807065,0.18815435469150543
15376,17.84987175613389,127,True,6.044214768934108,False,0.13613904595970747,0.9278178215026855
15440,27.018514648914604,109,True,6.026130749652313,False,0.13423601048903988,0.5579400658607483
15504,15.4985903715535,82,True,5.387446460182212,False,0.13360665679101763,0.16135165095329285
15616,-6.147263021375012,53,True,4.930397857826798,False,0.13298153691788317,0.671593427658081
15632,-8.40571499686132,77,True,6.012350125072364,False,0.1318947520321424,0.5613600611686707
15632,35.121656041129846,87,True,6.022250411598642,False,0.1318947520321424,0.5613600611686707
15792,12.035970781003503,102,True,6.018147260280017,False,0.13174036193142508,0.3439106047153473
15968,6.780657268640271,72,True,4.928585658396771,False,0.13020719299780734,0.49611562490463257
16048,18.00199675084454,96,True,6.077078005729208,False,0.12854251602436564,0.18586960434913635
16112,35.68867369516864,171,True,6.026953960343711,False,0.1277928368826454,0.24424129724502563
16224,11.45032705247897,137,True,6.016359052719133,True,0.1271967526519685,1.4603328704833984
16336,12.47893706974808,60,True,4.298627038870404,False,0.1261598088134384,0.7267706990242004
16352,-9.205968831513694,96,True,6.060093728748171,False,0.12513658013532417,0.306188702583313
16400,9.805399363928345,48,True,2.2975692521580107,False,0.12499080100166889,0.21906958520412445
16656,2.2873773019052166,111,True,6.1291579141484585,True,0.12455284534723916,0.5669302940368652
16672,22.71196566077436,93,True,6.060192934076083,True,0.12224744939473967,0.4189484715461731
16816,16.594402233436526,105,True,6.06728639005047,False,0.12210655136983427,0.28811725974082947
16848,28.555032203120724,111,True,6.026332486408591,False,0.12083781259497255,0.9582356810569763
16928,13.538626159312486,89,True,6.010477497314309,False,0.12055769882968505,0.36031851172447205
17072,27.766296810104315,80,True,6.05760994744867,False,0.11985701873870555,0.5661998987197876
17168,13.137794541327578,96,True,6.159104770195255,False,0.11861351220193955,0.17510412633419037
17200,11.82069342629824,99,True,4.411128964681164,False,0.11778911025627418,0.3560296893119812
17296,5.263651592560771,83,True,6.110067501169626,False,0.1175170850291679,1.0976955890655518
17296,2.3393127570774244,56,True,4.0703083976725,False,0.1175170850291679,1.0976955890655518
17552,-1.8885408237520949,90,True,6.054367282626384,False,0.11670054638882064,0.28493648767471313
17696,0.0030976667385793633,84,True,6.142145218244365,False,0.11456275285012597,0.4255618751049042
17712,-10.082363514263998,86,True,6.007759217657677,False,0.11338112354996599,0.16466949880123138
18048,12.564219921271558,77,True,6.075510667920567,False,0.1132500684649723,0.19213171303272247
18080,4.738492492378569,49,True,2.863950644679826,False,0.11053728938144132,0.20301437377929688
18128,-3.7347623979413784,119,True,6.0873518018554815,False,0.11028358061473019,0.33925437927246094
18144,8.685037498721968,131,True,6.030869762159767,False,0.10990008752332518,0.416962206363678
18272,6.888621411060532,100,True,6.009457682861665,False,0.10977227979406426,0.5758509635925293
18336,0.39147838083290054,105,True,6.044150409590606,False,0.10876078547945836,0.8468831777572632
18448,5.972900365547341,95,True,6.125868969600485,False,0.10825835318364749,0.17006815969944
18576,69.17505536756597,108,True,6.028903704310896,False,0.10738914731030363,1.1190688610076904
18608,-35.86901590054933,198,True,6.015345208346627,False,0.10639384668209813,0.1608572155237198
18640,2.621817247020724,92,True,6.101691454013918,False,0.10614715782472708,0.1980128437280655
18880,-4.942568876479541,74,True,6.166330364803588,False,0.10590088750502626,0.15826010704040527
18896,-1.4722334739985108,74,True,6.011976553550484,False,0.10407908297200953,0.28072279691696167
18912,0.7057991166962676,85,True,6.057744406646613,False,0.1039587884988308,0.7721116542816162
18992,2.0065996126344796,120,True,6.104062353703016,True,0.1038385860159854,0.20063278079032898
18992,44.01191240639193,112,True,6.019820421741126,False,0.1038385860159854,0.20063278079032898
19008,-17.551325804590043,107,True,6.024475367679997,False,0.10324057232905871,0.2780805230140686
19152,10.795792027312016,67,True,6.11333352896958,False,0.10312149650170169,0.20105832815170288
19184,-4.952490059064796,71,True,6.026915880079643,False,0.10204983128110293,0.3000465929508209
19472,-7.265413813930377,83,True,6.206530112564695,False,0.10181213141891209,0.30298733711242676
19936,7.820948608843702,100,True,6.012155231842203,False,0.09970653696053437,0.2399154007434845
19984,5.743612445202924,107,True,6.105961581611214,True,0.0964276507846507,0.35668790340423584
20000,-7.834211275379351,87,True,6.150484813026576,False,0.09609288237726635,0.1857398897409439
20016,24.892576467920822,90,True,3.870810440126249,False,0.095981144069765,0.21283301711082458
20032,-10.12749761523561,72,True,6.068900732418456,False,0.09586986930659236,0.1582314372062683
20048,0.5445754565153464,100,True,6.053639517459676,False,0.09575925041572754,0.1811898946762085
20096,3.2931542021386893,91,True,6.096377166932164,False,0.09564960186621241,0.16483724117279053
20336,-7.6344927413026245,84,True,6.027989961363486,False,0.09532204732389536,0.2863839864730835
20336,2.904332603249747,90,True,6.027570001957711,False,0.09532204732389536,0.2863839864730835
20352,-10.925074505323986,73,True,6.000525004124683,False,0.09368871170254148,0.1506216824054718
20480,-9.72200993522515,92,True,6.022501752825621,False,0.09358124851566396,0.15878340601921082
20752,17.86660359815972,100,True,6.059911642159873,False,0.09272438917620453,0.4208618998527527
20896,52.60110697430719,124,True,6.004619131007468,False,0.09093377472521955,0.21505725383758545
21088,-11.50098631587784,101,True,6.05765278653257,True,0.0899966983577087,0.1702573597431183
21312,94.92683527665523,199,True,3.0379568285104392,False,0.08876163007194893,0.2839262783527374
21600,20.71406858385447,97,True,3.9729483936503405,False,0.08733709425607719,0.7954849004745483
21776,25.90601534830136,105,True,4.516940830049757,False,0.08555404457432632,0.8408024311065674
21808,34.71841730273363,176,True,6.021758956032439,False,0.08448005619566822,0.20263557136058807
21888,0.6162729704246388,122,True,6.000499722378409,False,0.08428507208872464,0.17239108681678772
22112,-5.152211397864059,111,True,4.4113150872170115,False,0.08380213405138102,0.3202046751976013
22368,59.716978987450176,147,True,4.73053567608231,False,0.08245693118214896,0.15952202677726746
22384,24.485422517601826,147,True,6.0662998576974285,True,0.08095392827461043,0.9420789480209351
22704,24.782634385297932,148,True,6.091125824023549,True,0.08086092495913001,0.22375762462615967
22752,-0.8429115872631421,72,True,4.181967124521981,False,0.07901791705006864,0.23226124048233032
22832,14.153554085822751,64,True,3.014805604444581,False,0.07874570765738595,0.36204004287719727
22832,41.48057863032997,147,True,3.7952923939527854,False,0.07874570765738595,0.36204004287719727
22960,12.964661300839145,138,True,3.533624807797517,False,0.07829262130040456,0.5669782161712646
23008,24.32021918376859,70,True,1.1412890738412016,False,0.07758099127910463,0.7239516973495483
23104,24.837157043965856,195,True,6.100647957552251,False,0.07731525746034233,0.1395145058631897
23184,40.08780515818828,177,True,5.1615554390796,False,0.07678659783242996,0.20862285792827606
23264,27.070536675469995,122,True,6.014686540256734,True,0.07634625196429463,0.22144019603729248
23392,11.419626287321773,156,True,5.656012961093957,False,0.07591563641857305,0.14220699667930603
23600,14.988448094055805,157,True,6.093695576654234,False,0.07521898420545904,0.1764269769191742
23616,75.25582589608416,226,True,2.3669966793920287,False,0.07410168108135938,0.14793041348457336
23776,6.972641505791865,104,True,6.066177440761636,False,0.07401744101328125,0.18563638627529144
24144,33.86737226915183,110,True,3.8168210743254156,True,0.07317388516238164,1.622233271598816
24160,47.18926967257209,149,True,6.028673120952958,False,0.07126862532287458,0.7755486965179443
24960,27.313061700334053,133,True,3.2029971553141867,False,0.0711868091445501,0.1922559142112732
25040,-0.17743688998141138,127,True,6.033647887742587,False,0.0672300054538575,0.1740584671497345
25056,51.02935890664756,122,True,3.699342874402017,False,0.06684874728870975,0.3143959045410156
25280,22.22962893909377,126,True,3.8498786802551646,False,0.06677244287989535,0.24912843108177185
25408,19.361922144875955,139,True,6.0418649508589874,False,0.0657106615603921,0.15518175065517426
25648,-6.627795886058607,93,True,6.037272570734248,False,0.06511728384446383,0.2250397652387619
25888,46.040120746225284,220,True,2.53369792397707,False,0.06401718580816777,0.23837144672870636
26000,51.91291263822424,139,True,4.033365072809376,False,0.06293711852204636,0.15648111701011658
26048,38.37978162473719,153,True,5.551251573416212,True,0.062435760195432725,0.16962626576423645
26240,40.33474803165637,221,True,6.022266767070922,False,0.062223597914451236,0.38175541162490845
26304,42.68927325396062,168,True,4.68225588168829,False,0.061385663295459234,0.3143429160118103
26592,7.092352843414298,235,True,6.124995550427017,True,0.061105521518667084,0.4882911741733551
26656,43.45537101549072,86,True,1.9642266219465034,False,0.059874747664181105,0.17084163427352905
27424,92.38147110942772,205,True,3.0527679384682003,True,0.05960190725524885,0.22902150452136993
27520,39.14945255569111,258,True,6.0038335178211915,False,0.05645385595755909,0.17669972777366638
28240,65.08149258830178,200,True,3.2587325184744347,True,0.05607412770699342,0.3500560522079468
28336,39.883444889251315,211,True,6.045459106868593,False,0.05331309832695861,3.7722346782684326
28496,102.43802506332,178,True,3.9387833917530686,False,0.05295958547438052,0.1956632435321808
29136,44.350148651735395,203,True,3.532456653657049,True,0.0523689165687672,0.5378937125205994
29424,4.6486525535926475,58,True,2.5372561132029556,False,0.050087622859593964,0.17139741778373718
30672,230.55806528165678,482,True,6.070150610658059,True,0.04909521425200874,0.8455594182014465
30720,39.20795230297544,280,True,6.025703273407961,True,0.04506521512427738,0.1832665503025055
30752,337.51890183573863,500,False,0.8841102426656339,False,0.04491723993022304,0.3173043727874756
30992,138.59932664492015,223,True,4.147803261793401,True,0.04481957582096643,0.1929571032524109
31280,98.75555913963981,327,True,1.9234927196311205,True,0.04408351672429867,0.30011996626853943
31424,93.57748589359247,298,True,6.006484428430251,False,0.04322508747341239,0.29790499806404114
31984,181.40424650717796,279,True,2.1536758113404026,True,0.0428032831759923,0.6223161220550537
32752,166.00425092467043,282,True,4.789194651136619,True,0.04121318506695347,0.43787145614624023
33056,235.9803396780931,500,False,1.3501026331574675,True,0.03912054209944963,0.17725032567977905
33376,44.93686659621619,164,True,3.6037148217993984,False,0.03833268200255748,0.5363718271255493
33408,386.91699078849376,500,False,0.19440117172320706,False,0.037519300999578745,0.48705536127090454
34000,283.10291525292973,500,False,0.9772100208808596,True,0.037438326073497986,0.46873921155929565
34144,76.09648039894697,217,True,5.785971318122013,False,0.035989934093750904,0.21672698855400085
34304,312.1564613185254,500,False,0.41085900602483727,False,0.03564664451323934,0.26985615491867065
34592,315.1407137024773,500,False,1.7898254879251758,False,0.035273680616844834,0.18661876022815704
35392,37.14759718816778,275,True,6.068732614673082,False,0.03460733025751689,0.2861458361148834
36000,127.43934584628039,286,True,2.86938694037548,True,0.03285631214315206,0.5650070309638977
36336,177.43192648878772,500,False,1.8348928350054212,True,0.0315857112616269,0.7656500339508057
36880,22.797935869558813,143,True,6.034242499298877,True,0.030905576567405006,0.4031900465488434
37136,147.68777927047725,500,False,2.946481281954309,True,0.02982748143615992,0.3229445815086365
37424,174.3046369271505,500,False,1.193162242593152,True,0.02933523719923863,0.38815778493881226
38720,286.8217844650768,500,False,1.3803544583497551,False,0.02879677182020981,0.5228707790374756
38992,49.1222709772198,438,True,6.00433133887808,True,0.026503979454215627,0.31664496660232544
39280,363.5810448210555,500,False,0.4043370923438159,False,0.026058696771937208,3.5078277587890625
39312,30.897660486430034,245,True,2.221020237395892,False,0.025580634945826713,0.3915303349494934
39312,152.10308769036948,371,True,1.710889054609523,True,0.025580634945826713,0.3915303349494934
40656,180.7856661022522,475,True,6.073551254503488,True,0.025526989471955634,0.641249418258667
40752,266.86087752893746,500,False,1.113892585714473,True,0.02344082949231322,0.2349366843700409
41408,409.3844197777604,500,False,0.5003397354259168,True,0.023299033454830285,0.34928277134895325
42000,227.9864545111783,500,False,0.5175963288326895,True,0.022353519229108974,0.4109784960746765
42144,303.66744041359874,500,False,0.9959241379636107,True,0.02153810460914411,0.4472692608833313
42304,366.7428478498404,500,False,1.4564972248468917,True,0.02135115512200623,0.4436850845813751
44000,324.73665174501576,500,False,0.9005985115087122,True,0.021136244955206846,1.228745698928833
44336,294.53514706406224,500,False,1.9921920130542767,True,0.019063450385314734,0.38113105297088623
44880,286.5457792441823,500,False,3.020134775693107,True,0.01867855024905013,0.2569149434566498
45136,362.6499363367186,500,False,0.9289809896357331,False,0.018084544310273155,0.4351567029953003
45424,408.5806266461466,500,False,0.6199124941744547,True,0.017820163237446507,0.2681523561477661
46720,454.3348228483153,500,False,0.19739194190965156,True,0.017523304805079788,0.4022591710090637
46992,319.0161767432227,500,False,0.877425350454378,True,0.01627859748592479,0.32753342390060425
47280,317.037541025551,500,False,0.5670472094380931,True,0.016033698252158606,0.44538283348083496
47312,253.91186109241136,500,False,1.0116945875357726,True,0.015779499365717237,0.4033771753311157
47312,381.0548903578011,500,False,0.4016401488146622,True,0.015779499365717237,0.4033771753311157
48000,22.95763792841332,161,True,5.919119313345288,True,0.01575157134734238,0.41145506501197815
48240,342.0776365465827,427,True,3.2978098064772405,True,0.015177801095189816,0.411563515663147
48384,228.67904647121918,380,True,3.7603770441992532,True,0.014991321010421253,0.5365293025970459
48656,383.15486723343446,500,False,0.7156806981345041,False,0.01487703046552877,0.3381154239177704
48752,325.4104989637446,500,False,1.1421751178361017,True,0.014668690681393747,0.36429405212402344
50000,431.9028526119614,500,False,0.5103016735444024,True,0.014599936625958918,0.4472355246543884
50144,350.2053845652693,500,False,1.7832730783319162,True,0.013676539097427002,2.7303714752197266
52000,517.2459871338096,500,False,0.16721119218757566,True,0.01358987563159302,0.35223716497421265
52336,515.6108321386628,500,False,0.23706786139085775,False,0.012433357833185707,0.5755575895309448
52880,455.68848724613935,500,False,0.18483427988721407,True,0.012245025244394019,0.5260060429573059
53136,452.6969260442687,500,False,0.5472052267921688,False,0.011961555210653983,0.40095216035842896
54720,386.7942630948663,500,False,2.607554079286861,True,0.011832157819398541,0.547147274017334
54992,485.1989470285865,500,False,0.19263869599095063,False,0.011124088524529667,0.3904257118701935
55280,500.2568806177315,500,False,0.2930997625067621,False,0.011015171979278093,0.41773468255996704
55312,273.8556317391863,500,False,3.5919703726253465,True,0.01091625152920278,0.5523713827133179
55312,480.3857270068979,500,False,0.32936548882813876,False,0.01091625152920278,0.5523713827133179
56000,579.9594763472234,500,False,0.25864421043461855,False,0.010904921326490777,0.9087063074111938
56240,567.203630647461,500,False,0.22478753870085688,True,0.01067474820201863,0.5887609720230103
56384,526.5668728315434,500,False,0.20591010447166005,True,0.010592273464546465,0.40550532937049866
56656,563.9414371808492,500,False,0.09331540260597827,True,0.010547007812601041,0.3642432689666748
56752,598.3806056842461,500,False,0.08690858800509864,True,0.010475141261865639,0.7706789970397949
58000,544.0716132601294,500,False,0.2789257090485141,True,0.010447649251490871,0.48038798570632935
58144,556.1769900385468,500,False,0.19874891348667878,False,0.010251958104082368,0.4133758842945099
58336,445.34300055667893,396,True,2.6546188381648776,True,0.01022781395595051,0.48590466380119324
60336,575.9165788593904,500,False,0.21614666226076007,True,0.010212897237634177,0.43868887424468994
60880,504.26204339887136,500,False,0.7685542604909257,True,0.01016020527237038,0.4663667380809784
61136,674.7250254731923,500,False,0.17833261871260275,True,0.010219029052932949,0.49526768922805786
62720,750.0983580855684,500,False,0.2083156287235757,True,0.01025254061098301,0.41859346628189087
62992,431.1192307742421,500,False,1.8413112326393575,True,0.010397698119503503,2.0766143798828125
63280,488.1455092282022,500,False,2.8188910632624444,True,0.010421122514623215,0.7216066122055054
63312,679.856623507434,500,False,0.16631219579405623,True,0.010483451174609209,0.5348018407821655
63312,787.3912084542017,500,False,0.17933825490500882,False,0.010483451174609209,0.5348018407821655
64000,641.2552714803043,500,False,0.17206794024301128,True,0.01049210296663071,0.477743536233902
64240,631.4306134027609,500,False,0.21151263601653159,True,0.01053319767080058,0.4880325198173523
64384,708.228155160863,500,False,0.21848708363550465,False,0.010559922611936196,0.5513503551483154
64656,604.2274559526628,500,False,0.7203986125098868,True,0.010601750551680696,0.6086429357528687
64752,699.5604931941232,500,False,0.12955040063693837,True,0.01062400942578586,0.5461194515228271
66000,666.0937524397966,500,False,0.22064630397099022,False,0.010658180649998794,0.4186674952507019
66144,505.50403015418766,500,False,1.4847009278928929,True,0.010709090291653468,0.5270350575447083
66336,705.1744558693985,500,False,0.23305473516739822,True,0.01070255493708375,0.6808674335479736
68336,455.76141266104935,500,False,4.64231684549183,True,0.010709242174475542,0.5457671284675598
68880,601.1524376067323,500,False,0.30677299521649953,True,0.010775959727886034,0.6213240623474121
69136,634.6388199402907,500,False,0.13783681205634477,False,0.010775009353035945,0.4810679852962494
70704,524.3502560998494,462,True,2.971949723181878,True,0.010783508087550409,0.519514262676239
70720,637.6042548937112,500,False,0.19504129860433772,False,0.011024908632460962,0.5532088279724121
70992,520.163355015725,500,False,1.0389153197001026,True,0.011022191383444636,0.5936007499694824
71120,442.7815162044897,398,True,2.5579411223398822,True,0.01108656927625642,0.6501684784889221
71280,708.3553021547646,500,False,0.1905275040319773,True,0.011082757120979943,0.6693024039268494
71312,684.5238725514487,500,False,0.19768841729124145,True,0.011089406133930703,0.7365790605545044
72000,669.8459368183463,500,False,1.476847391461409,True,0.011096769036573013,0.5368046760559082
72240,621.2116573276264,500,False,0.08234647727222769,False,0.011204430920888731,0.6692384481430054
72384,664.0876887241919,500,False,0.09182812798955273,True,0.011251696574662547,0.5688438415527344
72656,767.5839080595836,500,False,0.14867590301711855,True,0.01126194154015638,0.7202510237693787
74000,689.1898286330105,500,False,0.12282327134265944,True,0.011309114181007171,0.5653605461120605
74144,720.1256162201454,500,False,0.13397644488276725,False,0.011539607116318806,0.5128253698348999
74336,754.516537000217,500,False,0.1351141628971617,False,0.011567397395325767,0.735474705696106
76336,595.8744847132496,500,False,1.7105689660888195,True,0.011571601015828189,0.761660099029541
76880,772.5688693292042,500,False,0.1292889102779694,True,0.011871988336578003,0.7803219556808472
77136,606.1793107107194,500,False,2.019228129577521,True,0.011966075187116,0.6497036218643188
78592,602.4936299068062,467,True,4.187615675512274,True,0.01195197943196276,0.6747503280639648
78704,756.6719955800947,500,False,0.20193176830083476,True,0.012041236891297899,0.9800653457641602
78720,732.2356720454155,500,False,0.1505259396475781,True,0.012001640025276024,0.7293680906295776
78992,706.8223739372092,500,False,0.04858272048070085,True,0.011994569058516338,0.784316897392273
79280,711.1350861653324,500,False,0.11942130073621376,False,0.012021137169769547,0.847787618637085
79312,778.088228854818,500,False,0.1512131739481186,True,0.012082601633777824,0.8120428323745728
79472,435.5901188934486,342,True,2.232002648653604,True,0.012078823878693822,1.8767094612121582
80000,646.7116602439208,500,False,0.1304217714043967,True,0.012082867538386066,0.8543744087219238
80032,104.7830282142589,197,True,4.485413551949807,True,0.012033080509277599,0.6733459234237671
80240,728.7065264501015,500,False,0.11330409117247914,True,0.012057342494406731,0.5988653302192688
80384,567.4360021317123,500,False,4.565110573808565,True,0.01211175868006369,0.8000991344451904
80656,623.5753703790754,500,False,0.09656263499661766,False,0.012143547744337927,1.068759799003601
82144,732.579723279069,500,False,0.14225165743780316,True,0.012085721292889238,0.7324202060699463
82336,724.8389384365793,500,False,0.14948716992467204,True,0.012240459439345678,0.7814011573791504
83744,304.9540141323176,322,True,3.5451151529807636,True,0.0122490076259496,0.8154988288879395
84336,739.672981696155,500,False,0.09821414889991768,True,0.012449593615383732,0.9266558289527893
85136,728.5963129805816,500,False,0.13446695602236594,False,0.01262752826057533,0.8535410165786743
86704,773.2263944459537,500,False,0.1294973816781533,False,0.012724294496259576,0.9150395393371582
86720,786.6572166406361,500,False,0.1679190871289593,True,0.012890845387638733,1.070382833480835
86992,800.0004913474753,500,False,0.13413589481783414,False,0.012902583195063766,0.9995312094688416
87280,788.531993230907,500,False,0.17687050670338006,False,0.012844762867615921,0.7762136459350586
87312,680.5763348090367,500,False,0.18377947429332117,False,0.012836290917816752,0.8819231986999512
87472,703.296716413417,500,False,0.1055357611045084,True,0.012840566920590456,0.83942711353302
88000,718.2530862226058,500,False,0.23568055107733743,True,0.012870382420580414,0.8895878195762634
88032,674.6794178679625,500,False,0.14803038908927696,False,0.012975903628853052,0.7970428466796875
88240,737.7821896503543,500,False,0.05659912341348726,True,0.012990749211706471,0.8883852958679199
88384,726.1642191502999,500,False,0.0835974878313659,True,0.013011804709222764,1.7069774866104126
88656,719.0609065871744,500,False,0.11494599646566124,True,0.013070761524661292,0.8285920023918152
90144,707.5099844990683,500,False,0.1255982858059313,True,0.01313367402751027,0.9106178879737854
90336,696.2086045530622,500,False,0.09575109040555088,True,0.013294894935603905,1.060560703277588
91744,659.5202051526655,500,False,0.21287412769897435,False,0.013288842951334154,1.1164538860321045
92336,739.7458439533591,500,False,0.0923682517955014,True,0.013325118916529132,1.054304838180542
93136,649.4257845265383,500,False,3.4358127608833056,True,0.013460627344649529,0.8720988035202026
94704,678.7210631675068,500,False,0.25173454749583857,True,0.013770547797137454,0.9878655672073364
94720,721.035231861457,500,False,0.19645790668431487,False,0.013960689888889908,1.0819790363311768
94992,782.7502653152872,500,False,0.13154728622493295,False,0.013970747553038634,0.9762899279594421
95136,421.69785800985386,405,True,2.0586404251998913,True,0.014090812347968261,0.9629448652267456
95280,753.6818430922323,500,False,0.11544130015786791,True,0.014147464308582363,1.0154926776885986
95312,798.1178681555888,500,False,0.10067742786436207,True,0.014160658625240739,1.189977765083313
95472,585.2518841072311,500,False,0.3586561381348297,True,0.014149560092208776,1.1028242111206055
96000,755.1660688045837,500,False,0.1829134496867302,True,0.014172484772348268,1.1871376037597656
96032,758.7264938754133,500,False,0.16125222602980416,True,0.014188411797640983,0.9919381141662598
96240,700.7985070901937,500,False,0.1870576031969427,False,0.014175063585943575,1.1759283542633057
96384,747.1523127185098,500,False,0.1459563928690963,True,0.014151102174799174,1.1937140226364136
97472,262.5086666101726,271,True,3.8302077731795117,True,0.014152260448170242,1.292305827140808
98144,736.6696355051042,500,False,0.14862902444616063,False,0.014251430463408094,1.2404983043670654
98224,148.2847023748745,202,True,3.0592370446604247,True,0.014472179856528794,0.8782479763031006
98336,765.6691075591251,500,False,0.03981773088351705,False,0.014481130704632141,1.1495440006256104
99744,705.7028882668083,500,False,0.28349829295811146,True,0.014489535694213176,1.0525553226470947
100336,793.7274610538881,500,False,0.06073654705874132,False,0.014300568694757966,0.9843688607215881
100784,224.40628631457392,332,True,4.063709625579736,True,0.014413959697944026,1.3720946311950684
102704,774.4662865473737,500,False,0.14711827477114406,False,0.014603344712401035,1.1912930011749268
102720,737.2721997922873,500,False,0.07495011632660466,True,0.014490498262781312,1.1930453777313232
103136,724.6525229850583,500,False,0.05584101308195301,False,0.014482355794042282,1.1968929767608643
103280,719.0048347196588,500,False,0.09338262705829185,True,0.014513784939792756,1.1991750001907349
103312,624.6524941132366,500,False,0.6199470107297163,True,0.014587093683946334,1.1320757865905762
104000,642.6151699179321,500,False,0.24962834555031013,True,0.014587162734819992,1.1252037286758423
104032,660.6716932166578,500,False,0.25323622955941516,True,0.014686831802367566,1.0018036365509033
104240,731.8712201418531,500,False,0.27533961007472096,True,0.014695174007855692,1.200514316558838
104384,736.9562937729198,500,False,0.1745140084543792,True,0.014730886586235864,1.2788796424865723
105472,749.8123286147876,500,False,0.10140216164970768,False,0.01483302349944654,1.2214806079864502
106144,740.6579551504988,500,False,0.13281327779322083,True,0.014939511097918369,1.176650047302246
106224,718.7089406820612,500,False,0.08879980262288267,True,0.015143008740772021,1.4113677740097046
106336,593.6786795352216,500,False,0.2695312207522695,True,0.015152307383229497,1.1294050216674805
107168,128.93046165013197,196,True,2.919741260176128,True,0.01512820503905029,1.302024006843567
107744,696.8206621872694,500,False,0.10698743806705925,True,0.015318873753982153,1.1995011568069458
108336,680.1873863519183,500,False,0.08655257151176614,False,0.015160829400848185,1.9597288370132446
108784,712.8550489475703,500,False,0.12742224912575645,False,0.015275281264605037,1.1601746082305908
110688,417.056509069485,326,True,1.8542453580395304,True,0.015350172873398725,1.0554969310760498
110704,760.7362215431835,500,False,0.1283794121444302,True,0.016045125737315903,1.4185576438903809
110720,708.05048226644,500,False,0.17338118376082362,True,0.016066703128005577,1.6729518175125122
111136,799.2277249691141,500,False,0.10575103598926158,False,0.016087154287663656,1.3930140733718872
111280,422.0458909311169,500,False,0.41050254078861453,True,0.01615573509473151,1.5242992639541626
111312,315.8211330782981,500,False,1.2013252584005096,True,0.016271049163118202,1.6941766738891602
112000,807.7001892475114,500,False,0.07406244298823102,False,0.016283956542818404,1.167201280593872
112240,754.7235652165372,500,False,0.042905448341961354,False,0.016380323841228655,1.443044662475586
112384,792.4306711992105,500,False,0.024430475602718892,False,0.016366765698040187,1.4428774118423462
113056,68.09991485577608,148,True,2.831531537327622,True,0.016362531437091495,1.192242980003357
113856,385.3107928251832,345,True,2.683836841565739,True,0.01646432523006799,1.7459020614624023
114144,786.9843248743764,500,False,0.08079320946400967,True,0.016422358194642824,1.2957227230072021
114224,738.9062967654328,500,False,0.13676564292540538,True,0.01636566704738522,1.2392487525939941
114336,706.2582426978058,500,False,0.06608816419119617,True,0.016373407783539635,1.498582363128662
115168,735.7866171635598,500,False,0.09571025886839366,False,0.01642986592241687,1.478986144065857
115744,841.9922898880945,500,False,0.09524964303337108,True,0.016601930128753214,1.2754828929901123
116784,821.0595099918945,500,False,0.09656790042558573,False,0.016458294795594724,1.1314373016357422
118704,767.4694594512094,500,False,0.04210604542299583,False,0.016889947508859898,1.0708023309707642
118720,761.3138589055355,500,False,0.1628251794501171,True,0.01712750253414257,1.08461332321167
119136,783.2649498127779,500,False,0.04342133785032543,True,0.017131690219924018,1.8625527620315552
119280,779.4839839129748,500,False,0.08872980613242679,False,0.01721066331398432,1.2927800416946411
119312,730.1498999743098,500,False,0.1009746090238642,True,0.01727654693128452,1.7749335765838623
119440,597.3724956094542,399,True,2.7641722203775,True,0.017262314465473865,1.4751956462860107
120000,742.416182233169,500,False,0.19933551682170011,True,0.017242181489236404,1.3717615604400635
120240,796.0860477241431,500,False,0.3605676080908961,True,0.017328542865435066,1.3673124313354492
120384,651.7459535636798,500,False,0.23366503803630653,True,0.017391356312737118,1.5054740905761719
121856,810.9482566081208,500,False,0.06961463703382623,True,0.017427354097614218,1.2253389358520508
122144,710.2891187832621,500,False,0.3683172140533897,True,0.017479872586677207,1.9287424087524414
122224,757.4052164380149,500,False,0.12557566903907277,True,0.017580206794862243,1.6497763395309448
122336,629.775196868189,500,False,0.23833541450180543,True,0.01756719159575042,1.0740978717803955
123168,561.0533462074083,500,False,0.7092339257093186,True,0.017564850347864785,1.4135746955871582
123744,816.1338117866305,500,False,0.2348229342255327,True,0.017488975970779447,1.418290615081787
124784,573.2068524208966,500,False,0.7743793478341672,True,0.017572972416338296,1.176533818244934
126704,511.1397509678611,500,False,2.5065414766401437,True,0.01768585375923048,2.0591578483581543
126720,663.52874522344,500,False,0.16450931900054622,True,0.018378205522684616,1.8448352813720703
127136,775.858138214823,500,False,0.05192664499128737,True,0.018380743581703978,2.2855770587921143
127280,791.6569080442624,500,False,0.08855877457862078,False,0.018594557243690996,1.956520676612854
127312,706.1127619849423,500,False,0.1856107336737955,True,0.018714441218829914,2.270735263824463
127440,735.9009855327732,500,False,0.13798538684688122,True,0.018709597871896678,2.063098907470703
128000,793.7679761586667,500,False,0.1216525596781182,True,0.01875105962493537,1.384561538696289
128048,665.1794048298626,479,True,3.806037316409202,True,0.01837673950074833,1.8528389930725098
128240,765.1747109866878,500,False,1.7587736412650095,True,0.018342390745437833,1.488632321357727
129856,727.0875712885052,500,False,0.09640250803309018,True,0.018374694403948705,1.7402526140213013
130144,773.1641901754749,500,False,0.10600116787059029,True,0.018607484897259618,1.4884706735610962
130224,600.6382102777907,500,False,0.2734286741924178,True,0.0186450862572069,1.7336170673370361
130336,863.7606781333898,500,False,0.09443843311042208,False,0.018646492691998136,1.5462931394577026
131168,755.5898246888015,500,False,0.15092227887066836,False,0.018657673524501987,1.6485621929168701
131744,669.7262146111667,500,False,0.1442140975338272,True,0.018606648660872888,1.3448057174682617
132352,427.26985655132347,353,True,2.8422194905441893,True,0.018860954541417257,1.4195152521133423
132784,769.8879007128423,500,False,0.14025489625652096,True,0.018826371771210177,1.6837010383605957
134016,608.985063573618,421,True,1.9180049326656041,True,0.018866242464687082,2.001357316970825
134720,723.8369561994032,500,False,0.19779867092753006,False,0.01852317492829355,1.609395146369934
134752,505.6780089587491,422,True,3.3427475544680716,True,0.018148716414144155,1.48335599899292
135136,720.7686505894103,500,False,0.2675032890680916,True,0.01815276946388439,1.9984760284423828
135312,687.3626109395765,500,False,0.1812458024998678,True,0.018072504329405426,1.5572830438613892
135440,733.8248414300036,500,False,0.34456231682069255,True,0.01822535449875655,1.5696284770965576
136048,780.1572861789482,500,False,0.1178579769372446,False,0.018182192578686734,1.472494125366211
136240,797.1983342857625,500,False,0.06805886360251998,False,0.018331185800084363,1.6955995559692383
136480,431.6788195603436,384,True,1.2484539996874007,True,0.01836312740780169,1.8539206981658936
136832,99.12944999243864,132,True,1.462759195412007,True,0.018495771423603705,1.8044158220291138
137856,614.291102870588,500,False,0.19772097339370018,False,0.018517091748168277,1.6587471961975098
138144,686.9153086773842,500,False,0.11612844540999517,True,0.01850476928471992,1.6155776977539062
138224,718.5809919776685,500,False,0.16544550859714044,True,0.01855330201159827,2.5906004905700684
139168,570.509326946699,500,False,0.257853958549604,True,0.018530488085031632,1.5767337083816528
139744,530.3061767747022,500,False,1.8001484490913593,True,0.018719349557519537,10.996089935302734
140352,753.3406344665824,500,False,0.08416569380114716,True,0.018830956012738723,1.6879643201828003
140704,418.21339818292387,291,True,1.7823806451570494,True,0.01910776494559572,1.4336111545562744
140784,626.4110625807141,500,False,0.33856482630094337,True,0.019236914077865784,1.401319980621338
140848,479.18045691051356,357,True,1.052645016282103,True,0.019209977624802695,1.9445312023162842
142016,709.4389202492526,500,False,0.278923739627793,True,0.019211498130901453,1.9136990308761597
142752,848.5088001918942,500,False,0.10144195721131492,False,0.019357359033782398,1.5986690521240234
142960,562.786216318362,405,True,1.2058169875263558,True,0.01906673711079393,1.7255778312683105
143312,654.803210534612,500,False,0.10091647872640379,True,0.018994404144115417,2.061938524246216
143440,726.4285232000802,500,False,0.1415419719231923,True,0.019062821588558928,1.6015825271606445
144240,704.1152030968561,500,False,0.0947744891033891,False,0.01908679242248553,1.5093337297439575
144832,696.3414860020638,500,False,0.15336181650423797,True,0.019102710742441034,2.409480571746826
145440,628.5483590235889,451,True,1.3048543842817728,True,0.019249440095762217,1.8429372310638428
145856,785.531883795998,500,False,0.16211705268641938,False,0.019368639484348877,1.4418764114379883
146144,764.9722039729367,500,False,0.48753424580851745,True,0.019426744044080183,1.6571052074432373
147168,805.3805683453164,500,False,0.10109453443712058,True,0.01964703698205174,1.6583225727081299
147744,591.8370439482172,500,False,1.5589175157689137,True,0.019425831176954476,1.6804053783416748
147936,311.80980880343924,281,True,1.1577849932003232,True,0.019237666534298876,2.8910179138183594
148352,585.9178290853499,500,False,0.699661093981561,True,0.01930074970116706,2.8282458782196045
148704,685.925641771236,500,False,1.2083192696031348,True,0.019206398495385385,1.8615083694458008
148784,715.7907448531978,500,False,0.17195225574746556,True,0.019157631962008995,2.4305038452148438
148848,657.7236472452238,500,False,0.07988935304812098,True,0.019241772557913817,1.5874896049499512
149760,20.690599290151866,88,True,1.77897989039165,False,0.019305484401150784,1.9101464748382568
150016,562.573125140701,500,False,0.22998539558185507,True,0.019250944346314268,2.319084644317627
150128,605.2219091456221,426,True,1.6695364448176868,True,0.019250944346314268,2.319084644317627
150752,501.25392960418867,500,False,0.4897349039168591,True,0.01922757944726172,2.342898368835449
150960,668.618841827178,500,False,1.315941038424389,True,0.01916950884696761,3.3667516708374023
152240,672.1955552563105,500,False,0.13418709218509914,False,0.019144863658943814,2.2785658836364746
152832,740.5559612703005,500,False,0.09364917681748243,False,0.01939747874856151,2.5867676734924316
153440,665.1178749525544,500,False,0.09299348152899406,True,0.019275214634978832,2.8463134765625
153856,703.6946452323192,500,False,0.06991070444141723,True,0.019111855861251012,1.707177758216858
154144,591.0398697874227,500,False,0.14274910238208785,False,0.01908842456659642,2.131641387939453
155168,604.9833104558306,500,False,0.2537977799654438,True,0.018983506970223767,1.9878027439117432
155744,651.6582100720393,500,False,0.14528352865083738,True,0.01914727224505061,1.6279654502868652
155936,670.0320619876811,500,False,0.36304804215257663,True,0.0193251702488525,2.3974621295928955
156704,550.3338244149159,500,False,0.19467259007658724,True,0.01935960906122207,2.150181531906128
156784,771.829570637416,500,False,0.13876641389047467,False,0.019867235476812264,2.4319710731506348
156848,679.403550566288,500,False,0.21153559586701742,True,0.01985937187617071,1.44649338722229
157632,546.9966638148882,417,True,1.1229375202821508,True,0.019835237494049453,4.299720764160156
157760,676.8201348668591,500,False,0.11311936618962479,True,0.019734780102487776,2.352485179901123
157792,319.38053167867963,310,True,1.4724378002013856,True,0.019750776372067128,2.834030866622925
158016,772.6791563058666,500,False,0.2429022014724507,True,0.01975156382343036,2.5865120887756348
158128,525.6436245626768,500,False,0.9537947337003695,True,0.019768964753288935,2.900240421295166
158752,519.829633329686,500,False,0.5592323161117073,True,0.01979260442649452,1.9449949264526367
160128,524.37752076959,392,True,2.876506637189337,True,0.019475773546235784,1.7659313678741455
160240,600.2751830540741,500,False,0.1595615998461031,True,0.019606898647132998,1.9039318561553955
161440,638.5436018417569,500,False,0.7956882387120119,True,0.01960909426290955,2.644266128540039
162144,722.5421513941745,500,False,0.15448940041533002,True,0.019860109985566657,1.6908540725708008
163168,366.4778823366697,500,False,0.879783904340777,True,0.01962518723205318,1.6553481817245483
163744,744.9713681076778,500,False,0.12509481104802,True,0.019491545729875905,4.429990768432617
163936,882.8660919982665,500,False,0.058570989103455574,False,0.019620043192520756,2.367835521697998
164704,789.2157681235274,500,False,0.053013910792392316,False,0.01953989043416545,2.076646566390991
164784,757.636330641383,500,False,0.37492397670936206,True,0.01974717629396005,2.014037609100342
164848,801.7635282157169,500,False,0.01990903581451617,False,0.019785728638532837,2.213183879852295
165632,649.8831559847889,500,False,0.2602232538066636,True,0.01980058101323943,2.707660675048828
165760,685.0148294330263,500,False,0.10504119064523595,False,0.01979587679696878,2.7764365673065186
165792,725.1860086453061,500,False,0.1031129004181044,True,0.019725838550268854,1.7541497945785522
166016,671.4605027246743,500,False,0.14725964380540008,True,0.019690948530483626,2.052215576171875
166128,500.35574234914907,500,False,1.019549583413572,True,0.019670908410892814,2.3931851387023926
166752,775.3103701278752,500,False,0.0701251555306216,True,0.019625158071190245,2.476430892944336
168096,277.0246700159358,272,True,1.4829929529187431,True,0.019578919157509676,1.6195497512817383
168128,641.9694261644177,500,False,1.2486969987350627,True,0.01999095127314323,1.7553380727767944
168240,766.4691353821349,500,False,0.10164278612815718,False,0.020004904553527016,1.864274501800537
169440,801.9849453195872,500,False,0.061969010590792614,True,0.019990665005941946,4.159578323364258
170144,688.3376763910292,500,False,0.15622613645881958,True,0.0202474893826462,1.6389341354370117
171168,776.3343605926785,500,False,0.054894344637747665,True,0.020340058708228987,1.9506611824035645
171936,681.55860278498,500,False,0.08297119729441357,True,0.02030608641783953,2.0096192359924316
172704,673.1630817981064,500,False,0.1332747429006847,True,0.020333244332935242,1.7896597385406494
172784,546.0723238879735,500,False,0.45635878771195976,True,0.020537354784419978,2.8524179458618164
172848,749.9954457180613,500,False,0.09197708670050847,True,0.020505194235333528,3.8367223739624023
172864,151.53068676239303,214,True,4.347280169093251,True,0.020544949622624886,3.375455856323242
173008,298.03013973572826,298,True,1.5497581558041749,True,0.020556344912616115,2.334479808807373
173632,794.6966039478472,500,False,0.07131995901931051,False,0.020634501009277786,3.2266578674316406
173760,812.0784135100793,500,False,0.12918872508427431,True,0.020489264840665163,1.883519172668457
173792,730.1337777187771,500,False,0.0779620219834285,True,0.020485636063997146,1.8194221258163452
174016,804.2473227719385,500,False,0.09042627883346649,True,0.02050623093883724,2.275702953338623
174128,830.8334082498454,500,False,0.07120781837931785,False,0.020531337070765904,3.928849697113037
174752,702.4453374817706,500,False,0.09540798096815903,True,0.020617533800783325,2.112391710281372
176096,701.9851747432541,500,False,0.17255864875140925,True,0.02078685822410557,2.543562889099121
176128,773.2088428695424,500,False,0.08356331177745427,False,0.02137135266733035,2.0520501136779785
176448,161.90988399630717,225,True,2.3159215702190363,True,0.021386788745982856,1.7874996662139893
176464,213.10389621283056,177,True,1.9753057218357324,True,0.02145762158178146,2.318169593811035
176512,145.36165412571438,219,True,3.214496771629071,True,0.021453817989787485,1.8467243909835815
178144,743.8807632752402,500,False,0.08076603821838954,False,0.02141985076043825,3.322709321975708
179168,829.8375332272358,500,False,0.09893956362628001,False,0.02103272798788475,2.0140202045440674
179936,660.3119794854465,500,False,0.34317012465955976,True,0.020803385452523124,2.381566047668457
180704,746.0247244249094,500,False,0.10469975769112247,True,0.020812976238902894,2.281942844390869
180784,795.3081166569707,500,False,0.08707411830058175,False,0.0210196355525758,2.513474941253662
180864,744.4501077764633,500,False,0.08879520425688396,True,0.021104088539827447,2.3160760402679443
181104,358.5922003023857,311,True,2.6827774771981017,True,0.021153611993524248,2.459672212600708
181216,626.7202637339632,466,True,1.8758720160855358,True,0.021225087597128038,19.937835693359375
181440,237.9829727533502,206,True,1.4407617430085387,True,0.02126345206494368,2.0829925537109375
181792,577.1512309950045,500,False,0.41147527141435625,True,0.021225397817907107,4.114377498626709
182016,752.2510819426641,500,False,0.09629983350279238,True,0.021245776535614203,3.1100306510925293
182128,761.3033218668069,500,False,0.0655038608589064,True,0.02132671011006484,2.9913549423217773
182752,701.13363897361,500,False,0.06446351240023102,True,0.02131608103455993,2.563223361968994
183344,494.29229471568476,431,True,1.9294847051748873,True,0.021380981239129983,2.656092643737793
184096,792.7867330462369,500,False,0.07189867887501071,False,0.02156513309833579,4.587339401245117
184464,709.9470423219013,500,False,0.31020506171201495,True,0.021746262055451892,2.2039589881896973
184512,799.5174378620795,500,False,0.03556355989849929,False,0.021845208924531897,2.078033208847046
187168,832.4520864652478,500,False,0.0766150879392326,False,0.021852416411747545,2.1381945610046387
187936,727.2397580421258,500,False,0.09211669066052357,True,0.02140652935836321,3.87260365486145
188704,744.0801253463251,500,False,0.13483422869578118,True,0.021041067197809262,3.1537089347839355
188784,436.82909266183106,500,False,0.9221319953403928,True,0.020886335909439273,3.0189709663391113
188864,711.9303973058632,500,False,0.12896431293295804,True,0.020845018590082278,2.706563949584961
189104,711.3178606279197,500,False,0.10186069192060612,False,0.020811045465642976,2.0370113849639893
189216,390.28238556274533,500,False,1.9995150116599552,True,0.020745519581382474,2.4754090309143066
189440,732.3423847941461,500,False,0.272375788796693,True,0.020719060396640735,2.1314680576324463
189792,532.2630683645453,500,False,3.188509244937362,True,0.020658450325818523,2.3662099838256836
190016,822.3795862279926,500,False,0.09582170972173744,True,0.020739513934633677,2.185633659362793
190128,820.9163037552277,500,False,0.11221455605455531,True,0.02088306872793995,3.69010591506958
190752,511.2255998763979,500,False,2.558632832663472,True,0.02083021527750419,3.8675498962402344
191216,194.8900274374686,205,True,2.916654828146325,True,0.020949740954971978,2.03844952583313
191344,624.1732688936567,500,False,0.11834950369786149,True,0.02067187905855402,3.0055453777313232
191568,91.78039916037707,147,True,1.6053455240811272,True,0.0207537436398833,2.769418716430664
192096,788.7514727543916,500,False,0.19212031756531947,True,0.020902522462140763,3.111262798309326
192464,733.4113857634991,500,False,0.06556968060773631,True,0.02086447160363936,26.421606063842773
192512,731.5100848489996,500,False,0.5701752060246906,True,0.020745156064805124,2.1890363693237305
193616,296.1298977397357,239,True,1.3336888550418344,True,0.02076859650953307,2.033517837524414
195168,636.7522826145913,500,False,0.8317052362300704,True,0.020917473217654185,2.8262574672698975
196704,602.3302736073604,500,False,0.5739616338661507,True,0.020971470870281134,2.326505422592163
196784,747.5365395269048,500,False,0.07309507522321877,True,0.020743850800519756,2.691466808319092
196864,790.8413724396999,500,False,0.01060663101545279,False,0.020699324647123485,2.546790599822998
197104,731.2989621598869,500,False,0.09939270996282674,False,0.02059100904319152,2.578383445739746
197440,818.8884030355212,500,False,0.03339834336927579,False,0.020545756042523095,3.654503345489502
198016,906.769248260268,500,False,0.05570168937381875,False,0.02053208418141415,2.090435028076172
198128,872.4404741578621,500,False,0.08297167697102463,True,0.020603835444467984,2.139657974243164
198752,716.8074503979285,500,False,0.08562920101539204,False,0.020671399100876224,2.4959256649017334
199216,774.7290797882544,500,False,0.21829173428211618,True,0.020616975785073648,2.9140191078186035
199344,804.216051859445,500,False,0.07689321880782647,True,0.020832262865386024,2.2113280296325684
199568,743.8084016744787,500,False,0.11028414824399811,True,0.020723527247030804,2.169358253479004
200096,828.0720507965056,500,False,0.11417913063963185,True,0.021074452044895983,2.103513240814209
200464,787.9240705528468,500,False,0.10962925112324255,False,0.02111792633948809,6.133011817932129
200512,686.8771192022456,500,False,0.2612945421286085,True,0.021009010582114792,1.824453592300415
201616,852.1910601632567,500,False,0.0723404952709441,False,0.02096725636531104,2.9434804916381836
202800,223.44806053063778,202,True,1.154250571897067,True,0.021026532799676013,4.635194778442383
203168,774.2090391034714,500,False,0.17041020753373587,False,0.0210362307791018,4.212245941162109
204704,620.9649443442169,500,False,0.2632561138659129,True,0.021082791516861276,5.004980087280273
204784,825.4115101710701,500,False,0.040650945450837445,False,0.02073710134175916,3.043900728225708
204864,723.7933491090953,500,False,0.15648645937608835,True,0.020721520712858398,2.466742753982544
205104,698.7333434580546,500,False,0.1792102573814696,False,0.020686435183277202,3.0342602729797363
205440,725.2788881975872,500,False,0.07115279652716103,True,0.0208204362638532,6.23813533782959
206016,737.601128531279,500,False,0.12992507894907956,False,0.02084925605053034,2.4931178092956543
206128,685.4583432903788,500,False,0.1723069413743756,True,0.020651223510797633,3.1564431190490723
206752,725.9068600066034,500,False,0.1598196284962855,False,0.020688150478207684,3.018080472946167
206864,120.72538704158903,254,True,1.7851196399665838,True,0.02080960416524751,3.0508217811584473
207216,684.2016706482509,500,False,0.13065455183577343,True,0.020772507799644974,2.1024835109710693
207344,710.1580870432957,500,False,0.9733188553606992,True,0.020833532318437896,3.0557403564453125
208096,660.3493991727755,500,False,0.4586960191362707,True,0.02095242568845532,2.274324893951416
208464,708.7383528944227,500,False,0.12756669968325424,False,0.02098886063034726,2.2020137310028076
208512,697.1495797482584,500,False,0.20913714434667094,True,0.020588825982922547,2.423921585083008
209616,763.1163901188611,500,False,0.08316349302436009,True,0.020582305786534347,2.8831300735473633
209840,198.07595582808884,193,True,2.538174691432416,True,0.020444828160157417,3.9824161529541016
211168,738.5901060466317,500,False,0.09611820193552967,True,0.02051957734228781,2.4612996578216553
212304,469.4383416069286,318,True,1.7774664528774546,True,0.020255440892839104,3.050647735595703
212704,708.6168841171598,500,False,0.13312302380119972,True,0.020233081962860888,2.132314443588257
212784,711.8937653292487,500,False,0.12531156005646488,False,0.020402202618230305,2.6775989532470703
212864,668.4422227278657,500,False,0.16312852637183484,True,0.02046961827088946,12.405683517456055
213104,588.714178327762,500,False,0.747475196358479,True,0.02052900130568259,2.6702117919921875
213440,686.2683398010631,500,False,0.1959945990699732,True,0.020620492457971318,3.2826640605926514
214016,760.5554951786002,500,False,0.0741019222612908,True,0.020652215757517293,14.010260581970215
214128,705.1858944170207,500,False,0.10631375269835099,False,0.02063293528431308,2.752187967300415
214864,709.2450520676739,500,False,0.13514477048242007,True,0.020616700719307074,2.4039735794067383
215344,652.4744376299884,500,False,0.528928617005632,True,0.020513855756176518,1.8692532777786255
216096,739.876512204643,500,False,0.05657367771279534,False,0.020652188622250166,2.279862403869629
216464,726.5908320442203,500,False,0.11887000212342787,True,0.020174859206684558,3.8308238983154297
216512,596.068201432926,500,False,0.3123381538624749,True,0.020076839895524782,1.9331223964691162
217136,280.49984007878805,267,True,6.032844462933505,True,0.020124841716422353,9.43181037902832
217616,732.0633492866016,500,False,0.173401836445873,True,0.02048188445654854,3.4480090141296387
217840,711.7295231112676,500,False,0.09838099562690064,True,0.020524978345440408,3.0866522789001465
219168,736.8625294528233,500,False,0.16364840936207273,False,0.02061902071141633,2.1558961868286133
219168,238.62666684979763,239,True,1.2593779025236962,True,0.02061902071141633,2.1558961868286133
220304,717.2519859694899,500,False,0.13713819416587827,False,0.020878597582529426,2.3238143920898438
220704,741.3473234702786,500,False,0.1224734127163089,True,0.02053011257649593,2.6757235527038574
220784,722.8189096364288,500,False,0.10351945352935617,False,0.020422070605099835,2.055980682373047
221104,611.8002091407939,500,False,0.24250146406892834,True,0.020413714614489233,3.738945245742798
221440,678.7520002917261,500,False,0.15923397243953383,False,0.020307092552951343,2.249389171600342
222016,831.6992845899422,500,False,0.08181482217026745,False,0.020407476789697565,3.0326902866363525
222128,674.75592743633,500,False,0.5187860127695958,True,0.020113681938855724,2.736898899078369
222864,798.4279899593429,500,False,0.28017761532085494,True,0.020061586396441,3.5893359184265137
222880,402.7194675367054,424,True,1.573577975001023,True,0.020078624240032126,4.11895751953125
223248,445.4572522040702,352,True,3.256910710323552,True,0.020070347621043025,5.812339782714844
224464,677.1451322600127,500,False,0.09915286385282268,True,0.02018341094186501,2.153395652770996
224512,747.9142186833067,500,False,0.14760333970860315,True,0.02023943540179648,3.331951856613159
224736,229.90143979435487,206,True,1.7092737466013466,True,0.020213577591043603,3.53987455368042
225136,708.0145346551,500,False,0.24610905106059164,True,0.02021087183213566,1.7544260025024414
225360,330.5381371496434,291,True,2.7188121776506824,True,0.020023120153135187,2.5423743724823
225840,705.9432578105292,500,False,0.10153842987081402,True,0.02000918110312929,3.050166130065918
227168,569.5755369026882,500,False,0.20940783837838303,False,0.02005263664509479,3.1218090057373047
227168,684.6013513703734,500,False,0.22099001675059643,True,0.02005263664509479,3.1218090057373047
228304,869.3002405461237,500,False,0.03436378451641219,True,0.020106413115824978,2.529301643371582
228784,711.6788100707722,500,False,0.04616661876888283,False,0.02014113106346781,6.5335187911987305
229104,743.1594170473263,500,False,0.14202186851554133,True,0.01982533953927144,5.048999786376953
229920,591.3583194087978,417,True,1.9585559528262706,True,0.019934732971961053,16.22662353515625
230016,711.8496937192734,500,False,0.20689774351770052,True,0.019806081530727965,2.804424285888672
230128,675.5601791976754,500,False,0.16509916020793589,False,0.01979866252992244,2.0608582496643066
230864,674.3152628491127,500,False,0.12068505803124348,True,0.01969876048589431,4.9818549156188965
230880,683.5818755081037,500,False,0.17750806980612988,False,0.01993495053270734,3.440927505493164
231344,387.555482936427,430,True,1.6494147297287958,True,0.019940162794030235,2.375123977661133
232512,651.2839426402767,500,False,0.20378359174123964,True,0.020111929878490052,2.5924179553985596
232736,662.5004020985873,500,False,0.23154331925745708,True,0.020131639936449987,2.11551570892334
233136,729.5106463997508,500,False,0.16118121711631742,True,0.019999610224979807,2.7724194526672363
233360,838.2284903615146,500,False,0.07468537278125806,True,0.019908649898991743,7.505172252655029
233840,751.4889315814021,500,False,0.08943737937104118,True,0.019888344240923082,1.8530136346817017
235168,823.5853437877802,500,False,0.07547101598656662,True,0.01996177160363244,4.760226249694824
235168,773.734764679261,500,False,0.05855253956897495,True,0.01996177160363244,4.760226249694824
236304,695.5790071515829,500,False,0.3438619491959123,True,0.019938499407671315,10.843282699584961
236784,804.8941961743485,500,False,0.06586204598519003,False,0.019723041211443984,2.516472816467285
237104,733.4061957690706,500,False,0.19310540916960103,True,0.0194158629164272,10.578524589538574
237920,715.9983319717569,500,False,0.13712886142715056,True,0.019427167203856077,2.5134453773498535
238016,792.4145029715116,500,False,0.0830340975776094,False,0.01929638562405809,5.466083526611328
238128,749.4424808530024,500,False,0.09123704963324883,False,0.019385063079591258,2.542903423309326
238864,768.6253936098146,500,False,0.2918843857899204,True,0.01941617631029053,2.135840892791748
238880,717.7805155138541,500,False,0.18480970418157058,False,0.0194159444952648,2.484865427017212
239344,589.945070839053,500,False,0.15619464509873235,True,0.01941078432198288,11.922571182250977
239664,373.69007878459155,281,True,3.1933751416029805,True,0.019461643192392207,1.9366072416305542
239776,226.08023126781322,187,True,2.3097824973133236,True,0.019410758841509182,1.622119665145874
240512,490.2726364261099,500,False,0.4767506732733324,True,0.01938705967039707,4.392701148986816
240736,670.5667795121257,500,False,0.2761066247756579,True,0.019969747964829906,7.774619102478027
241136,772.881305099641,500,False,0.40867737400600207,True,0.01981469057384159,3.3200833797454834
241360,782.3687467852043,500,False,0.07126555056526243,False,0.019555018688088944,1.9186427593231201
241840,413.0232484737891,500,False,0.5497916008213369,True,0.01955107676861828,3.18114972114563
243168,777.4729765331449,500,False,0.07478503149523531,False,0.019229189620943474,2.522174835205078
244304,676.4617807027075,500,False,0.11109536261794446,True,0.019210063255634943,4.462587356567383
245104,776.5753347748234,500,False,0.0927817111222841,False,0.01989372318656179,3.2688331604003906
245920,561.382827130232,500,False,0.34796542577467693,True,0.019237051254527352,2.6725997924804688
246016,743.6906912954729,500,False,0.1773146717980691,True,0.019127254611872115,8.063097953796387
246128,696.6344026063449,500,False,0.15721795669157,False,0.01919943644185177,2.7202725410461426
246864,524.3595255286034,500,False,0.8155324359854728,True,0.019310408619428614,2.4384827613830566
246880,726.1763493185696,500,False,0.05191144620472304,False,0.019218472764954257,2.195591926574707
247344,726.5622173246026,500,False,0.13551358200248897,False,0.019211709162454474,3.038069725036621
247664,644.4620941541332,500,False,0.12852637048902438,False,0.019161827561653473,6.656432151794434
247776,705.5101943439312,500,False,0.11851443230909224,False,0.01927049042709954,2.3241701126098633
247824,515.6469857109546,374,True,1.4505950387627136,True,0.019298461854101345,1.9039074182510376
248256,324.076512765691,318,True,2.4376673855014803,True,0.019328669554056117,3.9730725288391113
248512,735.694714016521,500,False,0.09955471304942907,True,0.019243337746503875,3.219513416290283
248736,693.0723163249265,500,False,0.16658345004639408,False,0.019262215487343314,2.1412107944488525
249136,713.1374571060579,500,False,0.21051462575369784,True,0.019402829777274797,2.2762885093688965
249360,625.8913633356352,500,False,0.39426649796072977,True,0.01917601884095673,2.5957021713256836
252304,734.1156769896891,500,False,0.21397365957545694,True,0.019034903539999235,2.3034915924072266
252592,458.43040529705195,358,True,2.7283176314481405,True,0.018943046492267763,4.8315229415893555
253104,707.3235362751783,500,False,0.22872846390739315,True,0.018814292088522876,2.5337016582489014
253920,702.6114923929302,500,False,0.11547024734694716,True,0.01887818246369068,2.587921619415283
254016,751.5232278033463,500,False,0.11545252137630009,False,0.01903894525837971,6.925686836242676
254128,671.3445054902451,500,False,0.1877490253178357,False,0.019095027002837137,2.7178285121917725
254880,774.8253100739186,500,False,0.12318496150207638,False,0.019067150126494084,2.7454428672790527
255344,825.8577888003986,500,False,0.039959339714139695,True,0.01918210840653068,2.9887540340423584
255664,754.086258935297,500,False,0.14108282542059236,False,0.018947170113151692,2.7726693153381348
255776,707.0288006314535,500,False,0.13878126429790635,False,0.018917713797571827,2.1632421016693115
255824,782.4769553940042,500,False,0.1409409054145913,True,0.018878454601480157,4.017213821411133
256256,502.5860301076932,500,False,0.9423331344734519,True,0.018849519022067482,2.7318334579467773
256512,708.9777654813026,500,False,0.12145848565704111,True,0.018891681042421317,9.729013442993164
256720,331.55878357516383,258,True,1.9989573349309426,True,0.01880395052015824,20.627159118652344
256736,625.3966442742844,500,False,0.16506066073129197,True,0.01867363594173584,3.362316131591797
257136,724.7276448311957,500,False,0.1831209002078933,True,0.018662011373418576,5.465622901916504
257360,420.8821924791953,500,False,0.5200932928590871,True,0.018640020990954145,3.905416250228882
258704,114.68387349299817,124,True,1.0694126754758166,True,0.01869785759763458,6.7202982902526855
260192,181.66247088736878,216,True,2.954454879789422,True,0.01864046882936805,5.107964992523193
260304,737.1073872495717,500,False,0.1220951292416492,False,0.018953154608236718,3.2515552043914795
261104,729.8039255516125,500,False,0.14018281034339705,False,0.018926987881202555,5.926693916320801
261920,526.9088742413787,500,False,0.4848612231679596,True,0.018892495321371845,3.3896610736846924
262016,684.1609489525271,500,False,0.1335611908721617,True,0.01878175468360971,9.800309181213379
262128,656.405158111584,500,False,0.186744602141394,True,0.0187294897242522,3.182516574859619
262880,764.210733607538,500,False,0.0726367020403668,True,0.01869881981783235,2.9944067001342773
263344,712.6016690252342,500,False,0.12818207727589748,True,0.018930415789024543,2.18670654296875
263664,798.4848089486449,500,False,0.19911917110559416,True,0.018738984770560862,3.4594764709472656
263776,546.4004005632997,500,False,0.5387658000080889,True,0.018789105805861236,18.5275821685791
263824,606.1203113956077,500,False,0.20457491769266448,True,0.0187588154496199,9.213598251342773
264256,696.0519506962972,500,False,0.16620191604913365,False,0.018777239268261418,2.827146053314209
264512,479.51645822550455,500,False,0.26455749115903204,True,0.018666016048585463,23.12494659423828
265136,635.7242459006573,500,False,0.35519217720474805,True,0.01866760186214319,4.895281791687012
265360,673.1672838529912,500,False,0.1443773075305291,False,0.018709528768344783,18.01528549194336
266704,618.787056081572,500,False,0.2189017075115727,True,0.018774921467720918,2.799206256866455
266784,183.76686127695118,195,True,3.2311596525996342,True,0.019309169786508047,2.419785976409912
268192,713.7751902200686,500,False,0.3119991424969236,True,0.019363608390254305,3.9270362854003906
268304,697.617206765433,500,False,0.2010130245347622,True,0.019248398890303862,2.964618682861328
269104,634.9604312377728,500,False,0.36195805841368706,True,0.019203828085492192,2.9112296104431152
269920,700.6518244463689,500,False,0.26669708535737296,True,0.01892074925960097,2.6999351978302
270016,715.1985282298317,500,False,0.17692780855624843,True,0.018974991036468172,2.7136659622192383
270128,747.2408071766805,500,False,0.1657526091201636,False,0.018955595656146792,2.823190927505493
270880,731.2530902355762,500,False,0.03004984143135297,True,0.018866951335521156,3.948551654815674
271344,817.7848227102394,500,False,0.13260938989783352,True,0.01865690191830584,2.3725051879882812
271776,711.347007789327,500,False,0.20390115103388023,True,0.018624437210226177,40.004852294921875
271824,758.8865128895907,500,False,0.13255542714236979,True,0.018667342124433075,2.8333582878112793
272256,707.379017910319,500,False,0.23402572196346969,True,0.018684822697057128,2.998628854751587
272512,798.5815129843857,500,False,0.056016909320441406,True,0.018849976608242607,3.972445011138916
273136,641.7689742001122,500,False,0.2777057349184328,True,0.018871010294224957,2.4845070838928223
273360,794.7541156481587,500,False,0.059582021584955756,False,0.01872842294126918,2.8262808322906494
273872,363.05987869818654,448,True,3.6458817045540894,True,0.0188223522287289,4.0762786865234375
273888,499.24103774165405,444,True,2.52992818504877,True,0.019111380250183385,2.358668804168701
274224,220.5227848099936,209,True,2.1351606718736442,True,0.019120585537726442,9.260801315307617
276192,676.764047563138,500,False,0.2009938807079521,False,0.0189718120789311,2.985901117324829
276304,602.636567580171,500,False,0.2765944937581932,True,0.018870019284008624,11.581079483032227
277104,715.6098282483271,500,False,0.14015000093392305,True,0.018827163131880993,3.5886454582214355
277920,746.8990144332207,500,False,0.20589933214605974,True,0.018547533378529414,3.6967146396636963
278016,752.8307980322594,500,False,0.058022215807429445,True,0.018340237465272493,4.562047004699707
278128,733.0985463854763,500,False,0.166018828114569,True,0.0182531294617258,9.083730697631836
279344,656.4052317433816,500,False,0.20753762793535682,False,0.018259331211909244,4.0554914474487305
279360,107.06549101788714,198,True,4.780868543922567,True,0.01868129984855523,18.082962036132812
279776,636.4596720861331,500,False,0.0936797349998168,True,0.018684345433799408,2.9797866344451904
279824,635.6921517346386,500,False,0.38766327022594943,True,0.018718393550660514,2.4473462104797363
280256,752.8277171824014,500,False,0.2505304228027566,False,0.018702655751710703,3.5382094383239746
280512,692.7782615789531,500,False,0.14059390121733462,True,0.018745527608913723,3.5856761932373047
281136,712.8821110743811,500,False,0.3125240430028666,True,0.018803224594842082,4.076618194580078
281360,726.8189821262342,500,False,0.18093499193450174,True,0.0188151624649469,6.685505390167236
281872,642.726613345949,500,False,0.19860444662283128,True,0.018726474932529515,3.4980480670928955
281888,325.6747066078488,500,False,1.182591505847393,True,0.01861438832245867,3.076770544052124
282224,736.1978121614854,500,False,0.15633232515600728,True,0.018613320366942427,2.878498077392578
284304,744.5742730293215,500,False,0.09207817384934788,True,0.018588163862547993,8.61253833770752
285104,668.8122829242081,500,False,0.32846452569041185,True,0.018612385955683992,12.874515533447266
285920,692.425910414051,500,False,0.1147248797996729,True,0.01841079164918182,2.631103038787842
286016,755.3994724355091,500,False,0.21703391410909662,True,0.018426857235513763,10.597707748413086
286128,741.6145425232827,500,False,0.11378750984568185,True,0.01840234458950707,4.494341850280762
287344,753.300902557939,500,False,0.0558035563612205,False,0.018464191501420736,2.8236026763916016
287360,525.616628313344,500,False,1.181101679874896,True,0.0184041691183336,2.396920680999756
287776,664.9018847294218,500,False,0.17081901676207617,False,0.018394556327079665,2.7687437534332275
287824,707.3975700170214,500,False,0.24461373521294838,False,0.018055799847235533,2.7715301513671875
288256,723.7421170577812,500,False,0.12201542149696173,True,0.018025051583973467,3.4804015159606934
288512,665.4146311916014,500,False,0.16321854205303946,True,0.01805867093485934,3.4357452392578125
289136,690.3450256943173,500,False,0.17418958561070205,False,0.018127285755246626,4.969941139221191
289360,725.8842817431195,500,False,0.12576595232532628,True,0.01837613013542366,2.4566307067871094
289872,538.8079678235508,500,False,0.35133405407768753,True,0.018418287736461265,3.038741111755371
289888,647.9389491704579,500,False,0.09595222311881582,True,0.0184560169233057,2.0590052604675293
290224,650.5380879056593,500,False,0.2811716551097979,True,0.018460950125033782,5.503542900085449
291872,263.44924411797956,226,True,4.069346497309697,True,0.018626728293734365,2.7967348098754883
292304,660.9071284647958,500,False,0.2597536642409806,False,0.018577060431388414,4.523239612579346
293104,732.0595885510924,500,False,0.0966556650893461,True,0.01868961257717313,2.347917318344116
293728,482.71307471602495,488,True,4.890917783762716,True,0.018297473277348927,1.6994998455047607
294016,728.3085868221234,500,False,0.05251847106347407,True,0.018106043229201053,2.493936061859131
294128,624.7505298774183,500,False,0.23100394569426894,False,0.018107658347429154,2.1449170112609863
295344,754.3633316594235,500,False,0.10344392775208264,True,0.018133934301361353,5.025486946105957
295360,679.7815552421954,500,False,0.2345294265943881,False,0.01835338684044172,3.043362855911255
295776,762.7427358057462,500,False,0.13545779416633671,False,0.018348188524995854,3.1162233352661133
295824,693.8093735228065,500,False,0.07119959257543212,True,0.018254004867673083,2.6690561771392822
296512,673.16562381004,500,False,0.1299677565572806,False,0.018230924841348087,3.2491705417633057
297136,659.5619862111738,500,False,0.3723179193083993,True,0.018086495623966012,9.444138526916504
297360,672.7382446117742,500,False,0.2101375881217682,True,0.018041565205924717,2.753190040588379
297872,708.6906628067777,500,False,0.08640363421399253,True,0.017960648852121532,2.873746395111084
297888,622.4043481966678,500,False,0.21123393911252758,True,0.017778011493660345,3.4393982887268066
298224,534.75487631153,500,False,0.8593210105561694,True,0.017780329146338498,4.59214973449707
299872,563.4663662344442,500,False,0.17609873279467878,True,0.0177274948894151,2.5512421131134033
300304,793.6206321336463,500,False,0.06310215550400822,True,0.017913884602264927,5.038434028625488
301104,540.4696165563282,500,False,0.11895220595900324,True,0.018049681549294587,2.6562068462371826
301568,333.2181035372428,359,True,2.1973250948791683,True,0.01796401167370342,3.1550192832946777
301728,627.5230447862132,500,False,0.5328758900465543,True,0.017914717370803045,2.958334445953369
302016,786.4586626437339,500,False,0.05417061546785516,True,0.01790877274580925,4.073143482208252
302128,738.3110943289955,500,False,0.12126678274049273,True,0.017820457891635687,3.34606671333313
303344,495.75916001156213,500,False,0.44595919062922895,True,0.017738546325361357,3.2267613410949707
303360,566.6031653952426,500,False,0.6701359775858685,True,0.01786332488358581,3.1875483989715576
303776,675.8128272468567,500,False,0.5808584281584942,True,0.017872761588854466,5.945760726928711
304512,820.9114031351539,500,False,0.039070602507282025,False,0.018114625206309236,2.789459228515625
305136,627.331356064949,500,False,0.4086996753679999,True,0.018013489576949943,5.306818008422852
305360,664.3823994430304,500,False,1.0257725940951918,True,0.01802516729697466,2.833881378173828
305872,731.7208951128997,500,False,0.2751783017261295,False,0.017919541823481152,2.1437034606933594
305888,623.0818296640638,500,False,0.6409395811848453,True,0.017504517447255806,3.627079486846924
306224,734.3140171433377,500,False,0.042501445001929004,True,0.017489360639430275,3.6122751235961914
307872,706.4204256670328,500,False,0.08977624022783336,True,0.017424741168079523,3.5494182109832764
308304,762.3080877692933,500,False,0.08199603766570052,True,0.017351100264639253,3.1607940196990967
309104,754.9836293445172,500,False,0.060709917821223945,False,0.01754098197383139,4.0356903076171875
309568,754.0192293168215,500,False,0.16732487590089368,True,0.017665476327841673,2.8230130672454834
309728,744.5101110312343,500,False,0.09640413132861908,True,0.017757362394244174,3.0214085578918457
310016,813.9602743157708,500,False,0.0671995878913964,False,0.017776246801066563,2.744713068008423
310128,774.2119730585292,500,False,0.06408406081132566,False,0.017797818631524416,3.8545329570770264
310464,220.2076427816549,265,True,6.014769519834231,True,0.01770182845483681,4.659177780151367
311344,755.0168741238783,500,False,0.054884021501370256,True,0.017467979622279087,2.7850074768066406
311360,756.7838536314608,500,False,0.19252469610707923,True,0.017311587544823807,4.794595241546631
311776,561.1047778580745,500,False,3.33920592509526,True,0.017305714342408626,2.417947292327881
312512,790.2669284447082,500,False,0.04836567985706968,False,0.017331253435834946,3.2178497314453125
313136,665.0022182596344,500,False,0.922039373314686,True,0.017428476460009276,2.4167022705078125
313360,715.2856399606768,500,False,0.06425114501997554,True,0.0175556266383564,4.109162330627441
313872,782.4125304364527,500,False,0.017264536919406288,False,0.017531106849703715,4.347193717956543
313888,683.6788517316191,500,False,0.22343062670862446,True,0.017650514980155806,3.3398990631103516
315872,680.8951535540153,500,False,0.20236595571454427,True,0.017660934257023097,10.446118354797363
316304,867.9585581886821,500,False,0.0382234319488817,False,0.017677564918077242,2.2902231216430664
317104,735.1056589290423,500,False,0.5579400558789177,True,0.01745130667008096,4.805400848388672
317232,470.76575654283084,479,True,5.192583270460141,True,0.01753341628298626,9.853839874267578
317728,796.8725868688172,500,False,0.08059176163690854,True,0.017611729120851263,4.26609992980957
318016,639.2608046202241,500,False,2.0037092829788157,True,0.017716489722995898,2.8190948963165283
318128,786.5124776971988,500,False,0.06803737161295681,True,0.017697093316329314,2.2211966514587402
318464,751.4740185805281,500,False,0.4174941729812846,True,0.017695949522192268,3.1909689903259277
319344,775.7777430653143,500,False,0.32880135109304454,True,0.017771274467309237,3.439727783203125
319360,786.5861655214838,500,False,0.0707907773174774,True,0.01736140582924018,2.3712117671966553
319776,725.6903156371807,500,False,0.22241053716844864,True,0.017364429779939062,3.4526753425598145
320512,779.945216514416,500,False,0.09446778936825508,True,0.017285687209320576,4.301262378692627
321136,852.5226532462135,500,False,0.04682940102540865,True,0.01717006172536843,4.857855796813965
321360,659.3760033559934,500,False,0.12484053791150898,True,0.01719568053831511,4.7343854904174805
321872,807.7789257483491,500,False,0.03421906545810088,True,0.017194773402991217,2.256268262863159
321888,755.3823149993428,500,False,0.04979299029658242,False,0.017073590934496004,2.130903482437134
323872,813.7069471284078,500,False,0.026708590601153204,True,0.017069003322680226,2.7860705852508545
324304,826.3868561656865,500,False,0.08098959966679399,False,0.017055178205519803,3.1637938022613525
325104,908.0409533287342,500,False,0.06508747263876871,False,0.01701782924671365,4.430747032165527
325232,874.2069866331641,500,False,0.07685976729723033,False,0.016808611272197706,1.967923879623413
325728,692.0126669930659,500,False,0.09499641160195867,True,0.01679883900151762,2.6283605098724365
326016,692.763496638735,500,False,0.358313782301025,True,0.016756591060028758,1.9852099418640137
326128,665.9586439288599,500,False,0.16964179193298934,True,0.016751957267950958,2.898320198059082
326464,565.3978847162199,500,False,0.24708074892437967,True,0.016746766418271802,2.7209014892578125
327344,823.6862265228675,500,False,0.22383093955920133,True,0.016510414734748763,3.2077584266662598
327360,230.48520516271242,500,False,2.817350602266108,True,0.01657089429773921,2.8851022720336914
327776,828.2105183031754,500,False,0.05391478060842546,True,0.01657160407826832,2.878865957260132
328512,728.9032821920177,500,False,0.22927373523306502,True,0.01645085508162518,3.019956588745117
329136,843.1356899043865,500,False,0.0056874064647937815,True,0.01633440764666674,2.7044520378112793
329360,445.0559917113674,500,False,0.34216713217343,True,0.016145621320012005,3.340769052505493
329872,759.3026451311442,500,False,0.07457041643945853,False,0.016175076638140346,1.9033955335617065
329888,736.9741758254079,500,False,0.044740007346354145,False,0.016169023701942738,4.03187370300293
331872,704.3028068488076,500,False,0.05355948259926718,True,0.01616082658998826,3.027404308319092
332304,631.9950168935814,500,False,0.6203221690324675,True,0.016339063570480154,2.204331398010254
333104,798.5508302909494,500,False,0.05720318770022494,True,0.016338404068093285,2.848154306411743
333232,747.2009179789919,500,False,0.05479549818534343,True,0.01647546446449695,2.522759437561035
333728,829.5950671731466,500,False,0.03581741078975297,False,0.016433276832498702,5.9048848152160645
334016,625.4253787531849,500,False,0.303934649561416,True,0.016350108477481716,2.324990749359131
334128,754.4337435204529,500,False,0.10990489748781887,False,0.016559735044665083,2.5213165283203125
334464,724.3402945436673,500,False,0.1682670513551364,True,0.016585095476493648,3.0090417861938477
335344,881.6739897106318,500,False,0.027517735547725575,True,0.01668515348832633,1.890209436416626
335360,857.4073597214143,500,False,0.05103317803357319,False,0.01635933490691872,4.790980339050293
335776,810.4340360570833,500,False,0.06060246834246806,True,0.016355535236135775,4.420652389526367
336512,514.1222975356305,500,False,1.1209195944814971,True,0.016179633038906824,2.1599881649017334
337136,667.9551816088664,500,False,2.8155208118015618,True,0.016090197770865896,2.928020477294922
337360,857.907701894031,500,False,0.04622828675762635,True,0.015989964169089158,3.486112117767334
337872,835.0500345966,500,False,0.0398401751236864,False,0.015983221537578456,1.7873320579528809
337888,807.6389743773547,500,False,0.03253070413864051,True,0.016038011364207627,8.572030067443848
339872,599.1358443549581,500,False,0.8666212173157037,True,0.01603125298625985,3.6818008422851562
340304,783.69862538879,500,False,0.06488478776338676,True,0.01612731135718183,2.7090673446655273
341104,728.3845537372158,500,False,0.26625991234915786,True,0.01613454420692231,2.5946667194366455
341232,809.2399823305983,500,False,0.03986746603048271,True,0.016190689721762463,4.260306358337402
341728,729.1994628912558,500,False,0.11715643975389317,True,0.016204620867480573,1.8014838695526123
342016,696.0416771912462,500,False,0.09632936951029737,True,0.016036340447838554,21.71424674987793
342128,768.1088114977127,500,False,0.07012865953628435,True,0.01600869704028852,3.2380011081695557
342464,799.2881627199281,500,False,0.06757072101155896,False,0.01596798023279268,2.0806407928466797
342688,681.7801213411179,458,True,3.081030081362054,True,0.01611331898316413,2.7654876708984375
343344,729.6988871966312,500,False,0.11796344001129981,True,0.016187204684972308,2.2124269008636475
343776,799.8109349489853,500,False,0.1825558730895511,True,0.016339023569462437,4.973432540893555
344512,704.4743068161507,500,False,0.17363409965527377,True,0.016204659283128687,2.122495651245117
345136,806.6622908603445,500,False,0.061858405896809486,False,0.0159369534864051,3.3400511741638184
345360,651.1757645271505,500,False,0.20849692984203538,True,0.0158226752759351,2.5380687713623047
345872,815.5611055396321,500,False,0.04325132017634217,True,0.015795731409603227,5.066617488861084
345888,814.6062454617813,500,False,0.0676345184934338,True,0.015676034685447083,2.5133185386657715
347872,804.5201601646248,500,False,0.046887917902985715,False,0.015685969764123408,1.8561904430389404
348304,732.9011919227852,500,False,0.06748387016225477,True,0.015979955442162075,2.4017553329467773
348528,588.0982013661472,464,True,3.083620083065303,True,0.016019046010020667,2.85271954536438
349232,749.4985454441817,500,False,0.09270968007971693,False,0.016046070230147803,3.3658833503723145
349728,774.9770056304172,500,False,0.1119576281589728,True,0.01623979125314788,3.709372043609619
350016,632.0377593686388,500,False,3.053161048997438,True,0.016391430628119725,2.6672120094299316
350128,850.3337650059921,500,False,0.047365956192414536,True,0.016391430628119725,2.6672120094299316
350464,735.2794386323822,500,False,0.10046192912328417,True,0.016383249259443892,2.0845351219177246
350688,829.8652386103828,500,False,0.09101422116055553,True,0.016165788325010044,4.8769941329956055
351344,779.1346046902331,500,False,0.08538764861903966,True,0.016110610228235785,3.7915332317352295
351776,834.7531773265445,500,False,0.03960699085193067,True,0.0162765184609902,3.4801089763641357
352512,738.9712079611068,500,False,0.029349334711927303,True,0.016437061690484332,2.610844135284424
353136,565.5980435780426,500,False,3.9570411485770145,True,0.01638796186580834,1.9307798147201538
353360,855.0101492242642,500,False,0.10228193245720461,True,0.01622116758480979,2.3964290618896484
353872,771.3738577720545,500,False,0.18185572345666287,True,0.016143942175141524,2.611812114715576
353888,820.0331354195636,500,False,0.056489389509248714,False,0.01611293306951112,3.642195701599121
355872,751.4455924628883,500,False,0.18406937887848476,True,0.016103791911141283,2.8216423988342285
356304,771.6795738738564,500,False,0.08791424101013019,True,0.015827136079230794,1.9798685312271118
356528,799.7573659446872,500,False,0.03953401470094703,True,0.016002845781198153,2.046574592590332
357232,790.1973356952611,500,False,0.17116827729741105,True,0.016065480929011895,2.894710063934326
357728,768.2843841946562,500,False,0.18201220416643346,True,0.015935966916740006,4.1173095703125
358016,648.6469997804173,500,False,0.19661825912902425,True,0.015881652352148095,2.242784023284912
358128,800.3552373659435,500,False,0.03468535357810737,True,0.015934440413550882,2.645193338394165
358464,784.5095480146275,500,False,0.05544323043415619,True,0.015894311504521558,2.938025951385498
358688,756.7035908114296,500,False,0.05296513226368785,False,0.01578628868900073,2.508148670196533
359344,693.8282073153398,500,False,0.1717431703240082,True,0.015744427241424427,2.7520575523376465
359776,719.33103521287,500,False,0.16390494317707524,True,0.01563814672200455,2.5172154903411865
360512,872.5472933582201,500,False,0.0389002539739094,False,0.015747195226148984,2.0947647094726562
361136,765.7544677962651,500,False,0.07415497803199449,True,0.015970867049133985,1.4990406036376953
361360,838.7696255726245,500,False,0.05583778599818097,True,0.016090747588599342,1.990731120109558
361872,665.1729871968992,500,False,0.4452717132730704,True,0.01604276016052649,2.6456103324890137
361888,380.6897522203122,500,False,3.067442879493502,True,0.015998152539942932,3.6205172538757324
363872,833.8926687163715,500,False,0.056722797111054005,True,0.01599928291714135,3.6224939823150635
364304,596.3636484663231,500,False,0.5828741573938059,True,0.015747132419539865,2.4527945518493652
364528,542.9453198799935,500,False,0.14277915782628955,True,0.01579312868818414,1.8368926048278809
365232,781.1749686579091,500,False,0.03535020586502422,False,0.015781909133773107,3.114583969116211
365728,688.9652997901795,500,False,0.17426767115786432,True,0.015624171511160795,2.1477718353271484
366016,854.8661477529927,500,False,0.13257202927175196,True,0.015446550859814256,1.9312832355499268
366128,635.3880635876717,500,False,0.17072360695058908,True,0.015469304189482284,3.4393906593322754
366464,696.8207502364991,500,False,0.1063367055885215,True,0.01548648937123647,2.2204325199127197
366688,829.0943539371834,500,False,0.07280353483015224,False,0.015515237157911964,2.691922187805176
367344,735.9699453536791,500,False,0.11404314432966177,True,0.01541186533883831,2.3111588954925537
367776,784.8331543594929,500,False,0.21495818209804599,True,0.015414767097987314,2.573152542114258
368512,761.017845784571,500,False,0.36614596695844115,True,0.015534615525900148,2.9529781341552734
369136,775.4661424267936,500,False,0.03638660674169559,False,0.015456453249552705,2.42378568649292
369360,495.09089843814775,500,False,0.6593460940823025,True,0.015436623961171536,2.882033348083496
369872,591.6962477068148,500,False,0.3078242830762195,True,0.015317804696140117,8.319541931152344
369888,767.746513910477,500,False,0.08666272278839789,True,0.01531877380553377,3.192319393157959
371872,853.7070299858574,500,False,0.09276893097372996,True,0.015339812905493324,2.4245188236236572
372304,642.5159979649085,500,False,0.15480186936880902,True,0.01581581625906563,2.529550790786743
372528,792.721105374045,500,False,0.22625046545623578,True,0.015665847605386606,2.692526340484619
373232,573.3042203908072,500,False,0.3425573693816502,True,0.015612130252728626,2.5790648460388184
373728,793.4480959905633,500,False,0.06097532179832858,True,0.015461522163334586,2.073756456375122
374016,590.8985753588213,500,False,0.7375976520781993,True,0.015439567723989535,2.6527252197265625
374128,509.3229922405358,500,False,0.8523391033277787,True,0.01553520726834271,2.2702319622039795
374464,718.5748606807093,500,False,0.17556574863545588,True,0.015571451949441161,2.8270816802978516
374688,790.5163702101659,500,False,0.04527566844631967,True,0.015546168332047522,2.3830814361572266
375344,815.0471895714838,500,False,0.07037478768845812,True,0.01543885015417752,2.938706874847412
375776,834.7413124362496,500,False,0.028195528946686726,False,0.015235406537469453,2.4281246662139893
376512,607.1465568304667,500,False,0.47807449710633454,True,0.015289639191998822,2.056008815765381
377136,763.1586996487855,500,False,0.19033247007505402,True,0.015264112698971431,3.9962220191955566
377360,674.048751338732,500,False,0.12387049588574295,True,0.01531115373964242,2.0114681720733643
377872,713.9982563042518,500,False,0.3098127109021525,True,0.015286491911031855,3.045525074005127
377888,393.0994450575954,500,False,1.4083417601314498,True,0.015340727117212077,2.8571300506591797
379872,539.613758189872,500,False,0.13869275471964262,True,0.01534328326895834,2.7729179859161377
380304,702.8996640083222,500,False,0.11135036686040768,True,0.014760802854669299,3.0784387588500977
380528,756.8759335559635,500,False,0.09249761369420084,True,0.014545415128886994,2.168353319168091
381232,828.3063275211314,500,False,0.057689950403963346,True,0.014509021340528842,2.443201780319214
381728,778.608650623038,500,False,0.039798049839620576,True,0.014723000262015064,2.0701560974121094
382016,625.6511758531437,500,False,0.2772523037261098,True,0.0151511655838759,2.7320053577423096
382128,770.5262885529298,500,False,0.0663639196257589,True,0.01533781360422557,2.176849603652954
382464,767.2971912889487,500,False,0.043774893741439044,True,0.015368331831570598,2.0887949466705322
382688,716.5559282765755,500,False,0.08407263312242388,True,0.015225514157010383,2.4023518562316895
383344,559.9697042865263,500,False,0.8164564014923279,True,0.015130912356094135,2.2980871200561523
383776,842.2769206884562,500,False,0.023937009104934577,True,0.014965935992241669,3.87845516204834
384512,839.8076275533829,500,False,0.02815854145069586,True,0.01493952163640299,2.638845443725586
385136,800.6759426855218,500,False,0.04332738422136088,False,0.014959629293634173,10.696669578552246
385360,800.264666447298,500,False,0.01900902993370445,True,0.015169101649008213,1.9993846416473389
385872,691.2589511702206,500,False,0.09660508504403316,True,0.015196349856615811,3.3889479637145996
385888,850.0432874187486,500,False,0.06466556468350886,True,0.015307707907835748,2.4959397315979004
387872,779.1392607328096,500,False,0.07896249597594328,True,0.015313827974852248,2.470641613006592
388304,834.0088329303007,500,False,0.0627855010963106,False,0.015297957482687918,3.2457199096679688
388528,717.8659655915362,500,False,0.22037298242108688,True,0.015387880337405032,2.142709255218506
389232,764.5218426460901,500,False,0.040615340993806696,True,0.015414674888338874,3.142289161682129
389728,738.5841061382205,500,False,0.09244282226115977,False,0.01520323197261254,2.4827957153320312
390016,759.0004117082253,500,False,0.09797179831946463,False,0.015058451980367774,1.953918695449829
390128,518.9135051895099,500,False,0.2958481288852439,True,0.015071875253987767,2.466116428375244
390464,651.3219895297801,500,False,0.16581972270704873,True,0.01514807675527322,3.1605777740478516
390688,816.0010978796462,500,False,0.04214170928429462,False,0.015272040732216614,2.558779001235962
391344,681.9897638899879,500,False,0.6240714786436323,True,0.015345078636019149,2.431739330291748
391776,734.0500649535734,500,False,0.10370335276857097,True,0.015342729674708653,2.9127132892608643
392512,783.9653153892733,500,False,0.15166883332180958,True,0.015353320772046434,2.232598304748535
393136,880.9311555035133,500,False,0.04755994491090263,False,0.015435021799187966,2.058088541030884
393360,823.1277519725306,500,False,0.051559302373693175,True,0.015573664135715072,7.384754180908203
393872,790.8733770198771,500,False,0.051091623737534786,True,0.015564975128652899,2.26908016204834
393888,828.586339691838,500,False,0.06633989735593994,False,0.015557221154117874,1.8494393825531006
395872,805.8302970803334,500,False,0.037217114021174724,True,0.015551646429722421,2.765289783477783
396304,809.9307775769273,500,False,0.06092563591991618,True,0.015566472151628012,2.729816436767578
396528,603.1547733222412,500,False,0.18636545643079552,True,0.015419709367947768,3.1390018463134766
397232,788.6981749829005,500,False,0.017293924524008825,False,0.015371169663277269,2.2024104595184326
397728,746.8705420806692,500,False,0.04779796728110111,True,0.015117205330694848,2.8170928955078125
398016,693.5469892450692,500,False,0.1491422377275449,True,0.015150177070153871,2.3304169178009033
398128,844.9647993726313,500,False,0.05338178495159879,False,0.015240624391292146,3.4649267196655273
398464,809.2642681115889,500,False,0.045619340330794574,True,0.015271682385140756,1.9686813354492188
398688,861.9158175134121,500,False,0.05891329059969259,True,0.015376815761743273,1.9392738342285156
399344,721.2207862022989,500,False,0.4931483680382711,True,0.01527819616998483,2.402681350708008
399776,804.8875371436854,500,False,0.07665761014976379,False,0.015456592455273954,1.8446145057678223
400512,751.0382111191053,500,False,0.0886228164121569,True,0.015597689373077301,2.207244396209717
401136,775.6429567575115,500,False,0.09568939318974293,False,0.0155807850518881,1.7522892951965332
401360,773.0312533026354,500,False,0.0522282671625945,True,0.015494588893905953,4.521206378936768
401872,624.6525007648708,500,False,0.679258427053917,True,0.015414929052856767,3.6368143558502197
401888,728.7344985634603,500,False,0.09329202608072609,False,0.015639594311495864,2.726133346557617
403872,710.7158704013654,500,False,0.053038450599753324,True,0.015655183000006866,2.2283926010131836
404304,779.3079222734458,500,False,0.02886018794973108,False,0.015873369356258785,2.450063943862915
404528,804.4190694128089,500,False,0.035504053855496515,False,0.015871312520654744,2.291581630706787
405232,699.7119051231532,500,False,0.12587975703940846,True,0.015695715573110093,2.2790889739990234
405728,812.3482317630908,500,False,0.011623423779407506,True,0.015509404846839858,2.6597750186920166
406016,726.6284878452052,500,False,0.09586003692706443,True,0.015535830140048728,1.9057230949401855
406128,781.3678771541827,500,False,0.034395193662242425,True,0.015567023287275538,2.505126476287842
406464,880.0246898426268,500,False,0.017057153387575304,False,0.01565043588614846,4.690097332000732
406688,751.8713950612183,500,False,0.17816955092733142,True,0.015681343480670375,3.237323522567749
407344,868.5210577864495,500,False,0.05637570103853811,True,0.01580024836406493,2.026789903640747
407776,827.6151702737101,500,False,0.07881091173165801,True,0.01591218859767183,3.6479077339172363
408512,674.0466394945603,500,False,0.27355120384958753,True,0.015718676277061968,2.684101104736328
409136,481.8304707479921,500,False,0.853871757268832,True,0.015681593385075455,4.0464677810668945
409360,737.5383262333811,500,False,0.23121849604611538,True,0.015432805810714292,1.9197206497192383
409872,637.9149865891723,500,False,0.10673825813344581,True,0.015298230319512138,2.25704288482666
409888,741.6707266366012,500,False,0.08383626106965893,True,0.015323062791674296,1.7327609062194824
411872,771.6585490967426,500,False,0.04368468950751633,False,0.015323128150191302,1.7779874801635742
412304,773.8589913789806,500,False,0.14293308826040266,True,0.015145562886007595,2.500288486480713
412528,892.465021449537,500,False,0.041464890070357016,False,0.015262020217090465,2.902892827987671
413232,816.5211263352477,500,False,0.056211216338583926,True,0.015234838586608375,2.5097219944000244
413728,797.5797774444873,500,False,0.11865073101513832,True,0.015259947459441996,3.1447787284851074
414016,836.3898653857345,500,False,0.030156797554862703,True,0.015337856974565052,2.4298207759857178
414128,806.5007057418846,500,False,0.05910092013143915,True,0.015400583159011424,1.7564709186553955
414464,770.3288850665842,500,False,0.0442521245107443,True,0.015431984223073363,2.7588350772857666
414688,647.7034903765953,500,False,0.15434944003606285,True,0.015490253454897919,4.090226173400879
415344,830.8275811508878,500,False,0.09324324481103269,True,0.015455430663701902,6.036332130432129
415776,792.2079583912947,500,False,0.07777940770399255,True,0.015548145067599698,2.1943750381469727
416512,801.6288485125551,500,False,0.02975808454075765,False,0.01573544275014307,2.2222142219543457
417136,824.8235645617009,500,False,0.06172512202761635,True,0.015668250961899208,2.2023189067840576
417360,804.4856924186197,500,False,0.08135652694754132,True,0.015684398850405585,2.5262227058410645
417872,779.6473352690291,500,False,0.15627522931047916,False,0.015670439944456077,1.8923022747039795
417888,699.157660103178,500,False,0.06307357738659274,True,0.015698819407175456,3.1491212844848633
419872,858.5481020781684,500,False,0.035822830992883144,True,0.015686596109293786,2.2022697925567627
420304,640.5389763729629,500,False,0.3744928681598062,True,0.01572834992592686,2.3657188415527344
420528,820.5521375417865,500,False,0.023384081821295092,True,0.015683317317694713,2.386890411376953
421232,706.6073959873114,500,False,0.5532944250972326,True,0.015651570848414408,2.4202880859375
421728,759.0803399772526,500,False,0.07603001979900845,True,0.015719180400257476,2.826810359954834
422016,848.926748572978,500,False,0.04705220400932395,True,0.015766705938182673,2.268065929412842
422128,867.5956472822124,500,False,0.05919253066549507,True,0.015888318250890255,1.8504228591918945
422464,760.1211801893612,500,False,0.06957537374069753,False,0.015914707021594646,3.20298171043396
422688,698.8698359293751,500,False,0.39622521670981703,True,0.015872623025868275,2.890383720397949
423344,852.380338328401,500,False,0.05243107928049756,True,0.01578372802712404,2.380344867706299
423776,832.7513224611673,500,False,0.03027485991679667,False,0.015688948505206062,2.3682456016540527
424512,778.29196905117,500,False,0.047642090304199566,True,0.01569791154942395,2.0470917224884033
425136,817.7762771172589,500,False,0.048560597703096446,False,0.015717297793599896,2.1732778549194336
425360,800.2339929525648,500,False,0.1371844617616417,True,0.015575294699494884,2.270911455154419
425872,637.8301385207062,500,False,0.17543427138841744,True,0.01548284803022202,2.150590419769287
425888,751.4968439255327,500,False,0.1411000445571014,True,0.01542690205698799,1.9388210773468018
427872,816.8661987015184,500,False,0.10167080932030516,True,0.015423199516426027,2.2801036834716797
428304,782.3703717337045,500,False,0.3193522780400275,True,0.0154199610074283,4.522915840148926
428528,773.6446572147981,500,False,0.15418832534645158,True,0.015535271720865723,2.5823569297790527
429232,802.5052886975249,500,False,0.043347838938920524,False,0.015631645208736708,3.092456340789795
429728,850.0107457383564,500,False,0.03914075690490645,True,0.015859318242086688,2.5734691619873047
430016,838.2833910600947,500,False,0.03539692295400404,True,0.0161063307601064,2.538991689682007
430128,608.1166424557301,500,False,0.3031129654208955,True,0.01612315140887183,2.0892155170440674
430464,772.9827848493808,500,False,0.06088101316379913,True,0.016077789658872504,2.9430160522460938
430688,841.9193831524766,500,False,0.011774322666677493,True,0.016145256339068065,2.9614033699035645
431344,754.6340967614133,500,False,0.05351579838654956,True,0.016190382992596238,2.2396817207336426
431776,812.3749158285158,500,False,0.029039585300386247,False,0.016185495797247616,1.916691541671753
432512,812.5709914643725,500,False,0.04127393548932258,True,0.016064876713268488,2.2568159103393555
433136,722.2548310287034,500,False,0.08455830846798211,True,0.016015968934820855,2.489811420440674
433360,520.2649436830624,500,False,0.8289325105015842,True,0.016028433788623887,2.195615291595459
433872,799.5614090183691,500,False,0.08939189772977862,True,0.016185022394943724,2.445054531097412
433888,832.714267106256,500,False,0.043579866678274945,True,0.016257175959528188,4.607056140899658
435872,681.7356631813242,500,False,0.22026976179374222,True,0.016257624253789387,2.078308343887329
436304,858.4378305189058,500,False,0.048498981160453834,True,0.015893231082678,3.1349875926971436
436528,866.1948657596666,500,False,0.06206741846543873,True,0.015900984839896434,3.0548629760742188
437232,796.1642367531396,500,False,0.030264231301111503,True,0.01584221103143975,2.3818092346191406
437728,836.708049155182,500,False,0.11165714939988641,True,0.01592642285173584,2.1309828758239746
438016,866.927070114534,500,False,0.10382125194711779,True,0.01596750895194317,2.9250144958496094
438128,729.0328761201459,500,False,0.12133256663222598,True,0.016034915387975617,2.8380866050720215
438464,894.500515943055,500,False,0.030730967252878,True,0.01596986993015267,2.285055160522461
438688,764.8808530174109,500,False,0.053608940992581115,True,0.01577141365902619,2.2037436962127686
439344,501.5739848948958,500,False,0.7013270773102424,True,0.015775440485527186,2.3897523880004883
439776,801.4907812670912,500,False,0.06290347660158493,True,0.01568413976872111,1.7706975936889648
440512,851.3011198987919,500,False,0.0542216820232369,True,0.015593164550726313,2.786609172821045
441136,857.426110935275,500,False,0.022839143129603987,True,0.015538803355176304,2.975925922393799
441360,860.8013066154974,500,False,0.045845191136209995,True,0.015692440762457422,2.3197989463806152
441872,766.6344923805352,500,False,0.15449403875845538,False,0.015791614666656153,2.1071176528930664
441888,779.5908287125669,500,False,0.25546014987571886,True,0.01592200789865788,2.5553689002990723
443872,791.0967513783709,500,False,0.0565603244514728,True,0.01592914791239261,2.265779495239258
444304,751.1542089433486,500,False,0.11041377209763073,True,0.016174807940675308,1.949186086654663
444528,631.2401167803873,500,False,0.19720817024780157,True,0.01607621732802369,2.0641238689422607
445232,787.5895862490621,500,False,0.07836109270289225,True,0.01611148652308286,1.9494237899780273
445504,183.41027251442557,227,True,2.571529824035713,True,0.01608686428943243,2.4523754119873047
445728,911.5945690652356,500,False,0.031449292933885785,False,0.01598044944947973,2.060471534729004
446016,809.247912675044,500,False,0.0652299660676757,True,0.015905987757958567,2.146395206451416
446128,869.7976195344595,500,False,0.08441100159719997,True,0.01584658141130694,2.2234580516815186
446464,740.602386812405,500,False,0.037903948639114934,False,0.01576190127732403,2.3334178924560547
446688,794.4182493070329,500,False,0.09968912868176137,True,0.015693971804898475,1.8989524841308594
447344,858.94010840344,500,False,0.055553899926880354,False,0.0157517269629947,2.6454663276672363
447776,565.2743056874617,500,False,0.5734620614038957,True,0.015800077164708142,2.245793342590332
448512,724.3194154957994,500,False,0.10234511087971337,True,0.016013966981742213,2.558513879776001
449136,837.3587591632664,500,False,0.016548871818555418,True,0.016084839961948476,1.4380384683609009
449360,892.2097330043247,500,False,0.06595356510691457,True,0.016050337287351384,2.2425224781036377
449888,842.7490367332201,500,False,0.0816730747625133,True,0.016053564766105942,2.5091066360473633
451872,865.3109971919984,500,False,0.07511696557112668,True,0.01615568585887978,2.1993579864501953
452304,826.3498194255495,500,False,0.030753296987144088,True,0.015867040957925994,2.1927380561828613
452528,818.1077740662267,500,False,0.05621810782998133,False,0.0159566022819794,1.9687771797180176
453232,893.71623777834,500,False,0.01494204572195399,False,0.016113828753483304,2.5730233192443848
453504,864.6916517197449,500,False,0.03918295777156884,True,0.016140399325610233,3.854294776916504
453728,770.9261845381553,500,False,0.0857751744912206,True,0.016277314085523673,1.769880771636963
454016,791.53017483667,500,False,0.12772094331172662,True,0.016202364080731835,3.3162739276885986
454128,771.3390925992438,500,False,0.15070023936164825,True,0.01621479584927351,1.7169475555419922
454464,593.3190970337737,500,False,0.3557790061641584,True,0.016261815577573804,2.196481227874756
454688,799.4106616569593,500,False,0.10105189794655813,True,0.016183633727855126,2.221322536468506
455344,809.0128647818108,500,False,0.14261205147648245,True,0.01620761481323616,2.4173779487609863
455776,771.5810028403486,500,False,0.09317365191405637,True,0.016262680702778795,3.0755348205566406
456512,820.7510462211152,500,False,0.04354552501338229,False,0.01612223395458934,1.8406026363372803
457136,806.5377856057441,500,False,0.04600207194250241,False,0.016309456894182915,1.5663737058639526
457360,747.3093693598059,500,False,0.22926374537239522,True,0.016247484590596963,2.033581256866455
457888,739.162516878149,500,False,0.21347502196659482,True,0.01625157612728752,2.4238061904907227
459872,753.4661913982535,500,False,0.15141505542569078,True,0.01616877298998005,2.5715341567993164
460304,821.762936892178,500,False,0.038065922101795366,True,0.01566471068310543,2.4914746284484863
460528,800.2988001442282,500,False,0.07108744403150903,True,0.0155213435023965,2.3674492835998535
461232,772.9910176740074,500,False,0.06947008285712211,True,0.01557151104758733,1.7701442241668701
461504,833.5206089517555,500,False,0.0317629940476572,True,0.015732862562909133,2.487837076187134
461728,799.4552549698832,500,False,0.07979774764375817,True,0.01575160942603311,3.4318909645080566
462016,756.3659311891078,500,False,0.05595936938967967,True,0.015823453887654625,1.9044513702392578
462128,848.42192128434,500,False,0.03292718657040502,True,0.015727460561508876,2.7749905586242676
462464,906.3839468737056,500,False,0.01727898354655369,True,0.015707795378993916,2.5196776390075684
462688,844.7585891167081,500,False,0.05371743593616887,True,0.01570728379311985,4.736963272094727
463344,742.6225720753696,500,False,0.10786505730708759,True,0.015752503928497974,2.7152037620544434
463776,801.9852405656225,500,False,0.018601320437569853,True,0.01569040043954486,6.105916976928711
464512,738.2374147820946,500,False,0.05167371849550944,False,0.015611706685468999,2.2695891857147217
465136,556.4100673786409,500,False,0.420785769234001,True,0.015533450337233719,2.8049588203430176
465360,598.1862920408885,500,False,0.224294094770602,True,0.015511738991829232,2.4563167095184326
465888,770.9137156720383,500,False,0.2305069188690747,True,0.01567463637490425,3.129279375076294
467872,858.7252783561363,500,False,0.037523797715414337,True,0.015611862323543045,3.6472530364990234
468304,741.6016933060132,500,False,0.10549279942945317,True,0.015930752730463304,1.7900729179382324
468528,862.4832747495155,500,False,0.03766261010548296,True,0.015872123716358974,2.602724075317383
469232,746.7595299500188,500,False,0.5410287108052838,True,0.015837118308762055,2.3053054809570312
469504,859.6430139583172,500,False,0.05119212981057809,False,0.01579448645192968,1.9509485960006714
469728,752.4165335068247,500,False,0.13408532494925832,True,0.01569996575539404,1.7274279594421387
470016,837.7114401279352,500,False,0.028288161725236367,True,0.015706175056815555,2.247257947921753
470128,793.8589324666065,500,False,0.1625327950737594,True,0.015607753755888219,2.0387725830078125
470464,613.3438894662654,500,False,1.833628730085489,True,0.015580449048079124,11.016315460205078
470688,760.426018813054,500,False,0.022042593510292603,False,0.015484766833356015,1.884150505065918
471344,688.6291162279111,500,False,0.27588996406465477,True,0.015483485582480984,2.427271842956543
471776,712.7691146429785,500,False,0.08613394462063964,True,0.015371936088906036,1.9372990131378174
472512,710.0842927682612,500,False,0.09962438863691918,True,0.015479807294927022,2.155848503112793
473136,840.1123849225042,500,False,0.05500556652734165,False,0.015690043569563872,4.136512756347656
473360,851.341752344769,500,False,0.05235977071539368,True,0.015725054246671383,1.9021797180175781
473888,880.4560430532518,500,False,0.044591777985655494,True,0.015683729693067704,2.4374043941497803
475872,785.941781443804,500,False,0.17730657141468947,True,0.01575703972701655,2.1156938076019287
476304,850.2393730774163,500,False,0.037190667056792484,True,0.0156429501482728,2.3768558502197266
476528,805.2406166695908,500,False,0.0317722506015368,False,0.015596542285883173,1.9938747882843018
477232,834.5167849695802,500,False,0.04130142403129415,True,0.015589137925324988,5.271823883056641
477504,723.573678804957,500,False,0.7996100660743468,True,0.015569162267055656,2.144512176513672
477728,789.7506679293689,500,False,0.09491926285917052,True,0.015659125582231752,4.464890480041504
478016,760.5888114221536,500,False,0.06975301427601364,True,0.0157120877433778,1.6899172067642212
478128,704.6921941573642,500,False,0.13485872493510837,True,0.015624337125947603,1.6806199550628662
478464,842.5206854298689,500,False,0.05766398350717102,False,0.015604725633999795,1.9783408641815186
478688,711.8840293755457,500,False,0.17612372536729734,True,0.015647658815604797,2.9571962356567383
479344,823.7958732110607,500,False,0.047285977783594925,True,0.015803243104104657,1.5064892768859863
479776,835.1840109662177,500,False,0.05506975582493651,False,0.016032188870715263,1.993890643119812
480512,838.7555220437683,500,False,0.07050924316763002,True,0.016018736399020933,2.2072367668151855
481136,833.5274603607537,500,False,0.06554783879297378,True,0.015777716114950623,2.155989170074463
481360,758.1928574254576,500,False,0.10768332518443471,True,0.01581261408006028,1.925307035446167
481888,823.1382268457083,500,False,0.07729976284558648,True,0.01581278078904805,3.6786394119262695
483872,810.5637846341566,500,False,0.033878028738618816,True,0.01568952522322072,6.718056678771973
484304,815.826030666534,500,False,0.03790973061986401,False,0.01563454622460285,4.939810752868652
484528,869.4772026440108,500,False,0.02525674485288336,True,0.01566935364855627,2.17431640625
485232,581.874750269675,500,False,0.12428094341115588,True,0.015605208142796517,2.322213888168335
485504,728.7003397554491,500,False,0.11877934711629176,True,0.015566029265391551,2.0000720024108887
485728,762.496407907326,500,False,0.1290513636020873,True,0.015746904373633262,2.5513672828674316
486016,866.4511101816425,500,False,0.05281345934068148,True,0.015696254303049547,2.2496848106384277
486128,594.0517433988286,500,False,0.8874883103644419,True,0.015608792096115303,1.9138493537902832
486464,905.9596379311243,500,False,0.031607321929233156,True,0.01559070337202486,2.9979944229125977
486688,743.4135076909834,500,False,0.1514585902336448,True,0.015576326606166431,2.0721540451049805
487344,770.953949484173,500,False,0.059347473498837025,True,0.015656056956963284,1.9494434595108032
487776,817.3730079244334,500,False,0.068040137708451,False,0.016029548477857824,2.081536293029785
488512,683.0543016595817,500,False,0.12356765008293895,True,0.01579553111705474,1.5857326984405518
489136,783.1675019747057,500,False,0.1487671180951133,True,0.015902421283874393,1.6946392059326172
489360,761.3207171571199,500,False,0.08325293789001076,True,0.015534799568581305,2.245767831802368
489888,565.6330225266394,500,False,0.4030502667772049,True,0.015456003499127775,2.996878147125244
491872,826.193055725323,500,False,0.015505932780457435,False,0.015609378879683122,2.2845675945281982
492304,843.2827013750178,500,False,0.025966446891461808,False,0.015395045964030508,3.717299699783325
492528,682.0091924695462,500,False,0.2042054629447014,True,0.015221069475248447,2.3345518112182617
493232,919.435130646463,500,False,0.01246833253093844,False,0.015140836436126818,2.7950901985168457
493504,801.090066174308,500,False,0.06972444298946857,True,0.015045158764449533,4.255161285400391
493728,866.8282262655262,500,False,0.013400697980698,False,0.015060500344841141,2.59829044342041
494016,802.516758074511,500,False,0.10169359396186128,True,0.015077801205984205,2.561312198638916
494128,432.2620175029351,500,False,1.7609818880211403,True,0.015190088099901113,2.3665666580200195
494464,879.2476351709123,500,False,0.019822191480996544,True,0.015188147063361721,1.7285983562469482
494688,824.1573486390877,500,False,0.03248957984439368,False,0.01530319973866418,3.0264484882354736
495344,840.3998923727138,500,False,0.017845641548580933,False,0.01525975381784184,1.685948133468628
495776,425.96474726673637,500,False,0.6062206675810232,True,0.015259685949840309,3.1416985988616943
496512,828.1051252117014,500,False,0.05219277029249976,True,0.015276912158323098,2.2839012145996094
497136,672.0013187109585,500,False,0.2552294688568922,True,0.015298787698902501,4.087273597717285
497360,841.905868469442,500,False,0.06084872116976281,False,0.015357245269410211,6.734982490539551
497888,721.1583871247207,500,False,0.15179120825243547,True,0.015421532157283554,1.7330907583236694
499872,753.6652289657447,500,False,0.1869846637967495,True,0.015434062479740716,2.107301712036133
500304,488.4818601541817,500,False,0.7110096784576317,True,0.015630393407041497,1.9920940399169922
500528,845.5332727882139,500,False,0.012776811234703611,True,0.015627472523144663,2.425969123840332
501232,779.0211662098537,500,False,0.0539763103880114,True,0.015583360133102141,1.7758269309997559
501504,718.0974031648143,500,False,0.2522824586712151,True,0.015502958799763409,2.0245232582092285
501728,821.3605797345291,500,False,0.12854238617031988,True,0.015589455587777393,2.1803297996520996
502016,850.1118163274884,500,False,0.034524307264735855,True,0.015483516265938517,33.26673889160156
502128,757.8961103097325,500,False,0.06104877972890614,False,0.015374185050275711,2.4683570861816406
502464,740.3330488566146,500,False,0.04331084085647465,False,0.015315963464435584,1.7405908107757568
502688,843.8840785421895,500,False,0.20281439676182847,True,0.01514548905065,2.2733073234558105
503344,872.7095918156703,500,False,0.03416797868844286,True,0.015128801853553834,2.288092851638794
503776,774.2581862844206,500,False,0.07003989814262211,True,0.015415164406684992,2.5263521671295166
504512,542.2212808531319,500,False,0.44989204593298254,True,0.015269423416791637,2.10282301902771
505136,786.2833517220796,500,False,0.03016335909170928,False,0.015478575787697948,2.17233943939209
505360,844.1499769139858,500,False,0.12971441083164326,True,0.01522815104285324,3.3730103969573975
505888,843.3717150906665,500,False,0.05786149240708081,True,0.015266952516421555,1.9919136762619019
507872,906.9667673033433,500,False,0.05526554130576801,False,0.015441849157369146,2.717517852783203
508304,718.1056535931403,500,False,0.2248882577069111,True,0.015652049243124123,1.6349337100982666
508528,776.5731418940276,500,False,0.0759053097347307,True,0.015755007754356645,1.8983864784240723
509232,628.6842508846112,500,False,0.36409446307953686,True,0.01582322120000798,1.973562479019165
509504,714.0913953914135,500,False,0.10241203792308125,True,0.015725866684268203,4.77454137802124
509728,670.9311422383627,500,False,0.17948139169123775,True,0.015707409142718006,2.319931983947754
510016,660.0004047844329,500,False,0.17346494840521837,True,0.0157562101625169,7.687326908111572
510128,670.8919986479956,500,False,0.182821590433187,True,0.01573829014732326,2.740985631942749
510464,827.5214684277503,500,False,0.07263488089116867,False,0.015776870211931797,3.1933741569519043
510688,866.9171487484003,500,False,0.08035499485981543,True,0.015777271932775026,2.123300075531006
511344,789.4191207739112,500,False,0.025929962757980467,True,0.01570732864171063,2.0334391593933105
511776,789.2367031538217,500,False,0.024195258732049887,True,0.015597367243560586,1.7956664562225342
512512,763.052669537397,500,False,0.07083760232557917,False,0.01553287318105578,2.7869434356689453
513136,792.7573336170626,500,False,0.11281959662534016,True,0.015261249544458106,2.382134437561035
513360,600.6989608262352,500,False,0.3660645706280048,True,0.01509332723674157,2.890907049179077
513888,845.9257088908045,500,False,0.07615240979459262,True,0.015048352456910323,2.1444082260131836
515872,605.702680286064,500,False,0.19590798964413755,True,0.015074572672427568,1.7652535438537598
516304,708.2183044055352,500,False,0.15914412327799907,True,0.014846725971582432,1.9113770723342896
516528,680.6577063099369,500,False,0.17901724417685,True,0.014839382036018306,2.1988046169281006
517232,673.3495558734414,500,False,0.2571060242519349,True,0.014868861192130439,1.6503443717956543
517504,791.1829778641321,500,False,0.05230375570470549,True,0.014811612387695728,2.12907075881958
517728,769.9478545589083,500,False,0.08544013536964067,True,0.01481011564380214,1.9476908445358276
518016,723.2975500515773,500,False,0.380345037248017,True,0.014852244426497687,1.8227052688598633
518128,731.3390119040051,500,False,0.15881841126607557,True,0.014938598235616165,2.239583969116211
518464,728.2647817492988,500,False,0.24946407770016876,True,0.014958155454051554,1.5374093055725098
518688,673.5295436622804,500,False,0.14527150820457524,True,0.01493315599961878,2.0300042629241943
519344,825.8845871101482,500,False,0.07832511501889111,True,0.0150057654401246,1.8732846975326538
519776,742.5861297710288,500,False,0.12734036461968085,True,0.014814560686562239,1.9327759742736816
520512,781.9373890202214,500,False,0.019892599906362458,True,0.01482133119240256,8.3853178024292
521136,829.9157653293825,500,False,0.025374744472473582,False,0.015004402152281238,1.6740853786468506
521360,849.7868958272098,500,False,0.07259032600159632,False,0.01493533907328013,4.970769882202148
521888,773.0384419792982,500,False,0.07331082966660449,True,0.01488256842739958,2.0188474655151367
523872,786.2410578487852,500,False,0.04579439513217495,True,0.014724157462831747,1.7084603309631348
524304,732.6303176852718,500,False,0.13108097937190208,True,0.014568496443335695,1.8891156911849976
524528,701.29731172116,500,False,0.05819491349173206,True,0.014524691267770177,2.16951322555542
525232,752.4767695046937,500,False,0.20941490154440154,True,0.014538628706440338,1.4761455059051514
525504,764.2497783680321,500,False,0.08673240684616627,True,0.014579717813970928,1.8352335691452026
525728,795.5347410181969,500,False,0.034672318229372286,True,0.014559131002147833,1.7650535106658936
526016,736.0200149254895,500,False,0.219576923843892,True,0.014724175866447102,1.9100128412246704
526128,695.2196971457982,500,False,0.11536656793569507,True,0.01456866704122631,2.5599606037139893
526464,797.3583417432718,500,False,0.02344608134569404,False,0.014576041046805729,1.7195448875427246
526688,756.5998541337988,500,False,0.49993763036894123,True,0.01455135947206094,1.7963061332702637
527344,508.8272215001618,500,False,0.6921912549535869,True,0.014490580234932873,2.601086139678955
527776,784.9174993048512,500,False,0.0555700668125544,True,0.014536247115973877,2.2417099475860596
528512,819.6850903614605,500,False,0.08365986045273661,True,0.014519713942911629,7.7676897048950195
529136,777.7734388085432,500,False,0.0745445715677998,True,0.01466909608337019,3.198920965194702
529360,742.4613592538178,500,False,0.10677286588213068,True,0.014675716812416074,2.1612234115600586
529888,810.3554488743957,500,False,0.023554204462879823,True,0.014649152521526054,2.474921226501465
531872,708.3287049116869,500,False,0.4735636503120318,True,0.01453231245579239,2.058138847351074
532304,659.0492154496102,500,False,0.2717481982191783,True,0.014587217431350746,1.8638360500335693
532528,905.3053937526306,500,False,0.028655578668813207,False,0.01434194676339482,1.870882272720337
533232,722.9363938648193,500,False,0.07281456864869819,True,0.014318618824825338,2.5103535652160645
533504,566.0129150523677,500,False,0.5683463313395009,True,0.014382735176947607,2.4946775436401367
533728,454.92614386605396,500,False,0.6181382877816092,True,0.01436216140658215,2.401838779449463
534016,855.3898930558394,500,False,0.046179886498230655,False,0.014289391496130496,1.8831486701965332
534128,718.1489045366634,500,False,0.2415249160483412,True,0.014260387480269804,2.1700387001037598
534464,817.9072634543138,500,False,0.06075407765285811,False,0.014214355208958763,3.6123080253601074
534688,833.2273652489754,500,False,0.04715239166731677,False,0.014196911723410985,1.556881308555603
535344,858.7270681766024,500,False,0.08886503414845202,True,0.01422185739296653,1.857759714126587
535776,798.434265808847,500,False,0.17079890170272471,True,0.014374091836273388,1.6138184070587158
536512,834.4906608513068,500,False,0.026859281842292276,True,0.014511160470550755,1.999790072441101
537136,802.677276812895,500,False,0.09557758062098796,False,0.014292315846027361,2.6878151893615723
537360,810.5490233028405,500,False,0.09888389724032924,True,0.014261586861459286,2.040461540222168
537888,548.687692061422,500,False,0.20661625179409418,True,0.014171479386417107,1.5871002674102783
539872,844.3141290788451,500,False,0.0713925563107018,True,0.014223861704508121,6.918414115905762
540304,838.8534723786247,500,False,0.017916821918941762,False,0.014338756098283624,2.654788017272949
540528,793.1052036739133,500,False,0.04155382844487593,True,0.014369025045232953,2.042776584625244
541232,648.385344160839,500,False,0.2605284907141069,True,0.014429576703070346,2.464305877685547
541504,888.5800217797272,500,False,0.03407830082038872,True,0.014664385500247151,2.271012783050537
541728,673.3716036920746,500,False,0.06869678216469251,True,0.014652310941919443,2.1658639907836914
542016,797.8634681331349,500,False,0.31744387265475554,True,0.014650119305276247,3.7095279693603516
542128,737.999889069095,500,False,0.2717434986204838,True,0.014670783960508882,2.213132858276367
542464,726.4169672070949,500,False,0.32830138952712407,True,0.014678461234049532,4.658586502075195
542688,766.8835105066192,500,False,0.16136907836575812,True,0.014654992612504282,2.202777862548828
543344,872.8591405615779,500,False,0.07631138449730374,False,0.014583839563904032,2.0845608711242676
543776,820.1080648740816,500,False,0.016073356826228107,False,0.014678867854004173,2.1179442405700684
544512,783.9400374801812,500,False,0.05956208596862497,True,0.01456063521547358,2.9852476119995117
545136,742.449683496113,500,False,0.3420439576825914,True,0.014374976772830892,2.2630224227905273
545360,833.8605948372694,500,False,0.05749767428565698,True,0.014410469954978553,3.075242042541504
545888,742.9453732463891,500,False,0.11683764038763776,True,0.014490364048838713,7.884994029998779
547872,700.4231287447097,500,False,0.21354650239473133,True,0.014349381264054122,2.0233941078186035
548304,686.2909291539157,500,False,0.2336740810853661,True,0.014488686720435578,1.9910767078399658
548528,759.98064485892,500,False,0.04301167629529863,True,0.014376687066045403,2.3384814262390137
549232,757.7963285537904,500,False,0.07477373813758507,False,0.014434919938534064,1.8602991104125977
549504,864.2226562300034,500,False,0.03277833578117195,True,0.014658685014687133,2.760688304901123
549728,697.5877270211953,500,False,0.08198837066062445,True,0.014707329714598844,1.8249503374099731
550016,796.0819040114806,500,False,0.0618433361154143,False,0.014725244215346142,2.592341184616089
550128,694.166620526547,500,False,0.07670215338789364,True,0.014725244215346142,2.592341184616089
550464,775.0386193481219,500,False,0.03153333337342343,False,0.01475564595220502,1.966194748878479
550688,883.3997445755253,500,False,0.05463130509139675,False,0.014761381435005261,3.4475879669189453
551344,802.594035525207,500,False,0.05779762235363415,True,0.014667131675136965,2.0241377353668213
551776,662.1299309456147,500,False,0.3926948571445919,True,0.014628112390253691,2.1334753036499023
552512,774.8914155277822,500,False,0.09151540531192631,True,0.01465146580984027,5.887246131896973
553136,712.5281798544066,500,False,0.12753478468825766,True,0.01486656352334491,2.6704750061035156
553360,788.5998503204167,500,False,0.022913119477527468,False,0.014650882486404412,2.226597785949707
553888,747.5510521578374,500,False,0.16409116894383824,True,0.014565136060055031,3.366197109222412
555872,828.5818518227999,500,False,0.01245626185753248,False,0.014350949730229191,2.027228355407715
556304,760.6814045854268,500,False,0.1636691565397195,True,0.014549925779775503,1.8635287284851074
556528,773.3161477766754,500,False,0.2081197514474563,True,0.014570448891858177,1.796308994293213
557232,663.8391435156847,500,False,0.20966016628292003,True,0.014636915893875646,2.1452693939208984
557504,796.0718338544187,500,False,0.020761946579472747,True,0.014766691162785662,5.586980819702148
557728,699.6310484604951,500,False,0.11965401554811801,False,0.014804887758043951,1.9661054611206055
558016,378.19542905395406,500,False,4.080081883842522,True,0.014816372315355882,1.8242108821868896
558128,739.8836090122522,500,False,0.11104157798732632,True,0.014819767962059346,1.640317678451538
558464,780.9606660734061,500,False,0.0412497976733757,True,0.014869145699802192,1.7585358619689941
558688,781.5989435960962,500,False,0.11417143051157037,True,0.014795560000474165,2.1189849376678467
559344,857.4868220713643,500,False,0.01963189206594287,False,0.014766145705132915,2.1090750694274902
559776,786.8040814822141,500,False,0.10591531086861886,True,0.014939093366519964,2.230260133743286
560512,770.2305631049373,500,False,0.035701283442786155,True,0.014964531081769693,2.3949356079101562
561136,715.3827409012594,500,False,0.17562863306114535,True,0.01506918998944771,1.8435487747192383
561360,782.2424785890856,500,False,0.04787204696968782,True,0.014908306719766465,1.5892271995544434
561888,782.9954739489715,500,False,0.09878753899810418,True,0.014814058459323138,1.7624064683914185
563872,711.8440942603777,500,False,0.1671261880508923,True,0.014647150504826126,2.158032178878784
564304,766.645773535544,500,False,0.20624230879798663,True,0.01463186041736683,1.9385168552398682
564528,772.8559522978263,500,False,0.04855488379674845,True,0.014558504744832463,7.689691066741943
565232,815.8339507406862,500,False,0.14596153637280115,True,0.01462744043315257,2.311013698577881
565504,795.5693355208655,500,False,0.07584667126473242,True,0.01469028230834857,2.0471081733703613
565728,744.2994191533182,500,False,0.25890603296872583,True,0.014592160995877953,1.8278298377990723
566016,792.1779463257965,500,False,0.09735291182398187,True,0.014520834910273644,2.4892044067382812
566128,676.1985696067303,500,False,0.41482428691050344,True,0.014376475390395818,1.6440141201019287
566464,773.7479515998025,500,False,0.14219060069851153,True,0.014365117610710165,2.027883291244507
566688,748.2197976309133,500,False,0.32757543754121055,True,0.014349071234873539,1.8443660736083984
567344,659.7441471357897,500,False,0.27398811471115886,True,0.014338122818284716,2.6733546257019043
567776,751.6294650089156,500,False,0.32732927336161294,True,0.014228138895558908,4.2374982833862305
568512,625.4228388400119,500,False,0.19946862786157218,True,0.01418763015357334,2.0400004386901855
569136,757.4337929290875,500,False,0.22534352946167388,True,0.014144430168737359,1.8274668455123901
569360,834.1828458253805,500,False,0.10591980369924614,True,0.014155404175577932,2.180938720703125
569888,631.2324624686527,500,False,0.1168426974866702,False,0.014148166536379462,3.1156580448150635
571872,819.3752655855934,500,False,0.13619886797608993,True,0.014179952554246818,1.962057113647461
572304,829.077650114711,500,False,0.04281514544821478,False,0.014567462504296453,2.3825507164001465
572528,780.3134000543263,500,False,0.19155334374482716,True,0.01453339303983184,3.535045862197876
573232,740.8508497331399,500,False,0.09000827614959768,True,0.014438133596858523,1.7135605812072754
573504,850.1499326576363,500,False,0.03423690750160586,True,0.014297959462817079,6.2104949951171875
573728,813.2506279222814,500,False,0.04455054867536895,False,0.014357188955614225,2.3246281147003174
574016,830.710968385023,500,False,0.08010952693222015,True,0.014366096984623548,2.2982239723205566
574128,705.7862100164228,500,False,0.13571892545179104,True,0.01446864864742966,2.236421585083008
574464,768.6338294346172,500,False,0.1568604950535326,True,0.014502243763795776,1.8892714977264404
574688,756.7667772203982,500,False,0.16872239000748826,True,0.014375413009893182,3.6400961875915527
575344,820.5256434719544,500,False,0.024648447146028714,False,0.01440357611082528,2.095278739929199
575776,774.9794694319658,500,False,0.07395308241642075,True,0.014312368965802279,2.3142969608306885
576512,748.281638466262,500,False,0.30954179683046407,True,0.014190729744341246,1.9602234363555908
577136,812.4147363601755,500,False,0.17234472838862558,True,0.014579964730205558,1.8376026153564453
577360,796.01459778369,500,False,0.05949711922950817,True,0.014562753367639632,2.2627902030944824
577888,773.0830197087396,500,False,0.10886174855186537,True,0.014424049142193545,2.3782076835632324
579872,682.4737000522334,500,False,0.16236257250002653,False,0.014307951165782403,3.3310837745666504
580304,751.4382839127622,500,False,0.11693135211144699,True,0.014400302253848914,2.0880813598632812
580528,728.9343843884229,500,False,0.12235197403870025,True,0.014449399868216714,2.016221046447754
581232,815.9116703018144,500,False,0.02601528376214523,True,0.014421792048219547,2.8817501068115234
581504,823.2267572206681,500,False,0.023927686523336197,True,0.014395467247739862,6.989733695983887
581728,800.5401763631905,500,False,0.1523946602160959,True,0.014443865966230368,1.8339745998382568
582016,753.7267534222487,500,False,0.030506871010151478,True,0.014495671966372439,2.0504403114318848
582128,804.2809679628834,500,False,0.04530538931237056,True,0.014540692371158064,2.0285427570343018
582464,691.6738831010152,500,False,0.11706678671430794,True,0.014572055249710218,1.567408800125122
582688,885.1852793309898,500,False,0.04990697701337511,True,0.014670894222657972,6.552752494812012
583344,707.8472628163684,500,False,0.10746061129769413,True,0.014726379327446559,1.6520788669586182
583776,788.8750476735803,500,False,0.047080803629825904,True,0.014900889812827976,1.9663865566253662
584512,720.87504683769,500,False,0.09962632957560699,True,0.014958009188031801,2.1610217094421387
585136,827.771597916567,500,False,0.12344474026242362,True,0.015114863345816817,1.9228730201721191
585360,808.6565896699809,500,False,0.12148142875993052,True,0.014895674658446649,2.2596993446350098
585888,860.7208936389716,500,False,0.014064217403680157,False,0.014828426293067408,3.6540908813476562
587872,591.7445894062823,500,False,0.2366782641122394,True,0.014502714391103188,2.325892210006714
588304,640.8595482589197,500,False,0.13071243544436126,True,0.014704276092207593,2.235703706741333
588528,777.6417575192424,500,False,0.07836320412696958,True,0.01489728048513226,2.1584672927856445
589232,840.5669325370918,500,False,0.05335946353021987,True,0.014907743281922329,2.285123348236084
589504,864.6856131973008,500,False,0.034188227156268285,True,0.014760196835220254,1.94467294216156
589728,632.5237988416759,500,False,0.17740675207466255,True,0.014745631336509944,2.0808064937591553
590016,829.7455639516924,500,False,0.13248686257890246,True,0.014774038896756164,2.1470227241516113
590128,735.2521231795074,500,False,0.09228997385536086,True,0.014683482608295,1.9311243295669556
590464,829.0380907118187,500,False,0.09528665111069831,True,0.014651042747416987,1.9997491836547852
590688,720.2213932851126,500,False,0.06788236940244322,True,0.014523139682551128,2.306969404220581
591344,725.8013630654946,500,False,0.22496743777084424,True,0.014525229410371323,8.510823249816895
591776,746.9725670528176,500,False,0.016179677949995436,True,0.014378898217416768,1.6714003086090088
592512,761.7807360777263,500,False,0.13235097676204424,True,0.01443736935767984,1.9533315896987915
593136,768.3205963241222,500,False,0.10911790119738217,True,0.01470841992449807,1.8547924757003784
593360,817.6318202826257,500,False,0.22805887482715823,True,0.014630736383343793,2.2544994354248047
593888,748.7069755134734,500,False,0.18332339650424462,True,0.014671077255193564,4.413788795471191
595872,719.8114942434627,500,False,0.21595227380197482,True,0.014588415308462561,4.103664398193359
596304,827.2983276206269,500,False,0.20460780539692458,True,0.014497617269544573,2.1451778411865234
596528,775.1873842312359,500,False,0.06998599094576072,True,0.014602861504633084,1.7598536014556885
597232,823.938696443321,500,False,0.03545628761297498,True,0.014547855376062674,2.1253576278686523
597504,766.8640945693296,500,False,0.057304803450187985,True,0.014422453602404661,1.7548155784606934
597728,834.0714557418627,500,False,0.23228514524727706,True,0.014542556099683602,1.9188711643218994
598016,812.7909284829187,500,False,0.07699757078311857,True,0.014445683258855181,2.226309061050415
598128,711.3064078429587,500,False,0.10409397281893304,True,0.014358476668198155,1.7511532306671143
598464,759.8977537475496,500,False,0.24541938658274878,True,0.014344399989569028,2.3288934230804443
598688,744.256616555405,500,False,0.04998670608975052,True,0.014306696917305132,2.034475326538086
599344,855.0243486094985,500,False,0.031095087756205037,True,0.014395828669857117,1.9856334924697876
599776,654.6322088314342,500,False,0.22281186721971227,True,0.014600065114389743,3.872391700744629
600512,704.941350934562,500,False,0.20127333344561452,True,0.01457005547208309,1.8824551105499268
601136,900.4470545103214,500,False,0.05091125372511682,True,0.014554079230013563,5.1825361251831055
601360,582.1534533601668,500,False,0.9440502262086843,True,0.014511545570603421,1.775936484336853
601888,755.2020431533973,500,False,0.143242065467194,True,0.014439507375442227,1.8984895944595337
603872,768.1285801946995,500,False,0.05511202006632093,False,0.014511032409118782,1.7619911432266235
604304,866.3142722224335,500,False,0.03776082351709524,True,0.014116677004320514,4.802257537841797
604528,845.726158814314,500,False,0.012198403634871048,False,0.01411446782058685,1.7985005378723145
605232,889.9522246468773,500,False,0.03402096027614336,False,0.014151053998533036,1.7718985080718994
605504,740.5910739002755,500,False,0.1318703911278497,True,0.014419846107817293,1.926746129989624
605728,678.2823015110499,500,False,0.04792165784426675,True,0.014479573940730408,2.3568274974823
606016,755.486515914432,500,False,0.032020823498231044,True,0.014590581261385066,2.049069404602051
606128,831.775508079504,500,False,0.022929248751097683,True,0.014615995364814827,2.630540370941162
606464,708.0878163936902,500,False,0.1575678104812409,True,0.0145788533540178,1.6967236995697021
606688,761.7332541391987,500,False,0.04393088736331585,True,0.01449681617811145,1.196437120437622
607344,844.7415422528179,500,False,0.030031812866442235,False,0.014434580067671246,1.7684087753295898
607776,812.2993963089151,500,False,0.11768102763670939,True,0.01441268482888764,2.2966341972351074
608512,845.1131764362234,500,False,0.038401812472773945,True,0.014459053956200675,3.2657206058502197
609136,791.0500726353744,500,False,0.02434847088028527,True,0.014391362525815578,2.302039384841919
609360,783.3205878782111,500,False,0.10415066296724958,True,0.01426273394625447,1.99857759475708
609888,714.2559403844842,500,False,0.0985124077323339,True,0.01425876572926946,2.0356104373931885
611872,774.6253090869592,500,False,0.036931553148127856,True,0.014442523228229278,1.5345566272735596
612304,712.3738781003356,500,False,0.39268865320859164,True,0.014376313759539747,3.3778092861175537
612528,799.6923594072384,500,False,0.04980523627676235,False,0.01438047928601525,3.1264567375183105
613232,608.5263131880038,500,False,0.23498081204229426,True,0.014426836352679615,2.5635933876037598
613504,762.5317363573565,500,False,0.17857179103153234,True,0.014353635888559766,3.0920205116271973
613728,790.1362014313406,500,False,0.08062037793232894,True,0.014394464146900167,2.2075207233428955
614016,802.8588333687002,500,False,0.10084254633789884,True,0.014446302236253362,1.594538927078247
614128,854.0764107613785,500,False,0.11930850772471598,True,0.014442647102940683,5.272256851196289
614464,708.3219288805253,500,False,0.12535751365382744,True,0.014464593492595742,3.107140302658081
614688,712.6586808266529,500,False,0.12370897578181772,True,0.014579173075852787,1.8457905054092407
615344,835.996498154918,500,False,0.02090966476223803,True,0.014501707941154464,3.5737640857696533
615776,756.5866634050352,500,False,0.28167916646193636,True,0.014235654513966333,1.8313660621643066
616512,779.3706732394088,500,False,0.22405953238663107,True,0.014231580661964545,3.5600898265838623
617136,829.2038057342038,500,False,0.05777388292078038,True,0.014285497155807562,4.383160591125488
617360,768.664468154342,500,False,0.05405131916833356,True,0.014465437519019374,5.809473037719727
617888,824.69801605419,500,False,0.025677577458581197,True,0.01456384142185025,2.196110486984253
619872,765.6744423215134,500,False,0.03521210112796547,True,0.014749016851936666,1.3293806314468384
620304,792.2906375524102,500,False,0.18281872966644663,True,0.014483571448866828,2.2946770191192627
620528,748.2087007495012,500,False,0.07609586320568018,True,0.014365367450382518,2.15362286567688
621232,854.9928423906708,500,False,0.2820801449005982,True,0.014365179377381182,4.7321882247924805
621504,831.1971123286341,500,False,0.0313889866234777,False,0.014454195948913296,1.4163285493850708
621728,758.1025534382554,500,False,0.04960525638556753,True,0.01440436108556162,2.5403823852539062
622016,767.0574525024244,500,False,0.04551777689850973,True,0.01449680747114539,2.072449207305908
622128,800.58905408244,500,False,0.09116403278299927,True,0.014419450612362389,1.6634278297424316
622464,820.9645559415121,500,False,0.14996171727543917,True,0.01435969682224416,1.6472747325897217
622688,820.9207996903848,500,False,0.02323354255237807,False,0.014352902599226237,1.9902209043502808
623344,734.4071917820697,500,False,0.12197357286479066,True,0.014312727443519158,2.4017860889434814
623776,769.3423832382465,500,False,0.21999775475744085,True,0.014211961171786601,2.0341155529022217
624512,861.5017330475846,500,False,0.04738415027611628,True,0.014226453524432414,7.349442481994629
625136,685.4149785151709,500,False,0.14600730777082088,True,0.014409281857239024,1.9331400394439697
625360,711.8756159519127,500,False,0.07260880163700384,True,0.014299306433113626,5.344740390777588
625888,775.9158541169182,500,False,0.1322098931053638,True,0.014197613420336035,6.191152572631836
627872,748.1084782483598,500,False,0.13885421942564,True,0.014039108808043998,2.2935423851013184
628304,795.0839253678125,500,False,0.07206758456394213,False,0.014263971879262828,1.8008482456207275
628528,801.9311397185191,500,False,0.046153865463786414,True,0.014298511585282402,1.7457342147827148
629232,735.721481698912,500,False,0.1641795035585297,True,0.014428267496294942,1.6532503366470337
629504,851.7507446497815,500,False,0.027577579590735816,False,0.014386484047043431,2.3704094886779785
629728,766.4534798430899,500,False,0.18137889556812703,True,0.01449797739695891,2.287740468978882
630016,839.1442114123561,500,False,0.029155105047377942,True,0.014575363467790585,2.1047708988189697
630128,803.0942956802149,500,False,0.03032412742521475,True,0.014568221122683103,2.0361487865448
630464,795.4154518427597,500,False,0.10924360161094633,True,0.014530068543770347,1.7547855377197266
630688,886.3418613103461,500,False,0.0038094464860490107,False,0.014304065419588381,3.9883780479431152
631344,777.3488521393027,500,False,0.1394595415007909,True,0.014215624254508464,2.713235378265381
631776,859.2234017467613,500,False,0.04336269848842267,True,0.014332424750127571,1.9181129932403564
632512,675.402489573655,500,False,0.11955014615583079,True,0.014252131100297608,1.913436770439148
633136,749.9601032124696,500,False,0.09163909430716699,True,0.014205394784943627,1.9403424263000488
633360,791.0279547854728,500,False,0.16325997918880575,True,0.014016438752259955,10.652538299560547
633888,726.8955274821092,500,False,0.05578885505549203,True,0.013993764940836543,2.1958842277526855
635872,817.2670227787286,500,False,0.02289761778236944,True,0.014073763191527719,1.5436246395111084
636304,657.2684136902168,500,False,0.30648478365775,True,0.014137663207676109,10.003890991210938
636528,707.3793156441212,500,False,0.25976880459663676,True,0.014096461635597976,2.486769676208496
637232,814.2493675647636,500,False,0.1015215159687348,True,0.014088833282985826,2.521146535873413
637504,796.7300251246901,500,False,0.18251792617654555,True,0.014190518066393617,2.0947823524475098
637728,890.72879948927,500,False,0.02683844526772378,False,0.01427312586088299,3.13368558883667
638016,801.0297494779843,500,False,0.05699473335767977,False,0.014358708295499241,2.8143625259399414
638128,809.609399574493,500,False,0.062978317427264,False,0.014372286259481249,2.069462299346924
638464,736.8033759778593,500,False,0.2964942631846069,True,0.014400550221853858,2.478548526763916
638688,829.8469238062611,500,False,0.03494077229303385,True,0.014327734050298812,1.5802390575408936
639344,878.2009848200615,500,False,0.01668400657287705,False,0.014345956633742574,2.1313345432281494
639776,714.8284084718099,500,False,0.11552138751717608,True,0.014478026621378745,2.009100914001465
640512,788.9695784719107,500,False,0.013811298764623184,False,0.014490840836623354,1.874807596206665
641136,783.2749845385795,500,False,0.1720589491976163,True,0.014603053232407473,3.437268018722534
641360,856.5994578525974,500,False,0.05226693892732398,True,0.014424927198787426,1.9065487384796143
641888,625.2778373527163,500,False,0.16327258482442808,True,0.014378025830238039,3.9153757095336914
643872,794.0904488940887,500,False,0.0882578267269764,True,0.01431904558649126,1.7273532152175903
644304,829.3377892241573,500,False,0.0565818165559777,True,0.014092578357873852,2.047091484069824
644528,618.4866336448704,500,False,0.21677883912278603,True,0.014018258555303817,2.142332077026367
645232,734.4249364292548,500,False,0.24932441965780125,True,0.014129579293773007,2.5151596069335938
645504,779.2274979927266,500,False,0.05063692632842737,True,0.014111430329052026,1.7443146705627441
645728,812.219406549233,500,False,0.21249224167882133,True,0.014063149696197902,2.5978047847747803
646016,757.6692231299678,500,False,0.10600537968383793,True,0.013919173864981335,2.315911293029785
646128,702.9364725170763,500,False,0.10018536593247976,False,0.013851963909643241,3.8587191104888916
646464,773.2934836239083,500,False,0.059815753868843274,True,0.013839594993461147,2.0125770568847656
646688,722.7860082744984,500,False,0.1042951974989746,True,0.013905838477783535,1.9416090250015259
647344,837.1150304339199,500,False,0.01619099899644132,False,0.013887790235274165,2.25726580619812
647776,842.4740142740516,500,False,0.06796962946581879,True,0.01368626462820967,2.835115432739258
648512,836.0379196687044,500,False,0.03582709469805441,False,0.013749277643114535,2.6595895290374756
649136,854.81168453752,500,False,0.07272319169347884,True,0.013804755910303858,23.570266723632812
649360,660.2204313828261,500,False,0.09609243053098444,True,0.013944928872713083,1.7017741203308105
649888,840.0713097396649,500,False,0.08492072428660356,True,0.013844508730911748,1.5181806087493896
651872,864.814665462171,500,False,0.06486460924161207,True,0.01373091327200723,2.049060344696045
652304,679.7166940373869,500,False,0.18037563383482727,True,0.01379885760735924,2.2373206615448
652528,842.3189850340402,500,False,0.05906272990189122,True,0.013788383543193724,1.8487677574157715
653232,857.6060645257936,500,False,0.04599466572414946,False,0.013794620575708039,2.995910882949829
653504,710.647605787222,500,False,0.18355903808425122,True,0.013712883975774358,2.271304130554199
653728,794.8855476387582,500,False,0.3044190104337965,True,0.013683112932095889,1.3175281286239624
654016,796.2319851420616,500,False,0.23746702169773878,True,0.01368011027635226,1.7738277912139893
654128,792.4453117266769,500,False,0.38335863875631454,True,0.013962844962004369,1.8360536098480225
654464,761.6276560983159,500,False,0.13441327460695504,True,0.013974816001037959,1.6129969358444214
654688,896.8864395402336,500,False,0.022574520557935737,True,0.013917973320439326,2.209333896636963
655344,865.6015062061573,500,False,0.04432959800138445,True,0.013930655751766996,1.8502236604690552
655776,822.972958173741,500,False,0.14797000151759207,True,0.013789812635915992,2.5861124992370605
656512,831.9458471161856,500,False,0.04589907727695233,False,0.013507538247592672,1.7255771160125732
657136,550.323371071625,500,False,0.3789621798619908,True,0.013539749905050816,1.5083320140838623
657360,816.8111313984363,500,False,0.08710437426707433,True,0.013622977139261522,1.8438353538513184
657888,763.4928482760002,500,False,0.07997015927551823,True,0.013583268674686849,2.076512336730957
659872,841.9719909537868,500,False,0.07232779475115468,True,0.013587989502399521,1.8466583490371704
660304,800.6921171755712,500,False,0.11063366684762131,True,0.013835671985100472,9.237100601196289
660528,755.7354899925887,500,False,0.050521424588137465,True,0.01373009790810446,2.554013729095459
661232,879.4059447432883,500,False,0.16282816757427757,True,0.013837964135803198,3.024127244949341
661504,815.8966567786996,500,False,0.03791110305308563,True,0.01431978560472103,2.178483009338379
661728,750.7645585126585,500,False,0.06510566306045293,True,0.014317599291927836,1.4852828979492188
662016,698.5706701396942,500,False,0.24477851846461454,True,0.014187718454782136,2.8167505264282227
662128,771.8816295704563,500,False,0.14536871150330322,True,0.014104791878471438,1.940686821937561
662464,814.7279704504514,500,False,0.12470890859601799,True,0.014125231389751493,6.711512565612793
662688,817.0437689424926,500,False,0.04781024930796554,True,0.01387724929713778,1.7098968029022217
663344,726.7345371004865,500,False,0.11894716186876408,True,0.013828853900819822,3.4606077671051025
663776,866.3699643319892,500,False,0.024185565327543807,False,0.013845793376438025,2.561361312866211
664512,766.7351376856541,500,False,0.04231887997421669,True,0.01379727882373292,1.881917953491211
665136,850.7986834921677,500,False,0.08177577779208367,True,0.013897597320288127,2.2371039390563965
665360,855.4618687683193,500,False,0.030613595455234233,True,0.014073550443183728,2.1806139945983887
665888,786.6841631847203,500,False,0.05286117684853795,True,0.014084202963580513,1.6642028093338013
667872,767.9385236554066,500,False,0.015922609343785973,True,0.014010854094074848,2.243468761444092
668304,847.1998775705065,500,False,0.12204523000845964,True,0.013804710339335563,1.6752760410308838
668528,795.7657953612297,500,False,0.035822248185036897,True,0.013903600243548147,1.6590125560760498
669232,849.3027401045997,500,False,0.02904277028760862,True,0.01398511976097823,2.1248464584350586
669504,798.5939236558733,500,False,0.08049766401668584,True,0.014189500636707932,2.3132057189941406
669728,748.3208425266309,500,False,0.12648996478795244,True,0.014268658489523094,3.225780725479126
670016,861.6394652404564,500,False,0.03670282548408684,True,0.014124529877230431,1.9776036739349365
670128,661.7280529357002,500,False,0.07519082277753728,True,0.01403883992015383,2.0122804641723633
670464,863.3312174448896,500,False,0.0282079359111596,True,0.01400112410180152,5.20119571685791
670688,814.6823589521878,500,False,0.09713300719232161,True,0.013974365227173383,1.651695966720581
671344,809.2371950332746,500,False,0.044154495270656305,True,0.013861056677133573,1.8454902172088623
671776,742.8482574451447,500,False,0.08755048818927096,True,0.013855825235599558,7.7548041343688965
672512,806.4502800986787,500,False,0.061396963137684536,True,0.013855831990238002,1.8479089736938477
673136,812.7322152539938,500,False,0.12987859145178246,True,0.013913760013071118,1.6494001150131226
673360,782.5124282982481,500,False,0.09575196385497273,True,0.013842921883276151,2.0767664909362793
673888,816.2149969442106,500,False,0.07170169059044626,True,0.013912022867693621,3.0969979763031006
675872,805.1836498680573,500,False,0.01322399745190065,True,0.013989095968187358,3.217071294784546
676304,821.8659204227343,500,False,0.04782552345890361,False,0.01425747794353858,1.7094227075576782
676528,720.2602768412364,500,False,0.2694978039548648,True,0.014060632132544557,4.101093292236328
677232,795.2306372541477,500,False,0.06146527847449238,False,0.01403547318239,1.728115200996399
677504,869.3601466687866,500,False,0.0930318940801925,True,0.014142975474796184,1.7201931476593018
677728,732.2187818402424,500,False,0.03834925289331849,True,0.014201372683871998,1.7995078563690186
678016,800.5954382145416,500,False,0.04915060747096008,False,0.014228738116568324,1.5176455974578857
678128,757.3508340058683,500,False,0.06250408262562819,True,0.014184280503745796,2.8014023303985596
678464,771.6474382131942,500,False,0.12340368414631421,True,0.014185438982911407,1.7980940341949463
678688,801.982465908345,500,False,0.09245179350103305,True,0.014160602417329752,1.9774051904678345
679344,841.5473854893701,500,False,0.04547984844961257,False,0.014061509043820078,1.5402319431304932
679776,726.4063479638618,500,False,0.09127086720706719,True,0.013969508200015922,2.878286361694336
680512,675.3253835632005,500,False,0.09962358164606679,True,0.014145603575388653,1.5928022861480713
681136,770.491585826331,500,False,0.031779746611539705,True,0.014194128086209479,1.7702362537384033
681360,771.7924004858246,500,False,0.05353005923075952,False,0.014067684196963217,2.8026347160339355
681888,851.6127266859471,500,False,0.05811771720263838,True,0.014120715952994285,4.892704010009766
683872,859.6958742992701,500,False,0.0693505024392116,True,0.013996780354242535,1.806305170059204
684304,827.2747343625244,500,False,0.028945599803718667,True,0.013772788893121776,1.7612226009368896
684528,826.9540067443769,500,False,0.02419148871103819,False,0.013809282042861666,1.8990874290466309
685232,773.2032451390219,500,False,0.15421937984141054,True,0.01394953403028794,2.0522818565368652
685504,831.065667654249,500,False,0.11827918033024368,True,0.01406760198269222,2.6085386276245117
685728,847.7462393769764,500,False,0.15563721018441512,True,0.014122837193067126,2.6692824363708496
686016,866.1005333154865,500,False,0.04074466654754373,True,0.014108570763377135,4.447625637054443
686128,763.3118720243117,500,False,0.11196449520096377,True,0.014033293915178794,1.8285439014434814
686464,878.2780268467803,500,False,0.055677435393841145,True,0.014030075892647686,1.7430490255355835
686688,834.2292252553626,500,False,0.08375398983821278,True,0.01398035112814296,3.67348575592041
687344,733.128763904226,500,False,0.09349996650556315,True,0.013857834072834242,5.293160438537598
687776,789.1054053134638,500,False,0.1415970171817974,True,0.013584250454191106,1.896881341934204
688512,749.7750315048272,500,False,0.05910054420644995,True,0.013550589248460533,5.905448913574219
689136,754.0314108490969,500,False,0.16754440327758172,False,0.01362879870316577,1.4757018089294434
689360,836.8134625297092,500,False,0.07729246973003842,True,0.0136824242948134,1.8486939668655396
689888,754.0511319218505,500,False,0.0999699574924878,True,0.013608990041443567,1.6588146686553955
691872,808.0067592055917,500,False,0.04183611023730906,True,0.013565674039917859,3.4980645179748535
692304,748.4784165598685,500,False,0.12772762552918634,True,0.01354898942298811,2.072537899017334
692528,778.2740289776627,500,False,0.02353169807424509,False,0.013451260431306946,1.9669008255004883
693232,834.0489039214941,500,False,0.12828001556046278,True,0.013387605518049352,1.7854245901107788
693504,729.0002172645901,500,False,0.16063740950278876,True,0.013142261567710287,2.399073600769043
693728,778.0042636575307,500,False,0.04249862313270627,False,0.013219459383014396,2.3700954914093018
694016,824.237518423884,500,False,0.046225901343708416,True,0.013315196411477515,1.6980440616607666
694128,786.8709848038058,500,False,0.06240548404572527,True,0.01325880830752457,2.0828073024749756
694464,616.5290297726746,500,False,0.13836791279100816,True,0.013320702494637059,1.6101462841033936
694688,762.5123616847097,500,False,0.07177965650302938,True,0.013432675875918784,10.675975799560547
695344,757.1621199301762,500,False,0.10648362021245135,True,0.013394522391451428,2.968010663986206
695776,806.4315232479983,500,False,0.05589240849627392,True,0.013379484600824207,1.833129644393921
696512,813.0257966213437,500,False,0.23489816418259776,True,0.013252252534379075,1.661731243133545
697136,758.2574887322813,500,False,0.06900366686318571,False,0.013433777184952958,2.7535037994384766
697360,786.6968947332659,500,False,0.07137403239378307,True,0.013343491039060268,2.8881473541259766
697888,895.2684232821987,500,False,0.07834098992147548,True,0.013353619143807822,1.6068614721298218
699872,820.8731066789514,500,False,0.05322264765838312,True,0.013431401497377845,1.7531296014785767
700304,814.9389411852565,500,False,0.12297533065348387,False,0.013514684971428156,2.0212411880493164
700528,795.7157535858674,500,False,0.19591890170323878,True,0.013506159729611004,2.115540027618408
701232,764.6250641969237,500,False,0.06337258154038625,False,0.013580604553692045,2.509503126144409
701504,754.1295267241909,500,False,0.06548539913272429,True,0.013514665507370054,3.837693929672241
701728,804.1063441921533,500,False,0.08557691939092592,False,0.013487062224475009,2.175124406814575
702016,723.5928988357164,500,False,0.0834377609130814,False,0.013452159703473136,27.770748138427734
702128,771.9409777749954,500,False,0.18509598125273352,True,0.013336386952509046,1.6249172687530518
702464,791.3066525729453,500,False,0.09137433591752124,False,0.013328785681276885,3.843202590942383
702688,663.6376590950887,500,False,0.24387287944046254,True,0.013295408125771327,1.8300185203552246
703344,674.2389636533777,500,False,0.18474939034702234,True,0.013193909320193776,3.79219388961792
703776,799.4263977386405,500,False,0.062507881159503,False,0.01315469408554018,1.6925606727600098
704512,703.5109050032371,500,False,0.16617872534564646,True,0.012941351656585536,2.369108200073242
705136,811.9618024035045,500,False,0.0773173262046455,True,0.013031670583982502,2.1836066246032715
705360,766.4470611308541,500,False,0.07756929535220201,True,0.01316329015423985,1.8222112655639648
705888,817.4293860876967,500,False,0.07212129775067054,True,0.013154598586788347,1.3025037050247192
707872,711.8527710876627,500,False,0.24079904201448835,True,0.013096944133466532,2.591831684112549
708304,827.9816129562732,500,False,0.0299143791481576,False,0.013234306009932957,1.7982043027877808
708528,827.6467974884985,500,False,0.123061006379062,False,0.013313988113251178,1.8840043544769287
709232,717.038817481294,500,False,0.11789657247022096,False,0.013413688514188296,1.671114444732666
709504,766.2873926680777,500,False,0.08885765267695162,True,0.013407742411473024,2.419757127761841
709728,661.9333347960722,500,False,0.08534581685501233,True,0.01339621745557258,1.9071712493896484
710016,714.2581832485612,500,False,0.14723913884143325,True,0.013309436953812993,1.9741920232772827
710128,835.7976141553244,500,False,0.017350675896308412,True,0.01330580509834621,1.9855953454971313
710464,746.579057272416,500,False,0.09249498225914608,False,0.01330155389508337,2.243316411972046
710688,757.1457436967121,500,False,0.07824484217071054,True,0.013217047928743121,1.762951374053955
711344,746.4552050256738,500,False,0.08427788165463906,True,0.0132040547882326,2.3066110610961914
711776,818.8046308919535,500,False,0.05289539194352855,False,0.013287241058736224,2.3572981357574463
712512,798.9574316664248,500,False,0.06164112349243633,False,0.013367067850999465,1.748939871788025
713136,833.7794864161681,500,False,0.3205378890700922,True,0.013479811324934789,1.9820476770401
713360,804.3154581647519,500,False,0.04886146658952865,True,0.013425815920515838,2.1346206665039062
713888,773.2767045570615,500,False,0.1066499495788014,True,0.013376648596042751,1.9367382526397705
715872,776.1686803356886,500,False,0.010408051318849323,True,0.01346746213107758,2.646073818206787
716304,783.9820737172912,500,False,0.10058456221798476,True,0.013504894378498014,1.6131563186645508
716528,794.6267649977343,500,False,0.04173444753535376,True,0.013435761283238498,2.942614793777466
717232,756.8282330866857,500,False,0.05954208675098674,True,0.013467203621964317,2.322845935821533
717504,777.4374819752767,500,False,0.29023028480601215,True,0.01330193225695304,1.2193503379821777
717728,804.4587900557044,500,False,0.0782020378950985,True,0.01325385437825924,2.4464542865753174
718016,702.0088428160029,500,False,0.1461698889034789,True,0.01332742468115105,4.87064266204834
718128,736.1344309461736,500,False,0.066141133053592,True,0.013286090939590905,1.9831252098083496
718464,869.285554343633,500,False,0.05612710712929199,True,0.01331063400003535,1.5907299518585205
718688,802.3709223465386,500,False,0.12242652993102084,True,0.013307034926833945,1.745572566986084
719344,732.2657271303121,500,False,0.1250264126335613,True,0.013257573662577507,1.6894758939743042
719776,772.2945951799722,500,False,0.051318832858807686,True,0.013438123234359362,2.37908935546875
720512,772.909034833384,500,False,0.11577637697296889,True,0.013380378224091188,2.0513997077941895
721136,808.634826769364,500,False,0.06887354833421577,False,0.013377046968707314,2.1295549869537354
721360,838.899827574265,500,False,0.09767831650893888,False,0.01329533185562702,2.6096088886260986
721888,881.3900197959484,500,False,0.0370500040159066,False,0.013258130531784505,1.6663691997528076
723872,802.6160644231674,500,False,0.12019034668687274,False,0.013335736228020686,1.493217945098877
724304,804.067976523544,500,False,0.10170639478464144,True,0.012836470635046414,1.287600040435791
724528,724.0149766245387,500,False,0.09881837404156403,True,0.012820490044747408,1.3394211530685425
725232,770.67638552339,500,False,0.17955944837043675,True,0.012868859225322458,6.125000476837158
725504,760.481278241138,500,False,0.12779329509381207,True,0.01308050846607287,4.974340915679932
725728,794.6394142878453,500,False,0.067369279570631,True,0.01309057447285782,1.8617218732833862
726016,779.655481032983,500,False,0.10464242390521594,True,0.013118945941331226,2.3345084190368652
726128,817.1688354253877,500,False,0.10612716031396263,True,0.013064076653243436,1.4250073432922363
726464,900.8116005783252,500,False,0.040913588526841675,True,0.013087337756844725,3.1479430198669434
726688,757.7520967782795,500,False,0.132725037496178,True,0.013193560734204374,1.4805665016174316
727344,818.6749913431928,500,False,0.030761875966906126,True,0.013171539944379548,1.315496563911438
727776,789.0756619423325,500,False,0.05119839433985553,False,0.013259269960496955,1.572159767150879
728512,686.5060894073947,500,False,0.22316857974091842,True,0.01319533805876813,1.6905323266983032
729136,811.7924404649724,500,False,0.049451002621407864,True,0.013319941364817591,3.2733559608459473
729360,854.255675530959,500,False,0.05134377690818711,False,0.013129018830466525,2.2048568725585938
729888,770.140565286467,500,False,0.13155050709032864,True,0.013133727567292718,1.5732239484786987
731872,767.5196464468438,500,False,0.18285571412352356,True,0.01306683236049703,1.692591905593872
732304,829.4062402979982,500,False,0.11109524389391869,True,0.013109471165223612,2.375
732528,752.7910265642661,500,False,0.37369152573326353,True,0.013002263240036342,1.9924503564834595
733232,747.7755635545816,500,False,0.12353284277390521,True,0.013050936407269962,1.6690267324447632
733504,700.1913386601354,500,False,0.17674807566835654,True,0.013014766164402936,4.238313674926758
733728,860.9162082155569,500,False,0.0828836774049384,False,0.012897348124519566,1.54649019241333
734016,846.5784610194629,500,False,0.03240497822233542,False,0.012764979806261779,1.8722505569458008
734128,822.506241704154,500,False,0.10009049596422029,False,0.012760432861731688,1.5331356525421143
734464,745.8706435441359,500,False,0.07473296195424038,True,0.012783857640317487,2.4234118461608887
734688,851.009424395855,500,False,0.051274729225334895,True,0.012752370906929081,2.263920307159424
735344,786.6187897393165,500,False,0.07837095060724134,True,0.012855913653690994,1.7156484127044678
735776,753.8585822247529,500,False,0.18255553464542784,True,0.012935865673941765,1.386228322982788
736512,765.4120122413836,500,False,0.14831939561567942,True,0.012867464430048221,2.9778318405151367
737136,806.1244250294523,500,False,0.020070802451842375,True,0.012958680588976246,2.5363831520080566
737360,834.3219858296911,500,False,0.03571614582916633,True,0.012984649254032263,2.5382955074310303
737888,791.5707980971055,500,False,0.05009449964639819,True,0.01305127001023838,2.9881350994110107
739872,842.329737612288,500,False,0.06263774240292556,False,0.01300210412858585,2.2070674896240234
740304,812.2517132562734,500,False,0.08029557053498008,True,0.012519681808503196,3.417903423309326
740528,789.9519046225124,500,False,0.02360536595639513,True,0.0125431410707967,1.9503068923950195
741232,842.9683316592132,500,False,0.052779793545843744,True,0.012652461048636274,1.6291532516479492
741504,796.128759060436,500,False,0.03121380392280573,True,0.012593271754064626,4.104931831359863
741728,754.2460241342803,500,False,0.0920205963569276,True,0.012600716806671096,5.274894714355469
742016,792.509714160931,500,False,0.0723859595449571,True,0.012647938015143129,1.394315481185913
742128,782.4968249058029,500,False,0.12365948299664253,True,0.012762647972622915,1.9796217679977417
742464,856.1472137484075,500,False,0.03965545349540069,True,0.012778058865088466,1.283301591873169
742688,827.0203553878569,500,False,0.042639857530033014,False,0.012814409194372416,1.6548559665679932
743344,884.9102715080835,500,False,0.0345227362532385,False,0.012735256188001118,1.8683801889419556
743776,839.4402945516923,500,False,0.02250237696985233,True,0.012703666781617391,2.109166145324707
744512,847.4972752573301,500,False,0.024050496098289808,True,0.012665264182428245,4.451949119567871
745136,863.6986496721207,500,False,0.05550734831404813,True,0.012709745113762176,2.199066638946533
745360,795.322959573172,500,False,0.03458075131393766,True,0.012492700596952983,1.6851905584335327
745888,822.4120142547614,500,False,0.056051819200124565,True,0.012518785262710155,1.7852962017059326
747872,741.0089749539875,500,False,0.07316282887124602,True,0.012547483264082601,1.5973446369171143
748304,812.800989333506,500,False,0.3467761647592111,True,0.012684835405738457,3.7350106239318848
748528,753.5942673784114,500,False,0.2410411860021993,True,0.012665796588946981,3.548562526702881
749232,714.4642504415875,500,False,0.1285670079373483,True,0.012743906648176758,4.011434078216553
749504,831.5800870503894,500,False,0.0627314939507026,True,0.012651972045485621,1.4617313146591187
749728,716.2062002552864,500,False,0.2850533783907379,True,0.01253336798950099,1.6135139465332031
750016,877.7659604519774,500,False,0.022138508379923212,True,0.01237510557248073,1.7728089094161987
750128,857.1124587249386,500,False,0.04365638705682983,True,0.01237510557248073,1.7728089094161987
750464,819.6042331381622,500,False,0.10268436997250323,False,0.012297603770740096,5.389278411865234
750688,736.502355654571,500,False,0.08523440898706638,True,0.012195986675361847,1.702030062675476
751344,850.1583208214201,500,False,0.10082835044483898,True,0.01219036354568461,2.0799407958984375
751776,770.4181819475316,500,False,0.07138532846992937,False,0.012281882623877062,6.691925525665283
752512,736.1894268542127,500,False,0.08857733672593207,True,0.012412711916774654,1.5187474489212036
753136,799.6230119557171,500,False,0.0788770753660996,True,0.01246816908800378,2.2273736000061035
753360,761.7140083540497,500,False,0.09672661035239223,True,0.012415833396290566,1.8034467697143555
753888,735.4189490214475,500,False,0.09052284625545855,True,0.012435862996491876,1.6063904762268066
755872,806.1414087264881,500,False,0.051489390531339496,True,0.012435232468856599,2.7975990772247314
756304,807.3314974555941,500,False,0.09066482974038043,True,0.012310646618920416,1.5218825340270996
756528,881.3031758933087,500,False,0.028668129012731944,True,0.012377569617253507,1.6368217468261719
757232,777.4759888254237,500,False,0.03545963861021738,True,0.012382783361094376,2.099233627319336
757504,895.1921715306768,500,False,0.04482625048835287,True,0.012244791769990453,1.2061342000961304
757728,819.6037613569838,500,False,0.09086880982884313,True,0.012155412991000633,1.4115597009658813
758016,865.4090310580208,500,False,0.11693345293574436,True,0.01215505000337321,1.5480073690414429
758128,668.0144220685837,500,False,0.2507495225253311,True,0.012164677361981504,1.1327433586120605
758464,789.8093153882369,500,False,0.020686132445795476,True,0.01219858083057359,1.47816801071167
758688,868.2984846993394,500,False,0.10302556382700181,True,0.012185255499631177,1.4277997016906738
759344,855.9142271070675,500,False,0.041105132503529006,True,0.01216151568457052,1.7074050903320312
759776,779.0460635086167,500,False,0.0714549874448381,False,0.012286011358357964,1.6647446155548096
760512,793.6921299585069,500,False,0.049605614566196755,True,0.012379884782214447,18.358840942382812
761136,790.4511896632314,500,False,0.08547045233276844,False,0.01237662966476871,1.7419874668121338
761360,820.350593374988,500,False,0.08110454379592238,False,0.012443072102352458,1.70699143409729
761888,790.9371678113179,500,False,0.0779362489326338,True,0.012497978999026011,2.2508862018585205
763872,805.0454049850592,500,False,0.07249741805649076,True,0.01249428387249788,2.3902428150177
764304,799.8816144848585,500,False,0.12307137646792617,True,0.012144560785104173,1.5761992931365967
764528,876.3377862889208,500,False,0.053921853836328706,False,0.012144944011649957,1.6575472354888916
765232,808.6282613796917,500,False,0.03815622615844658,False,0.012165992254710113,1.8940097093582153
765504,775.8444226903747,500,False,0.24725340091345818,True,0.012258335953243863,1.8286998271942139
765728,786.4634862163654,500,False,0.06305302114430092,True,0.012139696414925646,2.1824538707733154
766016,848.0938107755944,500,False,0.035841501934361246,True,0.012180403559544415,1.6910218000411987
766128,760.7894086506046,500,False,0.03765240085185991,True,0.012218335915707321,1.6018257141113281
766464,817.9293865497401,500,False,0.05907614410464613,True,0.012291288649248168,2.5017409324645996
766688,875.6728581411353,500,False,0.04075253697869969,False,0.012459908537409702,11.064510345458984
767344,892.3219942545701,500,False,0.020467126660848534,False,0.012443904111415703,3.0466225147247314
767776,828.8068246046853,500,False,0.05010933106441788,True,0.012317555413711455,1.119870662689209
768512,805.346680439351,500,False,0.06528518437052676,True,0.012250502929482477,2.3975672721862793
769136,712.2616365684388,500,False,0.1429488802701155,True,0.012337401840079872,1.517992377281189
769360,787.0991934156725,500,False,0.1249601909248455,True,0.012309581302562133,1.3887214660644531
769888,894.1097635509069,500,False,0.06613019715006088,True,0.01226842667154454,1.6887308359146118
771872,870.8361780195756,500,False,0.04928077019392841,True,0.012500217020601598,1.4567663669586182
772304,775.7588658870702,500,False,0.06448763266025262,True,0.012490094575103297,1.493690848350525
772528,744.6502137234555,500,False,0.1019900221955269,True,0.01232844918008594,1.2999095916748047
773232,706.4907234007021,500,False,0.17473000769457483,True,0.012299080577953045,1.6413524150848389
773504,790.337127898536,500,False,0.12152083416230192,True,0.012295605190788823,1.7448313236236572
773728,825.3762648264596,500,False,0.005865471794666186,True,0.012270567620211972,1.4752469062805176
774016,851.3558642789287,500,False,0.03225973767792781,True,0.012181533424719327,1.5346500873565674
774128,853.4285154888133,500,False,0.05546026889382499,False,0.012051924761163813,6.895295143127441
774464,854.6756991350607,500,False,0.08662632115511909,False,0.012028879257148512,1.4125397205352783
774688,903.1562336153712,500,False,0.05919822910867786,False,0.012147006070377074,1.5500038862228394
775344,785.3720064738978,500,False,0.11657935427949628,True,0.0121365630111282,24.58841323852539
775776,871.7153616682898,500,False,0.025518186459973936,True,0.012171985810319747,2.173798084259033
776512,615.3954695842166,500,False,0.09797761727420423,True,0.012243007682136316,1.578972339630127
777136,787.375720782874,500,False,0.06835098585319835,False,0.01234591514545904,1.6168944835662842
777360,780.1178950334588,500,False,0.06387424522836177,True,0.012435510181902741,1.7302064895629883
777888,839.2728873637791,500,False,0.07057329040542962,True,0.0124682706888571,1.32560133934021
779872,858.5547687054891,500,False,0.046248691331393296,False,0.01251014266199748,1.7521249055862427
780304,842.1873464981337,500,False,0.09313706834579547,True,0.012563932168459753,1.4176533222198486
780528,735.0679563649728,500,False,0.07552604827300224,True,0.012446642557116097,1.6098552942276
781232,762.837792197836,500,False,0.09588631323632058,True,0.012474318686108543,1.2886117696762085
781504,909.08733211326,500,False,0.04907470257209992,True,0.01253544052818519,1.6627564430236816
781728,831.2953220811921,500,False,0.10322250232122354,True,0.012622186201851234,1.3884308338165283
782016,797.2082406631881,500,False,0.03702225588605635,False,0.012525744044209156,1.7540243864059448
782128,856.5138456406036,500,False,0.05578882815565863,True,0.012462640687448888,2.2339963912963867
782464,828.9065354278805,500,False,0.07184918240232671,True,0.012427546930877166,4.750101566314697
782688,795.9176854350186,500,False,0.05042432059115882,False,0.01254308854621373,1.6710892915725708
783344,750.7495132032071,500,False,0.07293033708776515,True,0.012534817069395342,1.8784356117248535
783776,774.2162048693671,500,False,0.11273501717018897,True,0.01243281261319524,3.407721519470215
784512,904.7607688422607,500,False,0.034084703588469815,False,0.01243196722908639,1.3181720972061157
785136,861.0133135381859,500,False,0.03962371825622312,False,0.01249461640068652,1.4798190593719482
785360,856.080022489506,500,False,0.04109384490001729,True,0.01246468077846417,1.6524094343185425
785888,861.839152808604,500,False,0.05053113478802063,False,0.012406713279682981,1.4632341861724854
787872,802.0798508842655,500,False,0.06674143092022948,True,0.012227989428658265,1.4913108348846436
788304,810.4085252486068,500,False,0.0670660734297367,False,0.011988830926207889,5.891899585723877
788528,809.6054394258675,500,False,0.13325706787271116,True,0.011955352303618029,1.5106656551361084
789232,833.1976110961822,500,False,0.08694152936616989,True,0.011905103377828399,1.8646212816238403
789504,908.3526404632997,500,False,0.05363926014640598,True,0.011974661824629305,2.4303932189941406
789728,869.1869471051317,500,False,0.10617694796556727,True,0.011844198320888252,1.4352964162826538
790016,796.7255806031659,500,False,0.03612145573151031,False,0.011777607333082557,1.5621830224990845
790128,837.3913130275947,500,False,0.05966656874476476,True,0.011746528263714655,4.144659042358398
790464,851.7434814905507,500,False,0.01428059346390831,True,0.011761872691777685,1.6703405380249023
790688,842.5667474999916,500,False,0.08901147288415455,True,0.011767815798399507,1.2224935293197632
791344,763.4852603187101,500,False,0.16892507916333951,True,0.011817529640563448,1.3088361024856567
791776,762.9700238443277,500,False,0.0262768625740878,True,0.011760876012891072,1.543861985206604
792512,824.5073633564087,500,False,0.058018634310956205,False,0.011849173618404277,1.668325424194336
793136,862.1996149108105,500,False,0.009269803514276136,False,0.012027763153272603,3.4385173320770264
793360,797.3636141658977,500,False,0.04226809516289654,False,0.011916542287767725,1.3008079528808594
793888,784.1758026783558,500,False,0.020346572783303547,True,0.011908647987616176,2.160701036453247
795872,801.9634740837608,500,False,0.06820342085995747,True,0.011872636134896874,1.3566874265670776
796304,839.6833558594412,500,False,0.034968931600201134,False,0.011861777187772546,1.6718389987945557
796528,886.0776693631517,500,False,0.05102793231547003,False,0.01173881168215856,1.1730685234069824
797232,873.6185240829927,500,False,0.05067373053720664,True,0.011726009257872516,1.7909830808639526
797504,869.4695016966299,500,False,0.07053310342065074,True,0.011566566394514387,1.665209412574768
797728,849.3709739872384,500,False,0.1274274641803675,True,0.011472413862756842,1.5175683498382568
798016,751.4360530162998,500,False,0.10960005565999556,True,0.011608160094565693,1.8038702011108398
798128,754.016798762756,500,False,0.10691723484766266,True,0.011588523065837065,2.1394972801208496
798464,769.08559262967,500,False,0.08597448616002448,True,0.011567641363968324,2.1575753688812256
798688,853.0125758539416,500,False,0.04263408793622958,True,0.011618285618567186,1.4753801822662354
799344,797.3682537358688,500,False,0.030421494401723332,True,0.01159538866171751,1.0528535842895508
799776,699.3277964866629,500,False,0.1487068860114362,True,0.011565040877459055,2.1382596492767334
800512,795.2158099330302,500,False,0.08081100809158769,True,0.011626014051045595,1.9623831510543823
801136,830.065430969122,500,False,0.033706104573362594,True,0.011576721559285064,1.0661746263504028
801360,749.7111247447433,500,False,0.05563152806680925,True,0.01170765023573243,1.277583360671997
801888,771.9847562354987,500,False,0.16145037498530762,True,0.011755404799730659,1.97461998462677
803872,824.4703246245971,500,False,0.05930262631811213,True,0.011717954616702879,1.7420780658721924
804304,802.0530510647848,500,False,0.03679648965388226,False,0.011968991286280796,1.9772517681121826
804528,860.5885086033929,500,False,0.09199816590244306,True,0.011945771603338717,1.2795350551605225
805232,801.2126793954544,500,False,0.0764063810891817,False,0.011986020740231257,1.2658696174621582
805504,820.2677412131101,500,False,0.04461789651321897,True,0.011909100012680153,2.206613540649414
805728,854.2699136892134,500,False,0.05938008259091169,True,0.011992456624575478,1.2824621200561523
806016,804.3983135532405,500,False,0.13844436057278892,True,0.012056617345180674,1.6097242832183838
806128,891.7259760339813,500,False,0.06414870574230115,False,0.011985809407222254,1.2601230144500732
806464,756.0832410605224,500,False,0.0983120212564439,True,0.011956616264665773,2.2086615562438965
806688,846.5688297597634,500,False,0.040817373916771586,False,0.011944480996168107,1.600881576538086
807344,812.2855703366681,500,False,0.06981605051018283,True,0.012015503655517167,1.5406415462493896
807776,895.6808032707804,500,False,0.015140288843562059,True,0.011940758641976298,1.5960123538970947
808512,818.2739361820587,500,False,0.041966725585222714,True,0.012023450470961846,1.5725829601287842
809136,762.3551986242837,500,False,0.09307723194012867,True,0.012080781068517546,3.2691993713378906
809360,846.3087930462094,500,False,0.03844886761722559,False,0.012088494214892427,1.5621616840362549
809888,822.2793933650033,500,False,0.0833543993514338,False,0.012049864717859987,2.3567934036254883
811872,880.8072502558748,500,False,0.02924270879996533,True,0.012065435047425598,4.269170761108398
812304,800.9161944306857,500,False,0.044060833742787776,True,0.0116129965020236,1.7802643775939941
812528,801.5679088820522,500,False,0.11760739953277216,True,0.01167956594250818,4.359222412109375
813232,846.8274038682035,500,False,0.029890575564059114,True,0.011765936153531662,1.390340805053711
813504,821.2164316200431,500,False,0.035988653561690856,True,0.011519296989526034,1.2435176372528076
813728,839.8747195190327,500,False,0.06391396912947689,True,0.01168076708658816,2.922668218612671
814016,808.3203734128972,500,False,0.0634132582095782,True,0.011728424540388072,6.641911506652832
814128,768.9338827089567,500,False,0.05420384590112049,False,0.011766982829740678,1.5550475120544434
814464,812.7645052211103,500,False,0.08702461982408707,True,0.011775017314014414,1.7622272968292236
814688,818.6098807487556,500,False,0.019449377655511538,True,0.011776333830722558,1.860158085823059
815344,817.2156660487763,500,False,0.1506893710182192,True,0.011764190074899919,2.1469645500183105
815776,658.4477670551289,500,False,0.22135467865765324,True,0.011742894816792054,1.5427675247192383
816512,682.382100066839,500,False,0.27075762551729393,True,0.011834233283483516,1.1732773780822754
817136,793.1938203086883,500,False,0.14653630260775155,True,0.011689979499472548,4.8270769119262695
817360,822.1136611112818,500,False,0.0812275050782134,True,0.011539295260850964,2.0890777111053467
817888,780.6095699747289,500,False,0.14678575089249513,True,0.011496492505958269,1.1511683464050293
819872,864.5908485051305,500,False,0.07818150350933308,False,0.0115090926769911,1.517203688621521
820304,727.1632271944109,500,False,0.14387126093612113,False,0.011706970507212769,1.7360780239105225
820528,752.0123430032166,500,False,0.08166317061360198,True,0.011718701905056876,2.7710177898406982
821232,735.9129263719515,500,False,0.15630708850720343,True,0.011685533792807977,1.5851876735687256
821504,739.8696175690827,500,False,0.07870758358396347,True,0.011777738738278533,1.45652437210083
821728,840.5637464268891,500,False,0.057268566107748775,False,0.011916091540754006,1.4763966798782349
822016,735.7208322883896,500,False,0.04399266199911757,True,0.01192592005555128,1.1492388248443604
822128,707.1633422767038,500,False,0.15253107936418933,True,0.011878915800908238,2.197298288345337
822464,782.275318850341,500,False,0.057402237582436115,True,0.011874475913901231,1.248534083366394
822688,849.794215584944,500,False,0.07989119748665632,True,0.01175069016832432,1.096662998199463
823344,696.4890024310563,500,False,0.24074785166597223,True,0.011797713936163442,3.255307674407959
823776,774.1632323739489,500,False,0.15406883578677755,True,0.011813304987459023,1.608040690422058
824512,840.5818006842752,500,False,0.12754353174874242,True,0.011823257242307345,1.3007657527923584
825136,803.7892769560985,500,False,0.07200458819746196,True,0.011696794105710458,1.3547170162200928
825360,858.535576539337,500,False,0.09293828201435958,True,0.011595014633354219,1.7438716888427734
825888,820.6180502105535,500,False,0.0796079511561987,True,0.011662010139105883,1.4249628782272339
827872,760.6863808097635,500,False,0.10554801054776741,True,0.011670134196599779,2.117279291152954
828304,765.8992621946583,500,False,0.07464760301466736,False,0.011718206260047447,2.7526772022247314
828528,844.7217779660982,500,False,0.034701085467009826,False,0.011660117954810171,1.729853630065918
829232,779.3962708144204,500,False,0.04579827839977219,True,0.011657513266568626,1.6383824348449707
829504,859.3923208343791,500,False,0.08588918368949484,True,0.01161246309271731,1.2455856800079346
829728,848.170211620531,500,False,0.05749839637570792,True,0.011559266769068575,1.398252248764038
830016,882.3151962552341,500,False,0.04189727173465399,True,0.011481757891162653,1.491365909576416
830128,855.4018706915082,500,False,0.07749493134528906,True,0.011505592693175797,3.813532829284668
830464,762.947450325056,500,False,0.09652694831345955,True,0.011484121849393803,2.2063119411468506
830688,805.3750420627641,500,False,0.06541101105411597,True,0.011365401230948645,3.926617383956909
831344,810.3770407023461,500,False,0.07977794912661328,True,0.011386709829279891,1.2639429569244385
831776,761.5852785642669,500,False,0.15813417319432307,True,0.011414995693182096,1.222710371017456
832512,806.3307956165129,500,False,0.04706889159467291,True,0.011403585866959614,1.774857759475708
833136,830.8534041456984,500,False,0.07890978543465793,True,0.011561299959778023,3.5576119422912598
833360,819.1303230789196,500,False,0.0659734823651257,True,0.011529418350148394,7.526751518249512
833888,804.4160442896342,500,False,0.095691752463311,True,0.011516426925804377,1.2658462524414062
835872,792.1106949760045,500,False,0.12490269014807037,False,0.011646253795416927,1.232654333114624
836304,751.2957606068754,500,False,0.07467510074071464,True,0.011642245014333728,1.5118083953857422
836528,782.7749401006246,500,False,0.06010215734825457,True,0.011497888072053432,1.5543911457061768
837232,758.7583037118291,500,False,0.09683939020060478,True,0.011494444545232078,1.282163381576538
837504,770.6948796671919,500,False,0.1129665427390368,False,0.011396831438710604,1.1648391485214233
837728,776.0625102000232,500,False,0.09185806009754623,False,0.011487685466974838,1.2494648694992065
838016,741.5636561850414,500,False,0.055624010464595544,True,0.011586510404875653,1.6444370746612549
838128,753.9997824875239,500,False,0.15390363472500015,True,0.011592837735303542,1.0591521263122559
838464,736.5349017914966,500,False,0.15716067960763502,False,0.01164009655203707,1.650744915008545
838688,841.3529417188482,500,False,0.08095521732092667,True,0.01169571893916137,2.356379985809326
839344,833.0021043439561,500,False,0.14820655891687357,False,0.01168864183630958,1.720950961112976
839776,828.2142754504523,500,False,0.06954050854377564,True,0.011674894788736762,1.5048823356628418
840512,721.1407662259002,500,False,0.14763450254035496,True,0.011673347210805343,2.10656476020813
841136,895.0635702928594,500,False,0.04679567787484404,False,0.011736108004173426,1.94127357006073
841360,814.0042701178594,500,False,0.044231568865524436,False,0.011635647410143585,1.4240909814834595
841888,847.550586147643,500,False,0.02752889105394513,True,0.011595064962325338,1.0928542613983154
843872,666.8177086128999,500,False,0.16476379139839856,True,0.011372275858572659,1.5518708229064941
844304,824.6338443153937,500,False,0.0891330504121838,True,0.011686222688430085,1.3465325832366943
844528,822.8844147196728,500,False,0.0390656699004891,False,0.011604381364277105,1.6327552795410156
845232,816.6915475640229,500,False,0.058258971705413824,True,0.011655333587571459,1.0947742462158203
845504,671.7815266238639,500,False,0.12931060100172628,True,0.011556105562168635,1.1710624694824219
845728,764.3582125534786,500,False,0.12811378676688084,True,0.011568474951982119,1.6902064085006714
846016,750.2237127397156,500,False,0.10617114235441234,True,0.011590992228506894,1.2547214031219482
846128,848.8736771041092,500,False,0.0708041158080265,False,0.01146544535763536,2.0957493782043457
846464,804.5807033529218,500,False,0.04564420355638484,True,0.011420144363822672,1.974687933921814
846688,832.148907363898,500,False,0.09842200654049485,True,0.011365124383055614,1.6022921800613403
847344,729.9398446790917,500,False,0.35095949879835153,True,0.011354076168637116,1.3216361999511719
847776,795.5929603717052,500,False,0.07493452148505499,True,0.01142298909489473,1.6364638805389404
848512,737.0899024483095,500,False,0.16138138432471286,True,0.011535647397396955,4.137722969055176
849136,848.709402285737,500,False,0.031884864971068065,True,0.011338969519547356,1.7054014205932617
849360,818.7723841281982,500,False,0.08789174341187164,True,0.011257573508060809,2.2317252159118652
849888,751.9273178708147,500,False,0.10606899200315117,True,0.011275584940266755,1.325287103652954
851872,749.688275963116,500,False,0.10802307952029495,False,0.011362631750642638,1.5774177312850952
852304,791.585270158058,500,False,0.039237717081832685,True,0.011500749545861541,3.349025249481201
852528,711.0000928311852,500,False,0.24972684303924264,True,0.011508862494776602,1.536578893661499
853232,831.6907675651752,500,False,0.08484513605120816,True,0.011475184222288626,1.7355068922042847
853504,712.6808642361714,500,False,0.09312554627218939,True,0.011676498185202134,1.3063685894012451
853728,708.7106881846192,500,False,0.12125953989709254,True,0.011712638588322777,1.6191606521606445
854016,735.1688546102578,500,False,0.14431554846325004,True,0.01172879901769138,1.3520545959472656
854128,854.5407841549926,500,False,0.05544669335624465,True,0.011701811515329041,1.3434427976608276
854464,731.885939227496,500,False,0.11934302952171956,True,0.011660240246999205,2.3591625690460205
854688,778.860856918394,500,False,0.05119517042817031,False,0.011612099335776298,1.6192586421966553
855344,848.9501704687791,500,False,0.06888280343118745,True,0.011575529016581388,1.5993952751159668
855776,890.7301871967002,500,False,0.04732060836557158,False,0.01128422294665118,1.4579920768737793
856512,791.3702012234284,500,False,0.04642960384962549,False,0.011224923970632013,1.4468241930007935
857136,817.158149435211,500,False,0.14016969196791088,True,0.0112470513595612,1.9301632642745972
857360,816.2828164114834,500,False,0.017152000439148343,True,0.011272561787816306,1.5575815439224243
857888,780.214280615213,500,False,0.052865690122856496,True,0.011359942903542494,2.188471555709839
859872,783.8136967872125,500,False,0.062302541607889575,True,0.011484535580145042,1.6195919513702393
860304,805.575651616643,500,False,0.059370290592494254,True,0.011416145414846132,1.2853724956512451
860528,874.6558376763827,500,False,0.04437083366863881,True,0.011392390325676016,1.098940372467041
861232,802.9364722721408,500,False,0.055707250877638156,False,0.011370460310227745,1.7853178977966309
861504,690.8868066566429,500,False,0.0978839618894588,False,0.011321258577015691,1.435459017753601
861728,844.8862965042176,500,False,0.07866929988972038,True,0.011387462497861654,1.5936470031738281
862016,752.1948349803331,500,False,0.10892645136300683,True,0.011426849291857624,1.9506471157073975
862128,838.7372778210145,500,False,0.05701568805990518,True,0.011435764014669197,1.2570924758911133
862464,738.194077131549,500,False,0.08614027013275204,True,0.011435357205885597,1.148017406463623
862688,801.6718553340771,500,False,0.0680224798334913,False,0.011459693071554972,1.8123823404312134
863344,824.0502433468831,500,False,0.03990380271125497,True,0.011484632179157152,1.844504714012146
863776,775.0485758483902,500,False,0.08043227576616808,True,0.011444135630169579,1.2550455331802368
864512,765.8610708426364,500,False,0.052915595312955255,True,0.011586506157389632,1.5231232643127441
865136,773.269908561309,500,False,0.12264871302280196,True,0.011444796898029784,1.2608774900436401
865360,851.5423028885373,500,False,0.03491003944029613,False,0.011467370054398754,1.2311174869537354
865888,742.1310463694426,500,False,0.16844165458907726,True,0.011397848839429967,1.5861736536026
867872,790.7225332833111,500,False,0.022872404151335186,True,0.011511597951566269,1.7533334493637085
868304,888.494800786374,500,False,0.0542519955995253,False,0.011365700874518164,3.143796920776367
868528,801.7955816665611,500,False,0.07085006351790349,True,0.011395183219633136,2.4502131938934326
869232,885.8108268871076,500,False,0.060145387153106536,True,0.011395718437248787,1.840893030166626
869504,657.9192840895553,500,False,0.26204869384260415,True,0.011487791031992255,1.7083854675292969
869728,818.1207485864329,500,False,0.005968355200705759,False,0.011525472020499935,1.3419080972671509
870016,797.4249704192222,500,False,0.07350824692692913,True,0.011588776257422339,1.2156100273132324
870128,756.2192730146891,500,False,0.07608023292308168,True,0.01152636460461432,1.140504002571106
870464,801.8062752903836,500,False,0.07994871133241171,True,0.0114982655393184,1.3078752756118774
870688,805.3562953789667,500,False,0.04856662169188862,False,0.011424024907444211,3.2313036918640137
871344,801.4966242383322,500,False,0.10073685865252605,False,0.011419187396939517,2.42167592048645
871776,844.8325455947697,500,False,0.05050236420448931,False,0.01145796667530834,1.1975858211517334
872512,770.4232999602281,500,False,0.10798463705212087,True,0.011372979685838799,1.2591853141784668
873136,782.7951911513624,500,False,0.12974355596733017,True,0.01124774587030782,2.161498546600342
873360,845.9457304067482,500,False,0.08270630254035077,True,0.011236914610625962,1.4787033796310425
873888,810.7023962240269,500,False,0.07454722750155766,True,0.011232650836958359,1.4309237003326416
875872,848.8013914683206,500,False,0.07461126848964786,True,0.0112415143433459,2.259477138519287
876304,804.7747724937168,500,False,0.04324626713920073,True,0.011130627969959853,1.7712976932525635
876528,822.4283415367177,500,False,0.13700237190692405,True,0.011132156359716816,1.0680980682373047
877232,767.1545505737201,500,False,0.07118336979564936,True,0.011143297236057361,3.2465121746063232
877504,781.4912336110857,500,False,0.027510175166945497,True,0.011154593819408257,1.7115848064422607
877728,832.204109139894,500,False,0.01284021441083229,False,0.011124901483686844,1.4007883071899414
878016,803.1241759523664,500,False,0.05015074656653131,True,0.011107940579790747,3.451443910598755
878128,760.7720150987558,500,False,0.048098864171119624,True,0.011108238936828718,1.2827668190002441
878464,807.6738812944538,500,False,0.034332811318693465,True,0.011169949554389396,1.176831603050232
878688,761.0099191303468,500,False,0.07078278354053988,True,0.01118756087783287,1.3902523517608643
879344,868.9667434310697,500,False,0.12531242984462723,True,0.011269424699517801,3.090646266937256
879776,788.7294968507326,500,False,0.1137849164021603,False,0.011488403017516304,1.5675554275512695
880512,795.5246144095904,500,False,0.09815553739861607,True,0.011595505783156407,4.133638381958008
881136,803.4490191663164,500,False,0.06144634792715796,True,0.011848772190764578,2.3323097229003906
881360,838.9493748796789,500,False,0.0438029303476961,True,0.011803034566017943,3.3646883964538574
881888,732.3973220084514,500,False,0.19423712557818978,True,0.011673643555154005,1.3171348571777344
883872,823.193212449675,500,False,0.0879747359942744,True,0.011571848598158106,2.911550998687744
884304,863.8190145238539,500,False,0.02983700400298076,True,0.01131785192524428,1.9771074056625366
884528,751.6852158621433,500,False,0.06948302860404454,True,0.01131508839690845,1.9276152849197388
885232,790.5865888813444,500,False,0.09531439747086462,True,0.011347292901371021,1.2610384225845337
885504,857.6779281642139,500,False,0.07631224212095522,True,0.011417434168695485,1.4054126739501953
885728,707.4492525684453,500,False,0.10856799389343111,True,0.011379303244288952,1.8078157901763916
886016,846.4551919649001,500,False,0.11150280660160941,False,0.011402990286023764,1.3859690427780151
886128,735.2190603914999,500,False,0.10066508433392868,True,0.011382159230590229,2.05679988861084
886464,798.1824194209119,500,False,0.05674548483133636,True,0.011365628835828794,1.2833318710327148
886688,791.3744189721788,500,False,0.04956640338900602,True,0.011209875756771938,1.6314359903335571
887344,756.3254640438977,500,False,0.09592693250370256,True,0.011203829793664438,1.1869194507598877
887776,783.3040618505513,500,False,0.074237870432096,True,0.011035430030819828,1.3639349937438965
888512,814.0292515865707,500,False,0.04046303696754695,True,0.010987520359569864,1.0756630897521973
889136,820.2284254879099,500,False,0.036768294207340305,True,0.011216978901093931,2.9199185371398926
889360,846.4902484673512,500,False,0.03592526503614892,True,0.011304020185256395,1.5318360328674316
889888,783.5806776492689,500,False,0.0659776773960794,True,0.011310897068513681,1.3557181358337402
891872,889.7471113096954,500,False,0.011467452656146324,True,0.011330578547278786,1.5465317964553833
892304,864.8804890097923,500,False,0.034999241175449156,True,0.011064447517296898,3.3288934230804443
892528,745.6374810547316,500,False,0.1276263765870809,True,0.011078764143151157,1.7252161502838135
893232,865.9139487245178,500,False,0.03059172843437234,True,0.011029399072429214,1.5117542743682861
893504,772.5276201896447,500,False,0.10766694559038154,True,0.010980846968756309,1.3247627019882202
893728,704.4295387511353,500,False,0.1253093168206318,True,0.011021926455087079,1.0952483415603638
894016,833.7879184015713,500,False,0.022143982908809385,False,0.011003993268743077,1.2037522792816162
894128,825.0893187868107,500,False,0.10049204965202688,True,0.01088730657689333,2.139925479888916
894464,768.356528998368,500,False,0.06762680644893324,True,0.010871874117320416,1.3441463708877563
894688,809.8259407044643,500,False,0.04270519255809985,True,0.010932944022769776,1.5371456146240234
895344,820.9833498821263,500,False,0.019522153643225536,False,0.010956864794368885,3.1280975341796875
895776,805.73469718482,500,False,0.05574020474207543,False,0.011037511925221698,1.5367789268493652
896512,865.1262189585631,500,False,0.09710724195347689,False,0.010893599334172579,1.8078198432922363
897136,830.3379177717453,500,False,0.01815953841934394,True,0.01081325243635897,1.3648498058319092
897360,820.4877465954476,500,False,0.049004935424902474,True,0.01073150620841275,1.2422029972076416
897888,782.8917505568578,500,False,0.17030328447394216,True,0.01079486565038946,1.3390320539474487
899872,825.2071559276553,500,False,0.040336112005409826,True,0.010902730611579387,1.6478129625320435
900304,728.9199079708293,500,False,0.10283147781892243,True,0.011107486671973008,1.321988821029663
900528,845.0461930427335,500,False,0.06515503150741969,True,0.011137140391333043,1.1212356090545654
901232,792.4134082823726,500,False,0.10332978107017943,False,0.011174306868007557,1.5343021154403687
901504,807.541750294661,500,False,0.11445586279702617,True,0.011164142589316771,1.5370423793792725
901728,844.0485105765191,500,False,0.0652690884964786,True,0.011022642270780357,1.2987293004989624
902016,845.1324713733936,500,False,0.04556515424649478,False,0.011020481156317279,1.7490882873535156
902128,834.7001655223988,500,False,0.029388615752877916,False,0.011017185417149066,1.564540147781372
902464,885.1397412771802,500,False,0.06568871713863976,False,0.011007989170829891,1.4165806770324707
902688,826.5695596107348,500,False,0.02046233038110805,True,0.011000858549128117,1.9384057521820068
903344,808.7787164300643,500,False,0.12097101768189347,True,0.011082612245546599,3.149329423904419
903776,879.9958758410139,500,False,0.08858437056896741,True,0.011095965698920575,1.9993891716003418
904512,845.1752979060705,500,False,0.049029668619544144,False,0.011212184784633192,1.4781579971313477
905136,810.4182838748767,500,False,0.06226816282242844,True,0.011303478192385256,0.7633295059204102
905360,784.8533715245117,500,False,0.061789335451582286,True,0.01131784487698115,1.383624792098999
905888,747.3359159319357,500,False,0.11113092784701291,True,0.01141691376527122,1.3060202598571777
907872,846.7309926563242,500,False,0.054343272836063536,True,0.011311397873811184,1.1223434209823608
908304,808.8909159987086,500,False,0.053475331403922105,True,0.011280287571954761,1.2827281951904297
908528,830.2018906458017,500,False,0.046995188522705865,True,0.011280144275760736,1.8133761882781982
909232,799.8870491100524,500,False,0.08951426208197687,True,0.011252744658121374,2.316521644592285
909504,898.4389249147362,500,False,0.037583834695626504,True,0.011154771636129547,1.4934638738632202
909728,901.5949773969943,500,False,0.039273393628234676,False,0.011127985185512093,1.7371987104415894
910016,788.7785006687662,500,False,0.047708509719640566,False,0.01107799818952249,1.617931842803955
910128,794.7313125562133,500,False,0.05773116912339881,True,0.011008922927208913,1.4464614391326904
910464,791.3189173204252,500,False,0.033225080113794186,True,0.0110242656160774,1.4713455438613892
910688,851.9762237284614,500,False,0.029174870774989686,False,0.01117305710248415,1.1680948734283447
911344,816.6905679386532,500,False,0.06888654816725655,True,0.011240393021767582,1.7074229717254639
911776,797.8637274137732,500,False,0.0394823233768181,False,0.011260709447361126,1.261277198791504
912512,815.6449358274635,500,False,0.05719068798677242,False,0.011235514081138875,2.7723379135131836
913136,848.481030181396,500,False,0.1887409972995759,True,0.01109800659496637,1.923342227935791
913360,839.7217488173777,500,False,0.06751533980222797,False,0.011047415349314483,1.5946478843688965
913888,819.0668536765412,500,False,0.06682485489778762,False,0.010981059046054077,2.0670104026794434
915872,810.6620118450724,500,False,0.05709331914218283,False,0.010984297600854225,1.3875229358673096
916304,815.1029264887692,500,False,0.030945864830525104,True,0.01121401548496985,1.31528902053833
916528,840.8010176644251,500,False,0.043020524200525025,True,0.011136330112439375,1.2121431827545166
917232,877.598510760027,500,False,0.0244921052548091,False,0.01117097413469687,1.4699900150299072
917504,824.119800908106,500,False,0.06918975956841668,True,0.011066999084880506,2.9534077644348145
917728,836.3203509050334,500,False,0.0736894392152996,True,0.010931837597988759,1.4353296756744385
918016,825.4249945948997,500,False,0.07981221686383924,True,0.010881898207421102,1.890580415725708
918128,827.6944992960177,500,False,0.01904050762299499,True,0.010888835236462467,1.542288899421692
918464,862.8393614346653,500,False,0.036384152859653525,True,0.010888971992983564,1.2228937149047852
918688,803.3221856744108,500,False,0.017843346636583723,True,0.010942836303204577,1.4332250356674194
919344,806.0984624352647,500,False,0.04125943440558408,True,0.01095868920874868,1.4278395175933838
919776,844.7039018395944,500,False,0.030921438245469533,False,0.01112668374424113,1.058164119720459
920512,821.0021836908428,500,False,0.020740537918168087,True,0.011183258783704736,1.6825824975967407
921136,837.6810062113898,500,False,0.050709612941636915,True,0.011120847898965659,2.2530534267425537
921360,790.709391107687,500,False,0.0736082395085827,False,0.011101417301073661,1.6009379625320435
921888,781.3643419168496,500,False,0.04970136700459164,True,0.01100348973053746,1.8578424453735352
923872,798.7453518239676,500,False,0.1269873163069192,True,0.01102932441548377,2.6824002265930176
924304,800.3758323525052,500,False,0.1163521271844965,True,0.01125003104699494,1.8813884258270264
924528,831.4141157699781,500,False,0.08472214720363658,True,0.011394488317377667,2.2239677906036377
925232,804.5113404092853,500,False,0.04784570906628183,True,0.011492707491389096,1.2610658407211304
925504,893.0829217508293,500,False,0.07566646639902769,True,0.01164580771649156,2.3901100158691406
925728,882.9834102676386,500,False,0.0585213769324192,True,0.011687952428434727,1.6430081129074097
926016,760.2924853702051,500,False,0.07680972953215738,True,0.011635868749554574,1.088477373123169
926128,762.8746515478871,500,False,0.10411921858649363,False,0.011514551962955765,3.175210952758789
926464,686.4435131228946,500,False,0.09489372116930155,True,0.011488334744941733,1.271841049194336
926688,857.233230147253,500,False,0.05558362754719923,False,0.011461369251050135,1.4206438064575195
927344,824.3537390004682,500,False,0.1435146990749399,True,0.01151819926519844,2.0937039852142334
927776,842.4805585121982,500,False,0.10982239381581152,True,0.011556266541997911,1.1203668117523193
928512,792.716397574981,500,False,0.11914714712628804,True,0.011603727328933063,1.5432519912719727
929136,794.0458653574422,500,False,0.06232119468580429,True,0.011477428983330174,1.1177157163619995
929360,801.5621577082054,500,False,0.0407266200077152,False,0.011495245642573168,1.4044313430786133
929888,832.3445132819639,500,False,0.03189255377034965,True,0.011436896024091106,1.297166109085083
931872,747.3866882122189,500,False,0.09267336706742864,True,0.011498845494744333,1.2874479293823242
932304,810.1555720472174,500,False,0.10102507274925918,False,0.01139017416501041,1.324880838394165
932528,801.8919839393312,500,False,0.02256222618046074,True,0.011320500648854797,2.717392683029175
933232,888.9471345622105,500,False,0.033633893504002754,True,0.011331436692360992,1.493342638015747
933504,820.0561827528841,500,False,0.06631721223990543,True,0.011338771125644123,1.1314668655395508
933728,777.7097586760523,500,False,0.10379697871460546,True,0.01134858887689593,1.2705271244049072
934016,871.1244048540575,500,False,0.09600117963394415,False,0.01136863936253622,1.954795002937317
934128,799.1432097694366,500,False,0.10555765646097567,True,0.011307651834399765,3.6625657081604004
934464,743.9462984293954,500,False,0.12261796088600131,True,0.011282499159883504,1.5509681701660156
934688,864.5698527707982,500,False,0.079003107757876,True,0.011248241073331196,1.2755852937698364
935344,798.6455567358346,500,False,0.15469416737418684,True,0.01118725523639284,1.1091395616531372
935776,841.004619255948,500,False,0.06439561669670751,True,0.011045582661051696,1.6430968046188354
936512,783.3953943822646,500,False,0.006039267905657894,True,0.011012124769369372,4.980691432952881
937136,818.6812866625977,500,False,0.08927350842008303,True,0.011027130130808945,1.1320222616195679
937360,881.6292657023314,500,False,0.026229796001826802,True,0.011070114598939591,1.6551642417907715
937888,826.1209754209256,500,False,0.013729001000216024,True,0.011075869488066813,1.1716314554214478
939872,846.5444663542238,500,False,0.08840867356890782,True,0.011147803382088392,2.7158308029174805
940304,835.0112339962627,500,False,0.023036454759424882,True,0.011073013214665719,1.2867927551269531
940528,787.0906149521112,500,False,0.08364496402314806,True,0.011202694772840104,1.3215588331222534
941232,793.6330542241941,500,False,0.11929500876227526,True,0.011120987310411402,1.9910502433776855
941504,748.3521869061576,500,False,0.13323791132612245,False,0.010927666785836546,1.1112034320831299
941728,715.1182828132718,500,False,0.13076578867864025,False,0.010911091922692668,1.489516019821167
942016,834.3339261139172,500,False,0.04589908796413926,True,0.010882565994062988,1.1987838745117188
942128,823.9465934654045,500,False,0.11162584467565485,True,0.010882065418547866,1.1997184753417969
942464,820.9609174429795,500,False,0.0795327970618701,True,0.010886274580816058,3.387176513671875
942688,681.6724829909438,500,False,0.2190397809755275,True,0.010874576102660304,2.0408098697662354
943344,875.6144045330608,500,False,0.0946817590749404,True,0.010967472483692224,1.332000732421875
943776,748.2454910294183,500,False,0.042177023096915296,True,0.010992875711794112,1.2584359645843506
944512,862.3186662994666,500,False,0.06448485402588831,True,0.011009437586344402,1.6787848472595215
945136,774.8494052770458,500,False,0.0666181216258215,False,0.011092492864189875,1.3440308570861816
945360,809.1144091202966,500,False,0.083645468771153,False,0.010949866183899653,1.3404107093811035
945888,809.99605884733,500,False,0.08746183762148034,True,0.010927598666259569,1.2185966968536377
947872,856.3146727865496,500,False,0.009759760029240873,False,0.010842052579744119,1.3625504970550537
948304,772.5321556611755,500,False,0.05156243325518215,True,0.011090215654608505,1.8533910512924194
948528,725.1056207163167,500,False,0.03381767153154678,True,0.01120426992616428,1.9444314241409302
949232,824.658639721791,500,False,0.04214685900093394,True,0.011242345883858567,1.215187907218933
949504,879.3900163749629,500,False,0.11328551223755574,True,0.011224039009302113,1.4955458641052246
949728,821.82720119881,500,False,0.05441363276901541,False,0.011264620168331328,2.8476688861846924
950016,829.4674493603393,500,False,0.06971775527082233,False,0.01139662978757491,1.5198922157287598
950128,757.67097190512,500,False,0.11511843551481919,False,0.01139662978757491,1.5198922157287598
950464,834.2087077826294,500,False,0.007319294660236183,False,0.011393764342689806,1.7644250392913818
950688,805.1116726744523,500,False,0.10111890515527128,False,0.011456978779254385,1.076641321182251
951344,776.8120706853367,500,False,0.14732810577104416,True,0.011424844544959258,1.3688840866088867
951776,877.597959067508,500,False,0.013564864630832186,True,0.011286996866070854,1.8529694080352783
952512,796.4760111273873,500,False,0.02646230147510989,False,0.011246040280903176,1.2262635231018066
953136,828.6974133084436,500,False,0.12536634738492405,True,0.011040759957598277,1.698322057723999
953360,841.9066308281701,500,False,0.10709280225518525,True,0.010938809869206163,1.1592578887939453
953888,759.5389251466167,500,False,0.041590665916970936,True,0.010860357878834421,1.1426565647125244
955872,777.4647689809796,500,False,0.06806424029956103,True,0.010717843478615329,2.598456382751465
956304,783.346164949978,500,False,0.10490014255852768,True,0.01068353105354271,1.255700707435608
956528,800.7518526713638,500,False,0.07218528050920764,True,0.010724015883883085,1.6033977270126343
957232,803.5000283661883,500,False,0.09958639348983887,True,0.01075316903500719,2.0460591316223145
957504,778.9530317041633,500,False,0.14396865378940807,False,0.010811962151140794,2.009097099304199
957728,844.098988024355,500,False,0.09302281431641427,True,0.010792371524385596,1.9446519613265991
958016,781.5444648622123,500,False,0.0963561063240947,True,0.010835558557752712,1.450833797454834
958128,780.9383232438691,500,False,0.05687278760667733,True,0.010834864706620245,1.1001977920532227
958464,817.9029077114075,500,False,0.04466121443638015,False,0.010771043531887405,1.5477123260498047
958688,843.1699793858071,500,False,0.04917648991050972,True,0.010810224840102885,2.354139804840088
959344,847.391570835965,500,False,0.0802705850762357,True,0.010774928710766178,1.1816895008087158
959776,785.7972808860736,500,False,0.11032665860500589,True,0.010947231834083759,1.7410666942596436
960512,853.4155423942208,500,False,0.1134666963024502,True,0.010857582607742928,1.3724768161773682
961136,837.2783456239675,500,False,0.03181271838386029,True,0.010638099661746588,2.052856922149658
961360,867.7558356142548,500,False,0.10163467295627747,True,0.010475320239125525,1.3074743747711182
961888,777.7657084355181,500,False,0.046841142588021356,True,0.01043074901848686,1.7847366333007812
963872,731.0848868406683,500,False,0.36200119902124556,True,0.010451455246026293,2.085766315460205
964304,836.514177752639,500,False,0.11613004263360847,True,0.010514103378615247,1.2948951721191406
964528,780.6156282196685,500,False,0.12614349671677783,True,0.01058447506949319,2.0108282566070557
965232,852.9537714477395,500,False,0.07543369929605771,True,0.010563662657192241,1.9384325742721558
965504,787.368947600141,500,False,0.12528493589285825,True,0.010531237371660358,1.7679182291030884
965728,802.2908965730281,500,False,0.07433321571149018,True,0.010535596172242836,1.660837173461914
966016,799.6997456548539,500,False,0.1269597994572009,True,0.01057091820457265,1.2042062282562256
966128,775.7346507308606,500,False,0.11248947588718189,True,0.01057276352975572,1.8032715320587158
966464,753.5915552848861,500,False,0.1017814989514809,True,0.010545430273810129,1.4116244316101074
966688,721.9893668407789,500,False,0.17594313313556323,True,0.010461252715543492,14.504478454589844
967344,744.2535191921854,500,False,0.13457972465548684,True,0.010456495770600515,1.1572624444961548
967776,783.5504910313492,500,False,0.10532496130074151,True,0.01023482291532191,1.5667221546173096
968512,724.7837363916273,500,False,0.13908891750196398,True,0.010156382426551884,1.3794708251953125
969136,733.747702701989,500,False,0.12480088391270111,True,0.010232016702135763,1.590079665184021
969360,795.2358026234235,500,False,0.11511981224897688,True,0.01028508626498612,1.3352882862091064
969888,761.0304503806171,500,False,0.13066832681326096,True,0.010253069902570954,1.6005635261535645
971872,845.1381192413231,500,False,0.10598554627459923,False,0.0104320685045379,1.675179123878479
972304,881.5950086530598,500,False,0.05511091953498491,False,0.010698550875230715,1.489611029624939
972528,785.6967404375685,500,False,0.07033127238476962,False,0.010688930242290048,1.521740436553955
973232,693.1860099776779,500,False,0.1250827629795081,True,0.010660259046725375,1.3553581237792969
973504,812.774578284065,500,False,0.06883272184109768,True,0.01074926932845607,1.7849467992782593
973728,758.7386680145172,500,False,0.10554600425318891,True,0.010739505238204031,1.4390537738800049
974016,776.4574038713605,500,False,0.0528866908521438,True,0.010838388608452248,2.5379180908203125
974128,814.1682374250161,500,False,0.06457074423866759,False,0.010724314618836996,1.2618303298950195
974464,784.4798449536238,500,False,0.06459461669817637,True,0.010716051441678361,1.4926872253417969
974688,742.5938028862478,500,False,0.07843027987306009,True,0.010729789504932976,1.326926350593567
975344,776.0296017853871,500,False,0.026607264762577746,True,0.010678642754325018,1.501542329788208
975776,830.8972075744424,500,False,0.08337840249144388,True,0.01064844092856278,1.353700876235962
976512,821.1686534716322,500,False,0.09120893965193251,True,0.010802234288767932,1.7287932634353638
977136,795.6992125822039,500,False,0.10298561832726284,True,0.010880840328718519,1.2378603219985962
977360,777.144688067232,500,False,0.06671927374602171,True,0.010738600496963447,1.5627821683883667
977888,851.2837778110049,500,False,0.08850642998046937,True,0.010797705196213815,1.0483574867248535
979872,872.7502577529438,500,False,0.05835239533957086,False,0.010808551701889683,1.162301778793335
980304,823.185426410057,500,False,0.0841641751503741,True,0.010806132817748816,1.1021409034729004
980528,795.8854067257183,500,False,0.22671200085704257,True,0.010835185879474471,1.188306450843811
981232,830.7198197464342,500,False,0.046656219544436175,True,0.0108591805054816,3.19450306892395
981504,805.4447890097101,500,False,0.028944779175528876,False,0.01074314936917206,1.3248906135559082
981728,827.4165882439733,500,False,0.09094246010647644,False,0.010674619362067456,1.650260329246521
982016,825.3617690101489,500,False,0.03899104348167356,True,0.010689270549513184,1.2337305545806885
982128,762.3850403702658,500,False,0.0818763614454498,True,0.010650795772763233,2.477414608001709
982464,792.5646665399092,500,False,0.11027853197577542,True,0.010713838761782717,2.0824923515319824
982688,750.0329584336906,500,False,0.035835535147283895,True,0.010656631736312296,3.659520149230957
983344,782.3440750694156,500,False,0.10189472158453793,True,0.010717022584355768,1.0472140312194824
983776,878.6707858543796,500,False,0.056206498437605945,True,0.010694125861518414,1.381192922592163
984512,786.6226492518069,500,False,0.14293855404986935,False,0.01077877393403797,1.337411642074585
985136,785.5850216920688,500,False,0.11393810318949608,True,0.010745627554666584,1.948206901550293
985360,831.7110468105511,500,False,0.02364041662406934,False,0.010620467182248792,1.3829660415649414
985888,835.1084117163573,500,False,0.07454663288429564,True,0.010632760911042535,2.250187397003174
987872,816.859450001193,500,False,0.11190215135994515,True,0.010748492882502313,2.848449468612671
988304,810.7462637690136,500,False,0.0606571418474958,False,0.010700144914379693,7.591126918792725
988528,757.4477331914177,500,False,0.0528311180655053,True,0.010575360584421996,1.495431661605835
989232,839.056192903554,500,False,0.043112681822940715,True,0.010620851533735678,1.331444263458252
989504,860.5174251370427,500,False,0.049223449182063735,True,0.010558124890933348,1.274355173110962
989728,864.0171394406583,500,False,0.03395269285165691,True,0.01047235146906718,1.7618770599365234
990016,801.4711137827268,500,False,0.10878848223587559,True,0.010456231065792786,1.6760821342468262
990128,803.6721747836211,500,False,0.11624102459432831,True,0.01047622505888109,1.2210910320281982
990464,833.7139431164877,500,False,0.09726054315286028,True,0.010464702834707532,1.3221668004989624
990688,761.5630331947823,500,False,0.14445592654643044,True,0.010409419941498384,1.473160743713379
991344,748.3361616436705,500,False,0.1037745320541525,True,0.01044990676094246,1.145054578781128
991776,825.8975008960559,500,False,0.03227168679673471,True,0.010588953927950966,14.920902252197266
992512,825.0997735243272,500,False,0.08846977302122347,True,0.010610688105785769,1.788835048675537
993136,803.4749200997104,500,False,0.03536561640246545,False,0.010563570195107853,1.2389006614685059
993360,845.9011151119713,500,False,0.04270205049708495,True,0.010482497229167397,1.6635642051696777
993888,813.4703371937323,500,False,0.07452952566241651,False,0.010425277983848215,1.1263327598571777
995872,838.1562734483605,500,False,0.057391446726391675,True,0.010287537079396121,1.0040316581726074
996304,777.1018896434631,500,False,0.05866468962725988,False,0.010529689485483695,1.221030354499817
996528,845.0561202010009,500,False,0.021612198226685263,True,0.010507755180700094,2.299147367477417
997232,794.5569307836254,500,False,0.0975133785592212,False,0.010529384958945323,1.381276249885559
997504,862.5045000438495,500,False,0.10500534059113048,False,0.010232410975983215,1.3157604932785034
997728,793.7465604233037,500,False,0.13609400344093023,False,0.010249680634470671,2.8247413635253906
998016,843.5546018036838,500,False,0.060989366937510385,True,0.010200501300810697,1.5523464679718018
998128,842.1252327709631,500,False,0.1050463477336804,True,0.010072507790458108,1.2331467866897583
998464,799.5926063220475,500,False,0.14356648885265136,True,0.01002897035084079,1.25121009349823
998688,860.0777924814311,500,False,0.06154512788470075,True,0.010105190381844844,1.5106055736541748
999344,803.8102099761483,500,False,0.0480319665504298,True,0.010186729381401484,1.5672292709350586
999776,804.9581320060129,500,False,0.08900022974141675,False,0.010228524827916922,1.3436646461486816
1000512,807.2343495919091,500,False,0.04393983077225734,True,0.010429904110994221,1.1776299476623535
1001136,832.788273336725,500,False,0.09496383907169108,True,0.010356677544686593,2.137810230255127
1001360,803.4869324346748,500,False,0.05782478122467827,True,0.010235035133426908,1.2160117626190186
1001888,809.7559707495784,500,False,0.06363766102128625,True,0.010199249516723876,1.1636548042297363
1003872,775.5654170218138,500,False,0.1154946203513628,True,0.010087752214298444,1.5686663389205933
1004304,837.5020765061906,500,False,0.025876489213684156,True,0.010063126071875247,1.4205529689788818
1004528,747.1040535437922,500,False,0.16190184697274684,False,0.010099839418499259,1.5230631828308105
1005232,843.9609282898043,500,False,0.06432595471288319,True,0.010067563519691212,2.244950771331787
1005504,793.75660371732,500,False,0.17394731629596785,False,0.009928480902732868,1.1978111267089844
1005728,862.5396023683224,500,False,0.10317466858785586,False,0.00985084720371834,1.479164958000183
1006016,782.0244707720867,500,False,0.11823827367459773,True,0.009897789788282277,1.3168646097183228
1006128,810.1124558112678,500,False,0.11090799705543279,True,0.009799503290106681,1.341893196105957
1006464,739.6211231040558,500,False,0.0517298150920745,True,0.009775051476134446,1.2098627090454102
1006688,745.5341133672883,500,False,0.11379900463181247,True,0.009822497254782809,1.8456919193267822
1007344,801.0220540081675,500,False,0.0939240299094309,True,0.009817243211743397,1.4669058322906494
1007776,834.3623816459955,500,False,0.07995464534911705,False,0.00964569246696425,1.223235011100769
1008512,752.7114692381532,500,False,0.10564315924684017,True,0.009586589406984258,1.0176682472229004
1009136,835.2712387461037,500,False,0.07282916956018322,False,0.009679622900523719,1.817955732345581
1009360,797.8057551311323,500,False,0.07338282270486796,True,0.009762557191468929,1.3199362754821777
1009888,800.3846349928259,500,False,0.08933075432992939,True,0.009790138057266867,1.2345209121704102
1011872,694.5204875684913,500,False,0.15720620592947626,False,0.00971489483508818,16.42914390563965
1012304,831.0949351400571,500,False,0.08005760314897202,True,0.009588845894434329,1.7495896816253662
1012528,778.9408169782625,500,False,0.06829129655863798,False,0.00966905312584551,2.355008602142334
1013232,806.1235696553426,500,False,0.03845352577340051,True,0.00965739240194783,1.4399701356887817
1013504,792.9825037181673,500,False,0.01986507305978147,True,0.009533865807960378,1.2108371257781982
1013728,786.2417340423617,500,False,0.12060372145568177,True,0.009530824570499308,1.0514280796051025
1014016,824.6997384417598,500,False,0.08468355628666611,True,0.00957113098245179,1.1609669923782349
1014128,773.771788468149,500,False,0.1784485995350202,True,0.009627905996722134,1.1902942657470703
1014464,812.73727205383,500,False,0.09536998506194583,True,0.009652850735876996,1.1407719850540161
1014688,784.6059381775194,500,False,0.10011131130417403,False,0.009690124121553092,1.1045923233032227
1015344,750.9811283197831,500,False,0.15429693312461729,False,0.009943888971248776,1.227677345275879
1015776,793.4488025432239,500,False,0.0899151131275639,True,0.009847474399759271,1.185554027557373
1016512,816.62448182195,500,False,0.08600342433614902,True,0.009760458162608157,1.271538257598877
1017136,769.5149724129438,500,False,0.10391405926547663,True,0.009491443279444784,1.3151910305023193
1017360,763.6333736293373,500,False,0.0794186733647884,True,0.009505850955700026,1.8370393514633179
1017888,787.9635949786282,500,False,0.06325655670356861,True,0.009465653313530656,1.473046064376831
1019872,797.9810864236955,500,False,0.0678629691555594,True,0.009467016306775029,1.4646999835968018
1020304,789.6774213704895,500,False,0.11667124595156607,True,0.009012146300357047,2.545806407928467
1020528,777.4328992345163,500,False,0.033411186581167165,True,0.009048142543480584,1.8906084299087524
1021232,827.0747773282014,500,False,0.06170140088322208,True,0.009169234893625349,0.9983912706375122
1021504,821.1111513410293,500,False,0.0825883983977968,True,0.009206565520915961,1.301925539970398
1021728,751.2859046636164,500,False,0.10755932952633337,True,0.009248221115444327,1.7068610191345215
1022016,783.924767200788,500,False,0.155342516009178,False,0.009208696456828157,1.486901044845581
1022128,825.1021639461693,500,False,0.06766662594819185,True,0.009273548083568227,1.1438558101654053
1022464,696.056663992539,500,False,0.21701195916710128,True,0.00930847870710511,1.344423770904541
1022688,798.2461015473343,500,False,0.09747830317433641,True,0.009280828895733138,1.0027434825897217
1023344,741.8099987698895,500,False,0.09162698341259182,True,0.009349672978500638,1.306485652923584
1023776,777.7157306051694,500,False,0.09555719503108216,True,0.009522324095804403,1.194348692893982
1024512,831.771349686167,500,False,0.025385837942739523,True,0.009580900113305276,1.9724950790405273
1025136,847.6759460917683,500,False,0.06903628213489939,False,0.0093807885086669,1.2602150440216064
1025360,783.7743754738715,500,False,0.10534836652146358,False,0.009276299363207837,1.473863124847412
1025888,739.918165922325,500,False,0.11782000403956322,True,0.009242985740471887,1.6117393970489502
1027872,796.3724018833084,500,False,0.04536098487607625,True,0.009212455460518057,1.5522534847259521
1028304,765.4407954445137,500,False,0.039591015294297,False,0.008818407781632311,1.1901248693466187
1028528,778.4483231010471,500,False,0.07535485308426874,False,0.008804363850435676,1.7312428951263428
1029232,867.9517300936103,500,False,0.025652096882500208,True,0.008779513802779092,2.36175537109375
1029504,786.6281491151673,500,False,0.05196220061061527,True,0.008649242371407727,1.123948574066162
1029728,763.6810667534489,500,False,0.06707837305362087,True,0.008620661923923864,1.8691234588623047
1030016,756.2140102297092,500,False,0.09129339249103093,False,0.008642338271963044,1.4504899978637695
1030128,817.4030064053646,500,False,0.04075846999090806,True,0.008668061829757176,1.2026283740997314
1030464,818.086343310255,500,False,0.03985110978129013,True,0.0086565181083489,1.209190845489502
1030688,801.3319778122827,500,False,0.043309899517500354,True,0.00870271139944516,1.3223192691802979
1031344,799.3454116438528,500,False,0.06036738125101639,True,0.008729702512473894,0.8121262788772583
1031776,856.0738508174724,500,False,0.11043195305600322,True,0.008670220755967514,1.8167026042938232
1032512,856.0579384886095,500,False,0.10063561993311873,True,0.00856115963553649,1.0930289030075073
1033136,823.1423078174327,500,False,0.02510854969777762,True,0.008635519548952517,0.9741074442863464
1033360,799.2646442720575,500,False,0.04538130018072928,True,0.008635485834764279,1.1420798301696777
1033888,817.5365361189306,500,False,0.039542091551494365,True,0.008634478338436384,1.138681173324585
1035872,848.1134428743891,500,False,0.02584092622045834,True,0.008706484197921404,1.2801158428192139
1036304,808.9062408220498,500,False,0.0850948889138074,True,0.00863789640327512,1.3202292919158936
1036528,802.6964090313753,500,False,0.07170060081209871,True,0.008759144127292765,1.3171848058700562
1037232,831.407318894449,500,False,0.043089879090456716,True,0.00873237441745154,1.1332509517669678
1037504,836.3745316390533,500,False,0.050111942367456336,True,0.008835945516572729,1.016364336013794
1037728,742.7654797511753,500,False,0.06409331025539632,True,0.00882075411513145,1.275681972503662
1038016,761.5186279099322,500,False,0.033801443092574227,False,0.008813223311015568,1.1956079006195068
1038128,757.3403172102718,500,False,0.10248012658886185,False,0.008723695732738934,1.3242243528366089
1038464,757.4224828492015,500,False,0.06237532051608856,True,0.008696160253643502,1.0768842697143555
1038688,877.8732455833307,500,False,0.034107340758870744,False,0.008830872264263523,1.4035344123840332
1039344,831.0229610104461,500,False,0.09759196859810798,True,0.00880189475185383,1.0560312271118164
1039776,783.9267180308983,500,False,0.11611126751849404,False,0.008803099650402395,1.0761398077011108
1040512,852.6557949938283,500,False,0.008705436800036838,True,0.00883603068339926,3.5328001976013184
1041136,810.5638844286132,500,False,0.10247058475893586,True,0.008645155852686347,1.1638522148132324
1041360,872.99654636548,500,False,0.06672114634427045,True,0.008613995325690968,0.9124208688735962
1041888,826.2621300913203,500,False,0.07575659149143231,True,0.008698762388078447,1.3967598676681519
1043872,797.6663134479055,500,False,0.08948440882416474,True,0.008775942017712682,1.272578239440918
1044304,801.3673454319346,500,False,0.09042818529951699,True,0.008500462834448686,1.5586903095245361
1044528,821.5725135209708,500,False,0.1020762181146828,True,0.008580669505501003,1.0758938789367676
1045232,820.1620949960891,500,False,0.09239351723124907,True,0.008593509782503103,2.843184232711792
1045504,671.9322999879151,500,False,0.2006070999719835,True,0.008551025826538723,1.356020212173462
1045728,793.2407517549528,500,False,0.09974444351733223,True,0.008464704737219325,1.1398545503616333
1046016,828.4419928862279,500,False,0.05197650292036534,True,0.00847080659876068,2.0487520694732666
1046128,825.3010716333516,500,False,0.10727759203381865,True,0.008483049786269382,1.227036476135254
1046464,745.5233277971985,500,False,0.14623130758737488,True,0.008502680458728028,1.2218198776245117
1046688,832.3898678832171,500,False,0.045059384664445465,True,0.00849284421857789,0.9019555449485779
1047344,806.957940316134,500,False,0.07406546061748567,True,0.008489610271392133,1.925649881362915
1047776,781.4250297662486,500,False,0.054790759813212436,True,0.008606214634284464,1.1722314357757568
1048512,800.7822827334215,500,False,0.11474284183311391,True,0.008660560768157724,1.588031530380249
1049136,769.1367257143496,500,False,0.16435860877497813,True,0.00860050055381197,1.1499344110488892
1049360,811.195489791212,500,False,0.0950741758987131,True,0.008737026340566025,1.3330116271972656
1049888,808.9271780190292,500,False,0.06780894493645899,True,0.00880906399184951,1.2248518466949463
1051872,737.2901935075398,500,False,0.06862837910170298,True,0.008798752903439445,1.727552890777588
1052304,796.6234923369761,500,False,0.09490939020700419,True,0.00840945402700072,1.0116366147994995
1052528,724.2971078918249,500,False,0.11881972812415974,True,0.008265231498937535,0.8492469191551208
1053232,842.6387263478018,500,False,0.05790211508137161,True,0.00825113555813519,1.1166948080062866
1053504,798.626998299934,500,False,0.19067827413980615,True,0.00818286419265871,1.140836477279663
1053728,841.4742079390373,500,False,0.0661959620179485,False,0.008112503802572064,1.9619534015655518
1054016,811.6487847684244,500,False,0.0834052232008328,True,0.008119003625400896,1.3480439186096191
1054128,768.9620373679568,500,False,0.11399033817408216,True,0.008139587829482842,1.3332186937332153
1054464,841.3060701753756,500,False,0.0663853933388446,True,0.008167084317045345,1.9477322101593018
1054688,873.3823832170365,500,False,0.0705499211926765,True,0.008143132947253882,0.7592625617980957
1055344,775.5647174427985,500,False,0.0560244258209407,True,0.008244087058148119,1.0962532758712769
1055776,798.3158507316326,500,False,0.0987935298042785,True,0.008195452082661515,2.2008368968963623
1056512,791.3861173580301,500,False,0.1222493050554569,True,0.008255851678069694,1.3555772304534912
1057136,815.9513077065969,500,False,0.02550006059982385,True,0.008411469836135575,1.2900185585021973
1057360,797.8345667968151,500,False,0.07134759758357186,False,0.008455473719262783,5.394793510437012
1057888,746.9449021007326,500,False,0.10248212479065207,True,0.00848640556632863,0.9339479804039001
1059872,884.342987017971,500,False,0.0407452436352352,False,0.008572294176181107,1.390771508216858
1060304,775.5782791518119,500,False,0.08151914697376834,True,0.008714056178829926,2.8189802169799805
1060528,914.636748371635,500,False,0.05463520901786088,True,0.008636376827753135,0.9955055713653564
1061232,785.8900170416238,500,False,0.09116563021706132,True,0.0086384774683335,1.1778061389923096
1061504,824.7831047113157,500,False,0.07814743889795897,True,0.008654558138653554,0.9505047798156738
1061728,768.4747622692014,500,False,0.08171907257369569,True,0.00868711378957102,1.2405955791473389
1062016,789.9792977765824,500,False,0.06920895956250257,True,0.008593397274002502,1.1845715045928955
1062128,765.6442410937834,500,False,0.03945972274820214,True,0.008540352869620432,1.0017023086547852
1062464,791.7619347721736,500,False,0.094788155486138,True,0.008541218254629931,1.0464634895324707
1062688,775.8218540036046,500,False,0.03562617529720355,True,0.00840645034362767,1.380598545074463
1063344,899.282344577451,500,False,0.014269670954404193,True,0.008370438372592036,0.8641641139984131
1063776,773.8658885375845,500,False,0.057331881621321704,False,0.008297232362187155,1.2367459535598755
1064512,814.8839877887708,500,False,0.03333085676213679,True,0.008345570592584098,1.1943902969360352
1065136,791.5483662655839,500,False,0.08817858938306183,True,0.008303753831177109,1.037367582321167
1065360,834.1685924088819,500,False,0.10312078615593037,False,0.0082427707500939,1.3737735748291016
1065888,784.0438834094678,500,False,0.06343462232678374,False,0.008201082586983204,1.0974738597869873
1067872,821.3161704335906,500,False,0.0693113183973622,False,0.008090814870899172,1.0889849662780762
1068304,804.3749292464172,500,False,0.09732250958207728,True,0.008253623711800245,0.9986944198608398
1068528,796.2544095804166,500,False,0.054954377518632844,True,0.008301538320667406,1.0758213996887207
1069232,799.7668414690673,500,False,0.13790684600371975,True,0.008291009228078362,1.5170202255249023
1069504,801.1317332587888,500,False,0.09237158208287224,True,0.008169903162140116,1.1683154106140137
1069728,774.5128984495614,500,False,0.04777660529849003,True,0.008069234170950353,3.028891086578369
1070016,676.606931674934,500,False,0.2911891463656012,True,0.008017012496668249,2.735442876815796
1070128,759.8822851064438,500,False,0.1941857089892487,True,0.0079717695465226,1.1140685081481934
1070464,833.5699739673986,500,False,0.03014199575222655,True,0.007945108608894694,1.0363976955413818
1070688,829.0894530913909,500,False,0.0626050533904766,True,0.007975777723021119,1.2517144680023193
1071344,816.737027255047,500,False,0.05726584838833809,True,0.008003970370078856,1.2110114097595215
1071776,754.8557351942088,500,False,0.3881840960003758,True,0.008170300066692643,1.2511346340179443
1072512,839.3993773185633,500,False,0.04724850260645798,False,0.008249996278956008,1.1133036613464355
1073136,805.9008903248499,500,False,0.11007613179308495,True,0.008293447698993218,1.0152761936187744
1073360,786.5311438258833,500,False,0.06186654012093383,True,0.00836239103027511,1.2047666311264038
1073888,828.4743147266236,500,False,0.04033277397856829,True,0.008353868868535326,1.226409673690796
1075872,841.7549553669735,500,False,0.0842505320249118,True,0.008410043957417523,1.2742836475372314
1076304,762.9010981181465,500,False,0.1123327507879419,True,0.008525642521889603,1.2049200534820557
1076528,757.9014162218954,500,False,0.06339848573766722,True,0.00864895650472014,0.8846343755722046
1077232,856.5117619652386,500,False,0.08141761672522486,True,0.008729336707887642,1.2334129810333252
1077504,779.5914016801488,500,False,0.073410758310479,True,0.00870030205574855,0.9589460492134094
1077728,858.0432622622798,500,False,0.08740092757031487,False,0.008750255594555157,1.33774733543396
1078016,790.4081963725156,500,False,0.06097685875731144,True,0.008777797903452013,1.0894625186920166
1078128,822.247740938701,500,False,0.11170027545766187,True,0.008757679243353222,0.909358024597168
1078464,810.429722103563,500,False,0.028562372819812002,True,0.00874296297817061,1.0569474697113037
1078688,748.8705223208434,500,False,0.10654176184905167,False,0.008845642762925616,1.7424339056015015
1079344,824.14269902339,500,False,0.04685839122796124,True,0.008804691108161834,1.180585265159607
1079776,797.3532722794527,500,False,0.03420601796525302,True,0.008638367327926217,0.9998865127563477
1080512,880.5314122356986,500,False,0.04268008594876894,True,0.008597279789562323,0.864055871963501
1081136,808.9048465937105,500,False,0.09366634364080428,True,0.008572893675127508,0.8797411918640137
1081360,811.5044165992498,500,False,0.05784209677433883,True,0.008624397562013645,1.7658113241195679
1081888,849.8679265043155,500,False,0.02107445448886582,True,0.008653249773741519,2.191549777984619
1083872,833.7314267536308,500,False,0.030783858084237312,True,0.008609060634478862,1.1050426959991455
1084304,801.055746240478,500,False,0.09758280424973449,True,0.008512633192854517,1.0579028129577637
1084528,847.5507912563942,500,False,0.055812969705168664,True,0.008532491551918644,0.969260036945343
1085232,785.2213197229686,500,False,0.11419095495244216,False,0.008515371278336407,1.1488027572631836
1085504,810.2334842297014,500,False,0.12684687883186896,False,0.008543651168254328,1.0440752506256104
1085728,766.3390533013269,500,False,0.03580458763685808,True,0.00851024884694828,0.9636500477790833
1086016,883.3135464171945,500,False,0.0852428982632349,True,0.008515185478085238,0.915603756904602
1086128,870.1559386206936,500,False,0.08061419799400134,False,0.008530181587480545,2.3047657012939453
1086464,788.6722261492149,500,False,0.10112506715926148,True,0.0085456173706124,1.398712158203125
1086688,801.274209598562,500,False,0.07810603962996654,True,0.008578618215439893,0.9732200503349304
1087344,806.6894058463382,500,False,0.07455037882490213,True,0.008619440514165806,3.455374240875244
1087776,779.8765965182399,500,False,0.09773871459879269,True,0.0085600329945524,0.9923124313354492
1088512,853.4221332472113,500,False,0.07957636723836826,False,0.008428706949664825,1.9390640258789062
1089136,865.7586611435662,500,False,0.043891589419306036,True,0.008388217725144987,1.448474407196045
1089360,789.6014400560985,500,False,0.11751857753706346,True,0.00843996908198274,1.1745235919952393
1089888,831.5669579328921,500,False,0.09293596726693248,True,0.008400794747574106,2.99996018409729
1091872,837.0589659684133,500,False,0.07647635270164978,False,0.008470572843745753,0.9763543009757996
1092304,761.1248905798645,500,False,0.14746290854088834,True,0.008244408215597503,1.0359325408935547
1092528,850.2662805432492,500,False,0.06290722500425137,True,0.008249536545291905,1.3125319480895996
1093232,854.0769589269702,500,False,0.07611875019958482,False,0.008239279980751909,1.385901689529419
1093504,811.435633870887,500,False,0.0459640018596558,False,0.00827034739133977,1.6748378276824951
1093728,766.9304944052285,500,False,0.08079933704699575,True,0.008281670619840812,0.957175612449646
1094016,794.7672918348043,500,False,0.13750554116240896,False,0.008239870249043392,0.9446787238121033
1094128,784.2861376549486,500,False,0.1668727342901215,True,0.00822636620980655,5.571535110473633
1094464,716.5773392715921,500,False,0.19124403144525484,True,0.008262580262395324,1.1354619264602661
1094688,828.3794663865908,500,False,0.040058158896226,True,0.008277932589441376,2.887540817260742
1095344,843.6097520244421,500,False,0.06305397301931752,True,0.008335269391909613,1.8764134645462036
1095776,783.025615913737,500,False,0.03797947280738836,False,0.008332033872421374,1.0756193399429321
1096512,763.5235695029689,500,False,0.08916396584528839,True,0.008354429559948074,1.468616247177124
1097136,813.1592806172041,500,False,0.03561236064093866,False,0.008291632012245542,1.2605289220809937
1097360,812.6594509466333,500,False,0.056543214201683144,True,0.008156061675231592,1.1899011135101318
1097888,830.8232618795714,500,False,0.042821460390244835,True,0.008139267557737596,0.9019483327865601
1099872,804.2051373769328,500,False,0.04852908405794568,True,0.008110295059619844,0.9815800786018372
1100304,823.9105058262473,500,False,0.07717403501303356,True,0.00811012008793674,1.8707902431488037
1100528,770.7724364700686,500,False,0.1348411906257467,True,0.008086389026269505,2.563528060913086
1101232,773.4011661472097,500,False,0.08933882766567082,False,0.008065885797850449,1.1702008247375488
1101504,797.7525212200828,500,False,0.08945841296098969,True,0.008025128771959081,1.87099289894104
1101728,788.6038949046857,500,False,0.07834104334728097,False,0.008025020931378543,1.1299173831939697
1102016,805.266667336498,500,False,0.04242928534931181,True,0.008080647198619142,1.142726182937622
1102128,779.952791643444,500,False,0.05894390627563156,False,0.008137697428290763,1.348649501800537
1102464,815.6611046209515,500,False,0.1427359559104127,False,0.008169203235533369,1.2231767177581787
1102688,792.1583055880676,500,False,0.19532076613563484,True,0.008260847295333097,1.1415350437164307
1103344,830.2571814863354,500,False,0.08355467854812237,True,0.008253626123527862,2.6452596187591553
1103776,842.7992273322894,500,False,0.08653625082859147,True,0.008145897133957686,1.0057960748672485
1104512,767.2830207216759,500,False,0.1053881593127246,True,0.008077875197640923,1.1870076656341553
1105136,803.5202879337909,500,False,0.029363637506386025,True,0.008123902729184907,1.2920230627059937
1105360,725.1487278847251,500,False,0.22608098294238754,True,0.008099801618029463,1.545969009399414
1105888,801.1528730573444,500,False,0.09448785917830825,False,0.008013418207561216,3.605085611343384
1107872,819.1094091595952,500,False,0.10264557989454742,True,0.007935918117050154,1.3624985218048096
1108304,807.6189299585749,500,False,0.07311080946289039,True,0.007891186246101082,0.8843694925308228
1108528,775.0208850952522,500,False,0.07524705452530529,False,0.007876608746326636,1.1883468627929688
1109232,783.2314175502688,500,False,0.07120681969348257,True,0.007867455098405163,1.1766895055770874
1109504,802.7632180746775,500,False,0.0454381969418343,True,0.007946972829867723,1.454477310180664
1109728,730.2721914339321,500,False,0.1100856434961613,True,0.008132539609333812,1.1109024286270142
1110016,803.4931587863879,500,False,0.061567734650074174,False,0.00813111586369898,1.0625053644180298
1110128,806.9788684440091,500,False,0.048590738816804535,True,0.008105964836404984,1.0060678720474243
1110464,760.5350201107876,500,False,0.13175245254814386,True,0.00809645273420902,1.8195589780807495
1110688,843.604025354601,500,False,0.09150156307300718,True,0.008180445214302478,0.9933854341506958
1111344,758.3149102070975,500,False,0.10190173188583962,True,0.008161415941011163,2.2861685752868652
1111776,823.3245618005658,500,False,0.04987472445717132,True,0.008372349822820866,1.3687310218811035
1112512,776.6452898029718,500,False,0.08110431334507114,True,0.008315361898859066,1.1356842517852783
1113136,838.3507647374014,500,False,0.053934332948733475,True,0.008190958109545468,1.0958082675933838
1113360,808.4645507495432,500,False,0.08891968534701129,True,0.008002550648778379,0.9625726938247681
1113888,809.3132229726642,500,False,0.050715315610346215,True,0.007910704165195806,0.9476075172424316
1115872,876.3127234157558,500,False,0.017834144667730926,False,0.007965433055622506,1.1561229228973389
1116304,839.8620497041122,500,False,0.059174989498334496,False,0.007773248099800155,1.0029610395431519
1116528,809.5308711268352,500,False,0.07542419512200982,True,0.00781510170649847,0.9570070505142212
1117232,782.9362785450228,500,False,0.07327336053135143,False,0.007839214140146744,1.727095603942871
1117504,692.8270221408028,500,False,0.11238966694291684,True,0.007840086723102845,1.0558654069900513
1117728,878.621318271653,500,False,0.02358901089665009,True,0.007880989019444092,0.7411413192749023
1118016,802.596516519508,500,False,0.08241189827435531,False,0.007935859962016512,2.3419547080993652
1118128,791.3230041347184,500,False,0.06821820541707811,False,0.007931815727666582,11.146514892578125
1118464,835.9898411440194,500,False,0.0445448875684637,False,0.00797883665719235,1.0417007207870483
1118688,776.7541225065203,500,False,0.11998455305670196,True,0.008042888680893565,1.1864721775054932
1119344,776.7623931988112,500,False,0.119630238400711,True,0.008048988794878007,1.2224209308624268
1119776,774.1485696139918,500,False,0.092012051302157,True,0.008028948462604543,1.2487425804138184
1120512,858.1210274142674,500,False,0.07485904392543972,False,0.008123937032838886,2.0003299713134766
1121136,768.8480459842541,500,False,0.050572271580867294,True,0.008037350403063321,0.9093882441520691
1121360,790.8095741635449,500,False,0.021327668871145896,True,0.007981007304375275,0.9137662649154663
1121888,825.9821626937181,500,False,0.032530607272478106,True,0.007974168286947528,0.8131505250930786
1123872,848.7524165974505,500,False,0.1360574864330228,True,0.0080129501311606,1.0657780170440674
1124304,774.3281712813932,500,False,0.11411864656643003,True,0.007863167132501283,1.0404815673828125
1124528,869.5284358613405,500,False,0.05919938934207497,True,0.007887579443804775,7.103355884552002
1125232,834.4502854763018,500,False,0.0584250949766723,True,0.007927821612273291,1.1898421049118042
1125504,835.6061459130098,500,False,0.08533022947354058,False,0.008119323470592677,3.2581515312194824
1125728,694.9386449853923,500,False,0.11075074040415338,True,0.008127925754344933,2.064955472946167
1126016,834.9624521871469,500,False,0.06388867628315399,True,0.008125441793465154,1.2673596143722534
1126128,809.586247397803,500,False,0.0777430359316831,True,0.008130045881357168,1.1314465999603271
1126464,896.0512854652533,500,False,0.06646777222741317,False,0.008136852462446935,0.9038872718811035
1126688,832.7230843867814,500,False,0.14402305915454452,True,0.008052154438039354,1.1949809789657593
1127344,790.906198457749,500,False,0.05405626949905035,True,0.007999183154420785,0.8518058061599731
1127776,869.0847359442868,500,False,0.08075478809690773,True,0.007933322135847418,0.9470545053482056
1128512,744.8041964760706,500,False,0.06968117225525115,True,0.007890097409191298,1.149500846862793
1129136,840.7942786299718,500,False,0.07557699602563317,True,0.007778904208483954,0.779842734336853
1129360,831.8699149153148,500,False,0.026279484880317477,True,0.007749304946515792,1.2383347749710083
1129888,819.3079231100527,500,False,0.08923729522902854,False,0.007792211938843542,0.725765585899353
1131872,770.1912203097744,500,False,0.07070815293217579,True,0.007737772521062617,1.4182850122451782
1132304,838.383343985741,500,False,0.09576936206891368,True,0.00791194603705435,0.8976511359214783
1132528,821.4476315131523,500,False,0.06604196943291024,True,0.008005637541336883,0.8819841146469116
1133232,748.8976820386387,500,False,0.040501518513900464,True,0.008031706326314614,1.0086820125579834
1133504,833.9974710525337,500,False,0.05351046717340796,True,0.007964073141095054,1.695197582244873
1133728,805.6772475336031,500,False,0.033665415819206526,True,0.007996297239239482,2.205493450164795
1134016,796.0291895629953,500,False,0.047107830822130665,True,0.007939586769916006,0.9438680410385132
1134128,833.5647506746775,500,False,0.015125857392008472,True,0.007915417349392094,0.9983460307121277
1134464,824.8238410593407,500,False,0.08451565211880592,False,0.007860747731046678,1.8531150817871094
1134688,711.0095630140348,500,False,0.12338478008576746,True,0.007866895424196168,2.182257652282715
1135344,833.6617386456543,500,False,0.03784479769421844,False,0.007900270552769316,0.9401404857635498
1135776,837.7763177733757,500,False,0.08920732657566223,True,0.0077044453184494455,1.2675665616989136
1136512,820.8552372673238,500,False,0.07670114459537312,True,0.007656273213802034,1.1846160888671875
1137136,769.6852177843093,500,False,0.10729504726994714,True,0.007829912121032803,1.0934133529663086
1137360,839.3368089279975,500,False,0.0749881692793203,True,0.007770665738146969,0.8834245204925537
1137888,876.7070072281801,500,False,0.016915792888609477,True,0.007778611793982873,1.0099689960479736
1139872,820.5974288080425,500,False,0.03241420268256558,True,0.007849921133569611,1.1186511516571045
1140304,821.9583412271882,500,False,0.039394119172406435,True,0.007668784281476237,1.9365208148956299
1140528,868.5427844620966,500,False,0.05415036172722227,True,0.007591872564638609,1.3177947998046875
1141232,835.9430639711383,500,False,0.07217561965266579,True,0.007645691783959425,1.0187276601791382
1141504,825.8635790663612,500,False,0.1599594052457028,True,0.007497455054238568,0.9944081902503967
1141728,816.4518789646689,500,False,0.0963066618985418,True,0.007458175605320562,0.9304589033126831
1142016,844.1889452848693,500,False,0.06312702795554946,True,0.00745819498705879,1.015343427658081
1142128,831.9155608565352,500,False,0.05032806458362749,True,0.007430692970183033,1.1049858331680298
1142464,802.7678104174842,500,False,0.05711350080657663,False,0.007387610530520119,0.9313812851905823
1142688,862.9871710420343,500,False,0.03664945749093492,True,0.007392699919631467,2.4713120460510254
1143344,815.7028900244197,500,False,0.07412580850029807,True,0.007445100456430497,0.8974647521972656
1143776,856.2831233679739,500,False,0.07771621223520492,True,0.007598465737446459,1.40842604637146
1144512,792.3826796478759,500,False,0.15209165524643978,True,0.007615791233447644,1.105867624282837
1145136,764.2059236704341,500,False,0.09501386956219701,True,0.007674226392662724,0.8900514841079712
1145360,792.7611842971529,500,False,0.06859248676383008,True,0.007593773200130144,1.1824456453323364
1145888,876.967179665548,500,False,0.07690355505851369,False,0.007547251867176692,1.8488222360610962
1147872,788.4391826479888,500,False,0.06204522631679795,True,0.007418414669890186,1.0242340564727783
1148304,874.240478483089,500,False,0.02416823435368975,True,0.007464053363689233,1.1663877964019775
1148528,791.1309940043101,500,False,0.034209904881362545,False,0.007488593935625296,0.9357607364654541
1149232,832.8573265347515,500,False,0.036740924790868865,True,0.0075168048375229635,2.2450132369995117
1149504,775.7407566471524,500,False,0.025345019008451517,True,0.007545190301286708,1.0144233703613281
1149728,835.4892833574054,500,False,0.055597621122489484,True,0.007455364313010777,0.9636474251747131
1150016,775.6277612994135,500,False,0.07614741841952148,True,0.007436083685389311,0.8829820156097412
1150128,818.4290727191282,500,False,0.07143450440137632,False,0.007436083685389311,0.8829820156097412
1150464,807.8808831564646,500,False,0.06387701579040247,True,0.007453262449416916,0.7015678286552429
1150688,836.527765088565,500,False,0.07845915914451017,True,0.007446249195372362,1.3552820682525635
1151344,777.7011441670927,500,False,0.058524534230529786,True,0.007498648198373978,0.9981493353843689
1151776,879.2207540103075,500,False,0.03594385337461603,True,0.007276307312623766,1.4579343795776367
1152512,861.0652855867521,500,False,0.056931558160012996,True,0.007299602377067957,1.0341815948486328
1153136,836.905544801601,500,False,0.11677482024152937,True,0.007287159295539247,1.0627756118774414
1153360,751.8599570161587,500,False,0.08093274307423605,True,0.007448310921322479,0.7795611619949341
1153888,834.064924602929,500,False,0.07989883755380693,True,0.0074147494002542325,0.8406966924667358
1155872,792.6428184404405,500,False,0.040492811696672196,True,0.007372975702217542,1.2579237222671509
1156304,795.1924434386628,500,False,0.03530152452339777,False,0.007644163431283513,1.0445513725280762
1156528,787.906979817679,500,False,0.07743243147544868,False,0.007625407086532179,0.9144150614738464
1157232,797.5645478168695,500,False,0.1008283263029627,True,0.0076321597394273565,1.039222240447998
1157504,772.0031934514174,500,False,0.07271544014201992,True,0.007486538479167308,0.746412992477417
1157728,777.801550223949,500,False,0.04301054525553752,True,0.0075468954822561565,0.9613580703735352
1158016,814.0791387176439,500,False,0.04471932796309869,True,0.007533879863604714,1.2854583263397217
1158128,844.0553353943217,500,False,0.03719661086825792,False,0.007569538480117991,1.3090128898620605
1158464,790.4766420412053,500,False,0.024877219534537857,True,0.007631004910289589,0.8666633367538452
1158688,746.8389429004535,500,False,0.10315471596574692,True,0.007568550493412767,0.8828399181365967
1159344,814.9490606107069,500,False,0.017730874288789118,True,0.007444212206020589,0.7612747550010681
1159776,807.6304542315622,500,False,0.09360887404685787,True,0.007452844191303707,3.151068687438965
1160512,832.3606304021926,500,False,0.053055164497085715,False,0.007401292208187365,0.7303162217140198
1161136,775.8256233829377,500,False,0.04741170650291478,True,0.0073989367394298065,0.9704898595809937
1161360,797.3537688931997,500,False,0.04509440677748747,False,0.007380869629057152,0.9438444972038269
1161888,818.1359747214158,500,False,0.051661387459475544,True,0.00731878466921713,0.6691311597824097
1163872,867.9319528416092,500,False,0.08367373312422431,False,0.007297588588698591,0.8661248683929443
1164304,831.623412072837,500,False,0.032120095141092604,True,0.007260573221401355,0.8225060105323792
1164528,823.8452812893026,500,False,0.020127785654441028,True,0.007285611214724284,1.0404596328735352
1165232,830.911710679858,500,False,0.09941086128093476,True,0.007186437631174025,1.0038949251174927
1165504,837.8097191086334,500,False,0.04976663233081682,True,0.007076027755612284,1.1470564603805542
1165728,855.9942337042933,500,False,0.06480618012532842,True,0.007103296561216937,1.1347508430480957
1166016,800.7831603938821,500,False,0.029862552774569985,True,0.007210121548085977,0.7969465255737305
1166128,813.8899408297818,500,False,0.09471938745644813,True,0.007129193710438885,0.9418998956680298
1166464,783.4102952049828,500,False,0.062072053964777,True,0.007147615586450904,0.7800965905189514
1166688,893.8952552682165,500,False,0.07351376545042936,True,0.007231964905162664,0.8010114431381226
1167344,886.44946476172,500,False,0.09359372739752309,True,0.007214596087465538,0.8331401944160461
1167776,886.5446554070306,500,False,0.07659057118264094,True,0.007233369574660878,0.7126258015632629
1168512,798.962111164387,500,False,0.08701077328977898,True,0.007233937348498274,0.8943983316421509
1169136,708.1692960181764,500,False,0.11613561303417032,True,0.007161026284373226,0.7276289463043213
1169360,774.2883360924876,500,False,0.04482296552782796,True,0.007216139549240888,0.8898905515670776
1169888,842.3370169792028,500,False,0.029058360107103304,True,0.0072145457658823265,3.91886568069458
1171872,862.6428858938513,500,False,0.04402763991071027,True,0.007290685570915225,0.7929664850234985
1172304,850.201736902934,500,False,0.07617079576293384,True,0.007447700575680237,4.196168899536133
1172528,808.3123343591665,500,False,0.04983071896566746,True,0.007469074300514209,1.0268739461898804
1173232,857.4818505575106,500,False,0.07143376690589069,True,0.007461218817147145,0.9944344758987427
1173504,841.9827801792545,500,False,0.10141925646050193,True,0.007356051763218226,0.9278578758239746
1173728,873.2656987203408,500,False,0.06230806881081469,True,0.00731317135761291,0.7842584848403931
1174016,849.2979416904584,500,False,0.11756636299108822,True,0.0073917424504849815,0.8584609031677246
1174128,812.890610995822,500,False,0.11474366905943476,True,0.007430919567435572,0.8913902640342712
1174464,860.814590591742,500,False,0.09015955623780791,False,0.007447359089753832,0.848030149936676
1174688,847.2388764345205,500,False,0.10105583898377882,True,0.007501170937389849,0.9502170085906982
1175344,921.175368039671,500,False,0.035141037098082785,False,0.00758114890512989,0.8539450168609619
1175776,878.6268507839094,500,False,0.051459715938557256,True,0.007426677483261829,2.6440775394439697
1176512,861.1877407387645,500,False,0.04514695466294782,False,0.00743469824982042,0.6927676796913147
1177136,838.5347863831718,500,False,0.1178510988990923,False,0.007459406520365008,0.9949559569358826
1177360,889.7138330798737,500,False,0.05070819632746644,True,0.007334784754344829,1.1851792335510254
1177888,807.918335189408,500,False,0.06268426799355728,True,0.007346803826584305,1.19767165184021
1179872,773.3219059717647,500,False,0.13152168697998343,True,0.007335032237134968,1.1742393970489502
1180304,818.2103492988252,500,False,0.00784405961486975,True,0.007348640476460099,2.2093887329101562
1180528,773.8825732853448,500,False,0.12355393953837358,True,0.007267795098213736,0.907251238822937
1181232,786.5689141297275,500,False,0.05813426041546874,True,0.007262621704125806,3.1157212257385254
1181504,756.5793131591877,500,False,0.42087674972144185,True,0.007313750942756566,0.7531939744949341
1181728,804.1646926525664,500,False,0.10263782384537254,True,0.007290295695050454,0.7565945386886597
1182016,756.9820717046892,500,False,0.09011862173569177,True,0.007353656537635204,0.9314410090446472
1182128,820.0163859747739,500,False,0.06999024856883725,True,0.007395409216194461,0.8237908482551575
1182464,744.1194405708276,500,False,0.14442575361007406,True,0.007364175267043261,0.7398411631584167
1182688,748.9215833418193,500,False,0.17324233046762932,True,0.007297257546354654,1.508089303970337
1183344,789.353580343003,500,False,0.05823059868186781,True,0.007180825105412269,1.286515712738037
1183776,791.4729688269773,500,False,0.08490928171039541,True,0.007257776343421672,0.8485502004623413
1184512,794.1299180013449,500,False,0.06205908405569665,True,0.007215308038207362,2.0861055850982666
1185136,842.9609072944445,500,False,0.040491875922651376,True,0.007199708997652279,1.2557716369628906
1185360,853.4532618005804,500,False,0.10087262938009255,True,0.007228529457700097,1.4370875358581543
1185888,740.5621468448855,500,False,0.0877785782832193,False,0.007155932339303065,0.8417463898658752
1187872,865.4595490114493,500,False,0.016711875777719477,True,0.007159189643410095,0.9606919884681702
1188304,840.8184415785513,500,False,0.026394683475235884,True,0.007137952444839174,1.2744839191436768
1188528,797.0592550241624,500,False,0.07312780994743963,True,0.007184161573875944,0.7230019569396973
1189232,801.2947735748483,500,False,0.01925606686240622,False,0.007162956751399262,0.7807932496070862
1189504,790.3286612432436,500,False,0.21654582951411794,True,0.007169117681390145,0.9613416790962219
1189728,786.2074146964572,500,False,0.08091926426506235,True,0.00715547496667971,1.0230867862701416
1190016,743.6468221092065,500,False,0.07591054084633678,True,0.007093362709758262,1.7893413305282593
1190128,864.8555244212382,500,False,0.025822272398329797,True,0.0071251410563386575,1.9004806280136108
1190464,801.7543023766578,500,False,0.10191692382637818,True,0.0071455718703753125,2.0690386295318604
1190688,825.929038968961,500,False,0.08723760225660898,True,0.007052315455277024,1.0625512599945068
1191344,865.6148025115376,500,False,0.07282044273656037,False,0.006993048484346483,0.5626615285873413
1191776,811.9988196901364,500,False,0.09307277842649891,True,0.00704372541238391,0.7489158511161804
1192512,823.5583222168957,500,False,0.058121997284592566,False,0.007078745240515033,0.8499338626861572
1193136,878.0884397459029,500,False,0.08186612204531492,False,0.006992231021828995,0.8934019207954407
1193360,789.708666332852,500,False,0.061453311956283306,True,0.007016898620838855,0.869426965713501
1193888,754.8496095464337,500,False,0.14880149826916775,True,0.007076015217188048,0.867155909538269
1195872,761.3859084929634,500,False,0.058724839606137585,True,0.007060702905711373,1.3403337001800537
1196304,715.7980988077023,500,False,0.14317397409542337,True,0.00700285241067645,0.9352786540985107
1196528,775.9609082536997,500,False,0.09470429559090392,False,0.007052848679639705,0.7912037372589111
1197232,775.5248376266676,500,False,0.08890997018913592,True,0.007054484320628655,1.2881362438201904
1197504,827.7519861944836,500,False,0.1564051152884069,True,0.006957517782416061,0.8466701507568359
1197728,820.9986874946945,500,False,0.076433325089154,False,0.007061179235011125,0.8905954957008362
1198016,783.6587073899411,500,False,0.09485750820926092,False,0.007045890738052098,1.4705874919891357
1198128,816.9583998406684,500,False,0.05497885514547333,True,0.006956783654667181,1.3691272735595703
1198464,759.9891656897623,500,False,0.04818181344756828,True,0.0069473083252170175,1.3730130195617676
1198688,793.3669538625039,500,False,0.08761228167112912,True,0.006874462636264026,0.9269499778747559
1199344,828.9856211111712,500,False,0.03853768225849849,False,0.006888296475656975,1.3503137826919556
1199776,839.4869000125668,500,False,0.04589219962699718,True,0.006947323324288695,1.2060813903808594
1200512,799.154386853062,500,False,0.1280330076272056,True,0.006887257363707499,0.7941799163818359
1201136,843.44912253024,500,False,0.07759352242113055,False,0.006875828750068392,0.8468109965324402
1201360,824.9860952027625,500,False,0.09878002267644315,True,0.006943659618107761,0.905249297618866
1201888,889.466372131035,500,False,0.041883218445439206,False,0.007031550810524706,0.8253129720687866
1203872,764.8006543956649,500,False,0.11305320473658972,True,0.006945889410689262,0.8948143720626831
1204304,788.2023386517067,500,False,0.040744131653700624,False,0.007133402123917478,0.7545395493507385
1204528,811.0530822411496,500,False,0.04586603278858984,False,0.007063390042299293,0.779019832611084
1205232,842.3119438462124,500,False,0.06407732236099176,True,0.0071012535986051326,0.6719524264335632
1205504,860.04252315988,500,False,0.14032043893464563,True,0.00707374120748243,0.6731389760971069
1205728,832.2724590332809,500,False,0.08073762487253547,True,0.007172722884272783,0.9202479124069214
1206016,730.7356874102852,500,False,0.07059662579391628,True,0.007243253773982496,0.8607300519943237
1206128,863.7338655562952,500,False,0.08965884062612217,False,0.00722367108555823,0.8770195245742798
1206464,818.3451711997329,500,False,0.07648348561574968,False,0.007223850117475089,1.0317007303237915
1206688,808.6277214527719,500,False,0.02803025424954359,True,0.007219459418072436,0.99556565284729
1207344,859.4953265448223,500,False,0.0632543159943694,False,0.007264168549523661,0.6482269763946533
1207776,839.043129137329,500,False,0.08228507238987903,True,0.007210258439647388,0.8772257566452026
1208512,881.0384786184968,500,False,0.03662800073599248,False,0.007241292590186604,2.3309569358825684
1209136,788.2140821642568,500,False,0.10423553894224798,False,0.007346360542872197,0.8954012989997864
1209360,825.8142978640225,500,False,0.07541490684735216,True,0.007356632840032531,0.722459077835083
1209888,793.1538050838294,500,False,0.06447965540548958,True,0.007378829723257097,0.9103615283966064
1211872,801.6847091601596,500,False,0.013523322992407293,True,0.007372164000813287,1.1311835050582886
1212304,815.1480668069498,500,False,0.08047941165575799,False,0.007186708715548441,0.8344712257385254
1212528,802.920186723446,500,False,0.034819288698115056,False,0.007247361896889296,2.3708081245422363
1213232,824.3395830796163,500,False,0.12815668428291074,True,0.007191346404683644,1.928379774093628
1213504,782.7692954242256,500,False,0.08869391834044475,True,0.007095374290385245,0.8510886430740356
1213728,812.3432555213825,500,False,0.06261594694322295,True,0.007081950264980768,0.8547107577323914
1214016,850.6680550659343,500,False,0.1511189214993326,True,0.007142946220211274,0.8383294939994812
1214128,792.1350965449459,500,False,0.09270570838596891,False,0.007029764894070783,0.8605163097381592
1214464,856.9346580765525,500,False,0.06916950311883774,False,0.006989550254178148,2.075340747833252
1214688,847.6216645306469,500,False,0.022554450549006583,True,0.007013571996247298,0.998259425163269
1215344,749.7037158530718,500,False,0.11058010555046209,True,0.007092631865280616,1.112675428390503
1215776,840.5343799233884,500,False,0.008165002667581021,True,0.007129084746388911,1.615078330039978
1216512,781.7177804382893,500,False,0.08500198707838913,True,0.0071617515017092775,0.7937828302383423
1217136,817.8770579086402,500,False,0.059656865114399514,True,0.007339038341539903,0.9912261962890625
1217360,736.3344767699834,500,False,0.20327021193063663,True,0.0073633661537507505,0.9246139526367188
1217888,810.5677296372852,500,False,0.11904174708118864,True,0.007352456352945181,0.7884232401847839
1219872,873.4768114607404,500,False,0.09711849901227168,False,0.007468912343710294,0.9173188209533691
1220304,845.8260392783994,500,False,0.0981259230294956,True,0.007486806127463714,1.0081570148468018
1220528,827.102857220759,500,False,0.13825097625627294,True,0.007392740886715493,1.174312949180603
1221232,802.4362500735458,500,False,0.13108657664032378,True,0.007387405001989516,1.7501317262649536
1221504,774.8118645282493,500,False,0.05027818878646742,True,0.007156893389229113,1.0795557498931885
1221728,834.968987996545,500,False,0.06479140795219865,True,0.00709841281214094,0.8768734931945801
1222016,793.1351815097751,500,False,0.02082622458219457,True,0.007077588240497267,0.7614561319351196
1222128,774.6600178479181,500,False,0.08967578083977662,True,0.007092436185383665,1.5679031610488892
1222464,859.8396966801198,500,False,0.042831508760104074,False,0.0071215923082683435,0.8255082368850708
1222688,765.4517667058377,500,False,0.03685463063697455,False,0.006971132874165494,0.8747677206993103
1223344,798.4703067799204,500,False,0.11727840016972103,True,0.006880957080422831,1.0550599098205566
1223776,806.6383554951625,500,False,0.051003560152440404,True,0.006745787758641685,1.0939116477966309
1224512,801.0335112840504,500,False,0.06466211474415713,True,0.006747307216548177,0.9938032627105713
1225136,828.4448529446962,500,False,0.036943102021654343,False,0.006727273320206904,0.86750328540802
1225360,856.7184764327558,500,False,0.04660783414064841,False,0.006714226971731523,0.7475672960281372
1225888,799.8798725475214,500,False,0.024038819631703262,False,0.0067489511244199964,0.8626061677932739
1227872,873.161026918595,500,False,0.07037747958432,False,0.006781840676856564,3.846163272857666
1228304,808.8375745061334,500,False,0.10193873772221664,True,0.006855657090863933,0.8400691151618958
1228528,808.8243610650126,500,False,0.08354854216582705,True,0.006953257833224213,1.3601274490356445
1229232,757.6370002786721,500,False,0.04028951072436487,False,0.006939226391374211,0.8439210653305054
1229504,852.0452596794545,500,False,0.08203730720748062,True,0.00708196828649287,0.8028302192687988
1229728,820.3217145549461,500,False,0.07344753844190896,True,0.006978821274019623,0.8098866939544678
1230016,751.7994901160904,500,False,0.19792951756957908,True,0.006927412189160654,0.8029674887657166
1230128,881.199819484354,500,False,0.04201144422822295,True,0.006850345575556907,0.8274928331375122
1230464,837.6690446885277,500,False,0.05797196294212609,True,0.006846300059600331,1.0804473161697388
1230688,824.9330673207188,500,False,0.04058371290680574,False,0.0068574230731558525,0.730444073677063
1231344,700.0286311752253,500,False,0.08136437934378273,True,0.006814197436486458,1.159744143486023
1231776,781.8015663349997,500,False,0.0922596869371025,True,0.006913139139530261,1.0246034860610962
1232512,711.751366336477,500,False,0.09738958671258696,True,0.006809864990044159,0.7585684061050415
1233136,773.2506826648245,500,False,0.08373700006364286,False,0.00691719327756012,0.6751931309700012
1233360,814.5956923458152,500,False,0.10495683375095687,False,0.007000762626065953,0.7233880758285522
1233888,851.8679348332225,500,False,0.11437700904085348,True,0.007031002252619232,1.3344300985336304
1235872,766.4820665745659,500,False,0.05177755879632202,True,0.0071450968341020835,0.8650718927383423
1236304,830.0760141978516,500,False,0.05134921046725629,True,0.007234370923970103,1.0794578790664673
1236528,739.2373695921672,500,False,0.13516337252844127,False,0.00720899319207045,0.6827506422996521
1237232,836.1944802535551,500,False,0.025998718473782757,True,0.007148980151174223,0.8175227642059326
1237504,794.4974349647836,500,False,0.0287332696231688,True,0.007004086705703607,0.9625527262687683
1237728,790.6845597652981,500,False,0.06037856566826348,True,0.006982860363937308,1.7964489459991455
1238016,826.0046121072187,500,False,0.09045271857377148,True,0.006987725193465475,0.6269935965538025
1238128,770.7469355279367,500,False,0.14576866728063229,True,0.006981600797524731,1.4927306175231934
1238464,787.6283680548133,500,False,0.2601898777490384,True,0.006957879924733429,0.7779272794723511
1238688,907.9945022414228,500,False,0.031674690302626096,True,0.006995203322338116,1.111264705657959
1239344,894.2879675387182,500,False,0.08001550882170981,True,0.006937348739228326,1.4496119022369385
1239776,829.8970862759957,500,False,0.08062966073747381,True,0.006948536635010227,3.735081911087036
1240512,828.0509717153013,500,False,0.0923196839066713,True,0.006951906463350486,2.264583110809326
1241136,821.1472897430552,500,False,0.10358998714650194,True,0.006882614654442976,0.7812631726264954
1241360,817.271543613775,500,False,0.07271457375360063,False,0.0067778236285896,0.7549256682395935
1241888,787.3502149809046,500,False,0.07167782840261577,True,0.006761698580580173,0.7129232883453369
1243872,797.917390512556,500,False,0.13885823956576793,True,0.006779634510220282,0.7400060296058655
1244304,817.2537675181545,500,False,0.037270675667906726,True,0.006842229875980217,0.9160026907920837
1244528,832.2966084496092,500,False,0.037455218468307884,True,0.006951355541175291,0.9673487544059753
1245232,846.7657599697388,500,False,0.15447948555672522,True,0.006929120574561788,0.7914700508117676
1245504,807.6660761983919,500,False,0.05831560123647841,True,0.006810499487670151,0.8443706631660461
1245728,742.2506284200306,500,False,0.11998384215605204,True,0.006864706603941752,0.9839015007019043
1246016,748.493936340855,500,False,0.092312514407226,True,0.006890792613293044,1.8494107723236084
1246128,809.1149335034249,500,False,0.0841173183484675,True,0.007001973893452866,0.528999388217926
1246464,771.6865146692085,500,False,0.07786562235678555,False,0.007043867254201425,0.9297130703926086
1246688,797.1413628608807,500,False,0.07326991412184329,True,0.007038311017870707,0.7008023262023926
1247344,876.9740680725549,500,False,0.042717123156399604,True,0.007053593551382099,0.8502794504165649
1247776,843.2919856696543,500,False,0.01654915999914683,True,0.007075719460652844,1.4167560338974
1248512,689.7437706825912,500,False,0.07864887478051777,True,0.0071209536761539715,1.7673447132110596
1249136,798.1235437437141,500,False,0.05967848254478535,True,0.0071282184594114815,1.7097389698028564
1249360,771.9544834399495,500,False,0.1302626624552896,True,0.007217810974458142,0.7848854064941406
1249888,838.7226192949363,500,False,0.05596384662732871,True,0.007153161792568067,0.66202712059021
1251872,777.2216209978624,500,False,0.08680696318363194,True,0.007079666683404502,0.8689003586769104
1252304,788.9969692994177,500,False,0.11094880893672196,True,0.007123108837536532,0.8462187051773071
1252528,767.6255609148192,500,False,0.1591591031108975,True,0.007085726971408174,0.9043207168579102
1253232,833.6411366855694,500,False,0.08808265488727486,True,0.007057260433111925,0.8174073696136475
1253504,802.5786104913764,500,False,0.09889686239742063,True,0.00697424527362312,0.7836875915527344
1253728,852.7845580395814,500,False,0.1543999890918629,True,0.006937401681209257,0.7701187133789062
1254016,762.4414386015851,500,False,0.08495762083174274,True,0.006954800601860793,0.7109236717224121
1254128,834.6827141199482,500,False,0.017500556527722883,True,0.006951427615674769,0.8492544889450073
1254464,819.1676966558191,500,False,0.045845149679171276,True,0.0069527289918638055,1.6318854093551636
1254688,642.5977771929333,500,False,0.13226760968460297,True,0.007035961629402014,0.770331859588623
1255344,819.6548170427976,500,False,0.07094241472527527,True,0.006985951708065239,0.7375185489654541
1255776,756.7498881106391,500,False,0.14009542139885386,True,0.006955453831668481,0.8541871309280396
1256512,776.6142004364646,500,False,0.21467573602674728,True,0.006862824235982175,0.6379902362823486
1257136,711.7053741251844,500,False,0.11076890656494774,True,0.0069442030417109085,1.061403751373291
1257360,838.9655808672666,500,False,0.0158084165304685,True,0.0068828148258509225,1.4284062385559082
1257888,736.3568093068685,500,False,0.04090336274560306,True,0.0068232200079727055,0.722252368927002
1259872,719.89118074454,500,False,0.2578265710360355,True,0.006770402987665548,0.8791913986206055
1260304,870.4379089834222,500,False,0.10464164321008632,True,0.0067619305136581076,0.7930854558944702
1260528,799.7284152088541,500,False,0.08448802918109491,True,0.006863300736371692,2.0001866817474365
1261232,852.5068173158112,500,False,0.10197662807698249,False,0.006886369082010508,0.9169514179229736
1261504,765.9181867132538,500,False,0.02725062830556568,False,0.006833085109569199,0.6572854518890381
1261728,816.7819898727081,500,False,0.07036836320611013,True,0.006862955194661922,0.7684377431869507
1262016,809.8839420536383,500,False,0.0651958949468222,True,0.006828490980852192,0.8455297350883484
1262128,752.4239608619696,500,False,0.06390444780750071,True,0.00686537608526131,1.8453364372253418
1262464,760.1952572851021,500,False,0.09587143018525635,True,0.006866825180798601,0.8358711004257202
1262688,881.1867932767022,500,False,0.033667173116664166,True,0.006870582340883609,0.7086868286132812
1263344,813.1334730610014,500,False,0.0877260618714524,True,0.00690037031317876,1.221887230873108
1263776,825.9060460174109,500,False,0.03795085309163768,True,0.006933264569022329,0.8711127638816833
1264512,793.8883223401817,500,False,0.0353433150728357,True,0.0069165659625720155,1.621065616607666
1265136,795.5913363825747,500,False,0.10423754875529916,True,0.006916953621758008,0.5876696109771729
1265360,823.6762704781065,500,False,0.08448941128022787,True,0.006835187894472792,0.7896709442138672
1265888,785.5541939443198,500,False,0.08113599835436303,True,0.006713598423992054,0.7258356809616089
1267872,771.454188039028,500,False,0.11910363388167618,True,0.0065468220652152905,0.9329936504364014
1268304,780.637258926005,500,False,0.11840165687452173,True,0.006697576216020822,1.1542022228240967
1268528,847.0963519886701,500,False,0.05821749065976004,False,0.006653514494931266,1.1391289234161377
1269232,865.1867742392822,500,False,0.04165942482075212,True,0.006663345357341463,0.6368630528450012
1269504,870.4639324698684,500,False,0.024384685994558643,False,0.006687870332385599,0.7262075543403625
1269728,752.2091977920857,500,False,0.11939367571853243,True,0.006739644134779461,0.7503126859664917
1270016,866.6344275019305,500,False,0.021435482487498714,True,0.006796747606876853,1.070298671722412
1270128,847.5360181965927,500,False,0.048345058785587355,False,0.006768803346311352,1.0869834423065186
1270464,699.3341437391388,500,False,0.30180203629823144,True,0.006737311902748915,0.8950091600418091
1270688,806.717478491897,500,False,0.03695581924565925,True,0.006705038610078216,0.7924526929855347
1271344,811.1263371423356,500,False,0.07952218041500698,True,0.006741131266942972,1.1507961750030518
1271776,870.5208873528899,500,False,0.10257331534983817,True,0.006800585206443632,1.3329437971115112
1272512,844.3037652887411,500,False,0.06786358308365176,True,0.006859881402667581,0.8693321943283081
1273136,790.3838490327304,500,False,0.08382834797065064,True,0.006885686744994594,0.7253625392913818
1273360,738.062996537744,500,False,0.1248713572409269,True,0.006943519319125994,0.9730041027069092
1273888,798.2902797607578,500,False,0.07916007908999736,True,0.0069662396431853756,0.8625736236572266
1275872,884.9400179572519,500,False,0.016797048918820258,True,0.006903709284545089,0.8025926351547241
1276304,860.8006777497471,500,False,0.07817630330869475,True,0.006883738946576245,0.7227236032485962
1276528,796.2106700033002,500,False,0.08382854685477306,True,0.006809657169379898,0.8397235870361328
1277232,803.210111775282,500,False,0.06503186725826343,True,0.00678735278487095,1.024997591972351
1277504,831.0890809287996,500,False,0.04959443275156316,False,0.006699500874376841,0.9048163294792175
1277728,847.372392627036,500,False,0.019582294454352004,True,0.006658197795990892,0.7428921461105347
1278016,813.184861761092,500,False,0.07225542190563151,True,0.006621833224038852,0.9612793922424316
1278128,719.5365447388878,500,False,0.08599465664684919,True,0.006750410903865443,3.803788423538208
1278464,841.4847468362472,500,False,0.04717604266817527,True,0.006724602113858088,0.8614948391914368
1278688,865.5263256227801,500,False,0.05225952510225803,True,0.0067140645847650745,1.7006068229675293
1279344,845.5260880892964,500,False,0.06384431372993417,True,0.006738912669872468,0.8177905082702637
1279776,753.6361249744317,500,False,0.1108532035456458,True,0.0068210882358764125,0.6690683960914612
1280512,775.5795949691718,500,False,0.04498426171858745,False,0.006868008469327472,0.7197990417480469
1281136,782.7164290633141,500,False,0.05064967157269507,False,0.006867437361277347,0.7474418878555298
1281360,862.6923180313433,500,False,0.010122487421319333,True,0.0068210711128353935,0.709652304649353
1281888,841.220042837497,500,False,0.06489312351800891,True,0.006807336545780169,0.8472894430160522
1283872,766.2835562497179,500,False,0.08541079476308847,True,0.006849474408491182,1.3641304969787598
1284304,850.2258260413298,500,False,0.0408002107902996,True,0.006959881440340732,0.5571068525314331
1284528,776.625720606767,500,False,0.1064541092594046,True,0.006947618111723352,0.6811519861221313
1285232,823.5360489517087,500,False,0.06469061763456971,True,0.006983096388041595,1.6967984437942505
1285504,832.5023668158414,500,False,0.03764972968183832,True,0.006936282149115992,1.4200870990753174
1285728,802.9534914797217,500,False,0.05750816287390366,True,0.006878035781387395,0.6391239166259766
1286016,873.2266803768441,500,False,0.05638771109124516,True,0.0068859485884188035,0.9201085567474365
1286128,802.4994928826515,500,False,0.21046527371190382,True,0.006844278373414663,1.029336929321289
1286464,901.1469169808055,500,False,0.05024874192185503,True,0.006838966951807757,0.7164468765258789
1286688,899.4306346084694,500,False,0.035709565445205683,True,0.006824313199644907,0.9152622818946838
1287344,854.74258910978,500,False,0.06277332846707849,True,0.0067895262035658115,0.7334362864494324
1287776,847.4253378740003,500,False,0.14385765763486186,True,0.006789249173020981,0.8984150886535645
1288512,814.4181717309752,500,False,0.0351995346955895,True,0.006926397925489198,0.7478011846542358
1289136,825.092184575053,500,False,0.01582933467019811,True,0.007088678294806385,0.8741809725761414
1289360,736.0309231912141,500,False,0.1658950549241636,True,0.006984641319185517,0.7301716804504395
1289888,836.8965280729185,500,False,0.02924102556557595,True,0.006919911998820558,0.678517758846283
1291872,808.2289369467956,500,False,0.06872549191642807,True,0.00692798720950523,1.0633156299591064
1292304,838.1385668952859,500,False,0.07034516280358413,True,0.006830319479036065,0.769790768623352
1292528,846.0001933654661,500,False,0.03852070582946147,False,0.006735066614995275,1.0437593460083008
1293232,806.4041167591425,500,False,0.055595839821957295,True,0.006693234663007425,1.2978310585021973
1293504,890.0698062236957,500,False,0.05418181680507644,True,0.006865259967173501,1.0793453454971313
1293728,823.6742637758318,500,False,0.03446796489073181,True,0.006855676823280199,0.8179821372032166
1294016,859.752724680759,500,False,0.05275725564976606,True,0.006871224812720756,0.807147741317749
1294128,796.0496592611397,500,False,0.0867248334691746,True,0.00682636498479815,1.6531041860580444
1294464,840.2217785793837,500,False,0.08728103921932645,True,0.006798486979334667,0.7597508430480957
1294688,890.9559018697072,500,False,0.02473052898570321,False,0.006742937514723364,0.8831250667572021
1295344,764.6752732713159,500,False,0.12211214278436007,True,0.006724676174666466,1.7874324321746826
1295776,830.4256851789247,500,False,0.01371387359756632,False,0.006864938173083854,0.8074588775634766
1296512,903.6768093745903,500,False,0.02295939550099364,False,0.006846677584214907,0.910075843334198
1297136,801.693191268078,500,False,0.07905212040064741,False,0.006907940507457956,1.1700701713562012
1297360,829.5956006993415,500,False,0.09839547740042834,True,0.006942798995024474,0.9201030731201172
1297888,813.6962690891401,500,False,0.040745439551034456,True,0.007008117352430744,0.6344026327133179
1299872,797.0631104554867,500,False,0.13064439015653057,True,0.00695440615592151,0.8075252771377563
1300304,770.0280765728235,500,False,0.13318106151603337,True,0.006786621846155515,0.8034812211990356
1300528,785.4988248486651,500,False,0.022467658882499145,True,0.006805305440890004,0.628466784954071
1301232,760.5191255302321,500,False,0.049114276035493815,True,0.006773728644994782,0.6472799181938171
1301504,859.1796484525423,500,False,0.026716437189769796,True,0.006764677581483843,0.7501424551010132
1301728,765.7244039679916,500,False,0.04510536312261188,True,0.006765105299174938,0.800429105758667
1302016,787.9731069726074,500,False,0.15385431868427943,True,0.006760661037397941,0.792870044708252
1302128,840.8655148447812,500,False,0.039757716634753006,True,0.006748342394398441,0.8100069761276245
1302464,857.7938567430285,500,False,0.03202470011436929,True,0.006755319453527774,0.690825343132019
1302688,809.1311106723149,500,False,0.038838008196259766,True,0.006722154923729641,0.604100227355957
1303344,729.30480078139,500,False,0.10781773792112094,True,0.006768863379276477,0.7176538705825806
1303776,809.0124249447953,500,False,0.1254646792364715,False,0.006901713462912024,0.7993919253349304
1304512,797.4918856938518,500,False,0.0403618332740208,True,0.0069643194650995605,1.0131561756134033
1305136,825.2631836757213,500,False,0.0539475753398331,True,0.006972461540017111,2.940493583679199
1305360,884.6453887910791,500,False,0.02389651661151859,True,0.007070378530370286,0.6454640626907349
1305888,786.6810274204271,500,False,0.026475922774945076,True,0.007055380832497042,0.717462420463562
1307872,870.1354203153222,500,False,0.062134705200115464,False,0.00693198265076178,0.8186749219894409
1308304,848.4878988208674,500,False,0.02521183261747977,True,0.007018627437715399,0.7077147960662842
1308528,743.1624620374739,500,False,0.1263793792651479,False,0.0069867379877657735,0.5598430633544922
1309232,803.6796559088025,500,False,0.06843488158288277,True,0.006936496899984809,0.8324573636054993
1309504,868.0227852638693,500,False,0.08052249951052681,False,0.006734572688804802,0.8078434467315674
1309728,839.8868726535967,500,False,0.07944460734316083,True,0.00677565134688625,0.581307590007782
1310016,857.5149716159567,500,False,0.056737766492740815,True,0.006790472915600264,0.898474931716919
1310128,864.7489786810772,500,False,0.052102653561846866,True,0.0067950209328838185,0.732124388217926
1310464,835.4167508494022,500,False,0.07542106102415536,False,0.006809216403436189,0.7822145223617554
1310688,769.509723538035,500,False,0.08379996465372685,True,0.006845054751450881,0.8835214376449585
1311344,879.1329176225706,500,False,0.011126031410498474,False,0.0069104361317250396,1.7351950407028198
1311776,825.8209007518059,500,False,0.043376366564588605,False,0.006803188479384437,0.5839078426361084
1312512,777.0100219392206,500,False,0.019524986504108544,True,0.006730613188889217,0.6922146677970886
1313136,822.6474262370291,500,False,0.0644678240058821,True,0.00666496762161907,0.7257304191589355
1313360,770.3849359150969,500,False,0.050941757038940376,True,0.00658693481154259,0.7183175683021545
1313888,738.8161306632207,500,False,0.07789318364011974,True,0.0065270947102922736,1.3797270059585571
1315872,788.5968979664486,500,False,0.08674660173664993,False,0.0065520243240738945,0.9961717128753662
1316304,840.2380633445559,500,False,0.01955460762342649,True,0.006520173731200163,0.6618025302886963
1316528,807.0117233278118,500,False,0.06164654515039159,False,0.006525526902693569,0.8516231775283813
1317232,871.9929898776094,500,False,0.07317893816482965,True,0.006582090925566066,0.7440020442008972
1317504,816.0402439324936,500,False,0.13671104544010929,True,0.006578223524283367,0.5869020223617554
1317728,776.9413702887437,500,False,0.08788604660614668,True,0.006615316799456274,0.6627337336540222
1318016,834.5988096562861,500,False,0.07061969454721521,True,0.006580089405713786,0.6488626003265381
1318128,834.0689450315926,500,False,0.047422811495168464,True,0.006474817351033851,0.6748117208480835
1318464,754.7008533456237,500,False,0.106023701849083,True,0.006479060496913435,0.6047568321228027
1318688,797.3410460212481,500,False,0.01922462659757812,True,0.006398251547951105,1.5256105661392212
1319344,793.3236563839733,500,False,0.0896845843892628,True,0.006403508339178423,0.661343514919281
1319776,856.247140223452,500,False,0.013380914135345768,False,0.006342741199571531,0.696674108505249
1320512,798.6100828753939,500,False,0.08951748196625638,True,0.006299329556776866,0.7715898752212524
1321136,847.7427351677593,500,False,0.10070618011378052,True,0.006266831429250404,0.6726640462875366
1321360,818.587130494581,500,False,0.06570032702746743,False,0.0062942560953649935,0.6789152026176453
1321888,884.9216967361374,500,False,0.05957065549505304,True,0.0063078762385053245,0.7026275396347046
1323872,832.197300262331,500,False,0.1218840325223229,False,0.00631070354968275,0.7412713766098022
1324304,814.7704992414901,500,False,0.07248387716316534,False,0.006421108955811283,0.750508189201355
1324528,832.9090313591853,500,False,0.012726671375558716,False,0.0064018353667759775,0.7099006175994873
1325232,832.8536084698286,500,False,0.03263772820612918,True,0.006422947689795943,1.2784078121185303
1325504,844.0074009206598,500,False,0.0877338849287066,True,0.006201644080640792,0.7262736558914185
1325728,799.6399164440593,500,False,0.07697150166609333,True,0.0062829703612690925,0.8162355422973633
1326016,832.8526050503236,500,False,0.03082578828511066,False,0.006261226114131989,0.6849009394645691
1326128,818.0332461124034,500,False,0.04586317836468862,True,0.006217666701242697,0.937706470489502
1326464,809.6202099727271,500,False,0.057021619778563896,True,0.006195376899053271,2.4862751960754395
1326688,857.4658715851092,500,False,0.02469008366301409,False,0.006223212888665947,1.1685353517532349
1327344,893.8467484307239,500,False,0.037391849225935206,True,0.006187501187827358,0.4553946852684021
1327776,827.3440876504042,500,False,0.05967681054172004,True,0.006205718431930483,0.7399190664291382
1328512,804.7494715940038,500,False,0.07197036693803804,False,0.006139744775447841,0.7553818225860596
1329136,894.8968466629462,500,False,0.020930923712825573,False,0.006221244454230674,0.8214841485023499
1329360,779.4560770923777,500,False,0.04783512498442613,True,0.006198236609086087,0.6453075408935547
1329888,790.3899262482254,500,False,0.07350399670961336,True,0.006197728645522759,0.6474418640136719
1331872,862.3677681771037,500,False,0.10910776867529146,True,0.006106103522211818,0.687324583530426
1332304,738.8609670455635,500,False,0.0753171408754289,True,0.0062956413273171806,0.7841001749038696
1332528,855.6474521383242,500,False,0.028445014022655375,False,0.006318175107006279,0.8414521217346191
1333232,820.1220727708247,500,False,0.05689450087532888,True,0.006339137477965644,0.6044414043426514
1333504,872.2532577405865,500,False,0.036754588328738694,True,0.006211626027688483,0.7518384456634521
1333728,827.6645039758686,500,False,0.05712903580601226,True,0.006276268063645703,0.71422278881073
1334016,805.5066577852962,500,False,0.058435758612557204,True,0.006355898515088579,1.0541691780090332
1334128,854.9400660602381,500,False,0.011826020981941614,False,0.006354823894536533,0.9858786463737488
1334464,792.4325572305202,500,False,0.07341159173505654,True,0.00631015909431022,0.5296282172203064
1334688,778.6037692789952,500,False,0.08213660507944506,True,0.006236172837773934,0.763119637966156
1335344,853.3854559561971,500,False,0.06160986027170931,True,0.006259812287156848,0.7441285848617554
1335776,788.6133714034531,500,False,0.029370182237248143,True,0.006132889741978231,0.8276424407958984
1336512,791.8861052989951,500,False,0.053483190741598595,True,0.00609987456771136,0.7090067267417908
1337136,800.7479353796202,500,False,0.0633106885341057,False,0.00613709603876556,1.4980504512786865
1337360,754.9259863557521,500,False,0.07331551015949128,True,0.006120529433700555,0.9786063432693481
1337888,774.9268898683662,500,False,0.0787732575493402,True,0.006129100007012439,0.630511999130249
1339872,824.836200436925,500,False,0.10929002597477414,True,0.006153717903922354,1.3086177110671997
1340304,776.2374002609641,500,False,0.05748233104991009,False,0.006404064990535152,0.8598843216896057
1340528,777.066182488076,500,False,0.10430434105423644,True,0.006371697431011751,0.7239481210708618
1341232,819.8160816678756,500,False,0.0386086900453577,True,0.006419600581887683,0.8068702220916748
1341504,766.6164880079847,500,False,0.0645455328785529,False,0.006368603763939243,0.727624773979187
1341728,796.6433058990721,500,False,0.0383617445884552,True,0.0063208064328355625,0.8017955422401428
1342016,764.792335087728,500,False,0.13862672719511987,True,0.0063671875800571775,0.9511579275131226
1342128,815.2924542626984,500,False,0.08571191127181539,False,0.00641517381661748,1.4261633157730103
1342464,798.3961875340516,500,False,0.06910342484906465,True,0.0064425243391394785,0.8733833432197571
1342688,797.8462641491135,500,False,0.056131860152138204,False,0.0064640032977273595,0.548306941986084
1343344,792.327138165044,500,False,0.07360319112513891,True,0.006453596695286279,0.6527543067932129
1343776,763.3599367466536,500,False,0.08715712177556677,True,0.006349208378527166,0.744916558265686
1344512,857.2035593674779,500,False,0.08511263583098287,False,0.0062308229504404984,0.7484333515167236
1345136,790.955063633661,500,False,0.06204422163661057,False,0.006295680804094599,0.8095967173576355
1345360,812.0801039771538,500,False,0.005472917124930342,True,0.006219931004483462,0.7512683868408203
1345888,844.7470698119081,500,False,0.045908749928503384,False,0.006187943151321676,0.7700257301330566
1347872,857.8090187555152,500,False,0.06614524860682208,False,0.006159484359067464,0.7428303360939026
1348304,820.8757817168022,500,False,0.1296623966616712,False,0.006225864695451636,1.2002594470977783
1348528,799.7200086620156,500,False,0.03761594280742813,True,0.006152806724976883,1.4617512226104736
1349232,697.4918975220625,500,False,0.1484934849011121,True,0.006172093881997498,0.6717613935470581
1349504,800.0047435427147,500,False,0.03786263018410902,True,0.006138604551649655,1.5897371768951416
1349728,760.542442007178,500,False,0.08877498115731944,True,0.0062636848265665915,1.442967176437378
1350016,701.9997770881771,500,False,0.1092334700328234,True,0.006260196972598708,0.6385737061500549
1350128,838.7289520781368,500,False,0.049412897386355334,True,0.006260196972598708,0.6385737061500549
1350464,762.5734763736089,500,False,0.04784068073438202,False,0.0062282441840245,0.7069740891456604
1350688,809.7766578194596,500,False,0.03534258477816496,False,0.006202329506565217,1.3710464239120483
1351344,787.1873896880228,500,False,0.09086903489189138,False,0.006255715459627111,0.5791764855384827
1351776,760.7586825828756,500,False,0.14855819534162734,True,0.006210954871461801,0.5836155414581299
1352512,851.810757152226,500,False,0.045381182495948476,True,0.006171500157018187,0.6433289051055908
1353136,774.6941894554215,500,False,0.040467594339396715,True,0.006088344507483184,0.7956931591033936
1353360,827.9673442145653,500,False,0.07032087079504684,True,0.006046796360922403,0.7260834574699402
1353888,779.763313560117,500,False,0.11423062368353455,True,0.006056663110020375,0.6483340263366699
1355872,821.2318214883846,500,False,0.08730296805421363,True,0.006175193328041243,0.702125072479248
1356304,809.7667242048917,500,False,0.0708847881963636,True,0.006407388272989856,0.8010542392730713
1356528,808.9429641642243,500,False,0.125370468589198,True,0.006371414162417876,0.7800384163856506
1357232,883.9005698528899,500,False,0.06496395160055947,True,0.006323201228601089,0.6369396448135376
1357504,817.5391021114707,500,False,0.11908598796101617,True,0.0063284792222254565,0.8291370868682861
1357728,850.7283103535291,500,False,0.16660970557367563,True,0.006273006998711225,0.6567560434341431
1358016,827.6447266027798,500,False,0.06997893721792925,True,0.006319145423776572,1.144627571105957
1358128,791.8181468800387,500,False,0.057767809294907685,True,0.006388190164144181,1.1673247814178467
1358464,815.8696156283463,500,False,0.11144441127644368,True,0.0063697126802474,0.6881147027015686
1358688,827.0270122780682,500,False,0.04079199054173274,True,0.0064087384728485014,0.7385873794555664
1359344,787.3077051578982,500,False,0.04843057187966288,True,0.006407474268999706,1.0169599056243896
1359776,824.7412056679152,500,False,0.05481286934122752,True,0.0062772417451689615,0.6768393516540527
1360512,880.2501564187748,500,False,0.04536930286858277,True,0.006257731048865826,0.9346005320549011
1361136,845.3720861516069,500,False,0.04080398391261384,False,0.006286375919296159,0.5067569017410278
1361360,764.5459989900312,500,False,0.04395434208981695,True,0.006266183890641938,0.6333115696907043
1361888,826.5654462569963,500,False,0.03991566928415031,True,0.006198827864486067,0.6270890831947327
1363872,870.039837902905,500,False,0.054046652337429425,True,0.006317260111047321,0.747206449508667
1364304,836.4189125452464,500,False,0.04633628020177205,True,0.006311022537329862,0.7917366027832031
1364528,820.3400579726932,500,False,0.03441085462250126,True,0.006288652981797611,1.361274003982544
1365232,798.1070309020394,500,False,0.03933997792461955,True,0.006247903412384701,0.5596635341644287
1365504,789.9404013017628,500,False,0.048720285694147145,True,0.00628235120870079,0.5418720841407776
1365728,798.1345917396566,500,False,0.05209713580750332,True,0.006282600356779336,0.7336976528167725
1366016,781.4032716500299,500,False,0.08032433865150707,True,0.006346718843547414,0.8047112226486206
1366128,819.1748761933422,500,False,0.10082878095332179,True,0.006385436845352339,0.8538991212844849
1366464,825.9043736556682,500,False,0.08127410689162755,True,0.0063729143091878,0.8075740337371826
1366688,896.0056778958603,500,False,0.04658487857086743,True,0.0063687030035541195,0.6913737058639526
1367344,790.2953860577513,500,False,0.039345810469629865,True,0.006396732301948285,0.6790327429771423
1367776,878.769732652354,500,False,0.02008067129510215,True,0.006348653394158249,0.7764812707901001
1368512,770.6593112007345,500,False,0.090740308505722,True,0.006269425381740399,0.5236186981201172
1369136,823.8569382199923,500,False,0.08979461632016712,False,0.006235269250266617,0.7494401931762695
1369360,813.761928015976,500,False,0.02258598208564919,True,0.006128256847998077,0.9535006284713745
1369888,838.8603703173186,500,False,0.0699711529381212,False,0.006122827194968838,0.6072421073913574
1371872,810.3968458577813,500,False,0.04560026099019609,True,0.006054751679043424,0.8104807138442993
1372304,846.4271726146056,500,False,0.09211816046449109,True,0.006250385552326438,0.6341785192489624
1372528,794.4378345619183,500,False,0.048468424023038165,True,0.0062574850276108885,0.6544603705406189
1373232,888.1231378944466,500,False,0.05081593144777544,False,0.006200073402461708,1.3277865648269653
1373504,853.164571180331,500,False,0.07433806836478124,True,0.006252793767907946,0.6541533470153809
1373728,844.1386911899635,500,False,0.07073135698742453,True,0.00623719966289349,0.8332968950271606
1374016,822.529012328449,500,False,0.05210366824742676,False,0.006277512670672656,0.8718384504318237
1374128,816.7907104523205,500,False,0.08431089940296219,True,0.0063008245949334385,0.5738710165023804
1374464,771.2716085844846,500,False,0.0816087451669177,True,0.006323474563407464,1.1829346418380737
1374688,807.8327719430572,500,False,0.10649393733173412,True,0.006379007427993974,1.0675020217895508
1375344,850.6393195482196,500,False,0.06298203021577396,True,0.0063552148121295265,0.6781769394874573
1375776,804.0775635381925,500,False,0.11057281053788305,True,0.006361568728660074,0.6978501081466675
1376512,783.1757441559037,500,False,0.053579202882914054,False,0.00626000000037855,0.5660907626152039
1377136,813.3280437370433,500,False,0.05230679190994666,True,0.006225379628195171,0.664165735244751
1377360,853.4088499949576,500,False,0.11836242169185965,True,0.006257837659509202,0.6138657331466675
1377888,828.6225991251679,500,False,0.06519109603657407,True,0.006275535952416955,0.6697268486022949
1379872,820.6850044941818,500,False,0.011701922369994901,True,0.006203524949560612,0.8796513676643372
1380304,843.0930251276911,500,False,0.03472597462446955,True,0.006097952962708895,0.794316291809082
1380528,819.1381563193464,500,False,0.08606057006571637,True,0.0061196775446446475,0.5491204261779785
1381232,776.3079479436553,500,False,0.10478307497687311,True,0.006121791775990277,0.667881190776825
1381504,770.6594505772829,500,False,0.10632529418499119,True,0.0060596088708829285,0.699655294418335
1381728,786.7932584508159,500,False,0.02087550213593207,True,0.006010183153333698,0.7215477228164673
1382016,836.9453056317469,500,False,0.07960672832132025,True,0.006080343282182795,0.6524870991706848
1382128,778.3086834104168,500,False,0.0772726567413021,False,0.0060128643776786025,0.6825383901596069
1382464,813.0611250195025,500,False,0.12489925980301392,True,0.0060066008321569605,1.13056218624115
1382688,835.1676158489772,500,False,0.0580765488718409,True,0.005985756883712163,0.6752043962478638
1383344,844.3889598326999,500,False,0.055413215427373395,True,0.005979006550675268,0.6641483902931213
1383776,837.170399919308,500,False,0.04186553920374797,True,0.005955021515595235,0.6554034352302551
1384512,787.4675303641795,500,False,0.08900062477900776,True,0.005924270869035891,0.680632472038269
1385136,815.8130020012761,500,False,0.12359068468281068,True,0.0058888232395991735,0.7008202075958252
1385360,841.4164496264308,500,False,0.041796532947803375,False,0.005932678607176149,0.7012719511985779
1385888,795.602367701834,500,False,0.064923526463119,True,0.005849372321859698,0.6721608638763428
1387872,786.566919298944,500,False,0.07052737344653864,True,0.005867400871050718,1.1989046335220337
1388304,819.5110229742987,500,False,0.05849902927563366,True,0.006250177711938035,1.1634485721588135
1388528,806.7849716722632,500,False,0.07900923179260438,True,0.006239666746991979,0.5993757247924805
1389232,754.212927971772,500,False,0.15341953192100302,True,0.006204457183072607,0.6358057260513306
1389504,783.3790714291118,500,False,0.11750400221653727,True,0.006072980281513895,0.6689949035644531
1389728,831.894123482963,500,False,0.13259119267338013,True,0.006100001167326983,0.5805667638778687
1390016,842.5844986141747,500,False,0.046613287116729185,True,0.006042287168226273,0.9650107622146606
1390128,791.6272402717372,500,False,0.04934104552731135,True,0.006000997373681743,1.0771373510360718
1390464,739.7055375487191,500,False,0.09236044357811485,True,0.006002569360677827,0.7127705812454224
1390688,772.8506291242185,500,False,0.13494415191356493,True,0.006022768776653635,1.3747708797454834
1391344,828.058569653792,500,False,0.06067585858144717,False,0.006006644486378124,1.8616368770599365
1391776,840.7977462801642,500,False,0.14340122578379583,True,0.005978031299475001,0.5802066326141357
1392512,791.6296938043071,500,False,0.03973567201027327,True,0.005896931163398118,1.776808500289917
1393136,770.9112675545814,500,False,0.06094080197912093,True,0.005870678823846335,0.7568197250366211
1393360,815.5646767343751,500,False,0.07053161444636637,False,0.005913075908466045,1.7139086723327637
1393888,822.7547561495873,500,False,0.0602048980375345,True,0.005953897907665742,0.8773199319839478
1395872,817.8581219634187,500,False,0.026880796730012715,False,0.005874142635683239,0.870246410369873
1396304,810.7500165450064,500,False,0.079732708169652,False,0.006127593002828463,0.6461265087127686
1396528,792.6057125282,500,False,0.04470942396496876,False,0.006133647414487319,0.6139748692512512
1397232,852.4266655201582,500,False,0.061292621220138885,False,0.00616652074805023,1.1986702680587769
1397504,811.3958449034881,500,False,0.03751286160046325,True,0.0060233672325866955,1.0471471548080444
1397728,804.0079665734339,500,False,0.03804897915575641,False,0.0059435747673662635,0.9800565838813782
1398016,772.1281468600149,500,False,0.059498701832378535,True,0.005874060946866973,0.600935697555542
1398128,811.4985360837546,500,False,0.0416534215320062,True,0.005833179543455946,0.690482497215271
1398464,808.1956108088597,500,False,0.07791265248897693,False,0.005872397498080199,1.257799744606018
1398688,784.6926002081173,500,False,0.1257691723141175,False,0.005929360132188683,0.6956804990768433
1399344,753.4232553143456,500,False,0.03883153550986759,True,0.005916717198460903,0.7321898341178894
1399776,745.6509479307161,500,False,0.09365491233375188,True,0.005901011274029099,0.6245181560516357
1400512,886.5352975593045,500,False,0.01781433094214135,True,0.005918175102904058,0.6009771823883057
1401136,827.1614798777034,500,False,0.0865484757954287,True,0.0059464499498615925,0.5197980999946594
1401360,764.2897875976938,500,False,0.06437719096907443,False,0.005958809057605422,0.666098952293396
1401888,856.8927516883197,500,False,0.08583877701581814,True,0.005961071824396447,0.44770634174346924
1403872,838.0130812506674,500,False,0.047516156855267944,True,0.006061493462557896,0.4845789074897766
1404304,845.4237643940937,500,False,0.10332033820627662,True,0.00584458978007189,0.5939298272132874
1404528,823.2510390654745,500,False,0.08451911767531095,True,0.005794530537921975,0.5613502264022827
1405232,830.587278511809,500,False,0.021279725343172625,True,0.0057964078673024815,1.414236307144165
1405504,809.1482495345094,500,False,0.020086734850306515,True,0.005775329878167953,0.6058394312858582
1405728,797.4841824062917,500,False,0.07511210663308879,False,0.005827433949859603,0.6455256938934326
1406016,787.191872471142,500,False,0.12082217812857962,True,0.005825548120867404,0.6724737882614136
1406128,794.3583326828383,500,False,0.07779174847680524,False,0.005864328614599841,0.6916646361351013
1406464,820.0154290370696,500,False,0.030144791382721713,True,0.005898434244833345,0.8931452035903931
1406688,813.110818346287,500,False,0.12520783166027816,True,0.005857383686515713,0.6265757083892822
1407344,815.5854342770454,500,False,0.06153263165402599,True,0.005837728357913565,0.6977832913398743
1407776,738.9771274490569,500,False,0.13690763563307978,True,0.005731803698716413,0.6375411152839661
1408512,817.591126701194,500,False,0.016037440628346254,True,0.005739673665410455,0.6034090518951416
1409136,810.7246714309528,500,False,0.04318573438215704,True,0.005724708919186194,0.5271846652030945
1409360,810.9394425763448,500,False,0.03142574963904541,True,0.005699711007463971,0.8579339981079102
1409888,756.5607249936542,500,False,0.14607784801379992,True,0.005629538506260467,1.5720226764678955
1411872,767.5931656238412,500,False,0.16432776846679784,True,0.005583768719162174,0.558693528175354
1412304,851.7146394706615,500,False,0.045396899472580216,True,0.005557715369803396,0.7600699663162231
1412528,779.5587027311493,500,False,0.041590895237329596,True,0.005618255109812836,0.949327826499939
1413232,827.2493083132158,500,False,0.03519091814778497,True,0.005611142486814613,0.6450134515762329
1413504,746.862553690403,500,False,0.10630295149835381,True,0.005663365353974835,1.3891925811767578
1413728,751.8013622853821,500,False,0.13774140885767241,True,0.005744489786587578,1.265068769454956
1414016,766.2809529622291,500,False,0.1137603776362279,True,0.005719038054577654,1.1239427328109741
1414128,794.0863172502109,500,False,0.1380696183930325,True,0.005780557644036576,0.6303189396858215
1414464,773.3454002662831,500,False,0.09789726906878085,True,0.005810330231257738,0.6571258902549744
1414688,800.7008186967009,500,False,0.1276934841222923,True,0.005863268576718587,0.6626092195510864
1415344,804.7986146654405,500,False,0.06600515840907481,True,0.005919111745729557,0.9142098426818848
1415776,814.6034261909863,500,False,0.0735751858316686,True,0.006047483804064338,0.7289546728134155
1416512,795.9243363957794,500,False,0.12948820063076785,False,0.0060771011515130995,0.6125283241271973
1417136,832.5472363940044,500,False,0.06805227959009003,True,0.006115912915070372,0.7282339334487915
1417360,799.7227843353762,500,False,0.03123701866054558,True,0.005910031833242511,0.6875959634780884
1417888,807.1243316572077,500,False,0.03069403917403112,True,0.005858801620545435,0.9144759178161621
1419872,731.6296686289932,500,False,0.11212122115056734,True,0.0057711235203881895,0.918689489364624
1420304,875.3904383756623,500,False,0.04024006718794808,True,0.005685086649939344,0.5702084302902222
1420528,873.9346647429229,500,False,0.012749803005132676,True,0.00577578571166258,0.7236586809158325
1421232,848.0759398657533,500,False,0.049136021102604024,True,0.005721002081306902,0.571536660194397
1421504,785.2306420474113,500,False,0.06242843950832865,False,0.005709241912545449,1.303659200668335
1421728,837.4316384564773,500,False,0.00927851942825129,True,0.005697282071828222,0.5504966974258423
1422016,805.1678507699421,500,False,0.016114281829331032,True,0.005769991903186633,0.5646907687187195
1422128,818.1537792179779,500,False,0.05884981542105929,True,0.005765220562088208,0.8625048995018005
1422464,853.6234097450449,500,False,0.046579823835879074,True,0.0057582065634660855,0.7690263986587524
1422688,749.467362966878,500,False,0.0673165386750398,False,0.005756131941329809,0.508682131767273
1423344,810.7786735461993,500,False,0.09390126163497302,True,0.005701283559136768,0.7094141244888306
1423776,773.5786563565165,500,False,0.08624585560549006,True,0.005799776257605274,0.5791727304458618
1424512,814.6069944047669,500,False,0.025843080651904004,True,0.0057501302840975484,1.3387107849121094
1425136,873.2489221019366,500,False,0.08655290978341203,False,0.005724815870136652,0.570588231086731
1425360,793.1363572599611,500,False,0.07665449707198899,True,0.00571551697331906,0.6950690746307373
1425888,859.7766076968713,500,False,0.009590846866479825,True,0.0057600176823066,0.6515488028526306
1427872,830.5068164779856,500,False,0.028267547772990273,False,0.005886725834176921,0.6161837577819824
1428304,837.9861265627447,500,False,0.12972075173142322,False,0.005869529168472146,0.6942428350448608
1428528,828.0988204749037,500,False,0.07602763983427449,True,0.005910276560858946,0.651582658290863
1429232,749.0287600301413,500,False,0.1382775167811292,True,0.005955531872787424,1.1967638731002808
1429504,823.3258526746824,500,False,0.0728458739606585,True,0.005896637670901509,0.557974100112915
1429728,782.8579955871999,500,False,0.13053171353729,True,0.005844840371180514,0.6387621164321899
1430016,819.1924522495704,500,False,0.10496988594465931,True,0.005829953500868626,0.697538435459137
1430128,819.2330502300885,500,False,0.0854602657042083,False,0.005844831218260505,1.2382521629333496
1430464,803.4296302322324,500,False,0.03988471701839508,False,0.005821802671416349,0.6247844696044922
1430688,806.2870247220418,500,False,0.06166141099878492,True,0.005785389091554041,0.5009831786155701
1431344,793.9039623004518,500,False,0.09660544340858798,True,0.0058013075383909546,0.6053944826126099
1431776,772.3403732800767,500,False,0.055665740705729515,True,0.0057779467448874616,0.6133613586425781
1432512,773.3411980085887,500,False,0.08923448308736881,True,0.005737207352614619,0.6804335117340088
1433136,783.2249274547306,500,False,0.07630721767982716,True,0.005706148814326202,0.6523758172988892
1433360,751.0817425753282,500,False,0.0584039464912212,False,0.00565079161306298,0.593518853187561
1433888,792.9539031173539,500,False,0.07449016325061537,True,0.005579288999455411,0.6521649360656738
1435872,861.5184906296035,500,False,0.02362516313303059,True,0.005538400720470921,0.5797450542449951
1436304,785.8055145153274,500,False,0.09297920631353519,False,0.0057796534337216255,0.7227158546447754
1436528,807.7173008702401,500,False,0.21547570900159718,True,0.005707765132936449,0.5146371722221375
1437232,838.2289470460632,500,False,0.0458766882363844,True,0.005661115866996115,0.5766522884368896
1437504,796.1235878267354,500,False,0.1266183019956716,True,0.0056433920995420175,0.5712876319885254
1437728,833.7519744699267,500,False,0.07599096592192382,True,0.005644595717118726,0.6975290775299072
1438016,859.7670687264583,500,False,0.07690642690108195,False,0.005616650041024335,0.6845538020133972
1438128,853.4217171811624,500,False,0.056788523928230444,True,0.005605083281097249,0.565025269985199
1438464,857.5926031528248,500,False,0.08452839876760632,False,0.0056205427280477714,0.7289007902145386
1438688,741.2709065898146,500,False,0.03219062060717462,True,0.0056300969121101125,0.4332525134086609
1439344,840.867096327833,500,False,0.05685322909694889,True,0.005681030450163468,0.9295088648796082
1439776,846.2985409396302,500,False,0.11582183645922828,False,0.005586780066030206,0.7285584211349487
1440512,803.5391789959865,500,False,0.08096128266397991,False,0.005560002639873012,0.5845197439193726
1441136,834.1831671280759,500,False,0.08833724183012544,True,0.0055299251950255745,0.617059051990509
1441360,819.6333577483645,500,False,0.09953878989569613,True,0.005513674359151448,0.6272342205047607
1441888,759.9677252558686,500,False,0.06816533686205856,True,0.005508859497520575,0.622749388217926
1443872,812.7223369701085,500,False,0.08126405189007466,True,0.005499448328341983,0.5510490536689758
1444304,814.1936209957186,500,False,0.08610508117455025,True,0.0056087051658334375,0.7811726331710815
1444528,791.2842469666751,500,False,0.05521592846186226,True,0.005747185480733945,0.653816282749176
1445232,774.6700334312333,500,False,0.024490277391281404,True,0.005742458075290707,0.5496394038200378
1445504,768.5458344369359,500,False,0.023118817026442647,False,0.005675886097355002,0.713859498500824
1445728,816.2191999377566,500,False,0.05571060447561634,True,0.00563695498754316,0.7751579284667969
1446016,782.5650788407432,500,False,0.11846555377751133,True,0.005652622086644693,0.6596300005912781
1446128,820.9273163643196,500,False,0.06069427796712076,True,0.005598557976083329,0.4956977069377899
1446464,862.3654097334654,500,False,0.024917682157369034,True,0.005577741722347819,0.6343125700950623
1446688,853.2289755411222,500,False,0.08116329638147171,True,0.005605537160038958,0.5838738679885864
1447344,797.7113402999405,500,False,0.09517308699063977,True,0.005620130573915692,0.5946516394615173
1447776,845.1007538190496,500,False,0.04687546477349435,True,0.00571227511605167,0.5755308270454407
1448512,841.1577007644684,500,False,0.097256800462069,True,0.005606534925605901,0.7270301580429077
1449136,875.7702442833788,500,False,0.02726266148469966,True,0.0055308554644979795,0.6487455368041992
1449360,753.837298443342,500,False,0.04726349709155204,True,0.005567894927125489,0.5724207162857056
1449888,837.9506779270279,500,False,0.10698042633545464,True,0.005556469979588982,0.6195569038391113
1451872,751.2246750578457,500,False,0.09022584781400259,True,0.005506691068157993,1.2790274620056152
1452304,847.3525725175105,500,False,0.05911914391393059,True,0.005518687088767999,0.5096001625061035
1452528,766.5395699148689,500,False,0.03237807232848004,True,0.005595693044043915,0.8699079751968384
1453232,815.3860158259967,500,False,0.035460241895515915,True,0.0056178500372175005,0.5089617371559143
1453504,731.6640153704359,500,False,0.04422642585347908,True,0.005571083682672455,0.8003000020980835
1453728,785.6623430527538,500,False,0.09560511325539264,True,0.005577191611921876,0.5143664479255676
1454016,756.3298907894065,500,False,0.08005448599128842,False,0.005638462010019113,0.5483831763267517
1454128,818.4457356701413,500,False,0.034692948518630334,False,0.0056096532048135386,0.5989989042282104
1454464,758.0666086630777,500,False,0.06996174961675962,True,0.0055883658749985715,0.9115464687347412
1454688,780.983922724513,500,False,0.06804551623254997,True,0.005504806737985438,0.5827915668487549
1455344,868.3024081125016,500,False,0.07238721417242874,False,0.005483572369491396,0.6247696876525879
1455776,821.8218937035431,500,False,0.05380453253522405,True,0.005471722565825418,0.5580307245254517
1456512,792.8062836994285,500,False,0.033375052117394284,False,0.005398326948291036,0.9056631326675415
1457136,785.9148642276209,500,False,0.06087665509634184,True,0.005488746279190435,0.8097624182701111
1457360,789.0351217191437,500,False,0.07303092056503281,False,0.005506905526846577,0.6216295957565308
1457888,825.5197958764356,500,False,0.021758931744034888,False,0.0055926665843232925,0.5772387385368347
1459872,837.1682770324353,500,False,0.04815627231877954,False,0.005656240565593905,0.6646161079406738
1460304,841.9079332131196,500,False,0.0431473382281025,True,0.005535941488893309,0.6226012706756592
1460528,821.9649894434724,500,False,0.019427811603189595,False,0.0055514951479187415,0.7095189094543457
1461232,824.2080664407806,500,False,0.0546313604336344,True,0.005588922107525215,1.0759423971176147
1461504,801.9885045312586,500,False,0.03962564750205148,False,0.005595410392424049,0.5960614681243896
1461728,815.1008293675144,500,False,0.03795925958933914,True,0.005605045012132784,0.6712231636047363
1462016,838.5137411620462,500,False,0.05525426022061605,True,0.005597149670958589,0.5801742076873779
1462128,879.4645011736759,500,False,0.05174930171435459,False,0.005631371432132276,0.6090503931045532
1462464,794.7147257872613,500,False,0.06722475948570557,True,0.005654470453126901,0.8619259595870972
1462688,847.3497903042828,500,False,0.04552804173477662,False,0.00563370931282893,0.6836822628974915
1463344,827.5351765561231,500,False,0.09481534348873719,True,0.005610231623894972,0.7172604203224182
1463776,793.5257578988862,500,False,0.07226796828017729,True,0.005613769259022304,0.5941652059555054
1464512,882.3741677470366,500,False,0.11793512949659034,True,0.00551639044454912,0.5470027923583984
1465136,834.6715977025498,500,False,0.041909772339846815,True,0.005503857096136767,0.9758452773094177
1465360,735.870021484997,500,False,0.1078823267931063,True,0.005480084850592869,1.1042430400848389
1465888,879.4480451257973,500,False,0.03472955971540285,True,0.005444901353508292,0.6940277814865112
1467872,818.0782046724971,500,False,0.05729738976676869,True,0.00537976120307895,0.5981649160385132
1468304,875.778834764612,500,False,0.05646756446574083,False,0.005427033779092293,0.6700025796890259
1468528,771.6689610963208,500,False,0.09106523218149011,True,0.005442088674806607,0.7486870288848877
1469232,787.162902647532,500,False,0.0719369589734127,True,0.005449328937699609,0.4799190163612366
1469504,801.0519307542911,500,False,0.08962634684711102,True,0.005566469538690774,0.77535080909729
1469728,763.0222428797001,500,False,0.023594321728343786,True,0.005482016915682633,0.6760321855545044
1470016,786.0886365884317,500,False,0.06389187308955167,True,0.005457090933645459,0.5937628746032715
1470128,884.9042026664954,500,False,0.049864798579075234,True,0.005475542044345764,0.6571069955825806
1470464,800.98445530253,500,False,0.04750262100977959,False,0.0054747408266955615,0.619382381439209
1470688,794.4683095825978,500,False,0.06765484958874432,True,0.0055160245351799485,0.6371304392814636
1471344,759.4652383652174,500,False,0.14613822161086149,True,0.005555316495298574,0.4670523405075073
1471776,857.4292343457603,500,False,0.07905121802697569,True,0.0055881147299104835,0.993186354637146
1472512,832.4084924950151,500,False,0.10942879647949252,True,0.005603197814277798,0.6381375789642334
1473136,811.6298903958477,500,False,0.11163214945830806,True,0.0055925026236292525,0.8332022428512573
1473360,824.8964931303923,500,False,0.030423593563859402,True,0.005591142137101768,1.003296971321106
1473888,815.359151229664,500,False,0.053358499425453995,False,0.00557303344412026,0.7065918445587158
1475872,859.2391371484148,500,False,0.08565154158465073,True,0.005669564640519507,1.1509883403778076
1476304,853.3267019760452,500,False,0.13386209231452972,True,0.005532937416937218,1.1634513139724731
1476528,789.2435590666857,500,False,0.024032828022928717,True,0.0053525500490167735,0.7430068254470825
1477232,756.7281433370089,500,False,0.0899903181114877,True,0.005355750703541999,0.73839271068573
1477504,835.3586215978354,500,False,0.04492945452457919,True,0.005230191705663981,0.5711431503295898
1477728,841.6308962342974,500,False,0.028187861971372963,True,0.0051912136761758584,0.6046208143234253
1478016,852.310485341271,500,False,0.04365338427486426,True,0.0051958375769301495,0.6480664610862732
1478128,776.9279884750032,500,False,0.06802927974145069,True,0.005237224653378948,1.1888635158538818
1478464,831.8350495631432,500,False,0.04540667911269036,True,0.005240560062992832,0.7592003345489502
1478688,879.3508635699842,500,False,0.051001298630429646,False,0.005233994889858275,1.3310275077819824
1479344,817.6592649855721,500,False,0.012755217629637012,True,0.005215855115115402,0.7347093224525452
1479776,819.1329898593873,500,False,0.062221834248530006,False,0.00531440133272164,0.7172099351882935
1480512,829.3462106114459,500,False,0.01341676900785573,True,0.005329341698100094,0.7237833142280579
1481136,799.6174040429222,500,False,0.015129614695181539,True,0.005395614012361858,0.6234018802642822
1481360,882.1522481230328,500,False,0.04516377963810655,False,0.0054665027663955345,0.9854726195335388
1481888,792.0140781970046,500,False,0.059607120713200866,True,0.005467317707316171,0.5500240325927734
1483872,824.6149741007765,500,False,0.05095860320297479,True,0.005580475635131467,0.6697723269462585
1484304,777.3161856720096,500,False,0.09158960705453363,True,0.005639298108177603,0.7182948589324951
1484528,848.2784034084601,500,False,0.04151187795919279,False,0.005602778401617256,1.2993626594543457
1485232,827.0996452224294,500,False,0.08997153259352549,True,0.005623351411643416,0.8435961008071899
1485504,783.304930505755,500,False,0.08064515804538612,True,0.005549663546941031,0.6095519065856934
1485728,827.6610641188221,500,False,0.08656600364379832,True,0.005489873412932509,0.5755505561828613
1486016,782.8348094912341,500,False,0.11862316552722293,False,0.005462571396483128,0.9961446523666382
1486128,783.1145145146739,500,False,0.06685489800995979,True,0.005429068233097609,0.9843210577964783
1486464,752.8022153758973,500,False,0.14397253329781362,True,0.005421547089135193,0.5639026165008545
1486688,821.3302849747589,500,False,0.03625671433282459,True,0.005368328767452853,0.4571601152420044
1487344,777.4428471103283,500,False,0.07842580019132205,True,0.00541258130365698,1.0279104709625244
1487776,777.447630378831,500,False,0.017270925194034312,True,0.00530783090226045,0.5343083143234253
1488512,829.3202758685128,500,False,0.06857860850042344,True,0.00535994106393508,0.7752745151519775
1489136,801.3164859329158,500,False,0.13062943696141308,True,0.005237185265875442,0.9236371517181396
1489360,815.1718381139735,500,False,0.045561752668688095,True,0.005247592986193633,0.5867855548858643
1489888,780.2745747038739,500,False,0.09190801622603945,True,0.005238689358728353,0.600193440914154
1491872,791.8693545095953,500,False,0.07847322190450315,True,0.005158589014721959,0.7744795680046082
1492304,832.3710960807028,500,False,0.0858511179288583,True,0.0053967725026061505,0.5723633766174316
1492528,713.2403237449522,500,False,0.24829146716474026,True,0.005485680084622232,1.0159313678741455
1493232,821.5464034556542,500,False,0.08641769526293047,False,0.005555944680378116,0.7218403816223145
1493504,830.8496602368184,500,False,0.05408739528505858,False,0.005534273340699543,0.6443616151809692
1493728,805.7298777301755,500,False,0.0630453331691039,True,0.005538775095195751,0.6474952697753906
1494016,895.6583073263763,500,False,0.07599173302021361,False,0.005483818365966429,0.6804221868515015
1494128,854.6809984911032,500,False,0.16212390377601985,True,0.005415722233751491,0.4491005539894104
1494464,848.6559330427592,500,False,0.03917961905547072,True,0.005403753849409171,1.1203643083572388
1494688,822.0723940471801,500,False,0.05609603853810226,False,0.005445896717389795,1.036550521850586
1495344,785.7978106196174,500,False,0.09276445465949118,True,0.0054256313985794665,0.5444019436836243
1495776,830.7637347487254,500,False,0.05839155399611968,False,0.005285006937514308,0.5605159997940063
1496512,868.4656926240523,500,False,0.03877416877914322,True,0.00528002856006223,0.8471987247467041
1497136,847.9357715702031,500,False,0.047687699142685495,False,0.005385994446006675,0.5201818943023682
1497360,854.2689115303643,500,False,0.04199927430323819,True,0.005458355399927921,0.6204422116279602
1497888,873.3590382112242,500,False,0.036640083488679295,True,0.00548918344532473,0.7244110703468323
1499872,775.1418413894141,500,False,0.0710387234329628,True,0.005526927600391793,0.5386333465576172
