step,return,length,crashed,final_dist,had_event,alpha,loss_q
1008,3.277361206403775,63,True,1.8364350755362049,False,,
1136,-3.432684230302634,71,True,6.003676276391074,False,,
1168,-1.8793156842624654,73,True,6.146232958673232,False,,
1264,26.01319698693529,79,True,6.037503844860518,False,,
1280,13.874944397220043,80,True,1.9743938261705396,False,,
1392,4.558969203777805,87,True,6.125193305628146,False,,
1408,-3.5848150462989388,88,True,6.060047725415839,False,,
1472,4.030305688260835,92,True,6.054692957912833,False,,
1616,7.441410692299556,101,True,6.2032094553195725,False,,
1632,-1.0000834721174758,102,True,6.0437218309487895,False,,
1696,12.82905493744566,106,True,6.087662478172509,False,,
1712,5.648644791976885,107,True,6.0002486118467715,False,,
1712,64.08549965711026,107,True,4.302563243697257,False,,
1776,32.88426384825748,111,True,6.160818965203621,False,,
1936,4.792966231596052,121,True,6.075882294179521,False,,
2112,-2.664399894629163,59,True,6.123101253794651,False,,
2128,32.315671327372556,133,True,6.010345276534011,False,,
2176,9.826716267318414,48,True,2.625431143866154,False,,
2304,-14.930829557347447,64,True,6.116280233195081,False,,
2656,2.3499112941207407,74,True,5.802751416177247,False,,
2928,-1.3279541668898336,112,True,6.075952642342833,False,,
2960,14.341346160388543,122,True,6.042245404801458,False,,
2992,3.336949643566486,81,True,6.02393774391196,False,,
3008,16.54229287757041,87,True,6.178759262421429,False,,
3008,3.4073201966699234,101,True,5.6927108424168305,False,,
3056,3.491854722224666,112,True,6.02752078183751,False,,
3216,-0.15604572117191395,90,True,6.03427994995585,False,,
3216,8.791816697927175,94,True,6.108530406487425,False,,
3344,4.771391231420088,77,True,6.026326926407131,False,,
3424,1.3795561854562521,78,True,3.2275478235412423,False,,
3472,-26.043850416377964,110,True,6.116725448384298,False,,
3760,9.160259872951821,91,True,6.084071258831865,False,,
3776,20.745537938513255,134,True,6.025958615610429,True,,
3872,-4.696759074872713,76,True,6.088066963293665,False,,
3920,20.650291462377247,112,True,5.1565227528515685,False,,
4048,-3.0622097829662707,70,True,6.045377830091071,False,,
4112,-6.855260764628948,69,True,6.1264156578412505,False,,
4144,-2.484287447291198,74,True,5.0443030158317095,False,,
4160,2.4897177316070795,69,True,6.016057031452402,False,,
4240,17.43394533157567,144,True,0.800304009448636,False,,
4384,10.953156900433227,87,True,6.034989981188855,False,,
4496,27.513605290971064,93,True,5.57196810408735,False,,
4528,-6.729336267192362,82,True,6.127867246222791,True,,
4560,-13.18475989061091,84,True,6.084560468405522,False,,
4608,3.7716002203794705,74,True,6.042938769348969,False,,
4880,-13.118796994726473,88,True,6.084474648875269,False,,
5152,9.786102027596714,113,True,6.091275549144423,False,,
5248,-5.3634935303565126,75,True,5.428420937363362,False,,
5424,5.880029228219751,80,True,6.052490949001646,False,,
5424,27.038783483255116,103,True,6.057983048223094,False,,
5472,4.404394497163581,68,True,3.538757577847282,False,,
5488,1.1642252064102205,78,True,6.094120565390318,False,,
5840,-14.080315120056714,77,True,6.143338519256029,False,,
5968,-3.6340963234605175,92,True,6.008008842424265,False,,
6000,-10.900784520965034,140,True,6.04110138363203,False,,
6048,10.45297578235358,133,True,6.025603249417753,False,,
6208,-2.715729492551798,131,True,6.086764224935995,False,,
6272,1.7089259582081713,87,True,6.073299154565341,False,,
6480,41.8531456266003,145,True,6.035031715109872,False,,
6608,70.19831850942049,128,True,5.056082370442242,True,,
6640,27.479288426254815,132,True,6.08506115802647,False,,
6704,0.9434260714919187,80,True,4.526039578499149,False,,
6800,14.987849964123804,86,True,3.427941411619978,False,,
7040,21.62133104345713,198,True,6.014706005776029,False,,
7104,-6.779054412619844,101,True,6.049050702294988,False,,
7232,17.489034373754045,124,True,6.069581180038101,False,,
7280,4.10759614870469,67,True,6.093537371599263,False,,
7296,10.568031742633814,83,True,6.0535818482641375,False,,
7312,-11.633585085390958,115,True,6.067411008436235,False,,
7408,23.485194136922445,71,True,2.3813638786733318,False,,
7408,21.763943148992084,98,True,6.032064294459604,False,,
7472,56.076150318787285,145,True,6.055102316419993,False,,
7488,-11.416896579367886,93,True,6.018188915663615,False,,
7664,0.14525578586574994,101,True,6.093231416463957,False,,
7856,-13.783529332518704,78,True,6.004164484516629,False,,
7984,12.051803371612708,84,True,6.063389134969845,False,,
8032,-8.255866566446548,83,True,6.021298818693072,False,,
8096,19.97757744350429,101,True,6.08069767257888,False,,
8352,2.6991539214150446,97,True,6.128554309848244,False,,
8432,-15.295782232711126,64,True,6.057653606192305,False,,
8512,-2.639003021363834,77,True,6.171138606089571,False,,
8544,-2.7385518702273357,90,True,6.097918838722232,False,,
8576,0.036838718029686746,69,True,6.091298870002271,False,,
8576,2.9309891371029604,96,True,6.006704535606927,False,,
8592,7.200610002132109,81,True,6.135936778361268,False,,
8720,14.909044539157355,77,True,2.3837484680804826,False,,
8832,21.227099944404834,95,True,6.054972322491137,False,,
8880,6.609739538258237,76,True,6.102030963839163,False,,
9168,-3.9942526683624138,121,True,6.038005284602422,False,,
9296,1.7405345015115081,82,True,6.002269650185942,False,,
9488,12.922274137690707,102,True,6.078074970633483,False,,
9568,-11.107796604307163,71,True,6.036630037321722,False,,
9760,15.806594735483626,104,True,6.056553905575611,False,,
9808,8.82027632318458,150,True,6.163726656262683,False,,
9824,25.00527553610483,69,True,5.0176466013866685,False,,
10016,-9.67420044518959,89,True,6.014220238118565,False,,
10016,-8.32292963718253,71,True,6.008689873412221,False,,
10032,-10.012708938449373,95,True,6.100816637760809,False,0.1997002220378985,4.352360725402832
10112,-11.899674188227761,96,True,6.031910605184171,False,0.19946066906544135,0.5777174234390259
10208,-20.813404767507812,136,True,6.121393075495867,False,0.19826692068625432,2.05269455909729
10288,20.95838923128923,109,True,3.096102902384004,False,0.19684435561875646,0.26668018102645874
10320,-15.528949900562939,123,True,4.4650430237652605,False,0.19566681573211128,1.7956088781356812
10448,0.28663015647513035,101,True,6.095705558581877,False,0.19519751240331187,1.620969295501709
10512,-4.212918190393636,84,True,6.176164460274359,False,0.19333242168001424,1.508908987045288
10736,11.677476882651192,135,True,6.041773295353505,False,0.19240652505591685,2.414642810821533
10896,4.919838371071913,88,True,6.005546550790938,False,0.18920109480823666,1.5601996183395386
10896,-6.795289899470108,83,True,6.070338796607687,False,0.18920109480823666,1.5601996183395386
10992,16.288506875645616,77,True,4.472796350460057,False,0.18694727393329277,0.9252030849456787
11232,0.045912842709078916,76,True,6.140406901802851,False,0.18560714714343304,1.626949667930603
11296,17.107528332063584,80,True,6.1417992993166814,False,0.18230642743766642,1.4051949977874756
11344,-11.733932624240389,77,True,6.074471246883275,False,0.18143715180556177,2.7275984287261963
11408,22.031557117805598,75,True,6.131933963060326,False,0.18078815056505743,0.1818220317363739
11440,-5.583331453000909,134,True,6.050273081355107,False,0.17992667153780292,3.8841981887817383
11456,-2.570632610598759,103,True,6.080572678975446,False,0.1794975527046177,1.503154993057251
11552,-9.686099372102627,108,True,6.160211497167353,False,0.1792833749056716,0.1451602578163147
11648,-4.8376705519449406,83,True,6.1028058658856,False,0.17800454118292314,0.60988450050354
11680,13.311149080299083,103,True,6.0323809321147,False,0.17673510527904437,2.455775022506714
11808,0.1888495054324224,95,True,6.026789863709597,False,0.1763142682063262,0.6013308763504028
11824,-5.679519852787962,86,True,6.105944836716767,False,0.17463882501702124,2.743928909301758
12128,3.3854825786297713,87,True,6.145220836219454,False,0.17443070956709775,2.370861530303955
12384,11.222719905665793,93,True,4.69390537560603,False,0.170528226143365,1.9376356601715088
12512,11.266026236484548,95,True,6.070957105388408,False,0.1673084019398854,2.1495718955993652
12560,-8.336809841432261,72,True,5.995056611983249,False,0.16572676210396325,0.5872862935066223
12784,10.304451652346824,118,True,6.06775056200897,True,0.16513629347398048,1.9915375709533691
12784,-0.731073387784809,83,True,6.0648720391762465,False,0.16513629347398048,1.9915375709533691
12816,21.561574542696178,79,True,6.105420992689267,False,0.1624183311865327,0.4539051949977875
12864,-12.635684209576395,66,True,6.122226107916291,False,0.16203281616698104,1.2612090110778809
12864,26.814560562438576,147,True,6.065124891020363,False,0.16203281616698104,1.2612090110778809
12880,-10.936853111509876,96,True,6.009082006948882,False,0.1614558198119244,1.098356008529663
12976,0.5357376942809164,105,True,6.027204906136052,False,0.1612642469969283,0.9582384824752808
13040,36.100222293812905,113,True,6.011298405194933,False,0.16012290647200242,0.5221555233001709
13232,19.196507615854728,112,True,6.063339708529697,False,0.15936636184296743,1.0788960456848145
13344,7.866345898223964,104,True,6.022560127205576,False,0.15711988102496496,2.5785179138183594
13344,-15.760881721422036,106,True,6.089936102008687,False,0.15711988102496496,2.5785179138183594
13376,-9.14217286045888,78,True,6.009499381587556,False,0.15582806185723366,1.2204232215881348
13568,14.60823543661978,109,True,6.046611020662534,False,0.15546138562272271,0.9937233924865723
13696,-5.392223123740846,82,True,6.006103063229203,False,0.15327736733215605,0.6232355833053589
13776,-4.018418379950462,76,True,6.007701117009039,False,0.1518349156263853,1.1984148025512695
13808,-14.107140806324972,81,True,6.061529675042275,False,0.15094619956070846,0.49893122911453247
13872,-15.3154528817333,62,True,6.071741772416822,False,0.1505915614296644,0.47054389119148254
13920,-6.719712718430875,71,True,6.073084505766891,False,0.14988289872448443,0.8519400954246521
14032,-0.8905563105976295,78,True,6.161937902629347,False,0.14935406960487782,1.4720721244812012
14160,0.12590674450127004,84,True,6.075245897826705,False,0.1481394425000434,1.0855309963226318
14192,-7.2750766457351,83,True,6.098204489295033,False,0.14675080425001355,0.395129919052124
14240,-8.6096575867623,75,True,6.119660922279374,False,0.14640526774055218,1.127139687538147
14400,6.173884087333898,73,True,4.069970603758955,False,0.14589093215444693,1.2912743091583252
14512,19.57894087219892,103,True,6.15654254753744,True,0.1441915836268718,0.35105156898498535
14768,-6.9792046991759324,89,True,6.088246998537444,False,0.14301753305475534,0.529172956943512
14816,16.975755151848453,56,True,2.4491310412026674,False,0.1403580260589004,1.119348406791687
14816,-13.244770286099161,78,True,6.0412807004631,False,0.1403580260589004,1.119348406791687
14880,13.468453963711461,119,True,6.041242136174383,False,0.1398655630094692,1.3483939170837402
15072,-1.9686219324825505,79,True,6.140987481746605,False,0.13921398408863017,0.9104301929473877
15136,-12.21842519966805,79,True,6.112007720359421,False,0.1372696190704891,0.6210713386535645
15184,48.426566124693366,88,True,4.280275762680214,False,0.13663224581840644,0.1952606439590454
15376,17.84987175613389,127,True,6.044214768934108,False,0.136153614712797,0.9718528985977173
15440,27.018514648914604,109,True,6.026130749652313,False,0.1342577685824811,0.542239785194397
15504,15.4985903715535,82,True,5.387446460182212,False,0.13363111642473885,0.16267350316047668
15616,-6.147263021375012,53,True,4.930397857826798,False,0.13300690705981258,0.6807615756988525
15632,-8.40571499686132,77,True,6.012350125072364,False,0.1319232140076948,0.5571905374526978
15632,35.121656041129846,87,True,6.022250411598642,False,0.1319232140076948,0.5571905374526978
15792,12.035970781003503,102,True,6.018147260280017,False,0.13176937417788892,0.3344627022743225
15968,6.780657268640271,72,True,4.928585658396771,False,0.13024008479945928,0.48591774702072144
16048,18.00199675084454,96,True,6.077078005729208,False,0.128582035821062,0.17853426933288574
16112,35.68867369516864,171,True,6.026953960343711,False,0.12783279321941046,0.23939812183380127
16224,11.45032705247897,137,True,6.016359052719133,True,0.12723872907353015,1.4904592037200928
16336,12.47893706974808,60,True,4.298627038870404,False,0.12620697116570323,0.7807105779647827
16352,-9.205968831513694,96,True,6.060093728748171,False,0.12518520251483464,0.32981693744659424
16400,9.805399363928345,48,True,2.2975692521580107,False,0.12503949928592054,0.2765565514564514
16656,2.2873773019052166,111,True,6.1291579141484585,True,0.1246030117466057,0.5074634552001953
16672,22.71196566077436,93,True,6.060192934076083,True,0.12230514336588968,0.4173082709312439
16816,16.594402233436526,105,True,6.06728639005047,False,0.12216408462475557,0.2934820055961609
16848,28.555032203120724,111,True,6.026332486408591,False,0.12089838297776545,0.8986175060272217
16928,13.538626159312486,89,True,6.010477497314309,False,0.12062000496612414,0.3731616735458374
17072,27.766296810104315,80,True,6.05760994744867,False,0.11991892437191146,0.6305378675460815
17168,13.137794541327578,96,True,6.159104770195255,False,0.11867406066377732,0.16059264540672302
17200,11.82069342629824,99,True,4.411128964681164,False,0.11785094826764857,0.3636641204357147
17296,5.263651592560771,83,True,6.110067501169626,False,0.11757958523986994,1.156737208366394
17296,2.3393127570774244,56,True,4.0703083976725,False,0.11757958523986994,1.156737208366394
17552,-1.8885408237520949,90,True,6.054367282626384,False,0.1167666323021375,0.30190688371658325
17696,0.0030976667385793633,84,True,6.142145218244365,False,0.11462851956469186,0.4250451326370239
17712,-10.082363514263998,86,True,6.007759217657677,False,0.1134477587729138,0.1844867318868637
18048,12.564219921271558,77,True,6.075510667920567,False,0.11331686424473078,0.20366403460502625
18080,4.738492492378569,49,True,2.863950644679826,False,0.11061013501790345,0.18361371755599976
18128,-3.7347623979413784,119,True,6.0873518018554815,False,0.11035719203395684,0.36979007720947266
18144,8.685037498721968,131,True,6.030869762159767,False,0.10997708222008011,0.4069351553916931
18272,6.888621411060532,100,True,6.009457682861665,False,0.10985024935858875,0.4601626992225647
18336,0.39147838083290054,105,True,6.044150409590606,False,0.10884520175216093,0.9284209609031677
18448,5.972900365547341,95,True,6.125868969600485,False,0.1083454863126146,0.19383803009986877
18576,69.17505536756597,108,True,6.028903704310896,False,0.10747209252805463,1.2306625843048096
18608,-35.86901590054933,198,True,6.015345208346627,False,0.10647895094603371,0.16002225875854492
18640,2.621817247020724,92,True,6.101691454013918,False,0.10623332906013055,0.18904584646224976
18880,-4.942568876479541,74,True,6.166330364803588,False,0.1059887295052911,0.1792265623807907
18896,-1.4722334739985108,74,True,6.011976553550484,False,0.10416778104290672,0.2838099002838135
18912,0.7057991166962676,85,True,6.057744406646613,False,0.10404748097633323,0.7104226350784302
18992,2.0065996126344796,120,True,6.104062353703016,True,0.1039272639432986,0.2411041259765625
18992,44.01191240639193,112,True,6.019820421741126,False,0.1039272639432986,0.2411041259765625
19008,-17.551325804590043,107,True,6.024475367679997,False,0.10332892911395541,0.21874955296516418
19152,10.795792027312016,67,True,6.11333352896958,False,0.10321010794204355,0.20222081243991852
19184,-4.952490059064796,71,True,6.026915880079643,False,0.10214299175855479,0.3400954008102417
19472,-7.265413813930377,83,True,6.206530112564695,False,0.10190734772446977,0.30773594975471497
19936,7.820948608843702,100,True,6.012155231842203,False,0.09980988199310657,0.2629852592945099
19984,5.743612445202924,107,True,6.105961581611214,True,0.09654574753574746,0.2984524965286255
20000,-7.834211275379351,87,True,6.150484813026576,False,0.0962149903414637,0.21527031064033508
20016,24.91292087052245,90,True,3.8706886965533815,False,0.09610427242787378,0.22122418880462646
20032,-9.999252103428299,72,True,6.068062154311564,False,0.09599410635030056,0.1443788707256317
20048,0.562826432295692,100,True,6.05376248288453,False,0.09588431285005788,0.1794360876083374
20096,3.3539395619715524,91,True,6.105754261161113,False,0.09577510650804018,0.18090146780014038
20336,2.3749574545347656,90,True,6.064446479044063,False,0.09544885897213899,0.38208502531051636
20352,-9.50644299815669,85,True,6.0882294815060485,False,0.09382682235470953,0.22731241583824158
20368,-11.501008262628883,74,True,6.041675653262587,False,0.09372011323797777,0.179722398519516
20480,-9.617624631554476,92,True,6.079511708260608,False,0.09361296094422673,0.22921331226825714
20800,-9.802516434014853,83,True,6.064215911279252,False,0.09286728224982424,0.44206809997558594
20848,18.36057417283798,106,True,6.074670589391929,False,0.09077805059942755,1.2002743482589722
20992,52.53750236934766,130,True,6.0668599466069315,False,0.09046882152625374,0.2951696813106537
21056,90.41412868426184,183,True,2.5077049824876037,False,0.08954509777281483,0.190618097782135
21296,2.910844951468432,85,True,6.020527012731683,False,0.08913864985150668,0.1694028079509735
21584,41.932894150322745,162,True,6.050790825024267,False,0.08761682521410837,0.14953546226024628
21744,11.832617181330342,106,True,6.068205714210239,False,0.08584274774537637,0.222884863615036
22560,-8.023220280613394,138,True,6.073781207056521,True,0.08487328681737402,0.1861611306667328
22624,7.700048715423053,141,True,6.053926673083844,False,0.0801068661841019,0.1852564662694931
22624,12.565469286266639,158,True,6.001812108139365,True,0.0801068661841019,0.1852564662694931
22736,24.86495710945495,169,True,6.046370672210554,True,0.07974351387546937,0.21018236875534058
22816,30.75893271752839,155,True,6.037004500951686,False,0.07911436413046383,0.3605254292488098
22848,31.97525321295334,128,True,5.463525516745607,False,0.0786709016457199,0.1882595717906952
22848,72.12945962619055,177,True,6.0827475088469445,False,0.0786709016457199,0.1882595717906952
23552,95.27368757197384,222,True,6.079007571624296,False,0.07849507146779477,0.3240354359149933
23552,62.582301111961996,169,True,6.0211666450369625,False,0.07849507146779477,0.3240354359149933
23776,23.022145545111485,127,True,6.00473841786374,False,0.07468683348855149,0.20739592611789703
24800,95.11332056289707,270,True,6.021428194533372,False,0.07351635505993374,1.740004301071167
25776,4.6860451842294175,139,True,6.030932183419247,False,0.06840375673242108,0.21985319256782532
25824,26.801797737328407,298,True,5.291299916488871,False,0.0638858693938687,0.39990392327308655
25936,66.97045522518489,272,True,6.008738914367239,False,0.06367111155242404,0.3384295403957367
26016,17.222399412848606,200,True,6.08990792314518,False,0.06317742066558686,0.27603989839553833
26224,9.047554383819811,211,True,6.022706285689891,True,0.06282349870150349,0.18432188034057617
26592,5.632381936487739,252,True,6.04303712107098,False,0.0619142204216151,0.17447347939014435
27104,66.17065579426122,208,True,6.007370119646418,False,0.06034379277354188,0.1701134592294693
27312,62.73486702273299,286,True,6.005011254866165,True,0.0582295938882541,0.32359132170677185
27344,34.396407473385125,159,True,6.038414695846763,False,0.057399829117085084,0.2138070911169052
27504,114.17085849136261,470,True,6.037008933423303,True,0.05727220009662655,0.21983572840690613
27808,104.73670262771631,310,True,5.575271744710786,True,0.05664171984906266,0.2325526773929596
27808,84.79654581667994,324,True,6.104707062378147,True,0.05664171984906266,0.2325526773929596
28992,240.68470641695737,500,False,2.1075226502404463,False,0.05546352334611269,0.2520420551300049
29104,32.72148519942219,180,True,6.080356637175668,False,0.05111147377723301,0.21189472079277039
29296,205.40588372323907,500,False,1.4779539844630105,False,0.050717386030903935,0.25326254963874817
29696,12.127516481405292,194,True,6.022227549900827,True,0.05005113544378044,0.388876736164093
30560,213.81654780388777,296,True,6.032532104362287,True,0.048701743378044865,0.16090244054794312
30624,282.1928126383692,500,False,0.9514641716614912,False,0.04592724240856958,0.3233546018600464
31552,189.87004817237246,500,False,4.472753985495892,True,0.045725700704664196,0.48587721586227417
32368,158.7839264142305,314,True,6.0178044312781225,True,0.042919573442338425,0.23765991628170013
32400,100.62438623957738,306,True,6.0639716400466686,True,0.04060586104131364,0.23638837039470673
33408,213.46871032726062,462,True,6.00563442677052,False,0.04051724051487158,0.261483371257782
33776,224.91529846352495,500,False,3.660914050902431,True,0.03785158274984906,0.41392868757247925
33936,287.13067546482006,500,False,1.3530401961613348,True,0.036926815981407304,0.17910033464431763
35104,333.21044623316527,500,False,1.0581386828988824,True,0.03653116234404323,0.2929973304271698
35312,267.7544596472262,500,False,1.6063070141790683,False,0.033768125688351795,0.24764402210712433
35808,329.12812452025526,500,False,1.3663359271050337,True,0.03330453982052935,0.3609883487224579
35808,213.81838969446542,500,False,3.733970041118964,True,0.03330453982052935,0.3609883487224579
36992,134.05960217530458,500,False,2.041782782535353,False,0.0322256723027032,0.27607372403144836
37104,275.8100042272457,500,False,2.251275818804616,True,0.029795856691470297,0.2851921319961548
37296,162.6524920903954,500,False,1.5577589762262982,True,0.029583129889716623,0.3902509808540344
37696,290.3128115991964,500,False,0.7348678814530911,True,0.02921496463887671,0.32997599244117737
38560,283.84076304301783,500,False,2.4245764963087653,False,0.02846606681107607,0.21957606077194214
38624,271.0675873532148,500,False,1.5467224247459594,True,0.026911559337782966,0.20801156759262085
39552,305.95244553968445,500,False,2.445699916405847,True,0.026799624021378178,0.36099210381507874
40368,134.00870366871607,500,False,0.5085303722267663,True,0.025262820320595947,0.3988136649131775
40400,392.33916426762926,500,False,1.384420646223919,True,0.02399499645808704,0.2882966995239258
41408,316.6462255682921,500,False,1.2253194659655366,True,0.023945410052858926,0.2518223524093628
41776,390.3514106617711,500,False,1.54169360171017,True,0.022490200320821507,0.3419719934463501
41936,387.9775014689866,500,False,0.38607732710727494,True,0.0219877173995857,0.5559662580490112
43104,225.25286643787766,500,False,3.083840743474973,True,0.021773599048043966,0.3127248287200928
43312,263.8349475501874,500,False,1.534577806171924,True,0.020276418306953297,1.5195178985595703
43808,365.01104785056793,500,False,1.0998633191931302,False,0.02002654533000162,0.4599485993385315
43808,409.9889488278316,500,False,0.885590853305257,True,0.02002654533000162,0.4599485993385315
44992,363.96775782949385,500,False,0.7308648281327083,True,0.01943008900236034,0.3346777558326721
45104,415.1048296370454,500,False,0.8346398900902229,True,0.018115771731651666,0.41071173548698425
45296,399.88585947400117,500,False,0.5173030505894143,True,0.01800267056497581,0.4238107204437256
45696,391.8556734465518,500,False,0.9462556804359544,False,0.01780367087034045,0.30534717440605164
46560,397.5518644688093,500,False,0.3983322880462714,True,0.01740818982077707,0.3643551170825958
46624,430.8117052421318,500,False,0.06838907660552625,True,0.01659444485866369,0.3340983986854553
47552,402.05485061428374,500,False,0.1554740707693684,True,0.016536680995069244,0.35224461555480957
48368,466.1600334234258,500,False,1.2649602659391534,True,0.01570698722056031,0.29134199023246765
48400,387.4256134932976,500,False,0.3622221755323982,True,0.015037992225489231,0.24512888491153717
49408,395.2277639825986,500,False,0.5396225014714396,False,0.015011998327379775,0.2979528605937958
49776,500.956257483383,500,False,0.15418375485916913,True,0.014252810226789763,0.27609169483184814
49936,406.4293371402514,500,False,0.4518938914287645,True,0.013986939171354476,0.32534122467041016
51104,584.6032902084393,500,False,0.1927399295468486,False,0.01381933001193626,0.2526238262653351
51312,529.4053840531301,500,False,0.2888587441858768,True,0.013118597752724203,0.34469425678253174
51808,595.9411753364794,500,False,0.10363112495793432,True,0.01299155310094826,0.4683264195919037
51808,485.97009840274166,500,False,0.5630041851405782,False,0.01299155310094826,0.4683264195919037
52992,517.3329544328398,500,False,0.29808237675036614,True,0.012706736668040751,0.39244115352630615
53104,613.493614963556,500,False,0.06935285317641435,True,0.012055887332637457,0.33006733655929565
53296,408.2318564282555,500,False,0.18068059360394953,True,0.011999292499845085,0.5850101709365845
53696,478.89145858181485,500,False,0.22508244664245292,True,0.011897071603296831,0.4454036056995392
54560,502.7452444740378,500,False,0.3610015167750176,True,0.011710232406887261,0.5377345085144043
54624,596.1994814288122,500,False,0.17539253985345327,True,0.011340474664911549,0.30467844009399414
55552,592.9448808195677,500,False,0.10278307002328038,True,0.011309530285600125,0.3231066167354584
56368,606.6043066177489,500,False,0.1765839956982736,True,0.010951033033179102,0.42887821793556213
56400,514.6113488397749,500,False,0.2775754906516069,False,0.010642771509324451,0.4152563810348511
57408,641.1418806265231,500,False,0.0837667109497145,False,0.01063195988494983,0.37494832277297974
57776,615.7174222466022,500,False,0.08221201436919501,True,0.010296164131913003,0.33660098910331726
57936,622.6785588022369,500,False,0.1990485056803602,True,0.01019895101143486,0.35588210821151733
59104,570.3300688381605,500,False,0.24089502331940454,True,0.010172513834201174,0.3670808672904968
59312,645.2042729698228,500,False,0.0778546494797202,True,0.009932805465517324,0.42816466093063354
59808,702.8796349565699,500,False,0.05350759766832538,True,0.0098935881986664,0.3969288468360901
59808,582.6849628559562,500,False,0.36799516010753774,True,0.0098935881986664,0.3969288468360901
60992,669.7695574161138,500,False,0.28732210150993936,True,0.009793453288818336,0.5042864680290222
61104,707.079369488058,500,False,0.039236566624116564,True,0.009719809193783666,0.43305671215057373
61296,779.1201852071216,500,False,0.058076352798084645,True,0.009722447494241742,0.3053489923477173
61696,655.0473317061579,500,False,0.17165378827172662,False,0.009728121737175443,0.5161503553390503
62560,832.1711865860793,500,False,0.13295506464982954,True,0.009734877957433098,0.4982236623764038
62624,712.0712731504199,500,False,0.06089428681724506,True,0.00971862082083596,0.4946936070919037
63552,665.7235822109154,500,False,0.1985763946448209,True,0.009720991250798764,0.5228465795516968
64368,669.4934979340472,500,False,0.12058900566892694,True,0.009833416472472942,0.5793757438659668
64400,724.3278584895176,500,False,0.07475387979278472,False,0.009903391502558204,0.536078929901123
65408,643.2778418002092,500,False,0.03577725090103857,True,0.00990622919413025,0.5266796350479126
65776,678.6361611228622,500,False,0.10314389703813945,True,0.010028929005968853,0.506493091583252
65936,693.0687822980805,500,False,0.07338724012938067,True,0.010104955778749721,0.47851812839508057
67104,759.3175038632544,500,False,0.08082703616316322,True,0.0101033850882335,0.46399930119514465
67312,741.5712359306668,500,False,0.1176152511986291,True,0.01023985327706448,0.4698515236377716
67808,749.042766053576,500,False,0.0479855534506665,False,0.01027932941057308,0.48769837617874146
67808,726.7828802826754,500,False,0.21474535527890967,True,0.01027932941057308,0.48769837617874146
68992,700.2674568067895,500,False,0.09525651267652895,True,0.01041403490933507,0.538359522819519
69104,755.7962765836387,500,False,0.0738091754176546,True,0.010535393684963474,0.5110220909118652
69296,675.056801630427,500,False,0.046002288545701056,False,0.010551177914593512,0.5693796277046204
69696,728.0914083125743,500,False,0.23413296370427755,True,0.010600510076827057,0.55314040184021
70560,867.586810560772,500,False,0.03870983451259074,True,0.010676062966792263,0.488631933927536
70624,719.9289539202226,500,False,0.06240037644063838,True,0.010874226577856265,0.6405669450759888
71552,812.6351540596631,500,False,0.118187732012109,True,0.010904330287209253,0.48411330580711365
72368,806.107234782123,500,False,0.027536833884264943,True,0.011008474116911146,0.595177948474884
72400,714.6489974406123,500,False,0.11531781873628476,True,0.01113142870210654,0.5874934196472168
73408,757.5069414419402,500,False,0.06706516549197422,True,0.011129859894059766,0.5655447244644165
73776,750.4039714547517,500,False,0.09163866342321275,False,0.011219777926804756,0.6747191548347473
73936,754.3121352448708,500,False,0.03999297477893968,True,0.011285433414541229,0.5998336672782898
75104,764.5797086794155,500,False,0.08050470437908142,True,0.011295809190460521,0.6615334749221802
75312,776.226488306631,500,False,0.12874618472001298,True,0.011336096773705751,0.5458395481109619
75808,695.1004551970435,500,False,0.07132793337880004,True,0.01136340887522019,0.6098138689994812
75808,837.6885610530837,500,False,0.02286316276543914,False,0.01136340887522019,0.6098138689994812
76992,814.5056828743118,500,False,0.14689924160872797,True,0.011410058850208654,0.6554934978485107
77104,683.1454672190331,500,False,0.14614016315118908,True,0.011590472836804984,0.5121022462844849
77296,618.0895213884761,500,False,0.17993568628185866,True,0.01160905762436925,0.622661828994751
77696,839.3736873585135,500,False,0.05069564970345238,True,0.011631262634043835,0.6273617744445801
78560,728.417979025284,500,False,0.0654940694520019,False,0.011611593317464773,0.6340029239654541
78624,806.552212354713,500,False,0.17902389860431123,True,0.01170305740500371,0.6663442850112915
79552,759.304363350759,500,False,0.07295404884367485,True,0.011676704316908468,0.6205053329467773
80368,758.5304325586982,500,False,0.12213971448843226,False,0.011726970292451533,0.6731311082839966
80400,718.4166222896296,500,False,0.055954462178880095,False,0.01183766698926016,0.8483024835586548
81408,846.3708762084658,500,False,0.04072120733858987,False,0.011838712541746028,0.707522988319397
81776,794.8923337933867,500,False,0.07266968999351882,False,0.011861146786924027,0.7157300710678101
81936,751.2360266672615,500,False,0.1603141750459799,True,0.011954971702847834,0.7315071225166321
83104,776.2270883173949,500,False,0.04966860871145753,True,0.012012177529986462,0.6667792797088623
83312,702.6228462749651,500,False,0.0791805673370399,True,0.012142844090224094,0.6471359133720398
83808,832.6909650603915,500,False,0.14612643384213472,True,0.012169173914740318,0.6940444707870483
83808,877.2126304287692,500,False,0.0505567633466692,True,0.012169173914740318,0.6940444707870483
84992,767.4129794867399,500,False,0.04322556764063678,True,0.012220234219780357,0.6617889404296875
85104,825.7715812146513,500,False,0.10829669882677574,True,0.012218187937874221,0.7188370823860168
85296,886.2977571509203,500,False,0.02823220577485346,False,0.012233813374342086,0.6410378217697144
85696,809.4179706099875,500,False,0.034138744382908814,True,0.012200757016980649,0.8052210807800293
86560,816.8929425568275,500,False,0.11258980467994724,False,0.01227029395425737,0.7461448907852173
86624,722.2231093594813,500,False,0.08506248458996836,True,0.012281970760405178,0.6682091951370239
87552,798.8637293541169,500,False,0.36390575231954525,True,0.012257005360677716,0.780855119228363
88368,744.1194582073379,500,False,0.09517343681001103,True,0.012330223526412864,1.0320117473602295
88400,821.1998878784214,500,False,0.08743063813517901,True,0.012359057036881447,0.7040531039237976
89408,808.0803594870473,500,False,0.10869646097836014,True,0.012352276158011401,0.7684453725814819
89776,819.4764885866692,500,False,0.0657788071139822,True,0.012407537632880284,0.740487277507782
89936,782.929796537909,500,False,0.0565036572360478,True,0.012395696601798739,0.8948723077774048
91104,745.3771476756625,500,False,0.2648991334921064,True,0.012418821675807736,0.7847853899002075
91312,851.2479633700993,500,False,0.05313199942087883,False,0.012514673297856787,0.8251835107803345
91808,809.5407342681798,500,False,0.03707379784432766,False,0.012537626750018939,0.7790511250495911
91808,826.165125690772,500,False,0.05756468423373702,True,0.012537626750018939,0.7790511250495911
92992,870.9204130670684,500,False,0.1438296217490268,True,0.012527839072547287,0.688588559627533
93104,781.5956793653837,500,False,0.05273366098394854,False,0.012709054241982794,2.7783761024475098
93296,668.9235981714826,500,False,0.13578510517050535,True,0.012693308010341854,0.7348952293395996
93696,787.5496943784857,500,False,0.04959754873801275,True,0.01266151826358714,0.8922903537750244
94560,792.5082132321304,500,False,0.16073037935338075,True,0.012592170680050852,1.0071665048599243
94624,730.5664221043348,500,False,0.1590719250171304,True,0.012562151703403659,0.7825566530227661
95552,778.3265643250244,500,False,0.08185031876359662,True,0.012584573006229083,0.7187473773956299
96368,796.7522572324481,500,False,0.09646418971889686,True,0.012506829020426633,0.7636361122131348
96400,762.3381404621242,500,False,0.08392752699519705,True,0.012715158648254394,0.9206844568252563
97408,764.4246820573031,500,False,0.01309542525560656,False,0.012697106760973529,1.0271750688552856
97776,677.9653516306662,500,False,0.12325521044877612,True,0.012728661662077458,0.9028195142745972
97936,818.4312713412733,500,False,0.19033585163912897,True,0.0126883242500424,1.0261530876159668
99104,823.3815977850231,500,False,0.06267324138087367,True,0.012668865713766951,0.9557075500488281
99312,695.2875184050259,500,False,0.17983763584891593,True,0.012552077682359402,0.7151037454605103
99808,795.8522310309648,500,False,0.05642669030763044,True,0.012584223188713311,0.8816640377044678
99808,780.1348998105809,500,False,0.15672445670391696,True,0.012584223188713311,0.8816640377044678
100992,843.928276300997,500,False,0.05461799080814453,True,0.012713220563794909,0.792801022529602
101104,678.686408266352,500,False,0.20721469893183034,True,0.01289341096768223,0.843174934387207
101296,798.7131537886332,500,False,0.09125614067689775,False,0.012969220166100364,0.857038140296936
101696,821.045547785438,500,False,0.03919876310885638,True,0.013023103610517516,0.842067539691925
102560,657.4285598958743,500,False,0.18119681157508058,True,0.01307033652687011,1.1458324193954468
102624,755.2656923754892,500,False,0.0323435540729524,True,0.013064112501545417,0.9577904939651489
103552,788.6927019480148,500,False,0.04425447328359429,True,0.013018759782978112,0.8835886716842651
104368,762.2715229733544,500,False,0.14447479586255263,True,0.01291778127580762,0.791419506072998
104400,817.546503330573,500,False,0.017897856679688955,True,0.013169438719680215,0.9381246566772461
105408,770.7171115328657,500,False,0.26252669807096024,True,0.01317853492305594,0.9612137675285339
105776,804.150885725056,500,False,0.20808689519429976,True,0.013093725330583773,0.8195568919181824
105936,743.4690273990093,500,False,0.2095025212223266,True,0.013079568338334705,0.8420376777648926
107104,721.8503586476177,500,False,0.1340301140032524,True,0.013116752913190212,0.9978560209274292
107312,639.2893999366474,500,False,0.19765052283793424,True,0.013297879907961212,0.9433389902114868
107808,780.6146906374635,500,False,0.0962112944454008,True,0.013304249504595644,0.956945538520813
107808,901.8472486570757,500,False,0.03896841851528183,False,0.013304249504595644,0.956945538520813
108992,815.2366593502229,500,False,0.12292763116351128,True,0.013202982476132347,0.8273553848266602
109104,841.7867171755468,500,False,0.06955529927532986,True,0.013145081334206764,0.9976918697357178
109296,863.3737085093852,500,False,0.043241431443938425,True,0.013209066843912104,0.9297805428504944
109696,904.5244635712579,500,False,0.1082211956283334,True,0.013306091015799444,0.9508038759231567
110560,821.834081573721,500,False,0.056202660292599585,True,0.013320849906321463,0.9077892899513245
110624,778.7853205242964,500,False,0.05750039844579109,True,0.013344448216319837,0.9877360463142395
111552,835.2819065502282,500,False,0.028774879683527904,False,0.01337992654967744,1.0097110271453857
112368,792.189656254546,500,False,0.14301521239509415,True,0.01365002822784867,0.9706332683563232
112400,760.9432758412626,500,False,0.06695727686968987,True,0.013841318442179205,1.1843842267990112
113408,880.287688329519,500,False,0.04681563143459685,False,0.01384861723102849,0.8669692277908325
113776,852.5972050440398,500,False,0.05407678976681472,True,0.013804822189563738,0.8679245710372925
113936,705.547865848859,500,False,0.13799062523057157,True,0.013735567060497868,1.0499656200408936
115104,821.6746463700242,500,False,0.03542423640706941,False,0.013739279774766838,0.9952585697174072
115312,783.4468251335211,500,False,0.062265375716849605,True,0.01391165117600644,1.0454087257385254
115808,760.5265944194203,500,False,0.08939436413368265,True,0.013828296004843563,0.8722445368766785
115808,790.7649396369296,500,False,0.07028880763883255,True,0.013828296004843563,0.8722445368766785
116992,759.336904558676,500,False,0.15761594891931807,True,0.013861959715923857,0.9092579483985901
117104,812.4509233974775,500,False,0.035328728662875744,False,0.013731454976962026,1.020081639289856
117296,669.4320844323406,500,False,0.2038946815504696,True,0.013723470688854888,0.9053435921669006
117696,830.697122511846,500,False,0.07068830122985573,True,0.013822850149553468,1.1529994010925293
118560,888.3570188307984,500,False,0.04107497965825891,False,0.013885589629324268,0.9234038591384888
118624,858.076559568838,500,False,0.03662668126666797,False,0.013988719723151577,1.1128003597259521
119552,773.5467919903238,500,False,0.10646250041723897,False,0.014012294877939925,1.1287678480148315
120368,738.2059562989757,500,False,0.2615164666724241,True,0.014074933304079844,0.928674578666687
120400,781.523381966986,500,False,0.08138798910251474,True,0.013943580250895793,0.9537391662597656
121408,771.1265593071831,500,False,0.11065303474907089,True,0.01394099637355007,0.923283576965332
121776,696.8305940488965,500,False,0.20163286878988637,True,0.01383198562165935,1.196521282196045
121936,763.2273327249627,500,False,0.19851043308840313,True,0.013973003862892774,1.024232029914856
123104,788.5021706580341,500,False,0.1087189662380809,True,0.013947338854602502,1.095625877380371
123312,729.3579106673021,500,False,0.09905940828609698,True,0.014032176321426693,0.948457658290863
123808,758.6696865419958,500,False,0.13406113532316713,True,0.01405069632397563,1.181457757949829
123808,841.244594596785,500,False,0.09556811033501693,True,0.01405069632397563,1.181457757949829
124992,831.1870711852275,500,False,0.04043998353222316,True,0.01403944560114033,1.0081162452697754
125104,802.7769091455882,500,False,0.12385769322411647,False,0.014256938400400269,1.0647964477539062
125296,797.9430555353055,500,False,0.03685615551112877,True,0.014260247217674585,1.2526096105575562
125696,694.2304006843606,500,False,0.15632444151243402,True,0.014287111772162082,0.8965559005737305
126560,799.5851071919329,500,False,0.11794107598413024,True,0.01426369534662315,1.123049259185791
126624,785.8813562115648,500,False,0.02645465435860163,True,0.014277370590630917,1.1284571886062622
127552,755.8104499315158,500,False,0.09300991588970886,True,0.014260052421781086,1.2251427173614502
128368,764.4231179782371,500,False,0.0540091292261095,True,0.014413224382897683,1.0874416828155518
128400,759.4302419221376,500,False,0.09840567769457888,False,0.01450318016984158,0.9791635870933533
129408,690.2088831844515,500,False,0.22139415327409692,True,0.014519007210171804,1.0076098442077637
129776,827.8115913317653,500,False,0.12026094598849929,True,0.01445303451763463,1.0313677787780762
129936,782.6595069402085,500,False,0.27628885946800513,True,0.014506332186123091,1.115875482559204
131104,712.5744293920113,500,False,0.23341358498558157,True,0.014409649142912602,1.1349738836288452
131312,775.4217470460528,500,False,0.05210630495149637,True,0.014408343881328653,1.1982035636901855
131808,790.7326011927598,500,False,0.03154224997552918,False,0.014348176031697342,1.0126333236694336
131808,749.9706425765102,500,False,0.06565007824005338,False,0.014348176031697342,1.0126333236694336
132992,815.9266613711379,500,False,0.13287272797059246,True,0.014234619262352935,1.2055339813232422
133104,726.5792132425294,500,False,0.3106034540575236,True,0.014230309931934956,1.0595250129699707
133296,750.2872192150409,500,False,0.08265537607799793,True,0.014215202897333157,1.0350184440612793
133696,808.3392552947117,500,False,0.06899946746414436,True,0.014154192060313518,1.3150155544281006
134560,808.8492880036785,500,False,0.08892613801410984,True,0.01411362293234414,0.9895241856575012
134624,820.1834830871938,500,False,0.059528708001755845,False,0.014168890672889012,1.0186396837234497
135552,643.3334608811988,500,False,0.23039716934451843,True,0.01418065403369421,1.0735347270965576
136368,856.7683543102747,500,False,0.0495818831714221,True,0.014113266631808577,1.2622265815734863
136400,769.8347481867162,500,False,0.1321563217624179,True,0.014257585851421003,0.8081190586090088
137408,769.8987495494041,500,False,0.030562382166701887,True,0.014256460425743129,1.0881850719451904
137776,812.6304332002724,500,False,0.07151995057012867,True,0.014018268058017397,1.0506283044815063
137936,669.4867759173025,500,False,0.24179547844763102,True,0.014190144139223053,1.1403083801269531
139104,821.493690939477,500,False,0.061397120202167164,True,0.014214650205092626,0.9620579481124878
139312,844.3352485919364,500,False,0.06539035137659209,True,0.01420446779018509,1.0456647872924805
139808,849.555563535008,500,False,0.06603082550836548,True,0.014269580177062173,1.1792199611663818
139808,833.2400280402506,500,False,0.028157552706191233,True,0.014269580177062173,1.1792199611663818
140992,857.2559554728931,500,False,0.003906699637617407,False,0.014277626364522636,1.1354113817214966
141104,814.2769033162311,500,False,0.03421890736432869,True,0.014156150811650023,1.1705918312072754
141296,906.4419477157794,500,False,0.01197307115994582,True,0.01425876313435299,0.9210218191146851
141696,727.7180593881791,500,False,0.06378661193561973,True,0.014308824392578188,1.2526874542236328
142560,703.5273966794332,500,False,0.18067357826841532,True,0.014372531799501105,1.2291264533996582
142624,918.158029373926,500,False,0.02578590863145595,True,0.014202490863681267,1.034864902496338
143552,564.3866949935773,500,False,0.44090746815956144,True,0.014212411301079893,1.0445215702056885
144368,742.4846705932952,500,False,0.1797881701463375,True,0.014132098968944528,1.1148697137832642
144400,853.4852152999321,500,False,0.15924847636005668,True,0.014241024070874204,1.250745177268982
145408,826.8738250126037,500,False,0.05846155406495312,True,0.014253792035201225,1.1099185943603516
145776,738.3257710153742,500,False,0.10758911602819757,True,0.014299829372097702,1.1919231414794922
145936,838.8558723531654,500,False,0.07308778055113963,True,0.014282051671875814,3.150172710418701
147104,848.6880555363622,500,False,0.06281763747544246,True,0.014328868675191245,1.290352463722229
147312,676.9952078101753,500,False,0.14081940251120828,False,0.014677334221704287,1.0916544198989868
147808,767.203340414386,500,False,0.09095427826110541,True,0.01467084843705265,0.9270588159561157
147808,774.9891830706496,500,False,0.017118613768229658,True,0.01467084843705265,0.9270588159561157
148992,749.5996629605689,500,False,0.05106178633766095,True,0.014554739848156164,1.368600845336914
149104,782.0136652785112,500,False,0.05289223762831746,False,0.014579429046372102,1.238206148147583
149296,860.9936533256938,500,False,0.04124171772541783,True,0.014547733619447016,1.124056339263916
149696,807.1968998556405,500,False,0.0583009663832041,True,0.014426512536369661,1.0107464790344238
150560,810.7513886293357,500,False,0.04136101669578101,True,0.014489966679469295,1.2290228605270386
150624,836.8712798533908,500,False,0.0719432343339889,True,0.014350178596259757,1.0878546237945557
151552,823.3670911644449,500,False,0.018199369166813043,True,0.014348846209192604,1.176672339439392
152368,850.6639173156649,500,False,0.19268919575718543,True,0.014290181080475365,1.2183873653411865
152400,902.7670186102415,500,False,0.021236746404538993,True,0.014139688273616492,1.322792649269104
153408,767.4660619563903,500,False,0.07422036133078239,True,0.01412413913650564,1.2704052925109863
153776,819.415739780222,500,False,0.13685133565117183,True,0.014019256008621509,1.3042594194412231
153936,723.8043636098686,500,False,0.1010762647882173,False,0.014051266637045735,1.2194633483886719
155104,834.8822849501486,500,False,0.15076420811665023,True,0.014058076819527044,1.1507813930511475
155312,763.7651670643072,500,False,0.11253002861450478,False,0.014142787897709496,1.2302273511886597
155808,769.9559575402233,500,False,0.1653985345951318,True,0.01413259573376558,1.3659636974334717
155808,910.9582309814022,500,False,0.03351590806182061,True,0.01413259573376558,1.3659636974334717
156992,866.8457104153606,500,False,0.06702689964198433,False,0.01396726409541016,1.274056315422058
157104,675.1306491450706,500,False,0.5941779926509323,True,0.013971939058819882,1.4192376136779785
157296,770.8884600723733,500,False,0.16000421590455535,True,0.013942886598757644,1.2387051582336426
157696,689.7910206429038,500,False,0.5072194634608403,True,0.013963317006477445,1.043035864830017
158560,822.5596349178724,500,False,0.04095495463867355,False,0.013840555795423027,1.0175158977508545
158624,811.5140773232121,500,False,0.02770823920999464,True,0.013962925915739806,1.280519723892212
159552,815.6305278657318,500,False,0.1734941814290792,True,0.013968461815706438,1.1896077394485474
160368,814.8486111796751,500,False,0.0593542810743401,True,0.01393736015452889,1.0996434688568115
160400,829.9673139217102,500,False,0.049269312455484236,True,0.013789771724265137,1.3460503816604614
161408,763.2201948404171,500,False,0.28231312111988194,True,0.013776184185572433,1.0523041486740112
161776,777.4927024316346,500,False,0.05214615189792559,True,0.013833032120279544,1.1392035484313965
161936,740.0320935444897,500,False,0.11901066800922414,True,0.013752069295642756,1.0647351741790771
163104,817.2665934764614,500,False,0.07477712014152833,True,0.013784982598916331,1.1312756538391113
163312,860.267738473405,500,False,0.025830973801642218,True,0.01379982885830163,1.148987054824829
163808,789.0121625518249,500,False,0.11425432552276082,True,0.013819689804197295,1.041355848312378
163808,832.5255420786127,500,False,0.27925052496212066,True,0.013819689804197295,1.041355848312378
164992,845.1195296070697,500,False,0.03472102224507156,False,0.013871260602838784,1.2914386987686157
165104,837.7627368692582,500,False,0.03360836726608527,False,0.013954158400196542,1.260741949081421
165296,720.9331678834837,500,False,0.0740284799919281,True,0.013948870575574682,1.0178266763687134
165696,779.1714736026931,500,False,0.11623604995815777,True,0.013915739910774019,1.0125960111618042
166560,704.900685772265,500,False,0.2220100775888534,True,0.013901022490867934,1.189024806022644
166624,680.9043510900622,500,False,0.3414411992676256,True,0.013822437142314131,1.0656802654266357
167552,831.0595552443043,500,False,0.092335284358633,True,0.013841946698845411,1.4199988842010498
168368,807.3169585961376,500,False,0.041932422058409476,True,0.013688763394481534,1.1214051246643066
168400,862.5860125094756,500,False,0.0626832301599101,True,0.01357259683771777,1.4365614652633667
169408,751.2174192203432,500,False,0.08188114899229901,False,0.013575705315839891,1.0904293060302734
169776,729.6677197704092,500,False,0.15297403378272767,True,0.013603640345590313,1.245302677154541
169936,836.2644337322387,500,False,0.11490637252701358,True,0.01367158971353385,1.1291488409042358
171104,768.8168738686965,500,False,0.05790587974376449,True,0.013687419321768354,1.3954317569732666
171312,882.1345957763197,500,False,0.034030010603593175,False,0.013534964997165885,1.187468409538269
171808,817.5009444310408,500,False,0.09496153559021855,True,0.01358366713526164,1.1937456130981445
171808,820.1100905853157,500,False,0.07432735282373672,False,0.01358366713526164,1.1937456130981445
172992,816.8127736203871,500,False,0.06229609809526503,True,0.01359484472234218,1.1131618022918701
173104,758.2320192341252,500,False,0.04223053540362078,True,0.013657157763931872,1.1276955604553223
173296,720.5472721491976,500,False,0.09616323482965185,True,0.013574105191178833,0.9007673263549805
173696,785.3692311841148,500,False,0.06095903670334916,False,0.01355638681008348,0.9691262245178223
174560,792.0373039829129,500,False,0.08471527389677323,True,0.013331723769196793,0.914616048336029
174624,802.9515812839071,500,False,0.07195348137989634,True,0.013264337571299677,1.1765785217285156
175552,858.7954734549025,500,False,0.048493165600727355,True,0.013279385745552678,1.1977581977844238
176368,734.746494227246,500,False,0.06587997884902519,True,0.013345493688010347,1.2280280590057373
176400,720.3768190276519,500,False,0.2507293401602017,True,0.013285529541686221,1.2434484958648682
177408,792.681221987256,500,False,0.028365788534824715,True,0.013294689558836698,1.3236247301101685
177776,717.6244586473822,500,False,0.23714963795778987,True,0.013201309001358769,1.4476284980773926
177936,809.1631253092021,500,False,0.05338386107526015,True,0.013165205206577471,1.013485074043274
179104,839.2527742632302,500,False,0.023821561717154546,True,0.013202445285412624,1.4448612928390503
179312,802.6874567230251,500,False,0.09260211624716433,True,0.013011554271052876,1.1866822242736816
179808,798.5090571246242,500,False,0.1671434034205822,True,0.012956610869558311,1.133983850479126
179808,878.599379537445,500,False,0.01982740346315605,True,0.012956610869558311,1.133983850479126
180992,831.7101528924458,500,False,0.05886041187090897,False,0.013014576495202039,1.1017978191375732
181104,809.3468555015853,500,False,0.08205313052197244,False,0.012923849413183322,1.067272663116455
181296,724.400688183584,500,False,0.174829858055778,True,0.012991755084832236,1.2543010711669922
181696,815.438763638127,500,False,0.028098020227495916,False,0.012860707719073074,1.3201963901519775
182560,824.9604316026977,500,False,0.02999529378244878,True,0.012780440933935426,1.3023769855499268
182624,840.5774996055153,500,False,0.11304992375239789,True,0.013058163471636443,1.486133337020874
183552,703.2180348884929,500,False,0.09466267389381289,True,0.013112501357933485,1.286157488822937
184368,729.0977045076538,500,False,0.0716766924178125,True,0.013196637466809748,1.3431299924850464
184400,750.0768570963287,500,False,0.12051003650885364,False,0.013091414478732119,1.2098747491836548
185408,794.5806574335171,500,False,0.07161142919301013,False,0.013091183679092245,1.1473292112350464
185776,780.9370581049266,500,False,0.09241831741240608,True,0.01297905901621473,1.1569079160690308
185936,791.0588736050207,500,False,0.060693411250582426,False,0.012961994478845214,1.3156616687774658
187104,838.6961738659268,500,False,0.03531349322988131,True,0.012930535621687911,1.0245167016983032
187312,772.6608615258867,500,False,0.09192291431920623,True,0.01290431501915896,1.2598845958709717
187808,772.4026296935963,500,False,0.21711269391550705,True,0.01288673133124144,1.30023193359375
187808,751.2535974034658,500,False,0.1050326477121199,False,0.01288673133124144,1.30023193359375
188992,858.3010720321464,500,False,0.08593967445040576,True,0.012822342790632359,1.419960856437683
189104,716.6385045376187,500,False,0.07321154663031668,False,0.01274573825628127,1.1807372570037842
189296,830.3142911674238,500,False,0.049547466221710634,True,0.012758228352116992,0.9834532737731934
189696,721.543702019561,500,False,0.1653957293040692,True,0.012740715657603282,1.0444228649139404
190560,801.3428091509661,500,False,0.028448236714225222,True,0.012707093392144842,1.3376095294952393
190624,772.0018289348184,500,False,0.13316280880852618,True,0.01285093309828771,1.1967334747314453
191552,759.1078721887636,500,False,0.2132877775217643,True,0.012822266028233557,1.1991477012634277
192368,730.7145873838998,500,False,0.18564896084617788,True,0.012653361769032251,1.3738582134246826
192400,767.5683230058858,500,False,0.12961715903185364,True,0.012715656264545567,2.3592140674591064
193408,744.5991931834731,500,False,0.18596197563270844,True,0.0127090577518189,1.032108187675476
193776,749.659454768453,500,False,0.11078771674236731,True,0.012853786936344612,0.9674197435379028
193936,750.4546841721225,500,False,0.07267192226841103,False,0.012890257664471362,1.164475440979004
195104,754.5406226290538,500,False,0.06985955722876308,False,0.012838730974254817,1.2036983966827393
195312,725.9781143241256,500,False,0.12188404481017609,False,0.012750729409760325,1.314594030380249
195808,673.2261854854657,500,False,0.10052788840323056,True,0.012697229680712732,1.1111555099487305
195808,760.4269216447436,500,False,0.04765041498654422,False,0.012697229680712732,1.1111555099487305
196992,751.7618987759299,500,False,0.0821835228035503,True,0.012807256063129956,1.2143737077713013
197104,783.2011699531022,500,False,0.07762391942300081,True,0.01280440249328181,1.0883756875991821
197296,711.3941027407246,500,False,0.20805217671720563,True,0.012759338179873186,1.4686415195465088
197696,834.9850774567527,500,False,0.05256675604136945,False,0.012750194776040445,1.1850677728652954
198560,782.5249455547738,500,False,0.08042582740126006,True,0.012734682089652545,1.4072370529174805
198624,811.5028323405355,500,False,0.10812973544774901,True,0.012751949258425228,1.3376747369766235
199552,812.647072769139,500,False,0.042829017473887246,False,0.012754539754306076,1.2799148559570312
200368,809.9343877230162,500,False,0.08838668103386746,True,0.012666323267187843,1.1659770011901855
200400,796.6292524649881,500,False,0.012500952223391934,True,0.012647640040441476,1.2165426015853882
201408,801.314272129918,500,False,0.1296751220187424,True,0.012621222825060847,0.9941121935844421
201776,757.656145205939,500,False,0.14516765970950166,False,0.01247187182885595,1.1333808898925781
201936,827.8487112729606,500,False,0.10405658295889532,True,0.012429180249726012,1.0013387203216553
203104,764.8246160803105,500,False,0.09323044800861462,True,0.012419372009809644,1.2713041305541992
203312,795.1421118808577,500,False,0.19426830631102446,True,0.012423010832360675,1.2554417848587036
203808,759.5396896492039,500,False,0.0996487369425733,True,0.01250347379534017,1.307596206665039
203808,842.3984520281032,500,False,0.033215513315758234,False,0.01250347379534017,1.307596206665039
204992,775.1194044337632,500,False,0.04419031530206077,True,0.012606832862474413,1.031426191329956
205104,761.1334198042579,500,False,0.1020830595170838,True,0.012425673857696275,0.9672390818595886
205296,661.9296229855383,500,False,0.14274220288656225,True,0.012377232090453891,1.1236107349395752
205696,742.5443658844093,500,False,0.04070037891704414,True,0.01236443059536705,1.0270745754241943
206560,828.5460984034531,500,False,0.10544831467763396,True,0.012432902520312166,1.267035961151123
206624,686.6272157997266,500,False,0.2926604986779331,True,0.012396585229969274,1.0796940326690674
207552,826.0751631223566,500,False,0.09632271245742025,True,0.012413369605916023,1.3326892852783203
208368,776.6275707167595,500,False,0.13195597388213404,True,0.01231895860064515,1.1205724477767944
208400,725.5111037153729,500,False,0.18078876590230722,False,0.012307220834221953,1.3747129440307617
209408,799.7627853760665,500,False,0.10753007211911149,True,0.012301991858993716,1.0924980640411377
209776,782.2384096733887,500,False,0.09261971785209933,True,0.012252949340509465,1.0305261611938477
209936,801.604993236024,500,False,0.1318902290185289,True,0.012184056979669757,1.3170757293701172
211104,772.0937132309815,500,False,0.08072403184040194,True,0.012156143820929442,1.386199951171875
211312,849.0130433759481,500,False,0.0680824269848234,True,0.011972346339906799,1.0841779708862305
211808,792.3664395076959,500,False,0.20273958718903093,True,0.011906791036008944,1.2228901386260986
211808,728.6937289656546,500,False,0.11833117916793338,True,0.011906791036008944,1.2228901386260986
212992,828.8381128954651,500,False,0.10343921745060289,True,0.011905598814355451,1.404567837715149
213104,767.2464822618922,500,False,0.18091699378957204,False,0.011845451937775336,1.1901483535766602
213296,703.6997085018941,500,False,0.19418860028248056,True,0.011854580160257729,1.2676701545715332
213696,811.2711892799315,500,False,0.1155179004658449,True,0.011896596507874554,1.326392650604248
214560,753.4378903891727,500,False,0.0335672382697,True,0.011882171127225916,1.2219161987304688
214624,747.8822309713819,500,False,0.08087512870261362,True,0.011823331493633042,1.176129937171936
215552,720.3028503995655,500,False,0.2921511988988831,True,0.01183755222317704,1.0708116292953491
216368,811.9144626545273,500,False,0.014100294323939071,True,0.01189308527555466,1.2242529392242432
216400,743.4983140572284,500,False,0.262791404542445,True,0.011756862286015647,1.2175723314285278
217408,749.4174683565618,500,False,0.15717150899567803,True,0.011740883881247862,1.3670225143432617
217776,653.9274344190512,500,False,0.24229944790515434,True,0.01162167656346038,1.3004310131072998
217936,737.4304918322736,500,False,0.17953540954423156,True,0.011628417634329445,1.160871982574463
219104,603.1865484500938,500,False,0.27794578911875095,True,0.011576281992294912,2.134073257446289
219312,667.0952921764455,500,False,0.20820519233868987,True,0.011601379534269742,1.1836752891540527
219808,770.5093079331351,500,False,0.057361029797337246,True,0.011516348217637177,1.2751398086547852
219808,651.8498081196077,500,False,0.21138556341776404,True,0.011516348217637177,1.2751398086547852
220992,753.2809890802625,500,False,0.11604374228443003,False,0.01156903952954051,1.1109044551849365
221104,726.1651569404211,500,False,0.16003293593829962,True,0.011444045077155992,1.0734225511550903
221296,757.0781314213647,500,False,0.10502181492195158,True,0.011509078324328457,1.0209228992462158
221696,843.1050435666849,500,False,0.05537849354096843,True,0.011544677844664127,1.40366792678833
222560,830.2745676586158,500,False,0.08675448463816005,True,0.01154302452994759,1.3839914798736572
222624,688.3691825416788,500,False,0.32812241077968274,True,0.011579342842825049,1.558079481124878
223552,744.6414704228397,500,False,0.09296913780528338,True,0.011575412175640778,1.2348692417144775
224368,782.0549003747202,500,False,0.029325354145997032,True,0.011679166982915247,2.2994132041931152
224400,711.5037944697192,500,False,0.10736107804794237,True,0.01151002116211158,1.0102734565734863
225408,842.9702371624106,500,False,0.05112109887276465,True,0.01151522724912337,1.1226669549942017
225776,623.6461291662288,500,False,0.4822685468566518,True,0.0114431411501624,1.0863585472106934
225936,807.1330630697472,500,False,0.12267375959802199,True,0.011437810678648684,1.4077237844467163
227104,829.4937293669632,500,False,0.034898379966132084,False,0.011453216811005211,1.2726682424545288
227312,780.3123326425763,500,False,0.05591968792148613,False,0.011299222391305045,1.1244544982910156
227808,712.0510694039242,500,False,0.14219014010227196,False,0.011346291355672077,1.3275429010391235
227808,822.3508400229726,500,False,0.03144825769144652,False,0.011346291355672077,1.3275429010391235
228992,788.1973805914987,500,False,0.1296188750212109,True,0.0114151002219751,2.758286952972412
229104,793.1166778227181,500,False,0.024418773671555365,True,0.011312435210077345,1.4131327867507935
229296,823.2631767610618,500,False,0.014560771646858687,True,0.0113082325581685,1.2935447692871094
229696,774.5389615133917,500,False,0.1721766395728769,True,0.011308096272751856,1.5244264602661133
230560,716.1586269314018,500,False,0.15832858994976234,True,0.011254615770490303,1.2090184688568115
230624,842.6216651324062,500,False,0.027136242336199635,True,0.011190425997962893,1.1213953495025635
231552,794.7989923717618,500,False,0.0931614134740105,True,0.011208371223281055,0.9276599884033203
232368,728.943489509109,500,False,0.1590870968288318,True,0.01118304633327583,1.4558963775634766
232400,754.6401908098354,500,False,0.12627526481430484,True,0.011127561099265491,1.935312032699585
233408,707.6798745000733,500,False,0.24698925343585815,True,0.011128964704665406,1.3046371936798096
233776,684.0259436150159,500,False,0.10267330385613364,True,0.011228317743569707,1.6128056049346924
233936,732.343267348563,500,False,0.149590096595371,True,0.01115310984371943,1.4049224853515625
235104,704.995385319192,500,False,0.1440616285037197,True,0.011098478959168635,1.1752961874008179
235312,860.2149099558508,500,False,0.04247248003673879,True,0.011179007653073256,1.3513649702072144
235808,759.295496461772,500,False,0.10106567967792174,False,0.011115408251845857,2.2544939517974854
235808,711.5306186537086,500,False,0.0664225437671564,True,0.011115408251845857,2.2544939517974854
236992,821.7113521562292,500,False,0.1038871452088368,False,0.01111069482825178,1.260337233543396
237104,858.8212200520493,500,False,0.032385246632871165,False,0.011080237858602076,1.5912920236587524
237296,784.5057888159649,500,False,0.1020896792745503,True,0.011061635522617025,1.3711726665496826
237696,757.8639640095962,500,False,0.11754410572909667,True,0.011138444011397117,1.7456774711608887
238560,750.5674662340863,500,False,0.17063782025890545,True,0.011186511729329027,1.608877420425415
238624,763.6936109496561,500,False,0.09695095248256516,True,0.011201427696813801,1.1542079448699951
239552,821.2957256670851,500,False,0.022817039186902685,True,0.011230888426379268,1.1314163208007812
240368,844.6523563473343,500,False,0.19257085165217078,True,0.011325134491691974,1.3261746168136597
240400,767.3620661040007,500,False,0.11213999633930517,True,0.011230046286591048,1.3137998580932617
241408,792.3309289569434,500,False,0.10791214051486825,True,0.011232104428426327,1.3736647367477417
241776,809.3587561555028,500,False,0.04278911096818744,True,0.01101936562256306,1.0627949237823486
241936,762.9125234758225,500,False,0.11100638754200168,False,0.01098448477460575,1.2752559185028076
243104,870.3099299917002,500,False,0.03366503360801487,False,0.010968921750943593,1.4360098838806152
243312,789.4755998438444,500,False,0.04752384518219097,True,0.010930974643350915,2.0326108932495117
243808,775.3003685306152,500,False,0.1329574546855759,True,0.010898542823327636,1.2532633543014526
243808,791.4143381363206,500,False,0.12102725915892948,False,0.010898542823327636,1.2532633543014526
244992,928.830137318589,500,False,0.03734897538817251,True,0.010901343218716884,1.619101881980896
245104,772.8468966952576,500,False,0.03103932652860895,True,0.011134958304757556,1.228728175163269
245296,726.1664208547402,500,False,0.21469508461497241,True,0.011114041374316628,1.4204356670379639
245696,739.032878711186,500,False,0.16307727008667383,True,0.011103027209179252,1.2571959495544434
246560,752.7947939056803,500,False,0.12041360886850343,True,0.011287161223547998,1.6215934753417969
246624,643.9827929564043,500,False,0.1013027769318358,True,0.01140581153940344,1.1479101181030273
247552,689.8083247584658,500,False,0.12627235065500098,False,0.011424213640857323,1.2022318840026855
248368,762.6613183438762,500,False,0.055885593017229125,True,0.011381558787058804,1.3167461156845093
248400,759.8527194047747,500,False,0.09280546741367875,True,0.011338587328895713,1.1357321739196777
249408,743.0600050041758,500,False,0.12982350308166782,True,0.011354805894838131,1.2969512939453125
249776,653.3177089648781,500,False,0.15464366573517485,True,0.011331121303936733,1.6256005764007568
249936,787.9728823946776,500,False,0.0474783650003348,False,0.011239575943904444,1.305480718612671
251104,823.7488128953703,500,False,0.10131615387245203,True,0.01124905184703074,1.3380337953567505
251312,902.5631801824402,500,False,0.042813005466928074,True,0.011250314735172321,2.645601272583008
251808,774.9145970789048,500,False,0.16077422036245154,True,0.0113145328934332,1.5780619382858276
251808,739.1456474313342,500,False,0.11574270049021915,True,0.0113145328934332,1.5780619382858276
252992,853.222712935383,500,False,0.058918597255368306,False,0.011354542944583667,1.3439226150512695
253104,731.7798405665253,500,False,0.07760230586020359,False,0.011504622630335224,1.3014953136444092
253296,875.136382287185,500,False,0.07002218571595345,True,0.011479505242186328,1.2988579273223877
253696,808.0982315171515,500,False,0.09216204249012028,False,0.011477185537261207,1.2844635248184204
254560,671.1084408574419,500,False,0.21136245133163223,True,0.011424237218835233,1.3308919668197632
254624,777.2391728678906,500,False,0.11362320512912161,False,0.011398596095880653,1.4757006168365479
255552,840.5909680149275,500,False,0.048657167649747805,True,0.01135617355943478,1.2476580142974854
256368,835.1169351364069,500,False,0.048960246597018066,False,0.011307154867697016,1.3308568000793457
256400,767.9349248734142,500,False,0.12422483003463149,True,0.011288206478552672,1.3578381538391113
257408,757.6500838594557,500,False,0.08750535307604598,True,0.011278448128413767,1.4887547492980957
257776,823.5924917824997,500,False,0.06470196436801487,True,0.011280920335774441,1.2155065536499023
257936,636.7759912402696,500,False,0.1932285251083362,True,0.011240904146109931,1.4584442377090454
259104,741.0245167881545,500,False,0.0905464858749584,True,0.01120145851682789,1.346303105354309
259312,802.9277371416531,500,False,0.1442999714933842,True,0.011199843268748866,1.4550575017929077
259808,769.3746951282903,500,False,0.11262352371934056,True,0.011136948766730194,1.3753015995025635
259808,801.3048664306082,500,False,0.14699807508018198,True,0.011136948766730194,1.3753015995025635
260992,880.2191769933273,500,False,0.08047464996491852,True,0.011209555071530751,1.422959804534912
261104,830.6496195720835,500,False,0.04490254777517079,True,0.011184450773119883,1.5577794313430786
261296,815.1610585223535,500,False,0.029052349421023232,True,0.011203791697227837,1.2420710325241089
261696,728.900470386573,500,False,0.1401009327327245,True,0.011313453295923042,1.1503167152404785
262560,837.9327223656262,500,False,0.06743725576610501,True,0.011354724258401786,1.3947739601135254
262624,779.8400948606567,500,False,0.06486599430910668,False,0.01144283902723566,1.0767838954925537
263552,746.5268471022707,500,False,0.11992232229503669,True,0.011454064676774706,1.2380080223083496
264368,716.6730275750223,500,False,0.24840153198947396,True,0.011571983345527547,1.1741008758544922
264400,803.0092737802267,500,False,0.1338311146774202,True,0.011497463660676768,1.6025011539459229
265408,805.6450321007476,500,False,0.05204188385262735,True,0.011498602818270861,1.2922070026397705
265776,803.8732072548236,500,False,0.09624407156502861,True,0.011326774949854767,1.4602241516113281
265936,895.7013276658066,500,False,0.05158622776470425,True,0.011394788510092914,1.5474443435668945
267104,722.3532350063939,500,False,0.12870092741907782,False,0.011407305909676882,1.6853060722351074
267312,757.0138977205776,500,False,0.23861776611804092,True,0.011505879262644715,1.4876811504364014
267808,761.2677242418031,500,False,0.08413800570606089,True,0.01145498863835611,1.1285955905914307
267808,800.9265273099342,500,False,0.12349533857509574,True,0.01145498863835611,1.1285955905914307
268992,830.3697120887776,500,False,0.11097353690042445,True,0.011489080767206046,1.177247405052185
269104,808.9005209392984,500,False,0.07000010827554516,False,0.01117892554875993,1.4241161346435547
269296,746.240686623261,500,False,0.08183370080530818,False,0.011174652441388908,1.2995655536651611
269696,789.3139065374307,500,False,0.08934646352069471,True,0.011154141409486057,1.1371382474899292
270560,764.3715281796827,500,False,0.09283245215757588,False,0.011157974643140929,1.399580955505371
270624,810.3395661902246,500,False,0.17390914007281275,True,0.01125514666191505,1.1824314594268799
271552,808.1708555024609,500,False,0.06218467156893183,True,0.011239577076838767,1.2825546264648438
272368,768.9864002122082,500,False,0.0818519731872709,True,0.011203264801343827,2.011422634124756
272400,799.5581551629816,500,False,0.11864894711138732,True,0.011128886832147886,1.327002763748169
273408,709.7917695931199,500,False,0.19383145513501107,True,0.011126360541348291,1.1410514116287231
273776,735.1844288221453,500,False,0.2582731341950718,True,0.011254906942612912,1.3894593715667725
273936,833.0648954598835,500,False,0.061538239355936185,True,0.011281423357525163,1.3121585845947266
275104,741.2087263866861,500,False,0.15359833855585767,True,0.01130601432338434,1.7314852476119995
275312,728.7212557646882,500,False,0.10498951152786881,False,0.011346926981088357,1.5076946020126343
275808,823.0187231043194,500,False,0.09778289948510843,True,0.01137779978846227,1.4770750999450684
275808,786.3654961549254,500,False,0.05093032737838306,False,0.01137779978846227,1.4770750999450684
276992,793.4566831352795,500,False,0.08892661417604826,False,0.011424338560014553,1.600891351699829
277104,742.7916211174061,500,False,0.07771698364655412,False,0.011224894236082618,1.3577184677124023
277296,886.7793276510455,500,False,0.0617780887654038,True,0.011241764312382184,1.4873456954956055
277696,817.8080548212,500,False,0.09559394145939434,True,0.011261866539723673,1.3323979377746582
278560,757.6728258538201,500,False,0.11708996012656077,True,0.011265599224894117,1.3187199831008911
278624,757.5644966002875,500,False,0.13014874509799845,True,0.011207525459100172,1.3322097063064575
279552,750.5829497928871,500,False,0.06677614717549851,True,0.01114339530625279,1.4787484407424927
280368,743.8298122448716,500,False,0.25175157965961104,True,0.011178314891497287,1.560681700706482
280400,786.0663078316384,500,False,0.06708615553398015,False,0.011164225756601183,1.3094497919082642
281408,794.3987692192179,500,False,0.05079564166719019,True,0.011158641868620471,1.2976559400558472
281776,834.0478862489599,500,False,0.10764199627228277,True,0.011201659735954043,1.167480707168579
281936,739.6450747364108,500,False,0.09634846320300476,True,0.011196862326980422,1.278835654258728
283104,803.1067008388485,500,False,0.12812522028106035,True,0.011203449977397343,1.4033632278442383
283312,827.7158214681464,500,False,0.033582719917000105,False,0.01115788711052134,1.4987297058105469
283808,709.594015300194,500,False,0.1209057637305487,False,0.011126773915363219,1.2937278747558594
283808,814.9522934587841,500,False,0.08677469390979897,False,0.011126773915363219,1.2937278747558594
284992,842.2206099309968,500,False,0.0671788555937371,True,0.011278557285631392,1.2593586444854736
285104,753.3473242192636,500,False,0.08719494146439305,True,0.011074474268693235,1.5726425647735596
285296,794.7330983797533,500,False,0.067881891282308,True,0.01104318270451556,1.5854910612106323
285696,737.9395674183736,500,False,0.16915758263651468,True,0.01108992528658633,1.4090603590011597
286560,767.7151973492641,500,False,0.06843489165750508,True,0.01117449339560695,1.4243285655975342
286624,785.628781754929,500,False,0.1312913507817139,True,0.01114361546888528,1.0010647773742676
287552,854.2616314242696,500,False,0.06446352728163376,True,0.011138295899575388,1.6459319591522217
288368,737.549008648475,500,False,0.13801370777865088,True,0.011048190126326322,1.313388466835022
288400,791.2938624633397,500,False,0.03473181538928987,True,0.010927455918583165,1.6221632957458496
289408,799.0742873315509,500,False,0.03201658468148452,False,0.010929861351453098,1.3192059993743896
289776,747.6180171344855,500,False,0.07562349864220298,False,0.010962848280042091,1.437382459640503
289936,816.9930114066278,500,False,0.09117217550467212,True,0.010953461104603669,1.1449435949325562
291104,779.6406565886066,500,False,0.11148434977277948,True,0.01095325954311052,1.304724931716919
291312,672.7738228651469,500,False,0.23767939994185514,True,0.011066276734407564,1.2725274562835693
291808,725.3275685738998,500,False,0.0826282162716127,False,0.01109077338432628,1.1084198951721191
291808,758.9571475279417,500,False,0.09715807421547847,False,0.01109077338432628,1.1084198951721191
292992,804.0333929007787,500,False,0.0795714134391995,True,0.010925927765712658,1.2272052764892578
293104,807.3954015955751,500,False,0.27786860182683754,True,0.010913190813435796,1.5968438386917114
293296,811.9058970601634,500,False,0.0834784181156165,True,0.010915801490797161,1.2214586734771729
293696,776.9077754229324,500,False,0.17456716271780015,True,0.010919540706729155,1.3752293586730957
294560,810.5509814745271,500,False,0.04035525037541527,False,0.010904285576591208,1.2262849807739258
294624,736.9071272184299,500,False,0.2834652576504553,True,0.011018905803029876,1.316938877105713
295552,763.2072020164101,500,False,0.16796642070384302,True,0.011037408952340004,1.1342918872833252
296368,794.8176429773283,500,False,0.13591184573180626,True,0.01118640742490058,1.295324444770813
296400,791.5089936938597,500,False,0.10817426014915182,True,0.01104939829477795,1.6243278980255127
297408,683.1318068277176,500,False,0.18875084259664884,True,0.011057862134875402,1.513990044593811
297776,780.5097339130743,500,False,0.04943268262845897,False,0.011057787973684246,1.3855777978897095
297936,588.8542028046554,500,False,0.3308474523266157,True,0.011012743284644345,1.2342982292175293
299104,786.2181532293943,500,False,0.07890996086837253,True,0.01096949419812544,1.1011818647384644
299312,716.7902326491343,500,False,0.16264027981849963,True,0.011007402741926908,1.4340332746505737
299808,679.4607950556008,500,False,0.1290060486292323,False,0.011046829537997346,1.2533907890319824
299808,788.7871463911905,500,False,0.13089879734158963,True,0.011046829537997346,1.2533907890319824
300992,829.1129616548849,500,False,0.044273450454042754,False,0.010908070657025192,1.1576781272888184
301104,763.912840285282,500,False,0.14115669505588724,False,0.010744930758561913,1.4344632625579834
301296,764.4365946308183,500,False,0.1313496123127051,True,0.010753287726500521,1.0205662250518799
301696,854.8238198137328,500,False,0.063217285011878,True,0.010773892820112266,1.1217423677444458
302560,766.2360572573044,500,False,0.08268368628094461,True,0.010749295894435112,1.1612908840179443
302624,741.7439740296609,500,False,0.26994230484473386,True,0.01077710481801766,1.535546064376831
303552,765.7753562539399,500,False,0.07798288074855006,True,0.01076137582876432,1.16886568069458
304368,778.1045603678825,500,False,0.03914778732034619,True,0.010658709278356214,1.2135672569274902
304400,702.6975482095917,500,False,0.13387500776985484,True,0.010625065403636043,1.5037031173706055
305408,875.058715521926,500,False,0.05818459176272828,False,0.010628684582518751,1.0939526557922363
305776,742.6111832236628,500,False,0.14104443041831372,True,0.010729744647948606,1.2990045547485352
305936,721.8003018685558,500,False,0.16386358721484118,True,0.010696409298152083,1.2991726398468018
307104,670.5058823529207,500,False,0.14399550444035195,True,0.010653150098621583,1.2168693542480469
307312,771.64889985089,500,False,0.04398603317854648,True,0.010635059187897788,1.2681810855865479
307808,679.6439664906975,500,False,0.16195975682684619,True,0.010558111700442978,0.943913459777832
307808,782.3682426407811,500,False,0.24820592257258625,True,0.010558111700442978,0.943913459777832
308992,700.5041847241721,500,False,0.20915309051874098,True,0.010504127203972763,1.3592727184295654
309104,734.2321850634283,500,False,0.12400815707774333,True,0.010425371101203607,1.3685603141784668
309296,772.962206926774,500,False,0.12537248657327635,True,0.010417217687902932,1.0461262464523315
309696,692.6884285365595,500,False,0.15992822254126837,True,0.010447226515419116,1.4082889556884766
310560,758.5062338267801,500,False,0.044900019193046994,True,0.010468791122982268,1.090512990951538
310624,799.1843452057569,500,False,0.0945353680361683,False,0.010470928786166357,1.3219523429870605
311552,778.8425617187802,500,False,0.13722915807172054,True,0.010476268570204159,1.131929874420166
312368,760.992933415496,500,False,0.06386951783689174,True,0.01043931358918829,1.5882587432861328
312400,726.3699933691715,500,False,0.11511721718501139,False,0.010522105874050714,1.310860276222229
313408,775.770934761778,500,False,0.1181284081456624,True,0.01050541676529457,1.4136561155319214
313776,742.2570983985238,500,False,0.12846230504857156,True,0.010609079838960894,1.4533060789108276
313936,701.8813553815572,500,False,0.14648431756658553,True,0.010605225021327951,1.4542704820632935
315104,782.9781116567417,500,False,0.09849156736966934,True,0.010646490864454574,1.2992641925811768
315312,731.8213093973058,500,False,0.18318993654867036,True,0.010662854081995741,1.0833815336227417
315808,752.3863584774612,500,False,0.15727845891802691,True,0.010698742814587223,1.400496482849121
315808,723.3156357885169,500,False,0.1373143047142187,True,0.010698742814587223,1.400496482849121
316992,732.7075613723815,500,False,0.15165631459645665,True,0.010541307125091716,1.3342546224594116
317104,759.9381351180698,500,False,0.1111656271801832,True,0.010671155291496183,1.4195784330368042
317296,665.2081512961768,500,False,0.18201846833637622,True,0.010676029264306247,1.4551161527633667
317696,700.403282760827,500,False,0.23366524668861693,True,0.010641200165231672,1.0057129859924316
318560,818.64965737319,500,False,0.1280964589806294,True,0.010626447468106148,1.2184064388275146
318624,757.6033455807114,500,False,0.16097857961084416,True,0.010601577636806263,1.2780227661132812
319552,740.7580937602527,500,False,0.2749858079379167,True,0.010607867002833346,1.0812673568725586
320368,772.2183070628871,500,False,0.11095823164936602,False,0.010621950624621866,1.2747501134872437
320400,805.1732450443512,500,False,0.11595916708592324,False,0.010488971463794105,1.1160550117492676
321408,733.3268840938284,500,False,0.20610620786851977,True,0.010487509725290771,1.1658153533935547
321776,705.124952756158,500,False,0.06872913001698457,True,0.010535029084945195,1.6149592399597168
321936,768.8310136428233,500,False,0.059682448888522734,True,0.010413150494615137,1.3740062713623047
323104,730.4646053115564,500,False,0.1152695276407448,False,0.010436063904380965,1.1060819625854492
323312,789.5556125875272,500,False,0.10189392586183059,True,0.010431893546893629,1.3038835525512695
323808,774.4369088076658,500,False,0.1583740966384468,True,0.010414892901789012,1.0573670864105225
323808,705.0793266489253,500,False,0.21283270466018636,False,0.010414892901789012,1.0573670864105225
324992,689.8988529088226,500,False,0.11523844793989231,True,0.010495966611646685,1.5975804328918457
325104,843.5287202162525,500,False,0.039600358266963356,False,0.010476898330710069,1.3600332736968994
325296,795.6227947217732,500,False,0.09723288264668388,False,0.010528784846384432,1.251880407333374
325696,812.7536583633522,500,False,0.12670501243042853,True,0.010464027395825044,1.7143341302871704
326560,695.0377621743004,500,False,0.1661014694943811,True,0.010396250149700952,1.2354044914245605
326624,680.7763704418969,500,False,0.2871155475127701,True,0.010337135317129698,1.0903050899505615
327552,743.3793535989031,500,False,0.16038313520951716,True,0.010334938739136974,1.1387665271759033
328368,734.5028127039546,500,False,0.16057803862342435,False,0.010277753210729367,1.153069019317627
328400,665.7231120237302,500,False,0.24823662809621375,False,0.010162082335161748,1.3891183137893677
329408,715.4977953822504,500,False,0.23376327527837948,True,0.010157891520096465,1.1401872634887695
329776,712.6037193321141,500,False,0.1971043957986884,True,0.010058896964790336,1.2971677780151367
329936,766.2143759217495,500,False,0.37793285960281525,True,0.01004464446234327,1.3873138427734375
331104,692.435828367691,500,False,0.2047370254676146,True,0.010068940838958863,1.2940168380737305
331312,744.5198342345458,500,False,0.0994016520345273,True,0.010016943655783764,1.269215703010559
331808,751.8025322161337,500,False,0.10101218049914981,True,0.010008870137919582,1.3508868217468262
331808,783.5851647700442,500,False,0.04699095733397692,True,0.010008870137919582,1.3508868217468262
332992,732.7313610456524,500,False,0.08451766970755285,True,0.01008826709798749,1.248823881149292
333104,714.6735330097869,500,False,0.1863584941199689,True,0.010160283361370776,1.488938331604004
333296,786.7937034190631,500,False,0.11685725070352482,True,0.010160405610668955,1.2430140972137451
333696,687.0479320897499,500,False,0.18334277687676984,True,0.010085352477255326,1.4203932285308838
334560,701.7498541684328,500,False,0.12395610559256838,True,0.009996997085171249,1.1843006610870361
334624,870.2827317807826,500,False,0.08003075893920193,True,0.010040586770081513,1.598415493965149
335552,728.8004470554189,500,False,0.07411998364041869,True,0.010027000233948358,1.3562335968017578
336368,701.8514284289179,500,False,0.13879190048596118,True,0.009823733065413245,1.1747076511383057
336400,754.5545814181794,500,False,0.11207685184235903,True,0.009785269437842631,3.971146821975708
337408,725.1804206444303,500,False,0.15206923953057858,False,0.009798659758471728,1.622986078262329
337776,835.251343312874,500,False,0.06061929528716364,True,0.00975714155757584,1.8936915397644043
337936,773.0661316585519,500,False,0.11110728657845745,True,0.009680433452760328,1.2722396850585938
339104,780.6976207331811,500,False,0.12187026046604271,True,0.00961317848431227,1.1862908601760864
339312,769.659515937548,500,False,0.06156908831561562,True,0.009581358481658189,1.2286381721496582
339808,859.76950967955,500,False,0.07484633933379561,False,0.009637682903770031,1.3858309984207153
339808,799.1343970631809,500,False,0.24960897052891,True,0.009637682903770031,1.3858309984207153
340992,889.1068057303919,500,False,0.04937622151128883,False,0.00968947261482955,1.4946885108947754
341104,729.4444446427843,500,False,0.09429977060663064,True,0.009754297838982939,2.1501362323760986
341296,719.3049021508273,500,False,0.19366389453848223,True,0.009750288735271215,1.276724934577942
341696,847.9580962335194,500,False,0.027545949654164723,False,0.009747222763749301,1.0059502124786377
342560,803.3534715056026,500,False,0.07458099181739908,True,0.009704670770348093,1.2987785339355469
342624,709.3287169435355,500,False,0.10341111981176414,True,0.00961072588714764,1.2774879932403564
343552,798.0412746627964,500,False,0.02014634412644148,True,0.009616436020043865,1.2449935674667358
344368,740.2324013552297,500,False,0.16688237891058255,True,0.009711124367288073,1.1178640127182007
344400,739.957418058618,500,False,0.11039616951660447,True,0.009786218394363208,1.7560522556304932
345408,813.9243508842583,500,False,0.11306353251910166,False,0.009799426268328816,1.374908447265625
345776,763.9222518466245,500,False,0.09927627223404369,False,0.009769085571908954,1.2795594930648804
345936,838.1502002381487,500,False,0.07221114823192594,False,0.009754811892877779,1.5786609649658203
347104,773.3268441560673,500,False,0.1261686932648955,False,0.009760495261783826,1.5255119800567627
347312,813.7635290617607,500,False,0.1611291530737797,False,0.009760972489771307,1.526651382446289
347808,729.7844672524212,500,False,0.1497475051658541,True,0.009771240389240092,1.2967356443405151
347808,839.9890106279754,500,False,0.05547425637599405,True,0.009771240389240092,1.2967356443405151
348992,742.0848868198091,500,False,0.15679953646604022,True,0.00966130394485121,1.2341500520706177
349104,786.5293676499912,500,False,0.08099526129861719,True,0.009711016822456975,1.1751022338867188
349296,751.0937068873128,500,False,0.10092315490275848,True,0.009718646018332422,1.7030023336410522
349696,702.9940853120272,500,False,0.1682786834366343,True,0.009701652832333527,1.3361568450927734
350560,711.5184711679044,500,False,0.16261657521799514,True,0.009654135183804157,1.10981023311615
350624,730.6286341193211,500,False,0.13787028242266272,False,0.009680588712310475,1.2608108520507812
351552,720.4538933050128,500,False,0.17971459509509385,True,0.009701711759891032,1.3791306018829346
352368,806.3031674724225,500,False,0.0342914618321391,False,0.009709549002492237,1.130196452140808
352400,695.11593691014,500,False,0.20512644703772157,True,0.009604190053682364,1.3632516860961914
353408,742.0205005445348,500,False,0.14160341581031757,True,0.009605605432871768,1.4133020639419556
353776,871.6909580601618,500,False,0.05743782972364423,True,0.009400039462105055,1.394029974937439
353936,802.8030318286841,500,False,0.12808359134336508,True,0.009368449499346372,1.4412965774536133
355104,813.3799305800909,500,False,0.12374768122906653,True,0.00935852535195225,1.292133092880249
355312,816.5009898323209,500,False,0.10557915849011257,True,0.009332871356301132,1.229146957397461
355808,773.8181008164162,500,False,0.1540827087156635,True,0.009345339725794351,1.3192840814590454
355808,782.4496418843175,500,False,0.10344589863134189,False,0.009345339725794351,1.3192840814590454
356992,708.8885924404419,500,False,0.2819476476276001,True,0.009295222261674828,1.1059913635253906
357104,786.9029242899996,500,False,0.15699940910608978,True,0.009326600821285542,1.0464524030685425
357296,707.8686732459678,500,False,0.16008900287382413,True,0.009368810731088471,1.1705408096313477
357696,819.82213567947,500,False,0.11917134480201017,True,0.009390461362068002,1.1802361011505127
358560,752.2978586255875,500,False,0.1354386085844756,False,0.009416772196208876,1.4188439846038818
358624,805.2286494290729,500,False,0.10615653917897806,True,0.009392029883017294,1.2729482650756836
359552,742.6987601381671,500,False,0.09241908535140696,True,0.009385622826382166,1.3075201511383057
360368,727.5825192496171,500,False,0.12939187996125173,True,0.009578503776396819,1.02193284034729
360400,759.6905265605716,500,False,0.06716583711291328,True,0.009582945347351246,1.4698617458343506
361408,788.488733523556,500,False,0.08913810851581544,True,0.009585352490709964,1.4633378982543945
361776,662.2790307057224,500,False,0.19697280955384497,True,0.009594181467323257,1.2912030220031738
361936,696.3055049351133,500,False,0.2540602377643252,True,0.009603766889181381,1.0268620252609253
363104,719.7152533327061,500,False,0.251311271749677,True,0.009555895804680114,1.3844736814498901
363312,771.4292008399282,500,False,0.13181529952246565,True,0.009285884391865227,1.2303175926208496
363808,736.2317145530426,500,False,0.07554790767187666,True,0.009233036615016416,1.3591654300689697
363808,808.162576242345,500,False,0.05193973976973521,True,0.009233036615016416,1.3591654300689697
364992,722.1806719939792,500,False,0.16461106822395796,False,0.009245861991989004,1.1810264587402344
365104,689.1228412382668,500,False,0.16387292635331385,True,0.00930249684954688,1.1686863899230957
365296,807.330314567149,500,False,0.06968533228914814,True,0.009295530335571942,2.3358588218688965
365696,766.7998022145126,500,False,0.2395468000323056,True,0.00927763812086546,1.1503726243972778
366560,782.6060398328852,500,False,0.19371170515696448,True,0.00923184716635398,1.3034694194793701
366624,852.6274368135074,500,False,0.056487840975368554,True,0.009377596411213976,1.1930878162384033
367552,732.8130421646405,500,False,0.14068849990530594,True,0.009387670745253303,1.1516972780227661
368368,780.8644232342808,500,False,0.15199900767192398,True,0.00953158859608128,1.3720128536224365
368400,794.4773162998346,500,False,0.13089033789471846,True,0.00938747342818331,1.302866816520691
369408,726.7245098713302,500,False,0.21612251561640972,True,0.009384361025870768,1.2785334587097168
369776,702.5709071760187,500,False,0.17474205390675515,False,0.009272777034363126,1.143707513809204
369936,817.7234887151993,500,False,0.13877404849613598,True,0.009283172787229222,1.3753342628479004
371104,681.7581229485465,500,False,0.18104183215988834,True,0.009288873444495532,1.5522165298461914
371312,775.6202839900366,500,False,0.07981638572944687,False,0.009294425215077978,1.0402175188064575
371808,765.1548384808638,500,False,0.3197566096656573,True,0.009250033682348531,1.7301632165908813
371808,726.2493222851531,500,False,0.10257475989733343,True,0.009250033682348531,1.7301632165908813
372992,806.8843291314015,500,False,0.10788411440203798,False,0.009160611449088642,1.290030598640442
373104,774.2833455221211,500,False,0.12676093895399035,True,0.009282496899007972,1.1260862350463867
373296,839.8964936418075,500,False,0.11089881157437811,False,0.009338588748377077,1.2029989957809448
373696,596.2077174108409,500,False,0.24913168353566767,True,0.00942909054434654,1.112217903137207
374560,738.6653047028361,500,False,0.07931803300002879,True,0.009446064023119413,1.201526403427124
374624,754.1964573192015,500,False,0.10271192538043561,True,0.009379574235993463,1.2997331619262695
375552,707.5855119576369,500,False,0.1516332140723005,True,0.00936038580976685,1.0698044300079346
376368,737.3070556448096,500,False,0.09971764856283893,False,0.009330335946948204,1.420551061630249
376400,722.9313447107165,500,False,0.18255003854896726,True,0.009374140218236637,1.168855905532837
377408,776.816580145374,500,False,0.20401956233683627,True,0.009374258081007765,2.0707449913024902
377776,696.7055269645135,500,False,0.12530244309573746,True,0.00948826082347598,1.2467031478881836
377936,763.9948606658064,500,False,0.10608727429836609,True,0.00949181916063623,1.4692065715789795
379104,782.006099148496,500,False,0.07671179533136865,False,0.00950441385045529,1.2174148559570312
379312,783.5106926169175,500,False,0.05547804065691997,True,0.009351395624806058,1.1518688201904297
379808,751.9127136808265,500,False,0.18201352868711432,True,0.00930216747496248,1.431130290031433
379808,764.7188511090036,500,False,0.10548217101705623,True,0.00930216747496248,1.431130290031433
380992,817.1984773078668,500,False,0.05352559163557353,True,0.009262094554012366,1.2670862674713135
381104,796.1874318248923,500,False,0.07922599970373598,True,0.009263655496179135,1.211822509765625
381296,755.5484105906326,500,False,0.1436746544371975,False,0.009282771120523085,1.1549224853515625
381696,676.2699735555576,500,False,0.12952462631542677,True,0.009339581525240179,1.0411381721496582
382560,804.8003456043097,500,False,0.12565594383424378,True,0.009427808464900635,1.1187572479248047
382624,842.1759178542069,500,False,0.11769999550679462,True,0.009429477231584492,1.3341095447540283
383552,857.5014658777137,500,False,0.11867362795333643,True,0.009434793219470284,1.2206676006317139
384368,738.2825410538892,500,False,0.14831856337388147,True,0.009247005493286754,1.4802813529968262
384400,702.7223422156857,500,False,0.11220203358850876,True,0.009366133436555565,1.3959866762161255
385408,732.7677309523236,500,False,0.0923998523947048,True,0.009370332220194462,1.1865434646606445
385776,778.3830436729871,500,False,0.17831470025067805,True,0.009438559470504666,1.1713730096817017
385936,763.8034511946911,500,False,0.11715101359252637,True,0.009351828396905968,1.5183446407318115
387104,794.3442606265344,500,False,0.03776814565400662,False,0.009384358542854814,1.1247235536575317
387312,785.7418875585463,500,False,0.12376089638433094,True,0.009460827392580995,1.3906939029693604
387808,681.0590514847687,500,False,0.14564944034136132,True,0.009490241129494901,1.5235695838928223
387808,851.0165590976047,500,False,0.1152896723255061,True,0.009490241129494901,1.5235695838928223
388992,773.9885315258867,500,False,0.1600006610711429,True,0.009351185784622223,1.1392650604248047
389104,742.2227658434342,500,False,0.12790549469596457,True,0.009318044407353133,1.1056909561157227
389296,847.4364118369109,500,False,0.04818695386740614,True,0.009335035997649227,1.5025713443756104
389696,752.5545308402275,500,False,0.08055460351351687,False,0.009370966057260533,1.1847022771835327
390560,790.6955999036576,500,False,0.059588607570751725,True,0.009278910883953934,1.154064416885376
390624,695.0846105137952,500,False,0.19554628995958828,True,0.009280705934583742,1.4957550764083862
391552,733.5356151890641,500,False,0.28979258281068965,True,0.009264775957726377,1.391512155532837
392368,682.1454591728499,500,False,0.26549572218570866,True,0.009260524789143479,1.2308955192565918
392400,696.9384803493004,500,False,0.11967011652324344,False,0.009169451031979208,1.1398205757141113
393408,777.0572225472356,500,False,0.14241713311025414,True,0.009155685470437085,1.8836491107940674
393776,703.4752160142158,500,False,0.17492200901424634,False,0.009181070838043122,1.019874095916748
393936,703.1914229622299,500,False,0.16317619439061137,False,0.009148144860878851,1.3435989618301392
395104,801.96048719878,500,False,0.07290236023045127,True,0.009131312898022898,1.2264883518218994
395312,770.6208797249583,500,False,0.11658455021433628,True,0.008987383009845357,1.5453612804412842
395808,831.0252389325906,500,False,0.05100648319620302,True,0.008977646643207339,1.196027398109436
395808,748.5983069094785,500,False,0.13844740964472133,True,0.008977646643207339,1.196027398109436
396992,815.4595156259825,500,False,0.12536385442386527,True,0.008971917884908885,1.3660147190093994
397104,755.8285938542743,500,False,0.16084911084576695,True,0.008982843378223361,1.2454302310943604
397296,810.5614555128984,500,False,0.061527684609891525,True,0.009032655740741935,1.0036085844039917
397696,718.7912240581604,500,False,0.09724949929973828,True,0.009024469941215274,1.3069274425506592
398560,669.5661096287386,500,False,0.20036033938784842,False,0.0090534500176488,1.4081690311431885
398624,729.4050584193933,500,False,0.17028767798346023,True,0.009061960620996607,1.1608805656433105
399552,661.3309969627114,500,False,0.2901092576757574,True,0.009058633653742978,1.212984561920166
400368,799.1314188484836,500,False,0.08687751706649319,False,0.00899557978923278,1.4241276979446411
400400,795.5906285664519,500,False,0.142429464695526,True,0.008978320518772369,1.2326714992523193
401408,841.9686010007433,500,False,0.11380114178673971,True,0.008997173022431589,1.2853202819824219
401776,725.7159160602041,500,False,0.11783688288343593,True,0.009009736889825645,1.3326269388198853
401936,744.1395967423412,500,False,0.09301899972230776,True,0.009007064330806967,1.6961445808410645
403104,767.433468534232,500,False,0.0941106461740248,True,0.008974141442074306,1.5229830741882324
403312,784.2002922832688,500,False,0.1385142573899169,True,0.008867832683708565,1.4997072219848633
403808,697.2690756265025,500,False,0.18909538183119345,True,0.008834917130917053,1.3369548320770264
403808,812.9870480552047,500,False,0.057300000301700446,True,0.008834917130917053,1.3369548320770264
404992,791.5848230095929,500,False,0.03276375246015992,True,0.008883054282147581,1.2585315704345703
405104,826.3868475349534,500,False,0.08261435624488007,False,0.008829881908631656,1.1475369930267334
405296,742.3922648024587,500,False,0.10406412322782087,True,0.00885165013621294,1.22645902633667
405696,690.1427331668547,500,False,0.16784856641425425,True,0.00887943073150718,1.0738983154296875
406560,805.0580801940772,500,False,0.10376153819540085,False,0.008883742791416809,1.107445240020752
406624,782.5556559110872,500,False,0.06644539244150023,True,0.008930872467980846,1.2153611183166504
407552,790.5281522434382,500,False,0.04997194419430815,True,0.008947471214110825,1.2721116542816162
408368,894.8851033408212,500,False,0.037295699116118006,True,0.00902701368241326,1.2041704654693604
408400,715.6442635894707,500,False,0.13248732398441124,False,0.008914250016296229,1.296982765197754
409408,672.1771240336278,500,False,0.16993935818710598,True,0.008907848066408717,1.2065975666046143
409776,799.8144093900945,500,False,0.10356525319411387,True,0.008999560438777254,1.3244236707687378
409936,710.1038468714243,500,False,0.09472274675159348,True,0.008989775236744964,1.3246073722839355
411104,829.1061856840344,500,False,0.11539080357552924,True,0.0089608915986183,1.2406588792800903
411312,806.3776553574476,500,False,0.0979822789270939,False,0.009005773666139824,1.366589069366455
411808,767.603902776103,500,False,0.11522128166232033,True,0.008958608319755638,1.236196517944336
411808,714.182997401832,500,False,0.12327868039224449,True,0.008958608319755638,1.236196517944336
412992,774.8519369085423,500,False,0.15720763416672923,True,0.008929161773859332,1.0843174457550049
413104,759.3182632664118,500,False,0.035085465815244056,True,0.008890599048824893,1.4236100912094116
413296,743.6068942878286,500,False,0.09485767362397264,True,0.008887155192459648,1.1103540658950806
413696,758.360444745195,500,False,0.1417060565243495,True,0.00887750744992156,2.7240068912506104
414560,684.8255584773307,500,False,0.3064363558064423,True,0.00885601171958462,1.2943649291992188
414624,805.8792990910752,500,False,0.08677587690935529,True,0.008945067909052628,1.4331343173980713
415552,762.0718344265575,500,False,0.09705465528372792,True,0.008948863318491887,1.1972062587738037
416368,691.1746309907209,500,False,0.2172875564311225,True,0.008934067498527572,1.3278844356536865
416400,712.212259074183,500,False,0.11278678879650483,True,0.008892091635860102,1.3572630882263184
417408,783.284914416715,500,False,0.11436297145575013,True,0.008894447182049289,1.4134860038757324
417776,755.4077625206968,500,False,0.09128360882867355,False,0.008895628414117366,1.38169264793396
417936,829.0183695085968,500,False,0.09943473419120225,True,0.008973879876680762,1.3078172206878662
419104,802.9095098023838,500,False,0.08025464991385588,False,0.008993521835682158,1.2754828929901123
419312,796.4132350802374,500,False,0.13607320017353675,True,0.008938908806362937,1.35722017288208
419808,719.8506123808164,500,False,0.09386702709792451,True,0.008929325719291807,1.3726482391357422
419808,809.3581020683982,500,False,0.04911494580705133,True,0.008929325719291807,1.3726482391357422
420992,801.977168926201,500,False,0.07051534037684379,False,0.009005019501672217,1.2056407928466797
421104,789.4402443782596,500,False,0.164031123728697,True,0.0090268000773579,1.0983436107635498
421296,784.053420922938,500,False,0.10503580967293788,True,0.008999761910211235,1.0760732889175415
421696,757.0496443816945,500,False,0.10751425678529197,False,0.008959032177012296,1.4118714332580566
422560,671.9948110059055,500,False,0.20600975449566247,False,0.008977462317533621,1.3865413665771484
422624,767.2904756756179,500,False,0.13983610971004634,True,0.009083975483584843,1.2377498149871826
423552,706.506139276556,500,False,0.14442171470106527,False,0.009097077094399882,1.5173957347869873
424368,778.9621372473233,500,False,0.12083346092431199,True,0.009204647581241803,1.2239960432052612
424400,690.0357954809657,500,False,0.2519287322905839,True,0.009138082125468627,1.260493516921997
425408,698.7412064996272,500,False,0.2389872279458029,True,0.009122751730187277,1.5073485374450684
425776,709.0232023558669,500,False,0.1766183189894073,True,0.008954444505252665,1.1392908096313477
425936,748.090903434911,500,False,0.13790839766073365,False,0.009000536855729959,1.1895980834960938
427104,792.8034630105168,500,False,0.11061304763684662,True,0.008978386700509624,1.1126395463943481
427312,762.623386784678,500,False,0.15368009646230968,True,0.00894126411933498,1.4795573949813843
427808,734.2868303694991,500,False,0.12332830943465913,False,0.00889476691483706,1.3522158861160278
427808,786.2059710491228,500,False,0.11305698508736481,True,0.00889476691483706,1.3522158861160278
428992,660.0325817792541,500,False,0.16777967439950206,True,0.008842847810463652,1.1845085620880127
429104,779.2183443178845,500,False,0.09727939312662638,True,0.008867150798738153,1.3001071214675903
429296,785.0401305883273,500,False,0.1501998207211324,True,0.008885155332243036,1.546276330947876
429696,735.017835902896,500,False,0.12004363202100672,True,0.008855569851233284,1.214095115661621
430560,780.5736320352676,500,False,0.0732419469963661,True,0.008842128955816361,1.285524845123291
430624,758.270662208417,500,False,0.09289983216708261,True,0.009002764158423713,1.2207095623016357
431552,694.4646831433143,500,False,0.09384364810807191,True,0.008970169649622429,1.149333119392395
432368,758.7908732275395,500,False,0.23315792452070974,True,0.008973274936739448,1.4335253238677979
432400,727.5358777970965,500,False,0.14610552890519288,True,0.00901315999789453,1.2810814380645752
433408,731.0941641129342,500,False,0.18564566794337728,True,0.009017305769878671,1.2204374074935913
433776,708.0817594080002,500,False,0.11742292100998314,True,0.008831708814731791,1.135624885559082
433936,797.5672161909465,500,False,0.05498113709087535,True,0.008786121290551145,1.321711540222168
435104,693.2042812874921,500,False,0.1258485767888593,True,0.008770630885605916,1.609628438949585
435312,824.3101676303228,500,False,0.06298448788531959,False,0.008746503394433088,1.2723321914672852
435808,773.0776550597565,500,False,0.12092229261585201,False,0.008739437685452116,1.5541937351226807
435808,764.0475868923963,500,False,0.190620387590834,True,0.008739437685452116,1.5541937351226807
436992,801.8520654847387,500,False,0.06358987818390692,True,0.008692720143043146,1.3836548328399658
437104,708.3775614496187,500,False,0.23140933832751004,True,0.008701065358242862,1.2450976371765137
437296,707.838949419921,500,False,0.1826787382637731,False,0.008683439016293718,1.2035715579986572
437696,730.9545479036673,500,False,0.10604289883909111,True,0.008664740434930773,1.3999097347259521
438560,708.0501564855352,500,False,0.22009433735124823,True,0.008620434187380593,1.3922691345214844
438624,767.2802356622461,500,False,0.19597923940293976,True,0.008513495400208279,1.0566654205322266
439552,707.1375465704324,500,False,0.20080315161199314,True,0.008499991052379929,1.4646689891815186
440368,797.5453582906895,500,False,0.10663465391196822,True,0.008553564161391069,1.2425296306610107
440400,742.8015282189862,500,False,0.14826626229045298,False,0.008450989913280773,1.1329216957092285
441408,792.2112299962602,500,False,0.04007751327170211,True,0.008453471167778275,1.1690013408660889
441776,704.7798127748357,500,False,0.14778048993076956,True,0.008477985115973072,1.3548872470855713
441936,717.7278685008002,500,False,0.27952053965697854,True,0.008599709781011157,1.1215133666992188
443104,723.8527251152591,500,False,0.15217187144167293,False,0.008636485945124502,1.4029738903045654
443312,750.9912702424907,500,False,0.16889116763255282,True,0.008791401820135629,1.130305290222168
443808,740.3573495759485,500,False,0.09045513546289334,True,0.008852772394370415,1.168581485748291
443808,767.3207323955849,500,False,0.08615990515240694,True,0.008852772394370415,1.168581485748291
444992,724.9346922193447,500,False,0.13235036207107426,True,0.008805697207989634,1.1887542009353638
445104,717.5135270173276,500,False,0.16246352695943275,True,0.008620050110640598,1.3482438325881958
445296,678.0944897882031,500,False,0.24093656297187363,True,0.00862386455078083,1.2578544616699219
445696,700.8608318830768,500,False,0.18670330067604646,True,0.008558946026888848,1.3909692764282227
446560,779.3214727998143,500,False,0.09488847496041156,True,0.008606667450639538,1.4613356590270996
446624,755.4959932951182,500,False,0.17352028925071358,True,0.008756405884337735,1.2742488384246826
447552,778.4719484303919,500,False,0.1570733823966664,True,0.008757326582040495,1.2774031162261963
448368,699.0843662895368,500,False,0.1488338609150003,False,0.008784459513076928,1.335169792175293
448400,801.5738197710137,500,False,0.06700253788020157,True,0.008884593573417515,1.24820876121521
449408,740.5439924569829,500,False,0.2095057842125428,True,0.008875773308498917,1.2644481658935547
449776,767.9504229382391,500,False,0.14384855513448544,True,0.008840519874780357,1.2784618139266968
449936,767.9998365935355,500,False,0.15919256557112882,False,0.008856342878276179,1.4029401540756226
451104,741.149926675914,500,False,0.23576086753872896,True,0.008825982715082913,1.1763302087783813
451312,789.7594311144055,500,False,0.06780350008241072,True,0.008742593289955846,1.1634786128997803
451808,708.3893373210917,500,False,0.10878731367675593,True,0.00874243293200714,1.6063282489776611
451808,833.331294144105,500,False,0.08950933608091878,False,0.00874243293200714,1.6063282489776611
452992,716.3874834373845,500,False,0.1503106738715801,True,0.008612142289521497,1.319411277770996
453104,690.0299464829794,500,False,0.2515724367341066,True,0.008700558409083186,1.2679479122161865
453296,608.245632380736,500,False,0.2685757236696328,True,0.008722672014446736,1.2789878845214844
453696,660.4354148022795,500,False,0.3683210805104146,True,0.008796034741956501,1.3367829322814941
454560,705.4902540454182,500,False,0.176845364019191,True,0.00877346081026474,1.1876589059829712
454624,696.3254516409925,500,False,0.11091218204579217,True,0.008830641250114816,1.2887256145477295
455552,698.5765565133161,500,False,0.1212220080812437,False,0.008850339351003407,1.1455167531967163
456368,717.1965600482025,500,False,0.23701337907617714,True,0.008849901262028875,1.2804409265518188
456400,716.5927146184456,500,False,0.14332107769413835,True,0.008744459591321863,1.2005114555358887
457408,756.7485311826098,500,False,0.14688189106106164,True,0.008738464347176317,1.3720704317092896
457776,724.0966421420918,500,False,0.19094943313619392,True,0.00870946686674691,1.166487455368042
457936,700.4820829893625,500,False,0.18901133175165338,True,0.008669668213734036,1.3351666927337646
459104,754.0021781150214,500,False,0.1876571935706876,True,0.008714653773042327,1.3861706256866455
459312,740.3989581359516,500,False,0.14857643802833218,False,0.008749635367429542,1.122854232788086
459808,788.2175707189047,500,False,0.12656788886829856,False,0.008730818260161284,1.175074815750122
459808,794.4853688969774,500,False,0.027290780405137424,False,0.008730818260161284,1.175074815750122
460992,771.696861437443,500,False,0.06237707530779955,False,0.008700427228710393,1.2211658954620361
461104,764.9099695350375,500,False,0.17407787702181704,True,0.008711958537062447,1.442044973373413
461296,727.2075758573195,500,False,0.2794078166085114,True,0.008718189115849996,1.205641508102417
461696,754.9521830965177,500,False,0.13591279556215938,True,0.008680432149014036,2.6568245887756348
462560,722.7949162767184,500,False,0.22610039004070406,True,0.008699514078774612,1.2676889896392822
462624,778.1689564883196,500,False,0.12434017685357089,True,0.008684454374161833,1.248490810394287
463552,775.6958875672875,500,False,0.05399430883963479,True,0.008713845508645058,1.4193115234375
464368,723.4827872691111,500,False,0.10358150035326535,False,0.008683781485204602,1.1762676239013672
464400,787.0507245651172,500,False,0.14751460693235507,False,0.008679217880615315,1.163475513458252
465408,811.1371500445431,500,False,0.11202889065526332,False,0.008676934788287443,1.1266846656799316
465776,806.8420091300877,500,False,0.09105680526324757,True,0.008605513683998657,1.4565668106079102
465936,785.9445179131664,500,False,0.11879026810758467,True,0.008562922272964527,1.3375825881958008
467104,701.338706411642,500,False,0.15319834641763275,True,0.008567824798379062,1.5335270166397095
467312,741.4558550827526,500,False,0.1256960353560214,True,0.008581878573072162,1.0144917964935303
467808,781.2594849960757,500,False,0.10025706950224159,True,0.008643390701660926,1.0133018493652344
467808,773.8607569968013,500,False,0.26303458054933115,True,0.008643390701660926,1.0133018493652344
468992,754.4131281905835,500,False,0.042167802088410755,False,0.00867224436304449,1.255165696144104
469104,771.0076443968567,500,False,0.09026549144021448,True,0.008612363860378693,1.3288064002990723
469296,749.2769902637363,500,False,0.12848428837889853,True,0.008616737200249365,1.133805751800537
469696,779.9442378529483,500,False,0.08637699528171923,True,0.008670714024675098,1.4958271980285645
470560,752.0363795155034,500,False,0.16059777628600305,True,0.008643330240782439,1.42030930519104
470624,839.4912266750348,500,False,0.021404670056923623,False,0.008706224357714325,1.2588021755218506
471552,681.9036913581518,500,False,0.17409578595955064,True,0.008669560581644737,1.214827060699463
472368,734.4105593566889,500,False,0.25938744353742393,True,0.0085492034813807,1.1684603691101074
472400,731.6557749396779,500,False,0.18291424693330258,False,0.008522494618504036,1.131129264831543
473408,734.3729478367412,500,False,0.1232729115144186,False,0.008517840671140585,1.3727504014968872
473776,801.7280859253484,500,False,0.12976068062123086,False,0.008545386320731783,1.367993712425232
473936,788.197553598977,500,False,0.10140400241132652,False,0.008520436218030617,1.0525791645050049
475104,786.5356980999278,500,False,0.09484643626775358,False,0.008609491858365462,1.4177234172821045
475312,760.4710234812113,500,False,0.15961961084461568,True,0.008772627270046417,1.4159901142120361
475808,713.9087675732342,500,False,0.10935213204595359,True,0.008835594691808966,1.1648662090301514
475808,717.081121995583,500,False,0.09855074949410911,True,0.008835594691808966,1.1648662090301514
476992,719.4698265740731,500,False,0.13386639680793339,True,0.008769216532571454,1.0366685390472412
477104,799.7345388145136,500,False,0.09199176913190378,False,0.008751489112360528,1.2878211736679077
477296,720.8181246660423,500,False,0.16455909219870654,True,0.008767475234626744,1.0666024684906006
477696,721.2125794431172,500,False,0.22673727274513178,True,0.008727494814304697,1.298999309539795
478560,725.3355141827324,500,False,0.13580007665722327,True,0.008678086092954536,1.089904546737671
478624,754.1615401938997,500,False,0.13176141768424393,True,0.008761497486436343,1.121392011642456
479552,751.28987829244,500,False,0.0914724604932128,True,0.008762528897364057,1.2289538383483887
480368,821.2618403059549,500,False,0.07530377899065542,True,0.008677846623809387,1.1613521575927734
480400,638.5307557660659,500,False,0.2025444017838996,False,0.008529034316735244,1.352713704109192
481408,749.9795931328907,500,False,0.1006253345623121,True,0.0085242612030426,1.4849936962127686
481776,681.2869526802211,500,False,0.1834339450655387,True,0.00854930199586124,1.270735502243042
481936,752.0491125792993,500,False,0.13337129460263802,True,0.008548466648615015,1.4145419597625732
483104,750.3742288858933,500,False,0.08897306942540724,True,0.00854387289487792,1.1067595481872559
483312,783.0257312553177,500,False,0.20137906946887713,True,0.00846579238571954,1.1743547916412354
483808,778.6801662162852,500,False,0.17674474972460694,True,0.008486668418705452,1.1224815845489502
483808,835.199896743337,500,False,0.09550004729784664,True,0.008486668418705452,1.1224815845489502
484992,719.2798665329266,500,False,0.1635714094626382,False,0.008428263236245915,1.2230479717254639
485104,784.2300014760982,500,False,0.1436588149989331,False,0.008377756166797656,1.3735723495483398
485296,805.2258755452605,500,False,0.147531648668563,False,0.008341930861720989,1.2366349697113037
485696,706.844589944236,500,False,0.18458851940546542,True,0.00834421369701342,1.236903190612793
486560,735.7225952284915,500,False,0.149207974988705,False,0.008419633846062416,1.3642256259918213
486624,850.8068430928489,500,False,0.06547361048967569,True,0.008579627059957965,1.2853009700775146
487552,756.0968121744999,500,False,0.08410387482521454,False,0.008553571699820524,1.736026644706726
488368,798.8812037697338,500,False,0.0875298601520939,True,0.008606837803939171,1.2487049102783203
488400,756.4400818132062,500,False,0.13750620223049523,True,0.008622397707331276,1.0557626485824585
489408,727.376673701459,500,False,0.0493413046136388,False,0.008621876678076961,1.358970046043396
489776,715.6028205775306,500,False,0.20740235192083414,True,0.008547915312830461,1.1850707530975342
489936,753.0118487922481,500,False,0.14228877734776516,False,0.008563338830369652,1.2206199169158936
491104,728.2548737834101,500,False,0.16909700475683137,True,0.008573933316794362,1.0964202880859375
491312,786.8700273739341,500,False,0.1438381718963067,True,0.008630282029017238,2.2366554737091064
491808,760.9486869905531,500,False,0.14293808191074522,True,0.008701334170224565,1.1807507276535034
491808,729.342099718032,500,False,0.25004762494272825,True,0.008701334170224565,1.1807507276535034
492992,675.9308224947465,500,False,0.2262819050485629,True,0.008439706470933053,1.393031358718872
493104,759.5967277824227,500,False,0.12037664591830924,True,0.008428581938404647,1.1578692197799683
493296,758.4379545783225,500,False,0.1385055559857982,True,0.008392111716997646,1.2261916399002075
493696,780.7259286463604,500,False,0.05786976804246687,False,0.00837984506019017,1.260970115661621
494560,771.077228734846,500,False,0.11203710635053346,True,0.008397419213166174,1.1682689189910889
494624,745.6841865169832,500,False,0.25334718575795956,True,0.008393040683408739,1.312542200088501
495552,738.9484827806388,500,False,0.11420882199452767,True,0.008397934171206696,1.0647952556610107
496368,740.8693500618384,500,False,0.15043826914788413,True,0.008381482939637488,1.22221040725708
496400,778.6627733463823,500,False,0.14476641686922911,False,0.008359416764013809,1.4509108066558838
497408,706.1111315783945,500,False,0.08175631084476834,True,0.008356122606090302,1.4169278144836426
497776,755.9163817428588,500,False,0.059780471743823234,False,0.00829586743180848,1.2819764614105225
497936,756.3698502567399,500,False,0.06714751656799377,True,0.008293098280493561,1.1680934429168701
499104,647.2727729630982,500,False,0.3177484482594423,True,0.008302763374413399,24.288528442382812
499312,735.0717413306155,500,False,0.22557323247698938,True,0.008409284333794356,1.0232958793640137
499808,774.5153041267585,500,False,0.15917307665346414,True,0.008328879874442637,1.254025936126709
499808,842.9860321178163,500,False,0.1426274520651422,False,0.008328879874442637,1.254025936126709
500992,754.929738569052,500,False,0.18562733561756262,True,0.00811738782868931,1.1954315900802612
501104,733.8750794786192,500,False,0.18613896033981392,True,0.008165917034847793,1.1201690435409546
501296,774.2122067429486,500,False,0.13893600816809867,False,0.008184114155710574,1.2848131656646729
501696,789.5331744078898,500,False,0.2914278635629321,True,0.008176418068470814,1.4479072093963623
502560,733.5654242136395,500,False,0.15438054976469337,True,0.008160012536896376,1.2105929851531982
502624,719.1734182944314,500,False,0.15327690135692035,True,0.008094119678136223,1.1465721130371094
503552,715.9756789083498,500,False,0.15006044872463462,True,0.008100909284793595,0.9136857986450195
504368,760.1369067845478,500,False,0.189041334059339,True,0.008103605078112294,1.237361192703247
504400,786.441395954225,500,False,0.17128983868745995,True,0.008239493915783259,1.0858389139175415
505408,733.4596371373706,500,False,0.03836400782995358,True,0.008233253501275519,1.3123692274093628
505776,735.6407249425505,500,False,0.19786135298782054,False,0.00812056089721947,1.3150478601455688
505936,760.9410026780633,500,False,0.17006839389299921,True,0.008121943903985854,1.194561243057251
507104,782.3908541605607,500,False,0.07734079437810681,False,0.008098200852536274,1.454725980758667
507312,782.8426615655543,500,False,0.1456791190616465,False,0.008113566536082157,1.1842820644378662
507808,670.9721636371503,500,False,0.16307933994004545,True,0.008159458436039317,1.2748301029205322
507808,671.7836810298508,500,False,0.2645352146381494,True,0.008159458436039317,1.2748301029205322
508992,735.737003718946,500,False,0.07815961967418679,True,0.008148726794880877,1.3146638870239258
509104,628.1620800420563,500,False,0.42361228455980765,True,0.008092402364420489,1.416337251663208
509296,734.2793808027973,500,False,0.10099979911443512,True,0.008076354713494658,1.256408929824829
509696,641.098362918366,500,False,0.25671687391191134,True,0.008086782484532621,1.1447632312774658
510560,759.914574766535,500,False,0.2918244639493431,True,0.008082770045036556,1.2848339080810547
510624,743.8512101273446,500,False,0.16926476556415615,True,0.007975052175094942,1.1041886806488037
511552,686.0077035078849,500,False,0.20583503554668145,True,0.007980144164360306,1.1469082832336426
512368,786.2029418779665,500,False,0.08538643516504321,True,0.008048497322930495,1.4554253816604614
512400,667.0473362839997,500,False,0.10587429764632705,True,0.008067750655489462,1.4824702739715576
513408,687.0501811979904,500,False,0.29793217377448467,True,0.008068377259661417,1.4188988208770752
513776,801.0905869526881,500,False,0.12220673126714017,False,0.008089960639211784,1.300497055053711
513936,675.8614925833348,500,False,0.12495785455619778,True,0.008052215796369357,1.4380638599395752
515104,683.2528738020771,500,False,0.1921341934298969,True,0.008036082660707475,1.0661073923110962
515312,764.8448167748946,500,False,0.15017622915311002,True,0.0080565200442234,1.0740069150924683
515808,679.0447256973769,500,False,0.2190615137256115,False,0.007966490616699122,1.3833380937576294
515808,745.6706941720566,500,False,0.10717714830160763,True,0.007966490616699122,1.3833380937576294
516992,772.5671908138639,500,False,0.11124749577076463,True,0.007946917202233743,1.344497799873352
517104,773.3102695012557,500,False,0.12414386373706429,True,0.007981033156166193,1.3836363554000854
517296,780.2808778378959,500,False,0.2311832325187759,True,0.008057003164787743,1.5218911170959473
517696,662.3157492486947,500,False,0.1974149229771117,False,0.008046791859171301,1.336557149887085
518560,804.7340097142757,500,False,0.09442795499341902,True,0.007921019339568031,1.3840014934539795
518624,795.3765823971964,500,False,0.10211530489703917,True,0.007704084198916712,1.3775166273117065
519552,850.9544334343907,500,False,0.07368743712561669,False,0.007720688735018098,1.133007526397705
520368,789.493737792062,500,False,0.12368367879782748,False,0.007780693986612254,1.2047700881958008
520400,710.962767511719,500,False,0.19839286618384408,True,0.007776332860204345,1.1639540195465088
521408,649.4771349039427,500,False,0.25519721273183077,True,0.007787012182322342,21.37969970703125
521776,703.7517229277607,500,False,0.17764498286052235,True,0.007732738987530224,1.2599979639053345
521936,789.5156437916083,500,False,0.09973238095277709,True,0.007776396434483177,1.1775920391082764
523104,837.5777242691663,500,False,0.07118385134950905,False,0.007800889434711905,1.2452521324157715
523312,708.3058658585903,500,False,0.13232430077205456,True,0.007706900169672763,1.604830265045166
523808,764.5075200979373,500,False,0.13221608359871762,True,0.0077002403976742856,1.432996392250061
523808,801.2007528798296,500,False,0.06254126676465066,False,0.0077002403976742856,1.432996392250061
524992,696.1322512253986,500,False,0.16803461698494343,True,0.007699333770870517,1.2998875379562378
525104,769.8982869372379,500,False,0.15680116356330523,True,0.007747650805925143,1.155448317527771
525296,727.4362540415864,500,False,0.09201224924559365,True,0.007779398446004975,1.0248357057571411
525696,723.889556032725,500,False,0.07770413582112298,False,0.00778795836043143,1.2195934057235718
526560,742.0199050737883,500,False,0.07904205724799244,False,0.007833571737962747,1.1756411790847778
526624,686.404327574596,500,False,0.18594082771379333,True,0.007904902675555802,1.2093455791473389
527552,670.5281865759061,500,False,0.15205035260473165,True,0.007907578501814122,1.0236188173294067
528368,730.3128597661797,500,False,0.15313910420552027,True,0.007887738894668563,1.245652675628662
528400,817.6735624147975,500,False,0.11233795436529231,True,0.00783208801057311,1.138154149055481
529408,712.9674762373495,500,False,0.1530280742815521,False,0.007840271680233142,1.3369882106781006
529776,743.2982408289819,500,False,0.15365993700626068,True,0.007895369269260342,1.4012782573699951
529936,747.7481502873318,500,False,0.1867741864567688,False,0.007838913280534102,0.99747234582901
531104,754.6582345231071,500,False,0.14414697750871253,True,0.007801271697679971,1.2624711990356445
531312,814.4461083595866,500,False,0.07985401512571286,True,0.00781838026506824,1.1427278518676758
531808,689.740130071283,500,False,0.15993344394770787,True,0.007781633145004584,1.3401260375976562
531808,805.633329150981,500,False,0.08493768966351956,False,0.007781633145004584,1.3401260375976562
532992,730.4745342867201,500,False,0.14511420842723335,True,0.00788733105315314,1.0886579751968384
533104,746.303119837961,500,False,0.1675910012893405,True,0.007973617226586066,1.3102253675460815
533296,698.6412842022797,500,False,0.10824423654485527,True,0.007976905144653797,1.6773457527160645
533696,762.6468698585185,500,False,0.28487751444349585,True,0.007976023188642324,1.361203908920288
534560,829.2331124451181,500,False,0.06951389322482263,True,0.00796893609215667,1.331075668334961
534624,746.3273610750808,500,False,0.07479737648014148,True,0.008017096230291799,1.1371493339538574
535552,614.0993873156734,500,False,0.1605416200640494,True,0.008041098960722302,1.2412641048431396
536368,787.2976846629109,500,False,0.07013142891404858,True,0.008028646381942985,1.2758811712265015
536400,817.7701248482928,500,False,0.057913439830734145,False,0.008102292468555915,1.1921730041503906
537408,822.0515540487543,500,False,0.11022656980561335,True,0.008110323813776226,1.0965242385864258
537776,761.7970305608072,500,False,0.12822579279761046,True,0.008298133108073447,1.4538342952728271
537936,624.9760507490685,500,False,0.3404453621469613,True,0.008218317127854083,1.1040518283843994
539104,786.4949621740526,500,False,0.0808504358762086,True,0.008155569348368374,1.0902631282806396
539312,683.7636777966326,500,False,0.1978746945271344,True,0.00796210283928187,1.067551612854004
539808,771.6199601923947,500,False,0.14440847573172466,True,0.007954181650110517,1.1787528991699219
539808,721.5044720689003,500,False,0.13193276157312248,True,0.007954181650110517,1.1787528991699219
540992,648.1755492921978,500,False,0.5235762024357382,True,0.007917786285639975,1.2842020988464355
541104,696.7357728694546,500,False,0.20379812448717177,True,0.00804348724778197,1.3004522323608398
541296,857.0173085090513,500,False,0.029380017881314426,True,0.008035204227066124,1.4388957023620605
541696,742.484522180695,500,False,0.08402188704411648,False,0.008042793259631092,1.2926526069641113
542560,817.6419813725046,500,False,0.09188310957376589,True,0.008020583177371782,1.3240525722503662
542624,739.0271383987648,500,False,0.13865722622716886,True,0.008065715270418274,1.0919883251190186
543552,706.0861930930134,500,False,0.11504421162864548,True,0.00804308711195775,0.753603458404541
544368,732.0313717271697,500,False,0.11050824635761362,False,0.007942650481144948,1.458747386932373
544400,675.51972898232,500,False,0.22117259119669072,True,0.007729804064358767,1.2450933456420898
545408,651.4553597312032,500,False,0.2963612078330257,True,0.007725457154672857,1.291806936264038
545776,810.2303187422792,500,False,0.050960249116651764,True,0.00792747443350698,1.2668912410736084
545936,762.8325502081466,500,False,0.17169221838294274,True,0.007945495528703493,1.2476677894592285
547104,735.7998713580595,500,False,0.09479731064057077,True,0.007900913398870911,1.175797462463379
547312,691.3946669765578,500,False,0.17747139951591048,False,0.007917212883041988,1.422934889793396
547808,798.0675721345461,500,False,0.16886231148034767,True,0.007915251855958655,1.1247752904891968
547808,808.5998107889698,500,False,0.16946968720380887,True,0.007915251855958655,1.1247752904891968
548992,713.3816980238021,500,False,0.20531667149004745,True,0.007908930543156294,1.1875771284103394
549104,722.3781438227484,500,False,0.13977251670478832,True,0.00790874032698851,1.1385776996612549
549296,691.0772740370822,500,False,0.18492012943425387,True,0.007917759006043662,1.318678617477417
549696,737.2721964470268,500,False,0.21820859253897554,True,0.0079182120258379,1.229491114616394
550560,805.296745597745,500,False,0.09101876126435623,True,0.007923306391066665,1.1074954271316528
550624,694.5080866713538,500,False,0.20590877338279806,True,0.00785286509782033,1.0275181531906128
551552,745.2592071366087,500,False,0.1176675765752718,True,0.007853858404233846,2.0501036643981934
552368,718.8763411330225,500,False,0.08514473480518721,True,0.007919470269716077,1.5389750003814697
552400,826.9371574940267,500,False,0.10200413710561868,True,0.008039902692011373,1.2511523962020874
553408,775.8134740316177,500,False,0.1564230452129337,True,0.008041197726752977,1.0585246086120605
553776,749.2697802897499,500,False,0.10207394213714643,True,0.00778715738221354,1.2008013725280762
553936,730.2341422600852,500,False,0.11236997114005835,False,0.007705630203009004,1.168984293937683
555104,735.8874325826483,500,False,0.18934382492340346,True,0.007750040501114719,1.129798173904419
555312,780.4317236101873,500,False,0.08847562697640614,True,0.007781716241827263,1.199903964996338
555808,747.560726446607,500,False,0.09128261612541894,False,0.007797813810447476,1.2791022062301636
555808,746.9416032063871,500,False,0.10542432611461941,True,0.007797813810447476,1.2791022062301636
556992,753.196496755758,500,False,0.10221783722445285,True,0.007917062728780575,1.0114941596984863
557104,682.1136676215665,500,False,0.22427475334080155,True,0.007797757242805145,1.14491868019104
557296,811.5976243337905,500,False,0.11207550527297057,True,0.00778423014710786,1.399048089981079
557696,720.2219708595956,500,False,0.17883237471902783,True,0.007745315706866963,0.8859549760818481
558560,769.2525987583927,500,False,0.0671088486722256,True,0.00771212020688022,1.1160467863082886
558624,744.6097149323241,500,False,0.22502555014617248,True,0.007679474146168121,0.9624937772750854
559552,787.6042604893339,500,False,0.04650667037523473,True,0.00768347587839033,1.1083788871765137
560368,681.5664930954101,500,False,0.1928411990122229,False,0.00758135253814524,1.1159512996673584
560400,743.0900318269923,500,False,0.08361881673047462,True,0.007580143973290886,1.2130563259124756
561408,714.3562129513217,500,False,0.11595557497174076,True,0.007589574713431514,1.256937026977539
561776,677.382936390271,500,False,0.1443361704516283,True,0.007580904868369878,1.1092404127120972
561936,754.6783870760136,500,False,0.15380270957983264,True,0.007676483125965794,1.3440876007080078
563104,656.875294891336,500,False,0.21994963303180526,False,0.00769836610404002,0.9916494488716125
563312,795.6499387449674,500,False,0.12556699999639065,False,0.007640127875243821,1.273360252380371
563808,835.8005792080213,500,False,0.03876578689768876,True,0.007690833455154915,1.2751840353012085
563808,741.9648092228509,500,False,0.16198541368302877,True,0.007690833455154915,1.2751840353012085
564992,679.2477431203804,500,False,0.2189203205546242,True,0.007729049503673497,1.290954828262329
565104,758.0898433443455,500,False,0.063281256888334,False,0.00778315811228924,1.3032324314117432
565296,700.0975322327982,500,False,0.11948198926973774,False,0.007786923856040258,1.4188215732574463
565696,798.8836631705817,500,False,0.1100401436585796,False,0.007745695155021337,1.3043012619018555
566560,676.6544677563261,500,False,0.35586242109323674,True,0.007647220842731901,1.1109037399291992
566624,819.8635674679258,500,False,0.09416524843126652,True,0.007594969870435589,1.1702511310577393
567552,749.4606616731073,500,False,0.15368036600133944,True,0.007582040568844671,1.4857995510101318
568368,726.2482231962969,500,False,0.17969825665359151,False,0.007450245697460643,1.4008095264434814
568400,805.9901213433748,500,False,0.2482078874456792,True,0.0075006300829008644,1.1491868495941162
569408,755.0027518891799,500,False,0.17662897015155096,True,0.0075044352471857565,1.4086976051330566
569776,844.946671470558,500,False,0.13039480047045254,True,0.0073375268354257984,1.0586318969726562
569936,707.3460135542731,500,False,0.19716915930979714,True,0.007271399548624537,1.0139894485473633
571104,827.0860610777543,500,False,0.04389932165443131,False,0.0072376911128472325,1.3477572202682495
571312,767.4052939229845,500,False,0.11285242053356362,True,0.007270763876358312,1.1477606296539307
571808,734.0111189068475,500,False,0.14529728327258515,True,0.007244687215225863,1.2442662715911865
571808,738.6946901233606,500,False,0.14503758577168832,True,0.007244687215225863,1.2442662715911865
572992,664.1956655871851,500,False,0.24309042976284898,True,0.007248031558904967,1.3910439014434814
573104,747.2918510909288,500,False,0.0748272466197527,True,0.007239830498653632,1.2714483737945557
573296,732.7097434504136,500,False,0.029942596479293277,True,0.007235416787597996,0.9644589424133301
573696,677.7328677077985,500,False,0.2515111054101909,True,0.007232765406409864,1.35105299949646
574560,769.7951194721805,500,False,0.16699634256155857,False,0.0072733393330932684,1.061033010482788
574624,706.8858931675338,500,False,0.2166084031471426,True,0.007238115167899669,1.537761926651001
575552,716.3080406105784,500,False,0.13226177165566935,True,0.007240372719289576,1.282127022743225
576368,729.7676600147742,500,False,0.13935092590058024,True,0.007210977879965082,1.3501561880111694
576400,693.4456978416694,500,False,0.19702410071033383,True,0.00733290292015338,1.0991939306259155
577408,693.927066823671,500,False,0.10664407435721542,False,0.007343313317619259,1.2622920274734497
577776,781.1827834071099,500,False,0.11511285814024429,True,0.007370812429439414,1.4521487951278687
577936,722.7013783032476,500,False,0.12371320276615554,True,0.007339383281341125,1.2848612070083618
579104,682.0781890578579,500,False,0.28475434632363544,True,0.007372628936613264,1.2537415027618408
579312,763.2977220220059,500,False,0.058288341949297356,False,0.007392348420161817,0.9862191677093506
579808,705.8609977916767,500,False,0.22919117387821347,True,0.007382028345120975,1.0821149349212646
579808,856.3019576282185,500,False,0.09097652775341397,False,0.007382028345120975,1.0821149349212646
580992,714.9794119915227,500,False,0.091755364568126,True,0.0074115311104087705,1.2463736534118652
581104,816.5168250574227,500,False,0.0712264470334016,False,0.007469553449822684,1.3867117166519165
581296,788.5677026841089,500,False,0.05432809374647568,False,0.007425478534187132,1.2963874340057373
581696,799.6921308854268,500,False,0.05838200090878992,True,0.0073810280979404305,1.1295593976974487
582560,711.0796908626827,500,False,0.23760118509488365,True,0.0074163071616114426,1.2352585792541504
582624,793.1258822515848,500,False,0.10281215630218044,False,0.007404563921761485,1.2387135028839111
583552,757.2263799429659,500,False,0.13478841940373315,True,0.007423450304044217,1.1880394220352173
584368,779.1462252830844,500,False,0.08231354428250622,True,0.00762175052634966,1.0906049013137817
584400,749.1326396336782,500,False,0.13298978714669843,True,0.007682273428721337,1.5208029747009277
585408,694.201135924768,500,False,0.14273412997532645,True,0.0076915237541274675,1.223464012145996
585776,755.2449149881327,500,False,0.0546653790748853,True,0.007708610207847378,1.3182380199432373
585936,775.3068879456882,500,False,0.12435750821455041,True,0.007713339225588274,1.0789282321929932
587104,768.2911032085589,500,False,0.14050209187138804,True,0.0077536213512569415,1.3287533521652222
587312,664.7452815509813,500,False,0.2116624682828086,True,0.007710115647043718,1.3417930603027344
587808,677.5120104356699,500,False,0.15804034518775947,True,0.00767492332594534,1.292322039604187
587808,756.287413588086,500,False,0.09635419474279565,True,0.00767492332594534,1.292322039604187
588992,775.8120655390615,500,False,0.07065379284124683,False,0.007675796548638193,1.3575516939163208
589104,720.0537206068049,500,False,0.3477355734770907,True,0.007662394095954215,1.0242160558700562
589296,688.7176013256702,500,False,0.18612121953494695,True,0.007670026148449547,1.3825067281723022
589696,694.5831206379771,500,False,0.16606066589295293,True,0.007713191631194347,1.2675389051437378
590560,756.7415639968807,500,False,0.26316814703752933,True,0.0076833028300879545,1.4549579620361328
590624,758.1683835132447,500,False,0.14281257969660305,False,0.007530607870674568,1.138733148574829
591552,792.3919614716889,500,False,0.12417623636160419,False,0.007509429962005145,1.1201858520507812
592368,785.7723428709327,500,False,0.13153762478719935,True,0.007405436518961173,1.3147436380386353
592400,778.7224537940367,500,False,0.12758591287709053,False,0.007442098753594545,1.1677424907684326
593408,815.8279553244754,500,False,0.09573143706172821,False,0.007441558270194159,1.2394795417785645
593776,719.3754304515326,500,False,0.15214948013964197,True,0.0075215523051592155,1.1606700420379639
593936,758.4632417121314,500,False,0.1338474896008443,True,0.007502506026549431,1.1446104049682617
595104,709.6673691463691,500,False,0.17178713055043765,True,0.007497089346411622,1.3753538131713867
595312,734.0689994808249,500,False,0.14754732994295536,True,0.007562508819446597,1.3337364196777344
595808,702.5250775230439,500,False,0.11360336881070991,True,0.007613190370082804,1.1993517875671387
595808,763.4022768584665,500,False,0.1893183176552943,True,0.007613190370082804,1.1993517875671387
596992,762.4994703621412,500,False,0.09638738561578435,False,0.007599352563264142,1.2030737400054932
597104,751.1218908512312,500,False,0.20792459124172083,True,0.007603125144243849,1.3526411056518555
597296,711.6458447572471,500,False,0.1429188169984364,True,0.007621488953981382,1.3432888984680176
597696,756.3065600591134,500,False,0.08955057121029901,False,0.007606279635394835,1.3226076364517212
598560,724.3093521055315,500,False,0.05131756774618121,False,0.00753613135250147,1.2269926071166992
598624,741.8057279681342,500,False,0.14509246773433312,False,0.00747751973560328,1.3512587547302246
599552,688.149172750616,500,False,0.3248872636644793,True,0.007444227040591737,1.2662044763565063
600368,737.7649186269095,500,False,0.14588000567844978,True,0.007338956340700146,1.0884150266647339
600400,760.020196324042,500,False,0.1262488797170608,False,0.0074388311978360825,1.3790299892425537
601408,809.8889801844517,500,False,0.09770255843353352,False,0.007439287415037202,1.2576160430908203
601776,738.5943621490486,500,False,0.10051515630031219,False,0.007270422987043183,1.4313287734985352
601936,780.1419575027918,500,False,0.1380924110622592,True,0.007316810082968607,1.3033028841018677
603104,760.1330440226109,500,False,0.2245351627491107,True,0.007406512825302512,1.3161674737930298
603312,628.6427851369065,500,False,0.2072699604145301,True,0.007269651232083229,1.1902308464050293
603808,658.833142145671,500,False,0.20719493458822838,True,0.007271328826499864,1.1829636096954346
603808,768.80567027897,500,False,0.10895712837771478,True,0.007271328826499864,1.1829636096954346
604992,738.8186588412054,500,False,0.14131481286427483,True,0.0072429601190003015,2.0352072715759277
605104,828.2178638852308,500,False,0.07607951197241286,True,0.007388728191253361,1.2249375581741333
605296,777.5051236250409,500,False,0.08237446605540531,False,0.007367633916960704,1.1267281770706177
605696,818.7935187740773,500,False,0.07373362506558163,False,0.007357438528260308,1.316805362701416
606560,818.2569313978361,500,False,0.08366553434102034,False,0.007316181311641078,1.1896967887878418
606624,836.1315941073129,500,False,0.04300081251488142,True,0.007386092972295021,1.1822055578231812
607552,782.2333436171992,500,False,0.07755890577106458,True,0.007367448960639661,1.3499138355255127
608368,779.5201153708372,500,False,0.11650851964268065,True,0.007219377431701419,1.285661220550537
608400,731.7343513941005,500,False,0.165081153610233,True,0.007247025180304595,1.2355862855911255
609408,763.2893295291628,500,False,0.1681112478988027,True,0.007253119839227057,1.2666082382202148
609776,771.5962416978824,500,False,0.15164622806135886,True,0.007365189366101446,1.7763577699661255
609936,761.6314224696208,500,False,0.1258311439818335,True,0.00741769151973855,1.573254108428955
611104,689.0297672009378,500,False,0.22244854358057486,True,0.007421903133541654,1.6709058284759521
611312,700.6920015262626,500,False,0.19459464742577356,False,0.007347465664876402,1.1664506196975708
611808,864.7057168505545,500,False,0.04761738574688586,False,0.0073371851988373185,1.0714973211288452
611808,830.9252538125428,500,False,0.045808162419956985,True,0.0073371851988373185,1.0714973211288452
612992,718.254094158085,500,False,0.2138936923304441,True,0.007446632410232698,1.2725491523742676
613104,849.355997593662,500,False,0.13096736335173986,True,0.007355353036804096,1.13460111618042
613296,723.4312621517829,500,False,0.11097075527976609,True,0.0073422702916974515,1.2516694068908691
613696,712.9775441536723,500,False,0.24010983316477177,True,0.007353209079158603,1.3775029182434082
614560,753.1956299548053,500,False,0.1249362794735936,True,0.007373596569185566,1.2347530126571655
614624,744.6588195587073,500,False,0.09594094447354326,True,0.007467636908248475,1.2305903434753418
615552,751.9128963773613,500,False,0.13036653780880636,True,0.0074551504898927356,1.133535623550415
616368,724.1656825628775,500,False,0.19947215220126255,True,0.007474547416544012,1.4272704124450684
616400,702.9530618540249,500,False,0.15875118373929462,True,0.007404535365074695,1.294893741607666
617408,715.9311828987071,500,False,0.2241276022883383,False,0.007411978620195852,1.4198827743530273
617776,705.8268294559136,500,False,0.19477262734262382,True,0.007337556535707296,1.3099405765533447
617936,803.9615369621052,500,False,0.14506404357910535,True,0.0074232711731111005,1.1996355056762695
619104,860.1067997565603,500,False,0.09662269547743105,True,0.007371956231860087,1.2445796728134155
619312,811.1870045522367,500,False,0.13873240819256527,True,0.007180347571832669,1.2733981609344482
619808,732.5544978682873,500,False,0.07773806658103413,False,0.007140124184008998,1.3094192743301392
619808,641.1312441714748,500,False,0.20067573617213744,True,0.007140124184008998,1.3094192743301392
620992,764.3250746046214,500,False,0.16677049952006048,True,0.007111086749151654,1.3788163661956787
621104,667.8184760668574,500,False,0.2327292396531902,True,0.00721067264624951,1.3203306198120117
621296,741.9997265220705,500,False,0.19775651934327912,True,0.007200319365667953,1.1927502155303955
621696,798.1176879760304,500,False,0.10114445209990762,True,0.007186505552554836,1.303792119026184
622560,833.1835953693483,500,False,0.029478834630055236,False,0.007194333126028661,1.2106012105941772
622624,731.9154724131967,500,False,0.18685533876389485,True,0.007149159202923363,1.3176608085632324
623552,797.1812025698794,500,False,0.14616513131599232,True,0.00714226747348499,1.06813383102417
624368,700.7720385858854,500,False,0.19182296466704457,True,0.007266801801884521,1.6606957912445068
624400,754.2196793709464,500,False,0.2242894046393207,True,0.007428121332968939,0.9872917532920837
625408,685.4702743563033,500,False,0.2160775651026395,True,0.007433923958777335,1.207842230796814
625776,758.3772994202299,500,False,0.03844580817307568,True,0.007271098725880369,1.5512832403182983
625936,756.1730763519176,500,False,0.13797935327406396,True,0.007289660249959884,1.31599760055542
627104,831.7613171353711,500,False,0.13367568958780435,True,0.007284414912638465,1.1436841487884521
627312,738.3631426287695,500,False,0.1632504658438609,True,0.007331091410413696,1.4271714687347412
627808,742.5549359511248,500,False,0.048815598381749904,True,0.007304253499042756,1.2694507837295532
627808,684.3823639515931,500,False,0.1918405418335437,True,0.007304253499042756,1.2694507837295532
628992,755.6865934555,500,False,0.19716419339606112,False,0.007333843160650733,1.537477970123291
629104,707.6807200328393,500,False,0.12429056726216157,True,0.007287101537304221,1.2818660736083984
629296,784.5281566752323,500,False,0.19243028221433936,True,0.007304414641742338,1.3103001117706299
629696,652.415629284872,500,False,0.31527443743479855,True,0.007330203311756919,0.9970776438713074
630560,764.5690951742071,500,False,0.0567937209124776,False,0.007348120410240798,1.202378749847412
630624,709.3127734469837,500,False,0.2826075853668584,True,0.007319077996056288,1.382690668106079
631552,767.5136408410443,500,False,0.21652680315193976,True,0.007307161674292819,1.3704698085784912
632368,759.7946746961458,500,False,0.1796356350261033,True,0.007340060960239197,1.25972580909729
632400,824.4543524663874,500,False,0.1255926595886489,True,0.007453912541682103,1.242251992225647
633408,696.9057577669624,500,False,0.1649979581321204,True,0.007458402324490962,1.3755440711975098
633776,730.6776102334758,500,False,0.12482924361978212,False,0.007385594983401807,1.4985893964767456
633936,713.9947014861177,500,False,0.12764332719978777,True,0.007322419298659444,1.3310773372650146
635104,766.2106198117613,500,False,0.17640713468775843,True,0.007306193042319464,1.3859939575195312
635312,762.0892067510471,500,False,0.018994547904378867,True,0.007161834379550668,1.351081371307373
635808,812.484164712412,500,False,0.09561553998482655,True,0.007085424789786044,1.1700786352157593
635808,661.203054431733,500,False,0.32189746034669714,True,0.007085424789786044,1.1700786352157593
636992,736.9732308597096,500,False,0.06972318332777176,False,0.007075465549439515,1.399740219116211
637104,671.5606531206289,500,False,0.25007765933091,True,0.0072430574679222745,1.4039719104766846
637296,750.1365878844175,500,False,0.16603145198213315,True,0.007254303791711834,1.4585890769958496
637696,698.9775961737655,500,False,0.19213069300334445,True,0.007274903478162119,1.1384236812591553
638560,744.9594274171059,500,False,0.12619553961347588,True,0.007346800459491658,1.3073115348815918
638624,739.7920570093773,500,False,0.17072844023222541,True,0.007372422987164295,1.3461024761199951
639552,708.8077728285958,500,False,0.17795791660481405,True,0.007370316858873406,1.1772098541259766
640368,774.1126754041773,500,False,0.07336421722022238,True,0.007310838640472521,1.2674815654754639
640400,722.4182632903918,500,False,0.23224660115718473,True,0.007252146133983409,1.1415483951568604
641408,669.7137049927522,500,False,0.194572571442333,True,0.007250613382501983,1.1856186389923096
641776,764.0307401923685,500,False,0.1105773402449666,True,0.007161923181164139,1.432884931564331
641936,798.9213980081252,500,False,0.05663279788165091,False,0.0071748035483506145,1.127631664276123
643104,744.1978264792313,500,False,0.10081923240606237,False,0.0072255306016589,1.1143735647201538
643312,669.2971914521787,500,False,0.16626187824524186,True,0.00719897284197516,1.3074074983596802
643808,794.7528267214868,500,False,0.07050724922757372,True,0.007154712249340845,1.2800788879394531
643808,690.478630308354,500,False,0.1530704803091881,True,0.007154712249340845,1.2800788879394531
644992,711.3274201134404,500,False,0.11889352986094309,True,0.0072184406688640046,1.319875955581665
645104,752.6086261936434,500,False,0.14130133610036,True,0.007134865720121962,1.1041127443313599
645296,695.6930580697364,500,False,0.2740878299168973,True,0.007146650000954879,1.2260249853134155
645696,761.2260133766745,500,False,0.1120435914260327,True,0.007152632600659513,1.252195954322815
646560,728.3052618346197,500,False,0.20742894894442937,True,0.007155560476979641,1.2658090591430664
646624,785.4472632684449,500,False,0.11243797170178814,False,0.007185194976955289,1.5956809520721436
647552,782.7762079049554,500,False,0.13313143782328066,True,0.007188532758673903,1.0979598760604858
648368,701.1551077363482,500,False,0.1833570863570953,True,0.0072052372664566265,1.4723751544952393
648400,803.8012685109985,500,False,0.055975700394428556,False,0.0072211861203625854,1.3125355243682861
649408,709.2905824101033,500,False,0.23950540899725126,True,0.007219940505997587,1.5529954433441162
649776,668.9911966480895,500,False,0.14767576395046772,True,0.007116476795197545,1.3221306800842285
649936,800.7266072634073,500,False,0.07882650359874295,False,0.007177189322492338,1.1071336269378662
651104,737.560228527907,500,False,0.17354823768274055,True,0.007282977456651622,1.1280672550201416
651312,830.8743350164746,500,False,0.10260578042633665,True,0.0073627322571658835,1.3200682401657104
651808,729.2124354268464,500,False,0.09432625362839789,True,0.007341564757554046,1.2945042848587036
651808,822.9371930774117,500,False,0.05674814918943483,True,0.007341564757554046,1.2945042848587036
652992,801.7027140338971,500,False,0.049920139910053,True,0.007408272443157426,1.2493131160736084
653104,755.7311151445953,500,False,0.07619953081714148,True,0.00729391206689601,1.4233877658843994
653296,719.137289583413,500,False,0.188680832488964,True,0.007282304889714979,1.3134129047393799
653696,771.0099009847384,500,False,0.09123726755670457,True,0.007282549588801411,1.2659614086151123
654560,749.2460317115535,500,False,0.15292760344650574,False,0.007264265538892561,1.2192952632904053
654624,789.9238404444053,500,False,0.05501218631869881,False,0.007283374752607395,1.0398398637771606
655552,819.7192098766535,500,False,0.02992047856009,True,0.007278927279328297,1.2953860759735107
656368,697.911743914933,500,False,0.2882737492166109,True,0.00723946589353424,1.2203396558761597
656400,744.8352937094547,500,False,0.08953469662310128,True,0.007166568582121227,1.1091885566711426
657408,691.0371687812226,500,False,0.21972705855294766,True,0.007171645757885779,1.1698274612426758
657776,701.8908687686179,500,False,0.2027590583287358,True,0.007246917935118777,1.2170928716659546
657936,810.1551313441008,500,False,0.06337300879572261,False,0.0073395815868685646,1.2768917083740234
659104,624.5371239084732,500,False,0.2495470851338629,True,0.007318803683862363,1.1000282764434814
659312,672.2200974392258,500,False,0.2517339669181817,True,0.007373115716193748,1.2554593086242676
659808,865.4032041681794,500,False,0.0547681523979031,True,0.0073984238169429485,1.2110939025878906
659808,798.3429286279306,500,False,0.06764418118709274,True,0.0073984238169429485,1.2110939025878906
660992,815.1338598102492,500,False,0.10490263366920019,False,0.007265557649947226,1.4425559043884277
661104,766.3935551972727,500,False,0.2072639129863481,True,0.007275840275361519,1.1959834098815918
661296,779.1386065900192,500,False,0.1399923679529538,True,0.007314287373210694,1.4486931562423706
661696,866.9565477062446,500,False,0.050980127234263414,True,0.007335815374417385,1.1134216785430908
662560,763.0245256779184,500,False,0.2628296224898615,True,0.007377645911592067,1.0157077312469482
662624,765.9785705643005,500,False,0.20735683688322842,True,0.007470349118410837,1.2732436656951904
663552,716.9768315398467,500,False,0.13798570505924845,True,0.007496014614011873,1.1733837127685547
664368,733.7885434925229,500,False,0.12807307906820256,True,0.007464955361702271,1.1914010047912598
664400,745.3528548246989,500,False,0.16313772328231527,True,0.007495046732659658,1.1029915809631348
665408,728.5949244156808,500,False,0.14579756610296715,False,0.007501202759305367,1.141613245010376
665776,858.408500105001,500,False,0.09285251208668314,True,0.007466403830592231,1.3575139045715332
665936,765.2579123275069,500,False,0.11839836787286923,True,0.007445019534372374,1.3117339611053467
667104,716.8364665500394,500,False,0.032644049692316,True,0.007402340764329136,1.0680583715438843
667312,710.8126757564564,500,False,0.1621660591741959,True,0.007415674221287163,1.378530740737915
667808,669.8442388920541,500,False,0.20839169102117058,True,0.007421882656370442,1.2318592071533203
667808,797.6111463686826,500,False,0.18124532034231958,True,0.007421882656370442,1.2318592071533203
668992,762.1399699833863,500,False,0.02324974887890391,True,0.007373633923714717,1.1799747943878174
669104,745.4246030821165,500,False,0.045749109119312965,True,0.007325571628867756,1.2091691493988037
669296,673.8867902190091,500,False,0.37805728620711526,True,0.0073164929085574055,1.1204383373260498
669696,732.9444054405307,500,False,0.2405590382664309,True,0.007315472457899715,1.3287038803100586
670560,700.8750067417474,500,False,0.12773701686012806,False,0.007388698383790021,1.344027042388916
670624,802.9765731160761,500,False,0.04043368112458985,True,0.007287461508397552,1.277159571647644
671552,717.2269518161759,500,False,0.1403111187951663,True,0.007274434949299459,1.2176518440246582
672368,737.2229021921459,500,False,0.13548530441204956,True,0.007203321854451206,1.3500356674194336
672400,751.8773037266261,500,False,0.06655860482821828,True,0.007104915240877082,1.39546537399292
673408,683.1776183621904,500,False,0.16982549792269747,True,0.00711385519889821,1.2292174100875854
673776,788.2604223557308,500,False,0.04484165860846852,False,0.007163567576029679,1.059921145439148
673936,720.3540962611792,500,False,0.10912407972562198,True,0.0071000393225616135,1.3033907413482666
675104,699.509081858192,500,False,0.1803154221708674,True,0.007127999774184796,1.3375060558319092
675312,765.5321798362179,500,False,0.12858039846269842,True,0.007019403380092309,1.4150238037109375
675808,773.595722192284,500,False,0.05960423821725809,True,0.006982696406775076,1.196134328842163
675808,711.1419919981961,500,False,0.2513085289310935,True,0.006982696406775076,1.196134328842163
676992,809.1826587695128,500,False,0.053559316240325346,True,0.0070013177697449275,1.4368131160736084
677104,786.3796713970987,500,False,0.12946674098206068,False,0.007035324811552709,1.1505002975463867
677296,776.1791478389891,500,False,0.12357989635576022,True,0.007024157299528711,1.2656667232513428
677696,690.8776076292482,500,False,0.18324864113956943,True,0.007019242951098249,1.2401490211486816
678560,767.8700483226214,500,False,0.1404449660880549,True,0.0070057735306484695,1.1678826808929443
678624,741.1378880848897,500,False,0.2780898488484921,True,0.007078013747117163,1.3017874956130981
679552,727.2189905344874,500,False,0.22736403023180118,True,0.007054052378860367,1.2377755641937256
680368,787.6752526048394,500,False,0.16017128930857086,True,0.006944643807472504,1.3279353380203247
680400,704.5600031878021,500,False,0.14432537478492982,True,0.0069871523389101325,1.0996496677398682
681408,740.4799913006818,500,False,0.1346502947355173,True,0.0069908691619128965,1.4238953590393066
681776,833.5705405280481,500,False,0.13904591588085563,True,0.007072078376716486,1.2354655265808105
681936,742.3311850284064,500,False,0.22824430902637316,True,0.007010795209926207,1.3641417026519775
683104,590.8331459935437,500,False,0.3213596964634547,True,0.006989277704678589,1.3273205757141113
683312,774.6805528611405,500,False,0.1389530821948723,True,0.006954331983855076,1.3946969509124756
683808,671.8857917126627,500,False,0.3061770688392975,True,0.006982937332328888,1.101912498474121
683808,749.1761014172231,500,False,0.10062792522385779,False,0.006982937332328888,1.101912498474121
684992,704.0734359575935,500,False,0.20628060189059422,True,0.007017309885642529,1.402597188949585
685104,691.35699420406,500,False,0.22858804923088702,True,0.006993619271763472,1.3764710426330566
685296,801.7333222754286,500,False,0.03716540420674452,True,0.007033849216117142,1.406782627105713
685696,760.1643915768135,500,False,0.1431477820055603,True,0.007064924472346766,1.1156978607177734
686560,747.6776750418932,500,False,0.15860050183148874,False,0.007081014726971702,1.3456010818481445
686624,792.2884802441735,500,False,0.13017900033911944,True,0.007048112520105334,1.2678357362747192
687552,751.6965015862794,500,False,0.12569829973770996,True,0.007051515505294057,1.146816611289978
688368,578.6187866662789,500,False,0.36260758506808854,True,0.007049173178489591,1.3493802547454834
688400,766.3655993810441,500,False,0.07464342820031529,True,0.007087552325195374,1.327901005744934
689408,744.5903983222646,500,False,0.14618416385573596,True,0.007095186861927181,1.1295429468154907
689776,752.6352182272312,500,False,0.1893196614901991,True,0.007157853889227307,1.211134672164917
689936,713.2816507247618,500,False,0.16283041192676212,False,0.007200203518050242,1.3066961765289307
691104,829.3568269834291,500,False,0.11101197798414833,True,0.007214318243914992,1.2093939781188965
691312,621.5578185843883,500,False,0.23411678569014074,True,0.00708115981698775,1.2579450607299805
691808,633.5114923831983,500,False,0.2693495721283888,True,0.007103452012484591,1.1330921649932861
691808,835.1278035423614,500,False,0.17129221397341665,True,0.007103452012484591,1.1330921649932861
692992,740.3617266431875,500,False,0.14155946361096586,True,0.007081409245192439,1.2329862117767334
693104,766.2353054448525,500,False,0.11862181997048525,False,0.006942241915585428,1.156339406967163
693296,762.5044013274311,500,False,0.07236443627189418,True,0.006937169263223879,1.4414973258972168
693696,717.3846067790065,500,False,0.2046809931765874,True,0.0069259873440835,1.299001693725586
694560,773.8483265748433,500,False,0.15354991760834322,True,0.006905325005529911,1.3062207698822021
694624,766.100587934676,500,False,0.07256622623421793,True,0.006880066825223058,1.5080006122589111
695552,802.9334748819,500,False,0.11199257203088217,True,0.006902650473350487,1.3899328708648682
696368,725.3226152199849,500,False,0.14062068707044015,True,0.006963084801402807,1.287794589996338
696400,783.2553326472708,500,False,0.17902816555591827,True,0.0069818731920816305,1.3438528776168823
697408,724.3009791312201,500,False,0.03764006911599367,True,0.006979939558178199,1.3068238496780396
697776,634.6821650787948,500,False,0.22912737544257591,True,0.007017122443177844,1.329070806503296
697936,826.5683139213347,500,False,0.05953592910206213,False,0.006968671702859939,1.229128122329712
699104,833.9223827031065,500,False,0.12440019902817724,True,0.006961497307616609,1.1304682493209839
699312,703.8998370989493,500,False,0.10599181557615593,True,0.007016145482405944,1.03572678565979
699808,761.7959268110558,500,False,0.12439062424191433,False,0.007027184262980859,1.0666980743408203
699808,741.5856213615502,500,False,0.129609802349489,False,0.007027184262980859,1.0666980743408203
700992,722.2994597884275,500,False,0.01836523597421716,True,0.007207691486504355,1.3517351150512695
701104,781.5609507148752,500,False,0.08263746385767279,False,0.007285665983776929,1.2790343761444092
701296,629.8818807071165,500,False,0.40070625183224284,True,0.007326092597037089,1.221828818321228
701696,729.3933656596806,500,False,0.16813902413972098,True,0.00729970420228876,1.3797001838684082
702560,759.0650715925775,500,False,0.10982621381958603,True,0.00738008749506211,1.1793384552001953
702624,722.8572290206076,500,False,0.18546542101978555,True,0.007312863166790867,1.2993872165679932
703552,713.6078570938295,500,False,0.26046067586786575,False,0.007303308394110323,1.0458757877349854
704368,705.8922196531556,500,False,0.19932361348585162,True,0.0071869007217030415,1.3680036067962646
704400,644.4221745547696,500,False,0.2221831479810419,False,0.007129645749593713,1.301347017288208
705408,644.1030570540275,500,False,0.24473166029362683,True,0.007128509469404443,1.243135929107666
705776,731.6839421654188,500,False,0.11197658694507598,True,0.007027568100357583,1.2514562606811523
705936,724.6342799200404,500,False,0.11568665251488945,True,0.006994999519989031,1.2781568765640259
707104,743.218755676155,500,False,0.0750718114348453,True,0.007007296652368956,1.3692799806594849
707312,778.2703043845783,500,False,0.07002424655462094,False,0.007017448059762929,1.3469531536102295
707808,675.0282631580031,500,False,0.27485174647465455,True,0.007066488627378172,7.70485782623291
707808,694.1299320231133,500,False,0.5128210326674892,True,0.007066488627378172,7.70485782623291
708992,695.6337642205319,500,False,0.14664223109979427,False,0.007092835034305307,1.2449185848236084
709104,791.8123864317101,500,False,0.17859362696191566,False,0.006976821536777659,1.1018080711364746
709296,741.6948628478194,500,False,0.1923156370196467,True,0.006958230248675885,1.48142409324646
709696,796.9163804688877,500,False,0.07547225146600424,False,0.006954461472091969,1.3014724254608154
710560,768.1808441063348,500,False,0.11689838265764803,True,0.006959060288939304,1.1291184425354004
710624,790.4208723681328,500,False,0.16724210950341764,True,0.006910659298950368,1.5121396780014038
711552,718.7834636870233,500,False,0.15445314508957264,True,0.006914297949037416,1.0867176055908203
712368,697.5251609811461,500,False,0.1924603583183596,True,0.0068930172279742475,1.2720375061035156
712400,771.9237308422084,500,False,0.1839711778316977,False,0.006833462622758501,2.212946653366089
713408,626.113888957663,500,False,0.2396119399565546,True,0.006829863766145127,1.5409085750579834
713776,715.8996628154912,500,False,0.1774989319122046,True,0.006908876811665731,1.264301061630249
713936,726.2362266347961,500,False,0.207580087047342,True,0.006951247783325081,1.1198978424072266
715104,735.1577292918133,500,False,0.11791840509242693,False,0.006936820553480724,1.4282841682434082
715312,736.4756026841044,500,False,0.15609194273531876,False,0.006955927898145302,1.203991174697876
715808,741.9107695493187,500,False,0.0420466685584163,True,0.006961717753453866,1.3593685626983643
715808,651.7161827320373,500,False,0.17695177852334928,True,0.006961717753453866,1.3593685626983643
716992,730.7617020932694,500,False,0.11161150076473125,True,0.006985178126567724,1.2529256343841553
717104,687.7773419464768,500,False,0.20923299840979645,True,0.006950555095304175,1.6242353916168213
717296,766.4418778885844,500,False,0.15309751361231705,True,0.006962604787117352,1.201028823852539
717696,673.6550257439326,500,False,0.340216415596639,True,0.006987547678507987,1.323305606842041
718560,746.8944370097499,500,False,0.1816143470158037,True,0.006950612657482429,1.165187120437622
718624,706.1183081663282,500,False,0.2497936953527142,False,0.007008014106517353,1.2839953899383545
719552,754.9698991769707,500,False,0.09680723063239403,True,0.007016716121411629,1.2136855125427246
720368,809.0541554063802,500,False,0.10772046048994924,True,0.007137107415014804,1.154895305633545
720400,802.4497273754505,500,False,0.14099712515435142,True,0.007120093757821723,1.2329728603363037
721408,754.0570395919677,500,False,0.064255828819162,True,0.007127172399323134,1.313770055770874
721776,799.1938712074284,500,False,0.09670260398874396,True,0.0070506007158392045,1.0398743152618408
721936,754.7518281292085,500,False,0.1825461641213324,False,0.007008745107326169,1.2438383102416992
723104,710.8767634396182,500,False,0.14104406604920025,True,0.006991859132411622,1.7786403894424438
723312,689.8123956490841,500,False,0.10415399985537903,False,0.006795204791459364,1.4118112325668335
723808,744.1079059679068,500,False,0.14097738547934646,True,0.006787512076220073,1.2603198289871216
723808,814.7178139913048,500,False,0.09308361670228944,True,0.006787512076220073,1.2603198289871216
724992,760.8375051871404,500,False,0.13541203726934883,True,0.0067922849952745355,1.5071213245391846
725104,690.4023489403476,500,False,0.19968867469401796,True,0.006790313909703388,1.0379596948623657
725296,739.4930592862264,500,False,0.19529930266660325,True,0.006768632800025662,1.3253087997436523
725696,675.1409690930501,500,False,0.1682934732619851,False,0.006757816021687391,1.1220794916152954
726560,735.3965664345671,500,False,0.228240167015635,True,0.006712212798652447,1.0982078313827515
726624,723.8472331135483,500,False,0.16989868045502104,True,0.006816908940992753,1.1685104370117188
727552,806.1603849352066,500,False,0.12863013986258368,True,0.0068095577311966604,1.2174620628356934
728368,736.6302521559528,500,False,0.11076679271154397,True,0.006878143510677193,0.956186056137085
728400,741.2367848381444,500,False,0.1763648213502075,True,0.006845403366277056,1.42462158203125
729408,762.3823885595885,500,False,0.09950828539279437,True,0.006842551022974969,1.3528482913970947
729776,770.6987597705161,500,False,0.1537413870106118,True,0.006795033982531533,1.205177903175354
729936,776.1801048428824,500,False,0.10788162366092023,False,0.006794479118462461,1.1256091594696045
731104,832.9637402032598,500,False,0.012686535394256385,False,0.006821705192773056,1.3235975503921509
731312,761.0448227431079,500,False,0.10693446214937957,True,0.0067427516507570255,1.3850923776626587
731808,716.0688076263907,500,False,0.16265258108307007,True,0.00675154488499339,1.2541252374649048
731808,806.3210357380681,500,False,0.038574820509017574,True,0.00675154488499339,1.2541252374649048
732992,728.9415390866799,500,False,0.1984647559766683,True,0.006728690343108452,1.3403904438018799
733104,787.093726188744,500,False,0.1375646907470256,True,0.006672839701797177,1.2532050609588623
733296,822.8450453235631,500,False,0.1086123104989401,True,0.006661790715575211,1.308774471282959
733696,735.2279049768331,500,False,0.1685199586260634,True,0.006679744734926689,1.097769021987915
734560,779.8855634322658,500,False,0.20800340432879277,True,0.006628207026367572,1.2536602020263672
734624,728.7244024644984,500,False,0.17574791813551183,True,0.006590088097417653,1.4654943943023682
735552,780.8223016865387,500,False,0.14533149100940634,True,0.006595806038822597,1.2633970975875854
736368,744.2856393973483,500,False,0.20034786446325947,True,0.006523637982411506,1.2054111957550049
736400,790.4694616618816,500,False,0.12487119952310292,True,0.00655225156367999,1.3077037334442139
737408,756.9917427887801,500,False,0.14040250260574738,True,0.00655674824756911,1.2197798490524292
737776,689.2088883203828,500,False,0.19950543435795398,False,0.006499312196881988,1.197573184967041
737936,712.9723586845944,500,False,0.15800503486901304,True,0.006543180926896386,1.1137712001800537
739104,848.5613274669889,500,False,0.07923462115740315,True,0.006546605120407852,1.1761245727539062
739312,753.88867842202,500,False,0.08373145593245275,False,0.006547095820570781,3.074190139770508
739808,754.7411148928732,500,False,0.11807944172688789,True,0.006586830668235163,1.1318283081054688
739808,673.2261072471036,500,False,0.1710079091866522,True,0.006586830668235163,1.1318283081054688
740992,705.1589686344637,500,False,0.13309364921090802,True,0.006655782181621518,1.4795314073562622
741104,807.5782733021401,500,False,0.08306437952039836,True,0.006716893877584203,1.249791145324707
741296,757.0094523761456,500,False,0.12625854471873368,True,0.006746317709833299,1.3712899684906006
741696,727.4157291247395,500,False,0.10007925351602688,True,0.006752228164922066,1.3710638284683228
742560,806.6610948322163,500,False,0.128665642476752,True,0.006748216664708569,1.2949708700180054
742624,770.1145425062,500,False,0.211904283161798,True,0.006601978121560138,1.3592193126678467
743552,730.0792734602749,500,False,0.1889351720020863,True,0.006601023891776327,1.1922526359558105
744368,702.2099776809159,500,False,0.2712537103558619,True,0.006562230094764927,1.1936324834823608
744400,719.6404638665074,500,False,0.16694768105026656,True,0.006661046716779223,1.157408356666565
745408,733.1381784511344,500,False,0.09431343197657889,False,0.006661762649894887,1.2355353832244873
745776,645.6260914520064,500,False,0.2546774251569245,False,0.006809226459883647,1.1819190979003906
745936,741.3603832049392,500,False,0.1912457733189444,True,0.006817542642406565,1.4715938568115234
747104,744.6543005164386,500,False,0.3010431486015126,True,0.0068152030487730894,1.4251747131347656
747312,773.5904581034927,500,False,0.13538213565832116,True,0.00679683031412762,1.1737148761749268
747808,721.9774112187113,500,False,0.12345621188442565,True,0.0067747656374171975,1.283483862876892
747808,739.2823564539592,500,False,0.13283053960049088,False,0.0067747656374171975,1.283483862876892
748992,724.0565276887006,500,False,0.1359747456133037,True,0.006811188846034119,1.222717523574829
749104,758.9341326133144,500,False,0.09955800761169495,False,0.0068516764877905555,1.1384930610656738
749296,705.819766172875,500,False,0.1820662683843231,True,0.006835560514325719,1.1596392393112183
749696,761.6819629598011,500,False,0.14810644289781552,True,0.0068168421556928606,1.2098387479782104
750560,792.0383210772991,500,False,0.22277024370648915,True,0.006802997169000453,1.2420148849487305
750624,845.0193677625513,500,False,0.09201971316461437,True,0.006807654953572772,1.2087750434875488
751552,795.3678391904388,500,False,0.03787410466042727,False,0.00681214760566109,1.133034348487854
752368,752.8772094187577,500,False,0.13773593851233693,False,0.006803396724358005,1.1118896007537842
752400,707.01291039283,500,False,0.15703600823698396,True,0.006807705746178515,1.1452264785766602
753408,637.4348558908592,500,False,0.20445814465936568,True,0.0068139470246738635,1.1655104160308838
753776,695.8668912850626,500,False,0.14148829090708268,True,0.006812113912615852,1.2768259048461914
753936,725.7230703910693,500,False,0.15195679844018606,True,0.0067877062435589405,1.3277775049209595
755104,772.3252177876284,500,False,0.14673796232348418,True,0.006825921721320241,1.2630712985992432
755312,773.637571621057,500,False,0.03782152310666541,True,0.00683567370286935,1.4880225658416748
755808,800.8112016138133,500,False,0.11127249846007639,True,0.006843101781594297,1.3709713220596313
755808,720.3338570258609,500,False,0.2241090398685016,True,0.006843101781594297,1.3709713220596313
756992,789.602321505299,500,False,0.07201338261471463,True,0.006880908551631881,1.2940858602523804
757104,795.2106041694573,500,False,0.09562871321819479,True,0.0069077863554456755,1.2137250900268555
757296,766.3690876982229,500,False,0.05375901407179573,False,0.006894423174045559,1.189337134361267
757696,715.5588028495883,500,False,0.17145705354749313,True,0.0068711354676386956,1.3506031036376953
758560,726.5208042765082,500,False,0.1479289725485398,True,0.006829156687828955,1.2041144371032715
758624,685.2700991750482,500,False,0.16484629684038912,True,0.006743145726661552,1.4991382360458374
759552,746.5633427085739,500,False,0.1410876854596783,True,0.006745954643846504,1.321805477142334
760368,775.1857731880438,500,False,0.06611710798130563,False,0.006836084983848678,1.1166082620620728
760400,786.0470013935466,500,False,0.11564789337090117,True,0.006778214372500975,1.2301409244537354
761408,661.9638291594711,500,False,0.1997133495873053,False,0.00677498825831772,1.2522135972976685
761776,785.4056898633622,500,False,0.10867131813577884,True,0.006822381082074438,1.2869949340820312
761936,820.5637063500194,500,False,0.024718007544481002,True,0.0068657569945275235,1.1248321533203125
763104,732.5027739000155,500,False,0.14088433122104557,True,0.006849411490981203,1.2664215564727783
763312,749.882921073521,500,False,0.1520125042814334,False,0.00696068172806966,1.3143744468688965
763808,713.615963019218,500,False,0.09761305024188392,True,0.006933402674376229,1.3359425067901611
763808,872.3204723380943,500,False,0.039166093035107895,False,0.006933402674376229,1.3359425067901611
764992,723.5187826710834,500,False,0.09995858006036722,False,0.006873460848641203,1.3003336191177368
765104,638.6963164337185,500,False,0.2725103562541124,True,0.006746574142374929,1.2292163372039795
765296,723.1604154190867,500,False,0.22440371788045954,True,0.006727131905066577,1.0194308757781982
765696,842.5171693140763,500,False,0.14321569898461314,True,0.0067071087708713475,1.2107634544372559
766560,793.4211197390202,500,False,0.11334010023591126,True,0.006621257191060818,1.131455659866333
766624,757.5044922933635,500,False,0.1098768149239371,True,0.0066520953050253195,1.126788854598999
767552,732.9473916238395,500,False,0.28775133706909617,True,0.006662517992606147,1.2919087409973145
768368,715.0043350553153,500,False,0.1886059904126732,True,0.006609364223377209,1.1689294576644897
768400,786.2986434914607,500,False,0.10886631381970012,True,0.00658261218340711,1.4498677253723145
769408,779.9128068529168,500,False,0.14030605173450217,False,0.006598603860228701,1.2663098573684692
769776,712.6421986083578,500,False,0.21982705856481227,True,0.006611842444462958,1.3635263442993164
769936,771.5575135579289,500,False,0.12253506536890311,False,0.006639243431480342,1.5083634853363037
771104,822.8255935033635,500,False,0.04500228056688053,False,0.006652956960846314,1.2965972423553467
771312,805.9200154198566,500,False,0.05941602801299572,True,0.006655520221981261,1.3280344009399414
771808,764.3834230540051,500,False,0.23670917691611132,True,0.00666882762365502,1.3854949474334717
771808,766.2104183759843,500,False,0.13487178487029905,True,0.00666882762365502,1.3854949474334717
772992,771.254726161126,500,False,0.13071324600333845,True,0.006610387628577299,1.2836869955062866
773104,781.2422994127182,500,False,0.0881497089561892,True,0.006537233831592088,1.202225685119629
773296,744.9701451900073,500,False,0.1694798137108012,True,0.006536226034566931,1.034644603729248
773696,773.1634701738777,500,False,0.16504126825933607,False,0.006549725930885635,2.7182703018188477
774560,734.7351324731826,500,False,0.154760147820753,False,0.0065657780377664995,1.3081071376800537
774624,639.9004020572638,500,False,0.2644597346202687,True,0.006572988480426883,1.259769082069397
775552,802.6121585994995,500,False,0.10174954128732416,True,0.006582764891072433,1.2664918899536133
776368,806.8102457827342,500,False,0.12527379985439166,True,0.006573141492464471,1.311952829360962
776400,757.8884476427081,500,False,0.10485426601060971,True,0.0065981315765772,1.654613971710205
777408,785.0495299319284,500,False,0.09489976597166384,True,0.00658969225513844,1.4550683498382568
777776,747.9603560244605,500,False,0.31245928438920423,True,0.006679724894322913,1.2612042427062988
777936,758.8010193822371,500,False,0.07381860671829356,True,0.006675541389484994,1.16157066822052
779104,785.1767254943933,500,False,0.16121938446008155,False,0.006652549877108296,1.2416130304336548
779312,754.3549770196634,500,False,0.14820673554025357,False,0.006537675797105123,1.4077374935150146
779808,686.9992662970313,500,False,0.09907219183184031,True,0.0065270168490934605,1.2107422351837158
779808,773.5443754373841,500,False,0.16254989294125463,True,0.0065270168490934605,1.2107422351837158
780992,793.7352590592811,500,False,0.07098102043256575,True,0.0065063665964021815,1.1834059953689575
781104,692.9164570300303,500,False,0.24977074046565656,True,0.006487811611328939,1.2078723907470703
781296,750.6922959620446,500,False,0.06220043828425073,False,0.006486676975706047,1.2478861808776855
781696,760.9991011019529,500,False,0.09918943537812172,True,0.00648044629450731,1.384641408920288
782560,704.9655155792956,500,False,0.0692003219273626,True,0.006469457922548541,1.2263267040252686
782624,740.0892244737089,500,False,0.1816062863900359,False,0.006470559759213213,1.3754712343215942
783552,672.1695806329012,500,False,0.19015634456206992,True,0.006493403591030902,1.3187367916107178
784368,760.6276791441287,500,False,0.1106324540429133,True,0.006572980977550653,1.0285778045654297
784400,642.3776874142138,500,False,0.196720327093148,False,0.00659363432988324,1.322984218597412
785408,754.5364315239051,500,False,0.1353280279668308,False,0.00659341648073615,1.2934582233428955
785776,737.740415445405,500,False,0.14125959537205196,True,0.006577618413419322,1.4510514736175537
785936,778.1185216669406,500,False,0.12292069110468523,True,0.006587451084779283,1.3641308546066284
787104,758.995644087461,500,False,0.22080211098509286,True,0.00659608792753156,1.1821045875549316
787312,777.6843210598067,500,False,0.0857351534745017,True,0.006572883243045451,1.261117935180664
787808,766.8140389524355,500,False,0.17791600758229326,False,0.006557860833568263,1.1367275714874268
787808,769.1188346907429,500,False,0.12409860835616364,True,0.006557860833568263,1.1367275714874268
788992,798.5430988046362,500,False,0.05611547639974323,True,0.006565045371631486,1.1318827867507935
789104,682.5885289783037,500,False,0.14957032816636553,True,0.006614815448698105,1.0513696670532227
789296,771.0792572329445,500,False,0.07426798601873241,True,0.0066444322785079455,1.0286483764648438
789696,751.3493338347794,500,False,0.034788363705532004,True,0.006665009057073777,1.3041406869888306
790560,770.0769421900039,500,False,0.1341617251205553,True,0.006722202261790614,1.787835955619812
790624,549.9643191034346,500,False,0.4122707223173922,True,0.006839222541101774,1.3157005310058594
791552,676.9577756842555,500,False,0.2438354532582013,False,0.006839879908155639,1.223740816116333
792368,683.5867178956513,500,False,0.21052945107361315,True,0.006837901310744446,1.1984574794769287
792400,763.2157967165559,500,False,0.08642349216151338,True,0.006823982536465409,1.173217535018921
793408,742.0493862837742,500,False,0.223840476882974,True,0.006818969226175536,1.3543672561645508
793776,768.4762409852956,500,False,0.17658828416595068,True,0.006778489145620791,1.053540825843811
793936,788.7604653349856,500,False,0.14869766530692116,True,0.006691941762956426,1.2514004707336426
795104,634.8397005246542,500,False,0.2180055304960678,True,0.006663706462884695,1.224454402923584
795312,708.8059750741363,500,False,0.14562955857188634,True,0.0066796579040888145,1.1574851274490356
795808,720.1351743303937,500,False,0.18359722958686636,True,0.006648477297920878,1.2101466655731201
795808,740.199893826962,500,False,0.17260201850576026,True,0.006648477297920878,1.2101466655731201
796992,702.3235011707092,500,False,0.21225750859474377,True,0.0066257574709089094,1.138967752456665
797104,764.9672971917081,500,False,0.16528711009113356,True,0.006494733259583493,1.269805669784546
797296,785.3361583046493,500,False,0.047774908710024766,True,0.006506681529542285,1.148009181022644
797696,669.1678759304712,500,False,0.28975954287994793,False,0.006524230190085184,1.295734167098999
798560,778.921685198718,500,False,0.06807362574128849,True,0.006545815571157955,1.135488510131836
798624,772.4941502294006,500,False,0.2569589670905581,True,0.006624106805529067,1.2933653593063354
799552,687.1363361296256,500,False,0.17543167757937875,False,0.006657161998109515,1.034915804862976
800368,724.861447008531,500,False,0.15849458015593343,True,0.006583098123074878,1.1771588325500488
800400,722.5344710494168,500,False,0.1704524075815602,False,0.006517904648170916,1.103752613067627
801408,667.0832103725945,500,False,0.35567501028719833,True,0.0065086993087709495,1.1781160831451416
801776,843.6898522724881,500,False,0.13211857338758026,True,0.006414825533122812,1.5966136455535889
801936,753.030128266334,500,False,0.10144934954803564,True,0.006330256962293713,1.2096666097640991
803104,682.6956917855297,500,False,0.1902612469112355,True,0.00630144260006275,1.2459920644760132
803312,800.4684070324718,500,False,0.04461588346564163,True,0.0063335443608053795,1.2168545722961426
803808,754.9228008200415,500,False,0.10492090216219137,True,0.006340840423350507,1.1366790533065796
803808,757.8389133029776,500,False,0.1015935649615663,True,0.006340840423350507,1.1366790533065796
804992,714.4421290038057,500,False,0.18123816140248694,False,0.006306968483704672,1.0091001987457275
805104,710.5559652992469,500,False,0.22749293559884878,False,0.006315398002174742,1.3355109691619873
805296,788.1827013226739,500,False,0.14660816210206143,True,0.0063335296103612816,1.410916805267334
805696,729.9264362751115,500,False,0.1145304843385658,True,0.006356061325375466,1.3976095914840698
806560,756.149369622312,500,False,0.11624908101880116,True,0.006366139799112169,1.0293357372283936
806624,772.740513267684,500,False,0.07711584652691464,True,0.006262510733107442,1.3420593738555908
807552,766.9425489487403,500,False,0.0776603438358755,True,0.006255269391175055,1.1968671083450317
808368,638.7181173237074,500,False,0.29799320327439094,True,0.006350810595347931,1.3419748544692993
808400,759.2704842096146,500,False,0.18647745896827075,True,0.006299495388322505,1.1571905612945557
809408,795.8362699564158,500,False,0.1449682442844786,True,0.006292189171124933,1.0618369579315186
809776,824.2920362452079,500,False,0.12086110147004077,False,0.006286536010962283,1.1347393989562988
809936,708.9013853008979,500,False,0.08526054643774969,True,0.0062583149960102735,1.2963347434997559
811104,786.5983588141781,500,False,0.09531527668200229,True,0.00625668610251328,1.2386043071746826
811312,740.6346114386156,500,False,0.07538099118883573,True,0.006321811035327836,1.5332305431365967
811808,729.3904695009713,500,False,0.19918187726607559,True,0.006334204888220228,1.2612309455871582
811808,750.5871874707891,500,False,0.08504186670715486,False,0.006334204888220228,1.2612309455871582
812992,704.7646992013131,500,False,0.15674925684675448,False,0.006327607793690986,1.2036339044570923
813104,729.0290653126882,500,False,0.13950579221043174,True,0.006418470358392838,1.1482939720153809
813296,684.9804015620837,500,False,0.21230140230967123,True,0.006425558935151212,1.5424538850784302
813696,749.066856323597,500,False,0.1942568226529251,True,0.0064569107520583285,1.0583045482635498
814560,778.952472912822,500,False,0.07696003666663563,True,0.0064327160619993065,1.1433815956115723
814624,818.6411944910466,500,False,0.06038650308851887,False,0.006450628397597974,1.1155376434326172
815552,830.6601916809693,500,False,0.13180651242390662,True,0.006459086325294128,1.093048095703125
816368,778.7993181055342,500,False,0.22249109686244348,True,0.006363271717478941,1.0879590511322021
816400,684.248420094589,500,False,0.08868886821648889,True,0.006272974238300049,1.4273971319198608
817408,799.8472864317666,500,False,0.024218114926082585,True,0.006278792650970063,1.3944206237792969
817776,764.0664787292684,500,False,0.05398764211421466,True,0.006302583497672763,1.3475210666656494
817936,741.2393450495337,500,False,0.08887462797508376,False,0.006263413764210769,1.3195555210113525
819104,726.6497655541161,500,False,0.0980420797524703,True,0.006245247634297342,1.3144659996032715
819312,681.3108293917129,500,False,0.17017343582093208,True,0.006222914490286382,1.2247720956802368
819808,851.9663765125503,500,False,0.06650248689132104,True,0.006261613492337885,1.343545913696289
819808,649.8766385869391,500,False,0.1484610507519008,True,0.006261613492337885,1.343545913696289
820992,751.7411806750144,500,False,0.12110697769276882,True,0.006251808008218653,1.1656935214996338
821104,739.2233193716365,500,False,0.12977374085046636,True,0.006175996016390513,1.4123921394348145
821296,666.1176937726316,500,False,0.23292674982251993,True,0.006187270488107808,1.0981533527374268
821696,758.6136720716391,500,False,0.17476453980257847,False,0.006202415393002117,1.1322071552276611
822560,737.7294289139489,500,False,0.1618226597701402,True,0.006244495851332704,1.2619551420211792
822624,690.6225135004775,500,False,0.1699708512942521,True,0.0063375519778579355,1.2166061401367188
823552,768.1178253480213,500,False,0.16857885922359606,False,0.006345715443091938,1.549861192703247
824368,721.0775390847014,500,False,0.12842226720261718,True,0.006447573784139368,1.1079829931259155
824400,709.045924260854,500,False,0.14609649270457883,True,0.006489709837093121,1.3181281089782715
825408,737.2660976971096,500,False,0.15977179113812942,True,0.006492319676753329,1.0977905988693237
825776,734.5154518111369,500,False,0.15917860940194561,True,0.006484710574001773,1.1939622163772583
825936,764.0809210725961,500,False,0.07960629759997534,False,0.006548238377730105,1.2294600009918213
827104,679.5405080742019,500,False,0.11057080424056277,True,0.006572326909052895,1.2229640483856201
827312,808.9225673603011,500,False,0.05306175068943218,True,0.006514547800676014,1.3501893281936646
827808,685.6873924389789,500,False,0.208672284664948,True,0.006497947069629363,1.0402271747589111
827808,815.9266899869257,500,False,0.07874951202739834,True,0.006497947069629363,1.0402271747589111
828992,766.3444065212348,500,False,0.06331965455510304,True,0.00643170307949202,1.087765097618103
829104,615.3220242605356,500,False,0.20010323455993195,True,0.0062967039251449215,1.1443055868148804
829296,757.7844461572644,500,False,0.06125320020785891,True,0.0062795351142388685,1.1699256896972656
829696,801.9619626971437,500,False,0.1546053317398422,True,0.006283778910700165,1.1615002155303955
830560,777.2492043645652,500,False,0.1755370762756717,True,0.006296301806688778,1.1737282276153564
830624,643.7545184665172,500,False,0.2518444999946371,True,0.00630375042540519,1.1904349327087402
831552,701.5417527956494,500,False,0.20616413627924784,False,0.006307085972988183,1.2411249876022339
832368,763.0594097251934,500,False,0.21983078633134492,True,0.00624290099672442,1.2925843000411987
832400,751.8120238479852,500,False,0.0850505830598663,True,0.0061434954775392665,1.0919344425201416
833408,731.7638610700457,500,False,0.14374343144375953,True,0.006144709596397873,1.0855823755264282
833776,794.4843976199212,500,False,0.07223304036257097,True,0.006020237079944017,1.2021411657333374
833936,764.6018060041264,500,False,0.15768680195680998,True,0.006022416687487994,1.3761159181594849
835104,693.193925994902,500,False,0.16433253447040402,True,0.006047089454080264,2.1349592208862305
835312,790.0743604126369,500,False,0.18832112953398833,True,0.006106377088250282,1.19936203956604
835808,689.2311165445243,500,False,0.17438970713017332,True,0.006072393672513569,1.327967882156372
835808,775.8341022069363,500,False,0.12535989281366303,True,0.006072393672513569,1.327967882156372
836992,710.2193927624827,500,False,0.2387783698349052,True,0.006130274627064733,1.3251774311065674
837104,740.5849313795992,500,False,0.17433239101941334,True,0.00625912183235027,1.1292845010757446
837296,703.7323938870571,500,False,0.12497454002008207,True,0.006237094811250144,1.225957989692688
837696,748.4535753501195,500,False,0.13506850385484093,True,0.006238402288552896,1.1665736436843872
838560,783.8227121811536,500,False,0.09123713000573978,True,0.006242056665519261,1.1294775009155273
838624,696.8703421172852,500,False,0.11739464400370905,True,0.00638084903604295,1.335282802581787
839552,773.8342416640337,500,False,0.05106170356712979,True,0.006383877685325826,1.355142593383789
840368,831.9661288317241,500,False,0.10170179060179609,True,0.0063808352504807235,1.0466365814208984
840400,768.0782898808102,500,False,0.16390296537894675,False,0.006429529284320198,1.412928581237793
841408,725.018478029958,500,False,0.29531818295221524,True,0.0064336074061169465,1.0643210411071777
841776,708.1784762673968,500,False,0.22001532756866415,True,0.006351081856955915,1.1373016834259033
841936,715.9103367615049,500,False,0.1764660085116921,False,0.006302769436385031,1.6019606590270996
843104,727.7077958930256,500,False,0.07806277996227093,True,0.006320357639096331,2.0365748405456543
843312,782.6849270710732,500,False,0.15236728459479842,True,0.006350252177909012,1.0842267274856567
843808,804.7378882947996,500,False,0.09987769343792038,True,0.006361079545745644,1.4625953435897827
843808,646.3110696685931,500,False,0.4504216627625862,True,0.006361079545745644,1.4625953435897827
844992,786.1591279020641,500,False,0.1288009249228275,True,0.006334902680285765,1.2537760734558105
845104,728.3497628785262,500,False,0.18246547108697347,True,0.006363857263651456,1.2956444025039673
845296,752.200690298623,500,False,0.1604565029137479,True,0.006372492403707823,1.1619316339492798
845696,789.3111816945262,500,False,0.14295121179000547,True,0.006414662695771834,1.0905964374542236
846560,769.639131178598,500,False,0.0894299123703943,True,0.006435032261322438,1.1853142976760864
846624,726.3042019158181,500,False,0.1230363985999365,True,0.006349555018842214,1.4016978740692139
847552,730.7638291321603,500,False,0.03620208349535267,False,0.006350239197026126,1.5711309909820557
848368,750.899879832115,500,False,0.16362238644676577,False,0.006420712397330558,1.0948967933654785
848400,774.5013080865411,500,False,0.05868339079510448,True,0.006326930529509989,1.2025083303451538
849408,781.5832560518921,500,False,0.06112716801128459,True,0.006337424350725943,1.0440089702606201
849776,685.2265590446575,500,False,0.2188804723066535,True,0.006305425715142069,1.2989881038665771
849936,767.7024194104494,500,False,0.2160047575118541,True,0.00632282760506145,1.311558723449707
851104,769.7952092886346,500,False,0.028370419137366005,True,0.006345738155775657,1.255338191986084
851312,701.1402300635499,500,False,0.07416784600091691,True,0.006332341272978426,1.4057995080947876
851808,756.0272681538268,500,False,0.15454445192528946,True,0.006306730161356227,1.4649345874786377
851808,724.6180237167579,500,False,0.2576886018901346,True,0.006306730161356227,1.4649345874786377
852992,706.6767215363001,500,False,0.33964848480871573,True,0.006288483769231438,1.1562162637710571
853104,750.8576539175477,500,False,0.14733424299849215,True,0.006246374791399133,1.4183917045593262
853296,729.3720043934746,500,False,0.1197783670562106,True,0.006262452800092447,1.3462331295013428
853696,749.8796104784632,500,False,0.1310978639590525,False,0.006293814803805096,1.1666985750198364
854560,777.511841353423,500,False,0.05472313867999674,False,0.006417097468853772,1.0541476011276245
854624,718.8445480971155,500,False,0.24085997223347347,True,0.006456040795137901,1.2835016250610352
855552,738.0151484961267,500,False,0.1614905524993135,True,0.006453054720875839,1.3540445566177368
856368,752.2387726147331,500,False,0.129885637575393,True,0.0064670011896057035,1.1802055835723877
856400,726.7864099545142,500,False,0.14576910346062294,True,0.006444333496959002,1.2893750667572021
857408,716.0529165767376,500,False,0.2532426243762035,True,0.006446617167861345,1.5354068279266357
857776,703.4849958633812,500,False,0.2655040818115661,True,0.006359572915126668,0.9942984580993652
857936,729.98158226001,500,False,0.16924670479917564,False,0.00638462666019995,1.2687807083129883
859104,740.5912506319271,500,False,0.20675102608934307,True,0.006375198911336731,1.2053923606872559
859312,664.7191508120371,500,False,0.19933112931641767,True,0.0063458523654179,1.2685763835906982
859808,684.8671250531628,500,False,0.20266263506147905,True,0.006359849345783,1.2488559484481812
859808,770.6567083453397,500,False,0.08551974014133686,True,0.006359849345783,1.2488559484481812
860992,716.9272683853466,500,False,0.27672372901942394,True,0.006374645830897273,1.4042896032333374
861104,835.929967778599,500,False,0.10460569811659615,True,0.0063228194240717945,1.1560819149017334
861296,814.01099641995,500,False,0.0704544107318283,True,0.006277305418049456,1.2987706661224365
861696,777.1432237321351,500,False,0.134159509677282,True,0.006229321183603859,1.1928482055664062
862560,784.5626684155185,500,False,0.09861445160403859,False,0.00618682027414479,1.5346654653549194
862624,765.6542212395644,500,False,0.1256503396749082,True,0.006105697060230701,1.1538851261138916
863552,716.0437682539183,500,False,0.2551896234498033,True,0.006097744304239354,1.2731316089630127
864368,695.3404704557886,500,False,0.12374592361341039,False,0.00606933654723897,1.3504328727722168
864400,737.3511277449742,500,False,0.12817111722663596,True,0.006246024320192523,1.1977139711380005
865408,792.1133994731827,500,False,0.10484787704923478,True,0.006245422304063926,1.4624136686325073
865776,765.5297144026675,500,False,0.14294956806734968,True,0.006201161909479004,1.199366807937622
865936,740.6918383940117,500,False,0.09465855079169432,True,0.0062129825938896915,1.3898115158081055
867104,764.0124031381575,500,False,0.17943066951332817,True,0.006197703741952191,1.316467523574829
867312,745.5043236333302,500,False,0.23461468549755882,True,0.006106502490717496,1.440487027168274
867808,806.3544046943481,500,False,0.13014016592651706,True,0.006090047200162534,1.139924168586731
867808,723.0790940696904,500,False,0.15942066516420203,True,0.006090047200162534,1.139924168586731
868992,800.540264481593,500,False,0.08033137402202639,True,0.00603300931858772,1.1759533882141113
869104,700.8193661693118,500,False,0.12052966534144145,True,0.006153441621142363,1.4246731996536255
869296,668.7066199752472,500,False,0.2462017483656231,True,0.006177710063066735,1.2616136074066162
869696,800.8158057047643,500,False,0.0982474976866887,True,0.0061875412413819435,1.2780091762542725
870560,762.6447535071534,500,False,0.09718728766241996,False,0.006251289673141998,1.2829599380493164
870624,728.9862717102375,500,False,0.15787394579970065,True,0.006321658854198682,1.181884765625
871552,774.5354535611814,500,False,0.25697564327314376,True,0.006329735791499215,1.2438044548034668
872368,739.2738358252848,500,False,0.14031084976005637,True,0.006434786688821009,1.3272171020507812
872400,743.4556094004499,500,False,0.14271686160005428,False,0.00643837409606671,1.249514102935791
873408,740.6238848307062,500,False,0.09567094021439579,True,0.006432693454886122,1.3736371994018555
873776,731.5557675849345,500,False,0.1693046908812228,True,0.0063917445054250625,1.1916704177856445
873936,731.5295968170358,500,False,0.17646438887040455,True,0.006405568441243045,1.1279230117797852
875104,754.6536635079073,500,False,0.11983907202003603,True,0.006404101175323101,1.2028584480285645
875312,806.1763589466258,500,False,0.13245462023447405,True,0.006371144692599309,1.3099561929702759
875808,825.1586481589825,500,False,0.06576987953033882,True,0.006358254399169869,0.966659665107727
875808,763.7272486332583,500,False,0.06733471155961163,False,0.006358254399169869,0.966659665107727
876992,786.233396363798,500,False,0.09872828673569303,False,0.006304164304913199,1.1977235078811646
877104,740.038412841965,500,False,0.18925446770419702,True,0.006291858626265734,1.0811749696731567
877296,849.686133919267,500,False,0.08684630307486449,True,0.006312384926634807,1.2198362350463867
877696,773.4335796018842,500,False,0.09152326011769714,True,0.0063469180545712356,1.3463338613510132
878560,638.0290191914145,500,False,0.2068689359068044,True,0.00630927559328142,1.3184345960617065
878624,737.8926178972065,500,False,0.1140376400027304,True,0.00635117652079126,1.3917256593704224
879552,776.9745442240209,500,False,0.21398981489026603,True,0.006353023584599577,1.0555832386016846
880368,664.8329202729451,500,False,0.20770490412482936,True,0.006375643635653383,1.3396466970443726
880400,722.4132992823713,500,False,0.18394013660080205,True,0.00630132289833624,1.5805187225341797
881408,699.3258933618906,500,False,0.22490916253936188,False,0.006290107893060786,1.4021165370941162
881776,749.8733923022891,500,False,0.08964248526844341,True,0.006138480274769328,1.295954942703247
881936,856.7994674795417,500,False,0.10366104460059282,True,0.006146326910645058,1.24326753616333
883104,725.2881253369841,500,False,0.25571131851012874,True,0.006151014529517587,1.2005926370620728
883312,774.7747344230968,500,False,0.11739442093609945,True,0.0061113794604044395,1.8204071521759033
883808,820.6299885620801,500,False,0.061096764673624564,True,0.006110414186706744,1.206103801727295
883808,683.1815050871622,500,False,0.17953225967343248,False,0.006110414186706744,1.206103801727295
884992,780.1128029122955,500,False,0.07130392473712718,True,0.006115442100386563,1.2600277662277222
885104,679.6338010342275,500,False,0.20248935340334848,True,0.0060135994960181325,1.313683271408081
885296,703.94677157786,500,False,0.15759747679623376,True,0.00602831483490411,1.1650362014770508
885696,756.3358387827924,500,False,0.132883555997695,False,0.006053473876163368,1.1860309839248657
886560,830.3756891450179,500,False,0.1238457685017252,True,0.006055372281416797,1.5905117988586426
886624,745.3032080859766,500,False,0.12242403887060073,True,0.005940684669724268,1.2933785915374756
887552,832.3258408711986,500,False,0.17089176784575555,True,0.005933164942652268,1.4939970970153809
888368,791.4015279208677,500,False,0.058447463910119644,True,0.005896278816710647,1.3654441833496094
888400,757.4837449413686,500,False,0.18634691685188093,False,0.00593303812882482,1.1640243530273438
889408,802.4147111669553,500,False,0.03747816910021968,True,0.005934530936435857,1.4480524063110352
889776,746.8345833871141,500,False,0.1339610512999536,True,0.006019684465020067,1.225024938583374
889936,729.0729059302869,500,False,0.17658328119939906,True,0.006025299148977258,1.188403606414795
891104,712.7338400463605,500,False,0.11981754006348973,False,0.006007092625095169,1.229139804840088
891312,726.3591501212826,500,False,0.10801196110450467,True,0.006104056161046695,1.2510422468185425
891808,762.4941862721372,500,False,0.06653367639468702,True,0.006135739305609993,1.0944867134094238
891808,683.7703634768922,500,False,0.25517728287894303,True,0.006135739305609993,1.0944867134094238
892992,802.5667469835058,500,False,0.16646662403617732,True,0.00613209206477982,1.3564918041229248
893104,754.248663906455,500,False,0.12203465284689695,True,0.006121160779553379,1.1582411527633667
893296,747.8101021144134,500,False,0.21696876477939692,False,0.006129096012334097,1.3196848630905151
893696,786.8276430777605,500,False,0.20361327819043026,True,0.006117424380650217,1.5049270391464233
894560,691.6361809889845,500,False,0.10697897235971904,True,0.00614218063285215,1.1709295511245728
894624,722.6047480435443,500,False,0.16257301166520896,True,0.006175864672097003,1.1521891355514526
895552,747.6891992368105,500,False,0.14384799461020695,True,0.006188284034830134,1.2946515083312988
896368,741.0783949842623,500,False,0.18219339435911436,False,0.006204448453494487,1.0324023962020874
896400,810.8121756725312,500,False,0.191353484941989,True,0.006169512616905556,1.501150369644165
897408,746.8191067819488,500,False,0.04540469817528102,True,0.006172704412342353,1.3810824155807495
897776,688.4543064445018,500,False,0.1545670220913726,True,0.006182991838345873,1.1514320373535156
897936,672.3781708069753,500,False,0.1991514211288785,False,0.006181329201594795,1.175729513168335
899104,709.5261815779559,500,False,0.22235915635154171,True,0.0061571947587649965,1.1820980310440063
899312,755.2330476811812,500,False,0.15794601032178082,True,0.006144208827006934,1.291106939315796
899808,733.7098185089435,500,False,0.0863499221915844,True,0.00612290206775463,1.3928415775299072
899808,791.1402757745625,500,False,0.21026289175275198,True,0.00612290206775463,1.3928415775299072
900992,778.4294197639688,500,False,0.04020438372241815,False,0.006137971494859437,1.2853178977966309
901104,814.6271532470058,500,False,0.06537846604589662,True,0.006187523141923617,1.217580795288086
901296,754.2886325976781,500,False,0.11276766534495009,True,0.006219346953275308,1.287243127822876
901696,697.5003417269568,500,False,0.16354056617671,True,0.006220585906703646,1.2124037742614746
902560,807.3842630995636,500,False,0.05426010093416946,True,0.006109655666542269,0.976055383682251
902624,786.8038848656105,500,False,0.11165221565702073,False,0.006095329106507167,1.2513195276260376
903552,743.2334757136815,500,False,0.11887289284629071,True,0.006104497781630248,1.3346145153045654
904368,744.3535298608869,500,False,0.14565792520829474,True,0.006217258563672355,1.2368731498718262
904400,647.0067613297426,500,False,0.24435155630157174,True,0.0061341861046840754,1.1302731037139893
905408,723.8010873862438,500,False,0.10036865508809385,False,0.006140702422139392,1.2030616998672485
905776,708.4871433419269,500,False,0.24644233668070076,True,0.006165945001440561,1.3872510194778442
905936,744.9370548857895,500,False,0.11093312947709014,True,0.006125835464256424,1.2578727006912231
907104,748.4416060198837,500,False,0.17177992680787676,True,0.006144567977523434,1.530137062072754
907312,781.124879350657,500,False,0.14072275666845455,True,0.006224330348505068,1.5615038871765137
907808,856.6802585643409,500,False,0.1262288560898243,True,0.006196686855693504,1.4500272274017334
907808,764.7065685457653,500,False,0.11142757322252218,False,0.006196686855693504,1.4500272274017334
908992,745.7284455509653,500,False,0.05633040991456212,True,0.006052436549210938,1.4234081506729126
909104,730.2717790029509,500,False,0.17575844227581744,True,0.006088369631585365,1.2419774532318115
909296,777.1217675362848,500,False,0.06264269823790046,True,0.006071689631072642,1.0926897525787354
909696,750.5047230565243,500,False,0.02878650130610798,False,0.006059194372785024,1.0592401027679443
910560,776.1928967645762,500,False,0.12636993545911446,True,0.006062953383246692,1.1657993793487549
910624,761.0454966379219,500,False,0.09881765098459333,True,0.006062663215080883,1.2967479228973389
911552,780.9484783539754,500,False,0.11746951466109729,True,0.006048178911521856,1.2566629648208618
912368,823.2054292963859,500,False,0.06645565473992096,True,0.006032261432217393,1.4699262380599976
912400,693.9012481994878,500,False,0.14113237231745543,True,0.0060798834936194425,1.1330816745758057
913408,802.8538363574883,500,False,0.07595761483846727,True,0.006080679693339126,1.2585813999176025
913776,750.3374481865281,500,False,0.0843271071631072,True,0.006011851266707607,1.2983838319778442
913936,788.6969007076073,500,False,0.11255751585607933,True,0.00594611634451872,1.0094318389892578
915104,765.5072552493584,500,False,0.14345544548425967,True,0.005881017218266958,1.2066733837127686
915312,808.061059790714,500,False,0.11734595396545945,True,0.005783466137685291,1.2964062690734863
915808,747.7381349857706,500,False,0.15591924143437855,True,0.005773238070290045,1.2590686082839966
915808,782.9265543957183,500,False,0.14331993643980062,True,0.005773238070290045,1.2590686082839966
916992,828.3499950087623,500,False,0.04541270671594162,True,0.005854649251954433,1.3451851606369019
917104,755.9722349407166,500,False,0.0902407931066608,True,0.006049189010734174,1.1731388568878174
917296,745.265327062382,500,False,0.19648229986038618,True,0.006056256965313106,1.445020079612732
917696,788.0281923880347,500,False,0.2560209007917357,True,0.006048896521197431,1.2784093618392944
918560,748.7485975071459,500,False,0.15124279933035772,True,0.006022389420704451,1.3806061744689941
918624,756.0787811325439,500,False,0.12129528574465288,True,0.0060647820494755655,1.1820549964904785
919552,809.2280145277412,500,False,0.18176494868925228,True,0.006058772726022482,1.1686251163482666
920368,797.6566385340799,500,False,0.10155366679736776,True,0.006061647581287726,1.2435803413391113
920400,804.2570891841632,500,False,0.1339701627893798,True,0.006103220016899349,1.2795394659042358
921408,769.2002850611354,500,False,0.17801920562552256,True,0.006114186467656269,1.358877182006836
921776,765.0927755148385,500,False,0.09536755927009649,True,0.006116311896223775,1.1835744380950928
921936,637.3833934557158,500,False,0.23054875188398502,True,0.006088996669151165,1.1506636142730713
923104,743.7509744857136,500,False,0.1646239892833232,True,0.006052450804933352,1.1487582921981812
923312,797.7174245176682,500,False,0.21922822307350875,True,0.005970806747952954,1.1833093166351318
923808,759.0534527775455,500,False,0.18114866608942315,True,0.006023064125685886,1.2836928367614746
923808,775.5957556100192,500,False,0.10430615534487744,True,0.006023064125685886,1.2836928367614746
924992,741.4921136640565,500,False,0.1520852579380561,True,0.006072941339110098,1.146636962890625
925104,803.8702724779129,500,False,0.0711351439671129,True,0.006046694274659115,1.2227774858474731
925296,820.266289909966,500,False,0.09909709770710771,True,0.006055287779870913,1.154464602470398
925696,651.5172483946591,500,False,0.19553931850128864,True,0.006069581148781462,1.3541356325149536
926560,794.4009365677257,500,False,0.07488700538553306,True,0.006056147306647772,1.2081506252288818
926624,729.8041414658468,500,False,0.13831019189349614,True,0.006043218167224171,1.1098496913909912
927552,572.9688029118876,500,False,0.4407239737795963,True,0.006050286224210839,1.0346206426620483
928368,716.9324432459434,500,False,0.1538819455888448,True,0.006041728968470434,1.166742205619812
928400,810.9020204810562,500,False,0.12529118612337448,True,0.006097607038164796,1.2691023349761963
929408,622.8267887396044,500,False,0.2743234126181172,True,0.006093719118581598,1.1260946989059448
929776,838.3792268308753,500,False,0.05505985525131728,True,0.0061188929181610055,0.9800750613212585
929936,698.3951042245423,500,False,0.18220590477448623,True,0.006079665466756888,1.3165855407714844
931104,744.6273790314233,500,False,0.2250053848272383,True,0.00604208361676619,1.1476106643676758
931312,764.375355155409,500,False,0.12063784900192116,False,0.00603045110751639,1.1974244117736816
931808,744.6075399598534,500,False,0.08792713963783513,True,0.005987610307331585,1.2813293933868408
931808,776.9360016786646,500,False,0.16436902529767208,True,0.005987610307331585,1.2813293933868408
932992,751.1195047441324,500,False,0.1319022391249284,True,0.005954042937191686,1.084153413772583
933104,685.665344821866,500,False,0.23838790283456426,True,0.005940719283153223,1.4720009565353394
933296,862.6630324451444,500,False,0.03769248142457578,False,0.005934986342673994,1.755143404006958
933696,851.2946151298844,500,False,0.028213906682988947,False,0.005924487168628213,1.408167839050293
934560,672.2389507145509,500,False,0.18957158238732166,True,0.00588317678479815,1.4233988523483276
934624,778.9084973903191,500,False,0.08103087825261801,True,0.0059286030320810775,1.2591280937194824
935552,766.8769838396358,500,False,0.07987040031547855,True,0.005934440867278185,1.2849674224853516
936368,695.03838520397,500,False,0.12108527515419881,True,0.005921978567022412,1.0850844383239746
936400,787.1011988512828,500,False,0.1680800929264134,True,0.006098191839968665,1.4144737720489502
937408,661.7797063750583,500,False,0.32619415991196477,True,0.006101422942364394,1.3336468935012817
937776,768.5963412603095,500,False,0.12425348228313475,True,0.0060453729947959976,1.2368838787078857
937936,787.3652227413746,500,False,0.14193390603923414,True,0.006057729904725977,1.506934642791748
939104,663.6732939596043,500,False,0.2522113068018422,True,0.006052812764060218,1.1763228178024292
939312,729.9588372768318,500,False,0.14426902115092746,True,0.0060878256340856415,1.184183120727539
939808,725.9581364350734,500,False,0.1326054342545143,True,0.006113239995915686,1.2608051300048828
939808,813.68276625061,500,False,0.028279072699673485,False,0.006113239995915686,1.2608051300048828
940992,755.7053774924309,500,False,0.19049266866073175,True,0.006138162474541,1.0831265449523926
941104,704.0218882453487,500,False,0.1654877521049722,True,0.006023956111442951,1.4608619213104248
941296,793.2434985433407,500,False,0.0625856847360688,False,0.006002505890469268,1.3847525119781494
941696,746.801517414973,500,False,0.09569616407803018,True,0.0059756889460709575,1.1284592151641846
942560,749.2666892866441,500,False,0.18656029889235407,True,0.005957185047547623,1.5616575479507446
942624,783.6170871526754,500,False,0.09564481072050401,True,0.0059222007860892135,1.0152575969696045
943552,799.1981861407056,500,False,0.20022367412830763,True,0.0059282351912871,1.126089096069336
944368,769.411547761933,500,False,0.1674613901999472,True,0.005926738452398483,1.318363904953003
944400,791.8203586303682,500,False,0.11654964871606892,True,0.005990109271138024,1.065981388092041
945408,779.1071581891025,500,False,0.12599100819802536,True,0.005996995230142229,0.9883022308349609
945776,807.5317371510835,500,False,0.12228366677360877,True,0.005952673158791866,1.2186790704727173
945936,735.8833197668552,500,False,0.12144037074930782,False,0.005888078768466446,1.3256862163543701
947104,734.039074461949,500,False,0.24668765642800428,True,0.005863004218938142,1.3529545068740845
947312,789.6807553566587,500,False,0.21690648466233706,False,0.00575365923700175,1.3915051221847534
947808,786.3706043062124,500,False,0.16646410561666108,True,0.005749442168264002,1.0998761653900146
947808,790.8448026619318,500,False,0.0867609389037868,True,0.005749442168264002,1.0998761653900146
948992,748.9440707461913,500,False,0.05405659548437522,True,0.005781596309547367,1.5278003215789795
949104,770.5391896232529,500,False,0.11741823345718701,True,0.005873641803064248,1.2682251930236816
949296,723.0635318157965,500,False,0.18089590609327522,False,0.005897406999985138,1.2929885387420654
949696,773.8411723752462,500,False,0.17133664365059623,True,0.005921775125056393,1.26542329788208
950560,715.0823239519829,500,False,0.20872880951977033,True,0.005900326005766279,1.7582457065582275
950624,766.451210305426,500,False,0.19041663591672459,True,0.005981702651144773,1.1456236839294434
951552,859.148367796081,500,False,0.046557013854660934,False,0.005982989913230773,1.1150342226028442
952368,771.4246878100504,500,False,0.0233548212964547,True,0.006073977556838397,1.2918227910995483
952400,708.5988105364052,500,False,0.19109704907904912,True,0.006132241746996147,1.1591694355010986
953408,713.1979379641476,500,False,0.14685670721242225,True,0.006127020778865259,1.5217479467391968
953776,699.2240794843502,500,False,0.24205760139150073,True,0.006070387486261217,1.1025745868682861
953936,736.269377343824,500,False,0.16454288868372344,True,0.006077296480465185,1.3434357643127441
955104,747.073403961359,500,False,0.17390816231034242,False,0.006092322622238584,1.346320390701294
955312,653.2574112802158,500,False,0.24697425658803912,True,0.006058082062471584,1.2051005363464355
955808,768.1155692941115,500,False,0.049187076052440895,False,0.0060334189177410945,1.2585150003433228
955808,777.7254423762032,500,False,0.021923449018416214,True,0.0060334189177410945,1.2585150003433228
956992,716.9560458833882,500,False,0.2094881327076777,True,0.006083516527883603,1.1750494241714478
957104,727.4547901206153,500,False,0.0931637773417581,True,0.006211008108608493,1.269829511642456
957296,702.533689995244,500,False,0.1044735021240853,True,0.00621129514482267,1.2841932773590088
957696,747.417848234465,500,False,0.11510249929949795,True,0.006225890091283239,1.5228122472763062
958560,774.1569913863735,500,False,0.07239729422584552,False,0.006199972740317052,1.2561510801315308
958624,738.3273405791749,500,False,0.07576056310995079,True,0.006113492607525137,1.2452887296676636
959552,849.3750476223474,500,False,0.03303145910398575,True,0.006110979736392105,1.3698406219482422
960368,739.2783929533246,500,False,0.1397764969002943,True,0.006165340951897079,1.3432774543762207
960400,823.162087141236,500,False,0.08067976926006655,False,0.006192407478392832,1.226212978363037
961408,778.3170841036282,500,False,0.04802303566787332,True,0.006187875895775441,1.1707429885864258
961776,716.8809312076892,500,False,0.18895490127214523,True,0.0061889592598309145,1.2503905296325684
961936,760.6704680133244,500,False,0.08068104144829162,False,0.006217956728536032,1.218123435974121
963104,834.4491181075186,500,False,0.11994529795405794,True,0.0062013721396559154,1.395714521408081
963312,751.3773667487933,500,False,0.18495203678167596,True,0.0062163843169144445,1.1706023216247559
963808,725.654043378535,500,False,0.12841502931315038,False,0.006235092503151004,0.9419654607772827
963808,672.5832241308383,500,False,0.27044099807007205,True,0.006235092503151004,0.9419654607772827
964992,708.6520861460858,500,False,0.2099348825756604,True,0.006248879835512593,1.1683926582336426
965104,756.9146131292522,500,False,0.14841414741556738,True,0.006249083988512925,1.0732290744781494
965296,812.9924699422094,500,False,0.13929054393485435,True,0.006254775708427969,1.2744969129562378
965696,751.4578590582789,500,False,0.16070947697551033,True,0.006236195859679978,1.2110705375671387
966560,791.1801762686765,500,False,0.11175710279303742,False,0.006283084100908541,1.1156010627746582
966624,851.8160707588377,500,False,0.1321650146754556,True,0.006204649170309743,1.1330161094665527
967552,741.787584302349,500,False,0.20480298155614945,True,0.0062112509778702064,1.200911521911621
968368,675.2448714678876,500,False,0.23216563254720313,False,0.0062031301917917165,1.1911238431930542
968400,762.2199690939404,500,False,0.11696794213565251,True,0.006261470003974308,1.4236643314361572
969408,775.7555428257944,500,False,0.07885983676746028,True,0.006257401923837102,1.259670376777649
969776,796.1746931012477,500,False,0.2090469099220074,True,0.006359235321430721,1.2309167385101318
969936,808.0542155414147,500,False,0.09859385309358241,True,0.006468205641756693,1.3216726779937744
971104,657.1056697510957,500,False,0.21390062132281415,True,0.006498594031668106,1.2525473833084106
971312,763.0764611841563,500,False,0.09543264850893284,False,0.006564199419011786,1.096576452255249
971808,725.9841727672059,500,False,0.10654746477393655,False,0.006555074895630238,1.1251792907714844
971808,826.8492460179863,500,False,0.07793205285784469,False,0.006555074895630238,1.1251792907714844
972992,816.5813590236336,500,False,0.05417495745469786,True,0.006470071226571433,1.1703174114227295
973104,652.1060941710784,500,False,0.23580885728107173,True,0.006119499396589648,1.458482027053833
973296,819.9011648625548,500,False,0.1000855327623893,True,0.006109548705783423,1.1752384901046753
973696,723.9316445042075,500,False,0.15393727646542002,True,0.006070857815764638,1.0897811651229858
974560,704.2333618215619,500,False,0.19372422094549865,True,0.0060828895328137594,1.0057737827301025
974624,757.7402693998589,500,False,0.11576588323620071,True,0.006048500323072969,1.3578693866729736
975552,832.4591566965,500,False,0.11234597861140753,True,0.006044305412912683,1.2752115726470947
976368,761.5182206411898,500,False,0.13817809030300215,True,0.00609310028272329,1.2606024742126465
976400,620.1328097485134,500,False,0.3355412898161537,True,0.006025641489362108,1.3234915733337402
977408,733.0125340957615,500,False,0.16212712130511567,True,0.006033529056233095,1.1856281757354736
977776,725.3057330658496,500,False,0.12796285346121156,True,0.006123397243112642,1.3439258337020874
977936,744.5224215099569,500,False,0.12787788419014542,True,0.006074084388696494,1.1651499271392822
979104,652.681403354392,500,False,0.23322581547307186,True,0.006049259520910723,1.323089599609375
979312,752.1113725566584,500,False,0.1608867817444394,True,0.00618174164228815,1.1808454990386963
979808,726.2104478892066,500,False,0.07894715403830815,True,0.006235233842955073,1.2107174396514893
979808,705.3095223987677,500,False,0.2074740255697357,True,0.006235233842955073,1.2107174396514893
980992,683.2136381618561,500,False,0.1859946149442912,True,0.006181453655591782,1.2761964797973633
981104,803.493785127437,500,False,0.07559673834454601,True,0.0065325837476417625,1.1161143779754639
981296,762.6840918252109,500,False,0.21586042220691515,True,0.0065329220369917,1.1410795450210571
981696,744.2163163439864,500,False,0.20089044524824481,False,0.006505869210534818,1.1187403202056885
982560,755.1907957277828,500,False,0.15297536613390514,True,0.0063918632159740245,1.3378971815109253
982624,664.6666601096256,500,False,0.2529289499987186,True,0.006220359248517355,1.2087260484695435
983552,740.6953136324125,500,False,0.06002372605920575,True,0.006235230578256853,1.3896065950393677
984368,760.2209694599968,500,False,0.061913488175458595,True,0.00629634278156084,1.1704896688461304
984400,672.4841751314815,500,False,0.2240906380945564,True,0.0062643461450098345,1.1717548370361328
985408,802.8191565014248,500,False,0.05238828463467703,True,0.006270285001402406,1.3954545259475708
985776,685.8505428221603,500,False,0.15939845383244622,True,0.006333153063222402,1.2285422086715698
985936,818.2073624377523,500,False,0.07227316424372947,False,0.006317972592568667,1.089576244354248
987104,749.4969342299063,500,False,0.2669677199227464,True,0.006304119683080758,1.2175946235656738
987312,726.4655326380539,500,False,0.165571428491836,True,0.006311987036738037,1.3733906745910645
987808,756.0420793054504,500,False,0.07496398335178847,False,0.006324402033155336,1.0977636575698853
987808,783.4822394255102,500,False,0.13868306696659216,True,0.006324402033155336,1.0977636575698853
988992,655.8385077228428,500,False,0.16940099589424096,True,0.006356379742808998,1.386296272277832
989104,677.5895243745401,500,False,0.21772895374566742,True,0.006412580468242911,1.217252492904663
989296,773.4481565680501,500,False,0.0851368844306132,True,0.006401328104724463,1.2281317710876465
989696,760.2125180768275,500,False,0.2529293739895199,True,0.0063718866668241595,1.0425784587860107
990560,671.0200119905355,500,False,0.36209474894515725,True,0.0063462504664452595,1.3815970420837402
990624,723.2204647419295,500,False,0.19470858016190964,True,0.00617285529813759,2.5856404304504395
991552,788.1665508631559,500,False,0.0649257211114741,True,0.006156944804436677,1.0885542631149292
992368,651.6873258263706,500,False,0.2990117821626674,True,0.006124276378339434,1.010329008102417
992400,703.6581138998716,500,False,0.2220891859411143,False,0.006091649266836138,1.4601716995239258
993408,713.4639565978056,500,False,0.21074170249407137,True,0.0060908448088853465,1.08827805519104
993776,766.9688374341982,500,False,0.08273886195505713,True,0.006298338213617124,1.573623776435852
993936,775.6781318759444,500,False,0.08402009207180428,True,0.006206839554874886,1.2972685098648071
995104,657.1855089502402,500,False,0.23167165098030287,True,0.006192891823867554,1.2394064664840698
995312,815.8250056491152,500,False,0.12149333019350592,True,0.006136152350724461,1.4990804195404053
995808,648.743240090863,500,False,0.19969366502763602,True,0.006128867332035953,1.1142096519470215
995808,798.6532100104059,500,False,0.08521985456031188,True,0.006128867332035953,1.1142096519470215
996992,911.8942209356715,500,False,0.007468917308804348,False,0.006190902848516809,1.6089887619018555
997104,820.1425236954393,500,False,0.08680228481335431,True,0.006136768915522353,1.3067973852157593
997296,854.9330017127811,500,False,0.02075589415513147,True,0.006145362109616426,1.495248794555664
997696,842.5946844587821,500,False,0.037833587434464834,True,0.006134154747252969,1.2377946376800537
998560,628.2896074906807,500,False,0.25771576067785695,True,0.0061446259711464835,1.068202257156372
998624,721.6882193385512,500,False,0.28308866996451576,False,0.006145927313302434,1.051156759262085
999552,788.8757897198724,500,False,0.09026807052505961,True,0.006136964294750745,1.386523962020874
1000368,778.0418612592134,500,False,0.1168244106117041,True,0.006296834056572797,1.4560039043426514
1000400,818.8221365927559,500,False,0.03935952730943252,True,0.006341372719182249,1.3431318998336792
1001408,798.387315212062,500,False,0.05433030470360205,True,0.006344218921665781,1.0714319944381714
1001776,697.1455299134313,500,False,0.33204374932412395,True,0.006240329398182322,1.3027973175048828
1001936,720.40739579597,500,False,0.29858016537768467,True,0.006172675855933852,1.2553482055664062
1003104,781.1484810827029,500,False,0.08087544492044879,True,0.006151674596854112,1.2517696619033813
1003312,740.8215416692818,500,False,0.12065780209908467,True,0.006049952898103074,1.013390302658081
1003808,759.559304910785,500,False,0.09718356705414503,False,0.006037067318943784,6.781656265258789
1003808,749.9017852113253,500,False,0.19246157191938718,True,0.006037067318943784,6.781656265258789
1004992,804.5088600631198,500,False,0.162692876287978,True,0.00601601966811335,1.5708880424499512
1005104,708.1480716831944,500,False,0.2549315390560736,True,0.006149597173444277,1.4300918579101562
1005296,727.4448847745733,500,False,0.1772178882072973,True,0.006136935561949135,1.1200282573699951
1005696,781.469863163733,500,False,0.1665771068579602,True,0.006118026683612419,1.536330223083496
1006560,791.9537399979974,500,False,0.045472887288830074,True,0.00606884492675851,1.277504324913025
1006624,854.11015879792,500,False,0.0444097045775627,True,0.005890316671813651,1.3186633586883545
1007552,628.826849260488,500,False,0.328578741491413,True,0.005871939868481217,1.4820022583007812
1008368,807.9595097073624,500,False,0.06620933478197343,True,0.005763499159046715,1.1962549686431885
1008400,754.6233306045278,500,False,0.19171125380509296,True,0.005704545556848264,1.156477451324463
1009408,726.4533449903737,500,False,0.2252905449575877,True,0.005706380772723032,1.1587860584259033
1009776,851.4076318976693,500,False,0.02806773766872288,True,0.005663313952253614,0.9770714640617371
1009936,753.2187281238391,500,False,0.11638416204869133,True,0.0057111559302489125,1.0295698642730713
1011104,762.8604398869729,500,False,0.12410603499127645,False,0.005693587893502917,1.5050022602081299
1011312,792.3271266927037,500,False,0.09939074496209618,True,0.005747013585809794,1.3274908065795898
1011808,762.1351906631397,500,False,0.11814218922748913,True,0.005759835427706746,1.4233884811401367
1011808,685.6597326839022,500,False,0.32540615098354136,True,0.005759835427706746,1.4233884811401367
1012992,732.4613986327787,500,False,0.20676959477001744,True,0.0057523276528442776,1.5492533445358276
1013104,713.6341418014377,500,False,0.1266562437547931,True,0.005879549033371447,1.2729344367980957
1013296,778.5958115303923,500,False,0.11531747719121845,True,0.005872626642588962,1.3961580991744995
1013696,733.9661589747956,500,False,0.13574172168003126,True,0.005857273029776746,1.3500571250915527
1014560,753.001069201424,500,False,0.11462254947413733,True,0.00588972783027839,1.4401872158050537
1014624,783.87631207078,500,False,0.12693673174214656,True,0.00586514478915135,1.6861438751220703
1015552,785.9219555256092,500,False,0.14246522811984147,False,0.005854784148373814,1.4718976020812988
1016368,700.1676128040687,500,False,0.13826749273530467,True,0.005732701611471569,1.658367395401001
1016400,733.088371503977,500,False,0.126788230942622,True,0.0058099743720256706,1.179076910018921
1017408,701.1152839183867,500,False,0.26781809822764524,True,0.005815190412744312,1.2953143119812012
1017776,781.3240490910683,500,False,0.2367017073664033,True,0.005836029860731161,1.3192849159240723
1017936,653.2549641527753,500,False,0.21528277875795246,True,0.005779850805820043,1.3750848770141602
1019104,720.0294294663047,500,False,0.1965668476665943,True,0.005780741105880163,1.2296340465545654
1019312,770.9331747732698,500,False,0.018755497304734883,False,0.005746953498836253,1.529030680656433
1019808,790.5196221274182,500,False,0.06939468712507689,False,0.005735850526629136,1.1855460405349731
1019808,848.0490199399469,500,False,0.10619419317384705,False,0.005735850526629136,1.1855460405349731
1020992,768.9546809731913,500,False,0.14958208402808143,True,0.005823232462502151,1.1160547733306885
1021104,720.9983864312771,500,False,0.16652857759603928,True,0.005908990713685276,1.2874972820281982
1021296,752.9036114654102,500,False,0.18801237596789813,True,0.005907557836947255,1.2498886585235596
1021696,672.4694491233785,500,False,0.2023468722421221,True,0.005900753049380197,0.8923829793930054
1022560,790.0021785556575,500,False,0.059168998990283876,True,0.005788308342072237,0.9833580255508423
1022624,851.8047844997934,500,False,0.11894860709175345,False,0.005873936405471345,1.059203863143921
1023552,812.7061600746758,500,False,0.154799162866547,True,0.005864925772446702,1.122999668121338
1024368,887.1197919190026,500,False,0.07658088681125204,False,0.005682845805060141,1.5467866659164429
1024400,744.12454844065,500,False,0.07485317067421988,True,0.005567795426104319,1.3162736892700195
1025408,802.7733756952641,500,False,0.20645904279244381,True,0.005567416646671686,1.2931485176086426
1025776,778.4412372983473,500,False,0.20340068395135824,True,0.0056390378145292136,1.2478457689285278
1025936,652.3454487881378,500,False,0.18893684914944028,False,0.005657297238796468,1.3404209613800049
1027104,684.0217025884049,500,False,0.15914775212726393,True,0.00568953918300406,1.4779810905456543
1027312,738.0555232627204,500,False,0.16023796134040105,True,0.005795092991818818,1.3501060009002686
1027808,717.4913207352475,500,False,0.28112697558624994,True,0.0057310705731825565,1.075096845626831
1027808,756.1101899219716,500,False,0.06335009332727384,False,0.0057310705731825565,1.075096845626831
1028992,728.0664324649188,500,False,0.23538141286447015,True,0.005638816838453275,1.448002576828003
1029104,818.6959547787253,500,False,0.037923890677133025,True,0.005619282589350807,1.5959513187408447
1029296,814.897706987295,500,False,0.08227252586817756,False,0.005632949420857337,1.370847225189209
1029696,779.4724564498995,500,False,0.195310485426927,True,0.005642336477988646,1.2795766592025757
1030560,785.8252322900577,500,False,0.1529985802285988,True,0.005640349495087864,1.1061350107192993
1030624,716.0785011485351,500,False,0.2523899443969185,True,0.005516917004617656,1.2781263589859009
1031552,800.9738164032858,500,False,0.05301681915125189,True,0.005514640199467998,1.2969131469726562
1032368,840.177455614753,500,False,0.04572571670489112,True,0.00562457927557931,1.1923656463623047
1032400,801.6988790590467,500,False,0.06387104709685285,False,0.005705947330809124,1.3670618534088135
1033408,738.8046228625308,500,False,0.17925956847609753,True,0.005707243299110276,1.4965612888336182
1033776,691.9972764664376,500,False,0.18830227628564464,False,0.005662656251967559,1.4912817478179932
1033936,835.3901174872875,500,False,0.0719581355532901,True,0.005638033685417467,1.3661649227142334
1035104,736.5209785144016,500,False,0.20101070990964487,True,0.005609279698610225,1.5024285316467285
1035312,808.9400861414551,500,False,0.061511727790480634,False,0.00556958079658662,1.3503708839416504
1035808,683.43832840265,500,False,0.16587883560590375,True,0.005527959567802747,1.0831608772277832
1035808,739.7694893163239,500,False,0.17200885116351242,False,0.005527959567802747,1.0831608772277832
1036992,669.6303520947034,500,False,0.23891490258122502,True,0.0055690615918178275,1.185921311378479
1037104,793.6225390853178,500,False,0.07833943581054945,True,0.005624458192041345,1.4981689453125
1037296,717.7370000294776,500,False,0.19367341318292514,True,0.0056261033591269395,1.1702418327331543
1037696,777.4690542505033,500,False,0.09282803937303835,False,0.00564509106230053,1.2852963209152222
1038560,748.6959880219213,500,False,0.07943077565457465,True,0.005617660177418878,1.111363172531128
1038624,687.4612504711982,500,False,0.2433764752453421,True,0.0053758481713149335,1.4268370866775513
1039552,705.34645068935,500,False,0.20334231821184637,True,0.005366312527860938,1.3003854751586914
1040368,703.9998494682526,500,False,0.28704351126314637,True,0.005248119987494808,1.1436567306518555
1040400,762.2907186954675,500,False,0.2582784132014413,True,0.005261739128591813,1.2485885620117188
1041408,830.1183318670115,500,False,0.0883597777662368,False,0.005271124311337906,1.3159360885620117
1041776,706.1983191202198,500,False,0.12966689268402523,True,0.005341010493597032,1.1921149492263794
1041936,823.8237029570398,500,False,0.14182380816409695,False,0.005293657115593588,1.1136767864227295
1043104,736.0519042642129,500,False,0.1076838273290596,True,0.005286445738972106,1.5496615171432495
1043312,707.1698558497982,500,False,0.16853729013465663,True,0.005340476791374261,1.248712182044983
1043808,796.6560672091707,500,False,0.09277683906895999,True,0.005329299558531917,1.3385910987854004
1043808,784.2799732462532,500,False,0.11740135594947722,True,0.005329299558531917,1.3385910987854004
1044992,786.9129799730223,500,False,0.16750254051909827,True,0.005425972753767408,1.222501516342163
1045104,787.0518681130911,500,False,0.09953683120955159,True,0.005334466439769135,1.5346367359161377
1045296,810.1775160575402,500,False,0.15331381696261934,True,0.005317007195857871,1.217289924621582
1045696,812.1325215554608,500,False,0.09506313036840314,True,0.005283850161909022,1.1491159200668335
1046560,701.9205702512188,500,False,0.1725920856485865,True,0.005228805899438484,1.3805360794067383
1046624,753.6720424587494,500,False,0.10918810825342067,True,0.005256746792594701,1.220038652420044
1047552,809.6114186837691,500,False,0.028834712760163965,True,0.005259401066869203,0.9938951730728149
1048368,690.9468615180715,500,False,0.1709438740088765,True,0.005374378630875015,1.348475456237793
1048400,795.6115364353006,500,False,0.07211614311386234,True,0.005286402299398313,1.3143513202667236
1049408,750.2043911044591,500,False,0.0761044199501264,True,0.005284810287071565,1.2848671674728394
1049776,734.4419083407049,500,False,0.16474247236393058,True,0.0052688042001746175,1.3457818031311035
1049936,778.5333605541541,500,False,0.026358466949446855,True,0.0052340969022417715,1.4170796871185303
1051104,774.2084974670902,500,False,0.040957284285044034,True,0.0051883269782112326,1.2185529470443726
1051312,793.5210574918846,500,False,0.10572386476470563,True,0.0052001526555669735,1.286178469657898
1051808,789.2404343783879,500,False,0.11260827381514649,True,0.005200549803721989,1.218926191329956
1051808,673.8541341591452,500,False,0.22247309787636385,True,0.005200549803721989,1.218926191329956
1052992,732.0301457235656,500,False,0.18480845077168845,True,0.005234737464095224,1.3221702575683594
1053104,754.4347629569164,500,False,0.17421173939657597,True,0.005220861313233866,1.152252435684204
1053296,673.692700568093,500,False,0.21987715725493184,True,0.005207507266731438,1.4401957988739014
1053696,785.2530644200368,500,False,0.1299178044812211,True,0.0051630279154270065,1.2341668605804443
1054560,800.0846707095654,500,False,0.11377247993576466,True,0.0051197783710058295,1.7782373428344727
1054624,668.9259549187851,500,False,0.21136852559383057,False,0.005163309213764024,1.1850347518920898
1055552,808.9996479632081,500,False,0.08444727943835903,False,0.0051759428674746375,1.2272248268127441
1056368,807.5029346327357,500,False,0.12265401166738489,False,0.005258593390984185,1.2113776206970215
1056400,854.7104733108613,500,False,0.11563010423278117,True,0.005234420727424894,1.3434163331985474
1057408,775.8162134676631,500,False,0.1375253997705175,True,0.005236817903478146,1.3382784128189087
1057776,786.0804759503984,500,False,0.1843242338415652,True,0.005116959252870523,1.2818500995635986
1057936,786.101841107029,500,False,0.12223584719986363,True,0.0050506580793294115,0.8632099628448486
1059104,720.9905602972382,500,False,0.2102410147262548,True,0.005064991168339799,1.2288589477539062
1059312,670.9157727118435,500,False,0.21720305644637591,False,0.005142153690168288,1.5020945072174072
1059808,803.5330654107635,500,False,0.17794815347137968,True,0.005129809265654011,1.3352344036102295
1059808,790.8766376973143,500,False,0.11236967430459599,True,0.005129809265654011,1.3352344036102295
1060992,705.7837039692321,500,False,0.07145612938910317,False,0.005239025505617657,1.1005253791809082
1061104,772.5355293370277,500,False,0.045500105036631364,True,0.005271493309321602,1.5094213485717773
1061296,747.6840240813056,500,False,0.12702777208654636,True,0.005246423282492771,1.133549451828003
1061696,747.9504671418902,500,False,0.15976594447961073,True,0.005213375842511472,1.3931223154067993
1062560,717.0022668465302,500,False,0.24064683855632546,True,0.005176201583777508,1.2458397150039673
1062624,786.4283841845969,500,False,0.09010374229283181,False,0.005048018780573766,1.2316079139709473
1063552,758.6909278810692,500,False,0.07259877558261203,True,0.0050435355359841165,1.2840576171875
1064368,707.5869394246512,500,False,0.22208203883694763,True,0.005061759600829792,1.205359935760498
1064400,741.6915267912545,500,False,0.13525637769464718,True,0.005019625341939922,1.369713306427002
1065408,712.2474103058559,500,False,0.22836289704902188,True,0.005019692855191697,1.1387240886688232
1065776,719.2306055320292,500,False,0.21441845451479907,False,0.005064999752394757,1.269313097000122
1065936,644.9200704414937,500,False,0.38111428743447795,True,0.00508528167007468,1.2202705144882202
1067104,782.991538163357,500,False,0.17114818694619766,True,0.0050898962877511805,1.0837087631225586
1067312,722.1142140702736,500,False,0.11545954501214346,True,0.005042227732052882,1.2529115676879883
1067808,762.2384412299356,500,False,0.12479646512135352,True,0.005062085412747269,1.4158462285995483
1067808,695.244243105022,500,False,0.17123735243379787,True,0.005062085412747269,1.4158462285995483
1068992,788.9249185391869,500,False,0.11674275960265834,True,0.005033614625703053,1.3287920951843262
1069104,784.7146025221169,500,False,0.19171263333499636,False,0.004890870174517517,1.0331655740737915
1069296,755.1676548080151,500,False,0.128634113202218,True,0.0048715889572186,1.2358016967773438
1069696,764.7775699990158,500,False,0.121197752815984,True,0.0048861689217176195,1.1698533296585083
1070560,701.711774900423,500,False,0.20254198623874278,False,0.004927560347425031,1.3607176542282104
1070624,787.0278542322484,500,False,0.09147276809038722,True,0.004957247441297368,1.3475085496902466
1071552,700.5111209170528,500,False,0.1738446962465474,True,0.004944501748727606,1.393341064453125
1072368,740.1503608862855,500,False,0.16989525836481714,True,0.004963361622227407,1.2875564098358154
1072400,772.6045826265253,500,False,0.22417700462125956,True,0.005056467178951205,1.2807791233062744
1073408,702.0903999260704,500,False,0.2660332432579269,True,0.005057647033061293,1.1792566776275635
1073776,775.4884608617295,500,False,0.06442974331908465,True,0.005005144791117296,1.3931047916412354
1073936,663.1768446879469,500,False,0.29042636105056957,True,0.004995424753143077,1.2966424226760864
1075104,695.2723460252321,500,False,0.22407559840245755,True,0.0049912320416600625,1.4180450439453125
1075312,743.033168555269,500,False,0.1241457036085816,True,0.004969593780720239,1.2014795541763306
1075808,741.2953099888089,500,False,0.12364210706322955,True,0.004997397686162385,1.1994150876998901
1075808,749.1938057900827,500,False,0.13500328588189855,True,0.004997397686162385,1.1994150876998901
1076992,709.6653278848936,500,False,0.3502399775403246,True,0.0050593089515626926,1.3363221883773804
1077104,805.959964859275,500,False,0.1340731367591918,True,0.005254152133151135,1.195171594619751
1077296,728.7083023391682,500,False,0.16389543986022267,False,0.0052988980130311185,1.413118839263916
1077696,781.964892729481,500,False,0.1039574290916117,True,0.005331580413377712,1.2098090648651123
1078560,696.2757828105068,500,False,0.07066914779118863,True,0.00529342388648322,1.3523380756378174
1078624,718.568008517515,500,False,0.18369460775002952,True,0.005268265159225423,1.2903985977172852
1079552,729.1458199205485,500,False,0.18346569021062112,True,0.0052661176423751625,1.1638076305389404
1080368,787.4001594830283,500,False,0.13417050976876993,True,0.005207773924623438,1.5382882356643677
1080400,776.3207267805913,500,False,0.1216895197332578,False,0.005064947266228434,1.3180617094039917
1081408,782.598567045926,500,False,0.11719308522900264,True,0.00505978957298096,1.4442853927612305
1081776,867.6566866014125,500,False,0.07808391125281103,True,0.005053975020662865,1.3054323196411133
1081936,744.4720918713624,500,False,0.15169366990682756,True,0.005069789837216027,1.1234729290008545
1083104,770.2248848766084,500,False,0.13810315127063347,True,0.005075739251479127,1.4708898067474365
1083312,756.5575458131019,500,False,0.18076658939700996,True,0.004983308028700851,1.3544220924377441
1083808,822.1123503502055,500,False,0.04653887608930829,True,0.0049614109219314135,1.2501277923583984
1083808,727.1760685098296,500,False,0.185189520234917,True,0.0049614109219314135,1.2501277923583984
1084992,752.3518000881173,500,False,0.1303341539255855,True,0.004948802051608222,1.340451717376709
1085104,726.3162366278384,500,False,0.22212291980343915,True,0.004988851846240565,1.4140640497207642
1085296,688.8427415317525,500,False,0.16456567742876158,False,0.004998559384965378,1.2605936527252197
1085696,771.2993108527204,500,False,0.10116834294155962,True,0.005027601517628362,1.0576577186584473
1086560,728.4555547449396,500,False,0.14078719868726078,True,0.0049939164609534206,1.1795637607574463
1086624,705.6064905741847,500,False,0.14153169832726023,False,0.004919357999068203,1.4572293758392334
1087552,804.257554373379,500,False,0.17986836958699853,True,0.004916569249230738,1.3689460754394531
1088368,811.7382447729211,500,False,0.14738790489899606,True,0.004949411570408655,1.3309211730957031
1088400,760.3287234557004,500,False,0.1365309813316189,True,0.004951079805963674,1.305204153060913
1089408,700.0808358824122,500,False,0.18976587446559792,True,0.00494739757937196,1.1616681814193726
1089776,727.8485293798382,500,False,0.16337454032245521,True,0.0050323086238135304,1.4237689971923828
1089936,749.8052539032265,500,False,0.1421577873073804,True,0.005037217893054617,1.1334471702575684
1091104,773.5944125907444,500,False,0.12096949400992646,False,0.005022025389015729,1.5005178451538086
1091312,765.1142846864117,500,False,0.17172892982567883,False,0.004822853079511002,1.0859127044677734
1091808,795.5053145695363,500,False,0.08020064951122781,False,0.004816826708261626,1.3610880374908447
1091808,784.606209919915,500,False,0.14347258829014,True,0.004816826708261626,1.3610880374908447
1092992,700.3709691861112,500,False,0.2515209263340558,True,0.004802937459608394,1.0884796380996704
1093104,803.1487614003568,500,False,0.03714969207933575,True,0.004999492058021621,1.161102533340454
1093296,787.8349100068932,500,False,0.10893809379983017,False,0.004996378395377467,1.2400438785552979
1093696,797.493607549779,500,False,0.06318745250977945,True,0.004983702674838029,1.4523377418518066
1094560,791.133982465343,500,False,0.11662829356831149,True,0.00492102709374979,1.143025279045105
1094624,735.5162523737744,500,False,0.16748872057306396,True,0.004922602882709034,1.539861798286438
1095552,750.7117209365076,500,False,0.11067790195960957,True,0.004912691895543873,1.0647351741790771
1096368,664.7635734686017,500,False,0.2523184765938014,True,0.004838306405366828,1.559347152709961
1096400,753.2480350655779,500,False,0.15127272047522383,False,0.004874693319093991,1.210513710975647
1097408,753.6383369654473,500,False,0.15389079776607026,True,0.004867496672695317,1.0465734004974365
1097776,733.7743659156566,500,False,0.11398827526665309,True,0.0048636413812298595,1.2259612083435059
1097936,770.9112929662175,500,False,0.15109848899369493,False,0.004928148854862239,1.2701542377471924
1099104,759.155639337302,500,False,0.09969511113573087,True,0.004928280019913602,1.224421501159668
1099312,692.5159119707129,500,False,0.25637769661009785,True,0.004930769321067702,1.1474707126617432
1099808,775.1570413739068,500,False,0.07408298560586023,True,0.004939437257271362,1.1364409923553467
1099808,717.0882078150032,500,False,0.16895965904282104,True,0.004939437257271362,1.1364409923553467
1100992,709.0772670325342,500,False,0.14692125814259643,True,0.0049479779945260155,1.0531940460205078
1101104,835.1125154167374,500,False,0.06352296996603662,True,0.004946893477087207,1.3685717582702637
1101296,729.3368902938967,500,False,0.1962841921627953,False,0.004955813222956736,1.257199764251709
1101696,695.042079675863,500,False,0.1693145590216583,True,0.00496787221489959,1.0865832567214966
1102560,683.3413360965056,500,False,0.26012522487755585,True,0.005007230994293953,1.0803956985473633
1102624,669.4920227284467,500,False,0.14694274419608497,True,0.004903698887021894,1.3670734167099
1103552,768.5723475720282,500,False,0.06423666316190858,True,0.004893342458528651,1.462853193283081
1104368,742.8369935070834,500,False,0.036121211302465636,True,0.005136503233229241,1.160320520401001
1104400,694.4941116282045,500,False,0.20292742625032417,True,0.005201827953119947,1.3200390338897705
1105408,727.8072443586648,500,False,0.17183910714166403,True,0.005211894157414171,1.5655555725097656
1105776,724.2445078431831,500,False,0.11275838410665777,False,0.005209968710700858,0.9845626354217529
1105936,728.3378486223763,500,False,0.16282190976285957,False,0.005178626762776675,1.2338500022888184
1107104,754.3214678029381,500,False,0.2735551626039552,True,0.0051715819307748155,1.2611773014068604
1107312,766.662586685024,500,False,0.25055443538619415,True,0.005165605886132642,1.1411954164505005
1107808,698.7479563486112,500,False,0.16179532641477434,False,0.0051540555752586,1.0437356233596802
1107808,759.3793529553321,500,False,0.14674617637113868,True,0.0051540555752586,1.0437356233596802
1108992,661.6468539955246,500,False,0.24210793049197699,True,0.005131853827623034,1.0725908279418945
1109104,624.9305435720254,500,False,0.2787821522237403,True,0.004986187199691003,1.187335729598999
1109296,717.1937532395597,500,False,0.2933953959004363,True,0.004976159124032055,1.236260175704956
1109696,727.9532435404567,500,False,0.1447287985644134,True,0.004980972201945886,1.4548991918563843
1110560,647.3612538976984,500,False,0.2543196595334314,True,0.005051732155744807,1.1156153678894043
1110624,727.1140847662359,500,False,0.17795847802501003,True,0.005041092105459561,1.2218103408813477
1111552,695.2046553127939,500,False,0.17616323019809133,True,0.0050454635697277485,1.2805635929107666
1112368,734.2785060635289,500,False,0.13802046216529618,False,0.005102553743744361,1.3066303730010986
1112400,718.2520121984251,500,False,0.13280968194628343,True,0.005022394674482744,1.4115784168243408
1113408,686.9442497561962,500,False,0.2580336532426208,False,0.005018917772637347,1.372139573097229
1113776,753.3846840933612,500,False,0.09946326363211369,True,0.004931521743810515,1.1603453159332275
1113936,654.3044449341222,500,False,0.032148704911369765,True,0.004981795528036644,1.1264594793319702
1115104,741.8648010875091,500,False,0.14146688690183348,True,0.005024047528649475,1.3392845392227173
1115312,799.2136357115837,500,False,0.05532326767791062,True,0.005067570630174772,1.425947666168213
1115808,740.2154545426374,500,False,0.15118099522809564,False,0.005061894772618119,1.1804256439208984
1115808,732.0555879490472,500,False,0.1277732088677734,True,0.005061894772618119,1.1804256439208984
1116992,660.2300512199681,500,False,0.2175376305835764,False,0.004973627168412494,0.9527144432067871
1117104,675.2097734112745,500,False,0.23407151740721216,True,0.004819736950669344,1.2351884841918945
1117296,700.861016169165,500,False,0.1817551001489386,True,0.004803778684964904,1.1881458759307861
1117696,730.2136655055094,500,False,0.04549352333519418,True,0.0048082674433950635,1.2319802045822144
1118560,727.3101565048241,500,False,0.27547431497396146,True,0.004863915836326992,1.170410394668579
1118624,669.5930229002835,500,False,0.26846102014873485,True,0.004917058777980668,1.4554829597473145
1119552,747.752893394845,500,False,0.14953478341923682,True,0.004920132694836275,1.1356709003448486
1120368,745.351450967444,500,False,0.05692643551276913,True,0.0049498693786181516,1.219513177871704
1120400,713.5383047778909,500,False,0.15333029563694567,True,0.004953569620878656,1.0726468563079834
1121408,712.619519078538,500,False,0.13980895415357933,False,0.004950766361242343,1.179577112197876
1121776,641.6161514200659,500,False,0.2485363076760455,True,0.004864720658383927,1.0929477214813232
1121936,749.3840805724845,500,False,0.08033828087755082,True,0.004867974579837731,1.1609487533569336
1123104,717.3592042735484,500,False,0.13925974752966136,True,0.004873487877031625,1.2166597843170166
1123312,741.9655228047257,500,False,0.037446324012557895,True,0.004896935164861755,1.3521466255187988
1123808,797.1315416728953,500,False,0.06746799306929795,True,0.004885312941011924,1.1006180047988892
1123808,664.5384010226342,500,False,0.23061011051248678,True,0.004885312941011924,1.1006180047988892
1124992,708.5275395623515,500,False,0.22504255229223022,False,0.004955442556152973,1.4649549722671509
1125104,832.8088226232175,500,False,0.05657563898050819,False,0.004805987232312999,1.2132236957550049
1125296,716.9187417867531,500,False,0.187273048587223,True,0.004797150838097612,1.208382487297058
1125696,784.9578282442291,500,False,0.21004978955020137,True,0.0047816865787873135,1.2980656623840332
1126560,711.6061626536866,500,False,0.21239215686442445,True,0.004795737603444747,1.2041535377502441
1126624,751.393931673821,500,False,0.17418534105092243,False,0.00488184951807199,1.2602589130401611
1127552,636.0077227866618,500,False,0.16107019307278422,False,0.004875505225870535,1.3919676542282104
1128368,755.6328312416917,500,False,0.1357346696265321,False,0.00484748183321348,1.1669504642486572
1128400,712.1082314672078,500,False,0.1676553737623926,False,0.004902281201170807,1.353156566619873
1129408,730.6126307441697,500,False,0.14062257248675744,False,0.004906126705106036,1.2898114919662476
1129776,694.4517753038959,500,False,0.24508050951090446,True,0.0048147198542403,1.2421272993087769
1129936,818.0838507136806,500,False,0.06155358709062413,True,0.004833774633853403,1.2261369228363037
1131104,748.884459987729,500,False,0.14635053786403837,False,0.004848171269444297,1.1072863340377808
1131312,744.5376541000339,500,False,0.19810925283934028,True,0.0048282478603686825,1.3226462602615356
1131808,726.2186841317639,500,False,0.23826345214582512,True,0.0047941615916333395,1.3239693641662598
1131808,665.584840022482,500,False,0.15661965784499327,True,0.0047941615916333395,1.3239693641662598
1132992,680.060633715629,500,False,0.1897865622798325,False,0.004762822162814732,1.2888673543930054
1133104,738.8506504045881,500,False,0.1263735643609227,False,0.004711789565805428,1.1753839254379272
1133296,683.8331708108254,500,False,0.2083858051428148,True,0.004678506823704574,1.2658201456069946
1133696,758.7672299692113,500,False,0.15562036164731743,True,0.004630739531912598,1.3814401626586914
1134560,793.8227315414033,500,False,0.06988782051499967,True,0.004689794765525258,1.1670557260513306
1134624,792.9651159256949,500,False,0.09802997059714263,True,0.004842278587017977,1.2835700511932373
1135552,776.6127034127302,500,False,0.12653067821199127,True,0.004849502012947565,1.0443536043167114
1136368,684.1291531253215,500,False,0.203498720597796,True,0.005009097117042792,1.3652340173721313
1136400,720.9377759328177,500,False,0.15023783201389915,True,0.005170911631241303,1.4484249353408813
1137408,692.9740609123306,500,False,0.16226051904803568,True,0.005183322553011778,1.14460027217865
1137776,770.4542083665299,500,False,0.14681529050443864,True,0.005270626374155087,1.1721537113189697
1137936,687.828942024241,500,False,0.07728308960755316,True,0.0052421438890703125,1.173445701599121
1139104,741.7379769327102,500,False,0.20271943877732307,True,0.005232847226213107,1.1547832489013672
1139312,747.1083988767564,500,False,0.13729877331260745,False,0.005067587876674658,1.1131914854049683
1139808,738.8140446362634,500,False,0.13670488763194605,True,0.005088350025864653,1.2749934196472168
1139808,809.4490109209463,500,False,0.1256260748766644,True,0.005088350025864653,1.2749934196472168
1140992,718.107726906936,500,False,0.22669478979847407,True,0.005059165586912112,1.18229341506958
1141104,735.8313627812557,500,False,0.2116446863336797,False,0.005164158112490836,1.3064382076263428
1141296,760.643574984603,500,False,0.061506626556103665,False,0.005175886468722024,1.2344603538513184
1141696,822.079663809863,500,False,0.17660536826433995,True,0.005173456729671935,1.5647052526474
1142560,780.9727921468198,500,False,0.1464969498533812,True,0.005057383201959665,1.0962307453155518
1142624,740.8289740892571,500,False,0.14024347559677625,True,0.005003494137783128,1.4292370080947876
1143552,742.6809491785081,500,False,0.19712742355378796,True,0.005001760386029774,1.2731049060821533
1144368,792.1804657974237,500,False,0.12698314058203544,False,0.005035243444905815,1.3465851545333862
1144400,789.4382563090202,500,False,0.09115109771691014,True,0.005229190797277298,1.34739089012146
1145408,768.1988300045009,500,False,0.0885740320970791,True,0.005237955626850869,1.2426999807357788
1145776,787.3761667349235,500,False,0.15719264801853294,True,0.005225189293028539,1.2715258598327637
1145936,793.1532718944452,500,False,0.08687837897187922,True,0.005222270811120884,1.1428228616714478
1147104,706.0503802413324,500,False,0.2062103569854163,True,0.00523523462628792,1.0813772678375244
1147312,687.1135707883251,500,False,0.2505373393292631,True,0.0051696297402612145,1.105796456336975
1147808,686.9599551109817,500,False,0.2088698552435875,True,0.0051376599108826585,1.031240463256836
1147808,725.5474407707866,500,False,0.12414682134388261,True,0.0051376599108826585,1.031240463256836
1148992,721.8016132562268,500,False,0.14613926258400703,True,0.004965605613444655,1.1131726503372192
1149104,822.2145075708414,500,False,0.12940897874618731,True,0.005010059228022356,1.1908268928527832
1149296,726.8432623886594,500,False,0.22153993514455775,True,0.004985275064236633,1.2821706533432007
1149696,635.052449388116,500,False,0.2895265041849303,True,0.004940457406800354,1.165313482284546
1150560,744.6084102576268,500,False,0.21869844350243955,False,0.005088821208709323,1.132004976272583
1150624,683.1382527777596,500,False,0.22354423472135904,True,0.005128868897985025,1.1563578844070435
1151552,775.8564927649614,500,False,0.10154851269815905,True,0.005133390763553686,1.3265690803527832
1152368,708.8313788377033,500,False,0.277375321023426,True,0.005071592849092238,1.353340744972229
1152400,724.6999541804636,500,False,0.2649977746034504,True,0.005112841554214585,1.2687830924987793
1153408,771.5038293176657,500,False,0.1288847436017509,True,0.005122678766286881,1.3199689388275146
1153776,726.5856610334481,500,False,0.14250100917605293,True,0.005401831709663994,1.2206717729568481
1153936,814.2763637541847,500,False,0.052289473149079856,False,0.005345347889387807,1.6398305892944336
1155104,775.8979072316293,500,False,0.08825537783605829,True,0.005335472888437878,1.1830379962921143
1155312,702.8095531947381,500,False,0.1607944178425935,True,0.0053420329635666805,1.0591130256652832
1155808,828.681132509667,500,False,0.08780595622916687,True,0.005340695218819322,1.1317453384399414
1155808,705.5867573389213,500,False,0.18362005461786887,True,0.005340695218819322,1.1317453384399414
1156992,664.3301519786932,500,False,0.2169439637811593,True,0.005341446569101948,1.1011805534362793
1157104,666.9253790196541,500,False,0.18823457777861446,True,0.005412809978895752,1.4584150314331055
1157296,737.6934118801915,500,False,0.09971123376214414,True,0.005410872488970356,1.098459005355835
1157696,787.0472210940162,500,False,0.14837718367362795,False,0.005432146302101418,1.3054927587509155
1158560,709.9699593243064,500,False,0.24945714589944812,True,0.005335405956016612,1.2865732908248901
1158624,736.9079350429681,500,False,0.08031429587561857,True,0.005439179033637597,1.0362308025360107
1159552,706.5793386487455,500,False,0.20495321443636416,True,0.005438164054475731,1.0836570262908936
1160368,666.4293507068966,500,False,0.41390844141183053,True,0.005459543332062305,0.9995774030685425
1160400,744.8527069087882,500,False,0.21840254817525948,True,0.00535453442566515,1.2650891542434692
1161408,703.3531288110219,500,False,0.21570077904511914,False,0.005350186925613049,1.1032130718231201
1161776,662.4570203208649,500,False,0.22899165618063766,True,0.005213883325312277,1.0653330087661743
1161936,755.518553873424,500,False,0.12628085847355794,True,0.005276219982319923,1.1028382778167725
1163104,810.5287930909718,500,False,0.08217929801979847,True,0.005265437598141803,1.2825992107391357
1163312,769.9138380167634,500,False,0.14315489170856266,True,0.005286653261710553,1.0441389083862305
1163808,759.5069647270707,500,False,0.08902698201611221,True,0.0053049660733852175,1.1102190017700195
1163808,687.858188943297,500,False,0.19106605611865368,True,0.0053049660733852175,1.1102190017700195
1164992,763.3013038328822,500,False,0.09716304561795452,True,0.005306129648058253,1.400227665901184
1165104,810.8718417555536,500,False,0.14364976168004995,True,0.005391445708298081,1.1425524950027466
1165296,760.8974463477647,500,False,0.1554903643377229,False,0.005381431360673118,0.9589108228683472
1165696,705.5344988838025,500,False,0.17932737275423283,True,0.005371829084813558,1.0799660682678223
1166560,783.4591939874845,500,False,0.12841121341062348,True,0.0053605550781682335,1.294452428817749
1166624,773.3405411676124,500,False,0.09156056627109363,True,0.005255341577406641,1.1763776540756226
1167552,740.5986819949142,500,False,0.1503697480408105,True,0.005249165811564871,1.2922208309173584
1168368,809.620417614554,500,False,0.13390422665940868,True,0.005135021063828113,1.1286895275115967
1168400,788.699978577687,500,False,0.07451306953262841,False,0.005153198138595524,1.1341248750686646
1169408,820.0024518687528,500,False,0.1489837569708743,False,0.005151699623682132,0.8357961177825928
1169776,698.6687179264484,500,False,0.12957001217949554,True,0.00526104691168095,1.0131020545959473
1169936,767.2804676821873,500,False,0.20546356956916367,True,0.005318613906563128,1.1063005924224854
1171104,731.7689060065406,500,False,0.19539302489619298,True,0.005334177125676228,1.1888017654418945
1171312,696.5362488894039,500,False,0.2312876020052914,True,0.005387362901570731,1.058838129043579
1171808,804.3404739246697,500,False,0.05053505071959882,False,0.00540464102435027,1.3126299381256104
1171808,730.1939534137407,500,False,0.22112360170692028,True,0.00540464102435027,1.3126299381256104
1172992,692.7596559941666,500,False,0.15651353224982323,True,0.005347459484949906,1.2052910327911377
1173104,804.8087456036118,500,False,0.07380479491913279,True,0.0053755867202727094,1.228651762008667
1173296,728.3178704202377,500,False,0.19793529668096338,False,0.0053738585940505575,1.0880298614501953
1173696,768.7872698868296,500,False,0.12441569129953901,True,0.005366432682176251,1.1134170293807983
1174560,821.179316518027,500,False,0.09313797557322791,True,0.005349355668404704,1.069231390953064
1174624,727.3435912309392,500,False,0.13942096547123967,True,0.005318639863163586,1.162416934967041
1175552,706.6211410889698,500,False,0.12706317440301645,True,0.005318238155432293,1.243503212928772
1176368,695.6852024311376,500,False,0.22911144082727355,True,0.0052877861047316696,1.0594112873077393
1176400,696.4017463863604,500,False,0.1914409338092345,True,0.005374354570405831,1.319243311882019
1177408,722.8984809994339,500,False,0.1672011395125881,True,0.005374910141358009,1.0098342895507812
1177776,746.8597425185603,500,False,0.26870181668813076,True,0.005380824651209034,1.3024656772613525
1177936,767.0834990763351,500,False,0.05348332203701649,True,0.005313659077427337,1.0359530448913574
1179104,783.8198684454416,500,False,0.09070049321685235,True,0.00527725239907823,1.1822237968444824
1179312,740.5541341893695,500,False,0.19318863307243933,True,0.0051482486592695255,1.023075819015503
1179808,680.652140621244,500,False,0.1839720023255507,True,0.005131160930838991,1.0165083408355713
1179808,737.8951340553689,500,False,0.07167417184974734,True,0.005131160930838991,1.0165083408355713
1180992,714.9630901179244,500,False,0.13509983692140318,True,0.0051314079650451394,1.0552715063095093
1181104,651.0207259623719,500,False,0.31358153420163865,True,0.005272483224696242,1.0490391254425049
1181296,737.8633770315062,500,False,0.10029717303801727,True,0.005272954942675552,1.109147310256958
1181696,697.1488985624973,500,False,0.2524522160648854,True,0.005257657211722861,0.9631505012512207
1182560,729.7600109908376,500,False,0.3047896791017225,True,0.00526602610228158,1.2665684223175049
1182624,682.2645721841495,500,False,0.1700845745555283,True,0.005414639530819143,1.0848798751831055
1183552,697.8727516109194,500,False,0.168303605010565,True,0.005420110512556595,1.222027063369751
1184368,672.2165064929529,500,False,0.21018642712512167,True,0.005422878330599024,1.0981237888336182
1184400,691.9313713208055,500,False,0.2606449636151561,True,0.005360295346256326,1.3857203722000122
1185408,730.8375109047832,500,False,0.11189250990178524,True,0.005359817397370037,0.9861938953399658
1185776,694.6666575580447,500,False,0.13007581276312033,True,0.0052932546179962426,0.9654714465141296
1185936,695.977296168057,500,False,0.20411987307909216,True,0.0052543491357814375,1.1837801933288574
1187104,721.1994079878208,500,False,0.16880715417141445,True,0.0052498399619047825,1.195741891860962
1187312,717.6229189244374,500,False,0.18964599901922055,False,0.005264951100654119,1.0325374603271484
1187808,768.9037026699187,500,False,0.1934296168312713,True,0.005274653042537244,1.1173064708709717
1187808,663.8721019245692,500,False,0.28420642517385125,True,0.005274653042537244,1.1173064708709717
1188992,689.3834041439183,500,False,0.16862813716276684,False,0.005299757275564405,1.2475776672363281
1189104,668.5836411673007,500,False,0.1863592899483964,True,0.0052278968905554585,1.4311888217926025
1189296,765.1794235840379,500,False,0.06828524992233316,True,0.005189150962011196,1.296584129333496
1189696,745.0343383623862,500,False,0.14288807170440568,True,0.0051671643410105775,0.9513100385665894
1190560,702.2474718855168,500,False,0.2079696886079977,True,0.005135734597598384,0.8787273168563843
1190624,691.2210675631144,500,False,0.16434043918514768,True,0.005212768016696175,0.9944998025894165
1191552,751.5995724696389,500,False,0.0946658655904506,False,0.0052124642203228155,1.2649283409118652
1192368,714.675023315862,500,False,0.15919552736853732,True,0.0051706066330545935,1.0926320552825928
1192400,678.8731474758205,500,False,0.1859759909497952,True,0.005043894927456914,1.0895411968231201
1193408,828.514037331745,500,False,0.09592453960780395,True,0.005035738471378968,1.0595240592956543
1193776,749.9581337391601,500,False,0.23502235982902067,True,0.004899876987706681,0.968734860420227
1193936,787.0833252879758,500,False,0.18387406782224314,False,0.004883436827023625,1.2110787630081177
1195104,692.86367302528,500,False,0.20648474706387873,False,0.00489617184438835,1.1305055618286133
1195312,719.6981954918022,500,False,0.2392168327471143,True,0.004907933270763226,1.0700042247772217
1195808,700.2565070128375,500,False,0.23149572174652114,True,0.004936154727881329,1.1824653148651123
1195808,693.5727703755484,500,False,0.21220442570437562,True,0.004936154727881329,1.1824653148651123
1196992,699.3387131303924,500,False,0.19926221146948372,False,0.004930935153083203,1.0223239660263062
1197104,739.4132009759825,500,False,0.1935586841446833,True,0.00504296216018984,1.156307339668274
1197296,720.1447094307707,500,False,0.17289382172015147,True,0.005041518993295012,1.0507209300994873
1197696,743.3236226773575,500,False,0.12274563082221976,True,0.005082489426985234,1.055995225906372
1198560,723.5550985188282,500,False,0.20685871569137199,False,0.005014443369900347,1.1036088466644287
1198624,737.9193112282543,500,False,0.20654571476008643,True,0.004940246714467025,1.0875223875045776
1199552,754.9939074833635,500,False,0.14131106959776157,False,0.004935371749538856,1.1302416324615479
1200368,694.4965204418049,500,False,0.22510123015388986,True,0.0050165621617456165,1.2630805969238281
1200400,825.7389149279151,500,False,0.1753862205874409,False,0.005024987331105715,1.0396990776062012
1201408,761.693597629308,500,False,0.12016157096542453,False,0.005020721199988268,1.183589220046997
1201776,744.2308144241931,500,False,0.12908252728260508,True,0.005003319639554577,1.288547396659851
1201936,692.3663970224134,500,False,0.10774192384777835,True,0.005115783886213758,1.2575781345367432
1203104,741.7976987069671,500,False,0.2828741236211586,True,0.005161276673172325,1.2222177982330322
1203312,730.4118841768724,500,False,0.16003903213889023,True,0.005317964333866329,1.1736482381820679
1203808,747.4032198255941,500,False,0.14183799084315313,False,0.005357558743093096,1.2725374698638916
1203808,723.3321165381265,500,False,0.1956542778668518,True,0.005357558743093096,1.2725374698638916
1204992,671.7555225575767,500,False,0.1563602586804956,True,0.0053965651186844085,1.0811922550201416
1205104,741.191109260819,500,False,0.032466246180213515,False,0.005247153156716079,0.9711896181106567
1205296,755.4239016797883,500,False,0.11304234498384344,False,0.0052249431890583845,1.3316240310668945
1205696,741.5493226294975,500,False,0.21325844574221836,True,0.0051587039749716405,1.3445082902908325
1206560,764.272359769585,500,False,0.16540348195533167,True,0.005136944384411914,1.1829137802124023
1206624,728.0663694080359,500,False,0.1006449296218569,True,0.0050298068340849655,1.4032717943191528
1207552,711.0339239775236,500,False,0.13804104545021878,True,0.0050233249748665556,0.8767582774162292
1208368,685.4579035210849,500,False,0.1824490946050547,True,0.005006571413084504,1.1352548599243164
1208400,750.9654547005288,500,False,0.1302242276271653,True,0.005101010608418126,1.1167917251586914
1209408,793.5740044737518,500,False,0.19071866745490465,True,0.005102595019069999,1.1097912788391113
1209776,736.0653874862934,500,False,0.09974335248612656,True,0.0052469095491807834,1.2540303468704224
1209936,658.2915232481789,500,False,0.1862132985956867,True,0.005251137751779136,1.120661973953247
1211104,695.499610632952,500,False,0.16963755636816596,True,0.005239918775377765,1.1175928115844727
1211312,708.8155479804907,500,False,0.10992787847099536,True,0.005200467399933321,1.168750524520874
1211808,737.116554145037,500,False,0.16626611787042683,True,0.005208462942113399,1.1746188402175903
1211808,666.1924847689236,500,False,0.3011995839994023,True,0.005208462942113399,1.1746188402175903
1212992,766.9212737942428,500,False,0.09167557436996986,True,0.005234320324037747,1.3659172058105469
1213104,801.4117623551938,500,False,0.08988863365621334,True,0.005150168337104367,1.048176884651184
1213296,700.6483131462362,500,False,0.17866484837046753,True,0.005146111035610963,1.191138505935669
1213696,762.2532604826298,500,False,0.08655299460184199,False,0.005147010619345955,0.9287412166595459
1214560,735.4195858827292,500,False,0.10590547494019742,False,0.005159504854344104,1.3229925632476807
1214624,744.5147187083294,500,False,0.05314993758511343,True,0.005037332010586409,1.2488486766815186
1215552,812.2754123140667,500,False,0.11504658868640431,True,0.005038618218449944,1.0329055786132812
1216368,728.6078238863879,500,False,0.16936913654134544,True,0.005031819194702599,0.9768465161323547
1216400,740.1187832933749,500,False,0.0761046185262344,True,0.005108748542354482,1.2171456813812256
1217408,706.802963559118,500,False,0.11960681004488126,True,0.00511501945768488,1.245908260345459
1217776,743.4129860051564,500,False,0.24436103497664122,True,0.005124576102653372,1.2078615427017212
1217936,800.0681437056079,500,False,0.03178983433537012,True,0.005172937289818701,1.075232982635498
1219104,764.4238495509229,500,False,0.221749732798035,True,0.005246537056773948,1.1695243120193481
1219312,736.9016334509967,500,False,0.17948352907330617,True,0.005196547760748304,1.2750009298324585
1219808,727.6979694221934,500,False,0.15259963650973712,True,0.0051871405182182615,1.1388349533081055
1219808,746.262675085832,500,False,0.1951624545525992,True,0.0051871405182182615,1.1388349533081055
1220992,776.6456066509242,500,False,0.18529148946592544,False,0.005161137304259351,1.1025416851043701
1221104,770.1074494941399,500,False,0.0749297233360983,True,0.005304471275488233,1.0629465579986572
1221296,676.2152075144843,500,False,0.2506062498558624,True,0.005315936385580572,1.176013469696045
1221696,753.2767847331991,500,False,0.07653005393409384,True,0.00534471909495855,1.2700560092926025
1222560,810.7069150742702,500,False,0.07628157144438803,True,0.005337894162722975,1.2265881299972534
1222624,726.9663103750595,500,False,0.2235725649194115,True,0.0052189803669813175,1.1751196384429932
1223552,730.3522861837545,500,False,0.06906480937343056,True,0.005213998059543586,1.137207269668579
1224368,754.034244240333,500,False,0.13760542130452488,True,0.005184775311177921,1.0216553211212158
1224400,729.4676330194166,500,False,0.15880048821734558,True,0.005149864317769413,1.2098387479782104
1225408,777.5669465067712,500,False,0.12336869678116077,False,0.005146299165111788,1.0799535512924194
1225776,701.9650585279969,500,False,0.18799780445504735,True,0.005000592671087675,1.1077609062194824
1225936,749.5420897549923,500,False,0.18386969416465468,False,0.005027900823622091,1.3277180194854736
1227104,697.4510632340462,500,False,0.19395129403620087,False,0.00502338497812947,1.4886274337768555
1227312,750.0934111138307,500,False,0.15616047018624296,True,0.005208561047403508,1.1168173551559448
1227808,728.6820651192455,500,False,0.16969441289914006,True,0.005200844773740893,1.276928424835205
1227808,644.3318520136447,500,False,0.29943877697650945,True,0.005200844773740893,1.276928424835205
1228992,720.405528636942,500,False,0.15897231425359226,True,0.005244090873376177,1.2928777933120728
1229104,682.8347537352593,500,False,0.18407798504898576,True,0.005245726790143861,1.1403825283050537
1229296,727.495438069671,500,False,0.15162894310503108,True,0.005242341511452652,1.1342527866363525
1229696,650.4331646920504,500,False,0.2946995495297269,True,0.0052187275526013955,1.0871086120605469
1230560,789.5696293665136,500,False,0.1792300315637113,True,0.005125004248653259,1.220999002456665
1230624,768.0904632754067,500,False,0.07774355826509055,True,0.00515350959209051,1.2545135021209717
1231552,672.600167256876,500,False,0.14284686818537137,True,0.005151842675583713,1.2696486711502075
1232368,721.2097212615155,500,False,0.19910910310838834,True,0.005121396441444767,1.091611385345459
1232400,769.4030405167015,500,False,0.1451726231265971,True,0.005186241891618184,1.1421828269958496
1233408,756.7972027242492,500,False,0.054131799945659365,False,0.005199615026578607,1.2589802742004395
1233776,781.16829456028,500,False,0.12301458650522656,True,0.005209305191458666,1.0865930318832397
1233936,773.7210782925946,500,False,0.09945448992697133,False,0.0051972943878945115,1.246915578842163
1235104,704.3210709967143,500,False,0.166602015217336,True,0.005197172055261148,1.103873372077942
1235312,664.4303867831569,500,False,0.2887753992441407,True,0.005073529410183059,1.0350062847137451
1235808,799.4474868506347,500,False,0.11186918061318821,True,0.0050670025158011545,1.3358376026153564
1235808,732.6924111070115,500,False,0.06004913803358525,True,0.0050670025158011545,1.3358376026153564
1236992,712.4527034996358,500,False,0.14311510887945988,False,0.00507581919233754,1.1994181871414185
1237104,702.7426866098402,500,False,0.1516116219677151,False,0.00539808026407947,1.2662070989608765
1237296,664.043312604469,500,False,0.24748391973348513,True,0.005403064860705162,1.1182119846343994
1237696,748.2211678767962,500,False,0.21350408071066157,True,0.00543026675349637,1.152152419090271
1238560,723.2247225494004,500,False,0.06367987793609363,True,0.005322081982938492,1.1534576416015625
1238624,749.0209130420774,500,False,0.15249154939169385,True,0.005131829149344257,1.1951605081558228
1239552,745.5016081365936,500,False,0.14919156710756692,False,0.005125885478807812,1.1593682765960693
1240368,709.5458271707436,500,False,0.2240840757694577,True,0.005181922627510277,1.0888099670410156
1240400,766.251218771543,500,False,0.13674696658126442,True,0.00525184811837826,1.0219215154647827
1241408,713.6675792747028,500,False,0.09378539415129938,True,0.005249673061215758,1.3804385662078857
1241776,689.2892266714081,500,False,0.16689826608258826,True,0.0052247517502042465,1.1573901176452637
1241936,802.0981298240362,500,False,0.10702375824282723,True,0.005273087398956574,1.2718397378921509
1243104,694.0954453111957,500,False,0.17760011256232416,True,0.005286251381790044,0.9013965129852295
1243312,812.4749066467973,500,False,0.11704914913541116,True,0.005410024710718127,0.9778810739517212
1243808,717.5781901613718,500,False,0.20004382534897153,True,0.0054119050756312095,1.1290912628173828
1243808,738.4840513697688,500,False,0.14863127924705202,False,0.0054119050756312095,1.1290912628173828
1244992,734.0202392044098,500,False,0.2099916853497758,True,0.005485605627346084,1.1817679405212402
1245104,725.2509413438065,500,False,0.16058608990378845,True,0.005257772752728683,1.1277594566345215
1245296,725.4102770907712,500,False,0.25614389909440977,True,0.0052245365733132754,1.3635305166244507
1245696,746.1729730137214,500,False,0.23340839872536753,True,0.005199877836260828,1.1743226051330566
1246560,691.4424353867591,500,False,0.1772573095853298,False,0.005162869641872982,1.022454023361206
1246624,792.7541479551136,500,False,0.1238905093065849,False,0.005214311028712049,1.2007977962493896
1247552,749.8573092783274,500,False,0.11103818191138502,True,0.005220743219226611,0.9578072428703308
1248368,761.288291357224,500,False,0.13250284001920173,True,0.005339623947048925,1.1280492544174194
1248400,758.6670667840352,500,False,0.15915176634898157,True,0.005249385634807121,0.9544561505317688
1249408,747.9924535926162,500,False,0.12196993668846999,True,0.005250180202185691,1.1006544828414917
1249776,704.2174224734941,500,False,0.10762804664476772,False,0.005253218913478472,1.1560696363449097
1249936,764.6695842910538,500,False,0.12510678429902133,True,0.005276550444612391,1.1498440504074097
1251104,746.4276782795097,500,False,0.1255478185911097,True,0.0052932518569916666,0.9270948171615601
1251312,746.40754704147,500,False,0.11441274585244472,True,0.005301687114417916,1.0895576477050781
1251808,668.6101093089227,500,False,0.24048704562940307,True,0.005246686333054226,1.027021050453186
1251808,832.5094283988561,500,False,0.07448124007810476,False,0.005246686333054226,1.027021050453186
1252992,809.0350366754762,500,False,0.13781069136360713,False,0.005198667747893471,1.134267807006836
1253104,726.1328873191073,500,False,0.18160070216277602,True,0.005200539982166228,1.2215114831924438
1253296,733.3350479201713,500,False,0.2347091707711676,True,0.005201951337559354,1.1801954507827759
1253696,753.9256955329585,500,False,0.24693703854196403,True,0.005196568138037393,1.138822078704834
1254560,785.7985845187128,500,False,0.07698313839997023,True,0.005232498044107464,1.304053783416748
1254624,725.6251994823535,500,False,0.16133549912441394,True,0.0052923935872352034,1.5469350814819336
1255552,804.5511630096222,500,False,0.14639684512280038,True,0.005285484806493645,1.0423029661178589
1256368,743.9969662459397,500,False,0.15857409677514528,True,0.005313672921199873,0.9282115697860718
1256400,841.2081290662097,500,False,0.12445165631336684,False,0.0052268964191956886,1.0971126556396484
1257408,759.5496810839871,500,False,0.18397265328838894,True,0.005220806850730256,1.0311195850372314
1257776,795.2286038619584,500,False,0.10456179531635161,True,0.005178908784147433,1.1068413257598877
1257936,637.4095295605093,500,False,0.2277357552190974,True,0.005225136640127085,1.1258924007415771
1259104,749.6490944874944,500,False,0.15354076545069542,True,0.005240336946595597,1.0797762870788574
1259312,779.1221634424762,500,False,0.13976636839540177,True,0.005451170915867348,1.2512962818145752
1259808,777.3062575693771,500,False,0.14153504991372173,False,0.005434773668510128,1.164833664894104
1259808,778.3955288568886,500,False,0.15458524793904999,True,0.005434773668510128,1.164833664894104
1260992,748.6957566176117,500,False,0.06875119127374353,True,0.00539140422498045,1.0104622840881348
1261104,751.2342913112573,500,False,0.2799777375211571,True,0.005370328376019677,1.0047166347503662
1261296,747.6290663215715,500,False,0.056501752170895654,False,0.005361175623140489,1.2259509563446045
1261696,715.603359712362,500,False,0.2570649765650911,True,0.005346046972264535,1.3311829566955566
1262560,728.9562943917307,500,False,0.16301835704084033,True,0.005374194961651858,1.1864354610443115
1262624,741.0214716040236,500,False,0.009831992791312584,True,0.005362788265863406,0.9474205374717712
1263552,757.4730349311255,500,False,0.24576422255561658,True,0.0053751231283953845,0.9978899955749512
1264368,671.2431305018987,500,False,0.11626851141730046,True,0.005287459954745127,1.2146074771881104
1264400,730.9474708954132,500,False,0.11196417239614992,True,0.005466816460327072,0.9377187490463257
1265408,756.5104634908241,500,False,0.16521089350169949,True,0.005476187568075556,1.1014015674591064
1265776,775.6862403197364,500,False,0.09885665505194287,False,0.005575368622656446,0.9454482197761536
1265936,654.6291742466749,500,False,0.22351078545424471,True,0.005468666871163708,1.0228859186172485
1267104,765.5513736511585,500,False,0.15340040640348915,True,0.005439136041589341,1.0358262062072754
1267312,819.5636622226751,500,False,0.15420150690412382,True,0.005336782925783521,0.9955332279205322
1267808,734.883400409422,500,False,0.08719895209682944,False,0.005354327434494064,1.300229549407959
1267808,757.2582355211943,500,False,0.14932567663047208,True,0.005354327434494064,1.300229549407959
1268992,765.163399355441,500,False,0.18838700945291462,True,0.005366774025663916,1.1533429622650146
1269104,759.4193833797872,500,False,0.1623634403262981,True,0.005171800561136886,1.0403639078140259
1269296,811.0419075198239,500,False,0.06044563491695981,True,0.005142066095005532,1.16400146484375
1269696,651.3699277405786,500,False,0.21989180843252518,True,0.0051121052708865905,1.0607516765594482
1270560,678.0144275216733,500,False,0.18331155426089968,True,0.005097308837542723,1.113462209701538
1270624,802.906096046921,500,False,0.08185769135893851,False,0.005244317335269869,0.9420782327651978
1271552,834.1138264435662,500,False,0.11194425938066159,True,0.0052530156681813885,1.1662442684173584
1272368,677.1460087973906,500,False,0.18837485262939133,True,0.005266170570769698,1.036785364151001
1272400,781.0643361259473,500,False,0.056502374901846376,True,0.005300256130821668,0.9060535430908203
1273408,789.5809415153024,500,False,0.1442855202552817,True,0.005304764036500153,1.1138333082199097
1273776,767.6983992741128,500,False,0.08578002907549226,True,0.005186518574138897,1.1857147216796875
1273936,675.9399677124006,500,False,0.21625321864313754,True,0.00520739749604199,1.1998498439788818
1275104,751.0444121625399,500,False,0.11765519845031218,False,0.0051927399949881145,1.020477294921875
1275312,713.4345116740155,500,False,0.19109983372041903,True,0.00508072853836104,1.0813528299331665
1275808,754.0510259023889,500,False,0.14932021582937074,True,0.005066401699185031,0.9953427314758301
1275808,766.9280605288335,500,False,0.109868870890984,True,0.005066401699185031,0.9953427314758301
1276992,777.8901231335725,500,False,0.1609435249049807,True,0.00515178572756344,1.09151029586792
1277104,775.298600210707,500,False,0.07605026818799505,False,0.005166253614607699,1.13233482837677
1277296,664.5193011840943,500,False,0.23653905466992908,True,0.005150857292302957,0.9822981953620911
1277696,779.4236118691937,500,False,0.15019554409598168,False,0.005144537392415158,1.082085371017456
1278560,661.6263582264619,500,False,0.26557154939345956,True,0.0051104338161204734,0.9806765913963318
1278624,671.9632234974919,500,False,0.17404571749615005,True,0.005028965111046039,1.096501350402832
1279552,776.3192978263659,500,False,0.12000342111599753,True,0.005029235481089401,0.9378453493118286
1280368,764.9003917775277,500,False,0.14119397276887763,True,0.005142387051303211,1.0963656902313232
1280400,761.4411457405508,500,False,0.08568710342089203,False,0.005228108371395891,1.02835214138031
1281408,684.369547667779,500,False,0.1980231525075925,True,0.005232319005338568,0.9906720519065857
1281776,672.8895937370262,500,False,0.2066305340475444,True,0.0051303185052014415,1.078498363494873
1281936,770.5809797817668,500,False,0.2761836226815617,True,0.005052012049285438,1.0967025756835938
1283104,666.9678133022645,500,False,0.21343148649228783,True,0.0050598731076485545,1.0210199356079102
1283312,781.1758310117181,500,False,0.15194602114712516,True,0.005113280734443384,0.9061373472213745
1283808,753.8707132782654,500,False,0.19022578325811418,True,0.005112263878824104,0.8084672093391418
1283808,750.3794450005339,500,False,0.11028035225949885,True,0.005112263878824104,0.8084672093391418
1284992,770.9946770119769,500,False,0.18038326486310316,True,0.005060905063095029,1.0060352087020874
1285104,754.8189583637258,500,False,0.2088133584868791,True,0.005176975397489391,1.1532797813415527
1285296,724.8774538931859,500,False,0.21100771095685586,True,0.005191836426186991,0.9113776683807373
1285696,801.6289440533848,500,False,0.1281209451830493,True,0.005200725725267807,0.8521182537078857
1286560,684.4381572513413,500,False,0.17287463028391237,True,0.005172264638301821,0.8700965046882629
1286624,688.1738170944177,500,False,0.2319973055087922,True,0.005208451554893383,1.0709043741226196
1287552,730.1553925182606,500,False,0.15265181279966694,True,0.005193308122957903,1.0521605014801025
1288368,747.7076014290295,500,False,0.147762118884942,False,0.005137396753017431,1.2358825206756592
1288400,690.49064702713,500,False,0.24239941327860864,True,0.005119918789596434,1.0870251655578613
1289408,769.542752366063,500,False,0.17872585212218384,True,0.005127119237460552,1.0615766048431396
1289776,725.5461141882032,500,False,0.10987428704784287,True,0.005036216191114521,1.3882924318313599
1289936,734.169242730232,500,False,0.16517631514071562,True,0.005063038740482958,0.9366819262504578
1291104,810.9198019811519,500,False,0.0404068305201816,True,0.005054661104838871,0.9774731993675232
1291312,769.3225514067359,500,False,0.11223797282085407,False,0.0052677477043381205,1.0161478519439697
1291808,665.7555647275435,500,False,0.21807237488654918,True,0.0052859432606613375,0.9351384043693542
1291808,756.2392313181923,500,False,0.1601077859572681,True,0.0052859432606613375,0.9351384043693542
1292992,688.1254468497109,500,False,0.14814872107335492,True,0.00532812484801408,0.9550446271896362
1293104,683.6810622688855,500,False,0.2284921032456703,False,0.00537222169442436,1.0578782558441162
1293296,771.0144915624974,500,False,0.12437785067485942,False,0.005369993103348344,1.1457493305206299
1293696,750.5117302882163,500,False,0.2000628469375362,False,0.0053693547832237695,0.9806811809539795
1294560,765.704820629186,500,False,0.1004526859481556,True,0.005406710515329663,1.2186520099639893
1294624,693.1442118227615,500,False,0.17491896693055994,True,0.00534544226152045,1.030480146408081
1295552,738.9634990099014,500,False,0.162279294550605,False,0.0053261388633459045,0.8921962976455688
1296368,700.8932927037264,500,False,0.2378977387158565,True,0.005229427801742109,1.005165457725525
1296400,727.2096856096618,500,False,0.19042402092785568,True,0.005171224326355684,0.9474058747291565
1297408,777.2013943949761,500,False,0.063004431980969,True,0.005173635944006061,1.0369949340820312
1297776,665.2051719607855,500,False,0.21161008731335548,True,0.005229758121616361,0.829586386680603
1297936,721.1309632980843,500,False,0.17070342014595824,True,0.005190751898699972,1.0015630722045898
1299104,783.1937817248079,500,False,0.030565192431801502,False,0.005186760939350412,1.0669233798980713
1299312,778.8252181381274,500,False,0.07243639765667922,True,0.005145393072618933,0.8044708967208862
1299808,621.1237460637052,500,False,0.2760681055884332,True,0.0051525441899269156,1.0488057136535645
1299808,767.7845415929859,500,False,0.08127189814599489,True,0.0051525441899269156,1.0488057136535645
1300992,832.915234359318,500,False,0.04244702504141493,True,0.005278704285421435,1.0915191173553467
1301104,709.8490255939191,500,False,0.22543057464202607,True,0.005417469069151984,0.8923380374908447
1301296,717.5721984252697,500,False,0.04947925134861261,False,0.005402016210072925,1.2427699565887451
1301696,790.445323531742,500,False,0.25688618550077713,True,0.0053573173497394495,0.9869574308395386
1302560,783.5772963401326,500,False,0.12748670604744752,True,0.005300245539149498,1.2052958011627197
1302624,797.025829246224,500,False,0.19069012011574496,False,0.005169940131446837,1.0995558500289917
1303552,767.4590951935415,500,False,0.12815469656508888,True,0.0051718778763610125,1.0443480014801025
1304368,730.8109902374712,500,False,0.19286684950963648,True,0.005261881195639312,1.0501253604888916
1304400,691.5301543133581,500,False,0.15530055097270518,False,0.005250291640462102,0.9379038214683533
1305408,762.9588623596676,500,False,0.07195879703432075,False,0.005248326037129422,1.0471715927124023
1305776,765.5114698897465,500,False,0.10736914052683456,True,0.005298480484774302,1.007528305053711
1305936,699.3760456025058,500,False,0.20789671715769692,False,0.005249464725251216,0.9123473167419434
1307104,763.3012973182165,500,False,0.11731141204681524,True,0.0052191709782485616,0.9719408750534058
1307312,685.6897348958214,500,False,0.13532863130042427,False,0.005169472146394638,1.222015619277954
1307808,801.7316392112418,500,False,0.1518383491960802,True,0.005183582843732245,0.865139901638031
1307808,750.1202416298391,500,False,0.1008645973377935,True,0.005183582843732245,0.865139901638031
1308992,787.0673007434004,500,False,0.08509021515597001,True,0.005233453690170681,1.0658257007598877
1309104,791.5612317208427,500,False,0.07871324514635702,True,0.005225712736265117,1.0831751823425293
1309296,831.2062794329074,500,False,0.06808274948084261,True,0.005224782699894285,0.9651160836219788
1309696,766.8026510599368,500,False,0.04989128675489932,True,0.005191581242763363,1.069343090057373
1310560,753.4988110838743,500,False,0.13970986747105116,True,0.005165278817638875,1.0120315551757812
1310624,725.8880471130365,500,False,0.1471306852963583,False,0.005186985290478531,0.9339225888252258
1311552,842.9933640132641,500,False,0.08577556434891315,True,0.0051873247122544534,1.2135051488876343
1312368,782.4044766531485,500,False,0.11856562311057556,False,0.00515341770731183,0.9149343371391296
1312400,742.0628866459168,500,False,0.18639917263732536,True,0.005154973606395185,0.7774746417999268
1313408,768.3871661055398,500,False,0.19505771093758087,True,0.005153325804185168,1.099660873413086
1313776,797.5404639900004,500,False,0.15548429759260668,True,0.0050982835305173075,0.9645940065383911
1313936,790.8693923715234,500,False,0.02992042330875452,True,0.005059736435485053,1.0094380378723145
1315104,740.3045938485544,500,False,0.10388449852983199,True,0.005043216183915724,0.9697015285491943
1315312,654.4435821776988,500,False,0.1948223064116859,True,0.00507692312700933,1.0484167337417603
1315808,725.1377651397199,500,False,0.09226048901739399,False,0.005054164862445531,1.1524077653884888
1315808,750.3081851192321,500,False,0.14272227992021588,True,0.005054164862445531,1.1524077653884888
1316992,684.782437486896,500,False,0.1881032785146778,True,0.005031879913962542,1.1065046787261963
1317104,785.0423796009253,500,False,0.12974505865465658,True,0.005053563216522633,0.8815176486968994
1317296,846.1603664535065,500,False,0.07338607603457604,True,0.0050638172380505254,1.0561833381652832
1317696,703.7967572770044,500,False,0.12234271923841887,True,0.005096024620336306,1.1232175827026367
1318560,691.8312120450736,500,False,0.1787234431302435,True,0.005122536830771292,1.061441421508789
1318624,706.9211314352275,500,False,0.05603357924084487,True,0.005004612836150509,1.0327537059783936
1319552,765.9964607053665,500,False,0.06059792904064223,True,0.0050084570662364295,0.9485232830047607
1320368,827.6142568963065,500,False,0.05186008733536074,False,0.0049222065881751684,0.9087008833885193
1320400,758.2875969910533,500,False,0.14119945562219072,False,0.004891070195450538,0.8630056381225586
1321408,774.1566033845041,500,False,0.12821068414646322,False,0.004889616621266705,1.1656925678253174
1321776,739.988044446304,500,False,0.11918146233228162,True,0.004978457427187515,1.1308917999267578
1321936,819.5222275063373,500,False,0.17552873014111298,True,0.005033149034804389,0.8803176879882812
1323104,778.908631768113,500,False,0.16253796656252772,True,0.005055311177500444,1.0206217765808105
1323312,699.8889072508717,500,False,0.18341606344561082,False,0.005168894792508734,1.0204018354415894
1323808,718.3507003275516,500,False,0.17934631662992706,False,0.005165076441349155,1.0923147201538086
1323808,783.3490621741487,500,False,0.14061493015439222,True,0.005165076441349155,1.0923147201538086
1324992,685.5084740712774,500,False,0.13185817358134144,True,0.005093054855394154,0.9296807646751404
1325104,714.2108408882472,500,False,0.1352718402444254,False,0.005087142408640825,1.1326268911361694
1325296,710.8323300328465,500,False,0.15369321874149186,False,0.00510755450254121,1.052969217300415
1325696,835.1581308871067,500,False,0.12433546050757249,True,0.005118145548714583,1.2377591133117676
1326560,718.1383012481677,500,False,0.1640302960537262,True,0.005157867824783117,0.9147164821624756
1326624,710.555341209345,500,False,0.21161196059706805,True,0.005217176886771745,0.9150926470756531
1327552,757.6750319406016,500,False,0.13104993986807204,False,0.00521998423141418,1.0181148052215576
1328368,773.3056262531167,500,False,0.17631478919674157,True,0.005331587992686067,0.9620245099067688
1328400,721.4118467671594,500,False,0.026464966015169115,True,0.005320796119619162,0.8599721193313599
1329408,744.7561218140874,500,False,0.0974671204547243,True,0.0053182176514079155,1.1344890594482422
1329776,790.5776236398065,500,False,0.16208493914260205,True,0.005363753550316933,0.8363523483276367
1329936,753.9480863762915,500,False,0.1643251650228055,True,0.005380187211342217,1.0287487506866455
1331104,772.1450806012483,500,False,0.10379896688639044,False,0.005394991765676341,1.0306791067123413
1331312,709.4623784982193,500,False,0.1586331797263952,False,0.005309502337486339,0.8742496967315674
1331808,769.5474891801223,500,False,0.10977235977100491,False,0.005315751437643718,0.7892422676086426
1331808,791.6886543612618,500,False,0.15824942082724494,True,0.005315751437643718,0.7892422676086426
1332992,650.4156844627792,500,False,0.2667472178344129,True,0.005355495869909589,0.8669579029083252
1333104,793.3015136748655,500,False,0.09464470943954507,True,0.005285719615953257,0.9225355386734009
1333296,783.8501810987842,500,False,0.12774563272035697,True,0.005287399827010308,1.0199205875396729
1333696,776.8124048305074,500,False,0.1331917035907064,False,0.00530191513775238,1.182358741760254
1334560,778.5077318682675,500,False,0.10870313776548779,False,0.005328578576854195,1.0198127031326294
1334624,771.3799839904262,500,False,0.16115546583082116,True,0.005268274897623199,0.9881565570831299
1335552,771.9394809829668,500,False,0.1393871878971127,False,0.005266073268889751,0.9767789840698242
1336368,736.9193341274955,500,False,0.0870705395552127,True,0.0052938338035657135,0.9910875558853149
1336400,738.6540839690623,500,False,0.11912968082991285,False,0.0051874840200900555,0.969292402267456
1337408,736.8392738478968,500,False,0.0935780625260681,True,0.005188284897552859,1.048656940460205
1337776,752.504812799221,500,False,0.15818299223616117,True,0.005308918208707117,0.8345818519592285
1337936,685.2623875134581,500,False,0.13878087880323625,False,0.005319878185657713,0.8148367404937744
1339104,715.4632360512065,500,False,0.11702329191343859,False,0.005345108160243189,1.0053865909576416
1339312,737.1332569947132,500,False,0.09013609029854672,True,0.005222074764411246,0.9904718995094299
1339808,771.5725986443675,500,False,0.1188059805958765,True,0.005175271648647371,1.0408892631530762
1339808,808.580171813846,500,False,0.13277335909969568,False,0.005175271648647371,1.0408892631530762
1340992,725.1571264968052,500,False,0.20868286387669507,True,0.005156922747142732,0.9676179885864258
1341104,705.9536263684445,500,False,0.107265242180721,True,0.005318740173813698,0.9673538208007812
1341296,775.7966551570144,500,False,0.06092135457897271,True,0.0053267344457671095,1.0655736923217773
1341696,744.6349036489811,500,False,0.15504018211799306,True,0.0053276969281183546,0.9024233818054199
1342560,798.4651895038842,500,False,0.10418272904099973,True,0.005352393029819994,0.869073748588562
1342624,796.7445495257293,500,False,0.06252622517312259,True,0.00534567659051297,1.20457923412323
1343552,724.0208344077143,500,False,0.21578888731945095,True,0.005350131266525341,0.8815151453018188
1344368,681.483189264395,500,False,0.17886659740020072,True,0.005345415900243822,1.189780592918396
1344400,799.3736996339204,500,False,0.030098890412380723,True,0.0053308990222598945,1.0310132503509521
1345408,767.4496731077224,500,False,0.06235538581872459,False,0.005331035477844138,0.8537880182266235
1345776,786.8112391853434,500,False,0.12690547758034243,False,0.005238648818035344,1.1224970817565918
1345936,780.2481991161823,500,False,0.10428999413276603,True,0.005173585859499653,0.7265229225158691
1347104,704.3004798546967,500,False,0.14358829283030242,True,0.005188125432126631,0.8713496923446655
1347312,711.19758630238,500,False,0.14971531906824698,True,0.005208038332273656,0.9800964593887329
1347808,700.097723265818,500,False,0.1515092933833828,True,0.005224787767673429,0.8211002945899963
1347808,761.0794309271706,500,False,0.0870921723575887,True,0.005224787767673429,0.8211002945899963
1348992,734.7890393804473,500,False,0.20255351011008932,True,0.005304622027776901,1.0469026565551758
1349104,768.8642043988173,500,False,0.10688314949465795,True,0.005465612845490262,0.9472492933273315
1349296,747.6534117948186,500,False,0.19124198757096603,True,0.005473281480508625,0.9234261512756348
1349696,787.2382821902021,500,False,0.0837029036310111,False,0.005481977706961383,0.9839147329330444
1350560,794.341437504626,500,False,0.21015485759313185,True,0.005372522654901526,1.0669748783111572
1350624,773.1506740372275,500,False,0.0883108185513485,True,0.005435107714258571,0.8410443067550659
1351552,731.5253951586585,500,False,0.15615474443762903,True,0.00544706442164303,0.9090774059295654
1352368,797.5111843351355,500,False,0.1710624504885792,True,0.005351097246685075,0.9472783803939819
1352400,728.4518087792712,500,False,0.16786785337442173,True,0.00518668472645791,1.126423716545105
1353408,804.4547138688114,500,False,0.11108711554807327,True,0.005192019740358836,0.9938099384307861
1353776,712.4333877827142,500,False,0.22303711487063446,True,0.005165610729259866,0.8967781066894531
1353936,746.3353209847132,500,False,0.15811289253107055,True,0.00515486209451456,1.083603858947754
1355104,696.5899947649982,500,False,0.12851226400249663,True,0.005132744701724224,1.1016563177108765
1355312,775.956742828174,500,False,0.1349445072941555,True,0.005076915910626057,0.8821670413017273
1355808,826.0660908294988,500,False,0.07790465469917436,False,0.005114248947582055,0.9857161045074463
1355808,789.989219847657,500,False,0.0970374709839292,True,0.005114248947582055,0.9857161045074463
1356992,776.4892905624323,500,False,0.07606703914012874,True,0.005219012611355816,0.8982119560241699
1357104,800.4381152381999,500,False,0.0700288107970201,True,0.005249567558668908,0.8581291437149048
1357296,602.0255893969063,500,False,0.293792977600209,True,0.005235762687540148,0.9998413324356079
1357696,666.2161346606449,500,False,0.19701315776587866,True,0.005224198193793903,1.0383683443069458
1358560,727.3844073382156,500,False,0.08847844750153074,True,0.005252139276075518,1.043471097946167
1358624,805.1502427908098,500,False,0.1580537843983931,True,0.005241718913472187,0.9457827806472778
1359552,736.8325485382338,500,False,0.1501448649880507,True,0.005241804144534818,1.0016759634017944
1360368,738.1600833188709,500,False,0.17998209114754704,True,0.005280204501930879,0.8420542478561401
1360400,791.1057829115108,500,False,0.19439305876029753,True,0.005404040577301277,0.9875751733779907
1361408,790.3496715401044,500,False,0.05689406488490651,False,0.005404418285880747,0.9734777212142944
1361776,773.6235589594148,500,False,0.10776775452423536,False,0.005302805435471262,0.9845974445343018
1361936,772.3064166203088,500,False,0.11161253327530579,True,0.005345302400091239,1.0633890628814697
1363104,786.7105958473788,500,False,0.182819051205607,True,0.005335405133731215,0.8807946443557739
1363312,811.0321721001982,500,False,0.183221374070858,True,0.00537297026748012,1.0384665727615356
1363808,775.4823184296181,500,False,0.08190545419043019,True,0.0054117943896515135,0.8487101793289185
1363808,744.4660420533625,500,False,0.07467850666251134,True,0.0054117943896515135,0.8487101793289185
1364992,766.1203600860821,500,False,0.11586194736618761,False,0.005424453185538037,0.9837508201599121
1365104,810.6026211486325,500,False,0.09952094058665813,True,0.005326505580757923,0.8410668969154358
1365296,785.4991277357817,500,False,0.0648007061216715,True,0.005331119720032048,0.8088129162788391
1365696,658.167248374509,500,False,0.2053345547501925,True,0.005314396673177573,1.1835579872131348
1366560,749.5907455156649,500,False,0.14018687039146613,True,0.005258515849015409,0.9855859279632568
1366624,764.0383560640137,500,False,0.06817337434275364,True,0.005241837979339875,1.017134666442871
1367552,820.8577469504773,500,False,0.12386679117101185,True,0.005241555600916502,1.132200002670288
1368368,709.4616732376576,500,False,0.22468005986904988,True,0.0051286481221645575,0.9174208045005798
1368400,808.2840814082556,500,False,0.09977032348354506,False,0.005106646013704879,0.8048560619354248
1369408,782.0438100748041,500,False,0.18232929027266526,True,0.0051141129043178425,0.8705110549926758
1369776,730.1948445233529,500,False,0.08404711395179987,False,0.005156281948081403,1.019187569618225
1369936,796.6285345439541,500,False,0.1552551729430584,True,0.005208877187469362,0.9208585023880005
1371104,670.5204667552409,500,False,0.2122594984318067,True,0.005213177282355079,1.017237663269043
1371312,746.7947367104853,500,False,0.17322956183447788,True,0.0053465800307157625,0.7380527257919312
1371808,790.408796840497,500,False,0.0730255954138352,True,0.005363504843767024,0.9684662818908691
1371808,768.4874611624099,500,False,0.0409812962486398,True,0.005363504843767024,0.9684662818908691
1372992,779.9883656076021,500,False,0.1403478664733395,True,0.005396060246541469,0.7981376051902771
1373104,750.7174016271608,500,False,0.10491170000569666,True,0.00521537340104061,0.9348517656326294
1373296,726.8542385966531,500,False,0.1572738496250826,False,0.005196438498336274,1.013242483139038
1373696,735.6463223896538,500,False,0.08545368772425906,True,0.005158842480094838,0.9514760971069336
1374560,738.8513510060753,500,False,0.08547388801596192,False,0.005121303884914613,0.9091817140579224
1374624,753.5221002216084,500,False,0.090199638647819,False,0.005157043244397132,0.9910356998443604
1375552,648.1031484619305,500,False,0.22042404628272586,True,0.005156845108947767,1.053960919380188
1376368,635.1317110534318,500,False,0.24867827477665713,True,0.005240061517139097,1.0964853763580322
1376400,782.037660974312,500,False,0.08987232245474677,False,0.0052260172569330516,1.1075904369354248
1377408,782.2919771868965,500,False,0.06130317111428161,True,0.005226419398204455,0.9316186904907227
1377776,772.9377126173591,500,False,0.15954390392300272,True,0.005203737326549945,0.869351863861084
1377936,757.5752405145066,500,False,0.0939139404559271,True,0.005279242075688504,0.9234577417373657
1379104,742.9561079072672,500,False,0.1631500612373878,True,0.0053021173807174075,0.8583909273147583
1379312,718.1911462921843,500,False,0.16451486397247098,True,0.005254496989017233,1.0319406986236572
1379808,712.0040963178824,500,False,0.22384400969614093,True,0.005350146972767469,1.0414016246795654
1379808,778.8948439533278,500,False,0.12833230459667633,True,0.005350146972767469,1.0414016246795654
1380992,659.4512156708624,500,False,0.23825057405115807,True,0.005401689819120913,1.044527530670166
1381104,752.3624768896763,500,False,0.07838530108896952,False,0.0052211354880499165,1.0906598567962646
1381296,735.326915208728,500,False,0.1480771999383664,True,0.0051912407870423755,0.865140438079834
1381696,714.5825859965703,500,False,0.156264571376458,False,0.0051306451396350115,0.9812468886375427
1382560,719.1422594720675,500,False,0.1872776583937652,True,0.005041879021194152,0.9717122912406921
1382624,755.9986437673481,500,False,0.11007351715642233,False,0.005143121705079415,0.8506500720977783
1383552,761.4922320600356,500,False,0.13551153049608897,True,0.0051459107189792165,0.8531494140625
1384368,754.9925064826828,500,False,0.11979356381280039,True,0.005092915039099875,0.935261607170105
1384400,646.898976388989,500,False,0.19101817302241944,True,0.0051636943862138854,0.9325494766235352
1385408,829.7113838538081,500,False,0.10742999170025304,True,0.0051704165402071955,0.9835708141326904
1385776,763.7351165421401,500,False,0.07814806772816407,True,0.005395516066735399,0.8454663753509521
1385936,713.9913372559762,500,False,0.1876193237041421,True,0.00534980314834747,1.2253137826919556
1387104,791.9845210194983,500,False,0.08237872552085267,True,0.005329902396361497,0.7480036020278931
1387312,763.8234285992098,500,False,0.08683370014109157,False,0.005281333744262583,0.9586169719696045
1387808,714.8965198862597,500,False,0.07596281280505883,False,0.0052974733878172735,0.9309678077697754
1387808,830.9156837769682,500,False,0.10213762518641066,True,0.0052974733878172735,0.9309678077697754
1388992,726.0884363144351,500,False,0.13025422472631257,False,0.005332272072691325,1.0394484996795654
1389104,710.7396604688772,500,False,0.1585309817986019,True,0.005456713383231756,1.0148050785064697
1389296,798.7245539656188,500,False,0.14223279209712159,False,0.005435445521285469,0.8101627230644226
1389696,709.9696783550928,500,False,0.20433609324671953,True,0.005404118235242989,0.9474252462387085
1390560,785.9452447551597,500,False,0.08210140035957338,True,0.005344175071102646,0.9140488505363464
1390624,753.2964827534713,500,False,0.09726851091643411,True,0.005220253285826294,0.9026176333427429
1391552,726.258455994498,500,False,0.13422611790545944,False,0.005213603549988173,0.8634973764419556
1392368,778.3522070593693,500,False,0.1359668480797929,True,0.0051747453289779765,1.0837578773498535
1392400,780.1969157992186,500,False,0.15575476571883867,True,0.005175067801096197,0.835489809513092
1393408,787.7068844978019,500,False,0.11509643585794581,True,0.005173485443771804,0.8758327960968018
1393776,781.171041652271,500,False,0.1203272655251413,True,0.0053159341591332235,0.8067854642868042
1393936,808.0770362090489,500,False,0.19242873381314718,True,0.005337501528923257,0.8752296566963196
1395104,803.2894046742822,500,False,0.09358506669596017,True,0.005325895249052965,0.9202332496643066
1395312,736.580453486826,500,False,0.14306516850408102,True,0.005137654410870103,0.902006983757019
1395808,784.5553540509259,500,False,0.1460346206941429,True,0.005120652214266629,0.8269660472869873
1395808,774.4130464539157,500,False,0.10209825999841275,True,0.005120652214266629,0.8269660472869873
1396992,835.2728597404235,500,False,0.02511919665386259,False,0.005060769148303815,1.0784356594085693
1397104,548.3523084343435,500,False,0.25702074582685797,True,0.004990602323591592,0.7746036052703857
1397296,754.3178759478081,500,False,0.1527443150807118,False,0.004977318591257317,0.7992347478866577
1397696,784.5106647336188,500,False,0.07112777870513465,True,0.004956717969448923,0.9318996071815491
1398560,721.3586308608247,500,False,0.10360926197426375,True,0.004969160380113667,0.7826541066169739
1398624,792.5876442375676,500,False,0.11935689343323043,True,0.004942033767490646,0.7476987242698669
1399552,740.9432320032198,500,False,0.04701159771808863,False,0.004947320354028084,0.8672667741775513
1400368,721.1375693299668,500,False,0.16702963139634686,True,0.005238798000161197,1.0567312240600586
1400400,848.6937749151871,500,False,0.08564036718087141,False,0.0053511983340703085,0.9250085353851318
1401408,701.0913321769344,500,False,0.19580168424801292,True,0.005355620468611304,0.8610897064208984
1401776,840.2757690850273,500,False,0.014782968930123248,True,0.005350032923948875,0.9126257300376892
1401936,840.9689426466459,500,False,0.032703039279622696,False,0.005324566435015801,0.9967411756515503
1403104,752.3476111561753,500,False,0.1979688801228457,True,0.005326294967235517,0.8294143676757812
1403312,818.7142632864536,500,False,0.11864550357503428,True,0.005088965359645877,0.9365949034690857
1403808,768.1151184387443,500,False,0.08115138202359615,True,0.00505600940999664,0.8512154817581177
1403808,728.1760270188975,500,False,0.11529697310182739,True,0.00505600940999664,0.8512154817581177
1404992,734.3600067225353,500,False,0.1514204037118534,True,0.005057311022569744,0.8509240746498108
1405104,694.7324401402446,500,False,0.16650381192907035,True,0.0050900271099064785,0.9501763582229614
1405296,739.753498175308,500,False,0.1754404671960051,True,0.005109780212804459,0.7919527888298035
1405696,784.0977801367461,500,False,0.09975603965711635,True,0.005143727489357871,0.9054173231124878
1406560,803.1984153073043,500,False,0.06949957036168475,True,0.005174147495869792,0.667931079864502
1406624,826.6174213061183,500,False,0.07837211898080072,True,0.005345901911504014,1.0929992198944092
1407552,706.8787167064902,500,False,0.16245787333948433,True,0.005343469085563521,0.8796637058258057
1408368,735.4447906459479,500,False,0.10481743563130319,False,0.005221386517512292,1.0521879196166992
1408400,740.0960666901444,500,False,0.13053971511704707,False,0.005191943148046832,1.0267629623413086
1409408,798.667613018567,500,False,0.10087495406547939,False,0.0051876434355102455,0.9096913933753967
1409776,678.5624194470073,500,False,0.20582006930189212,True,0.00518066482141453,0.9111428260803223
1409936,789.7896345799743,500,False,0.04278928181521718,False,0.005195876282626363,0.7363302111625671
1411104,766.5889496793384,500,False,0.09012175823403906,True,0.005229926649313323,0.8058690428733826
1411312,767.1768591179857,500,False,0.07889596541142864,False,0.00529524951378377,0.8801089525222778
1411808,803.0125408750736,500,False,0.07124032440042942,False,0.0052759507284732745,0.9853249788284302
1411808,748.5996412716064,500,False,0.13775527660466957,True,0.0052759507284732745,0.9853249788284302
1412992,783.5414237712014,500,False,0.03575529890743842,True,0.005192038204205841,0.7101811170578003
1413104,825.0261866221505,500,False,0.06147545706998792,True,0.005214886752906513,0.8983352184295654
1413296,721.56808681343,500,False,0.14998358121625968,True,0.005215543644309286,0.9105864763259888
1413696,801.810004238125,500,False,0.11216379262125921,True,0.005194870007002742,0.839013934135437
1414560,799.2585818027746,500,False,0.08501346840591026,True,0.005150078436145932,1.0898120403289795
1414624,762.3209440111253,500,False,0.11454030952628441,False,0.005333228740812989,0.8108715415000916
1415552,690.2178178125787,500,False,0.13344466707730404,True,0.0053436743674625965,0.7215467095375061
1416368,774.0684359002855,500,False,0.09173971366516223,True,0.005486908472520704,1.0245146751403809
1416400,848.6255048177076,500,False,0.12277350751034857,True,0.005485923375376304,0.7930713891983032
1417408,776.8435257725666,500,False,0.1265542497069973,False,0.005486804903229545,0.8411501049995422
1417776,767.9531785510268,500,False,0.0660587095363424,True,0.005299781265481272,0.9749513864517212
1417936,761.4168935623821,500,False,0.06423029213099433,True,0.005292173137181449,0.8350608944892883
1419104,767.9418672211765,500,False,0.09906262598350894,True,0.005288814038659863,0.800528883934021
1419312,702.1067357145038,500,False,0.16205954355077756,True,0.0051522545239452424,0.7796226739883423
1419808,736.0825781414137,500,False,0.0906073014436858,True,0.005132992010248348,1.0505732297897339
1419808,786.8273011959901,500,False,0.13393649191331264,True,0.005132992010248348,1.0505732297897339
1420992,769.6746802973028,500,False,0.13310108883196095,True,0.005210973980217919,0.8884574174880981
1421104,768.5328267211038,500,False,0.09655376483473163,True,0.005312969959494268,0.8988566994667053
1421296,709.1135229660131,500,False,0.15164190010379933,True,0.005321057723477718,0.9607582688331604
1421696,740.1508405533738,500,False,0.1041981349509506,True,0.005324684315289424,0.80123370885849
1422560,800.0506165112165,500,False,0.09930952108461868,True,0.00528911847055624,0.8538550138473511
1422624,821.5941056870965,500,False,0.09773414559380621,False,0.005244168039944603,0.8375396728515625
1423552,851.9214001409606,500,False,0.07198520103700877,True,0.005245953638045536,0.8221758604049683
1424368,783.6034358308846,500,False,0.09662058927541216,False,0.005418086690689237,0.8359495401382446
1424400,767.6111055159543,500,False,0.0730930200567351,True,0.005361756629814635,0.695075273513794
1425408,805.6687631815732,500,False,0.061667578635623124,True,0.005359600715434707,0.7316568493843079
1425776,783.7899795083198,500,False,0.12821081233798892,True,0.005274530151404157,0.8358123302459717
1425936,842.5629279531512,500,False,0.08629084908681056,True,0.0052556588007732245,0.7730016112327576
1427104,792.6187331384683,500,False,0.08084240151568889,True,0.00523841993727519,0.8994001150131226
1427312,833.8392025884484,500,False,0.08254725402466852,True,0.005169816487060595,1.0168399810791016
1427808,738.7712627016657,500,False,0.09898770848502553,False,0.005112746560271088,1.0728404521942139
1427808,697.7182597795487,500,False,0.19480517981736717,True,0.005112746560271088,1.0728404521942139
1428992,835.51432846096,500,False,0.15247240282807314,True,0.0050351223161230795,0.9146431684494019
1429104,821.6127417638816,500,False,0.10922736480451982,True,0.0049851370939055254,0.8328611850738525
1429296,822.6346467276067,500,False,0.10193913651938237,True,0.0049618691476332995,0.96478271484375
1429696,793.0948055882657,500,False,0.12034380733411139,True,0.00493788124740639,0.9615464210510254
1430560,796.0621377777878,500,False,0.09383164803520382,True,0.004974439702867173,0.7474513649940491
1430624,686.7760895235102,500,False,0.12038082722008851,True,0.005037227103009396,0.7506181001663208
1431552,775.9534608703251,500,False,0.029682564205795733,True,0.005045096072099094,0.7756807804107666
1432368,810.7713233056129,500,False,0.11106834876282835,True,0.004948691746955297,0.8612403869628906
1432400,709.9733773709313,500,False,0.2829027582393447,True,0.004834648898963331,0.9138988256454468
1433408,743.0230118790269,500,False,0.15459745761177943,True,0.004837778362396594,0.7099789381027222
1433776,783.67339308453,500,False,0.13875962306942974,True,0.004887534669864009,0.6604397296905518
1433936,766.8882742115527,500,False,0.10373621599148551,True,0.00492260047485652,0.8753796815872192
1435104,726.3581549156165,500,False,0.09417520993600137,True,0.00494412088787439,0.8264881372451782
1435312,750.9085467919165,500,False,0.12097424131203388,True,0.0051252534460364835,0.7663595676422119
1435808,826.3630411522943,500,False,0.06810889282747377,False,0.005149150964501707,0.905568540096283
1435808,743.1806490697137,500,False,0.14276460581961842,True,0.005149150964501707,0.905568540096283
1436992,711.9537775147955,500,False,0.1249897788105984,False,0.005125148991578656,0.7373520731925964
1437104,771.4156843688337,500,False,0.09213179595787231,True,0.005030692398175094,0.7522336840629578
1437296,742.3181456630653,500,False,0.16626860642829014,True,0.005041435437301336,0.9561271667480469
1437696,767.5100762094439,500,False,0.07261416450948162,True,0.005026168154210594,0.8958235383033752
1438560,813.2862080286222,500,False,0.08932106656360193,True,0.0049747684247503175,0.7194058299064636
1438624,718.9086466766657,500,False,0.11324437311326674,True,0.005075009298575801,0.7871357798576355
1439552,842.1380604824255,500,False,0.07653905322565582,True,0.005080345221210929,0.8854029178619385
1440368,803.1804231020104,500,False,0.04907517587763943,False,0.005219074501105314,0.8392462730407715
1440400,805.1001004694335,500,False,0.10949365051874729,True,0.0052121257553114616,0.8281325101852417
1441408,603.9210254616635,500,False,0.425701545810772,True,0.0052101847920097985,0.9191683530807495
1441776,775.7330618373858,500,False,0.05836094446312761,False,0.005040806675630917,0.9190551042556763
1441936,783.9775935294015,500,False,0.030595340652669663,True,0.004977765396548145,0.7767483592033386
1443104,790.3782206494035,500,False,0.14470627767530003,True,0.004962505547594753,0.8296526670455933
1443312,770.3133571378454,500,False,0.10906527165605426,False,0.004870168426115759,0.6807576417922974
1443808,728.3906061884583,500,False,0.0829896984473546,False,0.004882744936046283,0.8754411339759827
1443808,789.6570209502022,500,False,0.1447033969212805,True,0.004882744936046283,0.8754411339759827
1444992,799.754481446857,500,False,0.06955464255428732,True,0.00489736423688815,0.7000125646591187
1445104,668.9351073732593,500,False,0.15712896937523363,True,0.00497745200823048,0.8063187599182129
1445296,776.6292580157308,500,False,0.14034079052879755,True,0.00498464041661291,0.737819254398346
1445696,797.5198400232579,500,False,0.11101212724851978,True,0.004976597181464067,0.8910293579101562
1446560,807.3781062297074,500,False,0.05911478887659908,True,0.0049823019327138555,0.9057921171188354
1446624,807.627464929133,500,False,0.09592942320703292,False,0.005002517400829542,0.8994729518890381
1447552,779.3404485697755,500,False,0.09404709232789935,False,0.005009015921812662,0.7246915102005005
1448368,776.703254038171,500,False,0.08166568297698003,False,0.005067387275533217,0.8389912843704224
1448400,757.4632560808737,500,False,0.07656329693082196,True,0.004979765881484631,0.7849729061126709
1449408,803.7155676027058,500,False,0.023933871150629976,True,0.004982167515969236,0.8933795094490051
1449776,866.6753235673616,500,False,0.06903254081938677,False,0.005016823487656398,0.8299024105072021
1449936,751.9688353191215,500,False,0.11806335191426374,True,0.005008830145536892,0.7815887928009033
1451104,677.3764134315109,500,False,0.12542932528438608,False,0.00503148376991116,0.8767026662826538
1451312,729.9637214475732,500,False,0.19422197494765295,True,0.005127273054976739,0.8455601334571838
1451808,735.2235652599755,500,False,0.09690771103197117,True,0.005146509168374469,0.7920801639556885
1451808,801.144689150563,500,False,0.12471406579575446,False,0.005146509168374469,0.7920801639556885
1452992,806.1170958242595,500,False,0.08348464589903364,True,0.005254646336000108,0.7469742298126221
1453104,795.2184178428736,500,False,0.083126595448948,True,0.005330094014628605,0.7254573702812195
1453296,777.9519321007687,500,False,0.09327890373656939,True,0.005318900569181071,0.6727023124694824
1453696,716.0877815287998,500,False,0.16414028839030895,True,0.005331562265775323,0.7309478521347046
1454560,810.7865315157754,500,False,0.100099537682828,True,0.005391321360399379,0.8187049031257629
1454624,762.2647167764475,500,False,0.07032008089059606,True,0.005378403685273826,0.835479199886322
1455552,817.3959831052558,500,False,0.1240205037601339,True,0.0053886463188427035,0.8951869010925293
1456368,753.718587708251,500,False,0.13000614212743608,False,0.005416435765207386,0.7845497131347656
1456400,746.9540098179447,500,False,0.06495467235176502,True,0.005318507912434365,0.7905268669128418
1457408,727.3167725298449,500,False,0.0765884612164619,False,0.005317521733448281,0.8548665046691895
1457776,786.8119963315926,500,False,0.03344659627628824,True,0.005266987231773677,0.7571102380752563
1457936,697.1643701782352,500,False,0.17678531000093906,True,0.005206165660855938,0.7586055994033813
1459104,768.7539796674762,500,False,0.1445041479931408,True,0.005213764826479363,0.7154498100280762
1459312,725.6120261829535,500,False,0.1263117747704735,True,0.005333993400764202,0.7365381717681885
1459808,759.8547726764233,500,False,0.10794460578345216,True,0.00539849895075446,0.6434075832366943
1459808,769.6994561613518,500,False,0.0684998109667083,True,0.00539849895075446,0.6434075832366943
1460992,788.2203262086279,500,False,0.05687519393775101,False,0.005516579879660374,0.7959132194519043
1461104,826.5424224626282,500,False,0.07836076581008145,False,0.005436199170636624,0.6965886354446411
1461296,739.4150973195975,500,False,0.129975651347311,True,0.005426348130777704,0.7923341989517212
1461696,806.0729160647625,500,False,0.024976391498914008,True,0.005429921140009324,0.6920044422149658
1462560,779.0284038602163,500,False,0.10189216971333614,False,0.005366813784073535,0.7558473348617554
1462624,833.3189073903335,500,False,0.07687803463404991,True,0.00512953784418554,0.6849769353866577
1463552,786.1591857435841,500,False,0.08925720831596294,True,0.005110812150997231,0.689497709274292
1464368,733.6198734723373,500,False,0.1982580272700463,True,0.004943505717393453,0.7132739424705505
1464400,739.7031978678339,500,False,0.025937273539867346,True,0.004941144613431204,0.7227544784545898
1465408,858.3426536957404,500,False,0.07886962215744335,True,0.004939114080281755,0.8333187103271484
1465776,772.9174617161028,500,False,0.0822801002859775,True,0.005046367051481345,0.8532826900482178
1465936,793.4893518852818,500,False,0.02881953415650924,True,0.00510150097599409,0.7073104977607727
1467104,786.1374383838944,500,False,0.12887732749679612,True,0.005115906218386901,0.759553074836731
1467312,736.0074576681278,500,False,0.13584861175771548,False,0.00504007807095565,0.7087173461914062
1467808,788.9814137523806,500,False,0.053321163308598575,True,0.00508899224859106,0.8306366205215454
1467808,763.6707459132657,500,False,0.08807872373043282,True,0.00508899224859106,0.8306366205215454
1468992,791.4939797960228,500,False,0.08516970125136236,True,0.005111770663525017,0.666516900062561
1469104,730.2067848710443,500,False,0.11411555978994149,True,0.005306899944702962,0.7020739316940308
1469296,792.9811208350243,500,False,0.037681603406347866,True,0.005324580152111618,0.5887819528579712
1469696,802.7927343068586,500,False,0.09521587958118646,True,0.005340992134281541,0.753736138343811
1470560,813.3710848704957,500,False,0.10669083771839703,True,0.005345795226443667,0.8468238711357117
1470624,766.247378940762,500,False,0.10557709189205142,True,0.005323271173530184,0.9237476587295532
1471552,779.7232731285146,500,False,0.14292354879925684,True,0.005324307096472121,0.6250593662261963
1472368,774.5831015459478,500,False,0.07303129309713192,False,0.005290860084826994,0.5889002084732056
1472400,823.4070606701048,500,False,0.07894337505042877,True,0.005253258055044325,0.7354102730751038
1473408,776.777660242541,500,False,0.061143725243893186,False,0.00525221334396895,0.7282068133354187
1473776,825.1665939031567,500,False,0.11712650088483745,True,0.005253112801374781,0.7627490162849426
1473936,739.2436069878094,500,False,0.12151581807051194,True,0.005219309877892995,0.6762642860412598
1475104,778.0779474233794,500,False,0.12580804364725123,True,0.005212514392247424,0.7460538148880005
1475312,763.1586761359102,500,False,0.027824908962973405,True,0.005231883262170968,0.8382934331893921
1475808,725.9618171807244,500,False,0.19006019511866495,True,0.005257682353587605,0.6788449287414551
1475808,758.7228935030968,500,False,0.12459680020242174,True,0.005257682353587605,0.6788449287414551
1476992,846.4783401073777,500,False,0.09995306089524217,False,0.005394734541937614,0.705811619758606
1477104,692.286131784217,500,False,0.22844619371099065,True,0.00553862340529651,0.7734649777412415
1477296,756.6846847790712,500,False,0.09872641524570838,True,0.005523365053795729,0.727086067199707
1477696,788.6594124977253,500,False,0.15615093089581264,True,0.005481128499867534,0.6694403886795044
1478560,749.3122299307856,500,False,0.07064195393368905,False,0.0054208180623755995,0.8354063630104065
1478624,793.2394853338448,500,False,0.06907968111857755,True,0.005358296106081489,0.8499340415000916
1479552,834.3901850521694,500,False,0.09595372625425024,False,0.0053482982014293546,0.9573670625686646
1480368,784.9171186959803,500,False,0.09087541031922551,True,0.005256493765730189,0.7140071988105774
1480400,776.8458450877389,500,False,0.06940857506385517,True,0.005326616226325061,0.942433774471283
1481408,771.5855884469352,500,False,0.10993085102071624,True,0.005329454694333265,0.7138224840164185
1481776,749.660084238905,500,False,0.10822790912275528,True,0.005246030366757391,0.6203069686889648
1481936,672.2600216377135,500,False,0.20852463849086533,True,0.0051992553929962335,0.7376562356948853
1483104,751.1087724508885,500,False,0.12518939746261593,True,0.005209489148096253,0.6766841411590576
1483312,761.0294475686834,500,False,0.044632947148350595,True,0.005294673739595571,0.7681888341903687
1483808,782.1544451515083,500,False,0.12182773907747632,True,0.005294962573076306,0.8128354549407959
1483808,805.7049487802043,500,False,0.06195666859512187,True,0.005294962573076306,0.8128354549407959
1484992,732.7416624356154,500,False,0.17123326291342336,True,0.005291415285546465,0.6766974329948425
1485104,779.8525583782005,500,False,0.11510928873064431,True,0.005103264941638092,0.6929217576980591
1485296,812.5420694863806,500,False,0.1176802407316145,False,0.005102778864932605,0.7254324555397034
1485696,787.8496938739763,500,False,0.09924936868573211,True,0.005100120476412854,0.6229511499404907
1486560,783.7967205507513,500,False,0.15844670454651746,True,0.005098684875419382,0.7285351157188416
1486624,784.2552732975074,500,False,0.050642218164546206,False,0.005172884388099654,0.6774473786354065
1487552,795.2343971513412,500,False,0.09798996905688677,True,0.0051885085266333945,0.7684522867202759
1488368,800.4504269965088,500,False,0.13840641654390778,True,0.0051991444221257425,0.8021407127380371
1488400,742.3117182197601,500,False,0.12697984764586817,True,0.005196507491351318,0.6572597026824951
1489408,843.8939574615858,500,False,0.017079166405158535,True,0.00519176141882553,0.7855150699615479
1489776,764.592359145703,500,False,0.12040123543991167,True,0.00527863670164899,0.6847916841506958
1489936,770.7915288257209,500,False,0.056644709551723016,True,0.00530968447944322,0.6967129707336426
1491104,826.4313562563874,500,False,0.09714841225146645,True,0.005302748787892426,0.7917069792747498
1491312,763.4874728297206,500,False,0.12601661945473044,True,0.005144408831349719,0.8828617930412292
1491808,777.7159158309556,500,False,0.1275419237241096,True,0.0051339721101252974,0.6721226572990417
1491808,778.242028530424,500,False,0.09831059380869457,True,0.0051339721101252974,0.6721226572990417
1492992,760.3318449272531,500,False,0.13206765033761636,True,0.005091667738391049,0.9432495832443237
1493104,752.4626749130863,500,False,0.14445330914489476,True,0.005132810003746509,0.6821473836898804
1493296,782.2249253193374,500,False,0.10028642576932482,True,0.005125021949401637,0.6501026153564453
1493696,811.6381677537273,500,False,0.10310618193969996,True,0.0050996641121117655,0.7451368570327759
1494560,775.1953765068101,500,False,0.12034104011428662,True,0.005083281723444227,0.6537169218063354
1494624,805.590995590325,500,False,0.09472398746143033,True,0.0051312610762447,0.7716430425643921
1495552,748.1222174758359,500,False,0.15158107345466282,True,0.005142350694789791,0.7819955945014954
1496368,628.1356097429986,500,False,0.1547136133028222,True,0.005156294384581713,0.6589673161506653
1496400,825.843513794701,500,False,0.09584978099382391,True,0.005288722836121857,0.9042603373527527
1497408,797.6702682335848,500,False,0.15821923626069062,True,0.00529470413880715,0.6404181718826294
1497776,743.9346524557936,500,False,0.07044288076348626,True,0.005209610906307242,0.6108652353286743
1497936,774.5060982243123,500,False,0.0841736192905909,True,0.005091955448572108,0.7381561994552612
1499104,803.5332771747284,500,False,0.08752880361617545,True,0.005071930632522472,0.7999997138977051
1499312,795.2588215587201,500,False,0.13925129175245057,True,0.004963150799171457,0.6436337232589722
1499808,746.7405336357483,500,False,0.2165545816993851,True,0.004961871621156379,0.7064229846000671
1499808,777.0482061571939,500,False,0.027537986751352495,False,0.004961871621156379,0.7064229846000671
