step,return,length,crashed,final_dist,had_event,alpha,loss_q
1008,3.277361206403775,63,True,1.8364350755362049,False,,
1136,-3.432684230302634,71,True,6.003676276391074,False,,
1168,-1.8793156842624654,73,True,6.146232958673232,False,,
1264,26.01319698693529,79,True,6.037503844860518,False,,
1280,13.874944397220043,80,True,1.9743938261705396,False,,
1392,4.558969203777805,87,True,6.125193305628146,False,,
1408,-3.5848150462989388,88,True,6.060047725415839,False,,
1472,4.030305688260835,92,True,6.054692957912833,False,,
1616,7.441410692299556,101,True,6.2032094553195725,False,,
1632,-1.0000834721174758,102,True,6.0437218309487895,False,,
1696,12.82905493744566,106,True,6.087662478172509,False,,
1712,5.648644791976885,107,True,6.0002486118467715,False,,
1712,64.08549965711026,107,True,4.302563243697257,False,,
1776,32.88426384825748,111,True,6.160818965203621,False,,
1936,4.792966231596052,121,True,6.075882294179521,False,,
2112,-2.664399894629163,59,True,6.123101253794651,False,,
2128,32.315671327372556,133,True,6.010345276534011,False,,
2176,9.826716267318414,48,True,2.625431143866154,False,,
2304,-14.930829557347447,64,True,6.116280233195081,False,,
2656,2.3499112941207407,74,True,5.802751416177247,False,,
2928,-1.3279541668898336,112,True,6.075952642342833,False,,
2960,14.341346160388543,122,True,6.042245404801458,False,,
2992,3.336949643566486,81,True,6.02393774391196,False,,
3008,16.54229287757041,87,True,6.178759262421429,False,,
3008,3.4073201966699234,101,True,5.6927108424168305,False,,
3056,3.491854722224666,112,True,6.02752078183751,False,,
3216,-0.15604572117191395,90,True,6.03427994995585,False,,
3216,8.791816697927175,94,True,6.108530406487425,False,,
3344,4.771391231420088,77,True,6.026326926407131,False,,
3424,1.3795561854562521,78,True,3.2275478235412423,False,,
3472,-26.043850416377964,110,True,6.116725448384298,False,,
3760,9.160259872951821,91,True,6.084071258831865,False,,
3776,20.745537938513255,134,True,6.025958615610429,True,,
3872,-4.696759074872713,76,True,6.088066963293665,False,,
3920,20.650291462377247,112,True,5.1565227528515685,False,,
4048,-3.0622097829662707,70,True,6.045377830091071,False,,
4112,-6.855260764628948,69,True,6.1264156578412505,False,,
4144,-2.484287447291198,74,True,5.0443030158317095,False,,
4160,2.4897177316070795,69,True,6.016057031452402,False,,
4240,17.43394533157567,144,True,0.800304009448636,False,,
4384,10.953156900433227,87,True,6.034989981188855,False,,
4496,27.513605290971064,93,True,5.57196810408735,False,,
4528,-6.729336267192362,82,True,6.127867246222791,True,,
4560,-13.18475989061091,84,True,6.084560468405522,False,,
4608,3.7716002203794705,74,True,6.042938769348969,False,,
4880,-13.118796994726473,88,True,6.084474648875269,False,,
5152,9.786102027596714,113,True,6.091275549144423,False,,
5248,-5.3634935303565126,75,True,5.428420937363362,False,,
5424,5.880029228219751,80,True,6.052490949001646,False,,
5424,27.038783483255116,103,True,6.057983048223094,False,,
5472,4.404394497163581,68,True,3.538757577847282,False,,
5488,1.1642252064102205,78,True,6.094120565390318,False,,
5840,-14.080315120056714,77,True,6.143338519256029,False,,
5968,-3.6340963234605175,92,True,6.008008842424265,False,,
6000,-10.900784520965034,140,True,6.04110138363203,False,,
6048,10.45297578235358,133,True,6.025603249417753,False,,
6208,-2.715729492551798,131,True,6.086764224935995,False,,
6272,1.7089259582081713,87,True,6.073299154565341,False,,
6480,41.8531456266003,145,True,6.035031715109872,False,,
6608,70.19831850942049,128,True,5.056082370442242,True,,
6640,27.479288426254815,132,True,6.08506115802647,False,,
6704,0.9434260714919187,80,True,4.526039578499149,False,,
6800,14.987849964123804,86,True,3.427941411619978,False,,
7040,21.62133104345713,198,True,6.014706005776029,False,,
7104,-6.779054412619844,101,True,6.049050702294988,False,,
7232,17.489034373754045,124,True,6.069581180038101,False,,
7280,4.10759614870469,67,True,6.093537371599263,False,,
7296,10.568031742633814,83,True,6.0535818482641375,False,,
7312,-11.633585085390958,115,True,6.067411008436235,False,,
7408,23.485194136922445,71,True,2.3813638786733318,False,,
7408,21.763943148992084,98,True,6.032064294459604,False,,
7472,56.076150318787285,145,True,6.055102316419993,False,,
7488,-11.416896579367886,93,True,6.018188915663615,False,,
7664,0.14525578586574994,101,True,6.093231416463957,False,,
7856,-13.783529332518704,78,True,6.004164484516629,False,,
7984,12.051803371612708,84,True,6.063389134969845,False,,
8032,-8.255866566446548,83,True,6.021298818693072,False,,
8096,19.97757744350429,101,True,6.08069767257888,False,,
8352,2.6991539214150446,97,True,6.128554309848244,False,,
8432,-15.295782232711126,64,True,6.057653606192305,False,,
8512,-2.639003021363834,77,True,6.171138606089571,False,,
8544,-2.7385518702273357,90,True,6.097918838722232,False,,
8576,0.036838718029686746,69,True,6.091298870002271,False,,
8576,2.9309891371029604,96,True,6.006704535606927,False,,
8592,7.200610002132109,81,True,6.135936778361268,False,,
8720,14.909044539157355,77,True,2.3837484680804826,False,,
8832,21.227099944404834,95,True,6.054972322491137,False,,
8880,6.609739538258237,76,True,6.102030963839163,False,,
9168,-3.9942526683624138,121,True,6.038005284602422,False,,
9296,1.7405345015115081,82,True,6.002269650185942,False,,
9488,12.922274137690707,102,True,6.078074970633483,False,,
9568,-11.107796604307163,71,True,6.036630037321722,False,,
9760,15.806594735483626,104,True,6.056553905575611,False,,
9808,8.82027632318458,150,True,6.163726656262683,False,,
9824,25.00527553610483,69,True,5.0176466013866685,False,,
10016,-9.67420044518959,89,True,6.014220238118565,False,,
10016,-8.32292963718253,71,True,6.008689873412221,False,,
10032,-10.012708938449373,95,True,6.100816637760809,False,0.1997001983999589,4.483624458312988
10112,-11.899674188227761,96,True,6.031910605184171,False,0.1994605832963896,0.5996989011764526
10208,-20.813404767507812,136,True,6.121393075495867,False,0.19826589358179214,2.052211284637451
10288,20.95838923128923,109,True,3.096102902384004,False,0.19684185560969167,0.2567000389099121
10320,-15.528949900562939,123,True,4.4650430237652605,False,0.19566382857377593,1.7790995836257935
10448,0.28663015647513035,101,True,6.095705558581877,False,0.1951943338021936,1.6613420248031616
10512,-4.212918190393636,84,True,6.176164460274359,False,0.19332804718877966,1.6577444076538086
10736,11.677476882651192,135,True,6.041773295353505,False,0.19240182602811223,2.46714448928833
10896,4.919838371071913,88,True,6.005546550790938,False,0.18919609128653953,1.599524736404419
10896,-6.795289899470108,83,True,6.070338796607687,False,0.18919609128653953,1.599524736404419
10992,16.288506875645616,77,True,4.472796350460057,False,0.18693997801653942,0.8639124631881714
11232,0.045912842709078916,76,True,6.140406901802851,False,0.18559883383640982,1.7174975872039795
11296,17.107528332063584,80,True,6.1417992993166814,False,0.1822927035673198,1.5024889707565308
11344,-11.733932624240389,77,True,6.074471246883275,False,0.18142309806026252,2.716263771057129
11408,22.031557117805598,75,True,6.131933963060326,False,0.18077368193728924,0.29125499725341797
11440,-5.583331453000909,134,True,6.050273081355107,False,0.1799117957985764,3.8230485916137695
11456,-2.570632610598759,103,True,6.080572678975446,False,0.17948265239186414,1.6638373136520386
11552,-9.686099372102627,108,True,6.160211497167353,False,0.17926862653043824,0.24539715051651
11648,-4.8376705519449406,83,True,6.1028058658856,False,0.17799044010164664,0.6603696346282959
11680,13.311149080299083,103,True,6.0323809321147,False,0.176723190865094,2.4764351844787598
11808,0.1888495054324224,95,True,6.026789863709597,False,0.1763026577631436,0.7045754790306091
11824,-5.679519852787962,86,True,6.105944836716767,False,0.17462590293604874,2.6954329013824463
12128,3.3854825786297713,87,True,6.145220836219454,False,0.17441751486365412,2.307954788208008
12384,11.222719905665793,93,True,4.69390537560603,False,0.17051160047536007,2.0555410385131836
12512,11.266026236484548,95,True,6.070957105388408,False,0.16728307479273088,2.074171543121338
12560,-8.336809841432261,72,True,5.995056611983249,False,0.16569994914908873,0.7009521126747131
12784,10.304451652346824,118,True,6.06775056200897,True,0.16511060845364053,1.5372118949890137
12784,-0.731073387784809,83,True,6.0648720391762465,False,0.16511060845364053,1.5372118949890137
12816,21.561574542696178,79,True,6.105420992689267,False,0.1623955377537023,0.5426666736602783
12864,-12.635684209576395,66,True,6.122226107916291,False,0.16200944951553378,1.129197120666504
12864,26.814560562438576,147,True,6.065124891020363,False,0.16200944951553378,1.129197120666504
12880,-10.936853111509876,96,True,6.009082006948882,False,0.16143168509016742,1.0844898223876953
12976,0.5357376942809164,105,True,6.027204906136052,False,0.16124002545929786,0.9286144971847534
13040,36.100222293812905,113,True,6.011298405194933,False,0.16009660365178535,0.5543280839920044
13232,19.196507615854728,112,True,6.063339708529697,False,0.15933912604512004,0.9736464619636536
13344,7.866345898223964,104,True,6.022560127205576,False,0.1570926482751738,2.0829663276672363
13344,-15.760881721422036,106,True,6.089936102008687,False,0.1570926482751738,2.0829663276672363
13376,-9.14217286045888,78,True,6.009499381587556,False,0.1558014711081138,0.9735015034675598
13568,14.60823543661978,109,True,6.046611020662534,False,0.15543412960321887,0.9223319292068481
13696,-5.392223123740846,82,True,6.006103063229203,False,0.15325706590651142,0.8388530015945435
13776,-4.018418379950462,76,True,6.007701117009039,False,0.15181611640666293,0.8168540596961975
13808,-14.107140806324972,81,True,6.061529675042275,False,0.15092362454192698,0.4636598825454712
13872,-15.3154528817333,62,True,6.071741772416822,False,0.15056860593519975,0.37912309169769287
13920,-6.719712718430875,71,True,6.073084505766891,False,0.14985957023427807,0.7655009031295776
14032,-0.8905563105976295,78,True,6.161937902629347,False,0.149329200989837,1.193716287612915
14160,0.12590674450127004,84,True,6.075245897826705,False,0.14811799228987696,1.1385631561279297
14192,-7.2750766457351,83,True,6.098204489295033,False,0.14673247374939355,0.5115982294082642
14240,-8.6096575867623,75,True,6.119660922279374,False,0.1463867046801478,1.0837504863739014
14400,6.173884087333898,73,True,4.069970603758955,False,0.14587267601231693,0.9302563071250916
14512,19.57894087219892,103,True,6.15654254753744,True,0.14418134356643267,0.4869576096534729
14768,-6.9792046991759324,89,True,6.088246998537444,False,0.1430146294987369,0.3865680396556854
14816,16.975755151848453,56,True,2.4491310412026674,False,0.1403757040307838,1.1226199865341187
14816,-13.244770286099161,78,True,6.0412807004631,False,0.1403757040307838,1.1226199865341187
14880,13.468453963711461,119,True,6.041242136174383,False,0.13988426063253118,0.7842693328857422
15072,-1.9686219324825505,79,True,6.140987481746605,False,0.13923382515977598,0.6103958487510681
15136,-12.21842519966805,79,True,6.112007720359421,False,0.13729617138709227,0.6396740674972534
15184,48.426566124693366,88,True,4.280275762680214,False,0.13666382662092133,0.2803294360637665
15376,17.84987175613389,127,True,6.044214768934108,False,0.13618858871199369,1.1288533210754395
15440,27.018514648914604,109,True,6.026130749652313,False,0.13430336093154743,0.5325454473495483
15504,15.4985903715535,82,True,5.387446460182212,False,0.13368087634824014,0.29249027371406555
15616,-6.147263021375012,53,True,4.930397857826798,False,0.13305861929843474,0.6376519799232483
15632,-8.40571499686132,77,True,6.012350125072364,False,0.13198108065326053,0.5405454635620117
15632,35.121656041129846,87,True,6.022250411598642,False,0.13198108065326053,0.5405454635620117
15792,12.035970781003503,102,True,6.018147260280017,False,0.1318288620047057,0.277166485786438
15968,6.780657268640271,72,True,4.928585658396771,False,0.13030986672700468,0.43469536304473877
16048,18.00199675084454,96,True,6.077078005729208,False,0.1286628769689337,0.2705684304237366
16112,35.68867369516864,171,True,6.026953960343711,False,0.1279161692422598,0.27248144149780273
16224,11.45032705247897,137,True,6.016359052719133,True,0.12732669077570907,1.232142686843872
16336,12.47893706974808,60,True,4.298627038870404,False,0.12630252427284924,0.5800696611404419
16352,-9.205968831513694,96,True,6.060093728748171,False,0.1252868865030357,0.4035557508468628
16400,9.805399363928345,48,True,2.2975692521580107,False,0.1251426035848842,0.2595638930797577
16656,2.2873773019052166,111,True,6.1291579141484585,True,0.12470815129253002,0.6720536947250366
16672,22.71196566077436,93,True,6.060192934076083,True,0.12242164436672572,0.48647934198379517
16816,16.594402233436526,105,True,6.06728639005047,False,0.12228181582844044,0.26459407806396484
16848,28.555032203120724,111,True,6.026332486408591,False,0.12101934097321651,0.5317649841308594
16928,13.538626159312486,89,True,6.010477497314309,False,0.12074237527210359,0.38545626401901245
17072,27.766296810104315,80,True,6.05760994744867,False,0.12004584935821819,0.36452215909957886
17168,13.137794541327578,96,True,6.159104770195255,False,0.11881409394646432,0.3013732433319092
17200,11.82069342629824,99,True,4.411128964681164,False,0.11799269643729736,0.38971197605133057
17296,5.263651592560771,83,True,6.110067501169626,False,0.11772312070968043,0.8575752973556519
17296,2.3393127570774244,56,True,4.0703083976725,False,0.11772312070968043,0.8575752973556519
17552,-1.8885408237520949,90,True,6.054367282626384,False,0.11691641499189033,0.3649963140487671
17696,0.0030976667385793633,84,True,6.142145218244365,False,0.11478264047868812,0.37709715962409973
17712,-10.082363514263998,86,True,6.007759217657677,False,0.11360815014814318,0.3112773597240448
18048,12.564219921271558,77,True,6.075510667920567,False,0.11347625221146658,0.30975618958473206
18080,4.738492492378569,49,True,2.863950644679826,False,0.11077295065816832,0.34151655435562134
18128,-3.7347623979413784,119,True,6.0873518018554815,False,0.11052308154595318,0.2972913682460785
18144,8.685037498721968,131,True,6.030869762159767,False,0.11014421115678905,0.473595529794693
18272,6.888621411060532,100,True,6.009457682861665,False,0.1100173322150018,0.34714311361312866
18336,0.39147838083290054,105,True,6.044150409590606,False,0.10901587981387367,0.5185157656669617
18448,5.972900365547341,95,True,6.125868969600485,False,0.10852155733060477,0.2985243499279022
18576,69.17505536756597,108,True,6.028903704310896,False,0.1076616924558256,0.6048409342765808
18608,-35.86901590054933,198,True,6.015345208346627,False,0.10667567602153959,0.22164341807365417
18640,2.621817247020724,92,True,6.101691454013918,False,0.10643353270798986,0.2459283322095871
18880,-4.942568876479541,74,True,6.166330364803588,False,0.10619029713386532,0.26577383279800415
18896,-1.4722334739985108,74,True,6.011976553550484,False,0.10438719003468633,0.3996922969818115
18912,0.7057991166962676,85,True,6.057744406646613,False,0.10426807530021248,0.671065092086792
18992,2.0065996126344796,120,True,6.104062353703016,True,0.10414922653239314,0.39233678579330444
18992,44.01191240639193,112,True,6.019820421741126,False,0.10414922653239314,0.39233678579330444
19008,-17.551325804590043,107,True,6.024475367679997,False,0.10356421939023776,0.3003421127796173
19152,10.795792027312016,67,True,6.11333352896958,False,0.10344523606407632,0.2998996078968048
19184,-4.952490059064796,71,True,6.026915880079643,False,0.1023872634853878,0.2890535295009613
19472,-7.265413813930377,83,True,6.206530112564695,False,0.10215293927235988,0.3075912296772003
19936,7.820948608843702,100,True,6.012155231842203,False,0.10007754013273787,0.2604707181453705
19984,5.743612445202924,107,True,6.105961581611214,True,0.09683963364987853,0.2745744287967682
20000,-7.834211275379351,87,True,6.150484813026576,False,0.09651052306343665,0.2463637888431549
20016,24.90367637004825,90,True,3.8708431534325434,False,0.09640061377971719,0.24724644422531128
20032,-10.07730546012835,72,True,6.06794785103077,False,0.0962907977008434,0.32458803057670593
20048,0.6552100279621502,100,True,6.049491516366463,False,0.09618090182341503,0.19995667040348053
20096,3.6395245831871197,91,True,6.074608703331047,False,0.09607185731987414,0.21574640274047852
20336,2.9274130722280063,90,True,6.0179494482083165,False,0.0957478574066944,0.635457456111908
20352,-11.555750924836317,73,True,6.029362875034181,False,0.09414638602250709,0.2536996901035309
20368,-7.571766314123485,86,True,6.061428078191439,False,0.09403947141776377,0.2195768803358078
20560,-9.995479305892017,97,True,6.050263715923519,False,0.0939314300160159,0.33990591764450073
20640,4.272796719722681,40,True,1.9485997101074637,False,0.0926658723780576,0.2649199366569519
20976,18.854359073603028,114,True,6.0117001196721125,False,0.0921473220975833,0.2875015437602997
21104,-5.254119946985498,29,True,2.871425765620912,False,0.0899893395320508,0.557776927947998
21216,94.17180349425665,193,True,2.5128301764764718,False,0.08918492805771117,0.25168532133102417
21264,-15.628056587764256,112,True,6.057474330445113,True,0.0884836454095767,0.23790448904037476
21312,29.4710199764809,145,True,6.009199925470205,False,0.08817878364273257,0.6416336297988892
21600,5.398246843723292,94,True,6.0569371343557785,False,0.08788030490461059,0.5927256345748901
21648,-4.021786695876317,68,True,4.222375262358598,False,0.08612258744464196,0.7144312858581543
21680,1.7113565562100206,82,True,6.047292961148352,False,0.08583025916002403,0.2658868432044983
21728,20.182226809610825,105,True,3.2716314521156726,False,0.08563697842419885,1.0145047903060913
21728,7.953182190964911,112,True,6.0596107720220775,False,0.08563697842419885,1.0145047903060913
21824,4.931872008213967,45,True,2.1725771679473995,False,0.08535040110109988,0.25899529457092285
22000,42.01999519661375,193,True,6.01519963706926,False,0.08477207171170718,0.2669495642185211
22000,0.7594655754223396,123,True,6.056403461451801,True,0.08477207171170718,0.2669495642185211
22336,33.08299054146053,147,True,3.1068159862279017,False,0.08373403065439634,0.244501993060112
22352,25.495329512268814,146,True,6.00273566610699,False,0.08177139424917926,0.3048914670944214
22416,1.2843046645534884,37,True,2.2096287832965307,False,0.08167937938957458,0.26507559418678284
22720,32.372726520161564,148,True,1.5001660309424816,True,0.08131387264928076,0.28364235162734985
23344,18.6052602911992,133,True,3.5129245065572348,False,0.07958924257960003,0.405483603477478
23600,-11.88812823031101,204,True,6.023585915337011,False,0.07615292575965557,0.20807230472564697
23696,13.729698274932886,123,True,6.144956046159747,False,0.07478000766243188,0.19742636382579803
24032,40.35692586383999,101,True,2.03356941846593,False,0.0742738236033494,0.30783405900001526
24224,-1.119085617761824,159,True,6.002469688083744,True,0.07253122935378709,0.5180494785308838
24576,43.453203630083316,186,True,6.016784238499898,False,0.07154757018215975,0.2703488767147064
24656,78.24105268130967,230,True,2.9221649504214455,False,0.06979541357093717,0.2212732434272766
24864,66.11242600091313,225,True,5.071869902608608,False,0.06940158312749951,0.23455625772476196
24864,37.18742975130443,196,True,4.075015066138256,False,0.06940158312749951,0.23455625772476196
24960,-1.623589712414974,228,True,5.4520245456782375,False,0.06839215110955,0.22930914163589478
24992,-11.538377208924038,166,True,6.008725345569132,False,0.06792090501136253,0.292096346616745
25184,21.248166864486574,99,True,2.348818508983509,False,0.06776382606151503,0.218947634100914
25632,22.854115021201665,227,True,6.002603891991763,False,0.06684350896865071,0.4498675763607025
25712,5.530806587939486,45,True,2.216389360868093,False,0.06473189659895129,0.35039806365966797
25744,-13.057228422311713,128,True,6.022168528649899,False,0.06436426311048042,0.25473645329475403
25744,42.56227227462009,212,True,3.2087771314649958,False,0.06436426311048042,0.25473645329475403
25952,16.84637917236727,108,True,3.005928038102742,False,0.06421930880372632,0.2584800720214844
26416,37.107887221808966,276,True,6.069951633359197,False,0.06327266034428326,0.27152398228645325
26416,53.71561308746372,77,True,1.8757484064309047,False,0.06327266034428326,0.27152398228645325
26416,20.867076985488595,192,True,3.5945287586303563,False,0.06327266034428326,0.27152398228645325
26544,70.71777773297997,306,True,3.002543059365739,False,0.061206579170948135,0.36431458592414856
27264,7.620999984137143,95,True,6.0046505051501144,False,0.06065291145244382,0.7066029906272888
27472,29.646854942729696,108,True,6.05838513444549,False,0.05760522187487989,0.3870503008365631
27536,15.909793117336559,70,True,2.9017666800660953,False,0.056760728588231016,0.760809063911438
27568,32.514704912935436,116,True,4.0080071181753025,False,0.0565044829466842,0.33335527777671814
27664,45.99952096249383,107,True,3.0747421071788055,False,0.05637740397331804,0.4797162413597107
27728,70.36842688599275,313,True,4.416866460859305,True,0.05599797678641712,0.5863556861877441
27840,37.376073200957535,204,True,6.016954490661028,False,0.05574918746307566,0.27054688334465027
27936,40.90442216978565,87,True,4.99573472511359,False,0.05530978200363475,0.38978540897369385
28160,59.01657536365669,219,True,6.018711130649857,True,0.054935583919911844,0.2896747589111328
28304,82.6783618703361,215,True,6.015575343284873,False,0.05407654752170948,0.32923221588134766
28352,49.59590704257816,212,True,6.055874819349683,False,0.05353005626706293,0.8333001136779785
28384,20.058763845553564,51,True,2.2242265896772664,False,0.05334641953552839,0.4492334723472595
28464,51.36942691645221,225,True,3.221990916776305,False,0.05322506473969209,0.2204189896583557
28800,1.515389496510874,83,True,6.051304265701864,False,0.052923076875397455,0.4805501401424408
28832,11.001966754172077,56,True,1.5855537251886074,False,0.051687265839981074,1.0626059770584106
28832,-7.638952804063928,62,True,5.248858510059173,False,0.051687265839981074,1.0626059770584106
29040,34.8236158192453,94,True,6.039469074191319,False,0.05157035951135391,0.3344436287879944
29136,59.48497578264163,219,True,6.092028383861118,False,0.05081984988844075,0.3277694582939148
29520,210.14796854296856,343,True,5.002578194594808,True,0.050477867346919406,0.2812996506690979
29552,55.14309365527157,196,True,6.0357701605907215,True,0.04914023039244356,0.36374130845069885
29792,1.916191362650176,90,True,4.6875730835673535,True,0.049031783516121336,0.2585294842720032
29840,28.184152305460056,105,True,5.855072188693206,False,0.0482266388659384,0.2811790406703949
29856,23.3439128289696,97,True,3.995440168101707,False,0.04806796066061639,0.7551250457763672
29936,15.425177154005745,92,True,6.147037069030867,False,0.04801549891563274,1.0554263591766357
30112,2.842147598145548,80,True,5.340017655559071,False,0.04774983158248512,0.45670777559280396
30128,77.245478567984,150,True,4.811212758349211,True,0.0471681318767904,0.2508378028869629
30352,31.998443774832324,123,True,5.972653767394266,False,0.0471160000813325,0.773832380771637
30352,-10.200646204884684,82,True,5.841891405606532,False,0.0471160000813325,0.773832380771637
30544,38.564047387242,88,True,4.119358456483397,False,0.04640044212911421,0.513938307762146
30560,65.16586741856491,110,True,4.096712627076859,False,0.04579170942227729,0.3109213411808014
30848,33.16484592862984,81,True,2.7640819301428805,False,0.04574163372015709,0.34175920486450195
31072,13.149210536936925,71,True,3.0757271690983576,False,0.04484875577082172,0.8419979810714722
32592,119.3619926700242,235,True,4.571148028177337,False,0.04417074325630807,0.361872136592865
32624,-7.928609080563191,177,True,6.027640787829965,False,0.03987934481275005,0.5332280397415161
33776,59.718820298861274,214,True,6.081758172636062,True,0.03979321751240491,0.3171820640563965
34416,276.2720903185327,500,False,0.854575247471486,False,0.03686294441826399,0.30219048261642456
35264,268.80084524536807,500,False,0.9759842742445882,True,0.03533924257708157,1.1261141300201416
35664,189.13136226504707,500,False,0.1979226797906566,True,0.033466105993524196,0.6593815684318542
37520,142.65978290062233,500,False,0.5520241328678216,True,0.032634438651439425,0.3560890853404999
37840,344.64095830595795,500,False,0.3675828314522604,True,0.029006962052560165,0.39374884963035583
37856,365.1136147518806,500,False,1.1353062280781996,True,0.02842997274694056,0.3208833932876587
38112,239.5282347747833,500,False,0.6066960155333339,True,0.02840108993514842,0.39884206652641296
38128,311.52246290401354,500,False,1.3297872010632312,False,0.02794693005690817,0.4303092062473297
38352,155.58647847811434,500,False,0.9603497003326517,True,0.027918552976706264,0.5903744101524353
38544,333.8211057329197,500,False,1.120159003681361,True,0.0275301309428734,0.3819108009338379
38560,399.7587839097676,500,False,0.5452302281355021,False,0.02719400188337507,0.44621118903160095
38848,311.8414721486336,500,False,0.3595016198327199,False,0.02716554640074895,0.5332539081573486
39072,356.58148207172775,500,False,0.8983101864239659,True,0.026678496648093995,0.2961110472679138
40592,349.01054221202264,500,False,0.5201747231063298,True,0.026306597408629617,0.30475229024887085
40624,111.12590937149255,500,False,3.579480922298605,True,0.02391420169637471,0.36300650238990784
41776,222.94844013384113,500,False,3.31872295216498,True,0.023866680148483567,0.35652127861976624
42416,345.3613041121564,500,False,0.23638682041916242,True,0.02224229212510417,0.607937753200531
43264,412.235655228048,500,False,0.41573717884460665,False,0.021390920948386526,0.33416688442230225
43664,338.3875346713468,500,False,0.7400385734561704,True,0.020332040525109594,0.3897460401058197
45520,420.5776804253062,500,False,0.17897925127702058,True,0.019879049870600067,0.315311998128891
45840,402.0164056635416,500,False,0.3485251500431449,True,0.017955808580081098,0.38671812415122986
45856,408.905855965268,500,False,0.23694938967986184,True,0.017660377309127197,0.3704299330711365
46112,425.44856547035357,500,False,0.15416301253449455,True,0.01764611377705762,0.48201608657836914
46128,421.1435352288673,500,False,0.275959886514713,True,0.017414117989922404,0.3876941204071045
46352,470.9289269280842,500,False,0.5178946815774391,True,0.017400896568572074,0.3987431526184082
46544,500.5695772103423,500,False,0.15013885060627993,True,0.01720384213603985,0.4169522821903229
46560,403.80035073498453,500,False,0.2424824809319921,True,0.017035419455339148,0.643560528755188
46848,453.55447776533015,500,False,0.2819531667208076,True,0.017020717905927542,0.39433956146240234
47072,468.54753743001254,500,False,0.28488046511981796,True,0.016771868492594044,1.2692594528198242
48592,555.8205956151711,500,False,0.2780747990331444,True,0.016585128682491707,0.6003702878952026
48624,485.1346018793232,500,False,0.8384882977417374,True,0.015426351598441907,0.35364213585853577
49776,521.8024062945304,500,False,0.18048464796197813,True,0.015404273190083332,0.4929250478744507
50416,524.3242553529172,500,False,0.428735143761332,True,0.014468057227384049,0.4055226445198059
51264,450.4004641734855,500,False,0.503512573225137,True,0.014215684875077232,0.49839818477630615
51664,639.2407427451011,500,False,0.30443325424718076,True,0.013729029488048492,0.3897627592086792
53520,627.9291961944122,500,False,0.22849495975860132,False,0.013504757344103155,0.48632293939590454
53840,686.4558068415754,500,False,0.20144805377562092,False,0.012578268694603807,0.5676919221878052
53856,653.6428088105581,500,False,0.2542634484230329,True,0.012432114689671734,0.43558984994888306
54112,465.5575560156216,500,False,0.7338441988333958,True,0.012424381855908134,0.47726505994796753
54128,496.30374316184697,500,False,0.44371762118028835,True,0.012304540134356563,0.45710939168930054
54352,617.3918128647683,500,False,0.32206076828088687,True,0.012297431987095991,0.4690738022327423
54544,636.4322697704781,500,False,0.21447423441719407,False,0.012193919384029948,0.48054057359695435
54560,526.3137061407384,500,False,0.7817026623391524,True,0.012125921922813695,0.4396103024482727
54848,595.7372178099134,500,False,0.4141984632164091,False,0.012119202494958535,0.561869740486145
55072,564.9366317184122,500,False,0.4927951986481262,True,0.01200449029624431,0.5818747282028198
56592,534.9303605129337,500,False,0.4507398255733506,True,0.011904694002802472,0.4673113226890564
56624,570.5706965584768,500,False,0.15947118800840276,False,0.011360745824763754,0.4333254098892212
57776,512.7613318228211,500,False,0.47767037111964483,True,0.011349936122374851,0.4610961675643921
58416,532.7674947744878,500,False,0.5148790982681374,True,0.011017243073032859,0.5368187427520752
59264,531.4959207958805,500,False,0.46442323877017216,False,0.010844379041835411,0.5414987206459045
59664,528.3912171262992,500,False,0.45332587900968857,True,0.010667029012814236,0.7019835114479065
61520,596.7638241983448,500,False,0.2818933417592183,True,0.01058020443241855,0.526721179485321
61840,565.6764815386442,500,False,0.32927380873705986,False,0.010317559527910698,1.1588115692138672
61856,454.92396184397785,500,False,1.175599267831332,True,0.010300345376657671,0.5834039449691772
62112,588.8299424638665,500,False,0.20637403053543668,True,0.010297127465742649,0.5323024392127991
62128,638.9707726341009,500,False,0.21077678553283746,True,0.01027641158541279,0.632962703704834
62352,545.4766707941754,500,False,0.49705384399138536,True,0.010275431908928353,0.6192914843559265
62544,635.6346109547972,500,False,0.2942005296601307,True,0.010267544559464726,0.7223244905471802
62560,623.8987729461622,500,False,0.47387760604345924,True,0.01024725136934274,0.5826938152313232
62848,547.9405587215219,500,False,0.311796198120268,True,0.010245849368348185,0.5672845840454102
63072,602.7735244072023,500,False,0.16846642898014283,True,0.01023134809995219,0.6244300603866577
64592,708.4772969151421,500,False,0.21830295107685643,False,0.01021893742171499,0.6309559345245361
64624,674.645199886894,500,False,0.37296916184537837,True,0.010201966313304403,0.5560259819030762
65776,555.946088816577,500,False,0.35135748142214124,True,0.01019951517397801,0.6792564392089844
66416,652.3950197171447,500,False,0.1677664020512953,True,0.01017638080204371,0.5761212110519409
67264,563.0570372373845,500,False,0.23500183581932144,True,0.010055313821274848,0.6031492948532104
67664,670.3363725154741,500,False,0.1782971776996853,True,0.009952596818570624,1.2234498262405396
69520,724.0564513197415,500,False,0.11601892017825442,True,0.009937181772525257,0.6389198303222656
69840,607.1358804242066,500,False,0.21679941941899136,True,0.009925113074953005,0.6091631650924683
69856,543.5589340670471,500,False,1.2661669748155169,True,0.009937146275722853,0.8340460658073425
70112,623.4495340261143,500,False,0.37877607851567785,True,0.009934128664232987,0.747974157333374
70128,703.4213874010281,500,False,0.17768791589073157,False,0.009961186862038295,0.7044277191162109
70352,616.8056479347946,500,False,0.21109645326962231,True,0.009958819534291468,0.6566005945205688
70544,710.8584652451508,500,False,0.15319624535762366,True,0.00990969104139418,0.8001118898391724
70560,705.2065892053241,500,False,0.2575121727092249,True,0.009901069352880607,0.7888568639755249
70848,565.9792068904105,500,False,0.2837946707928368,True,0.00990158537240985,0.6893047094345093
71072,620.9962485809625,500,False,0.19340352580376674,True,0.009832665101716946,0.5209639668464661
72592,577.7598309918676,500,False,0.401532301475145,True,0.009815028073913318,0.6199175119400024
72624,662.0565148654913,500,False,0.24820349763765762,False,0.00976858735229832,0.8754441738128662
73776,445.09411274458915,500,False,0.5812916285890772,True,0.009769459232302598,0.7689608335494995
74416,452.473048595424,500,False,0.8360862889591458,True,0.009836087310846014,0.8973613381385803
75264,605.3109046747508,500,False,0.19550717897674286,True,0.009889318745568481,0.7798300981521606
75664,674.4419305652293,500,False,0.06041593444679957,True,0.0098278877927083,0.8090267777442932
77520,710.5989850555248,500,False,0.21503692249381462,True,0.009826882028978079,0.7131445407867432
77840,673.5519566808115,500,False,0.20507785966295158,True,0.009875126491909993,0.928993284702301
77856,646.8127783584246,500,False,0.14881401128132846,True,0.009908529119575198,0.9212763905525208
78112,651.5410593077476,500,False,0.21454752863450222,True,0.0099087581676464,1.0301666259765625
78128,677.6557299343621,500,False,0.14752708106201928,True,0.00991935209003315,0.9036374092102051
78352,715.3631908153964,500,False,0.18157301318408248,False,0.00990895357136388,0.801050066947937
78544,738.010243886431,500,False,0.12792407147959875,False,0.009909326938024715,0.9383704662322998
78560,387.79392160139355,500,False,1.5900012992185397,True,0.0099094511724057,0.7022838592529297
78848,635.2862501535873,500,False,0.1710980908665339,True,0.00990726683335418,0.7704504728317261
79072,641.7824800494337,500,False,0.5002650050387825,True,0.009921170338533748,0.9701457023620605
80592,603.9617013453121,500,False,0.19862414224968522,True,0.009928204331927726,0.7814595699310303
80624,660.9044007145445,500,False,0.1100942405703509,True,0.010047715074974675,0.6909040808677673
81776,502.22993768163343,500,False,0.6791770164331122,True,0.010056578933435612,0.823735237121582
82416,638.1006675116109,500,False,0.08228766313814324,True,0.010108780542948585,0.9267898797988892
83264,689.3935189207159,500,False,0.09998568334561211,True,0.010180223225498858,0.8477554321289062
83664,677.6048352269734,500,False,0.19397228229734137,True,0.010240835175573426,0.8620542287826538
85520,703.9491255260322,500,False,0.3576228147863055,True,0.010204150446408084,0.7756235599517822
85840,629.6602956191441,500,False,0.21236856732452525,True,0.010133435143607275,0.8918629884719849
85856,635.1425561754094,500,False,0.2740363157436306,True,0.010091212546126221,0.9851251840591431
86112,648.8374494709607,500,False,0.1713249630249162,True,0.010092949482971353,0.9511361122131348
86128,718.7018391101992,500,False,0.33639664293682503,False,0.010115037259130518,0.8155561089515686
86352,655.4017794693516,500,False,0.4155722099118692,True,0.010115814176780556,0.9911248087882996
86544,691.3420395956144,500,False,0.11647538331192125,False,0.010160107580304998,0.8255059719085693
86560,680.7504254473849,500,False,0.38287703202325407,True,0.010162420473085493,1.2496801614761353
86848,602.9174342967001,500,False,0.10264867767267498,True,0.010159810105082623,0.9442304372787476
87072,424.5855930093816,500,False,1.8209913704137697,True,0.010162151348891814,0.9974479675292969
88592,685.8607248226714,500,False,0.056694211083610974,True,0.010265739741027635,0.9504756331443787
88624,565.3961640273498,500,False,0.26152823999105357,True,0.010350547043569745,2.808389186859131
89776,690.9635217650248,500,False,0.15423528551360782,True,0.010356908898912963,0.8852133750915527
90416,600.3860638727548,500,False,0.29450943062415946,True,0.010547334922507777,0.9118841290473938
91264,683.1690799954431,500,False,0.08964291457772605,True,0.010784165092803874,0.9761197566986084
91664,653.729178761365,500,False,0.22597878356592693,False,0.010699378148113588,0.9954197406768799
93520,709.4776181406462,500,False,0.1943603006190609,False,0.010685661266651554,1.0611352920532227
93840,720.752111865769,500,False,0.24363056181916867,True,0.011116589489422053,0.9899449348449707
93856,738.0304047362735,500,False,0.11059034837521442,False,0.011119551315672887,1.03719162940979
94112,694.2352935595009,500,False,0.14482615160961707,True,0.011118459180913368,1.0231738090515137
94128,642.0296241984854,500,False,0.19165594005759207,True,0.011149025255823682,0.9925853610038757
94352,684.0483159574385,500,False,0.2276234765260468,False,0.011161778904366362,0.997238039970398
94544,757.9560455730704,500,False,0.18605920817830984,True,0.01122459122227344,1.1431516408920288
94560,721.0574423293208,500,False,0.20002967637645572,False,0.011216958854023297,1.1164190769195557
94848,662.1518064460194,500,False,0.22017565300063793,True,0.011215584240146313,0.9485053420066833
95072,726.8630485903797,500,False,0.2576620284362491,True,0.011233188025327745,1.039871096611023
96592,672.2901311118583,500,False,0.2198073583828972,True,0.011214444077408892,1.1837164163589478
96624,514.215772345103,500,False,0.43493051081800327,True,0.011228919731623177,1.1854596138000488
97776,661.4059643122994,500,False,0.22189652777971158,True,0.011228526242499929,1.0858392715454102
98416,601.5088541768499,500,False,0.3685562387622015,True,0.011382458911372767,0.9381328821182251
99264,672.9448308382573,500,False,0.16988551981808409,True,0.011329146374236583,1.2132434844970703
99664,560.6714069662711,500,False,0.5784889289345001,True,0.011351937800411686,1.0517420768737793
100880,446.42552996076455,395,True,1.6292144723587667,True,0.011305364178857687,1.1839632987976074
101520,477.8225524973848,500,False,0.9910785161069988,True,0.011407751365385481,1.2033352851867676
101840,660.1963359163011,500,False,0.22771608829079265,True,0.011460596667519286,1.1807931661605835
101856,607.6159685331304,500,False,0.4872045983848855,True,0.011455712722474195,1.2633352279663086
102112,694.7753488517891,500,False,0.14068345479485006,True,0.01145219686104689,1.181706428527832
102128,670.8764220908805,500,False,0.17477862653645865,True,0.011372837697160718,1.0181374549865723
102352,669.7825741008663,500,False,0.2577813914761531,True,0.011377071379264046,1.2633333206176758
102544,697.1218327509852,500,False,0.21115479628955003,True,0.011332589218567777,1.2341011762619019
102848,697.4734943897386,500,False,0.27579830127615707,True,0.011353074054341487,1.2058225870132446
103072,649.3507906688169,500,False,0.20231094164864782,True,0.011323440547295031,1.3460757732391357
104592,699.6342453465114,500,False,0.1007995111683552,True,0.011368344084778667,1.102186918258667
104624,629.5767181350396,500,False,0.5265032296756333,True,0.011570384184991058,1.1100234985351562
105776,729.8339505382935,500,False,0.05568014427664981,False,0.011566574703057959,1.2855544090270996
106416,695.8525102516745,500,False,0.16696439451625406,True,0.011731817630778518,1.2239717245101929
107264,729.5459775233708,500,False,0.051627276177752146,True,0.011790744679937354,1.5574884414672852
107664,710.804350946963,500,False,0.09323446626706433,True,0.011937323499086628,1.1326402425765991
108880,667.5126706444414,500,False,0.07071996613024131,True,0.012008068598513617,1.2219617366790771
109520,771.1669159528219,500,False,0.09187082594157324,True,0.01222493444164526,1.2732387781143188
109840,759.464881064781,500,False,0.06183746775386023,True,0.01233329284077579,1.3477833271026611
109856,776.9701883115991,500,False,0.03317798465385585,False,0.012387749677771825,1.1410467624664307
110112,790.8701521512038,500,False,0.09994075130597449,True,0.012378209081391894,1.1976430416107178
110128,737.1434717459587,500,False,0.11872982532895558,True,0.01240130510793712,1.2731236219406128
110352,613.6263008380639,500,False,0.2519089522845117,True,0.012410380101067077,1.2366856336593628
110544,698.532577126009,500,False,0.06079587318952545,True,0.012374977088054663,1.43483567237854
110848,813.1813938527047,500,False,0.027564600388556976,True,0.012427131744510085,1.2005374431610107
111072,820.4151771272054,500,False,0.14595693865361276,True,0.012497504694552956,1.4282712936401367
112592,542.0157054174091,500,False,0.26417568911915185,True,0.012462798802236637,1.241206407546997
112624,793.0629061852605,500,False,0.03703364553791117,True,0.012798853002864272,1.135929822921753
113776,726.9859262435108,500,False,0.052530858429927094,True,0.012819785991407198,1.3415882587432861
114416,581.8438340992309,500,False,0.3175603860201287,True,0.012929866903827546,1.2845064401626587
115264,831.7668575024934,500,False,0.07163685798160505,True,0.013021126153975987,1.3743717670440674
115664,808.4300065701991,500,False,0.08429506215337294,True,0.013264105774515525,1.3580738306045532
116880,713.4038843216853,500,False,0.014483364729674783,False,0.013450579612241588,1.3246634006500244
117520,718.9334395109773,500,False,0.14344573252759132,True,0.013592744843237779,1.1537586450576782
117840,794.4478518904258,500,False,0.04301974039490525,True,0.013752467203140748,1.3917863368988037
117856,770.3769622500093,500,False,0.07211161605674746,True,0.013518408467863256,1.884297251701355
118112,360.3329378049465,500,False,1.0940104680249325,True,0.013506661690027937,1.2892478704452515
118128,762.2766932958476,500,False,0.06242339142509296,False,0.0134301264392271,1.3528567552566528
118352,686.8221278301364,500,False,0.40436949269044054,True,0.013423500416221423,1.7147750854492188
118544,838.642674206741,500,False,0.10978335172077948,False,0.013380648086502241,1.3698848485946655
118848,760.2732236902694,500,False,0.3545912642500374,True,0.01326088477153709,1.3362029790878296
119072,858.5777307261994,500,False,0.032756186727977726,True,0.013287355724043205,1.424714207649231
120592,892.9360236161839,500,False,0.0348676902468005,True,0.013340723713987092,1.3193554878234863
120624,780.2100375360139,500,False,0.026814958263127787,False,0.013162662525931937,1.4182490110397339
121776,790.788059482348,500,False,0.03522807555957885,True,0.013172325506322382,1.302616000175476
122416,772.4253171482168,500,False,0.0880608799044027,True,0.013213488271177654,1.4892053604125977
123264,312.1246816758214,500,False,3.4076080986344657,True,0.013181684518460262,1.4260672330856323
123664,762.0714195774007,500,False,0.08728648579342602,True,0.013247536550215435,1.3653450012207031
124880,722.1131546778432,500,False,0.022341618151394224,True,0.013306250820141328,1.3133933544158936
125280,587.2171657018458,464,True,2.7310989432391026,True,0.013267276675027556,1.5091602802276611
125520,797.8925443178478,500,False,0.0693255690371269,True,0.013341104866521845,1.4228073358535767
125840,816.5060226502522,500,False,0.06214117211447376,True,0.013322452396633003,1.494844913482666
125984,515.5196703572412,432,True,1.7437719900723816,True,0.013183526713507261,1.5540854930877686
126112,736.401297292011,500,False,0.10292018265446368,False,0.013210512290392858,1.43265962600708
126128,680.0527051194302,500,False,0.7368690680642629,True,0.013233612754059163,1.6018905639648438
126352,812.5141497809111,500,False,0.08057926720324048,False,0.013229646776812676,1.5325148105621338
126544,822.7754745022497,500,False,0.11355515273488785,True,0.01325661994498995,1.5886956453323364
126848,810.547384388209,500,False,0.17634398200746185,True,0.013218700237696874,1.599399447441101
128592,730.9431870267051,500,False,0.07671965520600482,True,0.013136053723209076,1.614776611328125
128624,778.3348718347478,500,False,0.08537976279680602,True,0.012958570581002176,1.5393693447113037
129632,469.0681198971742,398,True,2.9662274231459103,True,0.012942734460479739,1.505944848060608
129712,194.56942253568312,198,True,2.177250146657863,True,0.013205690190870891,1.8155205249786377
129776,865.6195602288752,500,False,0.05866817110696069,False,0.013186645168398785,1.6278421878814697
130416,763.9014639231348,500,False,0.03383985357513523,True,0.013194396191576613,1.5394840240478516
130448,468.55850585893455,348,True,1.8460710436537613,True,0.013191123868723122,1.448265790939331
131664,745.8456435114786,500,False,0.05851866104492174,True,0.013160258638656205,1.4471800327301025
132832,540.1407323382114,405,True,1.984253389537974,True,0.013016129356802809,1.3102500438690186
132848,142.45740734162928,264,True,4.029379393060936,True,0.013171757197677684,1.959327220916748
133280,759.5673935451165,500,False,0.04028726900953817,True,0.013165607472847094,1.401082158088684
133520,865.1546996062164,500,False,0.021047251757531617,False,0.013197312332301722,1.8204598426818848
133840,531.4095665459978,500,False,0.8700121126477697,True,0.013296361479702378,1.366188883781433
133984,789.085034406198,500,False,0.09931865952315176,True,0.013353440153288461,1.4465885162353516
134112,833.7062287332091,500,False,0.05090778127134899,True,0.013375546241650684,1.4115324020385742
134128,773.407491467818,500,False,0.07762173825806402,False,0.013428138468583194,1.572237253189087
134848,707.2087468669479,500,False,0.1359877725933617,True,0.013425381436915436,1.5806386470794678
136592,716.2318099169757,500,False,0.05670788428826872,False,0.01348753114473658,1.6601722240447998
137632,796.2643252842059,500,False,0.060159873095917325,True,0.013523356577174343,1.3795002698898315
137712,683.381104599939,500,False,0.027843918186987508,False,0.01375060365348675,1.5902774333953857
137776,876.2360999369946,500,False,0.05071311491773075,True,0.013758298905122323,1.7982127666473389
138416,806.5093467802641,500,False,0.04861820847773269,False,0.013788199751744105,1.6029648780822754
138448,673.1245045327943,500,False,0.0745923611114518,True,0.013686673055936852,1.8910818099975586
139664,795.4572567541874,500,False,0.09058348057593246,False,0.013706716780678689,1.7223660945892334
140832,728.3511339273444,500,False,0.04662468411195721,True,0.013774111155514432,1.7295918464660645
140848,760.6130226779287,500,False,0.0338712745074036,True,0.01415190739028844,1.661678433418274
141280,717.7665757531846,500,False,0.0918795665469922,True,0.014156053462216638,1.5922136306762695
141520,420.43299527301883,500,False,1.2587400944654703,True,0.014114379675328331,1.7164250612258911
141840,633.5408115448852,500,False,0.0711988094154263,True,0.014026022359281179,1.8583093881607056
141984,812.5861326861358,500,False,0.06989625442868617,False,0.014048043179024437,1.726582646369934
142112,804.9121583577189,500,False,0.05006891192444643,False,0.014059712851118244,1.6032252311706543
142128,779.2463870022331,500,False,0.23497712858054057,True,0.01409417014586011,1.4964865446090698
142848,615.3832480020161,500,False,0.2834124376427959,True,0.014097489365861932,1.4832735061645508
144592,651.0623383103017,500,False,0.05696097845785717,True,0.01409416433723056,1.3802446126937866
145632,709.2652647662891,500,False,0.20985235049282547,True,0.014123958399402654,1.8644814491271973
145712,829.7350776071972,500,False,0.026242002012473894,True,0.014241707406125341,1.6831090450286865
145776,744.6073240912177,500,False,0.06743632779063309,True,0.014250933192882557,1.6746968030929565
146384,725.4724355956962,496,True,3.4874535510621563,True,0.01423993396122441,2.4037349224090576
146416,727.655208085223,500,False,0.018099642352615374,True,0.014383960719279104,2.4251327514648438
147664,796.2873308288478,500,False,0.05693092114409612,True,0.014404162762917025,1.9239399433135986
148832,709.1192731449248,500,False,0.06144331386223575,False,0.01439039780441903,1.841003179550171
148848,879.9175000684722,500,False,0.05415687197791366,True,0.014605818838449351,1.5125341415405273
149280,749.150324872745,500,False,0.04906608149541964,False,0.014616066448474192,1.8012809753417969
149520,727.51556911907,500,False,0.04368821578028571,False,0.014604431871768223,1.6598968505859375
149840,816.9499299905015,500,False,0.06077060985218506,True,0.014645555673156441,1.7395756244659424
149984,684.8817185205971,500,False,0.1914455169506827,True,0.014639115919074882,1.9599218368530273
150112,640.2963565319743,500,False,0.15853492194318347,True,0.014548473310345148,2.079763889312744
150128,758.9295471391106,500,False,0.050055872718950574,True,0.014497750684957731,1.5553152561187744
150848,774.6711251639081,500,False,0.035554515074287425,True,0.014487587378250599,1.9753762483596802
152592,542.5428963354577,500,False,0.9461556740628274,True,0.014494824198503594,1.8550136089324951
153632,818.0139053773659,500,False,0.18172075904737586,True,0.014493615916677192,1.9014683961868286
153712,780.8354117627189,500,False,0.043377794803391566,False,0.014539148739412687,2.1422548294067383
153776,702.4749345947572,500,False,0.10298950705882431,True,0.014520673619621604,2.1686949729919434
153920,207.24418515222837,238,True,2.16681177251222,True,0.01455640901870589,1.8139538764953613
154384,866.8034708881839,500,False,0.040374965190049496,False,0.014627493999961676,2.102419376373291
154416,788.7296340730845,500,False,0.032595876726048384,True,0.014673013624098062,1.608816146850586
155664,729.7109124891186,500,False,0.0991117707654898,True,0.014679536888999766,1.812073826789856
156832,654.2567993934958,500,False,1.7948190764715886,True,0.01465830172026632,1.775471568107605
156848,777.1196026721082,500,False,0.06054089526180609,True,0.014634214829468821,2.0380399227142334
157280,761.5340115365118,500,False,0.043788606085462034,True,0.014625899021499284,1.7046918869018555
157520,808.8932414616461,500,False,0.02570810412504287,True,0.014616430511025716,1.737693190574646
157840,825.8687747293623,500,False,0.031520670674875795,True,0.014607608493280582,2.2786803245544434
157984,799.476759497856,500,False,0.054548241830930835,False,0.0145346704203097,2.200859546661377
158128,580.2293109695278,500,False,0.8441893318240604,True,0.014492093612075417,1.9204351902008057
158848,770.1041661906982,500,False,0.06823572151511406,True,0.014484805676323478,1.927849292755127
160592,731.6900465454484,500,False,0.05578044737957117,True,0.014491436667948884,2.0538225173950195
161632,735.3448358032978,500,False,0.04338896591015525,False,0.0147056816604205,1.5461148023605347
161712,793.5654537597611,500,False,0.057136464256933785,True,0.01461106135660389,1.8440420627593994
161776,776.543838441707,500,False,0.013138832407208348,True,0.014613996768390106,2.003959894180298
161920,841.4338123129062,500,False,0.08455559660301719,True,0.014587355983663066,1.6184215545654297
162384,746.8522182027774,500,False,0.051229624451077906,True,0.014581013325968761,2.2159886360168457
162416,751.3423328961892,500,False,0.06293534330947968,False,0.014532790810661535,1.6636648178100586
163664,807.916751568973,500,False,0.050030400376123996,True,0.014535771267480282,1.2261075973510742
164832,782.2565612830608,500,False,0.029688381407524216,True,0.014645456717419911,2.0197737216949463
164848,503.9681090498121,500,False,0.33635499053822626,True,0.015013556308382863,2.4959449768066406
165280,792.9508402032227,500,False,0.04297533560638115,False,0.015020568692057102,1.9645904302597046
165520,690.3188796224872,500,False,0.3385433726057335,True,0.015145288575218808,2.7060818672180176
165840,829.4964874077458,500,False,0.04639346955557646,True,0.015221947211017226,1.5520591735839844
165984,586.8284686135514,500,False,0.6258673195019828,True,0.015284864496298544,1.890413522720337
166128,807.7819457572693,500,False,0.04438660591867269,False,0.01533001604582991,2.6891093254089355
166848,658.193189975252,500,False,0.23680503229439917,True,0.015377336364911289,1.784668207168579
168592,725.4838223241546,500,False,0.3756651384440223,True,0.015467499623219964,1.9594007730484009
169632,759.5403570909941,500,False,0.10071802047362205,True,0.015313192374010121,2.250558614730835
169712,595.1066487210112,500,False,0.12803585788121707,True,0.015605183518477311,2.168013572692871
169776,810.7320759616425,500,False,0.04654026936646109,True,0.015603462352882227,2.0942559242248535
169920,823.0613995041946,500,False,0.04664062460857635,True,0.015588822668711425,1.9439575672149658
170384,745.0840843296867,500,False,0.035351484592383,True,0.01557746713818938,1.9031753540039062
170416,787.0798019440988,500,False,0.036646574685213165,True,0.01564437909622944,1.6469546556472778
170656,454.26820824033024,363,True,3.023658779944338,True,0.01563290970030583,2.086414337158203
171664,712.1153067778221,500,False,0.07709654706401384,True,0.015570592388913684,2.7805333137512207
172832,855.6817000383005,500,False,0.04018715175537866,False,0.015600051853723661,2.15605092048645
173280,759.6923708366545,500,False,0.09180678459679063,True,0.015969013101849703,2.1767969131469727
173520,763.3699810295242,500,False,0.2667520725984963,True,0.016011513951342406,1.9138109683990479
173840,676.4925560636296,500,False,0.2978241971576676,True,0.015932282682363876,1.9551500082015991
173984,610.185269281942,500,False,0.30986211084439164,True,0.015871296936024664,2.1802470684051514
174128,826.0217198499236,500,False,0.05806286344191528,True,0.015888466530832604,2.305994987487793
174848,771.7966295352321,500,False,0.12277732219131555,True,0.01590241520163244,1.8065462112426758
176592,788.0477310333569,500,False,0.031353803064600526,False,0.015954996811628954,2.7729973793029785
177632,782.327645889977,500,False,0.07111581536030226,True,0.016349269055970325,2.384307384490967
177712,686.9384839143175,500,False,0.12517306830531105,False,0.01613071419854726,1.8716716766357422
177776,823.0469100073865,500,False,0.0234461279849346,False,0.016100864960796102,3.1103999614715576
177920,872.5370310842487,500,False,0.07138347070750081,True,0.016108208326815494,1.8962385654449463
178384,822.6233311146116,500,False,0.05949126899679215,True,0.01617297458083657,2.5126047134399414
178416,873.5568643701259,500,False,0.047091267985610225,False,0.01628388098714846,1.9795445203781128
178656,828.2291673272362,500,False,0.03387752114265649,True,0.01629279680607171,2.418961524963379
179664,836.7456176065891,500,False,0.08234407025702975,True,0.016352662840221868,1.9131031036376953
180832,789.1222130016592,500,False,0.07529955355876658,True,0.016419676585830604,1.885251760482788
181280,797.0387030802743,500,False,0.09553372333413096,True,0.016382267223174384,1.752054214477539
181520,643.0809500766107,500,False,0.18118995263498058,True,0.01636302454772252,1.7931523323059082
181840,808.962435232986,500,False,0.09661486854794811,True,0.016373552664903045,1.850408673286438
181984,806.1129352531073,500,False,0.34045697302768474,True,0.0164221412981718,2.3798117637634277
182128,708.6995773617613,500,False,0.22048213731635058,True,0.016411429485491177,2.1869475841522217
182848,678.4520729227722,500,False,0.2912035153534165,True,0.016400753358374463,2.052962303161621
184592,800.4174919156249,500,False,0.04221240448161808,False,0.016595812477781826,1.7502381801605225
185632,795.8704923210246,500,False,0.04970739032686434,False,0.016820446763339596,1.9495432376861572
185712,803.8229570706362,500,False,0.09438727946923509,True,0.01684710197549672,1.809665322303772
185776,652.6235984815465,500,False,0.26419335024974944,True,0.016830216085795126,2.1374688148498535
185920,742.7266055498559,500,False,0.12496355201903105,True,0.016870060311702448,1.536184549331665
186384,800.9821869926932,500,False,0.026924797948050305,False,0.016864979483858927,1.8241081237792969
186416,679.081592208903,500,False,0.26637675878199507,True,0.016901352906759242,1.8184635639190674
186656,620.4260648785734,500,False,0.35889362258263874,True,0.016914473213087384,1.7470638751983643
187664,749.2663788470484,500,False,0.1295193549787193,True,0.016857880576372237,1.9629994630813599
188832,779.4824176845796,500,False,0.04720551551266499,True,0.01694121395398573,2.5615129470825195
189280,910.0527845323662,500,False,0.033637630349563116,False,0.01705925210151084,2.3279848098754883
189520,826.8771527717676,500,False,0.01337671271548729,True,0.017178188054533063,1.9741218090057373
189840,873.3890691908523,500,False,0.02027982127989886,True,0.017199616122969615,1.8135745525360107
189984,817.8716404538156,500,False,0.09206626575525649,True,0.01729552614827593,2.184943199157715
190128,684.368253736062,500,False,0.2650291796251165,True,0.01724500430714535,2.0144290924072266
190848,856.6311064794378,500,False,0.06870449558178279,False,0.0172099700303416,2.4985573291778564
192592,733.2667893612797,500,False,0.13836054827980215,True,0.01738664827336553,1.8811568021774292
193632,803.7286600829436,500,False,0.039625796957501576,True,0.017225822948581805,1.950197696685791
193712,779.2653881856596,500,False,0.09963168017024955,True,0.017346682237118608,1.8329846858978271
193776,772.4655459675287,500,False,0.05831695844920161,True,0.017289177041183674,2.1212542057037354
193920,770.083657841043,500,False,0.12754956003048537,True,0.017282651348436612,1.911744236946106
194384,756.7445866176855,500,False,0.04367495778068675,False,0.01723845713873652,2.344064950942993
194416,620.4228213851724,500,False,0.17483730718912538,True,0.01724046935216514,1.7658495903015137
194656,781.7603123082465,500,False,0.11069161523709244,True,0.017242438159553165,2.156097412109375
195664,738.6729583280154,500,False,0.10239746350242171,True,0.01729582289676928,2.1144094467163086
196832,813.551742760719,500,False,0.07977625890629615,True,0.016995838488618045,2.109229564666748
197280,826.761878784019,500,False,0.09137022913254426,True,0.017115328082554407,1.9926908016204834
197520,738.3205549905613,500,False,0.042392037503988594,True,0.017004218141563106,2.147352695465088
197840,651.0462710768245,500,False,0.10174233181176591,True,0.01705362345885993,1.9185768365859985
197984,829.6999988134643,500,False,0.0373011390028777,True,0.01701981097882941,2.0322189331054688
198128,771.4689474697827,500,False,0.08248933937252534,True,0.017020323990634082,2.4798762798309326
198848,850.4337096116643,500,False,0.01689745649740947,True,0.017105971055120583,2.0871403217315674
200592,913.7504007487986,500,False,0.026830561552369098,True,0.01730835581479108,2.066887855529785
201632,766.406432827666,500,False,0.11640999377682032,True,0.017358785969704357,2.4126572608947754
201712,823.7009636096658,500,False,0.01410698366372802,True,0.017524368872899487,2.077796697616577
201776,822.0317839237509,500,False,0.03974863898220523,True,0.017501445217512786,1.8354178667068481
201920,676.2179436795221,500,False,0.2997704960619508,True,0.01749191475870631,1.928727149963379
202384,767.8499953057492,500,False,0.02348585833582034,True,0.017432285015148655,2.241415023803711
202416,768.0419763138977,500,False,0.10524336360764201,True,0.017168773435804915,1.8369746208190918
202656,479.75849353937497,500,False,0.6779753817689346,True,0.01716405630226442,1.908619999885559
203664,476.71689436395474,500,False,0.4081443375993044,True,0.017140003894717395,2.0225720405578613
204832,770.7614559241714,500,False,0.046300839223343916,True,0.016919532893374188,1.8222205638885498
205280,826.8321672207311,500,False,0.11087787797768289,False,0.017095060198110912,1.6820976734161377
205520,865.6103668554864,500,False,0.08964634247822023,True,0.017085429824376275,1.9076135158538818
205840,761.0036177666636,500,False,0.08024386059437763,True,0.01698315337109938,1.7148423194885254
205984,853.2966098909578,500,False,0.08332588575047258,False,0.016959142092785796,2.2170166969299316
206128,712.3042693216453,500,False,0.6391090892358434,True,0.016932599010891065,1.8985419273376465
206848,745.6411166800722,500,False,0.061486456967463306,False,0.016911056623696245,2.565009117126465
208592,793.1267657459327,500,False,0.03865791879811024,True,0.016852025928382943,1.9565321207046509
209632,705.3036589943636,500,False,0.07370226025054152,True,0.01659226687912767,1.970106840133667
209712,716.485680722672,500,False,0.26205580309488086,True,0.016669831627703854,1.970247745513916
209776,753.7065728972289,500,False,0.09547137557253156,True,0.016707465407317917,2.388692617416382
209920,745.1136648401931,500,False,0.05100690751090408,True,0.016731600081218375,1.9897136688232422
210384,711.1893673787455,500,False,0.21172072892197652,True,0.01673539406184849,1.8384432792663574
210416,703.492140612198,500,False,0.25602328419544135,True,0.01675741028156065,1.9605991840362549
210656,748.5248699209023,500,False,0.07933719931395221,False,0.0167534122208307,2.347287178039551
211664,645.5307216253279,500,False,0.16390588694703487,True,0.016851413875396196,1.6565933227539062
212832,812.4564677771536,500,False,0.08383072215702747,True,0.017152198397087783,2.0477428436279297
213280,811.2154069394331,500,False,0.036595778545158386,True,0.01702914311011325,2.511528730392456
213520,720.1004128839744,500,False,0.06471249418865704,False,0.016945391460685338,2.206406593322754
213840,808.849130134803,500,False,0.031137582433425244,True,0.017116341427281155,1.9211199283599854
213984,754.7263780835829,500,False,0.12900674463746,True,0.017156052726608497,2.2804839611053467
214128,778.988809005159,500,False,0.07350212293619043,True,0.01719397240057686,1.7943755388259888
214848,761.545771864496,500,False,0.15051301167429676,True,0.017217810107705175,1.9396663904190063
216592,779.25126058741,500,False,0.02823571114368041,False,0.01727814289664853,1.9813921451568604
217632,617.2185190267231,500,False,0.20812910005105845,True,0.017194269913646112,2.568060874938965
217712,635.8874346128487,500,False,0.16169263388954017,True,0.01713957822548547,1.9427902698516846
217776,814.2774071192957,500,False,0.05172581280863632,False,0.017185606486972267,2.2486824989318848
217920,842.7435895404186,500,False,0.05006637202536779,True,0.01720667491608323,2.086461305618286
218384,758.6600594835021,500,False,0.07622025811462496,False,0.017255556243237272,1.7693361043930054
218416,688.8994753307393,500,False,0.12679910111342588,True,0.017420250149304373,2.3055944442749023
218656,745.1554581272883,500,False,0.1001697071689909,True,0.017425388759755585,2.1877989768981934
219664,816.0325864013708,500,False,0.0508887916238877,True,0.017526790301113516,2.6737895011901855
220832,697.6162303374447,500,False,0.12812087296011074,True,0.017753541624759037,2.2111313343048096
221280,826.4131488898804,500,False,0.06529114837813052,True,0.01754705954018817,1.8674744367599487
221520,810.9685814468827,500,False,0.07176377172041486,True,0.01761286729973693,1.7728699445724487
221840,783.1033560591478,500,False,0.017009488805092635,True,0.017638777777870603,2.31889009475708
221984,809.6240901946094,500,False,0.05304539999912858,False,0.017600014952043077,1.7318185567855835
222128,761.4136232168308,500,False,0.022755652140332015,True,0.017639682707964913,1.8901286125183105
222848,854.4325008567697,500,False,0.07745874495517861,True,0.017692381640155696,2.180204153060913
224592,718.596391045807,500,False,0.3531702416631226,True,0.017454889925430036,2.3819665908813477
225632,736.5799869346478,500,False,0.1920120179999555,True,0.017124679258101086,2.1228044033050537
225712,711.2754149392733,500,False,0.23496443975063297,True,0.017173463357394017,2.035313129425049
225776,825.5997761441126,500,False,0.07762486130584287,True,0.017232192505365625,1.9056192636489868
225920,755.9488419853468,500,False,0.09617760398900126,True,0.017256716170841423,2.0680155754089355
226384,690.8086510394589,500,False,0.10241228373853963,True,0.01734620362816428,2.0707435607910156
226416,812.9935420138934,500,False,0.08679293532298331,True,0.017222997508182104,1.9704221487045288
226656,779.290201578218,500,False,0.019444043643380794,False,0.017222050972110436,2.298701763153076
227664,803.6535554117648,500,False,0.1765978318880866,True,0.01716269404037541,1.9403005838394165
228832,762.4053169487046,500,False,0.057894165913376636,True,0.016925536312939738,1.8124836683273315
229280,781.1683760389675,500,False,0.03862360932017125,False,0.017025203387981476,1.6158536672592163
229520,776.8067191468698,500,False,0.0795624162715938,False,0.016980042850965674,1.9036304950714111
229840,842.3074613145832,500,False,0.07553034494886554,True,0.016811990113067183,2.205442428588867
229984,651.8934317674839,500,False,0.23484369448900158,True,0.016766796259765168,1.981065034866333
230128,811.3618603327856,500,False,0.02252456261136758,False,0.016829595211579704,1.732534408569336
230848,908.3755674036164,500,False,0.02839608689768724,False,0.016877508184938158,2.5126285552978516
232592,878.5462202647722,500,False,0.05036480662027456,True,0.016879500129776164,1.6747782230377197
233632,724.0491938099631,500,False,0.1320821519498275,True,0.016763503034607857,1.8751351833343506
233712,845.5634173931827,500,False,0.0649596358105366,True,0.016741795231352705,1.9760057926177979
233776,849.0232775577228,500,False,0.009803988139041512,False,0.01674605827963143,2.158017635345459
233920,801.8151359858322,500,False,0.06647688391576705,True,0.016751028457731146,1.7941806316375732
234384,801.0035366390572,500,False,0.06647486500926007,True,0.016716304662108664,1.6349570751190186
234416,807.1902354987031,500,False,0.08636219813276723,True,0.016797874552939022,2.2249107360839844
234656,737.1541971209185,500,False,0.18312120033793233,True,0.016807602112857038,2.251002073287964
235664,760.915298378007,500,False,0.10984140385324677,True,0.01684101791762376,2.0343313217163086
236832,758.3401176820942,500,False,0.07482420790817887,True,0.016476185257665685,1.9463170766830444
237280,866.1038815279578,500,False,0.24601112016452614,True,0.01636715256194296,2.047748327255249
237520,750.6607052272697,500,False,0.12492046886096503,True,0.01639327352254213,1.8870028257369995
237840,718.4374515907832,500,False,0.39761087206176227,True,0.016558967478707484,2.3890843391418457
237984,706.2108829431429,500,False,0.3068252523974975,True,0.016633290608236807,2.0967116355895996
238128,826.8834601303084,500,False,0.13526737000268813,True,0.016604664801303792,2.359077215194702
238848,689.2850819517903,500,False,0.1941790098190895,True,0.016518239874188285,2.0981147289276123
240592,769.1436374309351,500,False,0.1300459353765523,True,0.016453385387020156,2.0152149200439453
241632,833.3709032683572,500,False,0.039799993292706524,True,0.016584609617557294,2.1337368488311768
241712,836.0480863134882,500,False,0.1346123571562561,True,0.016520180607333495,1.9948787689208984
241776,856.6524078984792,500,False,0.09654604353142718,True,0.016484452815678338,2.06868314743042
241920,789.6453156588603,500,False,0.08152088366593557,False,0.01641595116981163,2.12831974029541
242384,750.0777252677201,500,False,0.11320904764642337,True,0.016321441997159746,1.7090849876403809
242416,724.0495616804344,500,False,0.03455659607610941,True,0.016335484289707835,2.4943337440490723
242656,799.6913813507011,500,False,0.17662943789003063,True,0.01632874487982915,2.1653928756713867
243664,742.4061358030353,500,False,0.03266625398166139,True,0.016392156427529635,1.824949026107788
244832,779.0819578019617,500,False,0.036415229828159174,True,0.016502175888841012,1.6831423044204712
245280,829.2653293741655,500,False,0.1120782480182042,True,0.01665037287649009,2.0505764484405518
245520,849.7143456133969,500,False,0.06562684070135315,True,0.016710402150882556,2.0749099254608154
245840,776.2964947894799,500,False,0.07393255506121972,True,0.0168599225225919,1.7504286766052246
245984,747.7271583187706,500,False,0.14706882679194136,True,0.01700935543925729,1.9196114540100098
246128,367.66193213797584,500,False,1.615720228477599,True,0.017088455490357504,2.3338632583618164
246848,877.4893382355081,500,False,0.03004476420760025,False,0.01707395337147922,2.129075050354004
248592,788.2565090813977,500,False,0.03884118086452535,True,0.0171271382800399,2.043964147567749
249632,869.7053947372847,500,False,0.009512223422445383,False,0.016783113257666352,2.0924649238586426
249712,803.562738012433,500,False,0.03257309480746465,True,0.016610234706832924,2.342348575592041
249776,722.4704595263236,500,False,0.08398200351932285,True,0.016629549307378415,2.1610989570617676
249920,786.3953193463823,500,False,0.05379660028324753,True,0.016658036234375544,2.3954906463623047
250384,810.1132703220914,500,False,0.035124629359015745,True,0.016611668092781157,1.960709571838379
250416,861.6120673020979,500,False,0.049176474761831616,True,0.016583499183741114,2.097115993499756
250656,731.6331668588494,500,False,0.05967508892280275,True,0.016573312712704263,2.323141098022461
251664,801.5081493184556,500,False,0.07803273098116599,True,0.016625184487719796,2.4688608646392822
252832,748.8590485949924,500,False,0.14282153697435643,True,0.016435133015002427,2.2692019939422607
253280,747.1860238383107,500,False,0.08601443374437572,True,0.01677614301134349,2.4713897705078125
253520,810.9339594903277,500,False,0.06322659336397513,True,0.016743588886206043,1.7904059886932373
253840,794.4017061424472,500,False,0.21493574094110662,True,0.01668778454740511,1.808290719985962
253984,848.5533173595844,500,False,0.05898767744374599,True,0.016544804220486858,1.8573462963104248
254128,856.4719844257527,500,False,0.04909902764901544,True,0.016512065149784486,1.9545902013778687
254848,790.2487846174284,500,False,0.0945476511554117,True,0.016594534973433814,1.947601318359375
256592,794.8333757123703,500,False,0.026261343904084418,True,0.016771844626290385,1.8745638132095337
257632,757.3485344347471,500,False,0.08820192229459811,True,0.016818279966155047,1.866245150566101
257712,730.2535981966553,500,False,0.15641466054369985,True,0.01685121550280078,2.0181620121002197
257776,816.0843608163525,500,False,0.06680916810314505,False,0.01683548866084673,1.8673005104064941
257920,775.5870026682793,500,False,0.04663035654300668,True,0.016859013194053314,2.3423428535461426
258384,837.9780037178498,500,False,0.25449518803228377,True,0.016880839402100806,2.0044713020324707
258416,759.9267336608568,500,False,0.02752068950165428,False,0.016867749665865746,1.782752275466919
258656,747.0818779849635,500,False,0.06070598654618559,True,0.01686272922559717,1.7370373010635376
259664,821.4093791121137,500,False,0.04982748564905527,True,0.016881387945096606,2.1573867797851562
260832,772.2674350844006,500,False,0.0254871327750357,True,0.01681225904166394,1.7307329177856445
261280,817.0091686951255,500,False,0.07151797014408683,True,0.016627414481244954,1.9541147947311401
261520,780.3278787005498,500,False,0.0624764424244774,True,0.01656825875565416,2.344296455383301
261840,872.1963933099479,500,False,0.019756768779076547,False,0.016679183857979844,1.5985767841339111
261984,830.1691607222127,500,False,0.03694256621165553,True,0.01667078512304046,2.0890414714813232
262128,828.3234375982342,500,False,0.10784186057936604,True,0.0166804773429287,2.2898952960968018
262848,809.2709968247206,500,False,0.04495269942817537,False,0.016715739527974866,2.0610623359680176
264592,790.1049437931806,500,False,0.06653819219564225,True,0.016641825675483207,1.6639248132705688
265632,808.7993217288362,500,False,0.1080970386223698,True,0.016488611211102795,2.172852039337158
265712,876.699317513249,500,False,0.07530113371784802,True,0.01670869439300026,1.8477413654327393
265776,882.3529771577474,500,False,0.04956739565856833,False,0.01673153821336703,1.7564821243286133
265920,669.9759468224267,500,False,0.2932200058352058,True,0.016757837521818142,2.0247459411621094
266384,798.3372601287442,500,False,0.03360332212089921,False,0.01677324448898518,2.065725088119507
266416,843.5624759139919,500,False,0.035209066154032,False,0.01689565017827915,10.523303031921387
266656,721.3493209245592,500,False,0.10163145306463506,True,0.01693406224937467,1.6417380571365356
267664,878.1801559343152,500,False,0.05743929668477534,False,0.017087171458869756,2.3629908561706543
268832,822.576715072358,500,False,0.060755176532056976,False,0.01752366597483066,1.8070974349975586
269280,824.4818168015905,500,False,0.03771932700059517,True,0.01752697205979889,1.877234935760498
269520,844.0994237841622,500,False,0.04795893160819481,True,0.01762075840475023,2.095430612564087
269840,804.5879948750679,500,False,0.07622283467337916,True,0.017802306699823814,1.7321720123291016
269984,866.7911711444741,500,False,0.06310765945546837,True,0.017927329454796106,2.294969081878662
270128,742.5792924582407,500,False,0.09025420390372774,True,0.018059754390499526,1.593816876411438
270848,705.2910332019909,500,False,0.14520102316442215,True,0.01804708595896472,2.006683826446533
272592,804.4863699782704,500,False,0.03478209115481493,False,0.01813738312389553,1.858726978302002
273632,789.6530301431723,500,False,0.05408475936292544,True,0.017611763074277878,2.3694803714752197
273712,818.1562538330543,500,False,0.11583369631784214,True,0.017585510522847046,1.8660316467285156
273776,887.9704562105186,500,False,0.02136195361406479,False,0.017559821410222786,1.7282527685165405
273920,814.6852813691104,500,False,0.08555781765590825,True,0.01752427469605353,1.9656275510787964
274384,825.3294066048934,500,False,0.021188892347553088,True,0.017538175063614995,1.9834017753601074
274416,861.5143374527289,500,False,0.06727174353474229,True,0.017476444688092972,1.8762202262878418
274656,629.9354875450618,500,False,0.12572617858741789,True,0.01748813470193254,1.6603862047195435
275664,833.4040176399047,500,False,0.05985602519160456,True,0.017452526066137557,1.6170998811721802
276832,874.2032435169535,500,False,0.10277354635177194,True,0.01748944377853644,1.9234704971313477
277280,759.4838404337656,500,False,0.04936576693887906,True,0.01721298423828357,2.4584732055664062
277520,905.2152746911041,500,False,0.035371274231500494,True,0.01712564396042131,1.6979682445526123
277840,788.4342233893794,500,False,0.07510909328761002,True,0.017146967689520204,2.101459503173828
277984,776.6282556421701,500,False,0.06032099387551925,True,0.01701739456491595,1.8035879135131836
278128,817.6819918243892,500,False,0.05600418824923729,True,0.016985330442054195,1.867248296737671
278848,782.8908455956877,500,False,0.062414614140278886,False,0.016977732976194822,1.715116024017334
280592,805.9575810227904,500,False,0.024450419623927914,True,0.017070188352733745,1.8707858324050903
281632,765.5741201264253,500,False,0.030897720507290855,False,0.01731240330572933,2.276743173599243
281712,812.5497168917668,500,False,0.06717586528513099,True,0.01779625635294401,1.6248435974121094
281776,814.7267699493882,500,False,0.05131139913300284,False,0.017820101908030697,1.6711361408233643
281920,758.6751675291114,500,False,0.06706374763216127,True,0.017816078952862593,1.7155334949493408
282384,794.8860376703236,500,False,0.06742322781241103,True,0.017805282233490108,1.6568862199783325
282416,777.8847497698007,500,False,0.16283762910232266,True,0.017784234494822058,2.030512571334839
282656,802.5339123830898,500,False,0.02789384051353168,False,0.017771574150446057,1.8471671342849731
283664,751.7223290424876,500,False,0.05175080947569619,True,0.017731065782439204,1.6262767314910889
284832,786.1857137670186,500,False,0.023576430906244367,False,0.017641120537350362,2.1621203422546387
285280,906.3606973140566,500,False,0.026026320138190336,False,0.017496955315031038,2.451789379119873
285520,814.507684425279,500,False,0.04231974045275215,True,0.017546500512926715,1.4198769330978394
285840,712.2232130411986,500,False,0.1014694274752703,True,0.01744361975750066,1.710909128189087
285984,843.5241722411097,500,False,0.0625407507000089,True,0.017509811101023037,1.4131125211715698
286128,743.7920665693267,500,False,0.11855040681299468,True,0.01753068362886977,2.4970006942749023
286848,795.7977713168183,500,False,0.03649783631675894,True,0.01746873972178632,1.5583679676055908
288592,769.6415671991703,500,False,0.05588834046334038,True,0.01702916111238269,1.5578035116195679
289632,863.3443890769379,500,False,0.025589311128590912,True,0.016785659989311297,1.8949296474456787
289712,900.2844029600654,500,False,0.0504221173599337,True,0.01671992769992308,2.24167799949646
289776,799.4809770862527,500,False,0.0337459881135625,True,0.01673745063273917,1.6568083763122559
289920,786.2770650693535,500,False,0.055322189932800254,False,0.016782811319275864,1.3246188163757324
290384,815.86966532315,500,False,0.052151624053100684,True,0.01684949516915987,1.4542417526245117
290416,780.136463689161,500,False,0.08157392058027406,True,0.01672428363653086,1.963183045387268
290656,827.8662991105529,500,False,0.05336088036917456,True,0.01671979956038466,1.9949040412902832
291664,868.2213169007402,500,False,0.1325301276163081,True,0.016759772805350678,1.8052366971969604
292832,842.0166138121973,500,False,0.021260923356475857,False,0.016952415457251867,1.7787582874298096
293280,876.0880477499262,500,False,0.03466972750303878,True,0.01688439522407122,1.9223222732543945
293520,787.1757108063761,500,False,0.017154882282541247,True,0.016866868940437697,1.738006591796875
293840,847.8632194553495,500,False,0.044119755892470414,True,0.016768761048841476,1.8164550065994263
293984,846.5117790172708,500,False,0.08915628135580486,True,0.016733643440173758,1.919783592224121
294000,277.36053163633,273,True,2.1253161842478456,True,0.016733619343041573,1.480795979499817
294128,804.4481599972152,500,False,0.12652644469099228,True,0.016730893255238254,1.826218605041504
294848,778.3089714175318,500,False,0.049986033975462016,True,0.016729794620641773,1.777742862701416
296592,794.6570529969808,500,False,0.031554323187129335,True,0.016826049552127437,1.8505430221557617
297712,848.0272274020998,500,False,0.04554460822093119,False,0.01698064192159356,1.2765541076660156
297776,840.1583692213338,500,False,0.08013699911294339,True,0.01703963675944986,1.635170578956604
297920,793.045936447855,500,False,0.04991203984817058,False,0.017037980403232525,1.5453158617019653
298384,713.007705715835,500,False,0.4850835942102528,True,0.01708917077821509,1.7200087308883667
298416,875.2396603371416,500,False,0.020633813746781617,False,0.017029267120350296,1.5924348831176758
298656,807.4598783241493,500,False,0.046251940253203075,True,0.01702973404324079,3.5768678188323975
299664,890.0541929615414,500,False,0.04149231844401857,True,0.017012819533099195,1.6075791120529175
300832,892.1239114000267,500,False,0.026959682661336117,False,0.016597425194632087,1.785750389099121
301280,793.7843941629967,500,False,0.024283380877301104,True,0.016841431860453917,1.7704572677612305
301520,745.0785940912186,500,False,0.06012286355217331,True,0.016906777684363668,1.680046558380127
301840,871.6528434926493,500,False,0.03561376983981408,True,0.016865734738513605,2.216115951538086
301984,804.25970356416,500,False,0.014760159886787198,False,0.016904379531046045,1.5046355724334717
302000,842.3408461234297,500,False,0.020721164864889986,False,0.01693347266945613,1.5015507936477661
302128,872.5416946890055,500,False,0.057718292914679385,False,0.01693074825509994,1.6397452354431152
302848,832.2949736588746,500,False,0.02195055539043327,False,0.016831130879820386,1.6644511222839355
304592,762.4950086476871,500,False,0.5272730025874464,True,0.016960352106759894,2.1775593757629395
305712,740.238390518412,500,False,0.2925126111943794,True,0.016544196566379784,2.0808346271514893
305776,847.3477395327357,500,False,0.009447156911531524,True,0.01619660439254173,2.0084190368652344
305920,399.05465813116086,500,False,1.5639278734028492,True,0.016218460927008165,2.621429443359375
306384,820.5457721359237,500,False,0.04543124394559388,True,0.016220029767282793,1.8074414730072021
306416,800.9581456843272,500,False,0.0422471273320902,True,0.01624494735237276,2.0158023834228516
306656,564.1589435101906,500,False,2.5398995250258114,True,0.016252229977473425,2.038153886795044
307664,740.7674319600314,500,False,0.0855559798423001,True,0.016290292213251713,1.818159580230713
308832,872.0023976518509,500,False,0.029818590264251627,False,0.016401507158666218,1.8161423206329346
309280,793.5635661625637,500,False,0.051994554654788604,False,0.016613759315463137,2.4973549842834473
309520,783.1075052857958,500,False,0.08691183406706537,True,0.017031903249220482,1.2571213245391846
309840,780.4213071444861,500,False,0.05127830976866887,False,0.01703593482416166,1.9328440427780151
309984,792.2347477403837,500,False,0.0743915080972658,True,0.01701638675363361,2.04392147064209
310000,817.1628381206882,500,False,0.03842009713086837,True,0.016983207389849726,9.455636024475098
310128,831.625022053158,500,False,0.08392077385066413,True,0.01697040013961624,1.8405132293701172
310848,829.3104073723979,500,False,0.16897316494943687,True,0.016919156996089,1.6845126152038574
312592,722.7850983234467,500,False,0.07890383599938375,False,0.016825077401969344,1.6681241989135742
313712,829.6094616728425,500,False,0.07848142785595426,True,0.016884388525589853,1.5744056701660156
313776,763.5347606461579,500,False,0.09025050307710397,True,0.01684976135527688,1.2378922700881958
313920,637.2595245266816,500,False,0.6474717068237591,True,0.016878221266087796,1.5049424171447754
314384,785.9764193938381,500,False,0.06728315579904376,True,0.016919715712259146,2.2450873851776123
314416,897.3561993530587,500,False,0.014127441873541305,True,0.016825855806122746,1.893236756324768
314656,804.283245753637,500,False,0.03161331774335283,True,0.016828880289282366,2.1283204555511475
315664,763.4145179421696,500,False,0.0876486994018987,True,0.016871440060096266,1.617800235748291
316832,750.5824882922086,500,False,0.06757389866820944,True,0.016764837034161362,1.6044127941131592
317280,459.012658795553,500,False,2.584457883466964,True,0.01681626854960153,1.8305878639221191
317520,791.6986961309624,500,False,0.01515802426730238,False,0.016968647577690885,1.3771417140960693
317840,789.5910658630205,500,False,0.08243634520406817,True,0.017033408071970364,1.3525276184082031
317984,799.3805921941134,500,False,0.10118395422478843,True,0.017172154162537003,1.58168363571167
318000,797.4226767243819,500,False,0.22236679057742814,True,0.017202782063336402,1.6942535638809204
318128,880.728268317559,500,False,0.05863640410221596,True,0.017208543649065367,1.5927162170410156
318848,773.1037382664738,500,False,0.165871647739255,True,0.01722271479878406,1.6997601985931396
320592,764.4638998462864,500,False,0.21107641266367488,True,0.01698400351391219,1.5676450729370117
321712,762.1247004402333,500,False,0.0549213405985847,True,0.016928774492874936,1.8879783153533936
321776,816.1782006581818,500,False,0.17742126947667883,True,0.01655804615552123,2.105832099914551
321920,827.8858152862982,500,False,0.053294348662619485,True,0.01654654814814443,1.9987698793411255
322384,814.8454870092975,500,False,0.08215406471412656,True,0.016559946262103015,1.5749940872192383
322416,746.3307413812562,500,False,0.19629832631604238,True,0.01647321424649239,2.280505418777466
322656,790.5406782105114,500,False,0.0754444430907788,True,0.016446955233722728,1.714464783668518
323584,372.1906061631974,296,True,1.2820233092633293,True,0.016394177756375368,2.0603253841400146
323664,734.2732545975033,500,False,0.1256357491424822,True,0.016463177635993947,1.6598472595214844
324832,817.5284844783771,500,False,0.11492660004603045,True,0.01643562539982769,1.583420753479004
325280,828.1801745579836,500,False,0.05356772017831858,True,0.01649520740627876,2.6368751525878906
325520,798.9815946368699,500,False,0.09558615917371925,True,0.01653936359083115,2.1284799575805664
325840,849.1686748971673,500,False,0.020840797435326235,False,0.01646566145555925,1.983751654624939
325984,892.4944613949743,500,False,0.026811311174111847,False,0.016498149435110538,1.7324347496032715
326000,822.9863115646989,500,False,0.0455122447311263,True,0.016530671736518385,1.7892411947250366
326128,687.9343728542508,500,False,0.09788176456128118,True,0.016522376772443375,1.6640567779541016
328592,662.7926653115887,500,False,0.23593385080478754,True,0.016464890369702178,1.4323699474334717
329328,527.2420888323808,432,True,3.329840477303849,True,0.016456828772698318,1.5665335655212402
329712,827.3246926303893,500,False,0.06163222057466488,True,0.016532970341874138,1.9610474109649658
329776,843.8763222899818,500,False,0.07243980239931624,True,0.01637321410712723,1.6970576047897339
329920,822.0999133776312,500,False,0.02830184014331924,False,0.016364193300786693,1.656286358833313
330384,805.5212167649546,500,False,0.05659821095989039,True,0.01640513602785428,1.296466588973999
330656,780.5699309104069,500,False,0.062133954360516656,False,0.016415134861014275,1.4685348272323608
331584,764.9460951844638,500,False,0.0634458511268719,True,0.016340729630436,1.733825922012329
331664,777.3177516220605,500,False,0.03558259420855005,False,0.016741780024953117,2.323469400405884
332832,827.2944776212329,500,False,0.04999816330659682,True,0.016759839688966823,1.7048087120056152
333280,839.4471834983282,500,False,0.04029569459566696,True,0.016465418414113517,1.6796345710754395
333520,726.8033381304006,500,False,0.11355811558121957,True,0.0163546036295799,1.714540958404541
333840,794.3399480346488,500,False,0.08967739827939364,True,0.016230137176611252,1.5493388175964355
333984,851.8999260102983,500,False,0.044164433935992294,True,0.016253085507288153,1.6491572856903076
334000,834.9113066702997,500,False,0.06690697502664934,True,0.016246273779377284,2.1388721466064453
334128,810.947937429304,500,False,0.07937467001464994,True,0.016238315809078394,1.887128472328186
336592,789.6445724364179,500,False,0.03410105331842433,False,0.0162161550873465,1.6406972408294678
337328,858.5084295808276,500,False,0.09383589054732785,True,0.01620154743578088,1.9328492879867554
337712,770.4609933742855,500,False,0.061551547211899,True,0.01630108737111934,2.242290496826172
337776,777.1038205789199,500,False,0.123167886031523,True,0.01638416170917163,1.8385961055755615
337920,804.0287725696104,500,False,0.08135427332422179,True,0.01632905673692993,1.8117022514343262
338384,805.5691314990625,500,False,0.04294392521563692,True,0.0162437365338714,1.147007703781128
338656,740.7988099035334,500,False,0.11259817363809102,True,0.016203884205773855,1.57217538356781
339584,881.6980298726804,500,False,0.01651742494784498,True,0.016249128695180186,1.4388530254364014
339664,792.7694001727995,500,False,0.14925861834130094,True,0.01629013822624455,2.0203871726989746
340832,775.5206926234646,500,False,0.09735347158667823,True,0.016357240289303656,1.534083604812622
341280,786.6180625116443,500,False,0.0528308656168494,True,0.016761269878047005,1.6013915538787842
341520,807.913894312915,500,False,0.07679659742696716,False,0.016710858033988727,1.8308916091918945
341840,757.5715201176856,500,False,0.0743504497987326,True,0.016638669612245017,1.6795355081558228
341984,830.506524122776,500,False,0.036515269158006215,False,0.016721038037078043,1.3955199718475342
342000,776.4059785889228,500,False,0.06369632624004812,True,0.016703398938569494,2.6332550048828125
342128,835.2818108261383,500,False,0.09720389439484367,True,0.01670893597341913,1.8697080612182617
344592,735.900755505448,500,False,0.21701971469233544,True,0.01675485803277747,1.650564193725586
345328,748.7436641398491,500,False,0.03801633281275763,True,0.01669250264144063,1.8867779970169067
345712,817.3957340639405,500,False,0.08731871256683067,False,0.01668007143092086,1.9233516454696655
345776,776.3201989317636,500,False,0.07944192383539773,False,0.016731494147572728,1.6925469636917114
345920,719.8710626563416,500,False,0.11239839547157097,True,0.01674520523549405,1.497779369354248
346384,787.3537621052908,500,False,0.0631460645174614,True,0.016741095333157006,2.075249433517456
346656,761.6344553736374,500,False,0.19452437903135958,True,0.016791301134374312,2.1259820461273193
347584,811.285937995477,500,False,0.04031828988742038,True,0.016670554341116462,1.8997220993041992
347664,838.8289875955858,500,False,0.12007002764442616,True,0.016565253370675957,1.4535059928894043
348832,716.9885003781831,500,False,0.21802682222479636,True,0.016511512061281187,1.320417881011963
349248,576.4172566997112,453,True,2.5009748015822097,True,0.01659018986615609,1.501382827758789
349280,833.7014006786569,500,False,0.06018299022864053,True,0.01656300669754108,1.3433103561401367
349520,841.0860901889668,500,False,0.07413476906547609,True,0.01658077639057054,1.3360381126403809
349840,786.218118375057,500,False,0.10648356626481298,True,0.016649647336718327,1.6219613552093506
349984,837.159946090438,500,False,0.11565224475317187,True,0.016765542917417785,2.2263002395629883
350128,835.2632417187651,500,False,0.04327373732953489,True,0.01675061779031701,1.2879787683486938
352592,791.299663853963,500,False,0.12134667216258536,True,0.016705788562449704,1.8666001558303833
353328,777.7044683848562,500,False,0.03800581230427125,True,0.016520074516909667,1.8692930936813354
353712,730.1583579245809,500,False,0.15455009094628813,True,0.01644502215674755,1.4843717813491821
353776,798.1476675482527,500,False,0.05244986234357148,True,0.01653774041264766,1.8740934133529663
353920,728.6087521330638,500,False,0.16784649188823952,True,0.016541022571298816,1.667494297027588
354384,841.7012470913536,500,False,0.04881968091213103,True,0.016503488219375754,1.6558868885040283
354656,698.7899259990419,500,False,0.14529398341567953,True,0.016748901927429026,2.056342124938965
355584,879.096449686837,500,False,0.04342364725390912,False,0.01671931353393587,1.5656299591064453
355664,812.7920987050317,500,False,0.09055842438480695,False,0.017018611853633684,1.6029186248779297
356832,715.832141732547,500,False,0.9169404806844054,True,0.01702172271288265,1.2887425422668457
357248,761.8808931800919,500,False,0.08179504508779864,True,0.017246113576262632,1.8487972021102905
357280,770.273125508724,500,False,0.07806322510454607,True,0.017402211868745104,1.6181955337524414
357520,824.2775218826465,500,False,0.08395454329412376,True,0.017423150110001662,3.762580156326294
357840,719.0251607875624,500,False,0.07136709834239677,True,0.0174805988220229,2.141998767852783
357984,780.1022888946976,500,False,0.10112314204977882,True,0.01738491745280756,1.7569869756698608
358128,838.4999266930784,500,False,0.05332938922927037,True,0.017371856293548548,1.5580997467041016
360592,866.6577122930498,500,False,0.05990117887589489,True,0.0173906530761086,1.4890391826629639
361328,749.7412675645769,500,False,0.10896513622934943,True,0.01749769640292385,1.5638153553009033
361712,801.1339602166495,500,False,0.12799687144872124,True,0.017788447337548842,1.4989378452301025
361776,793.9695103909748,500,False,0.0821824895268623,True,0.017978360818198497,1.4911458492279053
361920,722.3933255112111,500,False,0.14898489566383352,True,0.017941668024814728,1.7390676736831665
362384,777.576506073953,500,False,0.0659160295937801,True,0.01784617380379129,1.3243532180786133
362656,824.940391714102,500,False,0.07946795267208062,True,0.017940174172051838,1.6955301761627197
363584,837.9462667582858,500,False,0.1269108487455849,True,0.017840546156163723,1.5027966499328613
363664,726.709135974533,500,False,0.09924482491293599,True,0.01735029178172037,2.0313520431518555
364832,804.5206981623484,500,False,0.049226320099865245,True,0.017282405231985352,1.6507670879364014
365248,710.6985794516087,500,False,0.20354757053251504,True,0.017043090905528687,2.2542686462402344
365280,863.9099964806846,500,False,0.043309077583029834,False,0.01710400889841445,1.7914036512374878
365520,793.1714060338902,500,False,0.07190082501341792,False,0.01709889156948281,1.6550712585449219
365840,698.0046738489497,500,False,0.06858757261294993,True,0.017011143641739605,1.565345287322998
365984,572.8970701723645,500,False,0.9048232066340207,True,0.01696711991419435,1.5033972263336182
366128,765.8468541072044,500,False,0.07997195543853614,True,0.01690104847029157,1.2897465229034424
368592,750.5103992666451,500,False,0.05799609873244781,True,0.016818968312452796,1.5530190467834473
369328,793.3356265600279,500,False,0.07915194302170761,True,0.017259093994603167,1.7199809551239014
369712,813.4688024143647,500,False,0.09665093653644634,True,0.016994127270276674,1.4382370710372925
369776,810.154970206504,500,False,0.055720742520173595,False,0.01707988776947337,1.3748505115509033
369920,838.5951743871736,500,False,0.04289411766866483,False,0.017097738509976698,1.818864107131958
370384,852.3350191932982,500,False,0.05300842286241532,True,0.017103688314871388,1.748793125152588
370656,827.7260563873419,500,False,0.043511277409509296,True,0.017293102175505202,1.4154549837112427
371584,843.1336764108481,500,False,0.04855661920884246,False,0.017346589415318657,1.3146034479141235
371664,784.554158039598,500,False,0.05710438009018304,True,0.01731483898483069,1.4707444906234741
372832,780.5221792427012,500,False,0.08181372374629212,True,0.017305762920972672,1.867833137512207
373248,764.8279507016523,500,False,0.07296849733036506,True,0.017369316376757628,1.7297248840332031
373280,590.5734780024121,500,False,0.4429430603435677,True,0.017547167034224737,1.4513981342315674
373520,807.8320810993673,500,False,0.05252876354379069,True,0.01754380796804971,1.8631128072738647
373840,840.4578879171271,500,False,0.06855273926473406,True,0.017465957915086146,1.7593430280685425
373984,814.8899263487268,500,False,0.07553611378583362,False,0.017350105713206724,1.7244141101837158
374128,875.6567816463222,500,False,0.05973764559964462,False,0.017311795546255792,1.7462410926818848
376592,768.4544589575543,500,False,0.08693500327170293,True,0.01734081619923613,1.5477180480957031
377328,776.6799809059314,500,False,0.059210141394729965,True,0.017417800407596683,1.321508526802063
377712,743.6373828614477,500,False,0.11129085644343119,False,0.017560415822495058,1.704822063446045
377776,877.3104978623004,500,False,0.05361490887974276,True,0.017525851156406168,1.4224274158477783
377920,806.8197770148363,500,False,0.07061893444963994,True,0.017499918630978988,1.4158093929290771
378384,721.4282301707299,500,False,0.10785691105452518,True,0.017525921770244667,1.335759162902832
378656,819.1562561927128,500,False,0.030890649882929812,True,0.017410425643945633,1.4340226650238037
379584,834.9498825281364,500,False,0.04454796159735133,True,0.017320799874065627,1.5429155826568604
379664,772.0714469176431,500,False,0.11382305352125681,False,0.01703376509526983,1.6614420413970947
380832,760.1531898915831,500,False,0.11737300395374467,True,0.017023395743673994,2.4486403465270996
381248,853.3786872075613,500,False,0.06551854294839228,True,0.016919029398631713,1.5845720767974854
381280,838.3795881076747,500,False,0.05924310146540814,True,0.017073688655401237,1.791161298751831
381520,786.0059802488842,500,False,0.15010777720579116,True,0.01706357874879537,3.6247684955596924
381840,825.6710867959541,500,False,0.2851530640003226,True,0.016986121741523523,1.2895598411560059
381984,806.9710258554235,500,False,0.06908606086279775,True,0.016977403431722868,1.4897836446762085
382128,890.5468126464084,500,False,0.04303708709293489,True,0.016919544665162992,1.3132247924804688
384592,743.2640722095863,500,False,0.0874114789089392,True,0.01690497739252957,1.1492118835449219
385328,844.2671441265502,500,False,0.07206146884565476,False,0.016653757751478638,2.0893499851226807
385712,837.0858276574322,500,False,0.07959182576386233,True,0.016889008511799,1.6190341711044312
385776,792.9604352822363,500,False,0.07156938811297502,True,0.016941594343491403,1.5127654075622559
385920,774.9951199112835,500,False,0.09536464661733547,True,0.016968841028126253,1.4032838344573975
386384,780.162279736112,500,False,0.0599088711300999,True,0.01697068014128412,1.4663032293319702
386656,797.4043015229121,500,False,0.1232970886999858,True,0.016956275624334785,2.1017065048217773
387584,784.0808971029983,500,False,0.0752312804259735,True,0.017014160956829394,1.4309403896331787
387664,765.8971421034674,500,False,0.013729849763363871,True,0.016993545907956965,1.3954994678497314
388832,815.2575017619939,500,False,0.06792929861254067,False,0.01700723072024931,1.7677533626556396
389248,848.0431571835098,500,False,0.061000279942695745,True,0.01733486079779972,1.6035606861114502
389280,610.6873684185349,500,False,0.3377709322392333,True,0.017207500233401198,1.6029548645019531
389520,760.0827364108716,500,False,0.059518483348638976,True,0.01718607072965243,2.088453769683838
389840,886.6159682089293,500,False,0.03672591241349102,False,0.017279613197874102,1.6880146265029907
389984,774.419867038576,500,False,0.0742985812442803,True,0.017205605704544016,1.899893045425415
390128,847.8305519642241,500,False,0.0720712124283819,True,0.017259186854796896,1.3265771865844727
392592,876.1363134902609,500,False,0.0700109287805868,True,0.01714576236176029,1.425861120223999
393328,774.2708884998111,500,False,0.12498125830166719,True,0.017027888198396065,1.7714508771896362
393712,867.6090106537144,500,False,0.04573135586113685,True,0.017152848953493022,2.127577066421509
393776,788.2337360266434,500,False,0.3596811466757939,True,0.01729757236793653,1.705171823501587
393920,892.3204041807942,500,False,0.05523300370590128,True,0.01735781467714581,1.2728145122528076
394384,732.9255855470565,500,False,0.20576868674458693,True,0.01738399437528307,1.6770122051239014
394656,848.132721981923,500,False,0.05147023442232025,True,0.017370442200301945,1.8205100297927856
395584,621.6104902052683,500,False,0.16720702997944942,True,0.017402516182701118,2.3265299797058105
395664,767.4775963217303,500,False,0.1749115165547584,True,0.017264917566934615,1.887139081954956
396832,845.9458566733483,500,False,0.033297530935545605,False,0.017274890235469305,1.9107224941253662
397248,759.0560872774022,500,False,0.09704780449193341,True,0.017108413375749636,1.4790239334106445
397280,841.4863742905295,500,False,0.03270472242568045,True,0.01714789783032488,2.0341668128967285
397520,635.319700841239,500,False,0.2025605238097017,True,0.01715251107578493,1.6824185848236084
397840,586.2418260122545,500,False,0.12001323432165277,True,0.017179662760642613,1.3789000511169434
397984,709.4459067390063,500,False,0.1974341645922503,True,0.017146171313171792,1.7604429721832275
398128,765.4176773607124,500,False,0.08904328452546577,True,0.01708996584966408,1.4746452569961548
400592,733.954180555583,500,False,0.1494202654045373,True,0.016873377608495974,1.4885692596435547
401328,808.5139492678339,500,False,0.06129745861458502,True,0.016887218844878166,1.6297855377197266
401712,801.1100738268118,500,False,0.096588692567146,True,0.016808267998778458,1.3217592239379883
401776,755.7770248200692,500,False,0.0709820890334908,False,0.01675529286533655,1.5103263854980469
401920,813.7246567945328,500,False,0.050573319925851526,True,0.01677829497000171,1.8152751922607422
402384,792.8624438365754,500,False,0.07374307713292365,True,0.016780646446649415,1.6227352619171143
402656,723.3666628994888,500,False,0.38744116591759925,True,0.01681766568205184,1.3722774982452393
403584,668.6433783087786,500,False,0.1250688442338279,True,0.01691476164779013,1.5799102783203125
403664,798.560002849595,500,False,0.06420683660078608,False,0.01687915535045307,1.5994856357574463
404832,754.8572305203008,500,False,0.11588154887965581,True,0.016877847967617876,1.4811251163482666
405248,831.0647935528984,500,False,0.03969518546342843,True,0.01677114856073481,1.8973028659820557
405280,760.3665795926055,500,False,0.13463807756326124,True,0.016794128164145432,1.7641836404800415
405520,764.5116856207128,500,False,0.10787562853375034,True,0.01681060234536576,1.6475980281829834
405840,839.4922277426701,500,False,0.06330888495133015,True,0.016818824686722297,1.6272146701812744
405984,698.8181840027031,500,False,0.1637268100393186,True,0.016926683010173933,1.3459792137145996
406128,839.6086962771196,500,False,0.11573653192648894,True,0.016927340660607224,1.6782970428466797
407952,597.1185590430766,414,True,1.4399108574890505,True,0.01696556183659901,1.4958727359771729
408592,801.2753144951195,500,False,0.06030006843598072,True,0.0167469043609053,1.2626030445098877
409712,643.3451085242116,500,False,0.10534635230060738,True,0.0168349554765037,1.271812081336975
409776,807.1182102039485,500,False,0.07428743876486747,True,0.016913204724913734,1.4574024677276611
409920,797.2800264679405,500,False,0.09020879554813971,True,0.016934085869179948,1.9365315437316895
410384,742.7812892731826,500,False,0.06500522328095928,False,0.016998745905345912,1.2276673316955566
410656,827.6501787246059,500,False,0.03512084322961919,True,0.016899346541798636,2.056906223297119
411584,784.6386077131303,500,False,0.14317301218795137,True,0.01681598606529349,1.4148757457733154
411664,853.469939863502,500,False,0.06775649944296509,False,0.016961438539370453,1.6883106231689453
412832,788.1057642282974,500,False,0.1669663976254352,True,0.017001250962963226,1.3427727222442627
413248,813.2270805427926,500,False,0.05432315581837938,True,0.01693992515554029,1.532125473022461
413280,771.6091727722418,500,False,0.023385776032709766,True,0.016846552503807437,1.367274522781372
413520,844.6995746894794,500,False,0.061908455752743154,False,0.01683323224221166,1.3699419498443604
413840,888.1752908817505,500,False,0.020125466391414704,False,0.016823378279409107,1.5570930242538452
413984,850.3443379566841,500,False,0.03942780621799662,False,0.016884173078051196,1.692733645439148
414128,769.4584046997929,500,False,0.1301617188577351,True,0.01694773460464431,1.3775608539581299
415952,868.234416647038,500,False,0.06343790158000635,True,0.01687179817015778,1.4957795143127441
416592,706.4166204100001,500,False,0.15957964276293543,True,0.01653677289188058,1.5273277759552002
417712,794.6324853088016,500,False,0.0516546755497616,True,0.01667101023438957,1.4419639110565186
417776,691.7076114243907,500,False,0.05228579057924601,True,0.016522007607955965,1.84917414188385
417920,837.7469439011685,500,False,0.10115074743515673,True,0.016543103631096234,1.6947226524353027
418384,740.9463041510082,500,False,0.09305083971559225,True,0.016661518631330148,1.3215205669403076
418656,771.8867249707669,500,False,0.0397640595455254,False,0.016540156158040196,1.3786449432373047
419584,869.1344430908003,500,False,0.07659996913101838,True,0.016519160910512008,1.5916709899902344
419664,796.4149968687096,500,False,0.07192133809448839,True,0.01654416742044477,1.6171047687530518
420832,783.2550219088819,500,False,0.14569299763650093,True,0.016523742168121035,1.486677885055542
421248,831.5365993278845,500,False,0.09144743312579401,True,0.016428360713345122,1.3585206270217896
421280,760.1429823794617,500,False,0.06310822098396075,False,0.01651031697530839,1.424813151359558
421520,820.9357862361917,500,False,0.05730837719194922,True,0.016507159373428986,1.5412325859069824
421840,746.3325790581983,500,False,0.22486448197150535,True,0.016602243635120657,1.240174412727356
421984,867.3508611859634,500,False,0.09464033120800615,True,0.016754056702081525,1.447483777999878
422128,779.0599174317624,500,False,0.05101446182710421,True,0.016789358143284354,1.3083324432373047
423952,833.708201993994,500,False,0.048817226175326925,True,0.0167612814689767,2.0681638717651367
424592,735.1717074006071,500,False,0.13907878271950924,True,0.016944997088170627,1.062394380569458
425712,772.9592927485816,500,False,0.10307902303455722,True,0.017193535004079025,1.4282718896865845
425776,755.6432181642339,500,False,0.16233243603897898,True,0.017061131161306885,1.6834789514541626
425920,801.4042983409458,500,False,0.03726969106931724,True,0.01707815553507793,2.1190528869628906
426384,849.0846508966927,500,False,0.036204113760199545,True,0.017113921907410037,1.6504883766174316
426656,840.2766444811979,500,False,0.02590977404024894,True,0.01703806089824252,1.4734212160110474
427584,828.8749174485997,500,False,0.02554593080968079,True,0.017046992376643845,1.5025198459625244
427664,795.5627533609837,500,False,0.1295888736309415,True,0.016827443891905502,2.8558573722839355
428832,720.4112972460842,500,False,0.08096134420292286,False,0.01684811347869034,1.6653320789337158
429248,817.7317657279342,500,False,0.1499123712403525,True,0.01677279324958368,2.183267116546631
429280,809.4856784268875,500,False,0.1572431150087344,True,0.01677183711917534,2.2558207511901855
429520,866.8795201598355,500,False,0.023379747434252827,True,0.016762680683776586,1.5543932914733887
429840,737.1186615858992,500,False,0.06361004019207414,True,0.016755790619001083,1.3726140260696411
429984,773.0866469326126,500,False,0.013440449449087158,True,0.016637005644849392,1.4793362617492676
430128,672.5423820497556,500,False,0.13681724511273458,True,0.016564007341572904,1.3607542514801025
431568,310.52274564173274,249,True,1.7606300728172064,True,0.016520102528476306,2.156147003173828
431952,827.4941839107007,500,False,0.05594200107100878,False,0.016764481128906782,2.0381052494049072
432592,754.3210388262899,500,False,0.06501688979401413,True,0.016671273588886933,1.5511494874954224
433712,760.8665797204534,500,False,0.06553093881080826,True,0.01667984089791072,2.3924403190612793
433776,882.7561851873536,500,False,0.0486857016809432,False,0.016731550196634457,1.8818204402923584
433920,812.1339489538321,500,False,0.03351376283862445,True,0.01670885392254618,2.960599660873413
434384,807.4745415066558,500,False,0.11409347580484851,True,0.016672270965707114,1.507362723350525
434656,778.5338945097675,500,False,0.13536268072585025,False,0.01674981821381151,1.3749897480010986
435664,765.5690975219607,500,False,0.11578461069268915,True,0.016639581774858383,2.243830442428589
436832,829.2430413702779,500,False,0.02944547959319056,False,0.016447993920920393,1.75156569480896
437248,764.7021614314033,500,False,0.14745113437993437,True,0.016595959286913,1.5669362545013428
437280,770.66695829456,500,False,0.11138995428846171,True,0.01681627823114302,1.5016398429870605
437504,177.37003755861312,195,True,1.9581076778526483,True,0.016821346579646925,1.2442960739135742
437520,780.6095545923715,500,False,0.02395619116369507,True,0.016871657386022906,1.273888111114502
437840,866.0641577478247,500,False,0.11083412737749569,False,0.016864335405710928,1.7345819473266602
437984,812.6412978841149,500,False,0.07969922877421942,True,0.016976230515050185,1.4409546852111816
438128,797.7956314068642,500,False,0.0761029073400794,False,0.017069395982291468,1.618891954421997
439568,826.3209287637729,500,False,0.14035491050891863,True,0.01708440318707218,1.3714287281036377
439952,786.9792302077886,500,False,0.09458433663228262,True,0.017592410396466338,1.7158079147338867
440592,792.9372262903001,500,False,0.11247149434203804,True,0.017559386383256763,1.3104667663574219
441712,764.0221426917241,500,False,0.06663456058789331,False,0.01744161342890189,1.5186221599578857
441776,786.2502258715571,500,False,0.07970440082569089,True,0.017192294536858267,1.4174423217773438
441920,801.9154839798683,500,False,0.15531724468561695,True,0.01718720100241197,1.5068390369415283
442656,709.0387254630723,500,False,0.08246190513368848,True,0.017118465533800503,2.1416521072387695
443664,751.6492434561818,500,False,0.0332141169325171,True,0.017248932251031038,1.3545680046081543
444832,759.1624758719493,500,False,0.13564997432177783,True,0.017087658265992123,1.6470890045166016
445248,742.8057546216548,500,False,0.036776165611300815,False,0.016843871772556862,1.605229139328003
445280,780.4176648797325,500,False,0.11805814644240617,True,0.016793323006009036,1.6023156642913818
445504,809.4256103454843,500,False,0.031938024921100906,False,0.016796378526120405,1.4394341707229614
445520,695.6787322323135,500,False,0.08463844902935852,True,0.016765264668700805,1.8895469903945923
445840,787.4193505928934,500,False,0.034641865393104175,True,0.016765658025223895,1.583004117012024
445984,796.7262975525477,500,False,0.06938596641907852,True,0.016718523883238356,1.8048230409622192
446128,776.9338820077618,500,False,0.06391353931327519,True,0.016630171092915164,1.3982868194580078
447568,803.9753003429196,500,False,0.10636909997827276,True,0.016644335169489592,1.3055026531219482
447952,843.3694132106529,500,False,0.08157057641721042,True,0.016984985703757793,1.5688573122024536
448592,703.5392103871607,500,False,0.12209182288564646,True,0.01709546610617341,1.3016493320465088
449712,724.3470698079361,500,False,0.04773376870383376,True,0.017044788129303174,1.4014146327972412
449776,771.0683876456463,500,False,0.03684022958245119,True,0.01701701008972243,1.4748175144195557
449920,762.8196056953611,500,False,0.05729269151359656,True,0.017016584083645668,1.2554383277893066
450656,745.3013768952056,500,False,0.05494522890409708,True,0.017049555188226345,1.536362648010254
451664,820.835072336918,500,False,0.05571263270751082,True,0.017118905731448104,1.6068778038024902
452832,798.1523016753573,500,False,0.058998546916537276,True,0.017220173657240878,1.4703049659729004
453248,845.1250945452895,500,False,0.041104416897350844,True,0.017116430973662375,1.4618959426879883
453280,741.1986077813988,500,False,0.26228822104810195,True,0.017221681025855997,1.7329497337341309
453504,744.7678267455599,500,False,0.35480385925771973,True,0.017224208069261858,1.639725923538208
453520,739.1391043480427,500,False,0.10147384482244612,True,0.017208268140545033,1.7567635774612427
453840,868.9129613179225,500,False,0.04870397431384296,True,0.01720768893661468,1.4025864601135254
453984,770.3980673533531,500,False,0.10533346047466526,True,0.017125807917734853,1.255553960800171
454128,807.7736914944738,500,False,0.08684146644812205,True,0.0171042057654322,1.2790789604187012
455568,790.744097653644,500,False,0.09461700865937107,False,0.017116340745802438,1.5230790376663208
455952,748.2361013182581,500,False,0.11291073761383195,True,0.01766760718111084,2.793577194213867
456592,803.0170413998264,500,False,0.046847514652898145,True,0.01758424590148725,1.1296626329421997
457232,559.5215589927996,457,True,1.2023374391151365,True,0.017499779648888512,1.3302090167999268
457712,878.3451567268775,500,False,0.01948096607630664,True,0.01745643062516009,1.1299762725830078
457776,739.8483570832253,500,False,0.12358184047311116,True,0.01744228520375313,1.8141968250274658
458656,824.3590764441303,500,False,0.11671128265607887,True,0.017496926160959454,1.6589523553848267
459664,787.9621609202622,500,False,0.08806033944268704,True,0.017273493870000774,1.2217309474945068
460832,784.4128197441421,500,False,0.07385686566260719,True,0.017065728880342246,1.5423023700714111
461248,803.995259531554,500,False,0.025073726332903414,False,0.017188541935463954,1.2876079082489014
461280,811.7480105987922,500,False,0.06443010908861105,False,0.0170982225199635,1.390714406967163
461504,666.4885351998645,500,False,0.15667679243433577,True,0.017078384166731117,1.4611005783081055
461520,812.4249989776589,500,False,0.12513683206716997,True,0.01709003421635836,1.3131568431854248
461840,851.2793532914784,500,False,0.07820657276176851,True,0.017077816841280975,1.8189427852630615
461984,863.749440275212,500,False,0.11492905050702948,True,0.01709335844382022,1.561668872833252
462128,783.0231534134539,500,False,0.04587696287343593,False,0.016962586934783478,1.4709031581878662
463568,818.4552946210373,500,False,0.09725280357145528,True,0.016921542214140745,1.4353291988372803
463952,706.4385034165408,500,False,0.13389877742589507,True,0.016670951806869384,1.6991403102874756
464592,766.4000559820329,500,False,0.06317486123083826,True,0.01665518703099567,1.6998231410980225
465232,750.5438464547201,500,False,0.1112300013646331,True,0.016714176702361694,1.6380115747451782
465712,819.261082232174,500,False,0.06953186860530773,False,0.0168534700695247,1.268510341644287
465776,854.0766320662951,500,False,0.046262789119886204,False,0.016943204694985448,1.4598522186279297
466656,777.665214574019,500,False,0.10502678390164527,True,0.016939215924688753,1.8617104291915894
467664,717.2426173826184,500,False,0.05157591095323961,True,0.01695761228532589,1.6053224802017212
468832,756.4151405534898,500,False,0.10104324333134247,True,0.017140513916626444,1.4683358669281006
469248,861.3329571731165,500,False,0.05619703114923618,False,0.017125085910446786,1.2305529117584229
469280,711.3210684151707,500,False,0.2026429335624636,True,0.017192276109642114,1.6480891704559326
469504,737.730242381656,500,False,0.14358157425871187,True,0.017205043796249278,2.700876474380493
469520,823.7369040354802,500,False,0.04479800554183729,True,0.0171906768415745,1.610596776008606
469840,782.3255068776858,500,False,0.028562761962815195,True,0.01719262074994913,1.5155918598175049
469984,801.2159500622395,500,False,0.0886200979663697,True,0.017131839355464643,0.9826322197914124
470128,753.1831488266572,500,False,0.37800775689141997,True,0.016994570396224765,1.4852852821350098
471568,864.949882954822,500,False,0.04084526723409571,False,0.0169922268342846,1.547232985496521
471872,440.91748659578417,385,True,4.733995070276546,True,0.016509747158249096,2.244662284851074
471952,734.6131512720834,500,False,0.15497870608371406,True,0.016486300636781685,1.9345571994781494
472592,690.3190050551862,500,False,0.12273304988206493,True,0.016463780578928958,1.3615832328796387
473232,761.0302465570322,500,False,0.10677591102613766,True,0.016636771056407505,1.5047638416290283
473776,795.6090939909303,500,False,0.09219736129862718,False,0.01659781004335772,1.2381772994995117
474656,828.73532202576,500,False,0.0472362423745848,True,0.016592631923695013,1.4734302759170532
475664,729.6202841167345,500,False,0.18030812591756623,True,0.01657410744496422,1.9007441997528076
476832,860.5153409906055,500,False,0.03990719326885583,True,0.016546294535312207,1.8258167505264282
477248,814.6943933198587,500,False,0.09430679413241083,True,0.016669959384733646,1.7151942253112793
477280,853.2449296919198,500,False,0.13042489631593185,True,0.01690406078181363,1.2869094610214233
477504,762.2003696677107,500,False,0.07874712098645846,True,0.016923639570911773,1.2773678302764893
477520,798.6413122055432,500,False,0.13407490092581406,True,0.017011318719372465,1.7479922771453857
477840,820.8430461777544,500,False,0.055107157280802364,True,0.017019163911142603,1.5288769006729126
477984,764.2167779193269,500,False,0.07726954644827749,True,0.016982394147420445,1.3921864032745361
478128,670.1503179287265,500,False,0.184960810166352,True,0.01689613037480498,1.6500247716903687
479568,596.3005346554598,500,False,0.25374870208128364,True,0.016804760652549735,1.532507061958313
479872,764.1824873138586,500,False,0.07861494723583559,True,0.016570144541678284,1.3508117198944092
479952,798.9568827657779,500,False,0.07077132143544373,True,0.016656478283594133,1.77852463722229
480592,866.479835110798,500,False,0.08100791938879849,True,0.01664805909896092,1.3033156394958496
481232,797.7536358815757,500,False,0.1498323660392697,True,0.016712698138081263,1.9820019006729126
481776,569.9304793903092,500,False,0.504089791942508,True,0.01676981181395185,1.3531575202941895
482656,735.8732328960654,500,False,0.19329030938522876,True,0.016865879521079794,1.970536231994629
483664,809.8839283772396,500,False,0.04972660503281787,True,0.01685897422537661,1.329917550086975
484832,805.8856379798225,500,False,0.11796579217059044,True,0.016679710813212612,2.4753000736236572
485248,801.2914704838495,500,False,0.020429521091936038,True,0.016813063766753147,1.260721206665039
485280,776.1514145905381,500,False,0.07556978707445207,True,0.016728342969498017,1.6020545959472656
485504,872.8575766117864,500,False,0.033443914000577946,True,0.016689534184401618,1.150788426399231
485520,795.0229802171995,500,False,0.10236389432574261,True,0.016581435519444004,1.43767511844635
485840,796.7688168876093,500,False,0.07723737417310647,True,0.01657406477279196,1.3777437210083008
485984,863.909089447145,500,False,0.04546283611514929,True,0.016505192424891253,1.6698949337005615
486128,754.9126995466291,500,False,0.08252912563546427,True,0.016468855339657175,2.1660656929016113
487568,726.6863554307824,500,False,0.2778320118341806,True,0.016478748294688324,1.6985726356506348
487872,759.0456785900903,500,False,0.09042761815561351,True,0.016152927815053935,4.938112258911133
487952,811.0113993125619,500,False,0.1049615618649071,True,0.016016786975309692,1.533118486404419
488592,767.0343763644207,500,False,0.3885613235132378,True,0.016017913339558112,1.1520204544067383
489232,829.7576687723376,500,False,0.09197304649741087,True,0.015780749419416283,1.4212472438812256
489776,867.5888118398992,500,False,0.02869198933946916,True,0.01557729561213434,1.3768093585968018
490656,787.3352234259487,500,False,0.09114869175297263,True,0.015619088833721238,1.447158932685852
491664,780.594289755882,500,False,0.0974935332193734,False,0.015659896600485678,2.629288673400879
492832,799.4802390056378,500,False,0.06350033342905827,True,0.015496632602707491,2.1364898681640625
493248,748.7115991645543,500,False,0.10035204369463567,True,0.015200283868648209,1.3540092706680298
493280,775.3381197196976,500,False,0.08352650594915513,True,0.015393731448520038,1.4348760843276978
493504,705.0376839024931,500,False,0.22108720788507064,True,0.015408409271130848,1.619088888168335
493520,840.8647737329545,500,False,0.07156654088042308,True,0.015427289352198458,1.2304871082305908
493840,760.9778615995712,500,False,0.1330387102949626,True,0.015428616361157086,1.351778268814087
493984,797.1031237106238,500,False,0.09588270475850913,True,0.015546256053302896,1.6843526363372803
494128,814.3073145618375,500,False,0.04478017311132969,False,0.015541392590712824,1.8983409404754639
495568,755.7463677604761,500,False,0.1587340871809907,True,0.015549516425526147,2.0083441734313965
495872,848.2980518294779,500,False,0.04155519587754982,True,0.015760435063399494,1.7125484943389893
495952,731.7423604738394,500,False,0.11430311965659752,True,0.015835319444513562,1.506270170211792
496592,820.0418372188872,500,False,0.12731159316323495,True,0.015832302562427132,1.4547572135925293
497232,797.5685057261136,500,False,0.10138816315304457,True,0.015726777605756085,1.3708522319793701
497776,812.7778863023941,500,False,0.08978918799800875,True,0.015951644705079954,2.1081385612487793
498656,766.2203968002113,500,False,0.12788059849847158,True,0.015814539681515007,1.9571459293365479
499664,731.5019842756273,500,False,0.048530417631860015,False,0.015771399610791173,1.7907298803329468
500832,844.0706815934649,500,False,0.11019232696138072,True,0.01607156444501243,1.6440585851669312
501248,839.6593322456264,500,False,0.07341864956088553,True,0.016235622507658008,1.638512134552002
501280,770.431474800617,500,False,0.07337138391605628,True,0.01625941284730034,3.672677993774414
501504,808.1229485547057,500,False,0.05343666472979615,True,0.016258871896887274,2.8535051345825195
501520,879.0876475616234,500,False,0.03772510044630077,False,0.016174709381110493,1.1733454465866089
501840,795.1828999417766,500,False,0.05253024573936092,True,0.0161608570310048,1.7280877828598022
501984,818.8373025307329,500,False,0.12474797193520544,True,0.01608398142711721,1.9832751750946045
502128,756.4113621379292,500,False,0.07324147459606765,False,0.016025199330627304,1.2900192737579346
503568,794.4675053265743,500,False,0.06562973157835536,True,0.01607435264280797,1.2444334030151367
503872,761.7865017326246,500,False,0.07820317863774935,True,0.015959237763804934,1.9130213260650635
503952,832.3315432291892,500,False,0.06642289791230375,True,0.01600575844331139,1.526084303855896
504592,775.253604114031,500,False,0.1229718833003351,True,0.015963516866681085,1.556031346321106
505232,829.5772682111591,500,False,0.06884655722131487,False,0.01577809004664428,2.5420684814453125
505776,643.6035236757657,500,False,0.15807424697565564,True,0.01572382050328416,1.8050780296325684
506656,830.462116465325,500,False,0.12274751023787464,True,0.015579797355234981,1.7612217664718628
507664,768.3604516795917,500,False,0.05896915371308178,True,0.015424980841974155,1.4502415657043457
508832,791.3370298264916,500,False,0.05638780239800364,False,0.015609239789087312,1.5657323598861694
509248,803.9979180531185,500,False,0.1361052498893349,True,0.015211148795044566,1.3590941429138184
509280,796.2564992777209,500,False,0.03638906415502103,True,0.015245499506151106,1.449268102645874
509504,766.1947609024163,500,False,0.06514065758177988,True,0.015232114767058087,1.7892072200775146
509520,781.0443566747795,500,False,0.11433039486404502,True,0.015266372634270685,1.5293110609054565
509840,858.9912125652314,500,False,0.05322374020379876,True,0.015266554952127202,1.2785007953643799
509984,821.9322513281091,500,False,0.10670244120666073,True,0.015342980867969125,1.5450328588485718
510128,700.4787925071263,500,False,0.3503493719295811,True,0.0153069621163222,1.2388451099395752
511568,819.1845105684241,500,False,0.10515247410756676,True,0.01532934255457329,1.315946340560913
511872,798.9005155124474,500,False,0.09296821905999135,False,0.014853413575076174,1.1628957986831665
511952,714.8621041225298,500,False,0.13814238819326802,True,0.014769108771993495,1.3411682844161987
512592,752.1421039101205,500,False,0.058526034212491744,True,0.014742040496498772,1.6565907001495361
513232,843.0550572064677,500,False,0.06782490510029374,True,0.01485249556562781,1.466913104057312
513776,792.0083511139258,500,False,0.07006134642893276,True,0.014979432416961277,1.6794445514678955
514656,773.5456221997678,500,False,0.07957803288590531,True,0.015145015784167201,1.6263139247894287
515664,768.8328299322178,500,False,0.11695388260171705,True,0.015192977327926297,1.8128623962402344
516832,844.1973259492823,500,False,0.10458509969313078,True,0.015434028732908991,2.4387927055358887
517248,780.5467445422366,500,False,0.12366982862530418,False,0.01534163512187059,1.5888274908065796
517280,789.607591591165,500,False,0.06902652209856652,True,0.015346309694260119,1.2340188026428223
517504,829.4771865617748,500,False,0.0584658444753785,True,0.015350969884332535,1.6312332153320312
517520,625.0885643343744,500,False,0.2141532548403983,True,0.015425629653284072,1.4010179042816162
517840,739.6460831095504,500,False,0.05612970426791326,True,0.015425174059857103,1.7193260192871094
517984,738.5941258568586,500,False,0.07810238134983655,False,0.015290651112129015,1.4981863498687744
518128,843.3728711801334,500,False,0.05287301282015413,True,0.015381011639221478,1.163740873336792
519568,804.3929863255132,500,False,0.08730227621660569,False,0.015314743994182629,1.3566807508468628
519872,808.7139750102862,500,False,0.05224564558260422,False,0.015303570646857601,1.9747545719146729
519952,813.5001074076996,500,False,0.1523686606587382,True,0.015255168547330151,2.0312600135803223
520592,772.3220950837696,500,False,0.03530073210266105,True,0.015219702744162258,1.2888363599777222
521232,749.3096506319946,500,False,0.04608758369574996,True,0.015296016622780809,1.312270164489746
521776,714.8116687134284,500,False,0.209943004071054,True,0.015124056911431346,1.4447765350341797
522656,776.5639164088996,500,False,0.1037879256465229,True,0.015199197180207088,1.5000814199447632
522688,386.92398714721213,340,True,3.910146549574996,True,0.01513840015568535,1.2459511756896973
523664,864.1316180572801,500,False,0.06471068713676226,True,0.015115330036438905,1.8431456089019775
524832,640.9400351187995,500,False,0.41105366445755237,True,0.015177913459815602,1.3734068870544434
525280,796.596604659767,500,False,0.08708452475246782,False,0.01511452373583606,1.6851168870925903
525504,869.446416673849,500,False,0.048984879405005684,False,0.015191290261641911,1.4609935283660889
525520,694.47839420896,500,False,0.14401401644527786,True,0.015092719014092827,1.6774802207946777
525840,773.8343599415102,500,False,0.07369365321494112,True,0.015091602712553777,1.5515562295913696
525984,862.216027811127,500,False,0.04782502214853764,True,0.015178895814964644,1.2886075973510742
526128,788.3589643951971,500,False,0.05648391419324093,True,0.015170611395207931,1.4906156063079834
527568,808.7086494977461,500,False,0.08184721670267567,True,0.015234526610622108,1.2482373714447021
527872,743.254253059117,500,False,0.24258494538114686,True,0.01521964812198177,1.022510290145874
527952,833.6726339497183,500,False,0.11943580397485615,True,0.01517334406870886,1.2005785703659058
528592,769.9565631207463,500,False,0.06795791502311409,True,0.015155180405041591,1.110549807548523
529232,823.0098334267726,500,False,0.1692514001366118,True,0.015051810773726,1.8113291263580322
529776,801.136673197487,500,False,0.12023058311486202,True,0.014987555445011373,1.1944260597229004
530656,687.7659453493939,500,False,0.17463308675313066,True,0.014852760000531305,1.6718254089355469
530688,695.9934630619233,500,False,0.14223496971361518,True,0.014756713628403452,1.3830220699310303
531664,727.5364232087991,500,False,0.09531446652597322,True,0.014769692756337324,1.274444818496704
532832,778.8217762242028,500,False,0.09821633306481115,True,0.01495023377586915,1.442742109298706
533280,709.1795457475372,500,False,0.16352547098108305,True,0.015262907928799871,1.168647050857544
533504,841.3561941184568,500,False,0.05583429114783977,False,0.015284817869116063,1.6410439014434814
533520,780.6020359865402,500,False,0.11154213452675643,True,0.01518725136447122,1.3658850193023682
533840,776.2673067576708,500,False,0.0691653675122091,True,0.015176463587040777,1.3696496486663818
533984,871.3698215529994,500,False,0.03375395730467689,False,0.015179541175102467,2.0120456218719482
534128,875.6679198419752,500,False,0.045713885828607706,True,0.015204833029846812,1.5601673126220703
535568,764.8633761173899,500,False,0.2534677950104345,True,0.01510921055444498,2.0561881065368652
535872,870.6973676473226,500,False,0.05915015710405642,True,0.014926870137900037,1.8068678379058838
535952,865.1561241538004,500,False,0.08336356302598166,False,0.014848276717341145,1.1222440004348755
536592,763.4546553068556,500,False,0.10310737106751904,True,0.01484412123820328,1.3476202487945557
537232,730.9371098528433,500,False,0.18703831969547727,True,0.014832770838359929,1.1581206321716309
537776,840.2848882163206,500,False,0.044076436798343284,False,0.014744580587141532,1.7093722820281982
538656,810.7398111412135,500,False,0.10965421780123256,True,0.014867077107623928,1.3220001459121704
538688,795.8662219216258,500,False,0.0729468693860964,True,0.015005863279403014,1.3799830675125122
539664,805.015240044972,500,False,0.08719904820689992,True,0.015026265314961467,1.863922119140625
540832,779.658099590034,500,False,0.04564658636935753,True,0.015083072051274288,1.4897303581237793
541280,749.4547047048341,500,False,0.024038089874037053,True,0.015030130598761196,1.3813626766204834
541504,700.8901072098307,500,False,0.3761724187558265,True,0.015068472174722814,0.9965821504592896
541520,806.7323744755337,500,False,0.012285064664184655,True,0.015024397620191605,1.2486796379089355
541840,694.8188582520258,500,False,0.16497094583815053,True,0.015016795136188688,1.4901056289672852
541984,720.2377401546712,500,False,0.06975439305673906,False,0.014927118019884035,1.3042892217636108
542128,812.2957060649488,500,False,0.055360480042599816,False,0.014852883533994405,1.5802090167999268
543568,738.4265824275252,500,False,0.09032901270105619,True,0.014837635085228642,1.825211524963379
543872,812.8515952445346,500,False,0.021302150405829633,False,0.01491468271986665,1.3579304218292236
543952,740.1458634309115,500,False,0.08650145900928535,True,0.01491005849818973,1.3238856792449951
544592,786.2025159876664,500,False,0.07656258696778319,False,0.014911842707068924,1.386136770248413
545232,775.1805779667925,500,False,0.06563837617226966,False,0.014966995134480857,1.2320468425750732
545776,783.4188512083941,500,False,0.0731261135173981,True,0.015128479522917926,1.342141032218933
546656,825.7458110597997,500,False,0.04644295241349445,True,0.014910499201728414,1.5944058895111084
546688,817.7604031059402,500,False,0.059760970329610745,True,0.014643636837678648,1.522301197052002
547664,798.0934079660409,500,False,0.06623683266748576,False,0.014630549484547607,2.0842015743255615
548832,750.8417730244398,500,False,0.03345956864585144,True,0.014529378628501363,1.5279464721679688
549280,850.6724308325167,500,False,0.07030065739262428,True,0.014561340147944331,1.9138338565826416
549504,806.9088893699455,500,False,0.05422505902953667,True,0.014644663376397013,1.5005226135253906
549520,774.2782807739551,500,False,0.09991431596335135,False,0.01451880182754186,1.3594629764556885
549840,799.4199271348368,500,False,0.11381761514516134,False,0.014514629853387149,1.3011622428894043
549984,832.0331901284044,500,False,0.09242386927148133,True,0.014433829608776315,1.428915023803711
550128,752.441917946756,500,False,0.05145220612876148,False,0.01441948778882953,1.904653787612915
551568,741.8131197792933,500,False,0.10410968966608597,True,0.014375395180390094,1.2383629083633423
551872,802.1844815105864,500,False,0.059729224271026934,True,0.014160947566982413,1.4392495155334473
551952,805.0743918868252,500,False,0.07388295429501915,False,0.014135257067033577,1.3438687324523926
552592,785.699897026891,500,False,0.058014614500189694,True,0.014126519231770643,1.3340848684310913
553232,651.67717248859,500,False,0.28486518880877837,True,0.01419846326216285,1.0927767753601074
553776,798.7243887343044,500,False,0.09368097129526613,True,0.014018070205803992,1.0467541217803955
554656,688.7555371086987,500,False,0.05237640981459767,True,0.013813289100826168,1.3813915252685547
554688,726.7252804787262,500,False,0.1289452992857017,True,0.013732558961617958,1.0949636697769165
555664,826.8619115363091,500,False,0.08126203717225883,True,0.01372759535817667,1.4334726333618164
556832,812.5644016105975,500,False,0.05367815806531168,True,0.01410073368495609,1.5100207328796387
557280,831.8725223807714,500,False,0.13604410546213166,True,0.014234282245859136,1.5915955305099487
557504,640.3298098629672,500,False,0.2727376338048028,True,0.014187863414491913,1.4910330772399902
557520,768.2105630345676,500,False,0.06427323635053243,False,0.014131689794648107,1.2992594242095947
557840,752.4095162703819,500,False,0.11596439824678456,True,0.014131858899752252,1.2284033298492432
557984,846.0460759765101,500,False,0.057540738543986926,True,0.014054757206168073,1.4211889505386353
558128,851.9681218932175,500,False,0.047643103888558754,False,0.014076099280660693,1.6827492713928223
559568,801.5037582963935,500,False,0.05261685291152797,True,0.01408064000856278,1.4484224319458008
559872,785.5943826991969,500,False,0.09453773814024416,True,0.014234570663659622,1.556932806968689
559952,780.3940534713931,500,False,0.06254488366681872,False,0.014221657479306612,1.1383205652236938
560592,774.1083135606606,500,False,0.10271903969638016,True,0.014187995882302974,1.5020228624343872
561232,742.973565580414,500,False,0.06317098258966856,True,0.014192357592481435,1.1282110214233398
561776,756.5741977811551,500,False,0.0867689595452009,True,0.014245298927496092,1.33926522731781
562656,795.9222464192299,500,False,0.11632917973258508,False,0.014330869349047001,1.1898865699768066
562688,791.2210813978442,500,False,0.051876057433991485,False,0.014327605892524688,1.1375281810760498
563664,762.1245498424743,500,False,0.02030493157279775,True,0.014319778819774946,1.206433892250061
564832,788.6564796023,500,False,0.01763990534337377,True,0.014365290053879232,2.0586328506469727
565280,690.3674081601835,500,False,0.11034696029335515,True,0.014428935990780286,1.1855889558792114
565504,798.6064654108977,500,False,0.11429725749202706,False,0.014272182867943708,1.4325284957885742
565520,589.5284091724607,500,False,0.27696110055608303,True,0.014256637316128572,1.306134581565857
565840,794.975879610958,500,False,0.016718544586707598,True,0.014255166787697357,1.0854582786560059
565984,767.8609515575562,500,False,0.12644320191292638,True,0.014223592602055782,1.2533583641052246
566128,782.6409686089909,500,False,0.02941019862183566,True,0.014210190681650702,1.2020587921142578
567568,668.8076744497581,500,False,0.16852558532021097,True,0.014251201560419625,1.8273468017578125
567872,723.021529413897,500,False,0.18322526007245907,False,0.013923227198401908,1.0691280364990234
567952,814.23954008978,500,False,0.11913687482341746,True,0.013987957375458694,2.0770630836486816
568592,815.7066328812837,500,False,0.0745116054213212,True,0.013986836645142267,1.2082710266113281
569232,841.1773566380122,500,False,0.037906808544361875,True,0.0140312152472091,1.1248855590820312
569776,740.1886245821015,500,False,0.07457378111306082,True,0.014222402196948904,0.9099539518356323
570656,688.8591565195536,500,False,0.1584654321036001,True,0.014157891053059602,1.3428800106048584
570688,799.0019322643697,500,False,0.07365974153299264,True,0.014263583310026471,1.137467384338379
571664,738.7356222108192,500,False,0.21895781967099218,True,0.014251307274941434,1.385709285736084
572832,792.4725372621939,500,False,0.0917952292584795,True,0.014455312087684172,1.2200877666473389
573280,755.6301071014635,500,False,0.04741224462829909,True,0.014912848409348183,1.283551573753357
573504,666.6124374890916,500,False,0.2726592618256681,True,0.014739468894235297,1.3319991827011108
573520,753.3148005283364,500,False,0.0902981649864395,True,0.014739251953066593,2.0875697135925293
573840,597.432948729324,500,False,0.2621523323665264,True,0.014741225926072679,1.8283004760742188
573984,695.6362744222903,500,False,0.1909590144450335,True,0.014762077864799621,0.9846165180206299
574128,769.6402425091612,500,False,0.08758404330883679,True,0.01469437393760636,0.9683935642242432
575568,871.3090563621,500,False,0.05336268658723311,True,0.014813511816869712,1.5436923503875732
575872,838.6845722547953,500,False,0.08264193943899285,False,0.014748323369821245,1.768479824066162
575952,802.7469020947656,500,False,0.050066316983044847,True,0.014723094215673154,1.2985904216766357
576592,751.1744887204027,500,False,0.054930159318519925,False,0.014716765968463458,1.3282732963562012
577232,831.8832328368006,500,False,0.07757499106260579,True,0.014744196645438301,1.5749680995941162
577776,687.859076251007,500,False,0.18447872107374336,True,0.014576016885000759,1.7916207313537598
578656,781.8575675034996,500,False,0.04199603906297197,False,0.014552731819148845,1.2170751094818115
578688,735.2047264525058,500,False,0.09053209032171931,True,0.014638008898833278,1.6883403062820435
579664,804.1739534991032,500,False,0.04821446638805676,True,0.014661968264133457,1.2156713008880615
580832,751.2411494613298,500,False,0.14434758550014232,True,0.014663965577162657,1.4308381080627441
581280,797.4185527041438,500,False,0.08106907550377045,True,0.014433083780001391,1.0953234434127808
581504,853.4028596549708,500,False,0.039977483722302705,True,0.014317590555107973,1.214971661567688
581520,783.1183926207623,500,False,0.06226459019595714,True,0.0142959745453206,10.622719764709473
581840,826.8091493429521,500,False,0.05106122232349178,True,0.014296814363935244,1.6780650615692139
581984,788.4243424655074,500,False,0.07371777838818361,True,0.014335871691606362,1.162458896636963
582128,740.2814106779682,500,False,0.10847639316635525,True,0.014296292190862996,1.8639557361602783
583568,790.1610589048377,500,False,0.11800152048073195,True,0.014240978641341212,1.1023399829864502
583872,719.8295824320709,500,False,0.17838513989100968,True,0.014400830292689376,1.259031057357788
583952,778.6275899011906,500,False,0.0601311564057424,True,0.014383085420109638,1.762169361114502
584592,769.1624688906693,500,False,0.07090364291579207,True,0.014347744188520568,1.1811528205871582
585232,737.384548224527,500,False,0.13901516209300485,True,0.014190091837550017,2.394425392150879
585776,730.2986202626544,500,False,0.07508022214233752,True,0.014324476060446604,1.5013206005096436
586656,813.5419381715825,500,False,0.09952312555018256,False,0.014418326868707323,1.359780192375183
586688,734.6361887441686,500,False,0.17666657859405188,True,0.01446571218767538,2.290898323059082
587664,768.6945002773831,500,False,0.06891248664190099,True,0.014477201996648682,1.3675966262817383
588832,877.4728803979949,500,False,0.04140145273808424,True,0.014548177572843884,1.3012648820877075
589280,774.652989114381,500,False,0.07615541833467945,True,0.014890653074215188,1.7842860221862793
589504,762.1840704363531,500,False,0.10246533360103413,False,0.014771942226484695,1.6294281482696533
589520,614.1278522765709,500,False,0.2084566679215186,True,0.01471170935267898,1.131209373474121
589840,779.7637086552573,500,False,0.14270496959433235,False,0.014703549299088325,1.0093629360198975
589984,777.9885840025834,500,False,0.06395319459133093,True,0.014510955374931253,1.088943600654602
590128,792.3942297438713,500,False,0.08561534862232312,True,0.014476625076641136,1.3073039054870605
591568,767.5519718366412,500,False,0.1493276386149479,True,0.01453309080702857,1.082639217376709
591872,798.8542544455053,500,False,0.03798175309371029,True,0.014207657943468942,1.076735019683838
591952,766.94144229046,500,False,0.1280966774966567,True,0.014278116931468635,1.547764539718628
592592,802.3784279372343,500,False,0.11026002441958596,True,0.014313458651364264,1.4923253059387207
593232,770.7148189563613,500,False,0.09837795925293753,True,0.014165600371017559,1.4816155433654785
593776,787.9601298983788,500,False,0.08909739833742492,False,0.014202352405771742,1.0822535753250122
594656,833.1219509141227,500,False,0.13804609641296783,True,0.01426447248005317,1.5910043716430664
594688,747.7895677363219,500,False,0.06539369354605452,True,0.01439729358825239,1.6069865226745605
595664,786.5625362243657,500,False,0.06867117212742067,True,0.014416450221965348,1.0233538150787354
596832,791.7307564962038,500,False,0.08984182630417878,False,0.01428159023516027,1.2213094234466553
597280,780.1243292160609,500,False,0.12086282545447648,False,0.014243692174252942,1.5798841714859009
597504,724.2065094181065,500,False,0.10452784071533822,True,0.014153412997050575,4.8799214363098145
597520,712.5827003253081,500,False,0.11997928411120215,True,0.014063612147321089,1.2826623916625977
597840,826.3821205732869,500,False,0.05627009559264928,False,0.014064224578073983,1.0103929042816162
597984,796.5733218811112,500,False,0.1329604829241795,True,0.014004039701229794,1.16849684715271
598128,732.6115200829664,500,False,0.07793226635796718,True,0.013911534374140413,0.9719915390014648
599568,776.00008667571,500,False,0.04476555651432984,True,0.013945413436502206,1.4283287525177002
599872,844.4487419431294,500,False,0.05650547399241867,True,0.014098103514041045,1.2467645406723022
599952,796.9294788529855,500,False,0.14526821578548213,False,0.014240702669804012,1.621370792388916
600592,810.552762612795,500,False,0.07713991458143937,True,0.014287209869252977,1.479797601699829
601232,786.3455960661979,500,False,0.07376615010273088,True,0.014167892435937125,1.323099970817566
601776,771.3810849260373,500,False,0.06249332755543784,True,0.01402346926219444,1.3896942138671875
602656,693.077078522447,500,False,0.2616543125821492,True,0.01407434299069242,1.3249366283416748
602688,872.310159602855,500,False,0.03140663475931056,True,0.014352204833986375,1.1080371141433716
603664,766.5391664947338,500,False,0.10513823861288159,True,0.014343521434765647,0.978134274482727
604832,807.4216469990556,500,False,0.15032630879308226,True,0.014238643879773048,1.1921896934509277
605280,802.2160820158261,500,False,0.07889350553157186,True,0.014248276643325614,1.2635222673416138
605504,735.6044126576373,500,False,0.15136128781622446,False,0.01433046292532032,1.0455493927001953
605520,626.6982800883313,500,False,0.27538614520722426,True,0.014338895356065334,1.3224375247955322
605840,685.3605447291519,500,False,0.20133240146939013,True,0.014332267606499178,1.2552032470703125
605984,753.1683081651645,500,False,0.0942537707057227,True,0.014303783650109094,1.0595849752426147
606128,778.6475147558168,500,False,0.04167020280031908,True,0.014325035987968034,1.325069785118103
607568,781.1013078963791,500,False,0.048776145459101125,True,0.014305351137679619,1.2291336059570312
607872,789.8908005259126,500,False,0.09877671188801346,True,0.014066944035972816,1.135967493057251
607952,744.0653102231204,500,False,0.1633456006794382,True,0.01406155732903272,1.2204070091247559
608592,822.7261861583816,500,False,0.03235465263205595,True,0.014057301966889712,1.0837361812591553
609232,687.2942848957296,500,False,0.11127195990255585,True,0.013711757619743574,1.845687985420227
609776,827.521139508471,500,False,0.06241029657312903,True,0.013627332463301663,1.1137982606887817
610656,825.0002051091213,500,False,0.09514749931300412,False,0.013770306028707137,1.0977274179458618
610688,772.9627751956497,500,False,0.0914406628803606,True,0.014132245003013947,1.5984055995941162
611664,777.1942106713914,500,False,0.14374125853976139,True,0.014134001834454818,1.2400996685028076
612832,674.4107875721431,500,False,0.20912104310514149,True,0.014167365581411961,1.1438549757003784
613280,737.9061437341878,500,False,0.06996718939022527,False,0.014255336703335477,1.3165607452392578
613504,833.437902875502,500,False,0.05986365606897116,True,0.014145481843919035,2.5339457988739014
613520,743.9768326776834,500,False,0.06257945609654257,False,0.014157837635940388,1.4731173515319824
613840,753.5300974983921,500,False,0.11742629123224699,False,0.014150544120983584,1.1241850852966309
613984,785.5586244489672,500,False,0.040322121309308144,True,0.014107621840659515,0.9634670615196228
614128,751.9348727265027,500,False,0.1843385551371508,True,0.014071883043036833,1.6602020263671875
615568,793.0167462156094,500,False,0.07194263031123123,True,0.013938865492980582,1.0181275606155396
615872,790.3726736294443,500,False,0.09340306028013992,True,0.013779445259938452,1.3238879442214966
615952,763.2714573688143,500,False,0.09111631070330793,False,0.013671602555614159,1.291954517364502
616592,830.9874369294226,500,False,0.06875101757687987,True,0.013641958875026035,1.6037777662277222
617232,809.8009952840546,500,False,0.05671116172787388,True,0.013503125995180686,1.0176422595977783
617776,826.6415473485043,500,False,0.1297172831980645,True,0.01334653250137243,1.0247912406921387
618656,802.1964383676387,500,False,0.102296375642772,True,0.013208318565914808,1.2506113052368164
618688,790.6094118266664,500,False,0.08963657944369496,True,0.013299116942777696,1.3065636157989502
619664,760.9488499546544,500,False,0.1348814566332588,True,0.013309849986573426,1.4392871856689453
620832,779.3688173371909,500,False,0.06203980800732221,True,0.013344561914029104,1.1341748237609863
621280,682.1901190940551,500,False,0.20938906466906268,True,0.01302707529420812,1.5843548774719238
621504,802.9623228885359,500,False,0.06075223703877099,False,0.012895333046138486,1.2571148872375488
621520,762.8227562452238,500,False,0.09590377766415818,True,0.012831073378271584,3.3104333877563477
621840,808.7500880600853,500,False,0.04122158467614649,True,0.012834182027289434,1.4638586044311523
621984,871.5277024158532,500,False,0.03346455525972739,True,0.012836880440129764,1.072632074356079
622128,804.2471423687482,500,False,0.05322336994940506,True,0.012788460536272105,1.004786729812622
623568,740.5877007612678,500,False,0.06762054877667564,False,0.012781832349897531,1.2202434539794922
623872,763.631093593386,500,False,0.12273852580951193,True,0.012821944561996064,1.382366418838501
623952,812.3825193150627,500,False,0.057157859428984305,False,0.012782221191414481,1.355971097946167
624592,799.3281293279487,500,False,0.10903842563253317,True,0.01276323272708932,1.4819843769073486
625232,761.4618500248057,500,False,0.11952183145226943,True,0.012871107775059754,1.9383082389831543
625776,770.1511686959029,500,False,0.06452580021594187,True,0.013009294629996835,1.3545680046081543
626656,678.827194364859,500,False,0.1676496752439917,True,0.01308110163824668,1.4664881229400635
626688,800.6043027208813,500,False,0.10534374953119396,False,0.013022143404519444,1.494220495223999
627664,730.4412597765595,500,False,0.12562219625647414,True,0.013046677338736455,1.4574487209320068
628832,725.4651878890759,500,False,0.1667691726639618,True,0.013158157170635756,1.2212181091308594
629280,734.6128627106891,500,False,0.20592724347836092,True,0.013109694716495313,1.3079240322113037
629504,826.7771025144646,500,False,0.07269250934329209,True,0.013081621907033037,1.0124397277832031
629520,539.0185910071172,500,False,0.25010133527791734,True,0.013064407375524436,1.2888928651809692
629840,768.9646882712276,500,False,0.08341863697911318,True,0.013070096331721128,1.1540896892547607
629984,808.8701299657449,500,False,0.06752311244714282,True,0.013106284370480082,1.4107372760772705
630128,756.934260875141,500,False,0.02161207731188251,False,0.013086605017782919,1.6263434886932373
631568,775.7526139784824,500,False,0.11634776511613323,True,0.012986856899002834,1.1604375839233398
631872,743.8890478279365,500,False,0.13560888528798368,True,0.013345307055742347,1.2592244148254395
631952,745.1630679802554,500,False,0.09880804091288241,True,0.01334225125470422,1.0371320247650146
632592,802.1024268518988,500,False,0.0896479582695093,True,0.013363892950514744,0.9622816443443298
633232,834.2606946498829,500,False,0.084757937800349,True,0.01361007341505514,1.3589558601379395
633776,789.4217187224097,500,False,0.02686343801059275,True,0.013595722270353732,0.8858820796012878
634656,781.2505558851426,500,False,0.05479122234913572,True,0.013403740041850085,1.1813105344772339
634688,822.8643214144636,500,False,0.0507315342045761,False,0.013248113197569685,2.082627773284912
635664,790.1497630152608,500,False,0.04746993498045211,True,0.013240756496692227,1.4998548030853271
636832,812.3090811734492,500,False,0.09097584423342543,True,0.013158227895858129,1.6091070175170898
637280,827.5328595892829,500,False,0.09449897241983432,True,0.013174399930435168,1.6044867038726807
637504,697.0636580840198,500,False,0.13084981885724087,False,0.013135773709594635,1.0474590063095093
637520,788.9043924412373,500,False,0.16309152656630257,True,0.013136959086622641,1.4801130294799805
637840,829.9108577597823,500,False,0.0680767405274375,True,0.013139117469974424,1.3893468379974365
637984,746.6207177586729,500,False,0.04976135467918069,True,0.013106512377894465,1.8996773958206177
638128,722.2984337217412,500,False,0.1466738908518199,True,0.013034719925135156,0.8838168978691101
639568,774.0421014497645,500,False,0.06885097983136709,True,0.013050782302633932,1.2143902778625488
639872,773.3743925604082,500,False,0.1039997396634765,False,0.013474084982080248,1.7729854583740234
639952,851.5324886758204,500,False,0.04950309920205185,True,0.0134364796702983,1.267021656036377
640592,693.8765874801647,500,False,0.17891978582391094,False,0.013436167079007669,1.2355148792266846
641232,772.1966197759492,500,False,0.099224262396764,False,0.013307360476336107,0.9482195377349854
641776,679.0630304037238,500,False,0.14384814483518898,True,0.013399760781522031,1.3000390529632568
642656,711.5614216059337,500,False,0.1671412074332052,True,0.013407649621567647,1.2100999355316162
642688,864.1456070169966,500,False,0.06476017623463967,True,0.01328176043239883,0.9896905422210693
643664,806.5990296098141,500,False,0.09983510267897165,True,0.013277800497731435,1.0927612781524658
644832,835.3714465353247,500,False,0.07278958056100163,True,0.013205179830628107,1.5265858173370361
645280,810.378389796601,500,False,0.0483095900313284,True,0.013277400891269003,1.647088885307312
645504,783.4626542126567,500,False,0.11660384946218152,True,0.013026154386663193,1.0092129707336426
645520,790.1320302012748,500,False,0.09021120247459173,True,0.01299896382143776,1.8006501197814941
645840,854.6620015543707,500,False,0.03147666947478688,True,0.012987396925302716,1.4194846153259277
645984,786.6264267251918,500,False,0.054894980705804355,True,0.01294619642507051,1.173378586769104
646128,811.0507208483448,500,False,0.09064143854107409,True,0.012911305199375714,1.0391051769256592
647568,810.7287286670846,500,False,0.03961827347947365,True,0.012908660278766818,1.0815744400024414
647872,751.5989442872044,500,False,0.05801059232576124,True,0.013108218062558828,1.0445654392242432
647952,585.4607234809454,500,False,0.17656995013494095,True,0.013100651854951987,0.9453054070472717
648592,783.1024233882564,500,False,0.08791513956669188,True,0.013158542570906656,1.3724429607391357
649232,721.6831977101373,500,False,0.22752097544404523,True,0.013348473923538306,1.035130500793457
649776,796.0672362435132,500,False,0.053451020655081026,False,0.013409525077317302,1.0996999740600586
650656,851.3096932602491,500,False,0.063316070893972,True,0.013369603544593857,1.3875572681427002
650688,859.4360223129867,500,False,0.07014460976100584,True,0.013488166170134052,2.7939295768737793
651664,816.7218564814568,500,False,0.06361183801915311,True,0.013480699241475502,1.4605929851531982
652832,777.0027334672966,500,False,0.12091267820927254,True,0.013000371386406414,1.889615535736084
653280,825.8240829424241,500,False,0.2888574934319618,True,0.012909530901116798,1.0860836505889893
653504,746.7557964147941,500,False,0.17184931597879965,True,0.01298994028164666,1.0771290063858032
653520,830.3279035300741,500,False,0.19670056482236126,True,0.0129709348515828,1.5149195194244385
653840,755.7052492373317,500,False,0.07631287845829114,True,0.01296897102621219,1.3632094860076904
653984,774.3895648437257,500,False,0.06055416632027981,True,0.013082644826599491,1.1226475238800049
654128,873.3872289433917,500,False,0.03521927568186224,True,0.013164235414061986,1.4538559913635254
655568,764.5451396890855,500,False,0.04499923810327677,True,0.013177888744206516,1.2723567485809326
655872,783.0412369149404,500,False,0.16736334525297483,True,0.013193156441679942,1.1665465831756592
655952,764.9386590620334,500,False,0.09823453583033052,True,0.01319106826650403,1.3324559926986694
656592,761.9528439949335,500,False,0.12078285460455906,True,0.013188857903811087,1.374263882637024
657232,771.6423845739034,500,False,0.06717670883476652,True,0.013218502415821034,1.1086914539337158
657776,724.0583836704535,500,False,0.21513534948254878,True,0.01311868487501176,1.5619993209838867
658656,791.4899768093716,500,False,0.04301311460837579,False,0.013171776457913486,1.0624170303344727
658688,809.6425598948099,500,False,0.06785415634834115,True,0.013359473174035182,1.0871632099151611
659664,855.5381798188461,500,False,0.06565095603439029,True,0.01335552815528959,5.379538536071777
660832,644.6344565624537,500,False,0.21537463247413996,True,0.013404121149126749,0.715621829032898
661280,791.4535826444119,500,False,0.05504119088344124,False,0.013469824639941215,1.1207984685897827
661504,799.2407787130918,500,False,0.10705365902761801,True,0.013547553866950867,1.2071130275726318
661520,768.8728785821634,500,False,0.10895662523069324,True,0.01363976814229056,1.4678401947021484
661840,818.0948492632307,500,False,0.06675553057533666,False,0.013639434174422803,1.149510145187378
661984,785.711935388037,500,False,0.05682896858047329,True,0.013564868955183768,1.149184226989746
662128,832.823710469828,500,False,0.0753378675894087,True,0.013631718428868797,1.1541252136230469
663568,781.3485879150006,500,False,0.09096351513810746,True,0.013551473537227373,1.1886615753173828
663872,796.4986447471628,500,False,0.05866230422354959,True,0.013535558180123274,1.3120672702789307
663952,822.0078345184558,500,False,0.07852532297086327,True,0.013487179672407744,1.3039095401763916
664592,778.9014316101392,500,False,0.07214754115583612,True,0.013471968087791147,1.1558897495269775
665232,793.7257347891237,500,False,0.023905149175395476,False,0.013434528225593809,1.0473411083221436
665776,831.757348541043,500,False,0.06462046354813947,False,0.013354011792765443,1.67323899269104
666656,863.2414260379355,500,False,0.054336039368702356,True,0.013395907770337308,1.2071459293365479
666688,748.3226698778276,500,False,0.10237973284050314,True,0.013169129950228113,0.9499266743659973
667664,825.8995614491998,500,False,0.038323732713371604,False,0.013171722669682114,1.0519853830337524
668832,670.7266015718652,500,False,0.19984893228082198,True,0.013295618585303521,1.2263813018798828
669280,834.0085130486325,500,False,0.052840109039178136,False,0.01331666631561023,1.1571688652038574
669504,762.3715133836317,500,False,0.05925213111015068,True,0.013328299522580756,1.0463831424713135
669520,810.5060278167894,500,False,0.07126622553066309,True,0.013248053618848392,1.0827653408050537
669840,780.5328972560935,500,False,0.2597972295060606,False,0.013233523392494336,1.1883513927459717
669984,889.0368570764047,500,False,0.20107497171016858,False,0.013119169030324044,0.9264704585075378
670128,797.4775847158902,500,False,0.18982242475661243,False,0.01312100121274091,1.1374053955078125
671568,672.8833331547673,500,False,0.1146605086187271,True,0.013101546594048845,1.0527169704437256
671872,822.7932300350811,500,False,0.09412372852216784,True,0.013228156137951053,1.3139472007751465
671952,769.8994288898335,500,False,0.1487699371403846,True,0.013236248573581688,1.1534647941589355
672592,743.1532508986904,500,False,0.09981900565964373,False,0.013193895410245987,0.8817939758300781
673232,777.9492386485167,500,False,0.08344048112821886,True,0.01308838814405347,1.2211787700653076
673776,743.807405152066,500,False,0.10730145106038223,True,0.013219272633256408,1.251745343208313
674656,816.0502049546195,500,False,0.07636113035263406,True,0.013189727344617212,2.2835662364959717
674688,798.2869731347885,500,False,0.035115933217601404,True,0.013233610122053634,1.1269314289093018
675664,802.0889136937576,500,False,0.04419841790316969,False,0.013259954684718902,1.2619457244873047
676832,798.4724139951403,500,False,0.06397352661407275,True,0.013472693219672472,1.0748183727264404
677280,753.8728534808574,500,False,0.15539801162329145,True,0.013305361450178488,1.202459692955017
677504,830.0511436358615,500,False,0.07049774461923558,True,0.013189099785397432,1.176917552947998
677520,897.1961885184933,500,False,0.021723212849086678,False,0.01321992785606974,1.1518316268920898
677840,761.790631676966,500,False,0.10238311905198033,True,0.013221900646810133,0.9523274898529053
677984,906.9365099567781,500,False,0.03138741854596259,True,0.013101976790024472,1.2361236810684204
678128,817.5972763114659,500,False,0.05209197888481329,True,0.013195137176990659,1.045379877090454
679568,817.1588298237803,500,False,0.10535933584331918,True,0.013213400793965843,1.4848253726959229
679872,810.2783829631938,500,False,0.0576783831448206,True,0.013161301623828777,1.3985790014266968
679952,833.5213966309551,500,False,0.07279494650165043,True,0.013201899576874147,1.1620228290557861
680592,790.3882871627497,500,False,0.043074542161538186,True,0.013187340754814224,1.2833352088928223
681232,720.3621725656046,500,False,0.28449120586369414,True,0.013185386296858793,1.2254788875579834
681776,774.5626697578854,500,False,0.13353017384432037,True,0.01329210984042312,1.4306895732879639
682656,697.3202773799898,500,False,0.10819417467037568,True,0.013272007582522395,1.2866463661193848
682688,776.5345516008972,500,False,0.06544345561100877,True,0.013097189188959867,1.2950230836868286
683664,837.5419475099884,500,False,0.14901350118021203,True,0.01310379025722712,1.4238442182540894
684832,781.0408550358994,500,False,0.06623132727690209,True,0.01329272821381951,1.3464512825012207
685280,888.7338133200195,500,False,0.04664441525156634,False,0.013177052861250737,1.2417558431625366
685504,798.6274501597046,500,False,0.033050778861544214,True,0.01325257682975162,0.9551080465316772
685520,795.6027931048308,500,False,0.044127388430061844,True,0.013291163863954545,1.3433310985565186
685840,610.404730879431,500,False,0.3113784140397008,True,0.01328810380366395,1.4886949062347412
685984,743.955272469247,500,False,0.07393910894862873,True,0.013251500174594403,1.018845796585083
686128,849.8683905075486,500,False,0.07371326623738204,False,0.013249287746561757,0.9550169706344604
687568,822.6008742375751,500,False,0.05646087873569386,True,0.013268614666241805,1.7897380590438843
687872,786.2679760768646,500,False,0.05049382270576462,True,0.013244288052201205,1.1094202995300293
687952,805.6566929048375,500,False,0.1029770877915989,True,0.013294792510723116,1.2781732082366943
688592,663.8293301004604,500,False,0.21773652290475978,True,0.013255944642387975,1.200803279876709
689232,831.3433351607852,500,False,0.07221596806857779,True,0.013498452974228142,1.0328562259674072
689776,853.5595617488293,500,False,0.03963367825149056,False,0.013048335391292435,1.2145602703094482
690656,794.7530178266204,500,False,0.08189891018530593,True,0.013006073542903849,1.5851655006408691
690688,836.9283546249051,500,False,0.009849253579250847,False,0.013163829203955911,1.2012372016906738
691664,772.7303059878628,500,False,0.09227904240633189,True,0.013178571734317846,1.2505717277526855
692832,740.3970024429375,500,False,0.14418724361484628,True,0.013106198892579784,0.9484462738037109
693280,881.9367245167373,500,False,0.08874614820355302,True,0.012844227528437531,2.0367069244384766
693504,791.6595801349258,500,False,0.05180727492700932,True,0.012774962512000266,1.9593641757965088
693520,777.9362717504277,500,False,0.05317288461821007,True,0.012740605787974814,1.5162136554718018
693840,846.9106036568238,500,False,0.041730493710726194,False,0.012746764397593091,1.0334800481796265
693984,728.9446577087584,500,False,0.1192691590058908,True,0.012766073982727943,0.8757871389389038
694128,778.4030807368345,500,False,0.05368724327319902,True,0.012717154103953084,1.223726511001587
695568,826.0251062741722,500,False,0.05123835279184291,False,0.012725469931876378,1.3013458251953125
695872,732.2387993841687,500,False,0.13493816440868264,True,0.012659168825640768,1.0202181339263916
695952,807.167263190345,500,False,0.09971468621616204,False,0.012855307624953183,1.1097569465637207
696592,784.7513392181565,500,False,0.09187204465130523,True,0.012872007057582678,0.8830355405807495
697232,801.6900037411446,500,False,0.05678442485091127,False,0.013020245013155834,1.241222858428955
697776,821.280609694003,500,False,0.007905299695347931,True,0.013259267090527467,1.1033042669296265
698656,846.6811080268888,500,False,0.05782169886953495,True,0.01318892762743889,1.1832997798919678
698688,805.5946296307884,500,False,0.03764314885000702,True,0.013117767331781993,1.0849332809448242
699664,796.3677983974744,500,False,0.08287446638100185,True,0.013129124727278963,1.3268275260925293
700832,847.1228087060757,500,False,0.028759991933859922,True,0.01314367771624282,1.2840170860290527
701280,837.0920926222692,500,False,0.036997818174173816,False,0.013024788790729032,1.0106345415115356
701504,790.6924673858407,500,False,0.14454566956860826,True,0.012889346734768459,0.9649988412857056
701520,856.468087322064,500,False,0.04075042278043664,True,0.012991341503824878,1.466305136680603
701840,780.7533961836082,500,False,0.032159708538864046,False,0.012998691901107024,1.2295747995376587
701984,767.0464295710896,500,False,0.12167604096253903,True,0.01298890773967031,1.4051039218902588
702128,759.1848935043392,500,False,0.08807674259748294,True,0.01296591435341096,1.3505756855010986
703568,778.7987365571938,500,False,0.10165724954781616,True,0.01298433823537499,0.8902988433837891
703872,801.6066181584105,500,False,0.07440071006163222,True,0.012892820537061585,1.194135069847107
703952,821.8302310027763,500,False,0.03354476983868317,True,0.012942825898274389,1.2158366441726685
704592,789.3908864297349,500,False,0.12414986930856137,True,0.012930016692189723,0.9573360681533813
705232,807.1140277235272,500,False,0.08267257767166107,False,0.012759984830949894,1.0561408996582031
705776,725.5986298923314,500,False,0.2808343932347512,True,0.012736558800188107,0.9183230400085449
706656,711.2150528186407,500,False,0.12395524632062652,True,0.012754714921501199,1.4303827285766602
706688,774.180465979699,500,False,0.171881023769943,True,0.013086429309408077,1.0765514373779297
707664,826.2608699905118,500,False,0.19714821821162634,True,0.013094395018109188,0.9328275322914124
708832,792.2230971885576,500,False,0.08837266599679848,True,0.013188077991867482,1.179417610168457
709280,811.0148550899166,500,False,0.07339872324115876,True,0.013114018005724775,1.464214563369751
709504,804.2901506109339,500,False,0.087743397949982,True,0.013081320515159091,1.0156362056732178
709520,822.0832479932384,500,False,0.0525140764734721,True,0.01313748057880797,1.0618634223937988
709840,810.7329584543747,500,False,0.026466047916127267,True,0.013137687542468792,1.0831611156463623
709984,778.1763794387756,500,False,0.06829206344641846,True,0.013130715148715635,1.2603893280029297
710128,842.9989988196013,500,False,0.07102450952988203,True,0.01319778721078523,0.959500253200531
711568,826.7893916827536,500,False,0.032163401394602796,False,0.013288948345346241,1.2425508499145508
711872,737.3463585505715,500,False,0.04951072934997512,True,0.013047415389089259,1.0479472875595093
711952,823.0437108123558,500,False,0.12875182317650893,True,0.013012654266720975,1.0685690641403198
712592,738.330044477268,500,False,0.13783554401273537,True,0.013007606483676654,1.035996913909912
713232,765.5405372103717,500,False,0.2183031091006336,True,0.0132440033745123,1.535207986831665
713776,861.2330728231618,500,False,0.07988112593557814,True,0.01337546539585871,1.1974384784698486
714656,867.7330842171473,500,False,0.05605965236017483,False,0.013404310541462103,1.040677547454834
714688,820.0396383951862,500,False,0.050976798896811726,True,0.013230515711257176,0.9636234045028687
715664,712.5811156059337,500,False,0.21310566775139142,True,0.013225661397749968,1.1653180122375488
716832,853.5707661897454,500,False,0.0734260857177319,False,0.013443164356366184,1.2852874994277954
717280,738.9412889970644,500,False,0.05973226376751208,True,0.013412740589591464,1.2752995491027832
717504,743.6414786541116,500,False,0.18713939454846043,True,0.013465710885662206,2.4087908267974854
717520,871.1823384363049,500,False,0.017381991877874627,True,0.013491753125262088,1.081406831741333
717840,895.1567791364279,500,False,0.04738590280404214,False,0.013489240379450238,1.2993940114974976
717984,790.0734126244284,500,False,0.0784595681665889,True,0.013463637904445321,1.0311216115951538
718128,859.7002274822185,500,False,0.11061723049576096,True,0.013448250316438417,1.2896333932876587
719568,735.6655156450462,500,False,0.07695432014797406,False,0.013431732031592408,1.2464591264724731
719872,752.4463530263835,500,False,0.0410140448541732,True,0.013443125275245988,0.8089561462402344
719952,791.8295814643502,500,False,0.06203840060127616,True,0.013467040204413815,1.2189912796020508
720592,802.4130488610247,500,False,0.08254301813169014,False,0.013441050463481196,1.0505609512329102
721232,832.3521675244887,500,False,0.06781532968918534,True,0.013486365024619317,0.9399770498275757
721776,763.6171050947003,500,False,0.14543554599500505,True,0.013305527633748362,1.2169015407562256
722656,793.4098421431943,500,False,0.07682656210016821,True,0.013325023326496923,0.9265434145927429
722688,866.5356365094925,500,False,0.06115524650396444,True,0.013285152297905185,1.0711402893066406
723664,824.0920953595638,500,False,0.08776810143235696,True,0.013291442602491033,1.212260365486145
724832,755.3925010455833,500,False,0.1663120553879703,True,0.013132084245169054,1.031766653060913
725280,792.8683532190615,500,False,0.10345657022041185,True,0.013074160867745184,1.1601622104644775
725504,572.2089433767148,500,False,0.2787869463644192,True,0.013114678208193236,1.1087507009506226
725520,756.7847950252649,500,False,0.10148519437157918,True,0.013145821927690983,1.5117441415786743
725840,818.1050761880117,500,False,0.08572189344965704,False,0.013156113914288023,1.1683616638183594
725984,794.6348958577694,500,False,0.0347020272502532,True,0.013084184844214248,1.1037027835845947
726128,798.4993103839722,500,False,0.06218938564142987,False,0.013151292579821101,1.142124891281128
727568,787.5690215251091,500,False,0.05153767217066582,True,0.0131292776712525,1.1702945232391357
727872,799.6268944587623,500,False,0.07740906000685624,True,0.013164289449803883,1.7741421461105347
727952,832.4794675669939,500,False,0.053992144815163776,True,0.01328498553665782,1.0314841270446777
728592,773.614008494427,500,False,0.065767368240992,True,0.013285687328471688,1.003000259399414
729232,857.9132762501508,500,False,0.043099955512889386,True,0.013186756751415393,1.3159825801849365
729776,762.9426823912377,500,False,0.06326113183742281,True,0.013055113832187586,1.4874863624572754
730656,757.9057079821769,500,False,0.0892002270681816,True,0.013070904310090382,1.4958136081695557
730688,863.2488337581734,500,False,0.02592724094367337,True,0.01299501048021425,1.1098003387451172
731664,714.0086339392637,500,False,0.21473336191088724,True,0.012978543475182392,1.1456706523895264
732832,844.117182810058,500,False,0.07450308934464533,True,0.012895249903026306,0.9178299903869629
733280,800.4146005806004,500,False,0.07798461571547831,True,0.012882629258108723,1.5531518459320068
733504,701.931492129458,500,False,0.0704386553033104,True,0.012915313514041347,1.3674525022506714
733520,820.6307539236259,500,False,0.06366611082017914,True,0.012952434195563715,1.271470546722412
733840,780.2961261352439,500,False,0.04670738312134095,True,0.012953249116945398,1.4040647745132446
733984,845.4016164909775,500,False,0.07066414115390279,True,0.012839001186586532,1.2434552907943726
734128,760.3381818399546,500,False,0.09593289181798309,True,0.012844003431471573,10.631728172302246
735568,753.9403414322134,500,False,0.08457619977389488,True,0.01284112535971918,1.1897873878479004
735872,765.5451263871646,500,False,0.06368804855134497,False,0.01291401328169206,0.9931071996688843
735952,810.4707887830473,500,False,0.10302921722410514,True,0.012882112189956866,1.0574545860290527
736592,794.249645873264,500,False,0.1302840813250088,True,0.01287365876141405,1.2065529823303223
737232,704.9526824663404,500,False,0.16888734358036275,True,0.012947996934092617,0.8707233667373657
737776,769.2925809736519,500,False,0.15969980659797253,True,0.012973288429630048,0.9637047648429871
738656,771.1607945190443,500,False,0.09838364611464559,False,0.012904027592912492,1.048615574836731
738688,818.1464039624917,500,False,0.07814142425727907,True,0.0129351543439879,0.9019774198532104
739664,802.2893829848254,500,False,0.13178463673808824,True,0.012951326320897953,0.7664705514907837
740832,787.245567225931,500,False,0.09249732769710237,False,0.012626134046355868,1.1896824836730957
741280,759.4455032716443,500,False,0.04340558508472526,True,0.012856758884405572,1.0588644742965698
741504,780.3504927352377,500,False,0.032114549639299855,True,0.012943737875611584,1.0164566040039062
741520,769.4815630776759,500,False,0.03269712996740006,False,0.012963307262299826,1.0943615436553955
741840,770.4941292847475,500,False,0.03492105787560332,True,0.012955493542660347,1.3393343687057495
741984,750.5817845204969,500,False,0.13793334908412688,True,0.012943826666507622,1.170987606048584
742128,799.2728299409061,500,False,0.09897667396801449,True,0.012955862396297216,5.206047058105469
743568,811.6346327247076,500,False,0.06353952623203382,True,0.012911438939134505,0.7735018134117126
743872,824.2945872270486,500,False,0.033740895901908735,False,0.012940770928812037,1.5346176624298096
743952,833.2118324945822,500,False,0.026037923849306543,True,0.01285449289171562,0.8329781889915466
744592,749.6436679939745,500,False,0.1779384707122149,True,0.012849120253444271,0.9279703497886658
745232,811.1740900681917,500,False,0.03216066174831627,False,0.012714989565341854,2.3352479934692383
745776,672.6998022852788,500,False,0.18327596431991108,True,0.012597159010415693,1.0820425748825073
746656,831.9566630797592,500,False,0.0681369310706037,False,0.012549047048879635,1.1546531915664673
746688,808.4883318649703,500,False,0.03384702251871587,False,0.012374118312907597,1.2698986530303955
747664,794.7232093292822,500,False,0.10545556288989212,True,0.012355241072780665,1.4318339824676514
748832,863.192018656264,500,False,0.06533583701434044,True,0.012427147287585524,1.2529654502868652
749280,712.8683736061937,500,False,0.15450583391080658,True,0.012633203444984097,1.3488584756851196
749504,833.8804720314134,500,False,0.09942056068983446,False,0.012649552168011273,2.2611050605773926
749520,772.2778760547449,500,False,0.0894252339583329,False,0.012665413270401101,1.0208749771118164
749840,793.4239363687598,500,False,0.04952299037701874,True,0.012661317997505535,1.4143807888031006
749984,834.7018304795347,500,False,0.05561185160591882,True,0.012639023527732779,0.8823984265327454
750128,775.8050290924431,500,False,0.08228140800529048,False,0.012687245989081589,1.0648905038833618
751568,733.901977964928,500,False,0.06155046557866359,True,0.012708250286300557,1.1793043613433838
751872,801.3717383407163,500,False,0.0715089846062753,True,0.012644237747002534,1.0733866691589355
751952,775.5255294207294,500,False,0.04918967986326868,True,0.01276935985381241,1.1183931827545166
752592,822.4440188390688,500,False,0.07076766478382267,True,0.012817133266320715,1.237244963645935
753232,777.5115759530502,500,False,0.14643157601807405,True,0.012816735011998825,1.4235937595367432
753776,794.3289325540538,500,False,0.05222181374480527,True,0.012829020059154745,0.7993431091308594
754656,726.5721172508661,500,False,0.12746609482990667,True,0.012766771898129439,1.2238411903381348
754688,772.231131829144,500,False,0.18829356962961652,True,0.012788463741992634,0.8533122539520264
755664,767.0346145421432,500,False,0.10486131153105425,False,0.012799487944767362,1.1154415607452393
756832,845.6827321327476,500,False,0.03802605997565662,True,0.01283359913690056,0.9507018327713013
757280,830.4860903104875,500,False,0.08316215354381691,True,0.012913646583482463,0.8934395909309387
757504,799.2426352845991,500,False,0.0801030693729553,True,0.012891207846067065,0.9496605396270752
757520,795.3316655736724,500,False,0.08168949913853968,True,0.012947245769889884,1.1035590171813965
757840,806.623299515591,500,False,0.08110550575618058,True,0.01294649626254815,0.8559918999671936
757984,832.0321269083317,500,False,0.16107071761121924,True,0.012910450757841191,1.1442651748657227
758128,859.2929249517229,500,False,0.05929427602805089,True,0.012809891390166873,1.3299130201339722
759568,667.9568528863746,500,False,0.2269816863998376,True,0.012841073318968306,0.9620293378829956
759872,743.2701438585742,500,False,0.12816207683830638,True,0.012811765225078563,1.0165791511535645
759952,842.8538623636963,500,False,0.1841074374852253,True,0.012803837461561123,1.1705513000488281
760592,777.1894925940512,500,False,0.11065360300743034,False,0.012777551667186778,1.044623613357544
761232,717.3720851382918,500,False,0.2140153753695698,True,0.012776303654133993,1.1389727592468262
761776,858.1481922903038,500,False,0.053628256375183515,True,0.01281621222898964,1.2368881702423096
762656,823.7167253676943,500,False,0.044738832804005396,False,0.012845498871306928,1.371537208557129
762688,693.0394937895991,500,False,0.3334353153524157,True,0.012759219984689747,1.0548324584960938
763664,841.0667832149575,500,False,0.03126078675521243,True,0.012729028890480717,1.061992883682251
764832,851.5601638882542,500,False,0.024277675322877123,False,0.01258588800464294,1.0474684238433838
765280,810.7236351537322,500,False,0.048723617892782865,True,0.01257907921583071,0.9422807693481445
765504,830.2106023930903,500,False,0.03797959713190033,True,0.012388019376299552,1.1351433992385864
765520,799.5821794020642,500,False,0.052168747654377144,False,0.012279957133278547,1.225435495376587
765840,778.3890348492234,500,False,0.13147879070353058,True,0.012274492192524139,0.856633186340332
765984,862.3282857843703,500,False,0.03763588043100567,True,0.012257814752708276,0.9909937977790833
766128,829.1656117723544,500,False,0.05698057167369555,False,0.012307843688529692,0.7325732707977295
767568,772.1632005662374,500,False,0.0822347027687752,True,0.012307987859378339,1.1165581941604614
767872,809.4210276127696,500,False,0.07661325027688984,True,0.012550713304705608,0.9859117269515991
767952,692.4464990009238,500,False,0.10841852486431064,True,0.012598698853126214,0.9395806789398193
768592,829.1749175961535,500,False,0.07446410238662125,True,0.01260619132418352,1.0945823192596436
769232,785.6148328257884,500,False,0.038158468871925234,True,0.012462025560104143,1.0143165588378906
769776,813.8218113374058,500,False,0.01617173630469227,False,0.012482958951369388,1.1317541599273682
770656,806.9673423121667,500,False,0.09484879112683678,True,0.012292654663461054,1.131465196609497
770688,762.7742153823663,500,False,0.052979424982894846,True,0.01223924581320215,0.8387771844863892
771664,724.5102611235772,500,False,0.11056371249298545,True,0.012232215158280614,1.0670629739761353
772832,840.5107677872002,500,False,0.08357830719520999,True,0.012353758121774899,0.7350103855133057
773280,837.3784321707136,500,False,0.10110566647577361,True,0.012316233562221312,0.780831515789032
773504,810.1155109022056,500,False,0.06812424470185294,True,0.012372106499626888,1.4276931285858154
773520,768.8288694399621,500,False,0.056942817980153285,False,0.012258100887429764,0.9738783240318298
773840,773.118960593856,500,False,0.18045776116548762,True,0.012250204692959465,1.2796516418457031
773984,811.9481636847432,500,False,0.043285127852904455,False,0.012158677307489051,1.3450281620025635
774128,860.9635250834035,500,False,0.061910012595226285,True,0.012117414301518758,1.0245190858840942
775568,774.1315210326375,500,False,0.154193115754244,True,0.012065739483876684,1.1507391929626465
775872,795.1791052469314,500,False,0.06633782755373915,False,0.011900757621440574,0.9269711971282959
775952,792.5644939777944,500,False,0.1180366277942101,True,0.01180079350317803,0.9578256607055664
776592,881.8513457795506,500,False,0.04801703625793387,False,0.01182133371321205,1.2157201766967773
777232,767.1205735459477,500,False,0.023599353133746746,True,0.011700307350493627,1.251861810684204
777776,774.1276750646088,500,False,0.11506576815991158,True,0.011859235662183266,0.9893403053283691
778656,793.9769433123869,500,False,0.10161735898551029,True,0.011799965267165478,0.9947164058685303
778688,827.7544936394501,500,False,0.01307688715123732,True,0.011957327697419362,1.0139353275299072
779664,750.7406589207962,500,False,0.20203502525000525,True,0.011951744380182146,1.0239356756210327
780832,796.754355285396,500,False,0.1061617154579171,True,0.012155514420486886,1.10573410987854
781280,848.1139014224375,500,False,0.10150843966636772,True,0.012003247855843079,0.9353897571563721
781504,762.0348298714426,500,False,0.036370521481051556,True,0.011985700797662525,0.9615038633346558
781520,785.3420782507293,500,False,0.021007274614070127,True,0.012062737062385354,0.9271407723426819
781840,781.6075670582188,500,False,0.1018938262548893,True,0.012068165866123826,1.2069644927978516
781984,842.1558676923174,500,False,0.03252816995372271,True,0.012268476367893945,0.9265314936637878
782128,735.4894828389301,500,False,0.08590467129328963,True,0.012269801325655702,1.0026710033416748
783568,772.6489996327062,500,False,0.13470338493885667,True,0.012188035253586046,0.9085403680801392
783872,752.1678295615093,500,False,0.07797763449983797,True,0.012255041650718054,1.9076241254806519
783952,689.5979789709932,500,False,0.16245399241297787,True,0.012191884987013464,1.2704148292541504
784592,743.2968089075548,500,False,0.10203773026722202,True,0.012200590990839758,1.0343332290649414
785232,711.2809148458953,500,False,0.1337287376949879,True,0.012147650157646354,1.6757155656814575
785776,802.2053240459996,500,False,0.05224342854220631,True,0.012156103528121777,1.1642992496490479
786656,725.305293738065,500,False,0.09476403482667609,True,0.01223869136979881,0.9502531290054321
786688,779.5055460319215,500,False,0.03945781635690708,True,0.012070169447332111,1.3973931074142456
787664,750.6168414943081,500,False,0.13002577424345527,True,0.012056494733975727,1.1367294788360596
788832,759.9261336085153,500,False,0.08201089356360322,True,0.012036499194106326,1.1626243591308594
789280,771.9932312082359,500,False,0.060388550216651064,True,0.012029066911330166,0.9344050884246826
789504,844.2060432724877,500,False,0.06000476514586638,False,0.012126527055949866,1.318382740020752
789520,763.8461880196967,500,False,0.13417174661755218,True,0.01215618349562209,1.5910612344741821
789840,751.1912278911349,500,False,0.10651938427201864,True,0.012160399057795203,1.1893330812454224
789984,797.7712336518233,500,False,0.12236335599732201,True,0.012137586043224985,1.1731774806976318
790128,687.0777466752443,500,False,0.2486650396774068,False,0.01216177530061905,1.0526018142700195
791568,827.8009055441623,500,False,0.05595984601599935,True,0.012147026257354178,0.9452216625213623
791872,739.4036472523871,500,False,0.07029747092532747,True,0.012143790662087485,1.0681818723678589
791952,815.1644989341515,500,False,0.04512874938656934,True,0.012223209280436279,2.031243324279785
792592,697.8110920659135,500,False,0.030540659792744115,False,0.012261795293234793,0.7810434103012085
793232,811.1138663231975,500,False,0.019896466681769923,True,0.012131056309425533,1.470443844795227
793776,798.0634211776281,500,False,0.023911147989554016,True,0.012374481110147571,0.7667056918144226
794656,763.3841175869278,500,False,0.04521527732120984,True,0.012442969289544397,1.0020182132720947
794688,793.4058736107828,500,False,0.061478157623999045,True,0.012504819681868373,0.9291946887969971
795664,732.2913907835973,500,False,0.10659059127313127,True,0.012512790675039102,1.179314136505127
796832,794.5786002944774,500,False,0.0802005911316863,True,0.012506599820313933,0.7982341647148132
797280,802.7063618190538,500,False,0.04449512582198586,True,0.01259761247243466,0.7897620797157288
797504,672.4023568466187,500,False,0.15402826284154278,True,0.012563455337496575,0.9884399771690369
797520,893.1274150688682,500,False,0.025537520677270883,False,0.01248966213386783,0.9930474758148193
797840,795.8677483187791,500,False,0.13838852181878453,True,0.012495262873487652,1.0484983921051025
797984,716.4348548823482,500,False,0.07593509059230683,True,0.012519181779122987,1.0547559261322021
798128,819.4153831642316,500,False,0.19510647304854675,True,0.01254711038401595,1.1381334066390991
799568,830.8814235779803,500,False,0.09577182866192549,False,0.012579756824251843,0.9517791867256165
799872,823.1246130373914,500,False,0.04781617273080972,True,0.012317576448185244,1.1550401449203491
799952,833.9815104247671,500,False,0.11456894910776953,False,0.012357733513166989,1.0471912622451782
800592,754.3776927169743,500,False,0.05047043563668764,True,0.012301468650641585,0.96747887134552
801232,818.5371963867897,500,False,0.08195649515556745,False,0.012237159533689469,1.1745761632919312
801776,800.6081404226115,500,False,0.06443748912716149,True,0.012292562237672068,1.2698724269866943
802656,802.2330088099945,500,False,0.04754086287993259,True,0.01242982753377015,1.415164589881897
802688,788.1268424551073,500,False,0.07240655435531623,True,0.012339058960324657,1.2368748188018799
803664,770.7849595295745,500,False,0.12758536907301415,True,0.012337644877446931,1.020371437072754
804832,768.7345774908005,500,False,0.08207681457367574,False,0.012236178327988687,0.9537299275398254
805280,739.9573244069811,500,False,0.07048217590802178,True,0.012444100692451627,1.459932804107666
805504,840.4998750514297,500,False,0.10012305787150572,True,0.012356925914183985,1.1618690490722656
805520,839.8974140696328,500,False,0.07063507616191801,False,0.012324614620590535,0.8467477560043335
805840,784.2620071692144,500,False,0.1415330317076765,True,0.012316777356468637,0.9390922784805298
805984,715.7069521800494,500,False,0.18523448723175434,True,0.012219283829639094,1.0890834331512451
806128,709.3804539092152,500,False,0.18327476014720648,False,0.01222699369570144,1.053241491317749
807568,770.6924494852306,500,False,0.03116536520683238,True,0.01224517515969787,1.034621238708496
807872,780.3786113909254,500,False,0.06866245418431441,False,0.012284381413455137,0.8907715082168579
807952,736.975540309526,500,False,0.10107973028049058,True,0.012228964276976834,0.9942076802253723
808592,763.6647904660128,500,False,0.12657695279537506,True,0.012221276021824351,0.7966078519821167
809232,752.3692296548576,500,False,0.04685607096184994,True,0.012263859301049779,1.1686465740203857
809776,757.7364854134079,500,False,0.07141368193075472,True,0.012203889326421883,1.0713894367218018
810656,785.7608443463661,500,False,0.04514757925957544,True,0.012157390303673589,1.288832426071167
810688,780.9875968033042,500,False,0.08330685366709224,True,0.01244592787330545,1.6281239986419678
811664,740.1521175224649,500,False,0.07431965123206327,True,0.012450317532864724,3.214264154434204
812832,794.753318295218,500,False,0.04813136287245657,True,0.012249627622431147,0.8884034156799316
813280,825.9157639413017,500,False,0.1549592282722562,True,0.012230384753988398,1.0087579488754272
813504,780.0783492328625,500,False,0.1312396364067736,True,0.012208645827506517,1.9937186241149902
813520,819.2117194520565,500,False,0.12947400743215076,True,0.012206993045152766,1.035298466682434
813840,735.3632841862383,500,False,0.13303071638139857,True,0.012211999668427323,1.1142210960388184
813984,735.2936386103505,500,False,0.12248465822621565,False,0.012210993314957588,3.0203495025634766
814128,799.9611323233337,500,False,0.09979130524471665,True,0.012201428231331315,1.0016229152679443
815568,783.7580465659871,500,False,0.09893529655130427,True,0.012161998611146734,0.8883028626441956
815872,787.7675691024444,500,False,0.0753806043672202,True,0.012179886208375483,1.1534390449523926
815952,729.3176095472633,500,False,0.07664908576855262,True,0.012161999056370285,1.0289638042449951
816592,774.9409976284452,500,False,0.07976239584746078,True,0.012146470800881269,0.7745695114135742
817232,798.6066137423876,500,False,0.16854677138790536,True,0.012025266884219907,1.1082334518432617
817776,770.1508459120125,500,False,0.11225340774140385,True,0.012077933232280885,1.051743507385254
818656,793.9116664473484,500,False,0.1032819312086676,True,0.01206223520936529,1.2233394384384155
818688,779.130012393245,500,False,0.06764140209489085,True,0.012162907970974659,0.8991062641143799
819664,789.0089434696943,500,False,0.10842217249476446,False,0.012153984298404879,0.9323368072509766
820832,803.4370400853807,500,False,0.12721824907924417,True,0.012236593107493796,1.0615808963775635
821280,736.6935626042614,500,False,0.16326447812313777,True,0.012169694385583279,1.1510404348373413
821504,769.3552277083812,500,False,0.07617629671132554,True,0.012152220375319267,0.7413331270217896
821520,742.1197683421747,500,False,0.1068315673481602,True,0.012098744357135708,1.315667986869812
821840,795.342832943043,500,False,0.03207769298751009,True,0.012093430878428443,0.912627100944519
821984,743.1097403637883,500,False,0.1810229846010351,True,0.012048379478855831,1.2055528163909912
822128,839.4682936293765,500,False,0.11161675922184816,True,0.012091506885408183,0.91831374168396
823568,789.4659915246054,500,False,0.05413479814347584,True,0.012135258856383184,0.8531867265701294
823872,728.0187609794528,500,False,0.15908479047440194,True,0.011911323432908842,1.033334732055664
823952,830.4487425268765,500,False,0.08867830425566982,True,0.01194038659044547,1.1417551040649414
824592,842.5192020215983,500,False,0.11840151992348111,True,0.011954697992186722,1.3955416679382324
825232,758.6775580804851,500,False,0.08322371393178721,True,0.011908961177574865,0.9969025254249573
825776,780.388321437289,500,False,0.059994104097262684,True,0.011910878606760648,1.003129005432129
826656,815.4153569289239,500,False,0.05682291470858942,True,0.012080306886470922,1.2611805200576782
826688,785.3313311251267,500,False,0.06885770408514377,True,0.012231726110309699,0.9311811923980713
827664,808.04254564921,500,False,0.04656177790935159,False,0.012233228478704835,1.4159890413284302
828832,813.6957425361027,500,False,0.06275562458038207,True,0.01215440067223839,1.5238960981369019
829280,806.8158963067526,500,False,0.08473838879455425,False,0.012078756098634307,0.8321745991706848
829504,770.3856166354051,500,False,0.12434991352544275,True,0.012142732148052988,1.0433028936386108
829520,745.3928810329802,500,False,0.17325183176265163,True,0.012176433038577739,1.1333787441253662
829840,789.7565523368885,500,False,0.0372974893041573,False,0.012177418828279312,0.9985854029655457
829984,762.4257940487425,500,False,0.09242129364752419,True,0.012234030546575587,0.982566237449646
830128,810.4972365211773,500,False,0.08646400297717624,False,0.012243379331116034,0.937835693359375
831568,779.8168824426147,500,False,0.042661620493617027,False,0.012239528134116896,1.0830466747283936
831872,810.9839917704714,500,False,0.052919367856244674,True,0.012104925262567384,1.012234091758728
831952,827.2572910970534,500,False,0.04923610258597661,True,0.012093736964415696,2.0882668495178223
832592,789.5470899812174,500,False,0.053128001054368636,True,0.012078640356519668,1.1654036045074463
833232,762.5261515522332,500,False,0.08505882260676963,True,0.01207623510057195,1.082240343093872
833776,852.7614610881888,500,False,0.05801312546363426,True,0.012351024865778824,1.0685802698135376
834656,825.9000888010714,500,False,0.03746247003252226,False,0.012482072032653134,0.7691231369972229
834688,845.7972803083505,500,False,0.07075006531166551,True,0.012457860148981405,0.9549102187156677
835664,768.871015785097,500,False,0.09535655105581567,True,0.012458604576761602,0.7500504851341248
836832,775.1592934231348,500,False,0.07343823252002638,True,0.012188130591553116,0.9982725977897644
837280,774.887708117824,500,False,0.060973236431521104,False,0.012209778460185172,1.0196959972381592
837504,877.1325830685803,500,False,0.07892376945158154,True,0.012172841418123876,1.1415255069732666
837520,817.9081638855631,500,False,0.06950900448188195,False,0.012149411435885252,1.100459098815918
837840,839.6843409240654,500,False,0.04707620241416034,True,0.012144015506310123,0.9014432430267334
837984,780.5851555139243,500,False,0.04168994105575903,True,0.012065458912190359,1.6095746755599976
838128,858.8101667174739,500,False,0.09081359428425387,False,0.012069477042007348,0.8876191973686218
839568,790.981153239744,500,False,0.13945973017139718,True,0.012025523251457424,1.0590461492538452
839872,801.1626414399915,500,False,0.03444587795771899,True,0.012059635293780104,1.2103030681610107
839952,693.7100009012154,500,False,0.07164056330668364,True,0.011981128540866496,0.8560698628425598
840592,783.328082427069,500,False,0.06084726771059178,True,0.011956528581609518,1.0356621742248535
841232,837.9778374485119,500,False,0.05737721803327962,True,0.012199152115621534,1.0450959205627441
841776,809.0372642775723,500,False,0.0761595544572151,True,0.012071815183243443,1.3452447652816772
842656,818.9542374224311,500,False,0.059532616973732536,False,0.011995765201995048,0.9969543218612671
842688,832.4943837562208,500,False,0.06010626499937278,True,0.011936215082672195,0.838404655456543
843664,868.1980187076816,500,False,0.059702658380817925,False,0.011908874630582439,1.0209097862243652
844832,801.4712378296954,500,False,0.03912363695221783,True,0.011798861868152138,1.0124750137329102
845280,819.2687624458179,500,False,0.13598153498965165,True,0.011646066476664697,1.0275754928588867
845504,900.7332090364391,500,False,0.028541882339144432,True,0.011622590281463556,1.1676790714263916
845520,891.0179077971385,500,False,0.02007410109812514,False,0.011640281382482331,0.9172778725624084
845840,845.438330686839,500,False,0.05904662971948086,True,0.01163716420208691,1.0476410388946533
845984,821.9914734749301,500,False,0.04852541681840289,True,0.011552323301492567,0.9172800779342651
846128,878.5039331642331,500,False,0.06296349607786433,False,0.011565222359569069,0.8595863580703735
847568,805.1567617133201,500,False,0.02541516381963195,True,0.011586047576128623,0.7331636548042297
847872,774.0044807193054,500,False,0.07798609304990248,True,0.011751769573362958,0.9494167566299438
847952,759.0138471241236,500,False,0.04136470582217523,True,0.011782475423069056,1.0115079879760742
848592,769.6096384976308,500,False,0.041604587053799165,False,0.011756977309654412,1.0387072563171387
849232,722.0362398256908,500,False,0.12225973542792529,True,0.011956971706442499,1.2390388250350952
849776,847.9848784206623,500,False,0.11741695649860492,False,0.011938166096016289,0.8321462869644165
850656,843.9826513076213,500,False,0.04719944644726913,True,0.011951156729043134,0.9416857361793518
850688,766.6457442136522,500,False,0.09130472770391618,True,0.011718287102070431,0.8130179643630981
851664,833.4334894185502,500,False,0.09420850117065951,False,0.011704848438129536,0.9954671859741211
852832,842.3947825316709,500,False,0.04152968053553817,True,0.01188263480355834,0.9707424640655518
853280,858.5211729739716,500,False,0.06597261553175363,False,0.011795998807026793,0.8129660487174988
853504,801.4083928252228,500,False,0.054184954200652176,True,0.011875913791254009,0.7629866600036621
853520,845.2359013779646,500,False,0.06349741057379721,True,0.011906789047765263,0.9937254190444946
853840,802.8612666616015,500,False,0.12004662151923784,True,0.011916438394743378,1.8023720979690552
853984,764.7884591422622,500,False,0.06657687939626172,True,0.01183754768889636,0.8677388429641724
854128,888.3306438250795,500,False,0.04744645816492703,False,0.011778737150705291,0.7101234197616577
855568,809.4762035068534,500,False,0.06462452097577284,True,0.011795037899125695,1.047631025314331
855872,831.413412599827,500,False,0.07526890471535286,False,0.011941349661389277,1.1968849897384644
855952,872.2278247006002,500,False,0.07268052486477895,True,0.011827277177592459,3.3877553939819336
856592,799.7450625563401,500,False,0.056058106369315845,True,0.011800992822440336,0.9582666158676147
857232,747.7737746609513,500,False,0.21193334962573365,True,0.011971574559918182,0.8553693294525146
857776,794.7504513835838,500,False,0.06206791193306867,True,0.012046782491788945,0.9301357269287109
858656,800.8038365401336,500,False,0.0624750449487898,True,0.012178043133522266,0.9566232562065125
858688,833.7824601512713,500,False,0.03063578402419026,True,0.01202066951318761,0.934802770614624
859664,729.518151385532,500,False,0.15404283718295383,True,0.01203579986915112,1.4406226873397827
860832,821.8541175238621,500,False,0.02549176271269739,True,0.011799456478064702,1.21589994430542
861280,703.5963724617875,500,False,0.15215605554832887,True,0.011911628593087786,0.9408140778541565
861504,846.9686995486571,500,False,0.04944553918369916,True,0.011989606470106474,0.9570209980010986
861520,864.9681634556888,500,False,0.047909506787087025,True,0.01205456337434085,1.0101734399795532
861840,804.8075312694652,500,False,0.08391970513334215,True,0.012060405310485812,1.9113337993621826
861984,694.8981510001845,500,False,0.16910614978936417,True,0.01204743429638629,0.807314932346344
862128,715.08031360149,500,False,0.08980806539302534,True,0.012058656141494204,0.7637261152267456
863568,787.110386754544,500,False,0.07768721179744185,True,0.012067645453247098,0.9117087125778198
863872,699.4240353807697,500,False,0.0967391771492285,True,0.011990262102919098,1.1864423751831055
863952,714.587540375471,500,False,0.15168110571607676,True,0.011991014712143564,1.0832685232162476
864592,819.6880614294171,500,False,0.10761188143283086,True,0.011979983554054356,1.1244851350784302
865232,840.9293894101019,500,False,0.0453829461777057,True,0.01183295313043631,1.018423080444336
865776,877.7077016054989,500,False,0.11479910319644958,True,0.011943695989168756,0.8991363048553467
866656,848.3181414842483,500,False,0.11933458020041321,True,0.0121794933869385,0.9244982600212097
866688,825.6231214423941,500,False,0.10499585942997841,True,0.01227140288918434,0.9430105090141296
867664,799.0265938408108,500,False,0.0538453393420267,False,0.012256174953191428,0.9284164905548096
868832,794.5201506524318,500,False,0.04858599558993627,True,0.012014124426697595,0.8856687545776367
869280,887.6056186506052,500,False,0.044602434126415055,False,0.011977134923637561,0.9023398160934448
869504,772.3805823694554,500,False,0.07312831049946066,True,0.011813644507213774,0.8615744113922119
869520,862.3681009100525,500,False,0.05154088624568853,True,0.011727478732791249,1.0088073015213013
869840,765.424519942126,500,False,0.06963068156943113,True,0.01172770855035006,0.8604595065116882
869984,836.0897388968185,500,False,0.02772844564327992,True,0.011729071011410973,1.340027928352356
870128,791.9506421154944,500,False,0.16153440220557289,True,0.01170969174049948,0.9022219181060791
871568,679.4588315752061,500,False,0.18967414549086575,True,0.011649252586651017,0.9019009470939636
871872,838.0426930124196,500,False,0.1221115397949392,True,0.011777117223650543,1.0056120157241821
871952,833.2902160655641,500,False,0.1072923744047971,False,0.011800228804910771,0.6874097585678101
872592,849.862931707575,500,False,0.0785724038465783,True,0.01180092891402215,1.0928677320480347
873232,741.5095017471504,500,False,0.11555656288500842,True,0.0118493393499633,0.9852807521820068
873776,867.8162375138305,500,False,0.06982555998003766,True,0.01186652019628383,1.0899841785430908
874656,793.2461609116903,500,False,0.10657867943890478,True,0.011952725953296354,1.3520491123199463
874688,781.3132749501224,500,False,0.07459523276777374,True,0.011930492212479073,1.2108120918273926
875664,719.1290264138519,500,False,0.15409621262868037,True,0.011925954444871954,0.6840296983718872
876832,782.6393784765211,500,False,0.11663701898896021,True,0.012142019445217346,1.5029065608978271
877280,768.5602046419363,500,False,0.13423564115345996,True,0.012358082367532264,0.9741880893707275
877504,768.5659288157095,500,False,0.06692980000969348,False,0.012252808991228445,1.4762437343597412
877520,678.7011227017167,500,False,0.13614550266699063,True,0.012219790952718489,0.9567161798477173
877840,769.7189275874375,500,False,0.06968130724900602,True,0.012220240627317353,0.9284648299217224
877984,854.3212105040373,500,False,0.061767165554061754,True,0.012196248993350572,0.8847121000289917
878128,823.3711942870754,500,False,0.0364641154956787,True,0.0121489958101225,1.1793571710586548
879568,808.7290075462901,500,False,0.09744165979079077,False,0.012140153018484265,0.7474926114082336
879872,822.3692834794784,500,False,0.04897023958511077,False,0.012126420296702316,1.4497536420822144
879952,805.7943002456171,500,False,0.06672093960172244,True,0.012170364201140753,0.78926682472229
880592,806.2226340703199,500,False,0.06533643727521828,False,0.012172740176724902,0.9053853750228882
881232,786.6560388315047,500,False,0.05140150601456995,True,0.012230428623667881,0.9708809852600098
881776,785.4392560660963,500,False,0.04990375601569085,True,0.012217971623345064,0.838815450668335
882656,820.4492991051628,500,False,0.022090039718796636,False,0.012080514822585245,0.9437527656555176
882688,839.5299633953629,500,False,0.021938053424956885,True,0.011876628570341366,1.0103344917297363
883664,789.4745292008486,500,False,0.05469834167709746,True,0.011882512125047736,1.0295319557189941
884832,834.0766644740196,500,False,0.08136139996587029,False,0.011884773104954121,0.8827652335166931
885280,696.0886209540663,500,False,0.11669406539655822,True,0.011765754992592315,1.099534273147583
885504,858.6833276723513,500,False,0.03316207902634603,True,0.011731823041152813,0.7166223526000977
885520,798.7724243303512,500,False,0.04991790355363195,True,0.011751506430702333,0.9797698259353638
885840,771.5974632189478,500,False,0.1363649945098,True,0.011757114479204125,0.8801444172859192
885984,754.5619952536857,500,False,0.15782608669983333,True,0.011827386758435803,1.2367398738861084
886128,790.6825687001839,500,False,0.03589366876639659,True,0.011805789842356309,0.9601069092750549
887568,765.0196418754897,500,False,0.11552752687063607,True,0.011743643593140406,0.7392131090164185
887872,850.9286215149309,500,False,0.05860438036392148,True,0.011614585118865876,1.035193920135498
887952,741.1158301242505,500,False,0.08508221980849806,True,0.01180470667691726,1.0457857847213745
888592,851.5079129929942,500,False,0.09601916598663984,True,0.011877393234613964,1.0656780004501343
889232,809.2140972674696,500,False,0.06668936428075782,False,0.011987598654352987,1.18324613571167
889776,764.5132842381034,500,False,0.07675436824301168,True,0.012000102341184586,0.8427873849868774
890656,895.3115591786686,500,False,0.01913001568543384,True,0.011964089214506748,0.830103874206543
890688,796.7156188172372,500,False,0.04925146443800288,False,0.0119973259320572,1.8553729057312012
891664,753.045590373924,500,False,0.2134150053219831,True,0.011993442011253526,1.3868069648742676
892832,816.289339673806,500,False,0.045003386286413434,True,0.011653747258334748,1.001723289489746
893280,794.3441737957977,500,False,0.0992062851930668,True,0.011473235959495237,0.8370822668075562
893504,748.9497527760526,500,False,0.22943412342636418,True,0.011500204740963452,1.124402403831482
893520,765.7757951492132,500,False,0.0471469235659371,True,0.011448270838975412,0.9706345796585083
893840,694.0043597381164,500,False,0.20324850785127346,True,0.011439298353697983,0.8368505835533142
893984,853.6633762903556,500,False,0.04790177980987511,True,0.01129087207335471,0.7668101787567139
894128,816.2218277407252,500,False,0.018856389580367706,True,0.01126623062508167,0.789638876914978
895568,794.8767229128185,500,False,0.069732029398319,True,0.011278487929200299,1.3540332317352295
895872,804.7724846429378,500,False,0.052847116470486816,True,0.01143333633772227,0.8645168542861938
895952,793.8481995314091,500,False,0.04398514670305393,False,0.011411860376363618,1.0528780221939087
896592,853.8054756728959,500,False,0.08951601774635576,True,0.011425812256468115,0.8516815900802612
897232,822.1374040751605,500,False,0.04371474070397307,True,0.01148277566492293,0.8296537399291992
897776,728.8675135439883,500,False,0.03625695900177894,True,0.011356584285493247,0.806402325630188
898656,806.8596990128925,500,False,0.042761461418152465,False,0.011290058765027285,0.9812418222427368
898688,807.045119052038,500,False,0.05060638155586638,True,0.011534479107268555,0.926922082901001
899664,789.4902514613539,500,False,0.05458135767160517,False,0.011519837423390276,0.7510060667991638
900832,847.1152566209006,500,False,0.06436637948501511,True,0.01143616001397837,0.9532668590545654
901280,759.0142457218733,500,False,0.142026895424205,True,0.011494423298044412,0.9642143249511719
901504,775.0709801689259,500,False,0.039044171896834165,True,0.011556766134364942,1.020302176475525
901520,880.4664493074418,500,False,0.03775239025337403,True,0.011533370891997102,1.0140538215637207
901840,810.7904365150634,500,False,0.03702294854034462,True,0.01153302439051106,0.7993442416191101
901984,849.4206673063063,500,False,0.0240201395024585,True,0.011653377948418269,1.2590816020965576
902128,685.249874891576,500,False,0.24411798475145033,False,0.011727536041477095,1.1592146158218384
903568,894.6275788418001,500,False,0.04895530849222983,True,0.011738217055539893,1.046297311782837
903872,783.2504799355775,500,False,0.0777063126400721,True,0.011789471420343624,6.234493255615234
903952,802.9786467400307,500,False,0.04692828226507483,True,0.011743324848388277,0.9609247446060181
904592,745.1669144167072,500,False,0.08412974721025265,True,0.01178417188714901,0.8017468452453613
905232,769.8802388348178,500,False,0.041982309852680845,True,0.012024083031823266,1.0724265575408936
905776,759.7941521122566,500,False,0.06003463104770094,True,0.012158386888761271,1.0476911067962646
906656,711.7919807718415,500,False,0.06915239901448193,True,0.012059589492995994,0.9286052584648132
906688,769.9977875242246,500,False,0.05410041453605852,True,0.012096348546219044,1.181382179260254
907664,871.6563667768323,500,False,0.08405554297628956,True,0.01210128501962252,0.871371865272522
908832,856.63348228627,500,False,0.020446826198996758,True,0.012090708962065159,1.0233955383300781
909280,752.0573342426344,500,False,0.1065605282969402,True,0.011918542031829456,1.081827163696289
909504,784.9921552473859,500,False,0.10396942332041223,False,0.01197543369249268,1.0375025272369385
909520,795.6875294087599,500,False,0.048543083680483656,True,0.012054169846753143,0.8599742650985718
909840,816.5797720641663,500,False,0.028129676770863494,False,0.01205660698135211,1.3190499544143677
909984,849.2058123117214,500,False,0.0769200830785245,False,0.01196798209665677,0.9998376965522766
910128,839.3315296027836,500,False,0.05173169327954975,False,0.012008823959635095,1.0239254236221313
911568,809.5168682539814,500,False,0.0471761776474607,True,0.012036724426772593,0.9884788990020752
911872,797.5577548040902,500,False,0.06331499338356197,True,0.012109983136505017,0.928358793258667
911952,595.0522228185694,500,False,0.4431938453347691,True,0.01200655558304684,0.8194650411605835
912592,809.2823526652537,500,False,0.049114786358748636,True,0.011999170082966576,0.9324622750282288
913232,873.1345398932887,500,False,0.03233263497520069,True,0.011987326577229514,0.9354230761528015
913776,799.7203695016888,500,False,0.04952121139592802,False,0.012070578502415065,0.8737920522689819
914656,746.220806085786,500,False,0.11574126348255849,True,0.012068235748428035,1.0152788162231445
914688,718.9255777247524,500,False,0.15141510445534337,True,0.01207390875838222,0.9081404209136963
915664,766.7703931561218,500,False,0.143976854060805,True,0.01207973167413571,0.993171215057373
916832,749.6480961374377,500,False,0.08354528975049275,True,0.012076690269759887,1.0210932493209839
917280,709.2527943769016,500,False,0.2837041004109759,True,0.011993833192784216,0.7964867353439331
917504,819.661448983994,500,False,0.031900728508666945,True,0.011907589212974152,1.0319576263427734
917520,751.5410156087434,500,False,0.09200171060021446,True,0.011893486437829493,1.54875648021698
917840,687.9687429729394,500,False,0.24892245836742696,True,0.011888777595162311,0.9401558041572571
917984,757.1033613370853,500,False,0.12218891238847529,True,0.011810479471447576,0.9399089813232422
918128,756.0099946708656,500,False,0.11165442162262053,True,0.011783900457006979,0.8164917230606079
919568,773.4648290582755,500,False,0.040267641309495346,False,0.011816265211095724,1.3925613164901733
919872,731.4132317792421,500,False,0.08166852875710646,True,0.011918657661492742,0.9518038630485535
919952,788.7851227917538,500,False,0.10769531237881555,True,0.011995961197068413,0.7527672052383423
920592,808.1678622860925,500,False,0.0860838819883342,True,0.012000664754201407,0.9866982102394104
921232,757.5597168756638,500,False,0.12052485322292557,True,0.01209995400625992,0.8039429187774658
921776,816.0431818365329,500,False,0.05712406662878014,True,0.011946532997964776,0.9604893922805786
922656,795.8227553352631,500,False,0.05667129478828224,False,0.011904223149210186,0.842532753944397
922688,748.6167414060184,500,False,0.0712084353638971,True,0.011765462095528296,1.1304550170898438
923664,823.6122826237315,500,False,0.04603501700818804,True,0.011753479617275452,0.8923961520195007
924832,732.3916598235197,500,False,0.19475238132876008,True,0.011848828589491144,0.9300843477249146
925280,676.5448024865847,500,False,0.2698352846635214,True,0.011723976598725639,0.9172314405441284
925504,721.3618954127029,500,False,0.026757638001547554,True,0.011835745749871106,0.9916322231292725
925520,880.2240461784385,500,False,0.04261251192146925,True,0.011895095803160697,1.1970953941345215
925840,764.5012151570608,500,False,0.09831611437851902,True,0.011896867662045799,0.8916501402854919
925984,797.1072113553612,500,False,0.05423628400157762,True,0.01189643657310565,2.136631488800049
926128,798.8814698085944,500,False,0.2205541452590564,True,0.011921535346579646,1.0046764612197876
927568,760.0952996824415,500,False,0.07646212570425152,True,0.01200424156246842,1.3878414630889893
927872,779.917119856071,500,False,0.055931305153128164,True,0.012085623236752005,0.9863542318344116
927952,746.4461774083477,500,False,0.08085283369101531,True,0.012089338352692653,1.0012249946594238
928592,780.448163762139,500,False,0.10314084624508621,True,0.012120841899298762,0.7654364705085754
929232,792.4096156660031,500,False,0.09423839874898562,False,0.012128956263386151,0.841336727142334
929776,779.7517981238211,500,False,0.04120887958713109,True,0.012176354599024124,1.152811884880066
930656,749.1066151639558,500,False,0.07043320478761345,True,0.01219664086123424,1.1324630975723267
930688,820.2508998746825,500,False,0.06856135184996641,True,0.012147112546773904,1.0525527000427246
931664,802.2203408544757,500,False,0.06206601679952101,True,0.012144835916843275,0.9365618228912354
932832,787.960808352444,500,False,0.06397136402895234,False,0.012195769900446584,0.76753169298172
933280,754.1010935368797,500,False,0.032792951922565754,True,0.012209057717457214,1.0787396430969238
933504,751.5496827072611,500,False,0.10275552353433647,False,0.012192910889785784,0.8761248588562012
933520,784.8011887581798,500,False,0.04318640107396297,False,0.01218203563246634,0.9712865948677063
933840,804.4928650676784,500,False,0.09242246104397094,False,0.012182706627998452,0.9060033559799194
933984,731.7963255171798,500,False,0.1183914955382365,True,0.01221001632844354,1.0673608779907227
934128,787.7016337868292,500,False,0.053083003902088956,True,0.012160090266541598,1.0155329704284668
935568,765.3853460527056,500,False,0.08594377126518617,False,0.012136911777858478,1.0781751871109009
935872,791.6545828362085,500,False,0.10226693618460374,True,0.01177306746245553,0.9836264848709106
935952,805.3008401264663,500,False,0.04287259303227871,False,0.011827479327927728,1.0588515996932983
936592,796.4843423750366,500,False,0.09365053091803129,False,0.01178058652497348,1.4250264167785645
937232,754.1266101130677,500,False,0.058928556478909114,False,0.011606249901517133,0.8450735807418823
937776,762.572603042174,500,False,0.10584773896670732,False,0.011752463223592882,1.083430290222168
938656,746.069900265054,500,False,0.0938298653689429,True,0.011898258984340462,1.057679295539856
938688,762.1033438697763,500,False,0.052724605563631,True,0.011695371889923381,0.8151372075080872
939664,798.1112031691763,500,False,0.11896812062528302,True,0.011692655154696276,0.8465597629547119
940832,788.2120536105571,500,False,0.11394813998273529,False,0.011929681912552179,1.001286506652832
941280,816.5448903632334,500,False,0.07004143367540804,False,0.011767791921910273,0.7884213924407959
941504,707.2117138078338,500,False,0.10546658854033028,True,0.011734663309995683,1.1848130226135254
941520,762.6787746759366,500,False,0.09186312506901993,True,0.011769902791876983,1.3918503522872925
941840,800.5220071099209,500,False,0.05340292093008254,True,0.01177429689202416,0.7343331575393677
941984,831.6144595378802,500,False,0.06911133230943066,True,0.011825810812537883,0.9680589437484741
942128,750.3672327613065,500,False,0.05432795812077027,False,0.011825052888102811,0.841184139251709
943568,800.1290717412988,500,False,0.04914892658994631,True,0.011867321319338972,1.2878804206848145
943872,821.5742949865323,500,False,0.06750649435610898,True,0.012021566944207309,0.9868147373199463
943952,857.4779538018724,500,False,0.03815980230640445,False,0.012132470239718321,1.0659034252166748
944592,793.5942205231165,500,False,0.05688272748741742,True,0.012127183857375469,1.1646840572357178
945232,771.9038127180504,500,False,0.10943579075775894,False,0.012140624132638358,0.8869473934173584
945776,832.3802957808218,500,False,0.0927201405529458,False,0.01197286095540783,0.8603973388671875
946656,859.8468291663158,500,False,0.23347991605451593,True,0.012034137440389406,1.386305809020996
946688,768.2425930087219,500,False,0.04846313319134928,True,0.012151175985725146,1.0555174350738525
947664,841.6345018515807,500,False,0.06661257794630551,False,0.012153452807549361,1.0793803930282593
948832,797.2779352397954,500,False,0.07581598534886232,True,0.011945136585745496,0.8480870723724365
949280,829.2433959440833,500,False,0.0647571309841088,True,0.011653847272099418,0.8497787714004517
949504,836.6817672732385,500,False,0.03793040901291989,True,0.011705770832310865,1.3232061862945557
949520,718.5384422685713,500,False,0.11770164816343319,True,0.011705137613408707,0.8444122076034546
949840,713.255557620464,500,False,0.1323853513720273,True,0.011705900000830355,1.0601823329925537
949984,739.095207364666,500,False,0.12462704645710469,True,0.01175291661416395,1.1488662958145142
950128,752.3961072876697,500,False,0.113944889402708,False,0.011728745547508503,1.6420698165893555
951568,732.0077063987136,500,False,0.12680694002673712,True,0.011716150929895168,2.3735430240631104
951872,742.1792100343797,500,False,0.09246956087157177,True,0.011649568362033538,1.030846118927002
951952,790.9900715460282,500,False,0.06322188683056876,True,0.011640367099589948,0.9554468393325806
952592,760.178133467114,500,False,0.1203545799057331,False,0.011663134478096228,1.0065107345581055
953232,748.9665369894541,500,False,0.18141960897800008,False,0.011591134204479934,0.8378550410270691
953776,760.9092387396802,500,False,0.060068500690418074,True,0.011573837036803437,0.7720561623573303
954656,763.364752198432,500,False,0.11202300349519682,True,0.011590661325443057,0.7681548595428467
954688,792.3036181452678,500,False,0.0539417435248418,True,0.011569922114918614,0.9967436194419861
955664,735.852290362667,500,False,0.06199728838083484,True,0.011571416464797516,1.0228755474090576
956832,814.1506571167705,500,False,0.07464458036316383,True,0.011836322160989008,0.7262929081916809
957280,803.6003195755566,500,False,0.06538047379500446,True,0.011878683542403774,0.9716524481773376
957504,708.1472435515893,500,False,0.10037492991344173,True,0.011862994586415418,0.8969001770019531
957520,739.2493963119326,500,False,0.07799983072569333,True,0.011861619837016578,0.7520607113838196
957840,797.8595321741668,500,False,0.06832268313598454,True,0.011859972918924537,0.7855218648910522
957984,766.6363963365011,500,False,0.052571476156349495,True,0.011872180664817673,1.1539912223815918
958128,838.8394558925743,500,False,0.054971884443569256,False,0.011888874548130136,1.0592000484466553
959568,788.778251385114,500,False,0.09761590216800409,True,0.01188490238869456,0.7965734004974365
959872,684.21341443659,500,False,0.15959743128369502,True,0.011432345218362927,0.7524368166923523
959952,767.8353675341166,500,False,0.09628521228035589,True,0.011463239573340778,1.0000771284103394
960592,743.8936929220197,500,False,0.053616350322421034,True,0.011458215239834823,0.8204740285873413
961232,803.8678037732319,500,False,0.18716597529692527,True,0.011303441943193281,0.9130200743675232
961776,686.7167181530008,500,False,0.18064234371387816,True,0.011137948920348818,0.9633212089538574
962656,801.498373676272,500,False,0.06782242395037147,True,0.01130011751151532,1.2730810642242432
962688,802.4733758566116,500,False,0.06699348451775206,True,0.011289455064109395,1.1559323072433472
963664,716.5826366649694,500,False,0.15146381503642642,True,0.011298708325659042,0.7099299430847168
964832,733.0305402012083,500,False,0.07353233108362832,True,0.011544295533347654,1.0097203254699707
965280,842.3874563871756,500,False,0.08412788001760418,True,0.011728170951739336,1.4952337741851807
965504,779.9945187360869,500,False,0.09530405090453857,True,0.01167750412100004,0.9841347932815552
965520,755.1409679413404,500,False,0.04956960898601675,True,0.011672864508078237,0.7071019411087036
965840,706.4062631299716,500,False,0.14826403661584966,True,0.01168032321076785,1.0645438432693481
965984,792.9825914990058,500,False,0.04773484148707126,True,0.011699123569009968,2.017669200897217
966128,729.3214093607319,500,False,0.16278739868286388,True,0.011670890500795571,1.0751464366912842
967568,710.4718217391204,500,False,0.10503247684832741,True,0.01159369097322274,0.7733455300331116
967872,838.3532450828568,500,False,0.05126425802489914,True,0.01159413196416079,0.7947549819946289
967952,765.2509774658935,500,False,0.08033855600325679,True,0.011626842498117143,0.9213322401046753
968592,770.6356616358909,500,False,0.07910390264068538,True,0.01163032822469341,1.1188005208969116
969232,782.2025906569719,500,False,0.18171544982968527,True,0.011638962751657229,1.2798030376434326
969776,851.7070457435759,500,False,0.10686349760503083,True,0.011668618535543759,0.9226590394973755
970656,810.9144755610918,500,False,0.040230170015985736,True,0.01173625239999424,1.209830403327942
970688,861.39740285249,500,False,0.035462294592278815,False,0.011930250422570043,1.034448266029358
971664,844.6570775850192,500,False,0.013996789245619425,True,0.011949843764224848,1.0434355735778809
972832,798.0290306366803,500,False,0.0390860376502611,True,0.012003427691961801,0.9872207641601562
973280,870.2042674582798,500,False,0.06934709447540882,False,0.011860196852870144,0.897449254989624
973504,867.5474980354729,500,False,0.043594250801820465,True,0.011951669189632901,0.7294796705245972
973520,805.2141596087106,500,False,0.048959349887454116,True,0.011782385381827626,0.7516143321990967
973840,811.4127779324765,500,False,0.04268944053299325,True,0.01178264253662669,1.004211187362671
973984,725.0048637975282,500,False,0.18022237085825585,True,0.011891100914377688,0.9026815295219421
974128,757.5062528520184,500,False,0.05160231711660692,True,0.011902556820047696,0.8318660259246826
975568,718.2454900806764,500,False,0.08099408844438322,True,0.011864258789552625,1.0988048315048218
975872,861.5108221540344,500,False,0.026241862993136696,False,0.0120036177756904,0.9348033666610718
975952,767.0099720649749,500,False,0.03808951375719047,True,0.012043299182917718,0.8256374597549438
976592,835.249005501449,500,False,0.03516173223701747,True,0.012039432096338546,0.8013159036636353
977232,757.7219965813777,500,False,0.11943041199771355,True,0.01213576776617032,1.127673864364624
977776,864.3759596760798,500,False,0.07978629045757998,True,0.012270228618862431,1.3011327981948853
978656,840.2264139510659,500,False,0.0351773662236913,False,0.01239688640918172,0.9001983404159546
978688,763.077295022838,500,False,0.09981704334313042,True,0.012495155627375742,0.8321013450622559
979664,814.5161852878539,500,False,0.03335377294092085,True,0.01250963790813216,0.987776517868042
980832,903.4161845032647,500,False,0.07094066020303307,True,0.01247737518882212,1.1419270038604736
981280,805.9789581861731,500,False,0.10872862111396749,True,0.012565734510958175,1.5530052185058594
981504,854.7948280167767,500,False,0.08967707230596299,True,0.012466802906750113,0.810962438583374
981520,849.2516600951085,500,False,0.05215514640173895,True,0.012445229267491474,0.8833301067352295
981840,804.3555325398889,500,False,0.09324645491155623,True,0.012446816821361516,0.8353195190429688
981984,831.3594749069838,500,False,0.054149435403632526,True,0.01241657789483304,1.1346174478530884
982128,878.8920242414825,500,False,0.06728704877689816,True,0.012317810879224594,0.8153388500213623
983568,791.6083274475782,500,False,0.048860602607224045,True,0.01236081475216479,1.3178002834320068
983872,824.7716794295195,500,False,0.03026082266684229,True,0.012494064606768511,1.0698562860488892
983952,800.1569885531491,500,False,0.06567040456354938,True,0.012568240020482157,1.1280993223190308
984592,912.8055784553445,500,False,0.046312321543650684,True,0.01255401739885766,1.0944602489471436
985232,848.5535728168227,500,False,0.02846309549800278,True,0.012460343955229046,0.9649880528450012
985776,901.9469818136231,500,False,0.0389079654652439,True,0.012396570075297606,1.0647313594818115
986656,832.4475636193196,500,False,0.02002678668712895,True,0.012534070366096828,0.9845121502876282
986688,834.398402646079,500,False,0.07768747221974837,True,0.01244023155882866,0.9992753267288208
987664,835.4389920784805,500,False,0.04370905755501961,True,0.012454148989792751,1.0611655712127686
988832,812.0371797599842,500,False,0.05836175095891328,True,0.012312232283623725,0.899490475654602
989280,798.0036860810224,500,False,0.03880294279468312,True,0.012442414638880229,1.2121833562850952
989504,823.6082335196413,500,False,0.0407714308375657,True,0.012332210429982966,1.7529455423355103
989520,877.793159717331,500,False,0.009810493042100854,False,0.012248167201971995,1.003225326538086
989840,843.3001257573411,500,False,0.039014386458140086,True,0.012247828743153336,0.999539315700531
989984,793.3196554520848,500,False,0.06780635963521912,True,0.012277107092340445,0.7764750719070435
990128,841.3104030458014,500,False,0.03947735904412524,False,0.012328323487732778,1.055616855621338
991568,774.9113493741459,500,False,0.07733638309350716,True,0.012353701219122335,1.140675663948059
991872,767.6566593011585,500,False,0.09477912768825995,True,0.011956705432447014,1.1348388195037842
991952,701.635526456915,500,False,0.10005612410265026,True,0.011902110433193582,0.9427112340927124
992592,789.9083986671001,500,False,0.14028838164588125,True,0.011920340768966996,1.0487698316574097
993232,735.416611428479,500,False,0.12380895915685737,True,0.01195386365472766,0.9215357899665833
993776,809.0573001760325,500,False,0.027387696244503715,False,0.011921242836204632,0.879214882850647
994656,782.9458881663023,500,False,0.05943549897698832,False,0.01201120237553268,0.8330870270729065
994688,759.3510334941709,500,False,0.1144758650946071,True,0.012000605095868463,0.9405851364135742
995664,839.3895383802737,500,False,0.02448942022180107,True,0.012006891060941728,0.7697148323059082
996832,805.7011784393258,500,False,0.026399659737088327,True,0.011857154722225129,0.762201726436615
997280,574.3297141556126,500,False,0.474101671168425,True,0.01171939602468197,1.3013980388641357
997504,823.3768835048273,500,False,0.08621047096921174,True,0.011594414758005843,1.020185947418213
997520,808.4668898465007,500,False,0.043559279735823984,True,0.01157144610882415,1.099303960800171
997840,849.4941687628911,500,False,0.06713972813410644,True,0.011568439345271974,0.8511554598808289
997984,774.3307047344068,500,False,0.06954163099872786,True,0.011623981203809704,0.9871882200241089
998128,896.472494188472,500,False,0.07593835013820167,True,0.011533108287605016,1.2871626615524292
999568,735.8853983757538,500,False,0.044584243389304716,True,0.011484151846436612,0.7161500453948975
999872,781.3447959683565,500,False,0.07062995484716104,True,0.01155304232077197,1.1096688508987427
999952,817.9039985118617,500,False,0.0036972746880018638,False,0.011620086117540665,0.7765169143676758
1000592,834.3843350506273,500,False,0.014687505434080374,True,0.011681606543814697,0.7883696556091309
1001232,858.5926467406224,500,False,0.039718100056155066,True,0.011685916134726566,0.9015681743621826
1001776,837.6201485026658,500,False,0.05054965656638922,True,0.011668426239918166,0.8837542533874512
1002656,800.7794118218237,500,False,0.0513577377770564,True,0.011776283877716285,0.8648967742919922
1002688,832.9364725719967,500,False,0.06963139608743119,True,0.011725556329132667,1.0369751453399658
1003664,821.0161999769593,500,False,0.06155447621606362,True,0.011738522603714482,0.932907223701477
1004832,766.1784476071914,500,False,0.042280431908433364,True,0.011657878241391828,0.8886525630950928
1005280,836.605014864195,500,False,0.058075479317821026,True,0.011693791656320411,0.9965848326683044
1005504,836.0471225005042,500,False,0.04712188850889274,True,0.011759518226003126,0.8828697204589844
1005520,870.9884519918811,500,False,0.051836845934823815,True,0.011677715031726455,1.0009723901748657
1005840,913.6245898907492,500,False,0.022547237311747667,False,0.011680426741775819,0.8529330492019653
1005984,826.97363904409,500,False,0.012948439376615503,True,0.011716621996348592,0.8426954746246338
1006128,852.5505921064558,500,False,0.042193777997419496,False,0.011741078717711831,0.7425094842910767
1007568,841.8780329198437,500,False,0.057367079261558984,False,0.011752012091872219,0.8482863903045654
1007872,887.9727968128581,500,False,0.029696308391767606,True,0.01153861668402975,1.3276561498641968
1007952,876.5137392168065,500,False,0.030739687638919433,False,0.011521529721660496,0.8483446836471558
1008592,828.1387923327962,500,False,0.06222999861209776,False,0.011526893317859268,0.8538590669631958
1009232,810.9552851349396,500,False,0.07061974914886673,True,0.011528562245283695,0.7447500824928284
1009776,802.0317028467246,500,False,0.06821740872333042,True,0.011452477401630879,0.8500572443008423
1010656,873.9208102687039,500,False,0.04818293833064791,True,0.011350796583233003,0.9319708347320557
1010688,791.050502099734,500,False,0.03604416398676516,True,0.011245724777839241,0.9493381977081299
1011664,877.0369214689467,500,False,0.06244222115640162,True,0.011238130485666884,0.823168158531189
1012832,842.5016572888524,500,False,0.07599542271985427,True,0.011406133246815294,0.7808704972267151
1013280,802.4989199334998,500,False,0.04350388885580493,True,0.011235529457139227,1.0778915882110596
1013504,813.8829223104673,500,False,0.07072392272113337,True,0.011115600033766437,0.8503736257553101
1013520,797.679129212226,500,False,0.07607398580140882,True,0.01103397372900375,0.7737581729888916
1013840,877.6481311005062,500,False,0.03544103778932878,True,0.011031105571124427,0.9624651670455933
1013984,778.1387819350372,500,False,0.12285835303312581,True,0.011046981859904215,0.931370198726654
1014128,772.1259828921286,500,False,0.13372047620469069,True,0.011034527746259737,0.979978084564209
1015568,814.3095118726491,500,False,0.0342669213638576,True,0.011028946903104294,0.7168698310852051
1015872,801.7907349104933,500,False,0.07305143442795484,True,0.011085977011158796,1.0521167516708374
1015952,789.1920614634362,500,False,0.03500786642735541,True,0.01109133647563256,1.077816128730774
1016592,784.9897365134815,500,False,0.0185096410211662,True,0.011122480945009741,0.9096841812133789
1017232,805.8872957559182,500,False,0.1291139064775,True,0.011241211480051142,0.8775238394737244
1017776,727.6604084652603,500,False,0.13575064280882115,True,0.011209855953777449,0.8639262318611145
1018656,777.5811767899395,500,False,0.1242512988342672,True,0.011117668609947989,1.02370285987854
1018688,850.1505710826458,500,False,0.0730610581354948,False,0.010907324391435713,1.0397932529449463
1019664,758.9569742120443,500,False,0.0999847265870612,True,0.010919670928456792,1.0416748523712158
1020832,765.5121525283236,500,False,0.09407780371820186,True,0.011095842905068418,0.7171659469604492
1021280,828.7167304366898,500,False,0.0875223319476191,True,0.010971835555750277,1.0434682369232178
1021504,760.4474487866538,500,False,0.07405642179613058,True,0.010868565751650613,0.8063863515853882
1021520,854.128859341481,500,False,0.03433399904392161,False,0.010860425795060928,0.8598321676254272
1021840,845.0856439040454,500,False,0.024996912938067578,True,0.010854303001123531,0.6847166419029236
1021984,823.8911534350335,500,False,0.03571120404139731,True,0.010859943459169996,0.8092726469039917
1022128,796.7178002181562,500,False,0.06853260425899775,True,0.010862415517549505,0.953342616558075
1023568,823.5470626180202,500,False,0.04334554604747127,True,0.010912134651698671,0.9672359228134155
1023872,819.8507962396166,500,False,0.12283316963892273,True,0.011081073525986581,1.0860164165496826
1023952,786.5584040815444,500,False,0.05541286407941631,False,0.011133664513742456,1.0267488956451416
1024592,816.4144281153949,500,False,0.07650654896778836,False,0.01113042904685487,0.7440623044967651
1025232,811.019770059383,500,False,0.0395543132142483,True,0.011230178236911876,0.9125218987464905
1025776,801.6235790091246,500,False,0.06746723547894484,True,0.011197689407953754,0.8802792429924011
1026656,840.7844416611817,500,False,0.06658024978689885,False,0.011239493074489626,0.6639068722724915
1026688,758.948498332583,500,False,0.06774927316636574,True,0.011247297797256642,0.7403478622436523
1027664,730.744420704203,500,False,0.13136092719424344,True,0.011256448423226805,0.846643328666687
1028832,870.8271464491605,500,False,0.028659099961511163,True,0.011183233618978822,0.9822032451629639
1029280,762.7302472651836,500,False,0.08817220489973039,True,0.011012163059382237,0.8480101823806763
1029504,791.9498619529993,500,False,0.04975985418548387,True,0.01100673726606532,0.7912514805793762
1029520,779.0187778840906,500,False,0.04209203499480048,False,0.010947993501186309,0.7790883779525757
1029840,770.5671079591849,500,False,0.09628811642555851,True,0.01094068771825006,1.0406943559646606
1029984,796.2677028191486,500,False,0.11666994406477157,True,0.010964943624233751,0.7265065312385559
1030128,864.1041570371194,500,False,0.04551196553477296,True,0.01096465022967536,0.8840564489364624
1031568,817.1057817970456,500,False,0.07448829997380593,True,0.010964222710646029,0.5546079874038696
1031872,792.0400802200294,500,False,0.036618944193137604,True,0.011067545508520873,0.7624333500862122
1031952,856.0748762920892,500,False,0.05280199429454132,True,0.011066411879295846,0.91535884141922
1032592,739.445320966269,500,False,0.11349516111620743,True,0.011069018436856313,0.6749546527862549
1033232,790.9672157575651,500,False,0.07992595489044968,True,0.010864296392914941,0.7160582542419434
1033776,812.8607636004562,500,False,0.04629056139643407,True,0.010875114069008488,0.9329029321670532
1034656,740.676649770319,500,False,0.09840984240715248,True,0.010687974973305963,0.889946460723877
1034688,851.574149400671,500,False,0.05542575686969688,False,0.010597357127285703,0.8566011190414429
1035664,800.623846683035,500,False,0.05245919040833906,True,0.01058039280050624,0.6559630632400513
1036832,876.1559963996468,500,False,0.0722257741346955,True,0.010585108456169839,0.8269799947738647
1037280,739.7076598489954,500,False,0.07520579680661894,True,0.01074618801631711,1.1210968494415283
1037504,803.1478593564141,500,False,0.04131200081106311,False,0.010709118311559183,0.6963248252868652
1037520,822.4099879979063,500,False,0.04536153904720177,True,0.010706435164338802,0.781993567943573
1037840,829.4138799699087,500,False,0.07719216842221584,False,0.010704622152143803,0.8446083068847656
1037984,787.3142717765704,500,False,0.045904453996955086,True,0.010626453522509413,0.8420486450195312
1038128,807.4724102869358,500,False,0.07126844711563102,False,0.010604518404695019,0.6945425271987915
1039568,743.561322295154,500,False,0.19671122155342224,True,0.01058902764336372,0.7962023615837097
1039872,735.2205943189845,500,False,0.11820010813331062,True,0.010793706997456425,0.8964524865150452
1039952,802.2305542280299,500,False,0.052485597943020545,True,0.010651210245347357,0.9623417258262634
1040592,794.7755560726342,500,False,0.06144025726289565,True,0.010607680465734121,1.1384809017181396
1041232,796.9352250829833,500,False,0.07227980516031772,False,0.01059144527402234,1.0088379383087158
1041776,822.1465553393895,500,False,0.04728172724276722,False,0.010613623958760114,0.8710831999778748
1042656,809.414121825244,500,False,0.09626051802652863,True,0.010622183689951959,0.7465579509735107
1042688,841.7403192949515,500,False,0.02669398984673247,True,0.010711069734365815,1.2861437797546387
1043664,785.7024471034663,500,False,0.09437343456307615,True,0.010715460530324853,0.6766751408576965
1044832,753.5591904762781,500,False,0.04343569165368758,True,0.010530107565994927,0.6901358366012573
1045280,776.7891099195542,500,False,0.07375979836724132,True,0.010542134777503395,1.031714677810669
1045504,854.8947225523218,500,False,0.05263818178429583,True,0.010646728576577828,0.878685712814331
1045520,793.1039407601053,500,False,0.05824872226385464,True,0.010685419551306462,0.9128402471542358
1045840,740.062215802489,500,False,0.08792387615754946,True,0.010685411288359849,0.7261579632759094
1045984,768.9734535715031,500,False,0.04381796777021307,True,0.010663346576668113,1.300300121307373
1046128,828.6126951520042,500,False,0.07162880813756384,True,0.010630437368198216,0.9196137189865112
1047568,808.8004120442858,500,False,0.028034067099181256,True,0.010645589291762366,0.766321063041687
1047872,819.0580060638754,500,False,0.05207024606261933,True,0.010731108776416207,1.0136263370513916
1047952,854.1881839949201,500,False,0.08119597807123882,False,0.010752187935518758,0.7674086689949036
1048592,788.5469460423536,500,False,0.02972236574622163,True,0.010766783402414229,0.831488311290741
1049232,766.4128394077351,500,False,0.11677904320844462,True,0.010709708018594026,0.7663816809654236
1049776,818.918890459495,500,False,0.03803406218976967,True,0.010795550564842018,0.8597682118415833
1050656,814.1794368639513,500,False,0.06561588783090197,True,0.010918302880447033,0.8623867034912109
1050688,791.7552564286315,500,False,0.040496148496317594,True,0.011057258731022975,0.683504581451416
1051664,811.5650763366149,500,False,0.09058491539629673,True,0.011061428072282225,0.8664796352386475
1052832,837.736790298525,500,False,0.16818300718322912,True,0.011352611250274286,0.6634649038314819
1053280,797.0017612744663,500,False,0.060646595144389935,True,0.011221673892425245,1.4265034198760986
1053504,824.4850295760391,500,False,0.09809989439822288,False,0.011152134886978738,0.8858720660209656
1053520,742.9519756397831,500,False,0.08492732465420111,True,0.011235252272932017,0.6275629997253418
1053840,859.4869563090261,500,False,0.04089472545109058,True,0.011236194275529325,0.7535017728805542
1053984,769.4194860154741,500,False,0.10711442029854312,True,0.01116746735559649,0.9775502681732178
1054128,848.477368521909,500,False,0.06088255756146773,False,0.01116114784903618,0.8578444719314575
1055568,850.6454924910284,500,False,0.06528996202404998,True,0.01117441339543672,0.9334715604782104
1055872,826.0124108403484,500,False,0.0693043891261161,True,0.011123470460638614,0.705575704574585
1055952,708.2743088470812,500,False,0.13500274200487178,True,0.011244276673793092,0.9132610559463501
1056592,767.0191858071815,500,False,0.11763394183963682,True,0.011341156586641036,1.1033068895339966
1057232,753.1158838167704,500,False,0.10648103387900021,True,0.011187825327807197,0.8488292098045349
1057776,752.5865371769592,500,False,0.10037499200800856,True,0.011299879025837779,0.8047046661376953
1058656,828.6664407741141,500,False,0.0537422853847703,True,0.01134112453678959,0.9170655608177185
1058688,768.2742407973265,500,False,0.05855101495516144,True,0.01145050190202942,0.7176806330680847
1059664,795.1085653025431,500,False,0.02382216505950574,True,0.01145441996579866,0.6593441963195801
1060832,869.7360208257293,500,False,0.055899972444237146,True,0.011612037749504353,0.8276038765907288
1061280,728.6446040493373,500,False,0.11919186925250413,True,0.011678562944619955,0.8116485476493835
1061504,813.5958370509991,500,False,0.10340538127560643,True,0.011685964418804226,0.7606542110443115
1061520,859.2480251280092,500,False,0.04360931666094627,True,0.011671782332327095,0.6803665161132812
1061840,908.8163493774108,500,False,0.035616862268142785,True,0.011671495899965228,0.8555207252502441
1061984,833.8201423677888,500,False,0.055081938939346,True,0.011671113180919365,1.0980560779571533
1062128,807.7987255404141,500,False,0.07026497793706404,True,0.011568632704534098,0.6374055743217468
1063568,787.8994450855904,500,False,0.14747819816447943,True,0.011561883777242137,0.7793537974357605
1063872,729.6661405077291,500,False,0.09941165523890576,True,0.011359394569065932,0.7592099905014038
1063952,760.2130510263083,500,False,0.07404739491010195,True,0.01139012785369435,0.6194559335708618
1064592,805.5446078068845,500,False,0.12041598835166717,True,0.011391016532090353,0.8722612261772156
1065232,839.3997037064728,500,False,0.04822405011984845,True,0.011617248319807448,0.8263377547264099
1065776,876.443215658838,500,False,0.04213897081478987,True,0.011549987495502435,1.1047565937042236
1066656,757.9643107594374,500,False,0.0632784826564233,True,0.011381803280956693,1.1359155178070068
1066688,828.5481221385769,500,False,0.030981682016013094,True,0.011671290749120242,0.9554953575134277
1067664,815.088455630313,500,False,0.15168218260249655,True,0.011685570219536819,1.5856467485427856
1068832,859.1697731952157,500,False,0.02190984407233062,False,0.011636784613862654,0.8649831414222717
1069280,741.9066325275852,500,False,0.08414391797668644,True,0.01162494615367627,1.064072608947754
1069504,814.5788032557081,500,False,0.12493033171972921,True,0.011658021080837157,0.8008356094360352
1069520,872.2226964206204,500,False,0.04056598597378645,True,0.011655609115364642,0.991976261138916
1069840,780.911068774862,500,False,0.10187458190747013,True,0.01166405316732017,0.8985497951507568
1069984,808.1696026065498,500,False,0.0825200159092959,False,0.011652611264499005,0.7014954686164856
1070128,807.4474102524898,500,False,0.09494648659611479,False,0.011669665249305338,0.8086350560188293
1071568,878.536723073988,500,False,0.06194581023386853,True,0.011671543121295702,0.7857896089553833
1071872,744.032038166621,500,False,0.0986113311610648,True,0.011477752940433083,0.8082032203674316
1071952,844.6030082202234,500,False,0.05340053397764575,True,0.011528281953071394,0.8466420769691467
1072592,794.029869262669,500,False,0.06173965191097168,True,0.011504000031137468,0.9892156720161438
1073232,812.874174560069,500,False,0.024283506309524996,False,0.011254522868452747,0.7687197923660278
1073776,734.922243609304,500,False,0.11282798685290345,True,0.011233839907037,0.6332197189331055
1074656,806.3719432281713,500,False,0.0740565632882832,True,0.011361735233632863,0.6754344701766968
1074688,754.733985753264,500,False,0.06845022929271787,True,0.01138061619219731,0.5749391317367554
1075664,791.2061233900395,500,False,0.08049398344083644,True,0.011402240634070734,0.6844595074653625
1076832,882.5467027827342,500,False,0.04042842745914865,True,0.011188213448144737,0.6041951179504395
1077280,837.9962829704536,500,False,0.0716485308650606,True,0.011161359865626972,0.7093260288238525
1077504,792.1451864254644,500,False,0.11170330514607577,True,0.011080570821338773,0.7132182121276855
1077520,828.8289425871264,500,False,0.10101817144193266,True,0.011024459776711421,0.8553110361099243
1077840,823.1423217049959,500,False,0.06576864726236749,True,0.01102414205511467,0.6314915418624878
1077984,851.8092489488627,500,False,0.15386885816074877,True,0.011101076211815,0.6172453761100769
1078128,792.9201736199827,500,False,0.08132428662773426,True,0.011155715746104966,0.6709696054458618
1079568,830.4911797752452,500,False,0.07070020255321931,True,0.011166880954351264,0.6705053448677063
1079872,841.5414628043778,500,False,0.05563940193845235,True,0.011478750511286887,0.6030356884002686
1079952,876.0995606537472,500,False,0.053098534621480314,False,0.011537381422946136,0.831124484539032
1080592,815.9900993983556,500,False,0.06336178330474301,True,0.011480501329780205,0.646112859249115
1081232,799.7292872490256,500,False,0.0416797347355564,True,0.011276613289002133,0.8193129301071167
1081776,818.6031982593328,500,False,0.06620867129162934,True,0.011369713373858989,0.677490234375
1082656,823.8042431210089,500,False,0.044442180055385486,False,0.011357422968806062,0.5692951679229736
1082688,834.054216262871,500,False,0.06023524949078145,True,0.011319733384816748,0.8021382093429565
1083664,869.4109647291524,500,False,0.06634723019205586,True,0.01132534642232349,0.7075079679489136
1084832,893.3102780808255,500,False,0.06989711700839536,True,0.011504160615926266,0.6257302761077881
1085280,773.7522257357872,500,False,0.07085035245095525,True,0.01158586381416414,0.6408650875091553
1085504,843.633919553623,500,False,0.02839032870931459,True,0.01158196467904103,0.7234885096549988
1085520,794.7563608067775,500,False,0.05775408501005462,True,0.011496996651821051,0.8100942373275757
1085840,828.472098880001,500,False,0.06678264259415136,False,0.011512842234122684,0.7431553602218628
1085984,796.9910937898499,500,False,0.0731270983994365,True,0.01149718909795483,0.55595862865448
1086128,783.8852498652072,500,False,0.04324854923023308,True,0.011432892603541222,0.7444766759872437
1087568,844.0166643056785,500,False,0.039875310099920215,True,0.01137587483097263,0.8013560771942139
1087872,826.0879270250481,500,False,0.05456372269355211,True,0.011352997447758258,0.8253196477890015
1087952,830.830916032763,500,False,0.027629193905807536,True,0.011195945828778859,0.6935814023017883
1088592,844.6065033618635,500,False,0.01691120407048589,True,0.01118031915948559,0.665805459022522
1089232,765.7917434131684,500,False,0.11924757590004864,False,0.011132207901908716,0.6935441493988037
1089776,849.1916337594175,500,False,0.07562124242879663,True,0.011054954190436969,0.6064503192901611
1090656,834.9330331316755,500,False,0.0301250865736696,False,0.011050856250362229,0.6309554576873779
1090688,822.5056149763892,500,False,0.02934216523012435,False,0.01101876470847727,0.985637366771698
1091664,883.5016865710136,500,False,0.031586651185373904,True,0.011010886328767726,0.5437581539154053
1092832,768.9134039528632,500,False,0.07233225921204156,True,0.011004135022791118,0.5084736347198486
1093280,800.2639169076915,500,False,0.07952933460992138,True,0.011262919271581379,0.7421194314956665
1093504,804.6060192602579,500,False,0.03682436627322224,True,0.011181835449179245,0.6558085083961487
1093520,879.9916275254645,500,False,0.015147391668641524,False,0.011201898796031992,0.6916540265083313
1093840,810.9416420928895,500,False,0.13456281695855263,True,0.011201008860786793,0.5605570077896118
1093984,883.9154653135449,500,False,0.04525921772655863,True,0.01118407003914102,0.584500789642334
1094128,804.8108527250804,500,False,0.049046954261051795,True,0.011168410998687964,0.8186477422714233
1095568,723.2471373357173,500,False,0.04338844069624284,True,0.01119772261008079,0.8484245538711548
1095872,888.5365568955382,500,False,0.0116571287316132,True,0.011105214179494324,0.7980668544769287
1095952,815.3410447605789,500,False,0.05101738905851113,True,0.01112221173768375,0.7624608278274536
1096592,840.5049880914025,500,False,0.02875267902597943,True,0.011187720046822478,0.7198981642723083
1097232,852.9488074843372,500,False,0.03819434153703167,True,0.011232491380794067,0.633290708065033
1097776,808.5459493204924,500,False,0.09764340818707727,True,0.011112345447282896,0.6288021802902222
1098656,792.1430020396672,500,False,0.0696370601744603,True,0.011007783791745855,0.631300151348114
1098688,832.5418260299352,500,False,0.1021698033624379,True,0.011210364497604772,0.6301881074905396
1099664,866.1269198711763,500,False,0.05186216321130719,True,0.011225573116947352,0.7430573105812073
1100832,799.1082692550236,500,False,0.04303797521546826,True,0.011113179548877649,1.5043504238128662
1101280,799.0248596299348,500,False,0.0821722198348481,True,0.011073627377245486,0.5480621457099915
1101504,798.4901058092372,500,False,0.09810898142060322,True,0.01096645206902352,0.6862541437149048
1101520,797.9843033836821,500,False,0.0302403891654043,True,0.010988263587015115,0.9357330799102783
1101840,890.4668957198945,500,False,0.03605191393642776,True,0.010993160842796954,0.7188918590545654
1101984,771.3433499467388,500,False,0.13932773998383585,True,0.011023861304489626,1.1335712671279907
1102128,797.4456134495606,500,False,0.06677535674443962,True,0.011027285030116395,0.8002816438674927
1103568,815.9157827229511,500,False,0.05131892712137932,True,0.010988876541912277,0.6000424027442932
1103872,798.8341599577548,500,False,0.0670659319856483,False,0.010810976645433,0.6207262277603149
1103952,794.1463943862655,500,False,0.09060514083233959,True,0.01070737793882616,0.7286319732666016
1104592,842.5403862336102,500,False,0.01484006556681278,False,0.010696755659905376,0.6700050234794617
1105232,833.442897708283,500,False,0.033985882751952294,False,0.010738868322050277,0.9599512815475464
1105776,758.8168846683533,500,False,0.06989540648879135,True,0.0107818706014036,0.5438926219940186
1106656,745.2049307326124,500,False,0.1573463709991801,True,0.010818455959095266,0.8021566867828369
1106688,761.2427975296814,500,False,0.16418598706239307,True,0.010964898553475284,0.622847318649292
1107664,624.7985520265757,500,False,0.1976352688826394,True,0.010975567528755833,0.5604631900787354
1108832,807.2434774092161,500,False,0.032865468102141485,False,0.011238551899899649,0.5735885500907898
1109280,832.9722154663023,500,False,0.03814984360846943,False,0.011229605004460437,0.7242662906646729
1109504,827.1744497890684,500,False,0.052526082332382776,True,0.011149191092047416,0.5819852352142334
1109520,871.3019505537837,500,False,0.05453739628987387,True,0.011120117421543098,0.7133769392967224
1109840,818.6699170131353,500,False,0.04862788764766768,True,0.011123633505040227,0.6864251494407654
1109984,822.242042282513,500,False,0.020578616289580947,True,0.01119990384840676,0.7932364344596863
1110128,778.0789592514943,500,False,0.044257912339065515,True,0.011240563567642275,0.7799306511878967
1111568,825.6084369412513,500,False,0.0930681366590772,True,0.011199776588607763,0.7827296257019043
1111872,849.1059276330275,500,False,0.04112013351567197,True,0.011215261548158424,0.5611377954483032
1111952,823.5431717860722,500,False,0.05603219955047747,True,0.011146955287071488,0.9532220363616943
1112592,824.6598454499551,500,False,0.023656267118166346,True,0.011105851740537511,0.6823635101318359
1113232,783.4079771676476,500,False,0.05249835667431522,True,0.011000453069265686,1.0814871788024902
1113776,767.2408588738915,500,False,0.0594937514475037,True,0.010992992744116806,1.3869999647140503
1114656,783.6766810296893,500,False,0.13221312698509996,True,0.010736991577051299,0.6367911696434021
1114688,858.5231673720496,500,False,0.008722048798416529,True,0.010902806228369076,0.8437854647636414
1115664,826.9160143230108,500,False,0.03045532429126886,True,0.010902802125658525,0.6791372299194336
1116832,801.6640963335858,500,False,0.12835155888482142,True,0.01102705499866656,0.852341890335083
1117280,829.2468599465534,500,False,0.025954095943009486,True,0.010974225500635499,0.7021040320396423
1117504,801.6038918964715,500,False,0.028102629470341277,True,0.010963562053673784,1.0511806011199951
1117520,831.0254200110439,500,False,0.11198233225139437,True,0.01099024518611287,0.677721381187439
1117840,837.6614209209679,500,False,0.04539694480741175,True,0.011000018193260594,0.8052642345428467
1117984,788.5385404875077,500,False,0.08489552832425167,True,0.010996981419407623,1.028214931488037
1118128,822.1740631504863,500,False,0.029430831518824255,True,0.010950047440638011,0.5653927326202393
1119568,792.1799091806735,500,False,0.12737094924782708,True,0.01097588890006651,0.7876794338226318
1119872,779.7583203939353,500,False,0.07390333343170791,True,0.011144957976749649,0.7510107755661011
1119952,859.5780366021157,500,False,0.037091726644417934,False,0.011136500761144282,0.7869699597358704
1120592,806.3143157085312,500,False,0.1416262685128143,True,0.011070827714396393,0.7501362562179565
1121232,787.1417398800771,500,False,0.03910584834502642,False,0.0109151169286698,0.683945894241333
1121776,855.7931273327689,500,False,0.07029675645137846,True,0.011039226411362896,0.8417467474937439
1122656,792.1399817383813,500,False,0.04683302004610092,True,0.01103168633998847,0.576350748538971
1122688,796.1644790711646,500,False,0.06914921461955051,True,0.010957984064437046,0.7277523279190063
1123664,790.7801465043393,500,False,0.04114110556013347,False,0.010963063602443583,0.6119683384895325
1124832,755.6424909602418,500,False,0.05219127658819393,False,0.011012761273671593,0.7772813439369202
1125280,807.7394429242686,500,False,0.02333564626146449,True,0.011193446253317967,0.6867632865905762
1125504,834.3963489423899,500,False,0.01536503333376187,True,0.011136146407280943,0.5897551774978638
1125520,756.7648246979114,500,False,0.12983150109414132,True,0.011099854221951286,0.6697317361831665
1125840,789.7423595630005,500,False,0.04399894124023875,True,0.011099404960633875,0.5509529113769531
1125984,721.2571576390153,500,False,0.1392888704809159,True,0.011067922475688864,0.5922253131866455
1126128,805.8853935443178,500,False,0.07396201401590848,True,0.01104035605660751,0.675749659538269
1127568,754.0289484859521,500,False,0.10163320784466434,True,0.011076026028318791,0.6612950563430786
1127872,842.0114897989674,500,False,0.041997271325744025,True,0.01113060362933199,0.5579123497009277
1127952,779.7154560829629,500,False,0.1531334476185998,True,0.011063357443605133,0.7319412231445312
1128592,841.0500531328116,500,False,0.05173226590568791,True,0.011063567998107145,0.5907402038574219
1129232,880.7554730654573,500,False,0.05116556649499759,False,0.011108702361481556,0.6173689961433411
1129776,845.1739931978423,500,False,0.0535212370494923,False,0.011231451115434804,0.674988865852356
1130656,820.029750703347,500,False,0.04194311103753412,True,0.011285785342104043,0.8645820617675781
1130688,791.9700013825516,500,False,0.06471287125990162,True,0.011072029913518492,0.7373130321502686
1131664,875.8457931956996,500,False,0.05449325406529127,True,0.01105882605213715,0.8960771560668945
1132832,765.8747184718171,500,False,0.14998381166938474,True,0.010914608209455013,0.7918232083320618
1133280,786.4347641699586,500,False,0.10692352274143689,True,0.010575212712050083,1.0417896509170532
1133504,884.5748062256231,500,False,0.07785996091321476,True,0.010483834818793052,0.8832535147666931
1133520,831.2237219013905,500,False,0.04444371828233491,True,0.010469380925163222,1.5432332754135132
1133840,904.5756309563798,500,False,0.023869495315659982,False,0.010468622364080317,0.738251268863678
1133984,799.476656753208,500,False,0.0763379681648862,True,0.010478349185537136,0.6129133701324463
1134128,787.4067456866904,500,False,0.07005489598380205,True,0.010521405645225041,0.5891552567481995
1135568,847.4244883444345,500,False,0.09381052154847701,True,0.010584033108830732,0.6203229427337646
1135872,800.8585160143917,500,False,0.05233453792475391,True,0.010479117704034513,0.5841840505599976
1135952,814.0223666622466,500,False,0.15613588523750502,True,0.010554343928447979,0.6328215599060059
1136592,791.9861530185742,500,False,0.047761271170978586,True,0.010569181346563794,0.7236687541007996
1137232,778.8661543225285,500,False,0.06035523766386198,False,0.010427993652742811,0.6112297773361206
1137776,875.3450080934916,500,False,0.05335257972346321,True,0.010527605066022116,0.7039145231246948
1138656,747.5284810490308,500,False,0.09496268522119333,True,0.010540136694733837,0.5863000154495239
1138688,857.5527552630645,500,False,0.05625766660695521,True,0.010507567573522898,0.7094403505325317
1139664,807.7244127639692,500,False,0.10150442291698453,True,0.01049956824297534,0.7046734690666199
1140832,821.4377451440499,500,False,0.08539708124040599,True,0.010401952442282151,0.6495194435119629
1141280,791.8902582827595,500,False,0.05819294285161479,True,0.010612496886930658,0.5295827388763428
1141504,843.3021420430426,500,False,0.047372141021317836,False,0.010830348273355314,0.7343686819076538
1141520,756.7474795698189,500,False,0.08800404623208362,True,0.010880541380760191,0.712899923324585
1141840,780.0632174780366,500,False,0.1369920364663917,True,0.010871538630860364,0.5826125741004944
1141984,789.9506596308037,500,False,0.07764937134271928,True,0.010808656387999934,0.5639054179191589
1142128,774.5650123349777,500,False,0.05151905093873864,True,0.01082232142754034,0.989928126335144
1143568,697.7928613670277,500,False,0.11515447152476471,True,0.010879162084606795,0.719396710395813
1143872,826.9198983510491,500,False,0.023175132317287607,False,0.010798358449317248,0.7321980595588684
1143952,806.3096879525662,500,False,0.06074268377254857,True,0.01085411929968288,0.6947997808456421
1144592,854.2693455472383,500,False,0.04332863611507143,False,0.01084004690468006,0.6706645488739014
1145232,777.4676619594806,500,False,0.04681855627348347,True,0.010717737795462983,0.6231282949447632
1145776,812.5563551997558,500,False,0.09445526717575614,True,0.010912431539995287,0.5951470732688904
1146656,784.7384358462225,500,False,0.01353589066599058,True,0.010951798324497896,1.1413490772247314
1146688,801.9825954118432,500,False,0.12579226601338012,True,0.010779973504102872,0.5786479711532593
1147664,805.852038083575,500,False,0.09476717706647703,True,0.010781583417422079,0.5723863244056702
1148832,862.0738198178723,500,False,0.05279473976487703,True,0.010815815988306205,0.5363293290138245
1149280,834.3804585305618,500,False,0.19793289424997737,True,0.010642842486456265,0.5803843140602112
1149504,781.7662421309075,500,False,0.027505752094205378,True,0.010658962576248305,1.2701948881149292
1149520,786.3204286122929,500,False,0.0586929865326194,True,0.010570463063748084,0.5972589254379272
1149840,860.2644885284316,500,False,0.03924894272753619,True,0.010563455421673187,0.6176394820213318
1149984,779.4848377112302,500,False,0.06253194774195658,True,0.010611884258037305,0.5075225234031677
1150128,829.9725760587081,500,False,0.05179795388778248,True,0.010584369526954072,0.5686610341072083
1151568,812.3611063689167,500,False,0.09515112297770066,True,0.010615406895266872,0.7085548639297485
1151872,703.9970986411665,500,False,0.18476946357967558,True,0.010859148777704162,0.6722533106803894
1151952,820.4646194565753,500,False,0.04722802657788841,False,0.010890812839681708,1.0384918451309204
1152592,768.7825611402045,500,False,0.07759743627152708,False,0.01094325219089964,0.6916435956954956
1153232,838.6779427176456,500,False,0.04759510062044273,True,0.010704870308275213,0.5828890800476074
1153776,814.0960273891286,500,False,0.06739315373836946,False,0.010726652679279872,0.788841724395752
1154656,832.9863455943142,500,False,0.0624785840523873,False,0.01076067457225009,0.6878607273101807
1154688,804.7516765566612,500,False,0.07406546278069918,False,0.010730617409937573,0.7211233377456665
1155664,816.5879235921399,500,False,0.04814187401824528,True,0.010724867455368324,0.6866110563278198
1156832,787.0209141270021,500,False,0.02466471495882648,True,0.010657085255108343,0.5676405429840088
1157280,766.8114283570417,500,False,0.11629811147207715,True,0.01053776862235061,0.7588266134262085
1157504,862.5958612378738,500,False,0.06453566592420935,True,0.010575664003182038,0.6495017409324646
1157520,790.9350442063536,500,False,0.08537212234697483,True,0.010525913151067915,0.5461195111274719
1157840,818.6076433139443,500,False,0.03323715209305522,True,0.010523750938464277,0.5155050754547119
1157984,865.8600719838605,500,False,0.12296211950311477,True,0.010608905267571859,0.6749212741851807
1158128,800.6486256654721,500,False,0.0687602330672512,True,0.010601168389024654,0.5454548597335815
1159568,798.5282434483033,500,False,0.07988303370593361,True,0.010551208620374355,0.5807739496231079
1159872,793.1183031950592,500,False,0.07488678584621819,True,0.010414511746438971,0.7401498556137085
1159952,766.3017100600507,500,False,0.07950223743077761,True,0.010413464476184327,0.6129498481750488
1160592,831.6230284061852,500,False,0.036904681243439416,True,0.010436689581940195,0.5570538640022278
1161232,823.078896575906,500,False,0.09642730536443998,True,0.01036985162854231,1.1052740812301636
1161776,812.6858877110926,500,False,0.11800902893015972,False,0.010319212867785291,0.6464215517044067
1162656,811.9840455863573,500,False,0.08120621881674481,False,0.010481097309303786,0.6855628490447998
1162688,767.5228529721211,500,False,0.049405081179342655,True,0.010534061357960232,0.5688618421554565
1163664,739.7198861298953,500,False,0.12258409169486771,True,0.01053335099175917,0.5814458131790161
1164832,824.321266444256,500,False,0.06980936942286327,True,0.010420859798976015,0.6588354110717773
1165280,795.2324467852773,500,False,0.048147260228618836,True,0.010272111669066305,0.5222644805908203
1165504,895.6859283739425,500,False,0.06064860067718001,True,0.010226602019608236,0.598097026348114
1165520,814.1332306736722,500,False,0.040678541087600925,False,0.010285024727402142,0.729093074798584
1165840,799.8063098936601,500,False,0.1527815055275461,True,0.010283246365582904,0.7002595663070679
1165984,719.7795674241625,500,False,0.22846051954204757,True,0.010220068506780994,0.5929316282272339
1166128,831.0148953223769,500,False,0.06588056149710042,True,0.010207214236967181,0.768028736114502
1167568,843.1104303712981,500,False,0.027568070642433974,True,0.010181357803380827,0.8524360656738281
1167872,796.2397561349851,500,False,0.072883799170351,True,0.01040526706432457,0.734544038772583
1167952,789.2023648846708,500,False,0.06694996755794479,True,0.01042195540954512,0.6251431703567505
1168592,817.5231237117143,500,False,0.06824995448767981,True,0.010451534435372641,0.6763982176780701
1169232,772.3844221515583,500,False,0.05181000865701438,True,0.010363036256666795,0.6102051734924316
1169776,807.9016670325994,500,False,0.0455573473168487,False,0.010621201377192436,0.7632876038551331
1170656,724.9811539483121,500,False,0.10254009154288508,True,0.010868922355600672,0.5047888159751892
1170688,844.3261678426902,500,False,0.036035570836604275,True,0.01075969707536638,0.697547197341919
1171664,797.1143352114233,500,False,0.12864345687905887,True,0.010766286570699805,0.7463073134422302
1172832,744.2835841145173,500,False,0.08943262702853402,True,0.010888766570042502,0.7490009069442749
1173280,835.9718164118373,500,False,0.08328960429503794,False,0.010702632654403283,0.6232186555862427
1173504,765.4518127750528,500,False,0.04942944729562354,True,0.010734613127910733,0.4858841300010681
1173520,772.5061724100399,500,False,0.05284984066129523,True,0.010691938794702005,0.6151518821716309
1173840,764.8619687623144,500,False,0.11366662689529038,True,0.010692413711815256,0.7051151990890503
1173984,812.8191397786863,500,False,0.043609115821851965,False,0.010773037385314276,0.5162402391433716
1174128,790.3889577577482,500,False,0.09506592226623028,False,0.010759860909611988,0.7735710740089417
1175568,813.715795977344,500,False,0.10299194286383609,True,0.010719730826638397,0.6268094778060913
1175872,851.9326859606688,500,False,0.0666652473694468,True,0.010614566226596268,0.705410897731781
1175952,807.5580499294593,500,False,0.07052329386595803,True,0.010613853101558325,0.625481367111206
1176592,791.5339891984343,500,False,0.056575268607245266,False,0.010634073725885984,0.6150585412979126
1177232,769.0357287911802,500,False,0.15940346047184575,True,0.010613751502932343,0.8375381231307983
1177776,858.9926192485657,500,False,0.06953704898062202,True,0.010568146076132602,0.5886341333389282
1178656,802.9585967518593,500,False,0.06550292285490682,True,0.010474219562760295,0.5427465438842773
1178688,775.737882349797,500,False,0.15032745327769478,True,0.010449818745686549,0.5813723802566528
1179664,804.5985723423674,500,False,0.13713280903845312,False,0.010451217327183985,0.5975633263587952
1180832,879.0745072248052,500,False,0.028719077408266278,True,0.010717983811102678,0.864460825920105
1181280,852.8776802428577,500,False,0.048989162238448396,True,0.010632203448627314,0.7404263019561768
1181504,763.4969296784215,500,False,0.07751733428437127,True,0.010705315598855148,0.5669082403182983
1181520,790.7094818791045,500,False,0.0787373874822415,True,0.010651193137222568,0.6874871850013733
1181840,770.0032995628527,500,False,0.10455970145141563,True,0.010649544308411446,0.6009647846221924
1181984,759.4394512606827,500,False,0.06990160691002387,True,0.010657622930784094,0.702946126461029
1182128,836.3926009392391,500,False,0.035205461726154345,True,0.010695660734160554,0.640223503112793
1183568,830.2691029026546,500,False,0.07799183189062815,True,0.01070284697064734,0.7783224582672119
1183872,805.5471756466932,500,False,0.0396729690351389,True,0.010534198068766395,0.8499032855033875
1183952,792.3226099769544,500,False,0.09284656096532544,False,0.010562041269583874,0.5259921550750732
1184592,768.5200515583551,500,False,0.08422975419704483,True,0.010585449331947593,0.6660624146461487
1185232,804.2811448511835,500,False,0.032106064012015684,True,0.010479544744224148,0.5972106456756592
1185776,766.8472504775448,500,False,0.09022241019818548,True,0.010424147558331556,0.7787497639656067
1186656,782.1181293841114,500,False,0.06109005553090351,False,0.010395945043181276,0.6753552556037903
1186688,781.7305916635288,500,False,0.07160213730159995,True,0.010564202006942029,0.5388185381889343
1187664,820.6649696116089,500,False,0.03297557605284352,True,0.010579993870826029,0.7823436260223389
1188832,794.9099083137381,500,False,0.06824494455488421,True,0.010808798644504743,0.5653828382492065
1189280,793.8915464694032,500,False,0.09028503244346696,False,0.010862112222855767,0.6884732842445374
1189504,799.9325156902777,500,False,0.044170088748600456,True,0.010735587446487576,0.6719440817832947
1189520,798.1857234468666,500,False,0.07166508602904346,True,0.01070691392810862,0.614346444606781
1189840,836.6027464624924,500,False,0.0851225782076748,True,0.010705436301447857,0.6635645031929016
1189984,794.4963618607532,500,False,0.01814671231641982,True,0.010754897851704744,0.5063072443008423
1190128,864.7352724087212,500,False,0.038655596964735084,True,0.010796367848053037,0.6673141717910767
1191568,833.9118045135652,500,False,0.09593638694714819,True,0.01084172407994452,0.4831594228744507
1191872,785.4543356669824,500,False,0.1904555635767945,True,0.010712242746195838,0.5875037312507629
1191952,822.114815141885,500,False,0.07476675815414371,True,0.010777791638501063,0.6653081178665161
1192592,818.011056421026,500,False,0.05611558037392275,True,0.010778717195822882,0.58685302734375
1193232,800.2626443754503,500,False,0.04497918184743598,True,0.010706647148437987,0.50767982006073
1193776,795.5896580173842,500,False,0.0911562204245875,True,0.010663117216139967,0.6326704025268555
1194656,844.1034206032036,500,False,0.06287054698638532,False,0.010599845410370222,0.6730178594589233
1194688,766.2035587855612,500,False,0.08695128148195577,True,0.010511051773859964,0.6470986604690552
1195664,782.1203244387852,500,False,0.12420601891102305,True,0.010507401445699635,0.5343819856643677
1196832,825.6256652721065,500,False,0.05448587318250621,True,0.010409890413391309,0.6570258140563965
1197280,801.3185099781138,500,False,0.05269205549310523,True,0.010452360788220547,0.5118279457092285
1197504,843.3474872376584,500,False,0.11621691186539845,True,0.01047454584712901,0.9623656868934631
1197520,806.0098100570181,500,False,0.08297102684783295,True,0.01051763406643414,0.6722570657730103
1197840,790.4472938453412,500,False,0.07239596129114344,True,0.010512384164951673,0.5793159008026123
1197984,807.3053295208799,500,False,0.07492821893077359,True,0.01037526037712665,0.5519707798957825
1198128,826.2795177023711,500,False,0.08859712713090234,True,0.010326932626319103,1.9761792421340942
1199568,827.561906736253,500,False,0.08377715833850162,True,0.010303137606798646,0.7511188983917236
1199872,817.1664946864203,500,False,0.05304787517960918,False,0.010209708355611385,0.6902675032615662
1199952,862.4748032800703,500,False,0.05896558152281477,False,0.010203555832541065,0.7658356428146362
1200592,826.8374609435801,500,False,0.10956017168790198,True,0.010267836097699464,0.7132071852684021
1201232,796.7911221104116,500,False,0.09724093968985734,False,0.01014035634369389,0.554137110710144
1201776,807.19879231608,500,False,0.08339309060707102,True,0.00997272345625665,0.6296630501747131
1202656,823.065635051866,500,False,0.0663918649220083,True,0.009950595162802998,0.8065719604492188
1202688,759.4203778462992,500,False,0.08249608902705634,True,0.009994687473291387,1.3836638927459717
1203664,778.5215459108075,500,False,0.040196877299780415,True,0.009997059562951868,0.6887755990028381
1204832,823.2164290400028,500,False,0.03397169705435662,True,0.010006663635942919,0.8134204149246216
1205280,811.0557043101306,500,False,0.10321886094898768,True,0.010279897319954259,0.673771321773529
1205504,847.1506588255437,500,False,0.05117097285008891,True,0.010279491701393993,0.5527963042259216
1205520,777.5829081373677,500,False,0.09723079142566682,True,0.010281828222666016,0.5215069651603699
1205840,836.2303333886332,500,False,0.07293525142992817,False,0.01027426200581021,0.5201164484024048
1205984,732.7674478322316,500,False,0.09057993227000868,True,0.010269340161743128,0.5965988039970398
1206128,793.481800761109,500,False,0.14277297183262427,True,0.010303986120533298,0.7200412154197693
1207568,812.444553255133,500,False,0.06349429104881155,False,0.010330029165321821,0.5354994535446167
1207872,780.1414182809732,500,False,0.14160648979560775,True,0.01049796528565467,0.5282179117202759
1207952,815.0158270465341,500,False,0.0930545969584976,False,0.010571710553383965,0.5889465808868408
1208592,710.9298785811957,500,False,0.1954620971756713,True,0.010580534253490642,0.5711362957954407
1209232,772.9388108396942,500,False,0.06405210038917873,True,0.010634190259049887,0.5474362373352051
1209776,807.430498991335,500,False,0.11594622470436869,True,0.010572965469794185,0.6283886432647705
1210656,784.9738516945364,500,False,0.1493277168960246,True,0.010421280883170693,0.9468507170677185
1210688,761.0855356238603,500,False,0.0914175951964245,True,0.010382259200669642,0.603858232498169
1211664,767.1166131075371,500,False,0.12338656988893972,True,0.01038436113744374,0.664404034614563
1212832,718.3061130074162,500,False,0.048505110972420905,True,0.010484939500170175,0.5854045152664185
1213280,785.347028671902,500,False,0.05426392105110976,True,0.010582999504982402,0.5991945266723633
1213504,774.5958940594612,500,False,0.052994867279298974,True,0.010509867061172313,0.5590358376502991
1213520,734.3586121874863,500,False,0.0792506835034622,False,0.01047571306485916,0.4745580554008484
1213840,766.4261730671486,500,False,0.12072019442313738,True,0.010469744366813792,0.654384195804596
1213984,825.3127965778551,500,False,0.06555857706756696,True,0.01046582142205987,0.6061302423477173
1214128,830.5974281568492,500,False,0.06184930276205256,True,0.010471413168071647,0.6132269501686096
1215568,816.9289651702346,500,False,0.0813693472747372,True,0.010490455613630904,0.704596757888794
1215872,798.2123098939219,500,False,0.097142796075539,True,0.010504002609694389,0.5849394202232361
1215952,737.0463268566787,500,False,0.1089997712548474,True,0.010459539933974598,0.623827338218689
1216592,794.6594394796933,500,False,0.1146058958005434,True,0.010463423605957976,0.6192149519920349
1217232,774.2666518120297,500,False,0.09412970276269775,True,0.010732940893008965,0.6125532388687134
1217776,780.8278652991805,500,False,0.09972872878820921,False,0.010757688322091842,0.9729718565940857
1218656,775.570826035124,500,False,0.1137514040925354,True,0.010603161227382458,1.2131397724151611
1218688,776.4371926485634,500,False,0.05489424382767959,True,0.01046082395875877,0.573810338973999
1219664,753.2201835357387,500,False,0.10994825522276325,False,0.01046908355126321,0.6583201885223389
1220832,821.6780770151136,500,False,0.1704017516128089,True,0.010246206451965417,0.5432796478271484
1221280,806.6051471228058,500,False,0.04763711447712784,True,0.010458532527848058,0.46968168020248413
1221504,767.3302112498501,500,False,0.1349040322344343,True,0.010396780917497158,0.6793628931045532
1221520,871.2845539147067,500,False,0.07852090487376588,False,0.010281732755144298,0.6015889048576355
1221840,802.114051521193,500,False,0.09210791962708759,True,0.01026992215876502,0.6138696670532227
1221984,796.3642550057689,500,False,0.07880480501543209,False,0.010198057985201393,0.5107085704803467
1222128,815.0645231020178,500,False,0.08016472881826325,True,0.01018905546184002,0.6371663808822632
1223568,878.6895864699683,500,False,0.061525895873098944,True,0.010249155324024296,0.6402891278266907
1223872,823.032427025814,500,False,0.05519779675398245,True,0.01024093193158097,0.5114388465881348
1223952,786.3344747968923,500,False,0.1267658959801295,True,0.01014869495616106,0.618203341960907
1224592,768.3431899102324,500,False,0.1607678554866276,True,0.010116956959606925,0.6866022944450378
1225232,825.3242908946925,500,False,0.048567332055549736,True,0.010003997894288822,0.6355700492858887
1225776,813.8260788838919,500,False,0.044270913682629316,True,0.00986188991070084,0.7530937194824219
1226656,728.4186684812654,500,False,0.18528235438669324,True,0.009737648554965178,0.5263350605964661
1226688,817.6816782031785,500,False,0.11527270893337253,True,0.00959802751792177,0.6307315230369568
1227664,796.9678264790415,500,False,0.11395839626257803,True,0.009593156234879913,0.525380551815033
1228832,745.9848679735957,500,False,0.09601426355753588,True,0.009588176045608644,0.557321310043335
1229280,754.2748137177704,500,False,0.09752956664927484,True,0.009820177220132757,0.4947272539138794
1229504,814.6759792228529,500,False,0.026629552818261345,True,0.009877446585095238,0.6124992966651917
1229520,772.7523761766543,500,False,0.11374088206195179,True,0.009827156573505006,1.1020935773849487
1229840,879.5240988544003,500,False,0.0747718410767738,True,0.009816258511607405,0.6272342205047607
1229984,816.0890913603142,500,False,0.0452480939245099,True,0.009747471013961461,0.7356204986572266
1230128,797.131837683634,500,False,0.0851475521009655,True,0.009693524361077942,0.588779866695404
1231568,810.3079952606311,500,False,0.1316939518430281,False,0.009632645199357514,0.5352789163589478
1231872,784.421977778455,500,False,0.07126766065615356,True,0.009830750448837036,0.5008735060691833
1231952,802.9538283457615,500,False,0.12720125836325036,False,0.00983303974327873,0.5402709245681763
1232592,815.9071984034337,500,False,0.036383570335340044,False,0.00981203990023217,0.5240657329559326
1233232,740.6188557855689,500,False,0.08478789985646744,True,0.009855256880905421,0.5233434438705444
1233776,730.7329106948334,500,False,0.06126261086811963,False,0.010069432244969595,0.49840766191482544
1234656,818.5388042846795,500,False,0.06973299496798449,True,0.01004954388862279,0.632561445236206
1234688,806.1853388263689,500,False,0.08318384848050692,False,0.00996034965744244,0.650195837020874
1235664,813.3925098244155,500,False,0.07069059216906488,True,0.00996608502251924,0.5887458920478821
1236832,723.035540337614,500,False,0.180679987352136,True,0.009732387997584017,2.140960693359375
1237280,742.7614719493199,500,False,0.13735710442239502,True,0.00963998476239526,0.49230819940567017
1237504,798.9845145201086,500,False,0.043035275217809914,True,0.009844723333186929,0.6362689733505249
1237520,836.4945103791124,500,False,0.02017438480446294,True,0.0098668443972364,0.5664085745811462
1237840,806.9503392726971,500,False,0.06013144970116985,True,0.00986986518172779,0.6140928268432617
1237984,831.0225206098096,500,False,0.049024217230661075,False,0.009928197038335092,0.7179702520370483
1238128,787.2224143128554,500,False,0.06647554030173786,True,0.009896721601236587,0.604042112827301
1239568,750.8500429666002,500,False,0.1385288611417016,True,0.009910790155093534,0.5921042561531067
1239872,774.495652613606,500,False,0.11686560329274855,True,0.009960361874649774,1.738114833831787
1239952,734.1447137246018,500,False,0.12195174452010432,True,0.01004853163532092,0.5814794301986694
1240592,761.3812080297133,500,False,0.1655536266453178,True,0.010061259445104886,0.5783717632293701
1241232,850.163082841702,500,False,0.10319049253469822,True,0.009994622223466879,0.7932360768318176
1241776,833.4494888834602,500,False,0.03928170766632778,False,0.01011120473473393,0.5504525303840637
1242656,818.2233642417536,500,False,0.06218551404196218,True,0.010017108338759748,1.8456610441207886
1242688,778.2549725393728,500,False,0.1360681478498306,True,0.00988659140141662,0.6593766212463379
1243664,847.6725912698655,500,False,0.09125720792173529,True,0.009894023693879966,0.5216284394264221
1244832,835.7129164211237,500,False,0.08598800572245964,True,0.010151333649800438,0.5346046686172485
1245280,830.7513807382559,500,False,0.0808179149216693,True,0.010277843009093122,0.4235052466392517
1245504,804.4056560911195,500,False,0.06491145094241825,True,0.010182956147033899,0.6894189119338989
1245520,799.1876566642309,500,False,0.08749666127438163,True,0.010095237713770116,0.5535117387771606
1245840,789.809921828334,500,False,0.09954768008827186,True,0.010084537826336306,0.5784091353416443
1245984,813.1688740430683,500,False,0.06888445584186464,True,0.009988632859289252,0.5596810579299927
1246128,787.2021997873537,500,False,0.08069480921774996,True,0.010033445704945953,0.6176489591598511
1247568,823.9211929061082,500,False,0.05445257562249765,True,0.00999853308484246,0.5944582223892212
1247872,788.3480826380775,500,False,0.15711670058512606,True,0.009939640920409951,0.7959917187690735
1247952,792.7727241924947,500,False,0.10119404668934334,False,0.010009632469432908,0.6911142468452454
1248592,885.1068348129689,500,False,0.03634755257874294,True,0.010012408451815995,0.4954465627670288
1249232,860.3316944961226,500,False,0.06503044091760425,True,0.010013314967905232,0.6027944087982178
1249776,770.4540192281183,500,False,0.10586871907417336,True,0.009846373954758273,0.5536132454872131
1250656,814.6748573833385,500,False,0.07113609718521181,False,0.009591947238879699,0.4999501407146454
1250688,810.9276990478645,500,False,0.09701197176678625,True,0.009620159950501935,0.5135079622268677
1251664,842.2242606803236,500,False,0.10496199861016241,True,0.009609858133039755,0.5838642120361328
1252832,854.361361539077,500,False,0.09112231201159582,True,0.009656575820863739,0.7434698343276978
1253280,735.9068358267926,500,False,0.12694732707762565,True,0.00962102975100797,0.993980884552002
1253504,746.0452623620532,500,False,0.16236955506805617,True,0.009527999297614186,0.5008040070533752
1253520,767.1650167433705,500,False,0.09396985404886164,True,0.00951200648455323,0.6402578353881836
1253840,781.7823005204182,500,False,0.07428060968032321,True,0.009513685555697132,0.5780296325683594
1253984,774.1695898959443,500,False,0.06399372482545677,False,0.009546145921021737,0.7600228786468506
1254128,802.1784153730035,500,False,0.042521796719046455,True,0.009540936832644785,0.5865997076034546
1255568,801.4985500020077,500,False,0.08389759985871134,True,0.009552827131080601,0.5449856519699097
1255872,793.4633470532414,500,False,0.08377390924765883,True,0.009784121074263658,0.47877010703086853
1255952,816.6497139576107,500,False,0.11849221808169076,True,0.009742165013170535,0.5106662511825562
1256592,805.0754743518359,500,False,0.05251043650982313,True,0.009774560531150245,0.5437399744987488
1257232,745.523417790995,500,False,0.10392248083388272,True,0.009696378293531155,0.4793074131011963
1257776,810.3538235295998,500,False,0.06907864714420496,True,0.00970375044030706,0.48824915289878845
1258656,822.6545422782491,500,False,0.047574376892294885,True,0.00985342181378987,0.5996636152267456
1258688,781.63269311045,500,False,0.09023599430816819,False,0.009829395494969554,0.5865474939346313
1259664,787.7468766036395,500,False,0.10105074984233264,True,0.009847447047553002,0.5033297538757324
1260832,782.8175536365893,500,False,0.009311879746102794,True,0.00998678568165344,0.5943604111671448
1261280,817.4586028973812,500,False,0.08887843013215949,True,0.009997022605674399,0.5236507654190063
1261504,853.62244144601,500,False,0.07952808852191535,True,0.009974843157194593,0.5986341238021851
1261520,783.1294166838907,500,False,0.08083374374452071,False,0.009971274914844121,0.5844079256057739
1261840,773.1458861597091,500,False,0.08067924140803873,False,0.009971846430966495,0.8406946063041687
1261984,849.9059052095029,500,False,0.04439547115601733,False,0.010032663506222644,0.7503525614738464
1262128,761.126116330995,500,False,0.1346476663286191,True,0.010020719157559045,0.6940730810165405
1263568,853.6593071267696,500,False,0.04705342251459508,False,0.009985560486877154,0.5120839476585388
1263872,803.6049057532349,500,False,0.039993842319459794,True,0.009754340414383323,0.5241009593009949
1263952,873.8224011220118,500,False,0.07748182442266995,False,0.009870176960338239,0.5649853944778442
1264592,749.805965106661,500,False,0.09259439269916017,True,0.009881659105625277,0.5272992849349976
1265232,808.2291777555075,500,False,0.06437411880653275,True,0.009844133343303774,0.7156929969787598
1265776,872.9223760016843,500,False,0.07574467171593666,False,0.00980951416337925,0.5641419887542725
1266656,803.6993818775994,500,False,0.05596832442641304,True,0.009769760311534287,0.6296659708023071
1266688,876.2920120394798,500,False,0.08836484099049728,True,0.009817570556778222,0.5916688442230225
1267664,858.6339490767082,500,False,0.08548901704891929,True,0.00983333547310169,1.295487880706787
1268832,798.8928640957857,500,False,0.08407573801519146,True,0.009805593209665488,0.4806763231754303
1269280,766.3530477826208,500,False,0.057818164737346724,True,0.009758406630031436,0.533382773399353
1269504,859.4074781910475,500,False,0.07683242164457404,False,0.009739054978192063,0.6580358147621155
1269520,820.8366917745632,500,False,0.0514486113507685,True,0.009726221235475752,0.5016488432884216
1269840,855.9833634954039,500,False,0.04421655777045116,False,0.00972221658451938,0.5656388998031616
1269984,855.0896677513691,500,False,0.05390673476397962,True,0.009702935165987577,0.4333656430244446
1270128,813.2784332235293,500,False,0.08433578741270298,True,0.009688263852272174,0.4348393678665161
1271568,815.6569610241587,500,False,0.038018674509058555,True,0.009651366554898027,0.5882534980773926
1271872,856.3465478212966,500,False,0.07269302599229159,True,0.009799674734424894,0.5094946622848511
1271952,843.7607926802735,500,False,0.03795906755620134,True,0.009822746406295558,0.6821295022964478
1272592,783.8853799285714,500,False,0.04740730616458752,True,0.009793242636898068,0.6530109643936157
1273232,773.5369812642406,500,False,0.07296979462465979,True,0.009706532047890393,0.6221266984939575
1273776,834.697613192435,500,False,0.04412030074442246,True,0.009783177597972844,0.6666644811630249
1274656,775.9192020776101,500,False,0.0877768061233164,True,0.009618886693994053,0.5030784010887146
1274688,828.2126020046869,500,False,0.07138934169532132,True,0.009638547589396938,0.6647833585739136
1275664,782.1940697421277,500,False,0.15503481221853682,True,0.00965430146441604,0.5632790327072144
1276832,810.3375401433246,500,False,0.05924882694634371,True,0.009410300338347534,0.5366946458816528
1277280,811.0111834598023,500,False,0.05707034717738111,True,0.00940363238173882,0.5852985382080078
1277504,824.667736065016,500,False,0.0741265298464693,True,0.009364580336820862,0.591472327709198
1277520,761.8509858086397,500,False,0.07336477393424572,True,0.009455407940842308,0.6001429557800293
1277840,824.4331020566032,500,False,0.03840555185963915,True,0.009467755856490508,0.6735435128211975
1277984,841.8668043807303,500,False,0.0518939882854745,True,0.009498012683510266,0.6054850816726685
1278128,822.8250611520394,500,False,0.06261791214490274,True,0.009487171020971902,0.5727410316467285
1279568,862.9690000765105,500,False,0.07855370436580973,False,0.009485882039487564,0.6370450854301453
1279872,842.2866731492003,500,False,0.055141560126657115,False,0.00960139285625359,0.7546011209487915
1279952,810.3868040569052,500,False,0.06046727359105557,False,0.009566608557186366,0.5316511392593384
1280592,769.1585592317506,500,False,0.08495388345076811,True,0.00959872013536984,0.6789968013763428
1281232,755.7717332155803,500,False,0.0744074012466632,False,0.009595955032995993,0.4898666441440582
1281776,804.8029008258404,500,False,0.0740522346411588,True,0.009501566193613463,0.7233691215515137
1282656,810.6828012554138,500,False,0.060675252305256264,True,0.00946453717292422,0.50023353099823
1282688,764.0332909715783,500,False,0.05115258895307488,True,0.009371594764152098,0.60257887840271
1283664,796.7184499623531,500,False,0.05068454016278612,False,0.009379041711761092,0.6079058647155762
1284832,796.6423905947701,500,False,0.06971413411155505,True,0.009481299192265825,0.6057035326957703
1285280,776.1208093507902,500,False,0.048511065431601726,False,0.009539446724840665,0.6860265731811523
1285504,795.3379835018369,500,False,0.04649377197638834,False,0.009558782806568316,0.6256261467933655
1285520,833.7902790583304,500,False,0.06694215773307688,True,0.009554522913987234,0.6705625057220459
1285840,801.537825084037,500,False,0.08121992668747267,True,0.009557852457977844,0.4195061922073364
1285984,800.6492375183647,500,False,0.06520536913071445,True,0.009560568462728557,0.6477036476135254
1286128,782.2896420976687,500,False,0.04678147908760421,True,0.009551611703051884,0.5848966836929321
1287568,809.5093320523929,500,False,0.06741110641020137,True,0.009554573344678888,0.4916410446166992
1287872,779.7675377610367,500,False,0.10141084097119174,True,0.009906300482410693,0.5872470736503601
1287952,864.4140172252567,500,False,0.04571977809215046,False,0.009767996460728805,0.4508737325668335
1288592,859.9644127105383,500,False,0.029205721215633196,True,0.00974500013728092,0.7734861969947815
1289232,822.7804006532897,500,False,0.051684849070150585,True,0.009725950473442482,0.8167941570281982
1289776,824.7066828082725,500,False,0.07929332468818885,True,0.009817418264876695,0.6052095890045166
1290656,689.6745526592366,500,False,0.24447578785242557,True,0.009950968700501436,0.5597848892211914
1290688,819.7234001848474,500,False,0.36079407298346816,True,0.00988812252990575,0.7195250988006592
1291664,850.9083619251279,500,False,0.10663208316805221,False,0.009899090238863227,0.4585215449333191
1292832,825.8437317051461,500,False,0.0761171291946803,True,0.009795527575695394,0.45550376176834106
1293280,863.628588696127,500,False,0.08908126087076217,True,0.00978820231563569,0.48201844096183777
1293504,793.345871292743,500,False,0.07340820745467187,False,0.00977765552175738,0.5148593187332153
1293520,856.493373686331,500,False,0.08235707038952975,True,0.0098546997351607,0.6848994493484497
1293840,763.8450010246618,500,False,0.13741705299323048,True,0.009865123825229413,1.408612847328186
1293984,804.6795021135077,500,False,0.05102570972847335,True,0.009938751047322659,0.6079733371734619
1294128,802.0939154022531,500,False,0.059829300348341594,True,0.009908168772384988,0.7571183443069458
1295568,783.1828850136608,500,False,0.06338886334748584,False,0.009941744853908516,0.6781371831893921
1295872,877.0376053238525,500,False,0.07062291823054975,False,0.009877286391372322,0.6843035221099854
1295952,844.7025432294245,500,False,0.07577390524875077,False,0.009800123264454058,0.7763655185699463
1296592,827.6308341717253,500,False,0.0711716204120276,False,0.009760340076970044,0.49196457862854004
1297232,764.370695250259,500,False,0.10637431171691349,False,0.009668217039401402,0.5563244819641113
1297776,777.4357172472538,500,False,0.121793367621461,True,0.009809923369760819,0.5977372527122498
1298656,841.1654237943271,500,False,0.05904244049277797,True,0.009755789209925782,0.5425896644592285
1298688,802.1769909488705,500,False,0.09227819170958233,False,0.00956536063310675,0.5618917942047119
1299664,779.7754469812384,500,False,0.07721646413023212,True,0.009552168356457587,0.5973418354988098
1300832,774.4026380727768,500,False,0.08917770243878946,True,0.009585284018838642,0.5690772533416748
1301280,756.6216824111526,500,False,0.06918632089710457,True,0.009602207986047025,0.7053144574165344
1301504,788.8846568259065,500,False,0.0822322893608292,True,0.009541960457404991,0.5314316153526306
1301520,804.2393440362952,500,False,0.07646185590575673,True,0.009487596290276425,0.6469734907150269
1301840,786.4326800797871,500,False,0.12461549949415784,True,0.009484650682680305,0.8576305508613586
1301984,777.7259198005509,500,False,0.06432600289561231,False,0.00953145410314831,0.5876946449279785
1302128,790.969006088441,500,False,0.08038383969310504,True,0.009548413750254664,0.5287108421325684
1303568,821.8381670402515,500,False,0.05702764359185394,True,0.009659394766785687,0.6910996437072754
1303872,835.6034245495729,500,False,0.06756528789277345,False,0.009672712294358874,0.4715328514575958
1303952,812.6138045457551,500,False,0.0602185093639011,True,0.009590623899417798,0.5431184768676758
1304592,719.4026412897434,500,False,0.21916403317648972,True,0.009558598364092261,0.6042291522026062
1305232,800.1937865141736,500,False,0.06907430216250676,True,0.009496892942616257,0.5753904581069946
1305776,806.3443749935051,500,False,0.05407483068340317,True,0.009424931709152195,0.5949901342391968
1306656,764.2377785301136,500,False,0.08698088577632392,True,0.009364511772174228,0.5339549779891968
1306688,786.7466128332054,500,False,0.07215378958067262,True,0.0094217089856321,0.8140396475791931
1307664,749.9313606626037,500,False,0.10239190032833764,True,0.009432627539346912,0.5987027883529663
1308832,836.9200000079346,500,False,0.08565183218429485,True,0.009653677167239735,0.7530623078346252
1309280,787.5250281520044,500,False,0.054937952900232186,True,0.009869837788835156,0.5644981861114502
1309504,837.7928267393216,500,False,0.05462976084259439,True,0.009863212619696884,0.5274742245674133
1309520,710.6379501530349,500,False,0.14791165170459158,True,0.009822249875512399,0.5365738868713379
1309840,731.169656483119,500,False,0.052419338745866524,True,0.00981587321664509,0.5432553291320801
1309984,762.6575678975911,500,False,0.0834740972283789,False,0.009803986528853142,0.6237970590591431
1310128,875.0373725325818,500,False,0.11039398503377658,True,0.009809278994406447,0.4456504285335541
1311568,782.5253978632957,500,False,0.051670857895093306,True,0.009771226252519841,0.688615083694458
1311872,759.7779081160548,500,False,0.15270353886419072,True,0.009491052364479705,2.5383501052856445
1311952,756.1741600069321,500,False,0.04514599219735198,True,0.00949767973347594,0.570505678653717
1312592,708.0896978476289,500,False,0.11155722475939403,False,0.009494139570721505,0.640051007270813
1313232,776.459075524213,500,False,0.0961109588010961,True,0.009653987740822783,0.41656947135925293
1313776,718.2155163026137,500,False,0.08420565648118367,True,0.00962303696702825,0.8030710220336914
1314656,866.942063568331,500,False,0.07566181498883001,True,0.009584179158847852,0.9343332052230835
1314688,771.863498630743,500,False,0.07697300590169337,True,0.009403669551693972,0.5522278547286987
1315664,768.7344060910488,500,False,0.11850841162744978,False,0.009394766551011789,0.6587674617767334
1316832,806.1221131958645,500,False,0.08127234973019212,True,0.009428652640806957,0.5681002140045166
1317280,755.8468885736776,500,False,0.09647104268041076,True,0.009619651583115795,0.6085062623023987
1317504,784.3977427662787,500,False,0.06330595940878765,True,0.009559267216574558,0.4742746949195862
1317520,799.736375372578,500,False,0.06324343127715626,False,0.009682298410650351,0.5563207864761353
1317840,840.3414754748948,500,False,0.07915382623922337,True,0.009685603775889794,0.6432653069496155
1317984,835.3733160769768,500,False,0.05517232015021358,True,0.009639854600296703,0.5553896427154541
1318128,856.2458724849652,500,False,0.05956759200539385,True,0.009597899701759519,0.5132099986076355
1319568,735.9283663721152,500,False,0.091205256700545,True,0.009555403887068686,0.5861546993255615
1319872,766.4908702492475,500,False,0.06831831272089108,True,0.009602766817093834,0.4550444483757019
1319952,819.6193377868117,500,False,0.07544131105618744,True,0.00962472221627152,0.5895215272903442
1320592,780.8663377994928,500,False,0.0823890215706226,True,0.009678036550606643,0.5675492286682129
1321232,803.9033153961492,500,False,0.05009448927615778,True,0.009783771077809107,0.5984037518501282
1321776,842.1323550841538,500,False,0.043822463274350576,True,0.009859092527881707,0.5719548463821411
1322656,801.7426249607379,500,False,0.07236227838187118,False,0.009881424271766286,0.5251880288124084
1322688,797.3805396119317,500,False,0.09868187333974512,True,0.00994922917236516,0.7828935384750366
1323664,826.2970696654642,500,False,0.07281969794763045,True,0.009951323747549739,0.4428923726081848
1324832,885.5733911348362,500,False,0.07353717738264672,False,0.009959125194015182,0.5952232480049133
1325280,833.9886280376396,500,False,0.018281598501504934,True,0.00983694005024558,0.4343723654747009
1325504,823.3679467293091,500,False,0.040058830710445366,False,0.00988856303519911,0.5778957605361938
1325520,780.1457207641378,500,False,0.05398837475354658,True,0.009886480061336352,0.5120775699615479
1325840,804.5563408237468,500,False,0.06988685316193408,False,0.009882868978609736,0.5368815660476685
1325984,787.1235674255558,500,False,0.07936107637210703,True,0.00986454564275471,0.5649480819702148
1326128,784.0175076417393,500,False,0.01767686610093086,False,0.009837176671736727,0.6125466823577881
1327568,787.501651130861,500,False,0.06663302576123388,True,0.00984442894736308,0.6327788829803467
1327872,773.7601332540304,500,False,0.04190050454883907,True,0.009900907430353892,0.4615800380706787
1327952,791.6380736765086,500,False,0.0993059637201291,True,0.009959143607834755,0.5416046380996704
1328592,875.3757916912127,500,False,0.08432288657080687,True,0.00999608325624157,0.5435745120048523
1329232,794.3956369885651,500,False,0.04801826216351101,True,0.009976960143290236,0.50144362449646
1329776,814.272180879998,500,False,0.06003287254159324,True,0.009932678902533224,0.5601094961166382
1330656,864.5808424657423,500,False,0.05306231943484533,False,0.009880445492462227,0.6053996086120605
1330688,802.5473988674477,500,False,0.13750564446068128,True,0.0099492685866744,0.5643880367279053
1331664,839.7355021083134,500,False,0.09706254485438527,True,0.009948994711801065,0.6371619701385498
1332832,812.8131650130107,500,False,0.08134332195656863,True,0.010028281141988546,0.6470893621444702
1333280,804.4139932574755,500,False,0.10189042004370556,True,0.009815741009213471,0.737655758857727
1333504,776.0356321485774,500,False,0.07974699605802209,True,0.009790537922348588,0.5574504137039185
1333520,829.666519627688,500,False,0.06511874345382455,True,0.009686006371939398,0.6151460409164429
1333840,848.1347016693153,500,False,0.0788092878545408,True,0.009676877110241372,0.6125983595848083
1333984,837.5826322294737,500,False,0.010377882088436539,True,0.00974572416709239,0.6482868790626526
1334128,795.7319454634147,500,False,0.08635349104097573,False,0.009797678722301771,0.49613675475120544
1335568,824.373896430029,500,False,0.05913832459614915,False,0.009764011652492495,0.5635133981704712
1335872,802.1265376825942,500,False,0.0464375055529472,True,0.009711930433734877,0.5513983964920044
1335952,741.6803515081879,500,False,0.0745538005479765,True,0.009781412732444822,0.620292067527771
1336592,846.8997753239885,500,False,0.03313045240136876,True,0.009819403329602197,0.5721679925918579
1337232,801.3541181834842,500,False,0.08555721386837391,True,0.009918422585700158,0.49442338943481445
1337776,865.6849274229493,500,False,0.045247312705489644,True,0.00991812352257259,0.516546368598938
1338656,840.6481422657897,500,False,0.07356001767931843,True,0.009853794984841934,0.6254322528839111
1338688,751.0565175711673,500,False,0.07859589823829118,True,0.009750781537410347,0.6949422359466553
1339664,819.428497364976,500,False,0.06168703135249298,True,0.009741320857111069,0.6100268959999084
1340832,746.1884793824544,500,False,0.10628665648787762,True,0.009746854069452244,0.570758581161499
1341280,784.3473843951894,500,False,0.10031979464635367,True,0.009567486471614923,0.6349199414253235
1341504,837.3839393357333,500,False,0.032816971388335406,True,0.009626881982118654,1.0936269760131836
1341520,772.0563088283916,500,False,0.07793883424115446,True,0.00965561572424895,0.5342754125595093
1341840,837.8270334224176,500,False,0.14811123052211494,True,0.009658703446900846,0.7443476319313049
1341984,812.8523527740451,500,False,0.06774700016473623,True,0.009662241186157218,0.6731567978858948
1342128,821.4345265179194,500,False,0.06533463163207773,True,0.009690051392173434,0.5438105463981628
1343568,803.0789041536236,500,False,0.06507361519095275,True,0.009752031354275749,0.6074159145355225
1343872,828.3060253549114,500,False,0.057978095419995206,True,0.009718771526588694,0.5879626274108887
1343952,795.2365034669764,500,False,0.11137678731339233,True,0.00977553567241929,0.7074403762817383
1344592,756.2858832507893,500,False,0.09974681599926692,True,0.009785177475642799,0.5384314060211182
1345232,792.2908491386177,500,False,0.09126706420531705,True,0.009848462683886226,0.5231947898864746
1345776,793.8763934373795,500,False,0.05779303054209513,False,0.009828328856640154,0.5063176155090332
1346656,833.1407628459237,500,False,0.09530782286125496,True,0.009868912049851426,0.5209476947784424
1346688,815.993073352842,500,False,0.07673625534760642,True,0.009640972686202112,0.6111742854118347
1347664,816.3721802833493,500,False,0.07830508979297642,True,0.00962134748394583,0.4936646819114685
1348832,812.2877855451183,500,False,0.07537436189035542,False,0.009578095323226149,0.5214038491249084
1349280,790.4231072648794,500,False,0.06344571153263157,True,0.009691486222769599,0.668878436088562
1349504,758.7838386409564,500,False,0.2887669951723017,True,0.009646570311915076,0.4846104085445404
1349520,773.3505253434797,500,False,0.1000675423708325,False,0.009748976241628298,0.8410314321517944
1349840,764.2086081279483,500,False,0.100358452693146,True,0.009760013871268609,0.500451922416687
1349984,784.3998381679919,500,False,0.07735800745922193,True,0.009745224157494757,0.5738537907600403
1350128,820.7658525350391,500,False,0.0801180573254645,True,0.009772670619543964,0.5692582130432129
1351568,772.6441347473283,500,False,0.09638567947107585,False,0.009789202693599137,0.5245442390441895
1351872,820.0031955718117,500,False,0.08851359654219279,True,0.009857502431335473,0.5268614292144775
1351952,739.1957142722015,500,False,0.09903869669184028,True,0.009784212098736202,0.6225265264511108
1352592,754.7711539211787,500,False,0.15134260898710247,True,0.009745239801326648,0.5678637027740479
1353232,771.1879559739863,500,False,0.08714932129132842,False,0.009575170332831754,0.4971092641353607
1353776,819.8612820054775,500,False,0.07988429162497541,True,0.009652937121032714,0.5915652513504028
1354656,838.3279160804963,500,False,0.0666045402625172,False,0.009764250249186307,0.49531903862953186
1354688,772.9976491323822,500,False,0.09678513970673208,True,0.009611722505014646,0.5068280100822449
1355664,828.5973769222155,500,False,0.10182327249531402,False,0.009612872504605362,0.5530520677566528
1356832,760.9130230471347,500,False,0.09281315797455693,True,0.009626445668613504,0.628677248954773
1357280,741.7822154621756,500,False,0.07222441212864172,True,0.009643682345775523,0.5204203128814697
1357504,748.4342835186343,500,False,0.0886135059649151,True,0.00964357257571484,0.5350396633148193
1357520,822.5510649370274,500,False,0.09964435146218172,True,0.009627462057289564,0.5365245342254639
1357840,759.3167177866274,500,False,0.10250596192331285,True,0.009626287219056456,0.6157304644584656
1357984,738.1848180186212,500,False,0.08745103247008568,True,0.009751269679857951,0.5851453542709351
1358128,831.919625708442,500,False,0.07221384229313342,True,0.009741484111096647,0.4983168840408325
1359568,747.8792439359228,500,False,0.1327912141312379,True,0.00972537974908478,0.6894603967666626
1359872,754.95168512902,500,False,0.08480351071888294,True,0.00987486127340949,0.8134620189666748
1359952,779.342474619359,500,False,0.04724765835770074,True,0.009867192177009272,0.48917412757873535
1360592,806.835282749924,500,False,0.05414627395468668,True,0.009857574706911513,0.6543098092079163
1361232,821.3471037119623,500,False,0.07241346882436217,True,0.009938853453974354,0.5773860216140747
1361776,778.1738828552882,500,False,0.07640898267121145,True,0.009816596918207752,0.4752076268196106
1362656,768.8299781666233,500,False,0.11667676441883237,True,0.009821274375074912,0.5626159906387329
1362688,806.74266739584,500,False,0.08080729426494612,True,0.00980183931106367,0.5801538825035095
1363664,864.2831027864386,500,False,0.05503486516292424,True,0.00979243708523932,0.5853458642959595
1364832,786.1426285031623,500,False,0.06302308844335748,False,0.009835019112136432,0.5025597214698792
1365280,820.4472919284195,500,False,0.09254678716740937,False,0.009872063133631058,0.477832555770874
1365504,833.7360311905147,500,False,0.08631287609833677,False,0.010040360879471896,0.8198198080062866
1365520,739.4940429360068,500,False,0.15849676868683252,True,0.01007067309187471,1.00102961063385
1365840,808.6262051214511,500,False,0.06043442333423368,True,0.0100689608897844,0.542556881904602
1365984,841.2738981470706,500,False,0.06993744902729818,True,0.010068096114862105,0.45463621616363525
1366128,844.9571371144773,500,False,0.014470854485977956,False,0.010064292207534959,0.5066132545471191
1367568,761.3043088965035,500,False,0.07453023306461387,True,0.010049927027307488,0.4726974368095398
1367872,872.6568852364138,500,False,0.041258354277889396,True,0.00985365180738863,0.5438618063926697
1367952,764.7171693102835,500,False,0.0802959704932695,True,0.009818637846371481,0.45219886302948
1368592,760.7920373880006,500,False,0.06292792200741472,True,0.009766396390229692,0.5365572571754456
1369232,808.6949044991654,500,False,0.0354739958493723,True,0.009620357046576808,0.4772213101387024
1369776,799.9622076112433,500,False,0.08148732459559405,False,0.009439989227799457,0.6894807815551758
1370656,769.9100258263743,500,False,0.08491020796259285,True,0.00945299852443774,0.552976131439209
1370688,719.5648106858474,500,False,0.06509853105055277,True,0.009601187057612016,0.46885380148887634
1371664,781.8996355541445,500,False,0.034528430850286965,True,0.009607882418904224,0.5622454881668091
1372832,776.3842681372427,500,False,0.039975930394986266,True,0.009919700936327587,0.556393027305603
1373280,776.5924069019243,500,False,0.08637857591436239,False,0.00997881321218603,0.46523648500442505
1373504,760.6844957312553,500,False,0.1101408310607681,True,0.009942190718519815,0.5338866114616394
1373520,792.446845028578,500,False,0.06486313538782265,True,0.009919580503823959,0.5695476531982422
1373840,797.0240101101942,500,False,0.04293267033970906,True,0.009920518436301286,0.5292217135429382
1373984,776.5679910803213,500,False,0.09150783607388072,True,0.009902818353240951,0.5417279601097107
1374128,784.8900911769555,500,False,0.052841435533572734,True,0.009865293948116924,0.5546116828918457
1375568,797.2929477572019,500,False,0.057098710173778565,True,0.009845971218568698,0.4755740165710449
1375872,830.9072562197023,500,False,0.10296838832929128,True,0.009952738453213488,0.6350623965263367
1375952,791.3071491607825,500,False,0.09881774413879246,False,0.009937515644743426,0.5071526765823364
1376592,733.7198730485532,500,False,0.09037804269210693,True,0.009972593833985174,0.5790197849273682
1377232,797.3465430775195,500,False,0.07100105786982207,True,0.009943964225148904,0.6672401428222656
1377776,778.9855970816218,500,False,0.08520133494446058,False,0.009962124028505442,0.43703794479370117
1378656,887.0707697095474,500,False,0.06577828003945424,True,0.009913062801581832,0.588239312171936
1378688,750.7773400327965,500,False,0.0976173048466048,True,0.009411236562516722,0.5632129907608032
1379664,788.7806036202536,500,False,0.07672176831501863,True,0.00939998699440907,0.44290751218795776
1380832,804.8539558148698,500,False,0.06918360853412907,True,0.009319834341690364,0.5047296285629272
1381280,760.2968789391116,500,False,0.09311580695994497,True,0.009397304713111026,0.7317620515823364
1381504,819.4775326664296,500,False,0.05973492906336532,True,0.009416575755323543,0.42455631494522095
1381520,707.8909369168377,500,False,0.12618653271276145,True,0.009443459965449456,0.5250059962272644
1381840,777.8448879556437,500,False,0.07215302539105554,True,0.009443794540163817,0.5213402509689331
1381984,793.6720306102301,500,False,0.15381322376024162,True,0.0095630003458535,0.7343736886978149
1382128,788.8101965376126,500,False,0.02629040889140171,False,0.009603310444501016,0.5136450529098511
1383568,811.2401886902583,500,False,0.07529931998167344,False,0.009695805696103498,0.5121188163757324
1383872,739.8049191076922,500,False,0.08832747741617933,False,0.009743553435874646,0.5641920566558838
1383952,867.0210124443843,500,False,0.06909737229560949,False,0.009723803820563032,0.6251370906829834
1384592,809.6226120143199,500,False,0.023925715543381864,True,0.009722375260517932,0.5348311066627502
1385232,840.1888671196862,500,False,0.10070978579821281,False,0.00962622891415955,0.555780291557312
1385776,766.8321526690619,500,False,0.07772570425451412,True,0.009724899209882036,0.5614145398139954
1386656,823.095360811876,500,False,0.030337472029099376,True,0.009783588098862631,0.5533319711685181
1386688,783.6452216012027,500,False,0.0891566247299578,True,0.009734611041675136,0.5240702629089355
1387664,809.1111221134919,500,False,0.10447381281368653,True,0.009736332575120936,0.554931640625
1388832,824.9159354038271,500,False,0.09160882219869564,True,0.009828485735307356,0.623787522315979
1389280,785.558911923017,500,False,0.035992358353300696,True,0.009813576403068123,0.5273184180259705
1389504,784.0539602349371,500,False,0.04359260966707194,True,0.009704366320544786,0.798814058303833
1389520,790.3045006635871,500,False,0.10402549977543882,True,0.009792270032606718,0.5306950807571411
1389840,771.9861607146681,500,False,0.0347567906613611,True,0.009781895256178829,0.4549517035484314
1389984,750.5408123169212,500,False,0.0915857476208769,False,0.009574706921402056,0.5426592230796814
1390128,728.0035662311883,500,False,0.11023309975983353,False,0.009577493791649933,0.4937913417816162
1391568,823.7269063385645,500,False,0.08168735321250918,False,0.009569937584313619,0.4537094235420227
1391872,778.7749932996384,500,False,0.08899736164080395,True,0.00969412282671906,0.4214521050453186
1391952,774.1596126482302,500,False,0.08188826691249612,False,0.009571449529654687,0.5707354545593262
1392592,796.6938189402076,500,False,0.10572263592813355,True,0.00956473597556973,0.48351046442985535
1393232,787.2771477711862,500,False,0.09056908367416998,True,0.009623302145251707,0.6744992733001709
1393776,805.5358402136329,500,False,0.031056256602570654,True,0.009672640753490863,0.5598902702331543
1394656,790.9717569890197,500,False,0.06036297441761323,True,0.009640615884651592,0.6238229274749756
1394688,841.6467526007076,500,False,0.11453829679058186,True,0.00965322538904436,0.47769007086753845
1395664,795.4082505423727,500,False,0.10749332906010532,True,0.009661454556556325,0.47909533977508545
1396832,747.663704143525,500,False,0.09123579522459344,True,0.00954596142250759,0.5641549229621887
1397280,773.8782803154289,500,False,0.0427077362124144,True,0.009562076923312467,0.5888485312461853
1397504,772.8494497802916,500,False,0.06930514273350234,True,0.009676606247827572,0.5243106484413147
1397520,804.2612158325335,500,False,0.0749774109815014,True,0.009727784704099258,0.4936780333518982
1397840,850.6428353729943,500,False,0.054274272852187416,True,0.009731793197315737,0.42690128087997437
1397984,856.1135772004235,500,False,0.04393590869378095,True,0.009718938561587313,0.49303382635116577
1398128,857.2101225091885,500,False,0.08300468222767102,True,0.009711271152017127,0.48317456245422363
1399568,757.0867751176269,500,False,0.13972438479748658,True,0.00968828010226189,0.5597121715545654
1399872,804.6338610874747,500,False,0.09236689003835354,True,0.009710233381016752,0.5244377255439758
1399952,815.2013546938674,500,False,0.0632118731339154,True,0.009692526952550441,0.5675769448280334
1400592,848.2625153297079,500,False,0.06798298212236314,True,0.009673246058966743,0.6427235007286072
1401232,822.7747785329751,500,False,0.058204140039240286,True,0.009603200452958646,0.5633021593093872
1401776,805.2948853685879,500,False,0.06147355368346797,True,0.009536169582072797,0.5128992199897766
1402656,857.365611658193,500,False,0.08901984983857622,True,0.009447326251880188,0.496199369430542
1402688,837.6044332423264,500,False,0.048893947051264104,True,0.009248400260664752,0.6435288190841675
1403664,785.619566633395,500,False,0.0986545889654745,True,0.009247481524876217,0.42370423674583435
1404832,835.0397085278049,500,False,0.031102889286263105,True,0.009723397733005125,0.39284905791282654
1405280,792.5779229122567,500,False,0.06632400268423042,True,0.009737937839033244,0.5020338296890259
1405504,790.0036251390601,500,False,0.0709843380114709,True,0.009869219068131013,0.4971935749053955
1405520,825.3572375961988,500,False,0.040441968686583514,True,0.009797499792551368,0.6405633687973022
1405840,846.9907322587475,500,False,0.038472023472030346,False,0.009794554674948743,0.648912787437439
1405984,790.9754508628718,500,False,0.07509818949280436,True,0.00972520400464257,0.5887022018432617
1406128,842.632487932383,500,False,0.04277441573493519,False,0.009699568529700404,0.4332538843154907
1407568,812.2133695932279,500,False,0.03225924276337655,True,0.009686351200674638,0.49335187673568726
1407872,779.9755125511933,500,False,0.0723186002816052,True,0.009723858965105695,0.5452300906181335
1407952,839.4162386876474,500,False,0.006197689809418136,True,0.009702975737298586,0.5517069101333618
1408592,826.4452989630161,500,False,0.07916601480216917,True,0.009682120462588263,0.37813127040863037
1409232,863.1288778644913,500,False,0.06418576576961381,False,0.009595538495317442,0.5039142370223999
1409776,841.7334082476465,500,False,0.059833433015985704,False,0.009539941104562494,0.5981951951980591
1410656,865.6982694278487,500,False,0.04495981323064379,True,0.009491461029739322,0.4698946475982666
1410688,779.8341224542602,500,False,0.09392039108984772,True,0.009641150940858599,0.42106813192367554
1411664,797.1427640641252,500,False,0.08616592920633274,True,0.009636275909608848,0.44936779141426086
1412832,817.4571027569036,500,False,0.021836871330393793,False,0.009490513551877564,0.41085338592529297
1413280,825.6200370293855,500,False,0.019578562775472885,True,0.009491522836107264,0.3874998986721039
1413504,758.6220342091763,500,False,0.08201217740767294,True,0.00944144023408065,0.4798508882522583
1413520,838.3675589182966,500,False,0.06585891151811543,True,0.009400935403212072,0.5893384218215942
1413840,835.9131970834694,500,False,0.048703558108543515,True,0.009394656717758989,0.5505451560020447
1413984,784.8567324949033,500,False,0.036482466219522544,True,0.009295828401795858,0.5781959891319275
1414128,769.9957158647928,500,False,0.08050427090944864,True,0.009340095998102404,0.8670475482940674
1415568,845.7195944967386,500,False,0.02476744067867537,True,0.009332967129013837,0.4812081456184387
1415872,788.4864116233234,500,False,0.07766982716201182,True,0.00928649433740969,0.4431838393211365
1415952,800.0769451225522,500,False,0.11259242010442257,True,0.009295042612515177,0.4995661675930023
1416592,809.3173558242065,500,False,0.039960320205582094,True,0.00927946197264028,0.501511812210083
1417232,758.3982807763232,500,False,0.15759206865262743,True,0.009391901192357081,0.6028130054473877
1417776,820.3473860290366,500,False,0.07407000608215154,True,0.009248741711046431,0.3251851201057434
1418656,814.7756281788674,500,False,0.041503195602752486,True,0.009198327511256836,0.7540589570999146
1418688,781.1118546797877,500,False,0.08240841590239556,True,0.009258296657013143,0.5881963968276978
1419664,804.5659844709495,500,False,0.06131659583089887,False,0.009269919936464189,0.4262000024318695
1420832,872.555400988032,500,False,0.038742184786086,False,0.009588266027162338,0.44816693663597107
1421280,804.8824369240521,500,False,0.07121576979266994,True,0.009489105625776909,0.5357481241226196
1421504,826.3013289384184,500,False,0.06549048927788143,True,0.009559837094304711,0.46183010935783386
1421520,878.3181032096305,500,False,0.014026230535844843,True,0.009586171046135092,0.48868757486343384
1421840,768.4026027693576,500,False,0.05833214288179408,True,0.009585167239419773,0.5373870134353638
1421984,879.0088286904712,500,False,0.02869395915297735,True,0.0096694489463885,0.4589918255805969
1422128,794.265109531757,500,False,0.029145797695761533,True,0.009644315825008654,0.48550838232040405
1423568,787.5393565270559,500,False,0.10451330815180207,True,0.009615355108780792,0.4657232463359833
1423872,845.9295776334114,500,False,0.09496077299413126,False,0.00965655647840635,0.48986199498176575
1423952,828.741648695735,500,False,0.0881630436511375,False,0.009763124900168244,0.49197959899902344
1424592,799.8665094329632,500,False,0.07051742898875524,True,0.009752977737788411,0.5225880146026611
1425232,774.4596387354056,500,False,0.08248906651794541,True,0.009570626050453059,0.5435752868652344
1425776,783.3751595375819,500,False,0.08029613969617824,True,0.009742380125775723,0.604391872882843
1426656,773.4617111865965,500,False,0.02744820290820936,True,0.00972059856913513,0.5579063892364502
1426688,842.0561778075852,500,False,0.04516554337820679,True,0.009682939433332547,0.5755553245544434
1427664,845.945881347995,500,False,0.04029053780788089,False,0.009682196660012158,0.38017135858535767
1428832,821.8099837476013,500,False,0.05692440916350614,True,0.009626665722888013,0.5174040794372559
1429280,803.2375628738386,500,False,0.0706325354464791,False,0.009741153235293468,0.6062631607055664
1429504,841.0500520133492,500,False,0.0533315012581214,True,0.009736722235934506,0.44145482778549194
1429520,816.0482364643412,500,False,0.040726278843224564,True,0.009695565601689157,0.4935363531112671
1429840,781.5320599828253,500,False,0.06000390189648557,True,0.009696153319814887,0.40490907430648804
1429984,799.8067289623091,500,False,0.050766151073079774,True,0.009640752767457843,0.4949536919593811
1430128,827.7868309875693,500,False,0.10153468925665951,False,0.00962913486567017,0.5032798051834106
1431568,790.2959583520748,500,False,0.06786088898058029,True,0.009635869149871802,0.48731255531311035
1431872,815.9269426083149,500,False,0.0712989707437367,False,0.009326738145476712,0.49154043197631836
1431952,780.9623254734151,500,False,0.05667622732938285,True,0.009349012731938014,0.48010432720184326
1432592,818.5547063239954,500,False,0.10120961532179527,True,0.00937250612725556,0.43860071897506714
1433232,856.6295696960198,500,False,0.054351303135305416,True,0.009480220024885343,0.43857622146606445
1433776,810.7382316583214,500,False,0.08895649409954969,False,0.009513911616142384,0.5412111282348633
1434656,796.7073551938477,500,False,0.030796252374256705,True,0.009525080729180523,0.6154311895370483
1434688,838.7706274128694,500,False,0.051101438761662746,False,0.009684207577205372,0.40714752674102783
1435664,806.4247346132303,500,False,0.03562655015788723,True,0.009691884782320945,0.4507672190666199
1436832,817.1566118744377,500,False,0.06047430425519586,True,0.009614476436870873,0.4161006808280945
1437280,804.300562339,500,False,0.09190243490289156,True,0.009323506559994154,0.5026191473007202
1437504,804.5138600433534,500,False,0.061438310582769225,True,0.009269996795402255,0.5501293540000916
1437520,845.3046644927467,500,False,0.06343443914384539,True,0.00926727682465486,0.42515724897384644
1437840,839.7794409691179,500,False,0.07042287038068924,True,0.009262115982613681,0.43627044558525085
1437984,835.8804610916648,500,False,0.06113492032369185,False,0.009182106888708111,0.8574382662773132
1438128,816.4566744321256,500,False,0.061494912478164306,True,0.009214893695582637,0.46741369366645813
1439568,788.012979821295,500,False,0.03819619598417993,True,0.00923616135837622,0.4869014024734497
1439872,808.6494162906401,500,False,0.06826827205311392,True,0.00923545246706068,0.5900545120239258
1439952,784.7327860935869,500,False,0.10847500454886938,True,0.009313266474561491,0.4979020059108734
1440592,807.1288282395359,500,False,0.10721854555361565,True,0.009309821258906142,0.5186541080474854
1441232,809.8387765582312,500,False,0.05530829861664445,True,0.009268431399033753,0.4713149070739746
1441776,763.591517770384,500,False,0.10245944865341639,True,0.009225708998685253,0.6039810180664062
1442656,870.4989802394002,500,False,0.04374860702114486,True,0.00929634774304299,0.4545878767967224
1442688,840.8045845305015,500,False,0.1374173440078874,True,0.009240551895567726,0.46308088302612305
1443664,793.4576594980706,500,False,0.07094510197790455,True,0.009241651452518145,0.5539604425430298
1444832,831.9774054206324,500,False,0.05557115809618418,True,0.009274207069777735,0.4690095782279968
1445280,822.3000762186253,500,False,0.11446812315457239,True,0.009521138510917416,0.48748070001602173
1445504,801.997320700792,500,False,0.06758389052397835,True,0.009498167255597795,0.451628714799881
1445520,794.7056150454325,500,False,0.07787826749374713,True,0.009464965815179154,0.7917110323905945
1445840,848.3192510881264,500,False,0.07050410857702476,True,0.009465613118663787,0.5922234058380127
1445984,755.5435409451728,500,False,0.10273266104742249,True,0.009414647469337274,0.5346193313598633
1446128,786.1735455559755,500,False,0.07643732653556262,True,0.009431593985365843,0.5598023533821106
1447568,778.1412765547072,500,False,0.019150894986145972,True,0.00944782666111943,0.45432475209236145
1447872,788.8991839783142,500,False,0.05415704327278429,False,0.009616055806395463,0.5131463408470154
1447952,845.3110661913835,500,False,0.09517297205737488,True,0.009672652214597031,0.42991697788238525
1448592,877.7878994815818,500,False,0.035872269834854247,True,0.00969258556313238,0.4707695245742798
1449232,809.2443596164125,500,False,0.07118957846544037,False,0.010022425029971194,0.6113945245742798
1449776,807.0433509754514,500,False,0.06473800159558783,True,0.009973303756625553,0.6487303376197815
1450656,819.890543486669,500,False,0.09849952720925115,False,0.009521333950619557,0.5293415784835815
1450688,788.419677613867,500,False,0.08136737912975493,False,0.00941931450274503,0.43784305453300476
1451664,816.1447299702282,500,False,0.11968644735518587,False,0.009390056148642129,0.47845372557640076
1452832,793.3521430964595,500,False,0.0619007551584755,True,0.009164355074972153,0.5096104145050049
1453280,828.8207668217566,500,False,0.08328405356284875,False,0.009224931644298542,0.4367162585258484
1453504,783.8204432213739,500,False,0.07853707060394484,True,0.009206841190909339,0.6052895188331604
1453520,797.2091400250634,500,False,0.06845671713574085,True,0.009215567678222684,0.5347143411636353
1453840,794.5441424657774,500,False,0.061876262202456206,True,0.009218568069527006,0.4252144694328308
1453984,847.5701015324124,500,False,0.03737845779923134,True,0.009302448528715777,0.4528005123138428
1454128,852.8029884933043,500,False,0.0577156955920191,False,0.009342506069976352,0.6332994103431702
1455568,820.1844660720288,500,False,0.06991866441508714,True,0.009429875997640164,0.5329574346542358
1455872,817.032583859337,500,False,0.048963659714070774,True,0.00947046879196953,0.4698670506477356
1455952,815.5928739341496,500,False,0.07174581756042434,True,0.009369100657242113,0.4839644432067871
1456592,766.9881425420558,500,False,0.05766027856801241,True,0.00934446329646762,0.6621189117431641
1457232,785.5931279766988,500,False,0.03247031475318951,True,0.009362861901081827,0.46368998289108276
1457776,829.7291934473117,500,False,0.1412688989599612,True,0.009263592801698571,0.5183414816856384
1458656,782.3626013906651,500,False,0.0417457209213099,True,0.009144451284407336,0.41094738245010376
1458688,766.0666144777593,500,False,0.14026567913223847,True,0.009024611587633052,0.4763670563697815
1459664,828.9735319614848,500,False,0.02762978667871935,True,0.009019873075590728,0.4721980094909668
1460832,793.3308901865439,500,False,0.04500605515381842,True,0.009006124703767871,0.5666731595993042
1461280,791.9781097795882,500,False,0.06939358929849673,True,0.008881281681605763,0.455483615398407
1461504,813.5834433600446,500,False,0.15084305632622783,True,0.009009206943333403,0.5426162481307983
1461520,855.788325727313,500,False,0.05974433618785972,True,0.00910864683748779,0.6862479448318481
1461840,822.9707918809924,500,False,0.042754856230867805,False,0.009114553755308407,0.500755786895752
1461984,814.6134898254192,500,False,0.08613160263194189,True,0.009208103558042585,0.6421538591384888
1462128,800.2213261740661,500,False,0.043486898801423916,True,0.0092088567735716,0.5247896909713745
1463568,808.896863110444,500,False,0.08826374778040345,True,0.00916985985277943,0.5939674973487854
1463872,867.9182106977933,500,False,0.06915842930154724,True,0.009177071619688868,0.5455700159072876
1463952,788.0565993084952,500,False,0.06097455027180382,True,0.009267286263553567,0.6097164750099182
1464592,836.5158712502821,500,False,0.0889519560979924,True,0.00927183478642562,0.49648159742355347
1465232,873.3754907297395,500,False,0.06048135932694702,True,0.009293620798204116,0.4522133767604828
1465776,800.6500725504166,500,False,0.09193364551962166,True,0.009159374070078705,0.47779861092567444
1466656,807.596763883832,500,False,0.12954738130955934,True,0.009167308367221048,0.397591233253479
1466688,861.7722014779456,500,False,0.042637062644771864,True,0.009082010004087607,0.5477316379547119
1467664,792.2342991328798,500,False,0.08229442287160359,True,0.009070616377580403,0.7241599559783936
1468832,792.054573240728,500,False,0.044026474068738664,True,0.008892963599517125,0.45236295461654663
1469280,824.3205947844717,500,False,0.11892122646172915,True,0.008945879083123555,0.4603067636489868
1469504,776.5683439554172,500,False,0.07679862504793511,True,0.008909122436536264,0.4381069540977478
1469520,749.9426626149119,500,False,0.039570973969546216,True,0.008907768701031025,0.5081561207771301
1469840,741.0480645318559,500,False,0.07609134507589274,True,0.008904584300504028,0.6948001384735107
1469984,762.5138366136171,500,False,0.03917632994274757,True,0.008789465728873201,0.42017412185668945
1470128,797.4152158331216,500,False,0.04500804394872958,True,0.008742280155752524,0.48024535179138184
1471568,805.3465348409825,500,False,0.07012063535478132,True,0.008737481201482038,0.4004461169242859
1471872,757.0105343607964,500,False,0.10091277105114094,True,0.008887891365428415,0.4416660964488983
1471952,868.2056729367376,500,False,0.011916285614258388,True,0.008838930538231177,0.48779553174972534
1472592,812.6287918256396,500,False,0.11750314406145086,True,0.008806487334748304,0.5334428548812866
1473232,773.7745489894247,500,False,0.04849179078932311,True,0.008991859751094794,0.47365471720695496
1473776,778.5470218683437,500,False,0.04962222655385136,True,0.009036464012150884,0.6157752275466919
1474656,778.377122916078,500,False,0.15119130032991984,True,0.0089906895375849,0.49622228741645813
1474688,772.7387238753937,500,False,0.09323327168744355,True,0.009006279173808768,0.4342373311519623
1475664,840.3435867111764,500,False,0.053612936633971535,True,0.009010858566696325,0.4438377022743225
1476832,769.3515400901753,500,False,0.15173463414371458,True,0.008896287415780144,0.39832812547683716
1477280,795.5734114491017,500,False,0.061557968669160974,True,0.008939829829582666,0.5490208864212036
1477504,798.9666196753798,500,False,0.0822016624676022,True,0.00900289229154027,0.49794089794158936
1477520,784.5098089511154,500,False,0.07597622538590922,False,0.008966937680832647,0.497863233089447
1477840,812.3160729628536,500,False,0.10472701133482078,True,0.00896807841471658,0.5212371349334717
1477984,833.3965425666723,500,False,0.049820512475240566,False,0.008990464729132579,0.5067642331123352
1478128,839.6468306188888,500,False,0.10171882499265009,True,0.0090289703694164,0.46783992648124695
1479568,768.2274812827003,500,False,0.08166911818876066,False,0.009035030231295028,0.6063739061355591
1479872,754.0261623848298,500,False,0.044993258561831916,True,0.008914942921180688,0.42076176404953003
1479952,803.0577311423956,500,False,0.07704400545274633,True,0.008862883654591544,0.43725618720054626
1480592,778.172089011554,500,False,0.08892695812196116,True,0.00886288971511996,0.45836710929870605
1481232,818.4776894409262,500,False,0.08935546958644348,False,0.008898463631460685,0.539813756942749
1481776,755.0594578427309,500,False,0.07680533607421268,True,0.008954384890679831,0.4131048619747162
1482656,770.5852087129991,500,False,0.10071326019274149,False,0.008981298998941433,0.5399202704429626
1482688,793.8042824555444,500,False,0.062219197287113774,True,0.00904318647271951,0.6988928914070129
1483664,811.192729884856,500,False,0.07450109315888627,False,0.0090457765963241,0.5353702902793884
1484832,768.5333175244461,500,False,0.09664915696679008,True,0.009070696805975225,0.45881152153015137
1485280,825.4243421184552,500,False,0.031010888938771373,False,0.00913371034239347,0.4837033748626709
1485504,805.5930656030487,500,False,0.057962094917587983,True,0.009064513686281268,0.49055016040802
1485520,783.839855915602,500,False,0.026461898553694366,True,0.008954415494452802,0.46053776144981384
1485840,763.4779868029632,500,False,0.026993725145874052,False,0.008956606685713357,0.43891334533691406
1485984,835.0155035940895,500,False,0.027532742841017966,True,0.008982024680786141,0.41746705770492554
1486128,746.0251699559483,500,False,0.07255872426264195,True,0.008980090300248352,0.5412102341651917
1487568,836.6184868920393,500,False,0.06152169657662125,True,0.009021545612106047,0.47681838274002075
1487872,826.0850173714205,500,False,0.04882376367399574,True,0.009097809421071705,0.5924419164657593
1487952,814.6491246905344,500,False,0.1285550726797863,True,0.009060368795284681,0.49239543080329895
1488592,744.5985021369102,500,False,0.10256976901187376,True,0.009082443581231716,0.590360164642334
1489232,819.2998371617929,500,False,0.09071913661009784,True,0.009242231754068297,0.5389727354049683
1489776,774.9390652530803,500,False,0.07033263920621671,True,0.009231698403144617,0.7452793121337891
1490656,769.6403475539346,500,False,0.10139791024668258,True,0.008989025669713399,0.4298115670681
1490688,789.9618698466151,500,False,0.07323943004580108,True,0.008941654799379986,0.40696075558662415
1491664,784.1999011087499,500,False,0.07007060081866262,True,0.008955022451801907,0.5849109888076782
1492832,833.9527184461103,500,False,0.07385034386993354,True,0.009130365625627548,0.5167233943939209
1493280,798.2484316997925,500,False,0.09240035539757362,True,0.009109190289492381,0.4163844585418701
1493504,817.0581346612984,500,False,0.098560316649218,True,0.009012878555606714,0.4044686555862427
1493520,837.7195434872266,500,False,0.09743436628592733,True,0.009001149643262488,0.45190054178237915
1493840,854.1420925053011,500,False,0.04892273550658049,True,0.008998662678425655,0.49968472123146057
1493984,801.9922815827193,500,False,0.08990863153261273,True,0.00897863078930161,0.5297104120254517
1494128,766.8900149559009,500,False,0.07746238053005916,True,0.009041238888168176,0.5817206501960754
1495568,808.3287103910009,500,False,0.07805167296909318,True,0.008994399419226204,0.4864647388458252
1495872,789.2426548564338,500,False,0.0691038406122945,True,0.00853689360953903,0.44526156783103943
1495952,787.7276269365925,500,False,0.037735878518151245,True,0.008556451089102125,0.4579177498817444
1496592,814.6206224562321,500,False,0.07645406505196331,True,0.008596398072763111,0.6980292201042175
1497232,855.7865386962121,500,False,0.07124037480138083,False,0.008565030691427132,0.48945340514183044
1497776,818.9573099831877,500,False,0.1002967838421904,True,0.008628062906973884,0.4474952816963196
1498656,822.4150503035555,500,False,0.06479031132206277,True,0.008706365164876623,0.573174238204956
1498688,775.83102998916,500,False,0.05078829910854825,True,0.00873504020259659,0.4598504900932312
1499664,788.9758163462634,500,False,0.09475852320727862,True,0.008735379291882749,0.39081668853759766
