step,return,length,crashed,final_dist,had_event,alpha,loss_q
656,-1.4843182958705583,41,True,3.0119257350661837,False,,
1120,-8.542271979107014,70,True,6.004984228327966,False,,
1136,-4.828561074938752,71,True,6.0017001175015325,False,,
1200,11.71956287976893,75,True,6.0663235770012145,False,,
1280,9.101779838345712,80,True,6.0384760612874055,False,,
1296,24.780173207324857,81,True,5.225799046066992,False,,
1296,19.399323368331924,81,True,6.078865100441721,False,,
1408,-1.4363818310287648,88,True,6.018037453382036,False,,
1440,-5.445230928138177,90,True,6.102621771478833,False,,
1456,-11.454944419968118,91,True,6.091970189771204,False,,
1488,-1.3728675314888417,93,True,6.167021688325724,False,,
1536,-0.20295399153637028,96,True,6.075191341808993,False,,
1584,-4.869398503546635,99,True,6.025723040526789,False,,
1728,-1.6206484940412906,108,True,6.020584726039604,False,,
1744,1.0842053848204056,68,True,4.583098611138382,False,,
2080,15.132885765347195,130,True,6.006014326101299,False,,
2144,45.06314013349862,134,True,6.065795492964705,False,,
2400,3.072868345068523,79,True,6.095276875969522,False,,
2544,8.764338708650383,63,True,2.7128167879290346,False,,
2608,-11.665746179910133,72,True,6.053936069287871,False,,
2656,-11.114935144213856,86,True,6.012686426197395,False,,
2688,28.509496453022376,87,True,5.039129920231875,False,,
2880,10.587491010182282,105,True,6.037368375059602,False,,
2944,1.9133236912648393,75,True,6.081173041496015,False,,
2944,32.68967281031763,103,True,2.2489328499861636,False,,
3040,2.458706546082313,82,True,6.036378820578183,True,,
3056,22.658070478050224,103,True,6.086363431604721,False,,
3168,-14.751856646581757,128,True,6.067317546382931,False,,
3296,4.280450661279943,113,True,6.074004981837301,False,,
3312,1.1051876983678568,73,True,6.030165336991096,False,,
3328,7.521038476860646,78,True,4.505460034043443,False,,
3360,6.68212927909299,120,True,6.038472368949381,False,,
3552,-22.186229371735145,123,True,6.056536503512178,False,,
3680,-4.7001476269228,80,True,6.053084030999861,False,,
3712,22.88650868681379,66,True,2.763068563778872,False,,
3792,5.996094354322018,53,True,3.4847371187282548,False,,
3808,-4.687004410328565,79,True,6.115143030185198,False,,
3920,2.2737945913886044,77,True,4.353202411678041,False,,
4384,2.140022016148297,94,True,6.097077287060568,False,,
4448,18.01148259493762,72,True,6.188332920587139,False,,
4464,-13.164616964581956,71,True,6.054712486186648,False,,
4464,5.733777947996122,72,True,2.2630155622020673,False,,
4640,40.73405409838037,92,True,6.113187239017751,False,,
4720,7.878040513242681,111,True,6.078368862925287,False,,
4816,20.300768402292864,138,True,6.079908685484848,False,,
4816,-9.310947600607765,69,True,6.135368247557711,False,,
4832,3.2063703975795246,72,True,5.3919887207416135,False,,
5072,-1.9544999876712037,95,True,6.102947604896168,False,,
5088,-1.0608418902722274,80,True,6.117957071562898,False,,
5184,4.1058572030842395,133,True,6.039093499322432,False,,
5472,9.17601731239527,97,True,6.106137605224424,False,,
5520,-11.24194442050696,66,True,6.169090888298766,False,,
5648,-4.293400038943242,79,True,6.0292719098637955,False,,
5760,15.339795551195898,150,True,6.033056054026493,False,,
5792,23.055116427991035,125,True,6.078319387012687,False,,
5792,-5.779858463543789,84,True,6.197144568089545,False,,
5936,-3.561106760677381,181,True,6.091241682650165,False,,
6096,-8.32431179150002,86,True,6.0347665309625755,False,,
6112,-10.475210659493312,92,True,6.058427632818107,False,,
6160,11.549206380191114,84,True,6.118207856185232,False,,
6224,5.4374333135317325,110,True,6.0483546098667915,False,,
6576,14.951768729773866,110,True,6.020627501263428,False,,
6656,12.462294177542361,114,True,6.0591961356338695,False,,
6736,-13.350132948844365,79,True,6.103408290951067,False,,
6832,10.969325482116776,65,True,3.2978754916039232,False,,
6976,3.050371928564102,112,True,6.030194800724875,False,,
6976,28.32612408549351,119,True,5.828341839804799,False,,
7008,-9.414923884091433,78,True,6.049136149822156,False,,
7072,-2.8146085083121317,97,True,6.113740766959548,False,,
7216,23.173295154675273,98,True,6.086458716099023,False,,
7280,-2.2251945540815026,93,True,6.0099618946847775,False,,
7504,-10.39460667082985,80,True,6.006407603943526,False,,
7616,7.47560506146344,94,True,6.031858490008613,False,,
7632,29.83595384463467,96,True,2.5136054995459847,True,,
7744,-2.3218211451620565,73,True,6.085666079418829,False,,
7744,14.663662794242377,166,True,6.052078208567679,False,,
7856,53.061721860244745,120,True,6.050756058488445,False,,
7968,-7.71696544128478,113,True,6.0736372304985125,False,,
8096,13.865845848032617,90,True,6.006924897426228,False,,
8288,-12.741100804176638,97,True,6.00906045888486,False,,
8320,2.4029070941803017,78,True,6.086449014555973,False,,
8688,19.588527422411765,88,True,6.0447403949967935,False,,
8736,19.473282546405375,77,True,6.0238888083678725,False,,
8752,35.862948355790365,111,True,4.61595491920466,False,,
8816,-1.9004161148507919,113,True,6.085220264569947,False,,
8880,-7.399800148394395,128,True,6.048808185865022,False,,
8880,0.24651495686683766,79,True,5.8058686871461465,False,,
8896,12.398485404782306,50,True,2.1398166223406614,False,,
9056,27.03109766425696,130,True,6.029973642558,False,,
9056,-0.9923752774071204,82,True,6.102220102751659,False,,
9088,-15.765069904186186,70,True,6.074033772734506,False,,
9104,2.1209142885324503,92,True,6.045712112459709,False,,
9136,-7.408583735019053,80,True,6.077953797205347,False,,
9344,-1.9461855253536164,100,True,6.099062284240227,False,,
9408,-11.022285906520041,68,True,6.004247684900093,False,,
9504,5.441586587446446,143,True,2.2887217982904215,False,,
9792,-6.0318876596017965,57,True,5.083812061550498,False,,
9840,23.433191412684174,97,True,6.143295875485883,False,,
10176,4.7385047769232145,93,True,6.139307038265471,False,,
10368,6.308207664230517,80,True,5.680607005483703,True,0.1973164972718701,0.21358056366443634
10368,5.532798255485455,97,True,6.133957368902399,False,0.1973164972718701,0.21358056366443634
10448,18.832566389297007,87,True,6.144938188672576,False,0.19449466978016497,3.924635171890259
10464,18.69737496002492,108,True,4.390306324179991,False,0.19333110733026687,2.443384885787964
10496,-10.76025779616281,90,True,6.047205188280165,False,0.1930993498953986,0.1846887171268463
10512,9.972539626049704,88,True,6.0930453697521045,False,0.19263671675820707,1.017519235610962
10560,-6.753584914032267,76,True,6.034698520453888,False,0.1924060169244158,1.0526432991027832
10608,-6.566919658415495,107,True,6.05322572595656,False,0.19171546162916928,0.20041091740131378
10672,14.807044234177829,120,True,6.025264621962544,False,0.19102686500043245,1.0473663806915283
10896,28.344763623467202,110,True,6.008503595980478,False,0.19011260099246718,1.1031620502471924
10896,-4.8717139844639,126,True,6.065863442090136,False,0.19011260099246718,1.1031620502471924
10896,-4.771117624155443,87,True,6.068502930217193,False,0.19011260099246718,1.1031620502471924
10960,-2.0955442086143456,97,True,6.174228519183418,False,0.18694803668179472,1.6046843528747559
11264,-1.9443812824570141,51,True,3.5793591838458836,False,0.18605395162878702,0.7919613718986511
11520,-3.9789987254770294,66,True,6.012749374488548,False,0.18187646614152617,1.4754362106323242
11536,3.327011907011398,73,True,3.3131345136903465,False,0.1784361778874879,3.5652530193328857
11664,3.4550096159544648,81,True,6.035775895250656,False,0.17822346825699667,0.7074712514877319
11712,-17.62095730721655,96,True,6.030600027360053,False,0.17653454214147205,1.4051282405853271
11776,-4.112136278599567,73,True,6.0404553746610485,False,0.17590529783405606,1.7766788005828857
11824,21.58000539586379,127,True,6.015930573481228,False,0.17506928247340428,2.8339667320251465
11840,-2.0895780590471844,125,True,6.046905628382632,False,0.17444511993304526,0.8639640808105469
11856,21.201469468897745,84,True,6.093122467676191,False,0.17423766310545596,1.3707751035690308
11904,7.921199988884451,77,True,3.0510928481294206,False,0.17403036247425413,2.174670934677124
12080,13.827960577525452,95,True,6.036122383056828,False,0.17340832391952213,0.9241431951522827
12240,26.321841446914057,80,True,4.8344108226703275,False,0.17114859453462034,0.5436887741088867
12400,-7.639587291828087,94,True,6.030595460464084,False,0.16912617097394203,0.7999125123023987
12496,-6.9467521852390535,77,True,6.111545022083911,False,0.1671306796948035,1.3135786056518555
12656,-2.844948660288259,110,True,6.04620407419285,False,0.16594342959464237,1.8226661682128906
12832,17.876380812947197,82,True,6.144685011536486,False,0.16398657240928957,1.1444358825683594
12912,-3.0311541192593143,86,True,6.095226721377744,False,0.16185453035271838,1.1268947124481201
12992,-3.3623110823017086,80,True,6.074770328146398,False,0.160896763487133,1.1413979530334473
13104,21.364513472096256,163,True,6.115752332324447,False,0.15994812276827589,1.0414671897888184
13120,-12.216719633570444,65,True,6.004971449797729,False,0.15862928039343027,0.8487297296524048
13184,-1.6205177411190839,88,True,5.172046890430652,True,0.15844135298919096,0.6453486680984497
13424,-11.78068542730999,99,True,6.044948166137806,False,0.15769226330281377,0.651301920413971
13424,22.59661707580914,110,True,6.046698476880494,False,0.15769226330281377,0.651301920413971
13472,8.08535426050467,101,True,6.055528174084845,False,0.1549208164621164,0.7584686279296875
13584,19.97687127751651,168,True,6.081016028911039,False,0.1543727571985131,0.664503812789917
13600,1.899862686345319,59,True,3.5414178754188526,False,0.15309797620135474,1.3863275051116943
13648,3.8400877477661854,109,True,6.0292105649889995,False,0.1529165655949887,0.48391884565353394
13680,12.411354311404233,116,True,6.0456726290327465,False,0.15237329546859932,1.617112398147583
13744,-1.2926312208011232,94,True,6.0511018141955,False,0.15201328917579948,1.1226186752319336
14016,-10.064849327245636,69,True,6.136262750294632,False,0.15129701360479536,0.8484323620796204
14048,12.593444760553869,97,True,6.109856079558498,False,0.14829330370128369,0.4049498438835144
14272,26.481744024026025,117,True,6.098437483567015,False,0.14794397812405055,0.6337114572525024
14384,3.5040455450057255,50,True,2.818728311998573,False,0.14552432104173077,1.6816306114196777
14400,-9.36941073873096,76,True,6.054032691441731,False,0.1443271930131702,0.2747664749622345
14432,18.44376537563428,100,True,5.410357425359405,False,0.14415739299825728,0.2270021140575409
14592,14.89014396524438,92,True,6.1294982254069525,False,0.14381903932186005,0.26255491375923157
14704,10.335452425310816,100,True,6.031138085078184,False,0.1421411244198709,0.43755754828453064
14768,3.1717114706121734,84,True,6.1600841423837,False,0.1409793036330342,0.408686101436615
14784,5.015229439728296,85,True,6.009177401348765,False,0.14031940523190042,0.6422957181930542
14880,-2.8511777463780703,71,True,6.117251166538996,False,0.1401550295013119,0.5736751556396484
14912,-0.7968848761928289,120,True,6.078777971186805,False,0.1391758715334375,0.4658236503601074
14944,20.34553825369383,84,True,6.086352374505389,False,0.13885001836037153,0.26763975620269775
14960,9.09381235958319,93,True,6.089723769414826,False,0.13852397522605764,0.32504504919052124
14992,-16.401902992925553,82,True,6.076572941947192,False,0.1383609272086719,0.4571974277496338
15024,26.698221806307057,86,True,6.039744686160754,False,0.13803531754958884,0.3333679437637329
15168,-4.1070246016661,48,True,3.661586932662756,False,0.1377107058242719,0.4084421396255493
15376,-0.6467577544043515,85,True,6.136422270814316,False,0.13626789635262404,0.47527822852134705
15664,3.40698490363385,77,True,6.054367734996532,False,0.13420430840771688,0.3269853889942169
15728,-1.1042692919916153,71,True,6.000153342716079,False,0.1314094275589751,0.38330143690109253
15760,25.26877810656155,93,True,6.083374121884931,False,0.1307982315978876,0.40892574191093445
15968,15.339372450515224,75,True,4.541412746195889,False,0.1304955134337446,0.27745068073272705
15984,34.10476171266227,80,True,6.027058300422868,False,0.12853212566895855,0.41822871565818787
16000,4.065513209094602,61,True,4.055159206633552,False,0.12838277102279638,0.29777586460113525
16304,24.969652429345473,95,True,2.244200131864652,False,0.12823367461762258,0.2485126405954361
16352,-3.894684287508234,87,True,6.023522672697497,False,0.12540914271295786,0.3383643329143524
16368,22.902561129120507,75,True,2.965469118235043,False,0.12497067570194174,0.5420315861701965
16656,9.063719790299634,80,True,6.008990497920597,False,0.12482422819077259,0.3206208348274231
16720,17.55577903184694,111,True,6.040750814844733,False,0.12222615117231633,0.3989490270614624
16880,4.008771104716798,177,True,6.060834439999049,True,0.12165977082016986,0.31005722284317017
16880,14.081711210326658,156,True,2.7258936876603115,False,0.12165977082016986,0.31005722284317017
16992,21.3828183375162,132,True,5.314884867075834,False,0.12025243101421293,0.3490155339241028
17040,24.206530378469026,128,True,6.016660223706976,False,0.11928575348587085,0.2748792767524719
17056,15.383354000806115,81,True,6.0504091507311575,False,0.11887155461504838,0.39416491985321045
17152,-4.733453670076706,72,True,6.025865749918966,False,0.11873415128106608,0.34143519401550293
17168,-7.114847156291699,74,True,6.176113615947114,False,0.11791624007607494,0.2889312505722046
17184,8.614617694424725,95,True,6.020318874587714,False,0.11778098279010127,0.630066990852356
17392,44.356009423245766,104,True,6.062472598367098,False,0.11764562274941,0.35280174016952515
17680,-14.114779776609048,173,True,6.047583753890916,False,0.11589199965251482,0.9541525840759277
17760,-1.4637983147317506,65,True,6.051178815481881,False,0.11351599589454472,0.30509501695632935
17808,3.192578948271038,51,True,3.347293174473763,False,0.11286590059892224,0.33052289485931396
17920,25.03579936197111,101,True,6.0818378563013376,False,0.11247705443527288,0.25205180048942566
18080,52.79433355076052,132,True,2.310018981614252,False,0.1115764600667505,0.2813417613506317
18096,-13.70707531288665,59,True,5.446598992633095,False,0.11029953129071858,0.26572415232658386
18176,-2.2328110811323754,113,True,6.047850676733563,False,0.11017281281455724,0.2699304521083832
18192,8.688731321852856,82,True,4.149855441223427,False,0.10953980878792854,0.33815717697143555
18256,10.972703730350986,119,True,6.022899786941857,False,0.10941367708997672,0.4241998493671417
18352,-6.333865661766048,92,True,6.110548208172394,False,0.10891471636472011,0.3132869303226471
18432,5.924007932280519,87,True,6.15537154833468,False,0.1081707485314057,0.5133684873580933
18448,-9.984856690015828,79,True,6.033524926306089,False,0.10755626155171485,0.2799590826034546
18656,15.289762655488998,93,True,6.017818685171011,False,0.1074338554301542,0.38387954235076904
18720,14.600802518460123,129,True,6.0705820616978245,False,0.10584866655528642,0.26192131638526917
18896,11.220632291747776,94,True,6.078873819489319,False,0.1053681697155811,0.33596065640449524
19168,45.02785669537119,132,True,6.029469379286846,False,0.10405452565846761,0.24121402204036713
19168,-2.0098000021200555,78,True,5.003398858746008,False,0.10405452565846761,0.24121402204036713
19392,46.66909656914373,102,True,6.119679717893722,False,0.10205590828572972,0.48915332555770874
19408,3.8835329089323913,83,True,6.117145919277004,False,0.1004404522743434,0.3395984470844269
19568,-3.8994409902536153,82,True,6.022697537036963,False,0.10032585167917754,0.2719399333000183
19664,4.983493763718933,98,True,6.050464059097742,False,0.09918777458487667,0.5372178554534912
19680,-0.8355944634624208,125,True,6.020019183071841,False,0.09851589199443403,0.33991825580596924
19728,2.7046328076628967,97,True,6.0831029327307755,False,0.09840433856101054,0.24862255156040192
19952,22.14119441200394,110,True,3.9994213097730085,False,0.09806781660398614,0.5136581659317017
19984,21.853507720738065,96,True,6.132127831696819,False,0.09651928459573943,0.2903056740760803
20128,37.75498911591598,145,True,6.0246278672046225,False,0.09630061853970541,0.2673811912536621
20144,47.76413990970849,93,True,5.776370569642393,False,0.0953256953001883,0.3619365394115448
20288,-3.1526059324212587,87,True,6.176986265204254,False,0.09521741060390825,0.31893470883369446
20304,-27.785696515840208,99,True,6.041267834107129,False,0.09424350361049265,0.46568989753723145
20592,55.9529539459425,140,True,6.046424015483749,False,0.0941364379849875,0.3196507692337036
20592,-5.010569402235321,89,True,6.114617757119441,True,0.0941364379849875,0.3196507692337036
20928,-15.108856347444572,75,True,6.059450673243442,False,0.09222338208344369,0.3258652687072754
21200,7.237540091050365,78,True,6.021379325886583,False,0.09004119586632545,0.4588131904602051
21360,52.33778284388029,137,True,2.855454343146736,True,0.08830260352529157,0.26383069157600403
21456,-9.396560949413388,72,True,6.1192975412649675,False,0.08729366908095153,0.27585160732269287
21472,-7.659358078325348,112,True,6.035994354094388,False,0.0866977681367439,0.39046019315719604
21488,1.2441361499808679,75,True,6.053027611335782,False,0.08659781413046119,0.4885963201522827
21536,4.354930037595862,123,True,6.106892291610298,False,0.08649751597147975,0.26687753200531006
21744,-10.93306659856353,130,True,6.049239606738833,False,0.08619800312412554,0.1936793327331543
21760,21.24939482803385,111,True,6.021785155240519,False,0.08492398581013204,0.21981826424598694
21872,41.73083517103951,108,True,6.035153329045267,False,0.08482578212934702,0.25464579463005066
21888,22.15444459332634,155,True,6.035806721925162,False,0.08414650959160615,0.7245624661445618
21904,3.668301495823009,82,True,6.073683474954533,False,0.08404865715100492,0.24090829491615295
22080,-5.867395333929171,228,True,6.2017375642863595,True,0.08395051396408322,0.22561626136302948
22544,39.80684300854115,122,True,6.029477647334381,False,0.08289022184248958,0.2889432907104492
22544,5.534653664499039,151,True,6.123114842210967,True,0.08289022184248958,0.2889432907104492
22880,1.510658173686581,84,True,6.084322185302383,False,0.08018364166672011,1.00821852684021
22976,38.31135233166826,111,True,6.025389985276641,False,0.078278599508867,0.4718407392501831
23088,-17.4315948299209,84,True,6.063797256923974,False,0.07774210254621677,0.3296176493167877
23168,25.814687729972754,113,True,6.022712139721958,False,0.0771186140906739,0.3886156976222992
23232,14.209925880759593,240,True,6.1868346098606954,False,0.07667942870684584,0.35684794187545776
23312,-8.446242872436796,90,True,6.007848233672248,False,0.0763301228873865,0.4947439432144165
23600,47.4576153647833,134,True,6.05539325399458,False,0.07589204741466567,0.26427707076072693
23616,3.367854705573599,116,True,6.064667796275591,False,0.07434329856347048,0.4172345697879791
23648,-7.532696333749845,98,True,6.005386884039654,False,0.07425690023885581,0.2837653160095215
23648,26.152250874527937,136,True,6.0372481652927705,False,0.07425690023885581,0.2837653160095215
23920,-3.302569128003239,187,True,6.19691706319022,False,0.07408575649609032,0.2539384961128235
23952,40.794775425108064,129,True,6.0943560585712655,False,0.07266311022265162,0.3687179982662201
23968,14.117988486539103,155,True,6.018778425717386,False,0.07249928917552165,0.24737419188022614
24064,-13.793433939233836,95,True,6.009591464351973,False,0.07241793316091875,0.3045039176940918
24224,-13.111657095235891,66,True,6.019132325459487,False,0.07192671813409054,0.22215762734413147
24448,33.083512344776594,159,True,6.068888735990508,True,0.07111707168906596,0.2312658429145813
24448,-17.5179974428519,98,True,6.015569678302107,False,0.07111707168906596,0.2312658429145813
24720,2.8133572444505237,88,True,5.1256205151803185,False,0.07000212727069394,0.231865793466568
24896,3.5584462119156086,78,True,5.055287015863852,False,0.06866082062463665,0.28249603509902954
24928,-12.916353206701642,83,True,5.843636844748972,False,0.06780903845745609,0.2327122986316681
25024,-4.221873122330554,69,True,5.780383136661302,False,0.06765325349241832,0.24667558073997498
25136,-5.308892401059489,93,True,6.0371436003268455,False,0.06719287677738228,0.2916295528411865
25600,53.64916170711482,157,True,4.1673773673900065,True,0.06666204891199393,0.39954501390457153
25648,-3.8940774847688404,194,True,4.804888405325958,True,0.06451031814066033,0.22114001214504242
25840,-1.9491628384880304,179,True,6.051165144674763,False,0.0642929435977969,0.2794027328491211
25856,10.298302997952192,88,True,6.007571866978124,False,0.063425286530769,0.2401786744594574
25952,5.592402539326963,170,True,6.064330321451601,True,0.06335275127657133,0.38991010189056396
25968,-9.984974520306428,125,True,6.015262124355481,False,0.06291887571673274,0.35329610109329224
25968,39.94305154524494,119,True,3.736667242302368,False,0.06291887571673274,0.35329610109329224
26080,11.795203578970758,154,True,6.0069353291268754,False,0.06284769030742067,0.30914971232414246
26304,4.566819120723233,99,True,5.284863613036535,False,0.06235086879250335,0.41980889439582825
26496,31.129490342754544,142,True,5.162974573611079,False,0.06136681254491119,0.2812742590904236
26640,33.525278337127034,168,True,5.815435461719403,True,0.06053946969176831,0.2598429322242737
26752,6.359941273190456,114,True,4.5916005746412,False,0.0599228431450671,0.3559984564781189
27040,34.79656209090751,119,True,6.0375115134148425,False,0.05945215300251576,0.40968579053878784
27184,15.115080203504398,96,True,6.155516461124133,False,0.058254400395945746,0.3300846815109253
27296,3.716944839119817,76,True,4.396124657995367,False,0.05765973187204694,0.3912579417228699
27360,31.143912786977737,94,True,4.372941352229608,False,0.05719910058268238,0.291515588760376
27520,-2.961482715832263,192,True,4.949355320012406,False,0.05693969903661844,0.3342326283454895
27552,25.24464422730341,158,True,4.534314903466084,False,0.05630063547073669,0.4102615714073181
27648,22.360512478187854,172,True,6.000263979642643,False,0.056174387459968625,0.46843552589416504
27680,11.333044868795726,130,True,6.014257072349507,False,0.0557941940788707,0.25273987650871277
27808,2.262856522456456,94,True,6.000083024360497,False,0.055669223328956484,0.34198206663131714
27936,-3.73952749335142,131,True,6.048090183691673,False,0.05516528325537967,0.2527754604816437
28064,26.727501172380066,131,True,4.405491674674177,False,0.05467060523173303,0.2222939133644104
28208,20.268176152910765,140,True,4.683754446186047,True,0.0541794122822431,0.25143593549728394
28464,42.37559281674335,114,True,5.366516288764135,False,0.05363342276194369,0.36972618103027344
28672,18.405402598469088,93,True,6.059466102166089,False,0.052681932519900505,0.3770599961280823
28800,51.59271032255932,144,True,6.0142073634343065,True,0.05191345915499327,0.34222298860549927
28832,30.508549559574398,96,True,5.536437580735085,False,0.05144995295973004,0.27492883801460266
28880,95.86035765539647,183,True,6.016441738112914,False,0.05133447022937734,0.4295128285884857
28880,29.794750252215366,115,True,6.021486603425976,False,0.05133447022937734,0.4295128285884857
29008,29.372578489356698,141,True,6.020227598498193,False,0.05116333895271914,0.225555419921875
29072,20.342568996429137,107,True,3.9335449489580734,False,0.05071150211817442,0.5487661361694336
29472,19.24799518466346,112,True,6.002581663463297,False,0.050484290538042244,0.24266433715820312
29472,26.975045643802307,114,True,6.028218923789857,False,0.050484290538042244,0.24266433715820312
29536,33.82386792534978,126,True,5.484746838741131,False,0.049095609784060704,0.34225279092788696
29648,48.21884148617755,131,True,6.070010903700191,False,0.04888025798548887,0.5257284641265869
29792,9.740311050264731,116,True,6.032907967491828,False,0.048496650877237785,0.5098373889923096
29792,-0.18171177905801272,108,True,6.0567757817148244,False,0.048496650877237785,0.5098373889923096
29840,2.920774837088805,102,True,6.0416553392050805,False,0.048009253453026604,0.3423522710800171
29984,18.885404681532805,136,True,6.014402189238706,True,0.04784701488912959,0.3477421700954437
30224,17.622894275648065,110,True,6.1093768534832265,False,0.047365263204169145,0.23594708740711212
30560,18.586460256000034,93,True,4.727991323482978,False,0.04657754932889304,0.35063230991363525
30608,8.47067666666581,108,True,5.7603766750268885,False,0.04549897040798915,0.3168162703514099
30752,18.714712602156833,120,True,6.082227107842887,False,0.045347392758736206,0.3065345883369446
30912,29.412533171754454,132,True,6.073552395134848,True,0.044901601114806844,0.3912784159183502
31120,-1.4863252380752527,103,True,6.083304094691664,False,0.04440570985628672,0.2483556568622589
31456,-0.8099466386004259,120,True,6.0245119708521635,False,0.04377206003868441,0.2684941291809082
36672,210.77231054157573,500,False,1.3056486546990385,True,0.04277325859768266,0.2598186731338501
36880,193.6484355978264,500,False,1.8584251954207338,True,0.030427616714119077,0.48825913667678833
37008,237.03755069153345,500,False,0.4413393666059717,False,0.03003428259454127,0.3071158826351166
37472,277.300486969657,500,False,0.4379056646723481,True,0.029796525106127937,0.38574501872062683
37648,201.10825401147406,500,False,1.1888908110008882,True,0.028955710056576513,0.2854735553264618
37792,263.29908265328635,500,False,0.9855722438991581,True,0.02864607771267696,0.3305013179779053
37792,329.75548386811533,500,False,0.6285231312382339,False,0.02864607771267696,0.3305013179779053
37840,127.74481073520793,500,False,2.39763078847026,True,0.028394095291189466,0.32251429557800293
37984,212.57742199587952,500,False,0.9056538341636717,True,0.02831266722561399,0.35716742277145386
38224,276.90733524452224,500,False,1.4393666415851016,True,0.028062049988042806,0.29942625761032104
38560,408.7481659019837,500,False,0.33125290227855253,False,0.027647205582572335,0.2848062515258789
38608,565.3547266781089,500,False,0.3181756266356639,True,0.027087443557613576,0.3461228013038635
38752,360.3321735414641,500,False,0.6694365750779986,True,0.02700737625230635,0.6415128707885742
38912,351.90525916379397,500,False,0.21828368234519827,True,0.026770210398262412,0.2936868667602539
39120,540.6178371400052,500,False,0.30621252099291124,False,0.02650425161432026,0.2821233868598938
39456,559.2245847489704,500,False,0.2393921041435575,True,0.026167247608094128,0.30012643337249756
44672,499.2143533443372,500,False,0.13153372681061815,True,0.025638881275314315,0.4151087701320648
44880,479.0898492575503,500,False,0.3482605195642068,True,0.018943490009693753,0.34818610548973083
45008,698.0285972948393,500,False,0.14364331339445735,False,0.018727575882954494,0.314008891582489
45472,575.9640459726617,500,False,0.032055055968914954,False,0.018596083606370075,0.33628976345062256
45648,577.2472395754841,500,False,0.2961832896300923,True,0.018130627724734335,0.30570125579833984
45792,573.644762456048,500,False,0.293467542738238,True,0.017956805606940726,0.3554806411266327
45792,508.5834972588252,500,False,0.41166655804067664,True,0.017956805606940726,0.3554806411266327
45840,515.2405048147634,500,False,0.4901549004744324,True,0.017817458407011693,0.3857259750366211
45984,690.8385564810889,500,False,0.16207300822343504,True,0.017771097372550306,0.2959461510181427
46224,590.0102239057458,500,False,0.09256208437955128,True,0.017638609456863515,0.4280775785446167
46560,513.0570734684817,500,False,0.10726724640617423,False,0.01741603323189949,0.2801073491573334
46608,763.6438064382208,500,False,0.14180865042523608,True,0.017103438286850386,0.2970052659511566
46752,569.2674696836981,500,False,0.06323903729178844,True,0.01706242085399791,0.5154651403427124
46912,601.8467153527222,500,False,0.16153096074431533,True,0.016929523886149572,0.28236469626426697
47120,593.2446314027555,500,False,0.5237774176162093,True,0.016788238101677018,0.5820276737213135
47456,600.8232872957757,500,False,0.1284034048972933,True,0.016605179110497945,0.4598701000213623
52672,531.0252637715871,500,False,0.3808667832574151,True,0.014404758915831217,0.377729594707489
52880,680.5365438719653,500,False,0.2684301484504498,True,0.012833876587132165,0.4283390939235687
53008,673.636227854853,500,False,0.05968730751649114,False,0.012715358530094721,0.5234065055847168
53472,560.8001567892641,500,False,0.2664465420344506,True,0.012650084989898993,0.6529146432876587
53648,480.9662078831221,500,False,0.7509101901128419,True,0.01240643705217202,0.3971325755119324
53792,626.2756583882394,500,False,0.20665192843455293,False,0.012318001553852813,0.43259355425834656
53792,540.6938955351204,500,False,0.7111461717475076,True,0.012318001553852813,0.43259355425834656
53840,521.9969322239507,500,False,0.20051885911529055,False,0.012248041912554582,0.4685226380825043
53984,684.4120146803829,500,False,0.18876209403913194,False,0.012221614475545322,0.47005152702331543
54224,688.4522665518258,500,False,0.1370129544749127,True,0.012146640531645693,0.4243242144584656
54560,640.4687990661207,500,False,0.2667334748906723,True,0.012033080735587941,0.5113117694854736
54608,638.1138340224064,500,False,0.3166895237280603,False,0.011872079946339029,0.4782266616821289
54752,697.4977817676944,500,False,0.27896136615973594,True,0.011849006499960712,0.567033052444458
54912,713.9030860095892,500,False,0.5127917198970456,True,0.011781591447234464,0.5726999044418335
55120,703.2169750907198,500,False,0.16119399964684022,False,0.011710839967508912,0.4790387749671936
55456,675.2748380414546,500,False,0.1600571774859872,True,0.01162601153505116,0.49706506729125977
60672,772.4344211515788,500,False,0.042505361932456784,True,0.011510941173577425,0.5163414478302002
60880,619.6164895862738,500,False,0.14716308297400338,False,0.01030148645061855,0.5911247134208679
61008,654.6004187945664,500,False,0.11767685122401512,True,0.010294142295603903,0.6550763249397278
61472,779.5170794962916,500,False,0.0529179418512858,False,0.010283104964277787,0.7223460674285889
61648,742.6969521335797,500,False,0.05490117089435473,True,0.010256811341431945,0.6898080110549927
61792,738.3129524551878,500,False,0.1661693173180349,True,0.010241164370004925,0.62059485912323
61792,618.7825322636211,500,False,0.322785334691667,True,0.010241164370004925,0.62059485912323
61840,518.0173817414969,500,False,0.3341114737097602,True,0.010222618605977875,0.6801706552505493
61984,585.7542967493823,500,False,0.2313182556495409,True,0.010214649902752322,0.5250186920166016
62224,634.9940403111664,500,False,0.13154595327059546,False,0.010204784113143144,0.6432725787162781
62560,797.8611089850959,500,False,0.3482283098621282,True,0.010196568975273998,0.7669545412063599
62608,633.0667046336848,500,False,0.14266046716602832,False,0.01016933452880973,0.6182627081871033
62752,688.8823149116191,500,False,0.038874360735218653,True,0.010172186108156012,0.5167040228843689
62912,406.21857601790566,500,False,1.0151674300088998,True,0.010166668272911732,0.5986706018447876
63120,533.8103716680191,500,False,0.3983879430575393,True,0.010164452173592905,0.7093555331230164
63456,575.3088577419907,500,False,0.18451107966580985,True,0.01018085830465785,0.5294859409332275
68672,727.6528298111965,500,False,0.11045934204771649,True,0.010182060558245913,0.66590416431427
68880,581.7958692115977,500,False,0.22701352037626332,True,0.010279172209534386,0.7252353429794312
69008,798.1062803874001,500,False,0.05669528288313318,False,0.01031976512337146,0.7640715837478638
69472,745.5264820666299,500,False,0.20138052068755308,True,0.010358398928656554,0.7210023999214172
69648,629.9776848342686,500,False,0.11627595005395742,True,0.010481302027350236,0.7572788000106812
69792,603.4692636797325,500,False,0.7745720675909663,True,0.010512153119972667,0.8779158592224121
69792,637.5902442608024,500,False,0.378416318064776,True,0.010512153119972667,0.8779158592224121
69840,834.6739851418594,500,False,0.04595900841780008,False,0.010526059348671719,0.8569465279579163
69984,647.63148548671,500,False,0.17512580562889776,True,0.010524699392264476,0.8225158452987671
70224,779.9546620555061,500,False,0.057004901709715554,True,0.010550790913637146,0.815529465675354
70560,682.8920667852271,500,False,0.2550469663820802,True,0.010616702962422241,0.74781334400177
70608,551.722210914025,500,False,0.5664657201860998,True,0.010685396010384181,0.6843993663787842
70752,755.5531241206071,500,False,0.033285460184251235,False,0.010699216153529045,0.751076340675354
70912,804.4518541185183,500,False,0.07609750646125855,True,0.010721209749790205,0.6429567337036133
71120,794.8812298339436,500,False,0.046695081978719424,False,0.010779092188418807,0.9321720004081726
71456,703.0392459802755,500,False,0.15533352964925654,True,0.010820612806497492,0.8075482249259949
76672,770.1446497796936,500,False,0.1469061746263852,True,0.010909606892101357,0.909325122833252
76880,596.798611366034,500,False,0.49237239327622456,True,0.011762655735671354,0.9821801781654358
77008,807.6748368166781,500,False,0.04982542392311175,True,0.011756196853017287,0.8039201498031616
77472,729.5269117218542,500,False,0.11156128817739389,True,0.01179437927691961,0.8994845747947693
77648,767.6583958389737,500,False,0.07832007358480135,True,0.011910973888214289,0.9061216115951538
77792,798.1466889265605,500,False,0.1575020580550511,True,0.011965274250903357,0.8479257822036743
77792,742.2394415173864,500,False,0.04292200548441206,True,0.011965274250903357,0.8479257822036743
77840,782.8735618802173,500,False,0.04936751440420625,True,0.0120473017809989,0.9287817478179932
77984,819.2976257657687,500,False,0.029288489291048703,True,0.01206290902523464,1.0099204778671265
78224,695.0829536245839,500,False,0.20820181824524867,True,0.012007093727305112,0.8206431865692139
78560,863.6965438832256,500,False,0.0556044371003128,True,0.011964445086544385,0.9373655915260315
78608,704.8715685563617,500,False,0.09549009369014616,True,0.011999439675337,0.9892693758010864
78752,684.9775191637638,500,False,0.08467571491261407,True,0.011991859151455007,1.0464837551116943
78912,777.8943109701287,500,False,0.017997233221798598,True,0.011984959472007436,1.156127691268921
79120,509.1753853173843,500,False,1.1503741017104927,True,0.011996858690500163,1.0328443050384521
79456,366.6981884497434,500,False,2.2485560809447134,True,0.011999783951943042,1.0715930461883545
84672,677.3819740031793,500,False,0.2057450133639585,True,0.012023894889880085,1.0046911239624023
84880,741.472692049874,500,False,0.08628533247431072,False,0.012939647412290221,1.1177040338516235
85008,691.6635305339968,500,False,0.17011942424444562,True,0.012965308874266869,1.2374252080917358
85472,705.8128833976115,500,False,0.06814968001753526,True,0.013017206346899134,1.1294522285461426
85648,744.2430256592627,500,False,0.05039842616177797,False,0.012997794897029267,1.0996122360229492
85792,869.7778622653176,500,False,0.19889112660867567,True,0.013026047845214215,1.119972586631775
85792,822.3896969316189,500,False,0.06931184504431154,True,0.013026047845214215,1.119972586631775
85840,579.8281556753429,500,False,0.28284529889113674,True,0.013114892694123689,1.114040493965149
85984,809.5014079546094,500,False,0.04730218648230409,True,0.013113857922291075,1.0148718357086182
86224,769.3105341225115,500,False,0.016099443475573086,False,0.01308082275600627,1.097000241279602
86560,785.9253000443134,500,False,0.08664892122068787,True,0.013107745254909063,1.2844467163085938
86608,614.7536164489949,500,False,0.22997721516554626,True,0.013229250241711153,1.027292013168335
86752,705.3195430109205,500,False,0.1721755933242989,True,0.013237872593473995,1.1604862213134766
86912,734.1904199331104,500,False,0.04501500771827667,True,0.013317222626328559,1.3484408855438232
87120,794.5463456663618,500,False,0.05566533974226504,True,0.013386981345406128,1.1207729578018188
87456,841.7811803384025,500,False,0.054853513936008985,False,0.013425874291190538,1.4326223134994507
92672,672.4376394307816,500,False,0.30906380321495863,True,0.013533786694176767,1.0823445320129395
92880,715.5222106976577,500,False,0.806001806437174,True,0.014218675344059965,1.2611749172210693
93008,751.542016087653,500,False,0.06689942286678953,True,0.014189949285350582,1.3772611618041992
93472,857.5265358925685,500,False,0.04063119572630943,False,0.014249840795792865,1.4762661457061768
93648,821.5726739089231,500,False,0.02205423912934562,False,0.014360229610917423,1.2618213891983032
93792,732.9168646891999,500,False,0.205904316946159,True,0.014360146600060335,1.1292554140090942
93792,898.2899754549665,500,False,0.02788330983078825,True,0.014360146600060335,1.1292554140090942
93840,828.5187892051371,500,False,0.036823256696586065,True,0.014317354177250474,1.1409320831298828
93984,718.9205877525083,500,False,0.20654257046787855,True,0.014338708273493386,1.2435195446014404
94224,835.4099457471262,500,False,0.028895163505212724,False,0.01441152531702003,1.0625879764556885
94560,763.8816140254784,500,False,0.08989383862445113,True,0.014476857206788245,1.1240947246551514
94608,813.9203836389838,500,False,0.19397482457417,True,0.014460293830129397,1.100151538848877
94752,785.3203679176736,500,False,0.21437749924988408,True,0.014467797401194606,1.5277546644210815
94912,868.8868750734097,500,False,0.016441668308424893,True,0.014515669716004532,1.2256677150726318
95120,813.430319575517,500,False,0.03128796623640496,True,0.014491018799594952,1.3317698240280151
95456,786.9862050216094,500,False,0.1211352152692141,True,0.014479495726502528,1.270676612854004
100672,820.1299928784815,500,False,0.019761438121396104,True,0.01499218360336512,1.4080150127410889
100880,734.95921690947,500,False,0.059119866417117244,True,0.015243688054520557,1.1754026412963867
101008,844.0046881727998,500,False,0.06760426622456954,True,0.015323683285169717,1.370177984237671
101472,720.1063919047331,500,False,0.10269994141847044,True,0.015338114768197337,1.6076617240905762
101648,830.292800652132,500,False,0.03566531090520349,False,0.015477284780041005,1.4423058032989502
101792,837.1752012244729,500,False,0.01965117140207766,True,0.015487876760317668,1.4204761981964111
101792,820.7086897301411,500,False,0.04448426698728784,False,0.015487876760317668,1.4204761981964111
101840,585.0599560793643,500,False,0.3859307586439989,True,0.01550164425799122,1.2378344535827637
101984,786.0818872404287,500,False,0.12864849145503932,True,0.015520233786281836,1.5404784679412842
102224,787.4134987426229,500,False,0.09816873910438165,True,0.015537252298843084,1.4791004657745361
102560,843.3530979103581,500,False,0.034252584918588055,True,0.015623663758331813,1.2674405574798584
102608,776.2681406176706,500,False,0.11866742932859342,True,0.01566034908176021,1.1411693096160889
102752,784.4962178688833,500,False,0.04212912088402467,True,0.015660115008522196,1.5157520771026611
102912,806.8899354287929,500,False,0.05259525766481569,True,0.015588686432063967,1.241744041442871
103120,584.7100903550482,500,False,0.37553715090067386,True,0.015607396114666477,1.4623827934265137
103456,901.154361863215,500,False,0.03748421022509015,False,0.015624460913101457,1.543624997138977
108672,747.1552461222883,500,False,0.19884644119185627,True,0.015766800084240324,1.2699304819107056
108880,611.968017051687,500,False,0.657821345498471,True,0.016460989248795313,1.8154840469360352
109008,738.4560982981652,500,False,0.37469533906339003,True,0.016410461320068143,1.3514821529388428
109472,835.1279541435127,500,False,0.015709349695001085,False,0.01647097342329841,1.3047702312469482
109648,782.7965610104411,500,False,0.04318014613714652,True,0.016541829376371556,1.5082883834838867
109792,828.0098256405581,500,False,0.18512178187392272,True,0.016457182969101456,1.2961797714233398
109792,826.7046079931429,500,False,0.04580725241202096,False,0.016457182969101456,1.2961797714233398
109840,748.8400077492366,500,False,0.120569479613962,True,0.01639663872373981,1.4029628038406372
109984,844.4267196420499,500,False,0.020653088150011496,True,0.016415143970030462,1.3512871265411377
110224,499.1660705463571,500,False,0.6330191940681085,True,0.01636249280406842,1.6443003416061401
110560,622.7033343500163,500,False,0.27263637004138325,True,0.0163338265202448,1.333073377609253
110608,821.370528617837,500,False,0.04007752464847972,False,0.01631503133741422,1.2712187767028809
110752,821.9822238249336,500,False,0.14890372084234046,True,0.016270063426660392,1.3630750179290771
110912,827.8185473227851,500,False,0.05833354541363771,True,0.01625845406364483,1.645676851272583
111120,737.1044241736059,500,False,0.16357236693813995,True,0.016289441431198988,1.7174441814422607
111456,791.1262486342674,500,False,0.1598982142576329,True,0.016284026497199948,1.3537862300872803
116672,657.767383234813,500,False,0.4716302428163642,True,0.01634389478900793,1.1781110763549805
116880,789.5911637933773,500,False,0.05922962929204381,True,0.01693261431286076,1.563573956489563
117008,883.2451361201905,500,False,0.04972145251804808,False,0.01690990079077068,2.0714149475097656
117472,790.8767625863841,500,False,0.046912104340978776,False,0.016854585890560263,1.8152672052383423
117648,759.0198183221747,500,False,0.08312023595582992,True,0.016903407270017996,1.1789542436599731
117792,684.0909118224656,500,False,0.8541770363604055,True,0.01696189927521518,1.3389307260513306
117792,796.152821123034,500,False,0.03983077711006476,False,0.01696189927521518,1.3389307260513306
117840,835.7972525509472,500,False,0.06050287088593731,False,0.016986416165129074,1.4338798522949219
117984,852.5695766712518,500,False,0.04159777365424634,True,0.016991904800984583,1.6728453636169434
118224,758.9361477103773,500,False,0.052347539340405515,True,0.01700167741598719,1.8819501399993896
118560,778.8683717831947,500,False,0.06793282212789747,True,0.017050489012367134,1.462374210357666
118608,844.1332940394617,500,False,0.06821058169956234,False,0.017166748167873946,1.53001070022583
118752,836.8464811290645,500,False,0.06010180684684817,True,0.017192500271719174,1.5747182369232178
118912,810.033916472888,500,False,0.05931183246104557,True,0.017176294606343227,1.5920599699020386
119120,704.7048506832838,500,False,0.7544507869917035,True,0.017221722848761143,1.7910487651824951
119456,738.2500416384767,500,False,0.06893017435170481,False,0.017233063093709085,1.6866631507873535
124672,818.2660243181937,500,False,0.07035594315956478,True,0.017252236431655486,1.562317967414856
124880,843.5245186000315,500,False,0.048905767807299716,True,0.017376842097527715,1.5370903015136719
125008,423.78174225197955,500,False,1.3280449618396284,True,0.017393848186209655,1.712383508682251
125472,758.6620774502182,500,False,0.06506757373175795,True,0.01738789534510459,1.606276512145996
125648,845.095644597238,500,False,0.1419075794636436,True,0.017326287649011316,1.4110140800476074
125792,796.7972707247264,500,False,0.09128881356366735,True,0.01729063479411101,2.0666210651397705
125792,778.4862151471665,500,False,0.04481605232740153,True,0.01729063479411101,2.0666210651397705
125840,824.216384193982,500,False,0.03376522290197282,True,0.017357456887427878,1.656105399131775
125984,849.3340016701623,500,False,0.042948198970654355,True,0.017356746288227847,1.3493523597717285
126224,744.4684911785638,500,False,0.03878390218487557,True,0.017418813167177187,1.4301445484161377
126560,714.1220347182924,500,False,0.5025539145294219,True,0.0174838873469826,1.5193219184875488
126608,870.2541024260153,500,False,0.058221747380532186,True,0.017578936543853462,1.5089137554168701
126752,826.0854925759637,500,False,0.08012212349562532,True,0.017590752837279035,1.3496358394622803
126912,836.8643327671214,500,False,0.08035360200797784,False,0.01759595074613689,1.5893380641937256
127120,845.104454137873,500,False,0.18189189073319437,True,0.017656899353777167,1.5575790405273438
127456,765.0057295296817,500,False,0.04839184934033013,True,0.017605704245211403,1.6495461463928223
132672,792.7786063032127,500,False,0.16183429736818306,True,0.017580247332813322,1.7282555103302002
132880,815.4535235360495,500,False,0.06251928652520851,True,0.01839716398808543,1.5851168632507324
133008,831.7872775453576,500,False,0.0672773849458094,True,0.018400138012490838,1.7299083471298218
133472,800.2643708141433,500,False,0.09880368570579194,True,0.01840576862366351,1.283055305480957
133648,681.1131305473373,500,False,0.2041479482397683,True,0.018190356792263277,1.6071410179138184
133792,743.5816231397826,500,False,0.08200233865473226,True,0.01813159331499049,1.4902019500732422
133792,844.3482408987539,500,False,0.05904695106281418,True,0.01813159331499049,1.4902019500732422
133840,860.6928224697122,500,False,0.06225621832788885,False,0.018088078314432137,1.4502063989639282
133984,834.6634147761508,500,False,0.06502565270563963,True,0.01807531883079302,1.5365304946899414
134224,742.2999273147778,500,False,0.08699654558608004,False,0.017997941613129922,1.6580116748809814
134560,754.9751469080284,500,False,0.07479357281725249,True,0.018067483803032306,1.351318597793579
134608,871.0067949696404,500,False,0.050995354351969044,True,0.018001085695992198,1.8037183284759521
134752,814.6780266447423,500,False,0.06811088176343906,True,0.017996131842635064,1.6221122741699219
134912,598.3491071210445,500,False,0.2673175632182888,True,0.018046704997196884,1.799245834350586
135120,839.8522358166775,500,False,0.07733984356793626,True,0.01801475848922182,1.624887228012085
135456,842.4754827808342,500,False,0.07457404622989852,True,0.0179599243117486,1.4239439964294434
140672,814.06024613383,500,False,0.06123742593880087,True,0.01795154202747249,1.4819004535675049
140880,837.9490016023151,500,False,0.048593747572096196,False,0.018301418566826523,1.705999732017517
141008,746.0049958029314,500,False,0.07299169900641377,True,0.01829226743948513,1.4592818021774292
141472,845.6093223385296,500,False,0.049805837763765244,False,0.018279539073047715,1.3042311668395996
141648,801.3804275991799,500,False,0.09689293223962925,True,0.0183820707990508,1.4856903553009033
141792,806.1332533448068,500,False,0.033039452229235725,False,0.0183770599463456,1.4212677478790283
141792,749.5707543154881,500,False,0.12946376095475498,True,0.0183770599463456,1.4212677478790283
141840,719.7432801695214,500,False,0.04398581393813618,True,0.018392457263066476,1.5278822183609009
141984,842.9187167247187,500,False,0.050747486132812304,True,0.018375501729960088,1.737546682357788
142224,728.1347240852164,500,False,0.15377612688356432,True,0.018436732140630078,1.659961462020874
142560,851.9315048253575,500,False,0.04883264147941648,True,0.018463491210860442,1.5260968208312988
142608,818.4570576077572,500,False,0.12761000112649995,True,0.018526605965686744,1.4797332286834717
142752,799.350917535611,500,False,0.03149424385785383,True,0.018506459810354335,1.6133605241775513
142912,358.7172067685088,500,False,0.7924399254887564,True,0.018503239657620147,1.334303379058838
143120,836.902375287107,500,False,0.05318953776275863,True,0.018336759798256913,1.5270607471466064
143456,761.6393302487159,500,False,0.06037745834718075,True,0.018254663655562702,1.8036775588989258
148672,814.5454460226357,500,False,0.03364331788476395,True,0.01829899148449796,1.4623544216156006
148880,688.113421438617,500,False,0.22105642286375315,True,0.01895502987706792,1.356574296951294
149008,787.0976817625277,500,False,0.056881513734314326,False,0.01901429682356166,1.7983357906341553
149472,763.973720057363,500,False,0.07855737249904565,False,0.019062865818992747,1.7145625352859497
149648,706.1480890190697,500,False,0.21160224425788232,True,0.019232099522851986,1.5486822128295898
149792,883.7406700521221,500,False,0.065497785199227,True,0.01924683919356418,1.4417955875396729
149792,887.0981686593905,500,False,0.07279480284263995,True,0.01924683919356418,1.4417955875396729
149840,867.9157809550373,500,False,0.04690331096995725,False,0.01927700960366662,1.3572074174880981
149984,767.0553411468711,500,False,0.07541685563505911,True,0.01925897113384095,1.5052516460418701
150224,788.8005800351151,500,False,0.1043177803339901,True,0.01919222668882808,1.421327829360962
150560,776.3347541569349,500,False,0.09381531040277279,True,0.01921982194126378,1.8590790033340454
150608,787.0083247468762,500,False,0.08560936546974778,True,0.019411957506401286,1.589867115020752
150752,796.9813087205727,500,False,0.058919688476692794,True,0.01942034825491438,1.217867136001587
150912,735.0635474077726,500,False,0.3328041771880638,True,0.01937653071284665,1.785843014717102
151120,752.8131295699548,500,False,0.06640870852983927,True,0.01931437747659528,1.4700498580932617
151456,827.3317246760837,500,False,0.07115986054803868,True,0.019337225923147218,1.8850754499435425
156672,857.9622840772498,500,False,0.027105206558785285,True,0.01944284550574959,1.7082196474075317
156880,859.1984606760229,500,False,0.0504676995270716,True,0.01913473437276502,1.4452446699142456
157008,856.1543007992447,500,False,0.08186259324849363,True,0.019074003706179045,1.4632372856140137
157472,824.5494916669996,500,False,0.0515381853096303,True,0.01907459567571313,1.5449576377868652
157648,877.2481998954902,500,False,0.06946885208847396,True,0.018885610427260918,1.5061821937561035
157792,859.5148007027291,500,False,0.0604982955092762,False,0.01895975941756016,1.4760351181030273
157792,832.3455500644554,500,False,0.08607504303384565,True,0.01895975941756016,1.4760351181030273
157840,667.4247249461445,500,False,0.20703552740330547,True,0.018861309420078652,1.6431752443313599
157984,714.7255274953028,500,False,0.867269617134819,True,0.018868868734676927,1.4537616968154907
158224,555.0327223143322,500,False,0.26532714956278614,True,0.018883570665510083,1.7986338138580322
158560,711.1594620045798,500,False,0.055960738307921754,False,0.018954905309261975,1.48566472530365
158608,865.5717100682269,500,False,0.03659976762092159,False,0.019045595272238508,1.4460561275482178
158752,788.2258214652063,500,False,0.11045597955283544,True,0.01903466536070295,1.8286207914352417
158912,836.3979088394946,500,False,0.08397245002079533,True,0.019003519296510854,1.4905922412872314
159120,331.39262641929537,500,False,2.7602096608362614,True,0.01902053846953012,1.6648175716400146
159456,726.648404681211,500,False,0.5340606179427771,True,0.01894670069494774,1.8606512546539307
164672,801.27522057501,500,False,0.05817009833768196,True,0.01892622435913676,1.9374409914016724
164880,765.2184880829435,500,False,0.0548834334788043,True,0.018703631542300203,1.7007575035095215
165008,564.4404472786082,500,False,1.368788552413287,True,0.018763886342236,1.8719515800476074
165472,720.4148946582314,500,False,0.10104416811412441,True,0.01883685048148881,1.3684418201446533
165648,752.8523751246906,500,False,0.06491768736639668,False,0.019031886316613632,1.9130680561065674
165792,798.5086184787345,500,False,0.058267605346422696,False,0.018872935197780803,1.2894299030303955
165792,761.2155802041841,500,False,0.1257780566978178,True,0.018872935197780803,1.2894299030303955
165840,868.6379987617437,500,False,0.039383148606431086,False,0.01892357511863742,1.7418010234832764
165984,727.8654879743729,500,False,0.09898853541197129,True,0.01890984638309305,1.507319688796997
166224,858.7559433312026,500,False,0.07573334083033233,True,0.01889681622865296,1.7584682703018188
166560,773.1881218458276,500,False,0.06685756164995439,True,0.018927649375610357,1.9541544914245605
166608,867.3720798536795,500,False,0.062143668235312435,True,0.018914430370194944,1.5477356910705566
166752,764.4053601603325,500,False,0.07878155558212613,True,0.018919269611485046,1.3428326845169067
166912,815.3504644754438,500,False,0.07556712568782596,True,0.018894129349252827,1.6829169988632202
167120,859.1254879376306,500,False,0.08166665449022714,True,0.01887673815939911,1.5978693962097168
167456,688.0941747136482,500,False,0.16352609039595586,True,0.018893369723070323,1.5657451152801514
172544,616.6763296123112,442,True,1.8998874280623528,True,0.018969921694956995,1.6835122108459473
172672,881.6217547648546,500,False,0.04877764990988893,True,0.01932276420946425,1.6425144672393799
172800,622.8766291761044,447,True,1.9103327419652099,True,0.019313156936586737,1.8848357200622559
172880,779.5083595564435,500,False,0.07846352054627814,True,0.01933029175786399,1.171876072883606
173008,869.9820021941639,500,False,0.07750824022308396,False,0.01930375958608906,1.6964844465255737
173792,804.3119471370009,500,False,0.0718563080109949,True,0.019318533646164572,1.255873441696167
173792,814.700553727478,500,False,0.129012891385,True,0.019318533646164572,1.255873441696167
173840,825.6844772819309,500,False,0.048207134167540404,False,0.01946499934463145,2.0686817169189453
173984,770.7715513491553,500,False,0.07154144812897774,True,0.019467964586551794,1.4978301525115967
174224,766.4264750834817,500,False,0.07947353691544996,True,0.019488897170980464,1.6420924663543701
174560,765.9143411794918,500,False,0.08807243043259369,True,0.019608389566434466,1.349501371383667
174608,849.6061936370518,500,False,0.07506048394937377,True,0.01966290497358528,1.4548721313476562
174752,735.3735054165743,500,False,0.13666222540038533,True,0.019666443450261487,1.7011528015136719
174912,815.1684357171747,500,False,0.13422697727905897,True,0.019715870125291527,1.3985893726348877
175120,598.8385659914054,500,False,0.45357237808805156,True,0.019740990069710244,1.4636151790618896
175456,789.3851309506429,500,False,0.11695525656289604,True,0.019866410950119928,1.3401336669921875
180544,774.2476933816687,500,False,0.10361006464421679,True,0.0199863809053872,1.6035921573638916
180672,757.5620588544164,500,False,0.11061382812809091,True,0.02010495480605356,1.4477393627166748
180800,768.264013947924,500,False,0.11764647557724674,True,0.02016036520797808,1.521148920059204
180880,826.7754267823284,500,False,0.09924413280928812,True,0.020283718782879143,1.894030213356018
181008,733.7063185937982,500,False,0.07481562384126904,True,0.02028347404277398,1.4623596668243408
181792,775.8594638014334,500,False,0.07842607389229825,True,0.02024680704571613,1.708065152168274
181792,829.6059190722164,500,False,0.050857603866201716,True,0.02024680704571613,1.708065152168274
181840,806.9682571173747,500,False,0.1107623584446439,True,0.02032300144278614,1.450300931930542
181984,828.6413432791323,500,False,0.04792900306019969,False,0.02034746295257726,1.5347046852111816
182224,770.0095555636099,500,False,0.04198503178690932,True,0.02040031277721271,1.4913699626922607
182560,762.9452870107777,500,False,0.09035804940397495,True,0.0202735913559544,1.568291187286377
182608,785.267443235012,500,False,0.06062086091606485,True,0.02025769809067803,1.4559905529022217
182752,761.0519911757111,500,False,0.06482029863321102,True,0.02024254383486878,1.521841049194336
182912,870.165763014084,500,False,0.08496163004253071,True,0.020264387661100305,1.2565566301345825
183120,781.5474610751043,500,False,0.07636687349394383,True,0.02027784890287658,1.5191748142242432
183456,650.600370322803,500,False,0.32192108357411964,True,0.020247731030983762,1.5733224153518677
188544,757.5832932002317,500,False,0.10189006599459069,True,0.020320679643965982,1.6343637704849243
188672,822.516590931537,500,False,0.12570391323249147,True,0.020557119757960214,1.6819326877593994
188800,772.5154734927695,500,False,0.0652981824489944,False,0.020501038605370926,1.4888935089111328
188880,789.7633246448563,500,False,0.0680047271296642,True,0.020434170334502604,1.4374088048934937
189008,819.4428983173167,500,False,0.07792047523740817,False,0.020441852848055574,1.3261520862579346
189776,584.0933918996674,429,True,2.1483215872897934,True,0.020434752971515476,1.4129714965820312
189792,757.0515709710112,500,False,0.10940937035908917,True,0.020531046700737136,1.7308526039123535
189792,722.9282425030412,500,False,0.17448820596530473,True,0.020531046700737136,1.7308526039123535
189840,810.6356308039218,500,False,0.20643932494373907,True,0.02052354157579496,1.3012239933013916
189984,798.4228303553662,500,False,0.10071399296016378,True,0.020510501167992946,2.1168627738952637
190224,748.0952306479925,500,False,0.08812815346052762,True,0.02048020859566794,1.6544382572174072
190560,717.1986195604162,500,False,0.17057245264343693,True,0.020485984154309193,1.4101903438568115
190608,730.5245975187804,500,False,0.09690622320784166,True,0.020303843750403353,1.640321969985962
190752,710.0920282118122,500,False,0.3499851108128551,True,0.020285856581957844,1.5013163089752197
191120,797.241944147246,500,False,0.0880969362214869,True,0.020186594542090285,1.9472947120666504
191456,769.9422892643922,500,False,0.08125626574918808,True,0.020210028938796178,1.9677903652191162
194464,432.2431029594573,341,True,1.4893679237480795,True,0.02018538840631243,1.4460408687591553
196544,817.6874770409988,500,False,0.06934508673181462,True,0.019511383252991336,1.8014888763427734
196672,843.7230148098264,500,False,0.05798985266588907,True,0.0190640170343477,1.3572165966033936
196800,670.3643182183824,500,False,0.16424084834334016,True,0.01905699444031526,1.4054876565933228
196880,786.9534176755325,500,False,0.0898419218648753,True,0.01901328962134083,1.60586678981781
197776,688.996820871525,500,False,0.3705222672123932,True,0.01900759262531999,1.5925219058990479
197792,831.8578417776,500,False,0.06753898151624872,True,0.018990926476062188,1.4449741840362549
197792,790.7873115988368,500,False,0.10804335961344506,True,0.018990926476062188,1.4449741840362549
197840,791.7754042212965,500,False,0.058095841345362983,True,0.018989127437082785,4.133073329925537
197984,877.1285794797033,500,False,0.058740814787548105,False,0.018967060587292292,1.442287564277649
198224,849.3352641871286,500,False,0.06141636481781531,True,0.018902401325448393,1.4543218612670898
198560,763.5336455650016,500,False,0.04240164996616599,True,0.0188797949706266,1.7255520820617676
198608,882.6153282347228,500,False,0.025781714955619955,True,0.018952218848659223,1.4740644693374634
198752,805.2294455904744,500,False,0.050636084259376844,True,0.018947169424410562,1.9421067237854004
199120,734.8749415335822,500,False,0.08084127239131365,True,0.018912369273930307,1.4211182594299316
199456,765.3755035342404,500,False,0.054853782137200435,False,0.018793019024862672,1.6131277084350586
202464,748.9758136468021,500,False,0.08258878368147299,True,0.018964483030290618,1.3983404636383057
203216,365.8388955748036,340,True,4.34055972533401,True,0.01882874536719546,1.6127138137817383
204544,836.3246121158267,500,False,0.07074940704326618,True,0.018846106761585126,1.5206239223480225
204672,764.0596758603687,500,False,0.09231272625755815,True,0.01881734813016039,1.418100118637085
204800,746.9625861453477,500,False,0.08553332120479633,True,0.01883172583023408,1.6886653900146484
204880,765.6071955717991,500,False,0.08525828870704875,True,0.018822419952706913,1.2180016040802002
205792,823.6660182053636,500,False,0.1088770472426507,True,0.018841840890474932,1.3551989793777466
205792,912.6331980798727,500,False,0.03957337434821651,False,0.018841840890474932,1.3551989793777466
205840,805.4938722619028,500,False,0.03859273993725517,True,0.018905864794501626,1.6339353322982788
205984,845.5549270655554,500,False,0.07203538232889653,False,0.018950104364176153,1.4853174686431885
206224,781.7752266964649,500,False,0.08755749373127714,True,0.019019456788407964,1.5976461172103882
206560,811.7990501630516,500,False,0.030959681428929638,False,0.019101929375467695,1.507988691329956
206608,720.9024533399565,500,False,0.07690485587110678,True,0.019144261847132464,1.3666713237762451
206752,819.41892261967,500,False,0.04070104391267648,True,0.01912360325370133,1.6798499822616577
207120,860.3776274929753,500,False,0.054295245307965694,False,0.019188685479389,3.7237086296081543
207456,768.0213292031094,500,False,0.08268620430406332,False,0.019149430062630996,1.3789656162261963
210464,829.384122891855,500,False,0.03438846825949233,True,0.019186858616486606,1.3601303100585938
211216,878.6931637635435,500,False,0.02887064518358604,True,0.018984035809802763,1.548126459121704
212544,760.2153010765251,500,False,0.08322837707025577,True,0.018878718471343803,1.6076101064682007
212672,790.2170136450188,500,False,0.01427958259047463,False,0.018835731935631265,1.959071159362793
212800,770.1211238801825,500,False,0.03671883802197929,True,0.01881923025742794,1.546259880065918
212880,828.2725368963329,500,False,0.07152820377205672,True,0.018849241596499713,1.4912283420562744
213792,797.8072405749587,500,False,0.08405549812185076,True,0.018866321603507846,1.4919812679290771
213792,792.8107660386346,500,False,0.08152000159442563,True,0.018866321603507846,1.4919812679290771
213840,835.2326111489397,500,False,0.038381824363965394,False,0.018843560701056104,1.583253264427185
213984,805.3343634846501,500,False,0.10100722680429737,False,0.0188539794505094,1.453178882598877
214224,858.8996034701222,500,False,0.05395912447858951,True,0.018852300868924424,1.4228943586349487
214560,819.5253165002495,500,False,0.07612870505267147,True,0.01886239263074346,1.75008225440979
214608,804.1583463937088,500,False,0.04613737405862466,True,0.01871246890653542,1.5180842876434326
214752,863.9082325073759,500,False,0.052803460933524685,False,0.018696754511455527,1.230324625968933
215120,850.0432272715813,500,False,0.035662478130760865,True,0.01864639338949383,1.462791085243225
215456,677.0311060821741,500,False,0.9040933701942128,True,0.018547184297219077,1.2911016941070557
217776,308.8519444410433,311,True,2.255373373218205,True,0.018568446966266024,1.379789113998413
218464,834.2778990359591,500,False,0.0533920778656354,True,0.018530422407482424,5.629335403442383
219216,810.8454244339786,500,False,0.053944993154177,True,0.01853041975566384,2.21492338180542
220544,761.336633429087,500,False,0.0368506202064969,True,0.01874071055358201,1.2494601011276245
220672,773.6721158954842,500,False,0.09677437141908488,False,0.01863371205903986,2.280673027038574
220880,700.0719284018778,500,False,0.09957814258576977,True,0.01861294412415186,1.2976560592651367
221792,710.0139602408507,500,False,0.13099756274203841,True,0.018665881084751902,2.263254165649414
221792,757.4525493693595,500,False,0.08884058007596297,True,0.018665881084751902,2.263254165649414
221840,688.6319219131889,500,False,0.16256067342334354,True,0.018471741106688595,1.3490815162658691
221984,781.5656105107262,500,False,0.043338332234309815,True,0.01850775533046927,1.4680516719818115
222224,676.872808656741,500,False,0.11328815000728899,True,0.018555635523261567,1.3263397216796875
222560,805.0915215820385,500,False,0.11586127926456848,True,0.018576411701202708,1.7221320867538452
222608,844.2872862979322,500,False,0.07185668034165511,True,0.018487824703112478,1.3037230968475342
222752,799.5517497376599,500,False,0.04773430195259596,True,0.018509979095250505,1.523484468460083
223120,834.2172532966349,500,False,0.03795897362257492,False,0.01845463744080589,1.1842598915100098
223456,771.1254056351535,500,False,0.04593577068503456,False,0.018559233368085785,1.2433381080627441
225776,848.3483096230518,500,False,0.07350336456602924,True,0.018580862152862525,1.58733069896698
226464,742.6321203107055,500,False,0.08510255412799839,True,0.01856949053134235,1.344022274017334
227216,784.6980257739865,500,False,0.0795578478401873,True,0.01856693565982807,1.4225759506225586
228064,363.49872811309405,392,True,4.727924186862528,True,0.018574719324851392,1.465708613395691
228544,794.2346279310342,500,False,0.04417786399573618,True,0.018461953049300383,1.763816475868225
228672,741.0478287713082,500,False,0.11748377558809453,True,0.01839316205012198,1.706333041191101
228880,723.7941434058333,500,False,0.07953011693622919,True,0.0183998972047955,1.3822720050811768
229792,796.0321258478331,500,False,0.02335919449440596,False,0.0183785788420943,1.2308189868927002
229840,735.751498448504,500,False,0.15940283735071697,False,0.018474417815134935,1.5569934844970703
229984,746.6615051182355,500,False,0.09706851747098763,True,0.018506072629966994,1.2706984281539917
230224,726.8517764178632,500,False,0.16338274594275262,True,0.018544321600454362,1.4899165630340576
230560,778.0644117295985,500,False,0.040525452848942004,True,0.018627068354015657,1.2302320003509521
230608,791.0885615315922,500,False,0.09808103728593418,False,0.01859074715329694,1.4382177591323853
230752,735.0374247092893,500,False,0.11391005480116764,True,0.01856022584035986,1.2551355361938477
231120,726.2263344553701,500,False,1.0401004770051936,True,0.01857170599473433,1.7977030277252197
231456,812.9240941159993,500,False,0.0597914012378516,True,0.018600036970461285,1.5971863269805908
233776,852.776005319006,500,False,0.055442169566837,True,0.018707510564366987,1.3865559101104736
234464,751.5553201289775,500,False,0.07112539369481223,True,0.01866290394645406,1.3284038305282593
235216,810.996511028765,500,False,0.083880811935714,True,0.018235268835189902,1.644399642944336
236064,775.9669702555619,500,False,0.157436424188691,True,0.018186309454447366,1.4400582313537598
236544,763.6742517884347,500,False,0.19720288011479645,True,0.018050363626435022,1.4755756855010986
236672,711.0577277971827,500,False,0.13707787595029222,True,0.018024838938587893,1.397294521331787
236864,445.8355264134917,338,True,2.18725015790407,True,0.01799343189270362,1.386625051498413
236880,807.1596102268809,500,False,0.14615095401956596,True,0.017903886966603184,1.4144706726074219
237792,745.3717816236135,500,False,0.13005528284391968,True,0.017907832695567356,1.6101362705230713
237840,709.7926633921817,500,False,0.08858636741730351,True,0.017991291578664928,1.4381844997406006
237984,814.420882501197,500,False,0.07495726389999229,True,0.017970153678946346,1.405754804611206
238224,804.6003415548555,500,False,0.108919006752685,True,0.0179564505188368,1.5832972526550293
238560,696.0422821544504,500,False,0.18065049732821784,True,0.017964278393076172,1.4264661073684692
238608,747.8777517344136,500,False,0.11672840324233173,True,0.01797162636017881,1.2891652584075928
238752,780.1504431080796,500,False,0.10885778693072043,False,0.01795902131906171,1.5428614616394043
239120,740.4476712709211,500,False,0.2024479606043918,True,0.017990412560629117,1.4390842914581299
239552,327.3173739819134,318,True,1.8585696158684804,True,0.017996985315268006,1.3997007608413696
239680,540.6145839252458,369,True,4.465263036326158,True,0.017894381335405288,1.5800800323486328
243216,782.9197655829569,500,False,0.07133469048447728,True,0.017913337621025118,1.8403615951538086
244064,823.7790479191319,500,False,0.06729908830601043,True,0.017527129954399014,1.2310665845870972
244544,752.3377581411786,500,False,0.09134271899715625,True,0.017231303298773093,1.5247383117675781
244672,731.350903047648,500,False,0.061642053320136406,True,0.016972471848429645,1.5269734859466553
244864,814.3742784540631,500,False,0.050719322603344885,True,0.016952222129705118,1.3621279001235962
244880,780.5475408468467,500,False,0.09854905098540308,False,0.01699311830853978,1.9622697830200195
245792,793.7299911135073,500,False,0.10428103852852859,True,0.01699357278898195,1.3451242446899414
245840,701.4381130237309,500,False,0.14490028522720105,True,0.01704367424803729,1.6639705896377563
245984,733.8436561088512,500,False,0.18257553960742423,True,0.017071188196514063,1.4624613523483276
246224,836.7583663756238,500,False,0.06756476849789084,False,0.01714824484447951,1.2002054452896118
246560,754.9015113119216,500,False,0.0652283191866792,False,0.017134536931511235,1.5997366905212402
246608,867.2511496134327,500,False,0.07169825250604944,False,0.017125147240546965,1.5245345830917358
246752,805.140917395946,500,False,0.06223665869418823,True,0.01713918444699421,1.4890410900115967
247120,786.0399821619052,500,False,0.19046285822114836,True,0.01707163391877606,1.658318281173706
247552,897.4053686673734,500,False,0.03925690036783103,True,0.01698698590388678,1.5377168655395508
247680,788.0870793096284,500,False,0.06934544084591543,True,0.01699235763443666,1.546156644821167
251216,712.7173708393409,500,False,0.13543133420776654,True,0.017466544387187196,1.344458818435669
252064,754.5077845957612,500,False,0.09393880910848001,True,0.01701501282088642,1.3320415019989014
252544,752.0888509957175,500,False,0.08833551472456228,False,0.017071432320183055,1.9576380252838135
252672,732.661936541256,500,False,0.102444919006718,True,0.017207285477177092,1.3663475513458252
252864,842.4725603717062,500,False,0.05252623947340838,False,0.017215360513322602,1.4533357620239258
252880,745.299613013162,500,False,0.03568505946997782,False,0.017246127827087523,1.3506355285644531
253792,742.8944355393148,500,False,0.08080780948564092,True,0.017247576108719624,2.2313971519470215
253840,807.4028626088522,500,False,0.20720537218226073,True,0.017311606427847414,1.20456063747406
253984,761.503401573052,500,False,0.07036473221357466,True,0.017300589917808362,2.0748300552368164
254224,779.6221077067241,500,False,0.10611239429115009,True,0.017304831368542346,1.5757900476455688
254560,753.034668591835,500,False,0.04758210792931874,True,0.01721063230907985,1.2591538429260254
254608,657.9586280563695,500,False,0.1379122652301276,False,0.01726587082308757,1.3759076595306396
254752,726.5949684269822,500,False,0.16522194304751883,True,0.017289066011434345,1.3786449432373047
255120,757.5944194836403,500,False,0.0955020341117406,False,0.017273614377350026,1.4795234203338623
255552,658.5874716745745,500,False,0.21039321649731557,True,0.017151637532416886,1.3687479496002197
255680,744.7800261170743,500,False,0.06976965513022108,True,0.017162325571397054,1.3784719705581665
259216,868.5794847015663,500,False,0.07682887525393499,True,0.017188115333846687,1.0835614204406738
260064,829.7582901480616,500,False,0.10370546957647568,True,0.016862397368986887,1.3602596521377563
260544,828.149363033668,500,False,0.05079603764046427,False,0.016930234802190493,1.828446626663208
260672,778.4011245010036,500,False,0.07164275080157197,True,0.0169284546081785,1.7079919576644897
260864,761.0107290499353,500,False,0.047942293709338626,False,0.016868123159285885,1.8476136922836304
260880,693.0687417288857,500,False,0.13915338724502557,True,0.01685483347499436,1.515904426574707
261792,804.0839706166696,500,False,0.05534365704228703,False,0.01686092600586641,1.1303776502609253
261840,775.7608854291517,500,False,0.0627481886207217,False,0.016830589543810424,1.1949615478515625
261984,869.0959079480938,500,False,0.035003447369718645,False,0.016846767358053936,1.38210928440094
262224,813.0492852167511,500,False,0.12169379259572734,True,0.016816254350260778,1.1744978427886963
262560,807.3710177365548,500,False,0.15286486055505547,True,0.016750965046360453,1.1590585708618164
262608,803.0759845386918,500,False,0.027827565361425916,False,0.01671145780778175,1.4527451992034912
262752,828.8050481150814,500,False,0.041898378324937806,False,0.0167132940507308,1.2792043685913086
263120,849.573673653497,500,False,0.09069743160277448,True,0.016705874797732213,1.4759453535079956
263552,798.0768659328601,500,False,0.031147982495500753,False,0.016515305713625653,1.4116172790527344
263680,554.1937695778093,500,False,0.9492692926111675,True,0.01663804083943982,1.5213196277618408
267216,872.1119107585613,500,False,0.06879158849700844,False,0.016629356902110665,1.4116511344909668
268064,768.0155578087199,500,False,0.0811149353143051,True,0.016966258066395977,1.3567031621932983
268544,732.0661452858355,500,False,0.14347237915916702,True,0.017312369933492062,1.2253425121307373
268672,762.1364884603215,500,False,0.06765257474256693,True,0.017382643721468482,1.3460094928741455
268864,806.4531701938654,500,False,0.08024474595745704,True,0.01735393027431415,1.328248143196106
268880,813.8429752836893,500,False,0.09063009514052042,False,0.017342583919296994,1.6715130805969238
269792,824.3603176519198,500,False,0.09202691235258398,False,0.01735223095910262,1.2882859706878662
269840,792.1501189486011,500,False,0.13240059981730307,False,0.017612951818141372,1.5711328983306885
269984,765.1921648291054,500,False,0.0943598012507705,True,0.01757334399588451,1.316823959350586
270224,843.4239147782014,500,False,0.08712607198113666,False,0.017464605097861637,0.9935508370399475
270560,864.310358188311,500,False,0.08109594456030014,True,0.017418295416741437,1.028116226196289
270608,819.8700296963668,500,False,0.06759722425702676,True,0.017405029445327312,0.9768626093864441
270752,725.8861566356741,500,False,0.018300728827445423,True,0.017403008390095624,1.1871962547302246
271120,762.4948261956457,500,False,0.08622331112955227,True,0.017442420427489252,1.450799822807312
271552,769.6121978046476,500,False,0.10624570250840885,True,0.017305543292870734,1.1855933666229248
271680,851.6767327981756,500,False,0.04973719091858248,True,0.017208961338829366,1.8848081827163696
275216,785.3596724423445,500,False,0.07356178429363545,False,0.01724084897348361,1.6013154983520508
276064,793.3617928513464,500,False,0.12838991970069863,True,0.017612440523040517,1.3355293273925781
276544,786.8067619067295,500,False,0.07520995534710057,True,0.018124756836020304,1.2257641553878784
276672,621.2307906984762,500,False,0.16050985688074318,True,0.01822403645027453,1.2852253913879395
276864,828.8247977442577,500,False,0.07240153516788692,True,0.018236603633862866,1.171036720275879
276880,707.3333734533398,500,False,0.11824268830084916,True,0.018254639290717054,0.9538058042526245
277792,721.4384786120881,500,False,0.25670126436221596,True,0.018264952568007538,1.3684298992156982
277840,716.0118730118642,500,False,0.1081448665577666,False,0.017929325218267612,1.1674128770828247
277984,861.7530506543668,500,False,0.08080672811886486,True,0.017916633405843492,1.0477898120880127
278224,705.4306726693542,500,False,0.21512748125668135,True,0.017904239658013583,1.1717441082000732
278560,764.3138188200368,500,False,0.14583424128532796,True,0.017746986143996064,1.5479373931884766
278608,727.8221397168463,500,False,0.08456664072300181,True,0.01773127042957824,1.3483425378799438
278752,820.8779637270725,500,False,0.06477408815116577,True,0.01770094945388875,1.2430078983306885
279120,735.0983976122511,500,False,0.11385298952579054,True,0.017601382834137848,1.4038962125778198
279552,833.6349430664502,500,False,0.19642956838636852,True,0.01745010591155274,1.425545334815979
279680,790.8850542143189,500,False,0.05145873451031923,True,0.017382350986917358,1.2688920497894287
283216,643.9970114268936,500,False,0.16680475996295643,True,0.017393520842968004,1.4352056980133057
284064,825.9531842648407,500,False,0.1331026119712725,True,0.017792292497845405,1.076042890548706
284544,688.2615477398915,500,False,0.17658210549471326,True,0.017609963723646944,1.4341232776641846
284672,878.9196293055649,500,False,0.044757672560179415,False,0.017655667729151003,1.2687050104141235
284864,841.8301611953799,500,False,0.0644950218409049,True,0.01765936896299141,1.4864232540130615
284880,838.6664719666676,500,False,0.022004371110344634,True,0.017643710274750576,1.3622981309890747
285792,740.6573998553698,500,False,0.14760724532259697,True,0.017648183231121776,1.154660701751709
285840,767.3099358273847,500,False,0.05110739838576189,True,0.017444963569924248,1.59058678150177
285984,785.2085838698133,500,False,0.14917935540135815,True,0.01745094420635743,1.332777500152588
286224,788.0964479732844,500,False,0.23241248496074188,True,0.017507108503565537,1.3175163269042969
286560,832.0427410370494,500,False,0.03716747632230961,False,0.01745865162196013,1.2718183994293213
286608,780.0837706525517,500,False,0.0961829790130898,True,0.017336326694206865,1.9496228694915771
286752,747.7779710916908,500,False,0.38660792018207835,True,0.01732833169738831,1.3912358283996582
287120,727.4121290293982,500,False,0.1240530083460665,True,0.017250909931384666,1.1987850666046143
287552,771.5859930228081,500,False,0.10744699068552895,True,0.01723805138879212,1.1800845861434937
287680,886.5934989359481,500,False,0.06172437435437669,False,0.017315570955242096,1.407099962234497
291216,799.96193209374,500,False,0.18736167350090357,True,0.01730527263919148,1.473031759262085
292064,800.2646382149751,500,False,0.060651952948472594,True,0.017683121228327964,1.4660537242889404
292544,696.9009504903329,500,False,0.11822718587289154,True,0.017672874726319437,0.9734606146812439
292672,819.3825378003094,500,False,0.1253976995265008,True,0.017546357610794764,1.0491037368774414
292864,762.8889557180721,500,False,0.15447345208561378,True,0.017526107751174653,1.5589137077331543
292880,795.0218047271412,500,False,0.09674957434839533,False,0.017588573428373503,1.1897906064987183
293792,722.8260504677451,500,False,0.06793793953425999,True,0.017590167768115145,2.7938497066497803
293840,739.8733456058275,500,False,0.11042986296363622,True,0.017766539593411648,1.603062629699707
293984,799.6014131914538,500,False,0.043770247250963915,True,0.017769598544425648,1.4243674278259277
294224,757.1454162442767,500,False,0.07524633411653725,True,0.01770806401002415,1.6424107551574707
294560,786.4765369086373,500,False,0.05668764942535183,True,0.01765918554941877,1.824974775314331
294608,776.2673843967885,500,False,0.09283782542880838,True,0.01767104762704448,1.0413343906402588
294752,826.0318182550928,500,False,0.08653029736222759,True,0.017656455115144912,1.1112784147262573
295120,697.3363635793053,500,False,0.12726132010040955,True,0.017675653243196254,1.0133955478668213
295552,791.9198353826972,500,False,0.09257560212524639,True,0.017621125841269937,1.3339022397994995
295680,818.1534169483409,500,False,0.04532090532422566,True,0.017586496703088813,1.3310807943344116
299216,681.1962462898732,500,False,0.5356108039391217,True,0.017598172931236486,1.2794066667556763
300064,686.2150288558664,500,False,0.17012957969575002,True,0.01732791718666122,1.2541569471359253
300544,754.5673784447001,500,False,0.09218379539932618,False,0.01732483212264675,1.3473926782608032
300672,775.5941809258017,500,False,0.15580527013813167,True,0.017437735093970955,1.2441943883895874
300864,787.7632233368405,500,False,0.2020040132033125,True,0.017469774941513482,1.165842056274414
300880,763.0077493742584,500,False,0.08042230481209134,True,0.017401832601037226,1.3397090435028076
301792,806.767222855148,500,False,0.054475413576212224,False,0.01739534190393746,1.57503342628479
301840,796.0688860749565,500,False,0.1752171945040712,True,0.017356690901429255,1.1652287244796753
301984,871.1471052086004,500,False,0.07454225501806806,True,0.017376650567465846,1.0748939514160156
302224,733.0747485234807,500,False,0.1325555345635236,True,0.017404106935082257,1.3691825866699219
302560,708.9190132914554,500,False,0.09185724311998572,False,0.01744736935463677,1.5158922672271729
302608,741.587559583034,500,False,0.11914677410270147,True,0.01748033058257143,1.2503598928451538
302752,799.5018666418526,500,False,0.08945443150025609,True,0.017474359257924402,1.2438963651657104
303120,796.0510311729175,500,False,0.06541833219001189,True,0.017529733617630584,1.2084367275238037
303552,820.5055051456461,500,False,0.1173839036598222,True,0.017677673596996294,0.9952481389045715
303680,828.0982753217834,500,False,0.07547145588045621,True,0.01777751422507166,1.253312587738037
307216,786.9511293834872,500,False,0.08322843197464883,True,0.017816350246749196,1.4863393306732178
308064,822.3684296986632,500,False,0.043478572747876545,True,0.017240573890555177,1.1571507453918457
308544,832.677225782164,500,False,0.03227246153722796,True,0.017311236525570296,1.5317397117614746
308672,793.119143196952,500,False,0.048396355952575805,False,0.01729994388582985,1.2331516742706299
308864,770.178110220723,500,False,0.08516251323022786,True,0.0173147091748227,1.2098745107650757
308880,782.4710462895986,500,False,0.057601626330417564,False,0.01730647604184359,1.3295531272888184
309792,719.422954264041,500,False,0.11349288761427741,False,0.017309075878642215,1.1761873960494995
309840,723.109616504643,500,False,0.1317572324725855,True,0.017350316887194846,1.3393080234527588
309984,772.9058751672562,500,False,0.06856628906452587,True,0.01732724317088783,1.3535869121551514
310224,731.3679460642969,500,False,0.08809812268168499,True,0.017343538454156083,1.2919197082519531
310560,776.7432019402527,500,False,0.029048107347894935,True,0.017343622425908724,1.2746763229370117
310608,792.2893149439692,500,False,0.0528596177687828,False,0.017319201217987596,1.4008018970489502
310752,800.794325948226,500,False,0.05137438005238567,False,0.017299052198738528,1.4519240856170654
311120,754.6959711163084,500,False,0.1520137465250144,True,0.01738298916586968,1.2428113222122192
311552,863.2090237761676,500,False,0.09635700118714327,True,0.01745759936079988,1.1124625205993652
311680,459.57014251096535,500,False,1.8037863868121158,True,0.017555464285516385,1.2085859775543213
315216,787.212130087857,500,False,0.0756119963994426,True,0.017542347728928525,1.2557817697525024
316064,683.9459956247096,500,False,0.38508500949631796,True,0.017344519372308447,1.5640794038772583
316544,712.5931454907388,500,False,0.1595534574849752,True,0.01758054409092642,1.2524583339691162
316672,721.2830769712386,500,False,0.14801087880297498,True,0.01758442688301196,1.2243494987487793
316864,829.6608451809655,500,False,0.04140688770162202,True,0.01755933290952271,1.3450360298156738
316880,866.9396314557321,500,False,0.05885951781647337,False,0.017583314144096234,1.2128849029541016
317792,834.0172194454103,500,False,0.11940119309026431,True,0.017587390834458254,1.4842708110809326
317840,757.1096978411128,500,False,0.25816404876574134,True,0.017456211295625003,1.1615850925445557
317984,759.1632337751012,500,False,0.08333443455045864,True,0.017416744751331942,1.099008560180664
318224,724.3872217407819,500,False,0.25642840829265134,True,0.017364656087119883,1.4873459339141846
318560,835.401232024224,500,False,0.10882865408434642,True,0.017408955324266666,1.3240610361099243
318608,788.7594116787083,500,False,0.07323755700175995,True,0.01740954609063575,1.849682331085205
318752,709.143291249838,500,False,0.1499619884577082,True,0.017422866876528838,1.2799453735351562
319120,794.6172426351735,500,False,0.06601775480902844,False,0.017429178530554118,1.1749958992004395
319552,770.6576466075228,500,False,0.11512994397120542,True,0.01744538555426983,1.427850365638733
319680,816.2801513416233,500,False,0.03477029630231488,False,0.017683094613300154,1.1746351718902588
323216,808.3977451363436,500,False,0.027153677278510178,True,0.017737824986683824,1.4610249996185303
324064,825.001287403515,500,False,0.083139582855061,False,0.01725105317720251,1.624762773513794
324544,691.642435166376,500,False,0.13652088317892375,True,0.0174441599423086,1.5031001567840576
324672,815.7488379301122,500,False,0.0908750067190314,True,0.01759783017384438,1.528141736984253
324864,757.717114672395,500,False,0.05678378389999494,True,0.01759826706987678,1.2143990993499756
324880,746.4631896592285,500,False,0.1377962640931543,True,0.017538012744898517,1.5593756437301636
325792,727.0422385642007,500,False,0.18460199687276319,True,0.017531034595928766,1.623725175857544
325840,769.2278227689286,500,False,0.202261852203193,True,0.01719884120539275,1.0496758222579956
325984,802.7569402581587,500,False,0.07584120988420327,True,0.01718586093082423,1.339930534362793
326224,758.269329497515,500,False,0.0584012606209211,True,0.017149533178726785,1.8019359111785889
326560,906.8105492129,500,False,0.08818396944203237,True,0.01711932670178214,1.1767406463623047
326608,717.6136642171255,500,False,0.18490407249150162,False,0.01702158379870915,1.6331015825271606
326752,765.4079540490187,500,False,0.03628591421980398,False,0.016988554642053233,2.7702877521514893
327120,758.4857029761084,500,False,0.255696294522158,True,0.01704219928274996,1.2835237979888916
327552,722.8869674185906,500,False,0.12118447007421178,True,0.016947905541574132,1.2374635934829712
327680,791.5498811467978,500,False,0.05025686707292689,True,0.017061104233787813,1.1220042705535889
331216,685.4775305081594,500,False,0.3185392143760915,True,0.01709851808274418,1.5940462350845337
332064,775.5922810227481,500,False,0.0964866965656555,True,0.017218967129839762,1.2531485557556152
332544,865.9288069301601,500,False,0.07619562453816238,True,0.01727611714655921,1.3346741199493408
332672,755.3435814855293,500,False,0.10389260819623018,True,0.017153832918384154,1.2534167766571045
332864,779.9382662842442,500,False,0.07008317161047439,True,0.017180751086372247,1.0794987678527832
332880,752.6027215306361,500,False,0.09690733787378085,True,0.01728951104767223,1.407379388809204
333792,803.166915725646,500,False,0.05035005315894208,False,0.01729791242498271,1.3232762813568115
333840,481.2362065070815,500,False,0.42086159720692795,True,0.017156497535787737,1.0533268451690674
333984,776.8315568139923,500,False,0.03618307437527423,False,0.017183401909213622,1.3917346000671387
334224,823.8003362844631,500,False,0.02949794478998273,False,0.01720842555132244,1.5499026775360107
334560,742.776087864017,500,False,0.18211418182359693,True,0.0172198515231098,1.845974326133728
334608,710.2922118917073,500,False,0.6605119593747871,True,0.017139982265861477,1.2961876392364502
334752,816.8374552238536,500,False,0.03911084328418258,True,0.0171150181753204,1.1463764905929565
335120,760.4933860506228,500,False,0.05310427137821618,True,0.017064714918582562,1.7993125915527344
335552,924.7755134329492,500,False,0.023348235808476392,False,0.017051288430548192,1.4944367408752441
335680,739.1807033767351,500,False,0.05771049676359719,True,0.01692081763420527,1.5174410343170166
339216,867.9095115492346,500,False,0.06360535460021949,True,0.0168901299861108,1.1330764293670654
340064,745.3221198005398,500,False,0.26455339649559095,True,0.016752005130472362,0.9991528987884521
340544,893.5838713972549,500,False,0.048503817762101324,False,0.01668402713692177,1.4102988243103027
340672,764.9107353974715,500,False,0.08920128748634254,False,0.016724736311788006,1.2485103607177734
340864,766.0640430007251,500,False,0.071358139500721,True,0.01667995795851638,1.2241770029067993
340880,780.8327227813132,500,False,0.026167500556564617,True,0.016705567084215455,1.2748703956604004
341792,743.1542730906856,500,False,0.36162994129362697,True,0.016716035902179145,1.4168848991394043
341840,828.0116216979252,500,False,0.02280338488448494,False,0.01700632256124275,1.4356276988983154
341984,880.1097976820715,500,False,0.04115887378845649,True,0.01700885275171267,1.3151904344558716
342224,799.6672037157953,500,False,0.06244907170178065,True,0.017041473864964435,1.1835298538208008
342560,767.9039741348703,500,False,0.12360103628610641,True,0.01716621378966342,1.2871243953704834
342608,880.2859613328542,500,False,0.08643918824328836,True,0.017187468625753613,1.2089955806732178
342752,780.5542592537834,500,False,0.06165522249775132,False,0.0172151118598079,1.3097912073135376
343120,635.6791046584781,500,False,4.1044922482592945,True,0.01730810769560757,1.9062399864196777
343552,858.2304070302149,500,False,0.028538310741913802,True,0.01725078896893495,1.7092630863189697
343680,795.57557302727,500,False,0.061204412914042966,True,0.017135827330639446,1.5772068500518799
347216,720.2933425260451,500,False,0.21110129652751794,True,0.017118664002264566,1.6184823513031006
348064,690.0351226316216,500,False,0.2020101833529643,True,0.017152130498450765,1.5475711822509766
348544,816.661523957299,500,False,0.08461939440690333,True,0.016871087402370456,1.3096264600753784
348672,836.5924848029969,500,False,0.030184648094605273,True,0.01690135678531712,1.8677610158920288
348864,827.9740497487064,500,False,0.050362099338141404,True,0.016975691518987653,1.4009710550308228
348880,777.9174717120429,500,False,0.11448321523669627,True,0.017029490280184394,1.198745846748352
349792,803.518961223971,500,False,0.1074760458241556,False,0.017030760319182537,1.5062408447265625
349840,874.5783090318503,500,False,0.06057263402290193,True,0.0170534825670184,1.6897339820861816
349984,759.1152652302651,500,False,0.09021053424747513,False,0.017040774976834313,1.2405718564987183
350224,757.2174864552477,500,False,0.07222023576486188,False,0.016974100410584145,1.5437378883361816
350560,882.1617312680786,500,False,0.04305489779844223,True,0.016960977709046695,1.0273442268371582
350608,801.0099774545821,500,False,0.04882902471535476,True,0.016958818916225454,1.1031169891357422
350752,801.0134775679524,500,False,0.07890483731076126,True,0.01700636495853906,1.3582205772399902
351120,885.6619707711468,500,False,0.030603358619852434,False,0.017058108596029624,1.1787805557250977
351552,725.0955779893151,500,False,0.14539155844114027,True,0.016978165157263685,1.5575578212738037
351680,856.5380286980917,500,False,0.028606283321395906,False,0.017058122369037507,1.1504180431365967
355216,695.3497794484791,500,False,0.08752678537355484,True,0.017021491455961667,1.1621849536895752
356064,916.3876282972062,500,False,0.0331842496444692,True,0.016668859502040154,1.5484576225280762
356544,788.3998414485119,500,False,0.1293208366603818,False,0.016698101335370964,1.191899299621582
356672,843.4828350369637,500,False,0.013612630473586023,False,0.016777174061078204,1.2538847923278809
356864,820.779234180016,500,False,0.08574274790319208,True,0.01676878786059479,1.5045404434204102
356880,851.6309633018641,500,False,0.005257836487659101,True,0.016811364009923446,1.3865851163864136
357792,849.7680928070091,500,False,0.022337381444735033,True,0.0168114415513473,1.1458141803741455
357840,823.0215676721195,500,False,0.11464318650876129,True,0.01687898518039129,1.1091835498809814
357984,822.2787288966535,500,False,0.09165276649096382,True,0.016902462697587634,1.3588227033615112
358224,807.754592961268,500,False,0.064790120875404,True,0.016987639446624913,1.1286027431488037
358560,813.5755417278928,500,False,0.19412818672031568,True,0.01710286210331305,1.5044288635253906
358608,815.7821034006645,500,False,0.12767866503559205,True,0.017080992663450725,1.3671661615371704
358752,762.411233135605,500,False,0.08461528806107119,True,0.017082412553429523,1.1946661472320557
359120,848.831110441697,500,False,0.05115365465736623,True,0.017146908456614224,1.0781514644622803
359552,773.4313545645969,500,False,0.06612183324607342,True,0.01721040485315049,1.2398148775100708
359680,826.2901972358212,500,False,0.08243967793512598,True,0.017116558401106142,1.7750318050384521
363216,886.2161089142975,500,False,0.03350791550204589,True,0.017158024262663493,1.0918046236038208
364064,828.1788545123153,500,False,0.045955406616097004,False,0.016789963551317375,1.462501049041748
364544,840.95273652292,500,False,0.052939378687034695,True,0.016611149609225963,1.1590162515640259
364672,859.1097074943787,500,False,0.02838785296563737,True,0.016428113352196665,1.5469766855239868
364864,837.0801368419559,500,False,0.09215775906064787,True,0.016358356961847925,1.106971025466919
364880,855.5262274809041,500,False,0.05322095277743498,False,0.0163181910911888,1.5547213554382324
365792,768.7887275289273,500,False,0.1961405191115736,True,0.016313010899835723,1.2836700677871704
365840,868.9606320419633,500,False,0.026683615259403243,True,0.016480302408200143,1.421180009841919
365984,798.6349213747948,500,False,0.05260336114492812,True,0.016469753493009925,1.0760900974273682
366224,819.0657471101799,500,False,0.0378103602873652,True,0.01644210555114905,1.2311867475509644
366560,717.367988007128,500,False,0.18411648654618704,True,0.01635795564736341,1.249546766281128
366608,816.7707361570158,500,False,0.06100911243638024,True,0.016328298266966995,1.3451590538024902
366752,847.1279087839033,500,False,0.10910613246523418,True,0.016352050548662258,1.4636328220367432
367120,822.9600905596477,500,False,0.03361928219390612,True,0.016263049808140462,0.9786442518234253
367552,746.8998611607177,500,False,0.2224330066017676,False,0.016165078300000003,1.3813399076461792
367680,777.4354133262316,500,False,0.09829177851551216,False,0.01612194412875768,1.3220493793487549
371216,770.8911286458635,500,False,0.05895767807278335,True,0.01623621041648147,1.6530916690826416
372064,796.6573393667057,500,False,0.058270457724351875,True,0.016319312528672733,1.4833412170410156
372544,778.5596328549325,500,False,0.10165890773694035,True,0.01616540337938394,1.8234931230545044
372672,725.9696163715922,500,False,0.0679440806111966,True,0.0160633032532834,1.1599030494689941
372864,838.0240836834112,500,False,0.03374200459367215,True,0.016065932984974052,1.2577675580978394
372880,787.0691971812505,500,False,0.10662185808269223,True,0.01612225884396677,1.1589521169662476
373792,692.2471041930081,500,False,0.18559492199040037,True,0.01612118074522266,1.2617778778076172
373840,753.3639740990795,500,False,0.11060032555192773,False,0.01598076222452344,1.5434671640396118
373984,788.4779887057937,500,False,0.16723218104213716,True,0.01598675733704429,1.3766264915466309
374224,805.0564457699613,500,False,0.05200990319800428,True,0.01597709502075035,1.4274673461914062
374560,813.7487138420156,500,False,0.02198466508953547,True,0.016059288850070033,1.7969944477081299
374608,662.5600029520047,500,False,0.0972559129006746,True,0.016089518579053556,1.2871408462524414
374752,701.4897475192603,500,False,0.11949689660752169,True,0.016099594259032467,1.4838144779205322
375120,728.030972452925,500,False,0.08950585310320865,True,0.01610660579329594,1.0946497917175293
375552,844.6560012905707,500,False,0.030812638813628876,True,0.01609733264748102,1.3480076789855957
375680,769.3652596846443,500,False,0.040399573300072406,True,0.01606300798901718,1.1278693675994873
379216,663.0230607464213,500,False,0.30062810288148767,True,0.016057533142036992,1.3241710662841797
380064,904.1671086922049,500,False,0.017835241434711522,True,0.016097651968727762,1.409953236579895
380544,818.8149705869982,500,False,0.10356077570936977,True,0.016184681169491833,1.0122246742248535
380672,784.6964455373793,500,False,0.2023679532801405,True,0.01625855698219666,1.2960641384124756
380864,787.9966466074625,500,False,0.09396129252689583,True,0.016377088053906943,1.0436007976531982
380880,737.5860128563938,500,False,0.14575861170093432,True,0.016459283442735898,1.08534574508667
381792,802.8286145644967,500,False,0.04084800506170478,True,0.016457327763383132,0.94101881980896
381840,815.8001221441523,500,False,0.06020318539213881,True,0.01647287346028565,1.1983325481414795
381984,852.0585964706621,500,False,0.06787038831818974,True,0.016469979880187707,4.011109352111816
382224,751.6717659618031,500,False,0.09333831977869078,False,0.016366908045650812,1.3017926216125488
382560,760.106018523877,500,False,0.0778742313600194,True,0.016333683313304467,1.2696852684020996
382608,860.2620952407943,500,False,0.08611814012887553,True,0.016348829569716616,1.2435283660888672
382752,751.4993922880467,500,False,0.05022334248296683,True,0.016378511507217544,1.2232682704925537
383120,815.7869066603344,500,False,0.14074368939322737,True,0.016395958352233262,1.0135780572891235
383552,734.0523221023665,500,False,0.06579760259838907,True,0.01624656534074751,1.1326141357421875
383680,814.8542831064094,500,False,0.11752438101951683,False,0.01620063893644695,1.2936995029449463
387216,801.9941178680416,500,False,0.1075309210867651,True,0.01611395090138047,1.0267701148986816
388064,831.3302416245399,500,False,0.1421319301300583,True,0.015795129601697218,1.4265800714492798
388544,773.6578615456383,500,False,0.11011058410845265,True,0.015788559542931464,1.1339608430862427
388672,769.9810325436089,500,False,0.04139401524797195,True,0.015831069113723277,1.2242767810821533
388864,707.6403191105896,500,False,0.23549655857689772,True,0.015823866816896695,1.446606159210205
388880,729.3897779310595,500,False,0.16617731667646837,True,0.015841299045966532,1.3348615169525146
389792,852.5154276701286,500,False,0.1547112092039754,True,0.01583634791593119,1.2471790313720703
389840,721.4625702497897,500,False,0.11941756957830035,False,0.016106814630047907,1.1160597801208496
389984,784.3812903661631,500,False,0.0436227183868224,True,0.016155047531804186,1.0529221296310425
390224,800.0820639624288,500,False,0.08965320463587084,False,0.016158846843596735,1.2432551383972168
390560,793.8206641229764,500,False,0.07385388509044975,True,0.01616899696759655,1.1430137157440186
390608,772.7132222187881,500,False,0.179677541090252,True,0.016302406439509486,1.6561610698699951
390752,782.7481608323801,500,False,0.05977345091969403,True,0.01631567793580857,1.5945287942886353
391120,885.0399336060048,500,False,0.05463139776880256,False,0.016262956422329427,1.3294098377227783
391552,804.5423731438536,500,False,0.10641567833476462,True,0.01624876133557416,1.2283596992492676
391680,699.5337214095462,500,False,0.1692081541059065,True,0.01625119208527874,1.066835641860962
395216,869.350006923047,500,False,0.0769603307434626,True,0.016306280642667908,1.2041876316070557
396064,747.71393203653,500,False,0.19166892316306242,False,0.015839507273050352,1.0913474559783936
396544,758.7745688608475,500,False,0.19639623124631397,True,0.01574946617397246,1.7317938804626465
396672,804.679531881568,500,False,0.1234186754904113,True,0.01578302359800441,1.3275226354599
396864,729.5924727962826,500,False,0.07924422498070699,True,0.01580902333260861,1.7750418186187744
396880,782.6045439458869,500,False,0.21108448473498181,True,0.01579961661614712,1.7070200443267822
397792,722.8782404168389,500,False,0.20047194928795214,True,0.01579275203171806,1.3454668521881104
397840,716.1139850666434,500,False,0.1744955119449149,True,0.015742547256227726,1.1712186336517334
397984,779.715633504459,500,False,0.16638881989751558,True,0.015753459788598448,1.4544289112091064
398224,781.0860583135203,500,False,0.06568112226222819,True,0.01573783831372069,1.2370177507400513
398560,765.656906249784,500,False,0.0994029113120466,True,0.015680205756465962,1.1365902423858643
398608,715.3387560326311,500,False,0.18405130141254633,True,0.01568348769244928,0.9979881644248962
398752,783.1883645228456,500,False,0.10514834501501659,True,0.015681738315548015,0.9549832344055176
399120,815.404236149035,500,False,0.06578515289273053,False,0.01570633850475308,1.3639919757843018
399552,762.0650288395653,500,False,0.1653064570345419,True,0.015602763930748088,1.279219627380371
399680,741.3989296461835,500,False,0.1473775906656765,False,0.015559425036213296,1.0668747425079346
403216,755.3929585807676,500,False,0.10093151758880219,True,0.015322477891016758,1.202331781387329
404064,699.9532228620436,500,False,0.15980158192400018,True,0.015490119981197984,1.292966604232788
404544,807.3746282048197,500,False,0.13854885296979527,True,0.015349522495801677,1.2047582864761353
404672,798.8022204205276,500,False,0.07521058150338526,False,0.015430422014730778,3.543990135192871
404864,765.7966699785227,500,False,0.09145223349217732,True,0.015423765534705982,0.9396705627441406
404880,858.5367087560053,500,False,0.04055613606567811,True,0.015401916513394058,1.3439936637878418
405792,809.3611493947602,500,False,0.11039930640242666,True,0.015400413705050232,1.3696403503417969
405840,732.754174633498,500,False,0.11688793638662125,True,0.01555121508330306,1.183091640472412
405984,836.9265172474222,500,False,0.07940490239640913,True,0.01552877242377829,1.136811375617981
406224,835.2758138453977,500,False,0.07429403718516416,True,0.015485088020649268,1.3303554058074951
406560,787.6359926594118,500,False,0.13120315177261932,True,0.015322012476829875,1.2854896783828735
406608,623.052862886656,500,False,0.5054721297911872,True,0.015187070368884179,1.6953918933868408
406752,822.8597162841119,500,False,0.12754153710382268,True,0.015190971121767956,1.4168944358825684
407120,786.0055420362762,500,False,0.11530534570379572,True,0.015241555860980726,1.2078187465667725
407552,751.3701031311547,500,False,0.06349006698093149,True,0.015251821964189855,1.132657766342163
407680,781.7737522307976,500,False,0.11816888870782814,True,0.015206710926884713,1.122772455215454
411216,739.1338967987454,500,False,0.11798066859720324,True,0.015150915499473092,1.330770492553711
412064,819.1773251120395,500,False,0.05526332826247228,False,0.015083431752105757,1.310420274734497
412544,827.6391119801565,500,False,0.05927137319576179,True,0.014941327258578201,1.027048945426941
412672,816.867856234595,500,False,0.10647094714383515,False,0.01490658885449493,1.2513227462768555
412864,742.134933317643,500,False,0.06594910727304953,True,0.014920611033449563,1.3203754425048828
412880,858.3581446604942,500,False,0.024985276111541305,True,0.014845514891314757,1.3347194194793701
413792,872.2398267542202,500,False,0.04298661113550375,True,0.014844336690416075,1.3488593101501465
413840,770.1386310230201,500,False,0.12344368415340191,True,0.01490849164108045,1.1685853004455566
413984,713.327031761686,500,False,0.1632517059760738,True,0.014900590588657031,1.3169472217559814
414224,787.1169843974964,500,False,0.07059335397778857,True,0.014889303469101207,1.258683443069458
414560,783.993638330618,500,False,0.0929641382702784,True,0.01486091889429394,0.8813121318817139
414608,881.6737132341522,500,False,0.02160674249142792,True,0.01490146168165377,1.2827870845794678
414752,697.9058500212983,500,False,0.2149291807333389,True,0.014950935225086405,1.0353461503982544
415120,780.8326641546715,500,False,0.12337959295469945,True,0.015000596100102414,1.1066863536834717
415552,793.2573190440881,500,False,0.06173651252476835,True,0.015214441861794247,1.176702857017517
415680,770.4503916455209,500,False,0.0831640971572172,True,0.015201542063133372,1.3318746089935303
419216,775.0896005219214,500,False,0.11481096841775085,True,0.015173674569283266,1.1846282482147217
420064,807.5895645844691,500,False,0.09102291077130376,True,0.014619948324708079,1.1385529041290283
420544,750.848502244227,500,False,0.1646119428161489,True,0.014716848998872517,1.3185503482818604
420672,778.325028054921,500,False,0.06031451285425994,True,0.014561368081855769,1.2197859287261963
420864,805.0071210588338,500,False,0.07169980284055391,True,0.014529559789222228,1.0871230363845825
420880,842.4322155762087,500,False,0.07887307591163108,True,0.014515025410847685,1.0791041851043701
421792,763.9812103207242,500,False,0.108783942694845,True,0.014515546477321095,1.2325726747512817
421840,824.7955281256379,500,False,0.08928128580402639,True,0.01468504396522237,2.037137985229492
421984,792.6554685435048,500,False,0.09825024222075981,False,0.014711518588900454,1.249786615371704
422224,757.3693894257858,500,False,0.03469573417176221,False,0.014743756885864141,1.0728578567504883
422560,836.4748905584414,500,False,0.035066757478160744,True,0.014745752641122732,1.4308879375457764
422608,684.512340669117,500,False,0.2950930226587644,True,0.014696599520968513,1.2936158180236816
422752,828.7896940331735,500,False,0.0677625340715895,True,0.014708181880969737,1.383575677871704
423120,778.9988473906577,500,False,0.11462929800208409,True,0.01476349913156666,1.1148786544799805
423552,767.639361031803,500,False,0.05482431555236808,True,0.014917272202200151,1.338094711303711
423680,804.757782166184,500,False,0.07454930331039782,True,0.014998211402051747,1.1821894645690918
427216,841.0213127229785,500,False,0.023135046192779594,True,0.014935935001891635,1.072005271911621
428064,818.5070483920013,500,False,0.05641015577687986,True,0.014939336609924688,1.2073534727096558
428544,772.5407057202192,500,False,0.05945397700008381,True,0.014872781543049432,1.1702324151992798
428672,800.2119150151199,500,False,0.06123235000532546,True,0.01480326012316182,1.49965500831604
428864,831.1428541718979,500,False,0.07495400833815667,False,0.014837994413567292,1.0114439725875854
428880,839.3133472882386,500,False,0.07320664942717632,True,0.01483301051300118,1.0540450811386108
429792,800.6987251119414,500,False,0.09057721949095845,True,0.014830204560768813,1.1627976894378662
429840,761.2177995347713,500,False,0.10417543975237088,False,0.014904289269994413,1.0845236778259277
429984,814.5997167022531,500,False,0.07991297550734058,True,0.014930557144475467,1.3724110126495361
430224,785.0565586225568,500,False,0.06775588349714104,True,0.014974679906837958,0.9971960186958313
430560,843.2084028741186,500,False,0.04143089130864818,True,0.01509176627676996,1.1720905303955078
430608,897.0420498520178,500,False,0.021549626074133542,True,0.015016077303288642,1.3043005466461182
430752,807.0676241498601,500,False,0.09535242088237168,True,0.015008370645091711,1.042099952697754
431120,818.446549014476,500,False,0.07287133016968315,False,0.014970883201567357,1.0994184017181396
431552,814.2936002923141,500,False,0.0673838705986625,True,0.014852119354515516,1.0130707025527954
431680,796.983290185338,500,False,0.05351829163835009,True,0.014830315954309293,1.0123205184936523
435216,778.0341075040063,500,False,0.0953676216938342,False,0.014840736005338325,1.1793197393417358
436064,783.6596167033945,500,False,0.07299317048579575,True,0.014781149995297768,1.0941601991653442
436544,791.7911834069656,500,False,0.15577425034299858,True,0.014866945363291506,1.568840742111206
436672,590.9812291665262,500,False,0.5350651545073356,True,0.01472066978746909,1.107407808303833
436864,840.6871725095136,500,False,0.09393020498895548,False,0.014729333361271545,0.9947208166122437
436880,785.8491597257225,500,False,0.10046749658735103,False,0.014722186866434032,1.0061792135238647
437792,810.8745113110442,500,False,0.1579432178892437,True,0.014732808912455864,1.0936541557312012
437840,751.6634531205946,500,False,0.12114696555931632,True,0.014363170255898861,1.0409533977508545
437984,778.2012044878045,500,False,0.06720830715692763,True,0.014347748998855648,1.1817207336425781
438224,850.4244096408011,500,False,0.08839246369976897,True,0.014324510882313592,1.2343837022781372
438560,774.3527868139396,500,False,0.04796252338915575,True,0.014291688435548427,1.2276039123535156
438608,705.5200121781508,500,False,0.27473084339830856,True,0.014240185407573486,1.1725355386734009
438752,839.9020815491679,500,False,0.1322525042119578,True,0.014230111072684482,1.0319920778274536
439120,836.6426553402052,500,False,0.18989632285024954,True,0.014258574249216822,1.0407226085662842
439552,814.3599738462485,500,False,0.10523164130066197,True,0.014226120800825293,1.213564395904541
439680,787.7706649319786,500,False,0.04481449136993933,True,0.01429634444471814,1.0848135948181152
443216,717.9761406094894,500,False,0.08115436207952201,False,0.014322091297454423,0.9697829484939575
444064,754.436254572194,500,False,0.04548264815587553,True,0.01431028705671792,1.0005502700805664
444544,858.9153766606472,500,False,0.06127304718752048,True,0.014310740150629985,1.0019322633743286
444672,817.9935379691408,500,False,0.08697560543189624,False,0.01439133681501893,1.0660611391067505
444864,756.5910419745029,500,False,0.037164189739224654,True,0.014390527698108722,1.1105389595031738
444880,749.8700136284824,500,False,0.11732971857322032,True,0.01439903511173966,0.9587169885635376
445792,753.1279832865728,500,False,0.030668465903494667,False,0.014396820271864784,1.0453871488571167
445840,792.4468732356768,500,False,0.047146444158793814,False,0.014271034103684981,1.7484140396118164
445984,742.9075318586973,500,False,0.08323545754406815,True,0.01428632898004164,1.3316844701766968
446224,857.0450307230975,500,False,0.08259976640866178,True,0.014275980917650224,1.2489194869995117
446560,770.9136025371535,500,False,0.04516294807219386,True,0.014216752016685114,1.1263675689697266
446608,845.1748599764157,500,False,0.09561793389180882,False,0.01431832796703547,1.2264938354492188
446752,786.5943806229054,500,False,0.07621647804438691,True,0.014328685754184538,1.455258846282959
447120,794.453456809596,500,False,0.04926143693914502,True,0.01431393118340832,0.9068775773048401
447552,742.524352821015,500,False,0.17024915961958811,True,0.014316941846985454,0.8610007762908936
447680,749.0276548865085,500,False,0.12950342598417058,True,0.014272415177066733,1.0026702880859375
451216,816.8554966586181,500,False,0.05204660426600242,True,0.014176170183638053,0.9775343537330627
452064,791.8797591617716,500,False,0.060546006969627746,True,0.01427990103800535,1.1647098064422607
452544,845.978617298547,500,False,0.03444450292681179,True,0.014403808431225731,1.4569138288497925
452672,791.211805398857,500,False,0.05516230569008376,False,0.014431164212535838,1.0386607646942139
452864,842.6331342640904,500,False,0.14311025899793828,True,0.014477095020743283,0.8628036379814148
452880,791.6961824693869,500,False,0.09260665156422981,False,0.014518310681866854,1.051506757736206
453792,842.7817730134542,500,False,0.029998324474189687,True,0.01452487279932909,1.142090082168579
453840,819.7015615636499,500,False,0.02375750669184889,True,0.014358405135451578,1.1395936012268066
453984,853.664793759197,500,False,0.030082220398725157,True,0.014347948695216554,1.195285677909851
454224,810.9913912060854,500,False,0.08342995017126975,False,0.014308203511762168,1.6420927047729492
454560,819.2815064416989,500,False,0.09159608381464772,True,0.014229621239660258,1.2289634943008423
454608,868.371236398998,500,False,0.06929016604424058,False,0.014208579024901788,0.8761879801750183
454752,744.6390772862392,500,False,0.12912815630061525,True,0.01417805170579766,1.5838685035705566
455120,790.9001377961305,500,False,0.08112059499953124,True,0.014085375988958097,1.1747941970825195
455552,658.1640876546112,500,False,0.1923537385123574,True,0.014023575427252641,0.9875990748405457
455680,810.5363359500576,500,False,0.05276781110355015,True,0.014058915883670739,0.8283168077468872
459216,805.9698297726468,500,False,0.14246110335700235,True,0.014075523769803871,0.8727396726608276
460064,851.8328431887953,500,False,0.10227521554568267,True,0.014189569749547397,0.9573273062705994
460544,775.5287144799329,500,False,0.1746800409729275,True,0.014218271296471997,0.9917213916778564
460672,741.2009087210262,500,False,0.09618872966537795,True,0.014177811485469502,0.9457333087921143
460864,830.4814115177281,500,False,0.06409403211223122,False,0.014274208879574287,1.114229679107666
460880,780.06491166244,500,False,0.12435827472368853,True,0.014287440242760017,1.1416053771972656
461792,802.4290219187116,500,False,0.08478868198396468,False,0.014292129869330884,1.242480754852295
461840,800.59300479611,500,False,0.05213288607733456,True,0.014190140807175115,1.3971893787384033
461984,784.9883757067447,500,False,0.14765004632239914,True,0.014191273293114058,1.0255341529846191
462224,814.8266452881546,500,False,0.10549936794638347,True,0.014157852411386541,0.9226648807525635
462560,810.3847700676923,500,False,0.05711184132910776,False,0.014200637406608445,1.090193510055542
462608,727.9497129575168,500,False,0.18782439586246447,True,0.014273326530418934,1.287248134613037
462752,803.3235923490323,500,False,0.21932347561007362,True,0.014258404874616284,1.1537408828735352
463120,789.6159538640203,500,False,0.12729517253263184,True,0.01423669776877857,1.1148161888122559
463552,766.7029484320954,500,False,0.13457818066868282,True,0.014275653202206565,0.9414533376693726
463680,813.4469462589208,500,False,0.07954992669117573,True,0.014441800322879382,1.1696126461029053
467216,862.8633025360051,500,False,0.0895111826841408,False,0.014448105983330796,0.9152568578720093
468064,841.9503272493434,500,False,0.030972787276783723,False,0.014493176604300285,1.0392109155654907
468544,768.852115918402,500,False,0.0860663510108444,True,0.014598154816643071,0.8872808218002319
468672,764.5529725709804,500,False,0.18579272268343647,True,0.014541225378924601,1.0547958612442017
468864,869.6916140289968,500,False,0.0837407301187446,False,0.014518082459386327,0.982164204120636
468880,755.2981796964682,500,False,0.1574733631158596,True,0.014574613346213863,1.1252663135528564
469792,795.2831128180361,500,False,0.09286579912780402,True,0.014573719877660998,1.3695915937423706
469840,849.5866222041698,500,False,0.1103335943421046,False,0.01451066969096771,1.4075565338134766
469984,836.6064719201735,500,False,0.1336309201635344,True,0.014480841960887348,0.932636022567749
470224,799.7415666411858,500,False,0.10973887904961661,True,0.014451633201309785,1.0290759801864624
470560,881.7166756126715,500,False,0.06177575286819308,True,0.014462239711084315,1.336305856704712
470608,784.3153520907201,500,False,0.09332207535784734,False,0.014447635961418395,1.288231372833252
470752,806.9705291875347,500,False,0.07733011546976028,True,0.014468354747023009,1.540522813796997
471120,813.6833055624152,500,False,0.07830498647720775,True,0.014430091263504296,0.888891339302063
471552,752.509614042719,500,False,0.10542101712245619,True,0.014471561798063111,1.276982307434082
471680,815.6964659137323,500,False,0.10953509891074391,True,0.014487910979225384,1.0241485834121704
475216,841.6929857848168,500,False,0.09045296950583616,True,0.014439913016928154,1.0560057163238525
476064,766.9018037940307,500,False,0.06440099697897567,False,0.014790114301475381,3.416654586791992
476544,823.3951381619928,500,False,0.043536907598136707,True,0.014694964894819517,0.9192546606063843
476672,770.4817720383118,500,False,0.08947188411285611,True,0.014680586823361791,1.4377164840698242
476864,794.932063922818,500,False,0.09681695617713243,True,0.014640626288971562,1.0380656719207764
476880,754.2671931484869,500,False,0.1171941939790394,True,0.014540468890870123,1.0845119953155518
477792,807.1684673645364,500,False,0.07989760937041616,False,0.014546626787795601,0.9246177077293396
477840,798.0901102228361,500,False,0.042434408817003604,True,0.014426845091142466,0.8902949690818787
477984,739.3130151725106,500,False,0.04093826151254933,False,0.014431303003410363,1.0107507705688477
478224,836.6730514863663,500,False,0.039537931576041296,True,0.014507727665166396,0.9927260875701904
478560,829.9645991265421,500,False,0.10230936242976992,True,0.014546570298263522,0.9914664030075073
478608,714.9086222526245,500,False,0.13240891112489245,True,0.014737532228102137,0.9931775331497192
478752,854.634659655179,500,False,0.024224713958405048,True,0.014744341512446928,1.2686762809753418
479120,820.9124761902566,500,False,0.06873923538214319,True,0.014732742483866641,1.1869205236434937
479552,784.3007270881459,500,False,0.10607717206484946,True,0.01484840597997908,1.5607819557189941
479680,724.1607963878615,500,False,0.11269121558015828,True,0.014633229581798083,1.078112244606018
483216,827.7323890414674,500,False,0.07307978804001337,False,0.014643117319406523,1.0687785148620605
484064,823.4846978026013,500,False,0.10350553297153584,True,0.014538945667069359,0.9566135406494141
484544,788.9681661830767,500,False,0.0865642837399616,True,0.014430744922130425,1.1213469505310059
484672,869.2816226363199,500,False,0.03863130734986178,True,0.014424233540910361,1.283334493637085
484864,844.6121124833846,500,False,0.05527317272777244,True,0.014465544363795003,0.9650706052780151
484880,790.8363627586201,500,False,0.0871556833235158,True,0.014482368379446223,0.8024291396141052
485792,733.2995244463775,500,False,0.16249066126878053,True,0.014487031923426036,0.9700046181678772
485840,808.3938437453828,500,False,0.05125508420471517,True,0.014469386503039187,0.9476609230041504
485984,739.1435211963096,500,False,0.09550200809637817,False,0.01448562510145327,1.0260210037231445
486224,806.1303139113634,500,False,0.09478848043339674,True,0.014548498494435954,1.0226655006408691
486560,785.957806645022,500,False,0.06777438713232041,False,0.014557520291937897,1.053999900817871
486608,812.7921897268476,500,False,0.0697751908220493,True,0.01455324895856176,1.0453283786773682
486752,762.0991285631226,500,False,0.07132970128877293,True,0.014578609481303986,1.0060656070709229
487120,789.3669653420746,500,False,0.11747849202648045,False,0.01463935460319525,1.3629271984100342
487552,603.2857688506324,500,False,0.5262611069090288,True,0.014522290762529365,1.1943210363388062
487680,773.6579827643095,500,False,0.07998335772118131,False,0.014406843627577642,0.9318183660507202
491216,851.3510370437463,500,False,0.06474326794554136,True,0.014369430089682623,1.0200101137161255
492064,800.3870179605941,500,False,0.058237484790150444,False,0.01458833954762275,1.0937210321426392
492544,729.2167596152669,500,False,0.0540842411429182,True,0.014765621592180417,1.135778784751892
492672,754.3731027751775,500,False,0.028024148607767883,True,0.01470796806949878,1.1612025499343872
492864,779.0703517558193,500,False,0.06534989717067988,True,0.014672528232756362,1.1316461563110352
492880,792.2263918376277,500,False,0.07461749254497924,True,0.014685011399070112,0.8023554086685181
493792,799.9364171331422,500,False,0.05462499321636022,True,0.014683765619987701,0.8494164347648621
493840,772.9517025587809,500,False,0.12801772339602874,True,0.01493231887459148,1.1647050380706787
493984,738.3462974796767,500,False,0.04847181965033534,True,0.014932027886328114,1.1941149234771729
494224,750.0009478332692,500,False,0.11732899690978962,True,0.014943665118722811,1.1522417068481445
494560,780.0356779458895,500,False,0.06346708873476344,True,0.014900698109200292,1.2820096015930176
494608,822.6075425765495,500,False,0.06208360017799979,True,0.014902533480587503,0.8216090798377991
494752,758.7558716318952,500,False,0.03507874911314531,True,0.01491833135183722,0.9960079193115234
495120,790.7987752295072,500,False,0.08811763679294198,True,0.014933131172379406,1.0272612571716309
495552,810.5783606135989,500,False,0.036103690664841495,True,0.015057443545360384,1.198648452758789
495680,767.4959852713573,500,False,0.05775532143729004,True,0.015060777896846778,1.0100637674331665
499216,851.1014314783479,500,False,0.1190781190520369,True,0.015097011093649101,0.9828079342842102
500064,778.9248303695929,500,False,0.07965886430944623,True,0.01480407944719316,0.9959756135940552
500544,752.418179183034,500,False,0.04377737856924037,True,0.014823427095162201,1.2176034450531006
500672,811.5237640003302,500,False,0.03462541115452993,True,0.014797590073866032,0.8915770053863525
500864,738.9348912851635,500,False,0.08572801483479855,True,0.01481013191391232,0.9174144268035889
500880,808.7074065364956,500,False,0.08441962513376683,True,0.01471638324365415,0.8856255412101746
501792,824.0636588080746,500,False,0.13800372349269382,True,0.014713813621557126,1.0517258644104004
501840,881.6471316035573,500,False,0.06921932470072951,False,0.014758979624402728,1.2546616792678833
501984,784.7783721946782,500,False,0.11170162575498829,True,0.014752894846652142,1.0931339263916016
502224,796.9318605656703,500,False,0.08710140477228576,True,0.014748921648709255,1.2987074851989746
502560,736.2019198211153,500,False,0.10200456413879881,True,0.014682730235342025,1.0169353485107422
502608,835.4790625969845,500,False,0.0794244159022941,False,0.0147194764921425,0.716428279876709
502752,773.5321293114094,500,False,0.13279388906415676,False,0.014752520858954865,1.1533880233764648
503120,822.1504188173194,500,False,0.041043972747151033,False,0.01478549932736352,1.0923988819122314
503312,647.0471677356558,477,True,2.196340365999489,True,0.01467627397001367,0.7867467999458313
503552,647.7412596471407,500,False,0.7600616473670204,True,0.014657061270360686,0.7710529565811157
507216,698.5368534228667,500,False,0.21350309845353732,True,0.014677426352706725,0.9960057735443115
508064,781.2113489456469,500,False,0.0476766065643773,True,0.014815783420307446,1.0986831188201904
508544,778.3402320915961,500,False,0.04968567338799229,True,0.014731307982847044,1.0901293754577637
508672,723.4934727376638,500,False,0.13295480384258093,True,0.014713451380537933,1.1401557922363281
508864,823.2634475520747,500,False,0.05210192407383645,True,0.014732281557285358,1.078397512435913
508880,757.6596712421758,500,False,0.14444006952466815,True,0.014746581003141392,1.221055269241333
509792,723.9518560310715,500,False,0.09481647315765776,False,0.014747045439813932,0.8541927337646484
509840,809.6428516539612,500,False,0.10172306063828333,True,0.014776019443722586,1.0597145557403564
509984,889.3377361394098,500,False,0.06321609325591786,True,0.014784541471232215,1.1184321641921997
510224,806.9398156160519,500,False,0.08572751764222462,True,0.014835480833629006,1.028590202331543
510560,842.4767067267409,500,False,0.05800862139684744,False,0.014836228358327647,1.0674018859863281
510608,760.0859776446789,500,False,0.2696832415963285,True,0.015087039140312236,1.1490223407745361
510752,741.2235000771934,500,False,0.1052244186447385,True,0.0150773977544835,1.0956954956054688
511120,811.7538023915553,500,False,0.08040127734883044,True,0.015071994799362824,1.0538578033447266
511312,765.5563467432692,500,False,0.08291098892232032,True,0.015011684642250047,0.8639477491378784
511552,754.5197879207706,500,False,0.034656459440461834,True,0.015007353634251252,1.0721471309661865
515216,810.6092653628941,500,False,0.11211330039695966,True,0.01503793885672997,0.9916821718215942
516064,796.0316466036114,500,False,0.13957911317473382,True,0.014830884842314462,1.1302361488342285
516544,798.8621117378632,500,False,0.10952012133664377,True,0.01500546897824619,1.0241200923919678
516672,786.03070447542,500,False,0.09185713805080854,False,0.015005791308740803,1.11409330368042
516864,821.7736800227125,500,False,0.09420897264947875,False,0.015027254482595901,1.5372532606124878
516880,705.8671873972639,500,False,0.08613798797572748,True,0.015016997542678694,0.9674379825592041
517792,791.4684283883935,500,False,0.07789811588352981,True,0.015005752899401249,1.0667495727539062
517840,775.9357056203663,500,False,0.07412846247069517,True,0.01492903752698851,1.1775848865509033
517984,798.6270953031932,500,False,0.2128679123042192,True,0.014925432110338,1.0161330699920654
518224,820.4121622008948,500,False,0.04812618908133394,True,0.01494233276280872,1.0761420726776123
518560,796.7971665202617,500,False,0.0646619408111513,False,0.015001072369347952,1.0694751739501953
518608,776.1411486919692,500,False,0.09879316372772953,True,0.015012940001767798,1.1798789501190186
518752,821.8945628004212,500,False,0.02637904775218826,True,0.015031260107533632,0.9090021252632141
519120,802.0415397803131,500,False,0.060239246300404926,True,0.015051834049647819,0.9054011106491089
519312,798.2171340016141,500,False,0.0978753502746679,False,0.015026278522749872,1.188821792602539
519552,805.4864647474698,500,False,0.09535288319162719,True,0.014935139810121761,0.8199829459190369
523216,808.0016707517432,500,False,0.0800133868579577,True,0.014894101665822583,0.8828381896018982
524064,805.4250778989627,500,False,0.06585101983845924,True,0.015235308534157457,1.045926570892334
524544,802.0401885777874,500,False,0.050118960037244746,True,0.01501174697111839,1.0018550157546997
524672,787.1040226734104,500,False,0.15994055238569255,True,0.014906280226251014,1.0070092678070068
524864,818.3905645886958,500,False,0.07013682658032787,True,0.014907172778098818,0.924795389175415
524880,800.6449468073689,500,False,0.02871608147940259,False,0.014985148587652345,0.9667250514030457
525792,863.8815584411938,500,False,0.04978963304075521,False,0.014979492454933982,1.0844464302062988
525840,845.4268759373684,500,False,0.09541004270305714,True,0.014744884626135536,0.8711533546447754
525984,757.0373832399514,500,False,0.08180636018176916,True,0.014762123720975155,0.9161977171897888
526224,733.5842235291199,500,False,0.1251394669615607,True,0.01478670139853157,1.0464566946029663
526560,801.669351823369,500,False,0.06063089754712477,False,0.014800232955080168,0.9192317724227905
526608,797.1965164032734,500,False,0.05395945104375315,True,0.014768419960882535,0.7680541276931763
526752,807.8465962631951,500,False,0.05927039634303856,False,0.014741106082715156,0.9490755200386047
527120,822.6662717843454,500,False,0.049956095481968193,False,0.014728127085724272,0.9806061387062073
527312,825.6358096161518,500,False,0.09863985770309129,True,0.014604786341872582,0.7679013013839722
527552,743.2750032754577,500,False,0.15212167384712227,True,0.014583970173207209,1.0183863639831543
531216,774.5770018912539,500,False,0.07420611096735136,True,0.014522962172029967,0.9729217290878296
532064,860.319217053682,500,False,0.028091236538472293,False,0.01456563858082237,1.1654047966003418
532544,845.276756556089,500,False,0.07137555562943765,True,0.014529813759235472,1.037683367729187
532672,790.49878112444,500,False,0.08752817953154428,True,0.014579012179151557,0.8921291828155518
532864,738.4140235962122,500,False,0.12505847919478427,True,0.014575191363189969,1.0057563781738281
532880,718.9644980749352,500,False,0.09271545464521845,True,0.014574282047011774,0.9754016399383545
533792,730.7954715085408,500,False,0.10349986585509821,True,0.014576386930323157,0.9658327102661133
533840,818.4595717817567,500,False,0.04453315943107741,True,0.0146003215942808,1.0363235473632812
533984,799.8713098910557,500,False,0.051888894043542855,False,0.014588616115599532,1.0608673095703125
534224,790.5676981392129,500,False,0.06070910347986183,True,0.014518541410450132,1.0377776622772217
534560,697.9213975578706,500,False,0.15932008691063676,True,0.014510515043890322,0.9602387547492981
534608,746.8295834505428,500,False,0.1324026244495461,True,0.014547954675745144,0.9887746572494507
534752,896.6387239795073,500,False,0.03280367737997722,True,0.014580601017185276,1.2281172275543213
535120,800.3185878840072,500,False,0.06488135989578156,True,0.014573517702264538,0.9449778199195862
535312,745.8528504984989,500,False,0.06899261755273364,True,0.014697816035948367,1.4065271615982056
535552,816.5190991483387,500,False,0.04716086136762639,True,0.014755179500557741,1.0217273235321045
539216,786.7226800822564,500,False,0.06892250851393597,True,0.014777419758738097,1.3390551805496216
540064,725.3746002592434,500,False,0.17211546899343774,True,0.014090914119425892,0.988137423992157
540544,794.5666548756991,500,False,0.047630841524542056,True,0.014157744444794496,1.0080687999725342
540672,767.323641733012,500,False,0.23618429047226777,True,0.014179731762992807,1.2058380842208862
540864,779.4277202365666,500,False,0.10904492413853885,True,0.014273288762096967,1.2752938270568848
540880,701.7524910201736,500,False,0.19482001119864828,True,0.014265876456813901,0.9133149981498718
541792,814.9075381111107,500,False,0.08027006168418739,True,0.014263546051259053,0.8442255258560181
541840,867.5264814420951,500,False,0.08577709775627683,False,0.014335641275839346,0.911603569984436
541984,797.0480089020483,500,False,0.07840236921604807,False,0.014325961260473998,1.157052755355835
542224,798.5929451992557,500,False,0.04917993996993104,True,0.014312731512639709,1.1134088039398193
542560,832.4777527006204,500,False,0.05793504027555379,True,0.014348981291638184,1.0203694105148315
542608,859.2595405454978,500,False,0.1214386527549084,True,0.014233889995005543,1.0312047004699707
542752,776.0646030373016,500,False,0.09152291354375261,True,0.014245033534897363,1.1202852725982666
543120,765.2863294871474,500,False,0.09300831018663462,True,0.014305427709986702,0.9503852128982544
543312,783.5065673075668,500,False,0.061980839072569474,False,0.01441131272757497,0.914345920085907
543552,793.6341828915462,500,False,0.07387840141349797,True,0.014388518275401446,1.0892889499664307
547216,843.874498192986,500,False,0.09004533019821277,True,0.014375343481760486,0.9525213241577148
548064,833.1911138068175,500,False,0.03721959347965959,True,0.014528467655964345,0.9711012840270996
548544,806.6070012846793,500,False,0.06678833936273351,True,0.01458501849823028,1.1080117225646973
548672,819.1100700763423,500,False,0.054647059486088605,True,0.014687218762110887,0.9421032667160034
548864,879.2988206465375,500,False,0.030708753524382897,True,0.014686591499002645,0.8762245178222656
548880,864.6996383947043,500,False,0.04386321096134847,True,0.01470312095381111,0.9836793541908264
549792,820.8931792603152,500,False,0.08026733052636459,True,0.014703583960274467,1.0458524227142334
549840,815.0239045508393,500,False,0.04313724515097146,True,0.014666212460148917,0.9468147158622742
549984,762.0143771451391,500,False,0.07208140029546282,True,0.014681487871766943,1.027963399887085
550224,769.1373811271943,500,False,0.07584553730333274,True,0.014650107396373038,1.106679916381836
550560,823.3152974966272,500,False,0.052466279769124144,True,0.014724742596033196,1.0073950290679932
550608,819.2732059306445,500,False,0.06953637973393507,True,0.014661705063547683,0.9360732436180115
550752,802.1355009819129,500,False,0.08434728958166167,True,0.014672479377166862,0.9071451425552368
551120,841.2621719509946,500,False,0.06390090088837154,True,0.01472334577301824,1.1220035552978516
551312,786.6086425799189,500,False,0.052975204733504595,False,0.014569243586823825,0.8588228225708008
551552,893.5436205408588,500,False,0.0462775853619233,True,0.01453070551936479,2.0179920196533203
555216,818.749774041534,500,False,0.0709260368555513,False,0.014477791246287642,1.0594502687454224
556064,774.452996644903,500,False,0.12108955411145539,True,0.014050932573901064,1.3690598011016846
556544,767.6912991839229,500,False,0.07360866576495867,False,0.014086110953293676,0.898829460144043
556672,891.4074049951079,500,False,0.03473983700305557,False,0.014153587485967433,0.8525527715682983
556864,759.009732874281,500,False,0.07846838021530415,False,0.014169467476505103,0.743102490901947
556880,748.4914604983794,500,False,0.04346044633996115,True,0.014143308737308636,0.9882802367210388
557792,863.0230093350486,500,False,0.08616179571934647,True,0.014140597544497412,0.9908169507980347
557840,844.7677736197163,500,False,0.03239339592989908,True,0.01403292496982853,1.238462209701538
557984,862.5551463391844,500,False,0.0512469928092611,False,0.014030437523834132,0.9812757968902588
558224,845.2486946903324,500,False,0.028275731127953008,True,0.013982106335430068,1.1157701015472412
558560,881.1695275267253,500,False,0.06980546657561618,False,0.0140230780119468,0.7998394966125488
558608,799.3077431747218,500,False,0.06369703494083097,True,0.014022457045370576,0.9985551238059998
558752,847.3776024611649,500,False,0.06451656223496047,True,0.013992685988419691,1.0867533683776855
559120,821.7641856308338,500,False,0.03732008656703682,True,0.013895239203886743,0.9730170965194702
559312,864.962725801061,500,False,0.04446508883479074,True,0.01395998465548103,1.2356832027435303
559552,836.7712847730211,500,False,0.06458253461891075,True,0.014014911343047947,0.8409279584884644
563216,865.481600216874,500,False,0.056771026717458886,True,0.013974245511967555,1.0150105953216553
564064,829.4689258029175,500,False,0.019711492577866804,True,0.014068491472543111,1.0852717161178589
564544,782.2005460853852,500,False,0.12091803409031672,True,0.013897871538236859,1.1363787651062012
564672,814.8555381458123,500,False,0.0809575826623442,True,0.014008460887218736,1.0065560340881348
564864,790.4302619830794,500,False,0.06760201552529012,False,0.014006892839912024,0.8996493816375732
564880,801.1953982842552,500,False,0.04645201748063894,True,0.013953049238608505,0.9986758232116699
565792,858.7173186679847,500,False,0.0923908332408027,True,0.013946092256923844,1.010089635848999
565840,839.7968146273702,500,False,0.04809933190351936,True,0.013957159194634649,0.9399759769439697
565984,867.1514952402774,500,False,0.05429018174921156,True,0.013996323626673418,1.0706771612167358
566224,777.8510259329904,500,False,0.13517325117244555,True,0.01401359426470174,0.8407410979270935
566560,822.543159305114,500,False,0.06693688295183678,True,0.013954354254289331,1.104102611541748
566608,838.1244734094957,500,False,0.11850730499250978,True,0.013944315894386215,1.055034875869751
566752,781.0853621216667,500,False,0.0946655172834828,False,0.013956594912666391,0.9693833589553833
567120,805.7071943318902,500,False,0.05340348845895892,True,0.01402629578684704,1.2106493711471558
567312,802.1962434072985,500,False,0.05949938848531382,True,0.01405403433116015,0.9405075311660767
567552,868.9183219533061,500,False,0.040815236327481644,True,0.014047346676254856,1.1780117750167847
571216,767.8047581049312,500,False,0.07610035050435146,True,0.01397746466392731,0.8243948817253113
572064,812.9028993326094,500,False,0.043937220477265955,True,0.013838590277816715,0.9137431383132935
572544,853.3336954447738,500,False,0.061191401639456994,True,0.013900342401321944,1.0453931093215942
572672,796.3586300130397,500,False,0.128542027769143,True,0.013931607885644664,1.275177240371704
572864,799.8492609978764,500,False,0.06411173047412343,True,0.013929483364444476,0.8791829347610474
572880,782.3578707289773,500,False,0.020709967875431397,True,0.013939249051633011,1.0384089946746826
573792,868.5902713080827,500,False,0.0070790317119175635,True,0.01394003644334854,1.1764323711395264
573840,788.1864347937717,500,False,0.06377629218826328,False,0.013773300796009887,0.8659777641296387
573984,848.7767147159655,500,False,0.1485337567409669,True,0.013770361242562515,0.9478237628936768
574224,895.5744757349275,500,False,0.026029657275927053,True,0.013777417443934457,0.7836184501647949
574560,864.5172670692039,500,False,0.02806692979402138,True,0.013729038129491776,0.9086166620254517
574608,872.3543499314794,500,False,0.04110172742026054,False,0.013724294067336199,0.9849053025245667
574752,826.7578248334291,500,False,0.058091656101992795,True,0.013723804137040144,0.9968994855880737
575120,796.4160962777136,500,False,0.03426646615671145,False,0.013737198145702994,0.9807531237602234
575312,866.3936825328165,500,False,0.003226106847722994,False,0.013680454511387717,0.8454892635345459
575552,865.5479594389644,500,False,0.03820567530147514,True,0.013734833454226856,0.8797027468681335
579216,885.5634977093121,500,False,0.043319385395419574,False,0.013866982970623403,0.8360878229141235
580064,861.4963955915417,500,False,0.06544395965175462,True,0.013607602992119525,1.210519790649414
580544,873.8367374252957,500,False,0.06507082299623682,True,0.013445011819551187,0.9375432729721069
580672,830.9408668286759,500,False,0.029930937454841117,False,0.013294721809420363,0.9822806119918823
580864,909.6204140872859,500,False,0.04330015720970625,True,0.013260953407112398,1.0876106023788452
580880,763.6493432555221,500,False,0.1427942431521118,True,0.013260674460109492,1.0681757926940918
581792,808.7919289643128,500,False,0.042437296191940914,True,0.01327212358896336,0.961929440498352
581840,695.4093518145378,500,False,0.6636739079315643,True,0.01348230787011629,0.9131287336349487
581984,750.5301883101857,500,False,0.0889866772123978,True,0.013493092582671883,0.8449856638908386
582224,786.8901817977851,500,False,0.09812292334799733,True,0.013476481553048205,0.9724522829055786
582560,831.2855608252855,500,False,0.05190275221949363,True,0.013582629540719315,1.0689436197280884
582608,813.9274406534826,500,False,0.05024791884116635,True,0.013769363000179741,0.9895670413970947
582752,810.5436386499961,500,False,0.07831805014058058,False,0.013784098892185537,0.9900907278060913
583120,805.2762627033821,500,False,0.09078014187385904,True,0.013820109914143308,0.9083893299102783
583312,830.2274566260794,500,False,0.06968334444098863,True,0.013719325218690178,0.808310866355896
583552,831.209141336755,500,False,0.023127674221787086,True,0.01366700848736672,0.8224622011184692
587216,780.1539999069087,500,False,0.10535169812928073,True,0.013747362967070331,1.0564095973968506
588064,851.812809751421,500,False,0.048702260904445266,False,0.013772416423043792,0.9388779997825623
588544,832.1898085586969,500,False,0.04529500548579483,True,0.013748216396559517,0.8393300175666809
588672,823.6853638257587,500,False,0.054097830997377125,True,0.013755613496961853,0.7338698506355286
588864,797.5577260712447,500,False,0.10266119068414883,True,0.013745304889687194,0.8068668842315674
588880,837.6354710959952,500,False,0.05705390881560727,True,0.013653346263390152,1.0283446311950684
589792,730.2491894723491,500,False,0.1258443857425172,True,0.013657430930159224,0.9833070039749146
589840,802.5073168091072,500,False,0.07129754650565798,True,0.013733834722622832,1.0089715719223022
589984,805.3013506853517,500,False,0.03341079034786195,True,0.01372113735054857,0.8130061626434326
590224,813.975003938553,500,False,0.05307451147217915,True,0.013771405898434572,0.9186992645263672
590560,825.6069206362886,500,False,0.052276913405272935,False,0.013795373453536599,1.0229198932647705
590608,831.1141589285985,500,False,0.12081678309865082,True,0.013823316990918611,1.2995485067367554
590752,731.9026694769796,500,False,0.1344121489416078,True,0.01382862958258773,1.012427806854248
591120,799.9219907074528,500,False,0.05723903797049861,True,0.013798498563823218,0.8936620950698853
591312,870.1144601341842,500,False,0.06500784766760813,False,0.013590417023392254,0.8887938857078552
591552,846.0897259389106,500,False,0.05469821143753833,True,0.013505157923775685,0.9941269159317017
595216,810.1098081546211,500,False,0.10006732210822761,True,0.013461242768278994,0.9672051072120667
596064,758.8072964886096,500,False,0.03290600235569555,True,0.013444126796922792,0.9160802364349365
596544,756.4561164811765,500,False,0.055162940343340926,True,0.013630942573010132,0.9801042675971985
596672,828.6764123495772,500,False,0.06722946487030747,False,0.013575169866011825,0.8103875517845154
596864,792.468012569529,500,False,0.06082914178955521,True,0.013623699351550472,1.2284634113311768
596880,851.4578486507703,500,False,0.04612099682718181,False,0.013757428187231321,1.2574039697647095
597792,773.389490616522,500,False,0.10443399829602741,True,0.013760209632867641,0.797888994216919
597840,884.22643819786,500,False,0.05232748478771936,True,0.013845931244539894,0.9891652464866638
597984,744.6238781101645,500,False,0.11476949397836805,True,0.013785571121292804,0.8912016153335571
598224,842.2105926078268,500,False,0.0640054723486151,True,0.01366049260145135,1.1446504592895508
598560,811.0867558698038,500,False,0.11406669281085138,True,0.013612282728239625,0.9197224974632263
598608,859.022433374117,500,False,0.12441951753298305,True,0.013538828941561856,0.908968448638916
598752,767.3850117006157,500,False,0.11015774195941797,True,0.013523674274704673,0.763541042804718
599120,829.4443547568461,500,False,0.09548241301713187,True,0.01354074402426346,1.0252854824066162
599312,855.5248251323616,500,False,0.09080287995994181,True,0.01353401915456729,1.0096230506896973
599552,833.2035200272753,500,False,0.08527944921928983,True,0.01344517633919997,0.8603825569152832
603216,838.5708903430072,500,False,0.10521872887209113,True,0.013282205141206095,1.1838335990905762
604064,760.313750575514,500,False,0.06882364767587965,True,0.01359440821635303,0.8969446420669556
604544,825.7740131626562,500,False,0.09694341285565061,True,0.013678980431604584,0.7908421754837036
604672,727.5281796228277,500,False,0.18741495531468128,True,0.013629302129205257,0.7839994430541992
604864,882.0701397580528,500,False,0.11089479113434826,True,0.013650694753469203,0.8267287611961365
604880,799.8211119548772,500,False,0.07186660044114253,True,0.013660528899492385,0.8211760520935059
605792,851.7963661213334,500,False,0.1151990202032049,True,0.013668740974274722,0.8391493558883667
605840,846.728623852702,500,False,0.07680684148564186,True,0.01368757580844383,0.9161950945854187
605984,840.3239065623472,500,False,0.05720377432377226,True,0.013661879763501366,1.5252480506896973
606224,731.9824596450135,500,False,0.08405624412390109,True,0.01366375190350654,0.9371962547302246
606560,852.4566255827928,500,False,0.13172747916194885,True,0.013638846623277766,0.9027007222175598
606608,798.7842987527405,500,False,0.056894848053403155,True,0.013593435759762575,0.7678928971290588
606752,812.2284757468024,500,False,0.05017240100007014,True,0.013594962504432182,0.9288303256034851
607120,876.1486912891801,500,False,0.0482213471299205,True,0.013566717532362313,0.9098840951919556
607312,807.0262910407363,500,False,0.0636830922562232,False,0.013643660876979812,1.105942964553833
607552,819.8880409878105,500,False,0.07127086714855861,True,0.013664386255144174,0.9269099235534668
611216,770.6410068987841,500,False,0.0904087962595638,True,0.013692155514906074,0.9523288607597351
612064,810.0648394023847,500,False,0.10857468686563103,False,0.013909305182610722,0.8401417136192322
612544,782.4954926379424,500,False,0.11396388480580949,True,0.01382507549235506,0.918639063835144
612672,792.228803587869,500,False,0.08055126731166275,True,0.013721793031885206,0.8719959259033203
612864,889.0684578071082,500,False,0.05391510120501443,True,0.013815565103349556,1.5920361280441284
612880,739.865279036481,500,False,0.0903012408553254,True,0.013873968000930208,6.308012962341309
613792,641.6269541490988,500,False,0.22515975531619814,True,0.013874838401584556,1.3618781566619873
613840,867.8398037598422,500,False,0.058959287664957546,True,0.013579769863785115,0.9357107877731323
613984,769.2513102873506,500,False,0.15704109811035877,False,0.013566588938000097,0.8768912553787231
614224,808.7647029144364,500,False,0.07071917591227438,True,0.013553850908483258,0.8452584147453308
614560,861.1432104206074,500,False,0.04210822697284285,False,0.013551437135077327,0.8637644052505493
614608,788.2458581844363,500,False,0.061476596522041606,True,0.013489575503597024,0.9798471927642822
614752,761.2073396731295,500,False,0.0707407502698377,True,0.013491223301231554,1.1206624507904053
615120,823.8632591751665,500,False,0.05588113517419929,True,0.01351789236083886,0.8166607618331909
615312,791.3213985144737,500,False,0.19807648104390055,True,0.013588753975847441,1.0560827255249023
615552,844.4499370840551,500,False,0.08662549748732502,False,0.013645168244210307,1.1041886806488037
619216,709.9512931663285,500,False,0.16574805854293984,True,0.013592977927137567,0.9649568796157837
620064,843.5545016665266,500,False,0.03994864142643022,False,0.013699447276899647,1.0015459060668945
620544,751.7702669305338,500,False,0.13191805605329396,True,0.013542146299452511,0.8291352987289429
620672,837.0853683434443,500,False,0.011757327119597634,False,0.013409759511726215,0.8144850730895996
620864,787.326037139948,500,False,0.07449849621368101,True,0.013417512171810175,0.7606675028800964
620880,824.6935523671623,500,False,0.056316414948828136,True,0.013485678925544283,0.8061414957046509
621792,807.2232239676512,500,False,0.07081375223620225,False,0.013497693230309988,0.8354086875915527
621840,833.476916703909,500,False,0.05888798898586223,True,0.013613546631999604,0.7333613634109497
621984,824.5723419492574,500,False,0.030324701762467054,False,0.013628362767828457,1.3921082019805908
622224,850.3065892579613,500,False,0.07887822976136949,False,0.013660848261490017,1.0342564582824707
622560,783.6500819483526,500,False,0.035982557671501554,True,0.013645666437908545,0.9138942956924438
622608,799.2826575326211,500,False,0.07860923133391193,False,0.013676111509398332,0.6660606861114502
622752,851.9562778266752,500,False,0.07180645969933848,True,0.013708437755848185,0.6923911571502686
623120,867.2052630342907,500,False,0.07040619286465967,True,0.013779990476905245,1.3935799598693848
623312,797.2571230307824,500,False,0.04141883169861386,True,0.01392585097437328,1.0968540906906128
623552,814.5749504903658,500,False,0.051267385414534954,True,0.014015991354796007,0.9240055084228516
627216,881.5167112985484,500,False,0.12749814511993238,True,0.014003335889207495,0.8662887811660767
628064,830.7045555812332,500,False,0.023084197943460817,False,0.013669843472573103,0.7969102263450623
628544,741.4301363356162,500,False,0.1874423846224356,True,0.013810017018153152,0.7645823955535889
628672,865.4015909479286,500,False,0.05123957942385274,True,0.013814053822948202,0.8322285413742065
628864,777.138829618287,500,False,0.06474481068834927,True,0.013850340506890635,0.7201553583145142
628880,762.9470735034793,500,False,0.11638228260285066,True,0.013882055351497228,0.8311455249786377
629792,765.0346465038051,500,False,0.10416356237246391,True,0.013888435357841395,0.9917885065078735
629840,809.1330097194135,500,False,0.07445862014053774,True,0.013770122049202678,0.9713727235794067
629984,839.3421923202027,500,False,0.10682080334369026,True,0.013821344319445051,1.0841270685195923
630224,785.2375540181663,500,False,0.06386816023651591,False,0.013868638378992782,1.0847537517547607
630560,794.6315170804075,500,False,0.10648767529283051,True,0.013774494878278984,1.0455448627471924
630608,774.1971832635929,500,False,0.09511233107575964,True,0.013658424726931184,1.142963171005249
630752,797.8379356620384,500,False,0.06241701556706199,False,0.013643434278495683,1.0457487106323242
631120,818.3660140805385,500,False,0.07387070960449102,True,0.013659626290679397,0.9499892592430115
631312,782.5996564257346,500,False,0.08475755168787903,True,0.01369784349592721,0.8716479539871216
631552,837.4826204589624,500,False,0.1447744169055889,True,0.013632042759050708,0.7956264615058899
635216,773.9695119140146,500,False,0.04003359907197604,True,0.01370296708951987,0.7331199049949646
636064,781.6578704687145,500,False,0.13588473599252573,True,0.013699247775039052,0.751376748085022
636544,860.145408221998,500,False,0.14037487684148162,False,0.013521620242231523,0.7758380770683289
636672,838.4463998883195,500,False,0.0778952330098186,True,0.01344847313234473,0.7589603662490845
636864,861.6435105453583,500,False,0.07015051583446602,True,0.013434791699426593,1.0490388870239258
636880,716.7808753094877,500,False,0.30981094491079963,True,0.013475777564498463,1.0241367816925049
637792,781.95255049741,500,False,0.10402816074961395,True,0.013489898037591186,0.9940518736839294
637840,737.9657195137478,500,False,0.15479193494421822,True,0.013776654110546621,0.9368789196014404
637984,832.3501912236808,500,False,0.09012713488302071,False,0.013757490178285333,0.9407380819320679
638224,802.9770604172252,500,False,0.07442923022170746,True,0.013626100513664691,0.8394832611083984
638560,786.3204341078133,500,False,0.26294161845459874,True,0.013646047739847608,1.1674569845199585
638608,796.3244542992851,500,False,0.05894954365315305,True,0.013720330113465755,0.876646876335144
638752,801.0791480186112,500,False,0.169686263940265,False,0.013742043821461157,1.1544737815856934
639120,740.9708798467199,500,False,0.06344383972790452,True,0.01371214485857563,0.7711236476898193
639312,810.3918172394981,500,False,0.04145874540213144,True,0.013655388645818878,0.7492133975028992
639552,815.0355892637594,500,False,0.18727386038583402,True,0.013703439425100834,0.8096039295196533
643216,818.0807865389168,500,False,0.06387631085034433,True,0.01363360725820506,0.8356094360351562
644064,752.1314899804307,500,False,0.10982080971385617,True,0.01341289450456662,0.8715193867683411
644544,765.7193121110869,500,False,0.08168053834936219,True,0.01342525726151855,0.7346537113189697
644672,744.5955262801883,500,False,0.11411431045889688,True,0.013446966588338577,0.7747977375984192
644864,748.6120294111752,500,False,0.13380298716598246,True,0.013407317345596225,1.303807020187378
644880,835.3146940958206,500,False,0.0576422588805731,True,0.013415913067160614,0.6584500074386597
645792,814.0886362285839,500,False,0.07299470772179543,True,0.013416059440962138,0.807173490524292
645840,725.727208277748,500,False,0.19300699393629514,True,0.013587516951360783,0.64682936668396
645984,733.5072798443056,500,False,0.10642862747410527,True,0.013611033848230949,0.9699112176895142
646224,775.8989157453682,500,False,0.0978347952467828,True,0.013709055625629081,1.5696442127227783
646560,740.7209335677697,500,False,0.09436010308813539,True,0.013811748746760553,0.9382649064064026
646608,758.0801069740246,500,False,0.2113016724697599,True,0.013822862125703387,0.6579306721687317
646752,842.3779681078707,500,False,0.029714941209391454,True,0.013838187302144624,0.9175159931182861
647120,735.6519805800666,500,False,0.10600634607170828,True,0.01386539630821551,0.684727668762207
647312,845.8553444347552,500,False,0.04171601602227571,True,0.013888959957535408,0.9664672613143921
647552,747.4707467441012,500,False,0.09852471983680572,False,0.013787239182578468,0.8088191151618958
651216,801.0421773337523,500,False,0.0870672863401057,True,0.013875730898194065,1.1176447868347168
652064,839.4338692530952,500,False,0.07534144922668008,False,0.013782337576717981,0.8975511789321899
652544,795.5195464024778,500,False,0.08885446153367253,True,0.013680340493349463,0.8895277976989746
652672,845.7886485668874,500,False,0.03920457244963664,False,0.013624849601299541,0.8871766924858093
652864,790.8437091492817,500,False,0.10891566498678473,True,0.013591057559800923,0.7752767205238342
652880,864.1158869391927,500,False,0.047133792295930156,True,0.013510611479613235,1.11154305934906
653792,600.0610722336205,500,False,0.19035395098233454,True,0.013506791204413381,1.0246860980987549
653840,762.9722837503723,500,False,0.018089741988489883,True,0.013435487356260845,0.6195032000541687
653984,793.8857673756366,500,False,0.07850231081473057,False,0.013435984868647605,0.7398220300674438
654224,791.8551461674957,500,False,0.03896753503803007,True,0.013406459071422763,1.2221636772155762
654560,836.2389479450002,500,False,0.10937802619059549,True,0.013486166054844002,1.590855598449707
654608,828.5266514359043,500,False,0.027705110271613712,True,0.013611934898320728,0.8640429973602295
654752,836.9675975686366,500,False,0.04420251587158775,True,0.013651553597435842,0.6895188093185425
655120,842.7910282163831,500,False,0.034658822096956976,False,0.013720431541985868,0.9433896541595459
655312,749.3384577958672,500,False,0.19693348194073096,True,0.013741242150529472,1.1162049770355225
655552,827.5111935869878,500,False,0.049879007103928646,True,0.013841512390335509,0.733852744102478
659216,789.682912696279,500,False,0.14922796646483047,True,0.013838748325424614,0.8231849670410156
660064,814.2838093307244,500,False,0.12696991601760882,True,0.014127357389507605,1.1297975778579712
660544,857.0663646675391,500,False,0.19545883852252055,True,0.014137031862748142,1.0268003940582275
660672,694.0552244957374,500,False,0.17359864206889572,True,0.013930881065919158,1.2786455154418945
660864,747.1200427252945,500,False,0.15152503976058457,True,0.013842178190367767,0.8613904714584351
660880,842.3395524591435,500,False,0.0800315360690272,True,0.013795334473775888,0.8957154750823975
661792,836.7675808847438,500,False,0.10861959227861077,True,0.013796030758064492,1.0450571775436401
661840,835.3104541652659,500,False,0.0884295919734313,True,0.013778982792064902,0.9844608306884766
661984,782.3008300524757,500,False,0.07759141511426525,True,0.013783766915726787,0.769863486289978
662224,834.7907449005999,500,False,0.21515112101963668,True,0.013800157401867028,1.0504282712936401
662560,769.8203148087748,500,False,0.044129416811556264,True,0.013796967857200566,0.8291996717453003
662608,785.2937158807621,500,False,0.04471917511651299,False,0.013883690935330279,0.8059663772583008
662752,786.3224311426317,500,False,0.057830781021585655,True,0.013887346153183317,0.7465208172798157
663120,786.4230618023204,500,False,0.12340184260147805,True,0.01393855827793179,0.8715262413024902
663312,801.530676631378,500,False,0.1501468023162912,True,0.01394860181703005,1.0241060256958008
663552,811.9628565909916,500,False,0.09493510756401684,True,0.013969685472367075,1.2618517875671387
667216,850.2616207405491,500,False,0.060702029849199805,True,0.014006773689830984,0.9701730012893677
668064,768.389823478883,500,False,0.20813275248674318,True,0.013537418146337335,0.8798018097877502
668544,831.9637450149937,500,False,0.030516099904954103,True,0.01357604711629707,0.7320154309272766
668672,844.1308230280837,500,False,0.04656868181946769,True,0.013616275980314294,0.8940845131874084
668864,733.6532715526967,500,False,0.10539042958495459,True,0.013588300666960472,1.0695205926895142
668880,766.5888693711088,500,False,0.10558960228063505,False,0.013611943387994334,0.8105654120445251
669792,808.2319035057247,500,False,0.04825340209056203,True,0.013613638328957678,0.8692190647125244
669840,783.1442010852094,500,False,0.17396114581779445,True,0.013573716730315176,0.9700027108192444
669984,912.0635238853716,500,False,0.0294515075781118,False,0.013567476885780801,1.0334287881851196
670224,783.3587530205873,500,False,0.12611951447817274,True,0.013557130071653534,1.0379133224487305
670560,747.590055167291,500,False,0.15867189529673026,True,0.013586213212766178,0.7894026637077332
670608,791.7927288136599,500,False,0.10241164408629096,False,0.013669467768112249,0.7841529846191406
670752,742.5211085476051,500,False,0.06101728688466595,True,0.013659816953484961,0.8396905660629272
671120,784.801904353615,500,False,0.22279974384592993,True,0.013621072666609986,0.9708462953567505
671312,784.7169684595765,500,False,0.06864012164557635,True,0.01361777335178296,0.7491099238395691
671552,829.0575579843036,500,False,0.04861787120660818,True,0.013675886520332232,1.0111737251281738
675216,746.0866023933808,500,False,0.13315429133597761,True,0.01367743930671846,0.8944133520126343
676064,821.4132710238631,500,False,0.22250200172563217,True,0.013753448938898398,1.255915880203247
676544,794.8774737366873,500,False,0.08793728476213147,False,0.013801653159484426,1.1230820417404175
676672,884.1699917180794,500,False,0.06773182275448551,True,0.013687766618184967,1.335514783859253
676864,798.3896122320269,500,False,0.11685323024529705,True,0.013649592042578557,0.6914710402488708
676880,812.4540188866043,500,False,0.06148680113622553,True,0.013615435402658572,0.7757627964019775
677792,825.0292142195401,500,False,0.055424780422829424,True,0.013615927919534952,0.8143060803413391
677840,768.7186880175776,500,False,0.07797047506618843,True,0.013495184852662963,0.7768303155899048
677984,729.8729778435879,500,False,0.21656872076409805,True,0.013498415506380706,0.9175284504890442
678224,766.6947130820985,500,False,0.20995913435912558,True,0.013461593303009587,0.7899571061134338
678560,833.4213729973552,500,False,0.09160860734717165,True,0.013511719427567665,0.7190068364143372
678608,731.6956767429615,500,False,0.18473469516128216,False,0.013522165782737931,0.9584551453590393
678752,708.4646580665593,500,False,0.19769016352409016,True,0.013497622237521127,0.9218415021896362
679120,777.6405074615229,500,False,0.05656666557929619,True,0.01344469009664062,1.0593421459197998
679312,735.2977589111929,500,False,0.13211298502342966,False,0.013468004717596094,0.9870681762695312
679552,854.2123198205566,500,False,0.06293459116370786,True,0.013536259237912473,0.8271512389183044
683216,833.6059536888783,500,False,0.07414124884045933,True,0.013623309364405091,1.0075228214263916
684064,777.4959837048764,500,False,0.04916712973405182,True,0.013570910061001844,1.0023175477981567
684544,803.3485742055616,500,False,0.039081228705837655,False,0.013247662454228037,1.0188157558441162
684672,789.8675213525611,500,False,0.05241625074163932,True,0.013172733151688456,0.8107897043228149
684864,835.0510141971137,500,False,0.10967537632814187,True,0.013175401150224518,0.9611579179763794
684880,785.5534628494945,500,False,0.08219639137844208,True,0.01313576784250344,0.9380632638931274
685792,834.7170363468794,500,False,0.04249954681891692,True,0.013139932373293556,1.0229288339614868
685840,878.2472097349056,500,False,0.028277805266004184,False,0.013312386865945505,1.3798624277114868
685984,772.2672490433926,500,False,0.2168033196200097,True,0.013318457449157096,1.1652708053588867
686224,759.7458972812252,500,False,0.1571552128440699,True,0.013350440528081778,0.9907450079917908
686560,778.8036286150574,500,False,0.0484511793229722,True,0.013383325984476486,0.783318817615509
686608,804.1276191193035,500,False,0.029676187901656107,True,0.013368003158133732,1.1322317123413086
686752,814.8698122155813,500,False,0.12098067067666701,True,0.013373457611616372,2.0330920219421387
687120,737.3448208226752,500,False,0.1328727625368021,True,0.013377081271442284,0.7748349905014038
687312,871.2130533470882,500,False,0.05701758299688017,True,0.013344213023851133,0.9128868579864502
687552,662.6703245767767,500,False,0.2413085100765766,True,0.013265410930973004,0.8305434584617615
691216,626.4379021437408,500,False,0.32453108349785753,True,0.013312587474414307,0.7821154594421387
692064,757.9233644879016,500,False,0.05321719932728778,True,0.013746100440010805,0.8572463989257812
692544,682.4780316851962,500,False,0.173144963545201,True,0.013527075117118845,1.587371826171875
692672,847.611296962827,500,False,0.048169901430517595,True,0.013485043630644096,0.8747304677963257
692864,834.5506730718145,500,False,0.0553216400064598,True,0.013498448527039136,1.1876201629638672
692880,780.1097857347946,500,False,0.051448440861132205,True,0.0134563378424077,0.9198272228240967
693792,800.4961724560332,500,False,0.055412276078393635,True,0.013456381729278316,0.8934503793716431
693840,879.4915631476847,500,False,0.17494653962263734,True,0.013522449809670227,0.8917280435562134
693984,808.5033920825646,500,False,0.03281386751934235,True,0.013497342079459951,0.8792921304702759
694224,884.6025259221179,500,False,0.06282118248964624,True,0.013443068814941188,1.077039122581482
694560,797.8054067574676,500,False,0.1339155236539897,True,0.013429435093424927,0.8881327509880066
694608,775.9196392904754,500,False,0.11641906772260845,True,0.013453057278513245,0.8126282095909119
694752,834.015002593201,500,False,0.16310191475325203,True,0.013475457168079668,0.884245753288269
695120,783.1517750450706,500,False,0.27763874705724284,True,0.013585289110773242,0.8567124605178833
695312,855.7142158702623,500,False,0.08571534743664325,True,0.013713391387602586,0.754604160785675
695552,835.3155848955134,500,False,0.06643578845989474,True,0.013730969473696475,1.1059067249298096
699216,813.0302104397203,500,False,0.045128436445957175,True,0.013712962452025083,1.119788646697998
700064,837.5798021323036,500,False,0.05155253694677269,False,0.013689289955080093,1.1267658472061157
700544,872.4276662086463,500,False,0.062440320667855785,True,0.013687539434339114,0.9778857827186584
700672,803.1519911993992,500,False,0.05109095323441806,True,0.013560588461965532,0.8567583560943604
700864,801.3827071020372,500,False,0.06483713841349872,False,0.01352783318033477,0.9471301436424255
700880,769.872117158574,500,False,0.12928430820300071,True,0.013490834362045704,0.7934772372245789
701792,742.6923253725821,500,False,0.09732445004881836,True,0.013488477914598312,1.6666102409362793
701840,800.4972439411665,500,False,0.050220806128620246,True,0.013516683828393286,0.936264157295227
701984,812.2074625044377,500,False,0.04454036648447757,True,0.013510877810944623,1.0103089809417725
702224,816.4577507799984,500,False,0.050880669591659905,False,0.013535614703424403,1.1342869997024536
702560,764.3318869096196,500,False,0.13139720618872344,True,0.013482636777240492,1.2747626304626465
702608,755.8337054705576,500,False,0.09306430502661024,False,0.013484510395271643,0.8712024688720703
702752,769.0132351027329,500,False,0.08318202362396851,True,0.013500108157157112,1.0101261138916016
703120,754.9232512544459,500,False,0.09034226199008767,True,0.013577043034416432,0.838823139667511
703312,833.2778205674629,500,False,0.07200517186789696,False,0.013667523658726958,0.926941990852356
703552,890.6538971862805,500,False,0.07676220483838471,True,0.01361293006246933,0.9678319692611694
707216,770.709559493788,500,False,0.1031860944499816,True,0.013652268417937367,0.7318646907806396
708064,770.8028447660139,500,False,0.05886333205191795,True,0.01335501619269649,0.9106241464614868
708544,764.1463749481615,500,False,0.10666945933827768,True,0.013243618960571305,0.9266999959945679
708672,788.5227999311555,500,False,0.12959623174895593,True,0.013266792856420549,0.8837577104568481
708864,693.7401547020443,500,False,0.16866232815076998,True,0.013253779463900696,1.098629117012024
708880,797.6087365191364,500,False,0.15466421716179518,True,0.01323149759500916,1.0226267576217651
709792,813.5008145929621,500,False,0.12899966923854728,True,0.01322831486168062,0.9996117353439331
709840,722.4479557533751,500,False,0.08952522351706711,True,0.013303827809706282,0.9082689881324768
709984,728.814491466408,500,False,0.1794422227275069,True,0.013297949199301424,0.8834378719329834
710224,852.9690870666105,500,False,0.08078466177305713,True,0.013257157577411758,0.9831937551498413
710560,775.2622506872203,500,False,0.04268134923416963,True,0.013244844038436447,0.7650653123855591
710608,804.7313441203323,500,False,0.04534088083008326,True,0.013329064396924571,0.9125649929046631
710752,801.7855675117023,500,False,0.048959472099848,True,0.013317346015738018,0.8038148880004883
711120,776.2894755577009,500,False,0.07749848969641698,True,0.01329495370388459,1.141884446144104
711312,838.8293212752886,500,False,0.05219271866457716,True,0.013171775017296997,0.9082869291305542
711552,772.822619208216,500,False,0.08446186120006072,False,0.013192419818621388,0.999226450920105
715216,791.3871253526756,500,False,0.0932459362879411,True,0.013074127752800169,0.8594759702682495
716064,848.5147489438453,500,False,0.08579585721161989,False,0.013531491901235567,0.9048500657081604
716544,781.9940080372294,500,False,0.09212409200901722,True,0.013437074999365736,0.8814035058021545
716672,773.6260935970295,500,False,0.10413469112907717,True,0.013500993094108592,0.9372231960296631
716864,838.1726966859623,500,False,0.03826794475556461,True,0.013494630803841256,0.9424086809158325
716880,829.9663002543757,500,False,0.11180319456850213,True,0.013409884474291374,0.9213618040084839
717792,685.9417949092935,500,False,0.24809335663039103,True,0.01340265567946828,0.777921736240387
717840,757.0254630210861,500,False,0.12685605686015475,True,0.013540606184064257,0.8958220481872559
717984,798.9289808744588,500,False,0.07918653756649584,True,0.013574064156443286,0.9223341941833496
718224,887.0825257494225,500,False,0.09923747964162181,True,0.013614757032404137,0.8307387828826904
718560,803.262418302538,500,False,0.09604769837219575,True,0.013746366930582588,1.1884673833847046
718608,751.3919889795604,500,False,0.1637771029595431,True,0.013845364961576742,0.9894270300865173
718752,776.3336866217427,500,False,0.04930030712993591,True,0.013875785248324668,1.146594524383545
719120,813.251307504792,500,False,0.10220052891216311,True,0.013859053599481842,0.9828331470489502
719312,809.6672092367369,500,False,0.10510301162024423,True,0.013789168159515353,1.0465055704116821
719552,746.978717764362,500,False,0.08732896534947707,True,0.01379729182185863,0.7820863723754883
723216,745.5157341438262,500,False,0.20504723430144292,True,0.013747180592514048,0.9336702823638916
724064,799.8991259000225,500,False,0.05798281741244459,True,0.013346349474596099,0.9562256336212158
724544,788.9998153270512,500,False,0.14763108515350878,True,0.013374929538295515,1.338198184967041
724672,801.963432478612,500,False,0.09966965181724789,False,0.013412978551135006,1.0728226900100708
724864,688.7899942702421,500,False,0.11872221151728958,True,0.01344524705732269,1.1053893566131592
724880,880.0480661694825,500,False,0.06554975515614982,True,0.013539040326133431,0.8487069010734558
725792,813.2223300752376,500,False,0.06896842850321175,True,0.013534348243199273,0.7491077184677124
725840,884.2929361097576,500,False,0.057695168035668876,True,0.013720698454109729,0.9889042377471924
725984,805.325690292033,500,False,0.07968289646374015,True,0.013739849089277879,0.9737242460250854
726224,831.4144109751874,500,False,0.1009164241898555,True,0.013784786266780221,1.0368202924728394
726560,782.6860419146157,500,False,0.13273768266492222,True,0.0138129563713621,1.0662435293197632
726608,798.6656310966847,500,False,0.05129790941582584,True,0.013891777037632697,0.951375424861908
726752,838.1046818561924,500,False,0.07144994855246287,False,0.013900856004262151,1.2975795269012451
727120,842.3737917364322,500,False,0.053133260026211986,False,0.01391526957504499,1.0773289203643799
727312,826.2149684574105,500,False,0.02610292459556478,True,0.01408442698056983,0.858491063117981
727552,871.0183311488852,500,False,0.05092785992865215,True,0.014100046196217488,1.3369513750076294
731216,790.7609436354647,500,False,0.02671998308466097,True,0.014155297171103113,0.9690927863121033
732064,832.4567009019514,500,False,0.10433557594015763,False,0.014044612361681318,0.9129898548126221
732544,853.2570486585621,500,False,0.0503376812011201,False,0.013907643029819101,0.6978769898414612
732672,768.5256932594,500,False,0.16085523298061166,True,0.013875761288807659,0.8267956972122192
732864,862.5497496321415,500,False,0.08078798464165139,True,0.013866123372275505,0.9080167412757874
732880,763.7870983734697,500,False,0.16021986572387964,True,0.013837617875032224,0.8668705224990845
733792,827.7890794880071,500,False,0.07977119135720159,True,0.013836359541301139,1.0871996879577637
733840,833.144988068813,500,False,0.07474540339882309,True,0.013686581441399795,0.9648663997650146
733984,840.2703902680237,500,False,0.08836441434091391,True,0.013686586037723034,0.8833666443824768
734224,805.5421050918744,500,False,0.04080973138077186,True,0.013776554952411096,0.7316476106643677
734560,858.8538458531286,500,False,0.08610466777089168,True,0.01375348722705007,0.8261085748672485
734608,644.7584938200308,500,False,0.17990220298004914,True,0.01358758780566599,0.9175803661346436
734752,807.7328511377132,500,False,0.043427439793492874,True,0.013582344769238473,0.7089225649833679
735120,752.3421916727494,500,False,0.08459538081667808,True,0.013550978415192176,1.131058931350708
735312,881.6468245537648,500,False,0.04519084189550252,True,0.013556220583011907,0.7173197865486145
735552,808.9715922746635,500,False,0.07559946970882638,True,0.013588342332236207,0.8646669387817383
739216,820.1298583415664,500,False,0.0950466967547643,True,0.013646592740210508,0.9528030157089233
740064,791.8998560194906,500,False,0.12365346165060138,True,0.014059584676735577,0.9183658361434937
740544,776.1820294339216,500,False,0.12306878818205165,False,0.014252217512950712,0.8538172245025635
740672,765.611074321037,500,False,0.08596078865068749,True,0.014374614190998773,0.7590477466583252
740864,761.2940795348649,500,False,0.09371019230961206,True,0.014451678657807294,0.9641491770744324
740880,766.6293875655608,500,False,0.12915484368782648,False,0.014562777003696492,0.9029242992401123
741792,829.3207809331063,500,False,0.0908183672312602,True,0.01456942714978878,0.7226683497428894
741840,825.6913107798255,500,False,0.08826543432361046,True,0.014418329942768598,0.9400658011436462
741984,786.0039287167782,500,False,0.1449343715550223,True,0.014396858616034451,2.563436985015869
742224,821.1700066862735,500,False,0.09414951962841053,False,0.014360971672991413,0.8398237228393555
742560,861.7407386889723,500,False,0.08679942836142991,False,0.01432953813128127,0.8750115633010864
742608,738.0731388640382,500,False,0.14967337464032776,True,0.014166622072021485,1.0928245782852173
742752,764.7728766530768,500,False,0.06726622203119069,True,0.014141755394890815,0.9958139061927795
743120,774.334111133183,500,False,0.13157046313941673,False,0.014119270079931558,1.148341417312622
743312,782.2573196468137,500,False,0.09958156158776196,False,0.014114417093288183,0.996849536895752
743552,792.8881789752444,500,False,0.10656556907777003,True,0.014099410721081566,0.8290787935256958
747216,809.8463036270472,500,False,0.0410521261168693,True,0.014097789099369129,1.1758413314819336
748064,752.9685687197755,500,False,0.04581586919624232,True,0.01395117901504118,0.9822077751159668
748544,732.1385389855957,500,False,0.13504946330128353,True,0.013984704931497595,0.7791441679000854
748672,786.517736079138,500,False,0.10351206625104742,True,0.014035334337822484,0.7998831272125244
748864,821.9722358101928,500,False,0.06509275656044232,True,0.014052354906137115,1.0381417274475098
748880,828.0500312914135,500,False,0.02397548594706476,True,0.014050300644965678,0.9721052646636963
749792,885.4206996000656,500,False,0.04206802003944301,True,0.014055105821548989,0.7957632541656494
749840,790.8031769420929,500,False,0.0689128102385299,True,0.014119147451234054,1.5752379894256592
749984,806.6772056487264,500,False,0.07153100736791634,True,0.014119441430181621,0.7497276663780212
750224,783.7810474962644,500,False,0.07213988587220976,False,0.014085351786374973,4.823818683624268
750560,800.8029025378498,500,False,0.14146048585446633,True,0.014089751620208105,0.9965101480484009
750608,780.9791791948779,500,False,0.037368496948535786,True,0.013982496953801922,0.7549837231636047
750752,809.7633434362137,500,False,0.03959919814096923,True,0.013931177641994731,0.8954716324806213
751120,796.6926411560872,500,False,0.04750896969276141,True,0.013840943329496171,0.8613179922103882
751312,766.9955466362231,500,False,0.10824037431993318,False,0.013771751971385377,1.0140955448150635
751552,779.513908977166,500,False,0.08684749981691317,True,0.013802075560500933,1.207015037536621
755216,761.7375730991245,500,False,0.08763057653759714,False,0.013808457589870449,1.0904513597488403
756064,798.6250854186783,500,False,0.11339994351724664,True,0.014194627241167579,0.8804669380187988
756544,722.3203100794291,500,False,0.08252038731091536,True,0.014292461721279438,0.9437675476074219
756672,807.6641885795664,500,False,0.02421123309049128,False,0.014302117744223781,1.0337105989456177
756864,825.1015549820182,500,False,0.09015462591028345,True,0.014252904236757602,1.0002511739730835
756880,785.6760087281376,500,False,0.07394874591799928,True,0.014219358188437293,1.5998783111572266
757792,827.3670384743133,500,False,0.045373559635541606,True,0.014220750945279373,0.8580445051193237
757840,804.374987572401,500,False,0.05470787819089657,False,0.013981069227512199,0.8552330732345581
757984,790.2501184539124,500,False,0.04660259580280709,True,0.013983588774603192,0.8827054500579834
758224,777.024865119357,500,False,0.05882846113358951,True,0.013883707847272787,1.4802823066711426
758560,791.8821167724797,500,False,0.05689369329507808,True,0.013838968772990073,0.8725885152816772
758608,826.7230660051281,500,False,0.045870759988891986,False,0.013843240385634021,0.9936516880989075
758752,840.3636314316861,500,False,0.04107016083483427,True,0.013844222032299265,1.080596685409546
759120,794.7512629667988,500,False,0.05687448306533822,True,0.013780532379458863,0.7953948974609375
759312,795.6324303285842,500,False,0.08025626227205149,True,0.013815632678590541,1.049109697341919
759552,857.9889980175533,500,False,0.07047253305169654,False,0.013739841320813776,1.0264813899993896
763216,888.97709022644,500,False,0.0699384428769746,True,0.013786550773868377,1.0321509838104248
764064,802.4745657624178,500,False,0.13598185844398547,True,0.01393791633263015,1.320413589477539
764544,844.3858987993708,500,False,0.0752101419518281,True,0.013823881433664701,1.1465363502502441
764672,791.0778663590502,500,False,0.06406428603827154,False,0.013929036244003969,1.1489711999893188
764864,886.6594462196812,500,False,0.06344310639668874,True,0.013938624796391305,0.7576345205307007
764880,527.0660641055441,500,False,0.22038095932274218,True,0.013881646436007675,0.8686621785163879
765792,818.1562824625346,500,False,0.09608941831570156,False,0.013866107948061047,0.8229905962944031
765840,799.1095085066592,500,False,0.0711855375296214,True,0.013890560980919443,1.0059908628463745
765984,849.7735136000247,500,False,0.08861280494631661,True,0.01387173795891337,1.1419202089309692
766224,795.1283379696308,500,False,0.08198233702265736,True,0.01390070783946441,0.8235681653022766
766560,746.2250229145548,500,False,0.08981243648936882,True,0.01389030731906849,1.2295643091201782
766608,761.7628059054997,500,False,0.09632261687978394,False,0.013793231943405655,1.040580153465271
766752,798.5864794055697,500,False,0.09608576631038543,True,0.013815905697744334,0.8907195329666138
767120,827.3183333207311,500,False,0.02773874173113284,True,0.013837152393396536,0.7057944536209106
767312,823.2660231748858,500,False,0.10529413974860304,True,0.01387235482822488,0.8220041990280151
767552,795.6798037572497,500,False,0.5251904850057982,True,0.01385623744265536,1.0379878282546997
771216,823.3924803232958,500,False,0.07228720035690707,False,0.013857640406101266,0.7945041656494141
772064,859.4439996954545,500,False,0.07430922319380213,True,0.014301208387427346,0.8601478934288025
772544,837.0899577437423,500,False,0.08732195795321153,True,0.0142931964024843,1.079512119293213
772672,802.7840983652278,500,False,0.08730641517463167,True,0.014151079356528798,0.8216322064399719
772864,857.0371934642981,500,False,0.07407386797619664,True,0.014068722020010737,0.8933640122413635
772880,859.3115697590681,500,False,0.03579314534209239,True,0.014009254965850136,0.7923728823661804
773792,792.0760901684439,500,False,0.05569535451484665,True,0.01399723403890752,0.9449149370193481
773840,789.0434480487279,500,False,0.06602906325520758,True,0.013982174057410306,0.7946164011955261
773984,750.9422184374314,500,False,0.09602997942696781,True,0.014009693458393164,0.7083684206008911
774224,699.6719330521772,500,False,0.11345866741570292,True,0.014017273053067521,0.9089994430541992
774560,758.5557104188558,500,False,0.10469849821453776,True,0.014142070532850999,0.8072876334190369
774608,916.1668752023506,500,False,0.04342125284236121,False,0.014217346183800486,0.9041484594345093
774752,770.3602043782247,500,False,0.0653776188009332,True,0.014233018325898747,1.0322368144989014
775120,811.2090858112427,500,False,0.11806169766469367,True,0.014262324129250303,0.779971182346344
775312,774.0011677932307,500,False,0.06082331008973408,False,0.014109979818976316,0.834405779838562
775552,787.1172970315674,500,False,0.1372361045658327,True,0.014144202364345783,0.845123291015625
779216,831.0819051287764,500,False,0.17128481125668799,True,0.014192141932572039,0.9392262697219849
780064,906.6114400402967,500,False,0.01947979946124077,True,0.01402404880247278,0.9096717834472656
780544,784.3786978768571,500,False,0.078522736967856,True,0.014173218518330215,0.9823424220085144
780672,834.6047734727786,500,False,0.06919144446056727,True,0.01408183185481114,1.2403688430786133
780864,775.479772196123,500,False,0.09536415655448895,True,0.014040898852078643,1.0712318420410156
780880,884.1158728488243,500,False,0.04480197005380452,True,0.01395178193654807,0.8094009160995483
781792,858.7912423127043,500,False,0.04890322744523695,False,0.013944543576907142,0.789549708366394
781840,808.9309801269476,500,False,0.07782512799338392,True,0.013841787092940764,0.7978681325912476
781984,829.7433596639348,500,False,0.1154200698866222,True,0.013824671721565021,1.0107035636901855
782224,822.1615681819771,500,False,0.03464906236140701,False,0.013808076832842572,1.1016385555267334
782560,885.3451967443436,500,False,0.03091547200181918,True,0.01372456394978069,0.77692049741745
782608,859.5253070127198,500,False,0.07956890541663938,True,0.013607845188235762,0.7658601999282837
782752,829.7774132353965,500,False,0.02576148330615406,False,0.013610062546094592,0.8440908193588257
783120,771.8849523830685,500,False,0.12436460533047752,True,0.013597100817150846,0.9919867515563965
783312,860.8209495121926,500,False,0.04384462099380446,True,0.013624525428571708,0.8252045512199402
783552,783.5925315939678,500,False,0.12133825558865186,True,0.013583526923701248,0.8713290691375732
787216,786.8686376020312,500,False,0.13571402536706867,True,0.013594550195208123,0.9391129016876221
788064,816.7117350466704,500,False,0.06101883646168476,True,0.013821970120399088,1.12811279296875
788544,817.8080321347039,500,False,0.13911181981393442,True,0.013727142105318614,0.8139811754226685
788672,791.5797536631815,500,False,0.080124857379002,False,0.013780382927799817,0.7242641448974609
788864,861.4358560457879,500,False,0.06691958021155635,False,0.013723838384297587,0.6861183643341064
788880,761.8350466084958,500,False,0.06982998073731514,True,0.013617865739215139,0.6853654384613037
789792,907.1664845259437,500,False,0.03132702305468617,False,0.013612293662960058,0.9022966623306274
789840,800.788194592908,500,False,0.07072698562494133,True,0.013759300057622196,0.8764691352844238
789984,833.9920230492553,500,False,0.04577081209001779,True,0.013755211429077019,0.7738850116729736
790224,866.2504756676398,500,False,0.06889603763595363,True,0.01380058833447358,0.8584647178649902
790560,839.4362007054195,500,False,0.10724291742846231,True,0.013797691140526536,1.2038140296936035
790608,835.3557437553086,500,False,0.05981350421442889,True,0.013739161387778557,0.7131993770599365
790752,806.4451418845737,500,False,0.11480843942203652,True,0.0137381394211398,0.8592966794967651
791120,745.1514207665812,500,False,0.06159678064922031,True,0.013648986850818707,0.8931493759155273
791312,847.2810124966643,500,False,0.049855719747728656,True,0.013580358593577556,0.8256398439407349
791552,787.7246567333431,500,False,0.05678565280546125,True,0.013574556080036519,0.7727786898612976
795216,748.5949984898814,500,False,0.09682535380200555,True,0.013565547773965491,0.775594174861908
796064,839.7754065286385,500,False,0.0784867697180348,True,0.01351055079686416,1.0984580516815186
796544,806.0034503834288,500,False,0.06844046943244973,True,0.013634620575305342,0.8723700642585754
796672,718.626991819115,500,False,0.10925395987628923,True,0.01360565474549495,1.1309282779693604
796864,805.0479711521085,500,False,0.07760822466383069,True,0.013618746499536488,0.8391246199607849
796880,841.5647272477419,500,False,0.01829388703690066,True,0.013720261811411635,0.6460437178611755
797792,830.3748644282022,500,False,0.034579637548053786,True,0.013720126559955855,0.642420768737793
797840,803.5088701955389,500,False,0.06195062236246296,True,0.013903466926806328,0.9015515446662903
797984,867.9655096049212,500,False,0.07850768289349422,True,0.013907488617601457,0.8775477409362793
798224,802.2322523957333,500,False,0.08011843318319328,False,0.013906068705471147,0.9271726608276367
798560,825.7810848292504,500,False,0.04645703248712707,True,0.013955230158248042,0.8027852177619934
798608,758.7951131124565,500,False,0.069645667612806,True,0.01395232497276625,0.9166396260261536
798752,674.834041672403,500,False,0.6620343361861025,True,0.013993523321545912,0.8041136264801025
799120,787.4886741296024,500,False,0.1272622120742114,True,0.014065054216814468,0.8799329996109009
799312,854.2646872329431,500,False,0.050711757111739676,True,0.014065378059262983,0.822155773639679
799552,872.3660473262985,500,False,0.07855291694709413,True,0.013992743934434903,0.747742772102356
803216,849.2477874454305,500,False,0.11534488963834139,True,0.013995656938416371,0.8352770209312439
804064,817.5063926118352,500,False,0.028771222140289907,True,0.013702784114454386,1.2273753881454468
804544,784.1335515502195,500,False,0.05528052172806986,True,0.013595262007114382,1.309783697128296
804672,847.0088265872153,500,False,0.0699649335664578,False,0.013461939637833934,0.7331451177597046
804864,760.4533420295162,500,False,0.08763904036721995,True,0.01340712721021227,0.9565076231956482
804880,808.8140270373259,500,False,0.1799330834117471,True,0.013410709341112421,1.0201411247253418
805792,849.6841990865712,500,False,0.21224377915152287,True,0.01341998783990196,0.8395275473594666
805840,783.4520428394762,500,False,0.11853533407153904,True,0.013395376605756834,0.7799592018127441
805984,858.7606551737607,500,False,0.04888415847997573,True,0.013404909176823644,0.9045919179916382
806224,814.1886154129486,500,False,0.10189234362257163,False,0.013385432794291462,1.0009698867797852
806560,812.1884723050414,500,False,0.0738669652702954,True,0.013262346277674274,0.8886014223098755
806608,760.3157419635637,500,False,0.11984296064910287,True,0.01333671815156134,0.9789169430732727
806752,827.7504780024003,500,False,0.05543019574071656,True,0.013333337579801926,1.073850154876709
807120,849.5777430159364,500,False,0.11573642421613951,True,0.013381235868268566,0.9984220266342163
807312,852.2309025918981,500,False,0.08119309297116838,False,0.013348511149131522,0.8298957347869873
807552,796.3270670479822,500,False,0.1326070916087204,True,0.013363399627756163,1.0261189937591553
811216,875.7694419017785,500,False,0.07636876787313383,True,0.013371586428020466,0.8577418327331543
812064,819.7333721297499,500,False,0.08103953693899951,True,0.013733556425313941,0.7374159097671509
812544,813.5598319988169,500,False,0.09176294818104626,True,0.01374361351850438,0.747563362121582
812672,833.4103112977115,500,False,0.07951449964688223,True,0.013673033614135754,0.9874871373176575
812864,780.648125046827,500,False,0.04450710255229075,True,0.013613230941915598,0.9268919229507446
812880,813.647965969557,500,False,0.05280065609112986,True,0.013595250633051463,0.9194008111953735
813792,791.5588508853893,500,False,0.14112584396589065,True,0.013602434360455051,0.6941685676574707
813840,807.8132739272168,500,False,0.07456002145685851,True,0.013705191736743946,1.372544527053833
813984,856.1599886375847,500,False,0.09472468173054874,False,0.013703376339265955,0.7488349676132202
814224,783.4699059086374,500,False,0.11469124610504282,True,0.013737477484142209,0.8459787964820862
814560,782.1380257586651,500,False,0.0986383184410318,False,0.01358972818064534,1.3311545848846436
814608,829.6379789045842,500,False,0.061029567423534346,True,0.01354017171802659,0.794070839881897
814752,814.2098694910279,500,False,0.07051313308383528,True,0.013526527348378033,0.9923261404037476
815120,831.6120342285793,500,False,0.1016842806229964,True,0.01353614532740438,0.908488392829895
815312,731.7539946752929,500,False,0.13743652892239336,True,0.013383845490333869,0.7933270931243896
815552,872.422718413878,500,False,0.060792150882263474,True,0.013369441939730532,0.9366739392280579
819216,773.014651017284,500,False,0.15139597098821297,True,0.013362494673823382,0.7373121976852417
820064,842.8949558903419,500,False,0.0873856042925073,True,0.013023670295898125,1.4610595703125
820544,829.6965403823962,500,False,0.06400371053408241,True,0.012975950956614449,1.328392505645752
820672,858.2326954519225,500,False,0.08419846010829293,True,0.013000269151489316,0.6897353529930115
820864,749.9168949351298,500,False,0.09112790845226003,False,0.013048077457207288,1.0245628356933594
820880,874.4345387871682,500,False,0.054523704115964876,False,0.013087023307662976,0.7767819166183472
821792,799.5158154316616,500,False,0.1142688072570889,True,0.013091886106129772,0.9206277132034302
821840,777.2840058921217,500,False,0.08188876043514152,False,0.013231799404131188,0.7976788282394409
821984,808.3269485932955,500,False,0.057258640406877885,True,0.013230443150618696,1.0446432828903198
822224,788.3215110169939,500,False,0.06020433734934465,True,0.013241204108325298,0.9267901182174683
822560,855.6683787696907,500,False,0.06825279262515463,True,0.01322876659429805,0.8095992207527161
822608,752.2313627512045,500,False,0.09257514547547392,True,0.013311457420127423,0.5887409448623657
822752,612.7117892089464,500,False,0.2012212758171695,True,0.013339896521403988,0.9440094828605652
823120,838.2923689677706,500,False,0.036989705070897085,True,0.013304532767773254,0.9155943393707275
823312,802.6592911909215,500,False,0.09664591977276073,True,0.013152337838909468,0.823077917098999
823552,795.1638667866903,500,False,0.09846450649552586,True,0.01313698493043171,0.892828106880188
827216,797.1952662057386,500,False,0.0646601773828618,False,0.01321101088973559,1.510648250579834
828064,793.5534432963434,500,False,0.034912767384030666,True,0.01344813897815023,1.0014910697937012
828544,795.2306455337241,500,False,0.07998115596851142,False,0.013374673959659359,0.9136694073677063
828672,790.9497167468694,500,False,0.15418661627635155,False,0.013255766910717687,1.0855056047439575
828864,803.7772670068472,500,False,0.08878030133327122,True,0.013226233082235812,0.8059116005897522
828880,811.5913600165406,500,False,0.11677648725878328,True,0.013174466391710899,0.995063066482544
829792,411.58106377510813,500,False,0.9580146426250852,True,0.013174409896552405,1.0294396877288818
829840,778.1233733493474,500,False,0.11165601978593033,True,0.013403011209980355,0.7988102436065674
829984,721.0910075213717,500,False,0.15442583505537388,True,0.013379329731582007,0.9231171011924744
830224,755.5704994415062,500,False,0.07188390855785658,True,0.013275350339418315,0.7853858470916748
830560,833.3229316364511,500,False,0.08676373174533691,False,0.013147368984686415,0.9507819414138794
830608,806.0097937716178,500,False,0.026100884019306176,True,0.013102643233004049,0.912571370601654
830752,766.2846405523519,500,False,0.077175381001896,True,0.013119348075354446,0.8345681428909302
831120,746.8428198648761,500,False,0.16078166568930527,True,0.013203197411710365,0.8859133124351501
831312,828.8306203494017,500,False,0.0329157273250449,True,0.013294708475276685,0.739018976688385
831552,851.3712819050204,500,False,0.06426430373633393,True,0.013312357299305378,0.906706690788269
835216,837.478246158524,500,False,0.09124346410961064,True,0.01330286139489168,0.9572800397872925
836064,791.8506732858781,500,False,0.05581682616858635,True,0.013231841635906632,0.8924140334129333
836544,805.5202103987343,500,False,0.09946406259503035,False,0.013196990443106823,0.9953739643096924
836672,775.9636897729789,500,False,0.14245694861064498,True,0.01332713225368424,0.8705543875694275
836864,784.7032557383029,500,False,0.1665483029888664,True,0.01336291683405446,0.9357116222381592
836880,823.7358731596394,500,False,0.11348468963757782,True,0.013316233438080449,0.8362796306610107
837792,802.4213730882935,500,False,0.04255368064648144,True,0.013301891398106782,0.9217768311500549
837840,764.9876767865541,500,False,0.07392548412783741,True,0.013286976635089426,1.4082410335540771
837984,756.9789456431935,500,False,0.08827430545724152,True,0.01325927886025449,1.7055084705352783
838224,850.9136406703352,500,False,0.07545825939751705,False,0.013187589380691972,1.0503672361373901
838560,799.3212223376315,500,False,0.05317807973563654,True,0.01324549283961811,1.1657330989837646
838608,701.0447526064048,500,False,0.15061311578394446,True,0.013197438007306023,0.8589083552360535
838752,845.747294590142,500,False,0.10046689817586252,False,0.01315810242628653,0.8261088132858276
839120,873.7723902281431,500,False,0.08038264611429716,True,0.013197525706239086,0.7963725328445435
839312,766.4247843306408,500,False,0.08111583659258995,True,0.01319188585056341,0.9542240500450134
839552,844.0434353622071,500,False,0.028200636613455576,False,0.013200055832198417,1.323988676071167
843216,785.6751721361319,500,False,0.07510466685063137,True,0.01321148217786151,0.7171650528907776
844064,790.7732829417149,500,False,0.07400228902192342,False,0.01340686301442631,0.9119901061058044
844544,752.6016743172015,500,False,0.14183575534668438,False,0.013496441240632756,0.7631404399871826
844672,762.8588909489046,500,False,0.15951643017086736,True,0.01329220320057984,1.327651858329773
844864,783.0198344836443,500,False,0.10372623785369531,False,0.013270988638768407,0.9196213483810425
844880,847.9829140526833,500,False,0.045131740496247116,False,0.013213157840323324,0.8350955247879028
845792,887.5292016114139,500,False,0.044645303398263295,True,0.013207560982171976,0.9274609088897705
845840,823.192880383179,500,False,0.055478053905710145,True,0.013210740670788807,0.8675830960273743
845984,786.3645140445188,500,False,0.09304830855772601,True,0.013197063764846204,0.7805612683296204
846224,786.0993711809192,500,False,0.10275729754626715,True,0.013227987116872604,0.9511445760726929
846560,772.3260500997732,500,False,0.07864655647102732,False,0.013250997182403036,1.0627105236053467
846608,682.0813036195027,500,False,0.21020841579196098,True,0.013212162976073754,1.033501148223877
846752,792.2449215793457,500,False,0.06907274406845511,True,0.013208992766995886,1.0759210586547852
847120,790.2492085396804,500,False,0.060051172239164216,True,0.013252724872792429,1.5868301391601562
847312,757.7571155054511,500,False,0.08656011423598996,False,0.013240333978076167,0.90413498878479
847552,794.3161503226306,500,False,0.1042673298908027,True,0.013191322159983879,0.8566470742225647
851216,798.5995488444145,500,False,0.07490789615452735,True,0.013257199053284596,0.8745613694190979
852064,736.6755151000517,500,False,0.14768568840585214,True,0.013537721700865174,1.0844215154647827
852544,811.1179658423034,500,False,0.09975750584292707,False,0.013442214240454591,1.0447280406951904
852672,823.9529833259816,500,False,0.1316179281123324,False,0.013362165708404055,1.3884793519973755
852864,790.7136507158172,500,False,0.0835566473662746,False,0.013334108663406475,0.6820735335350037
852880,811.059172013932,500,False,0.11239041210690516,True,0.013242631553388907,0.8627066612243652
853792,811.130243685813,500,False,0.0847714163272502,False,0.01323081262435254,0.7951507568359375
853840,827.991340214318,500,False,0.05832898798290902,True,0.013002206281492327,0.8872963190078735
853984,831.9613916133189,500,False,0.10394553231737448,True,0.012977411226664796,0.7500185966491699
854224,861.9049966518901,500,False,0.05082863091158384,True,0.012964965748365587,0.8561995029449463
854560,827.2624663085256,500,False,0.16237134815986165,False,0.012944074083564485,0.9961063265800476
854608,735.7073640649601,500,False,0.1112885093376854,True,0.012851532558457907,1.1007280349731445
854752,757.6507262186929,500,False,0.12998018005377682,True,0.012848419844508975,0.8157517313957214
855120,807.3567603687706,500,False,0.07731567365480534,True,0.01278847240078622,0.9874451160430908
855312,769.1975250811523,500,False,0.11038396953861167,True,0.012791049547248063,1.0464102029800415
855552,817.8778930885283,500,False,0.07633413053858769,True,0.012912027709827037,1.155606746673584
859216,838.3720924651466,500,False,0.04736622860469225,True,0.012897594196164213,0.8892703056335449
860064,793.8848540267082,500,False,0.10455358547064435,True,0.01341347998539829,0.6384906768798828
860544,843.1054323159244,500,False,0.05888793682280458,False,0.013468858575450462,0.8377541899681091
860672,833.7504336592748,500,False,0.08236122843332433,False,0.013212598107627866,1.1587729454040527
860864,807.3861053899674,500,False,0.04193951092553144,True,0.013135517339494938,0.8746918439865112
860880,791.448075156281,500,False,0.050979330821387225,True,0.013140486335095538,0.6912592649459839
861792,830.6548377360084,500,False,0.0971641735126783,True,0.013136767766910784,0.9238605499267578
861840,875.0078797713317,500,False,0.05155786087200124,True,0.01331049911722098,1.0694656372070312
861984,807.2518144930323,500,False,0.03523725194787648,True,0.013313743743735626,1.170609712600708
862224,755.0897897753152,500,False,0.07511469198865488,False,0.013366480935196063,1.0970979928970337
862560,802.2879218873463,500,False,0.09108406604011485,True,0.01330806247327526,0.9310804605484009
862608,762.3724769535045,500,False,0.04436085683166799,True,0.013370851106976772,0.8488365411758423
862752,853.6055631944378,500,False,0.0608684333795509,False,0.01335358831757126,0.7732240557670593
863120,727.7822902529622,500,False,0.11436677035296192,True,0.01330129094592564,1.0298137664794922
863312,828.139683610623,500,False,0.02727526332610731,True,0.013115418246975758,0.6617881655693054
863552,662.3950303515353,500,False,1.300450231083589,True,0.013128988508245683,0.786957859992981
867216,770.4674241090692,500,False,0.11284958758578933,True,0.013178906238505103,0.9159226417541504
868064,776.3415235513971,500,False,0.0995914994878085,False,0.013217368927472682,0.8256732225418091
868544,799.6997018683239,500,False,0.11833964423735421,True,0.01336814382191196,1.211342215538025
868672,835.6527392665662,500,False,0.06099702597165063,True,0.013353264510657246,0.8865807056427002
868864,799.1792797981575,500,False,0.06762188999642187,True,0.013287537970833091,0.867841362953186
868880,744.6773833527379,500,False,0.1364356251008665,False,0.013236665966718996,0.7550235986709595
869792,793.7685309330512,500,False,0.05532694745460388,False,0.013234864639264102,1.0688796043395996
869840,812.3024401558611,500,False,0.06149464045553666,False,0.013176115491393468,1.837487816810608
869984,810.1499755593661,500,False,0.10368681237881373,True,0.01316481507718577,1.214536428451538
870224,826.1306152302199,500,False,0.057368644589872946,True,0.013121571406448028,1.0026514530181885
870560,851.4868537317225,500,False,0.07307278220984985,False,0.013062278879198762,0.7043406963348389
870608,632.3802110369709,500,False,0.20476589917966564,True,0.01301390476732561,0.9351651072502136
870752,806.0654715373746,500,False,0.07857415989390418,False,0.01299341503535297,0.9145575761795044
871120,762.1638738856827,500,False,0.09040761451415397,True,0.01298089892144535,1.0408583879470825
871312,777.5435002883992,500,False,0.03578634439167288,True,0.01295543604490229,1.6097362041473389
871552,833.1525817407952,500,False,0.07264551971888787,True,0.013059974091053434,1.1278979778289795
875216,794.5378328455137,500,False,0.08145537248479484,True,0.013120062931443497,1.0156378746032715
876064,795.2223631561194,500,False,0.06707756801086427,True,0.01351663463984463,0.7028836607933044
876544,760.7756992337869,500,False,0.1374307949031719,True,0.01348052284004446,0.8841772079467773
876672,800.878482303762,500,False,0.0705339660955929,True,0.01322245202357676,0.7763687968254089
876864,811.4512765743817,500,False,0.050557158284842675,True,0.013196624634096215,0.9082888960838318
876880,760.3144340653789,500,False,0.15892568516943897,True,0.013143166694148488,1.0582882165908813
877792,896.379121935835,500,False,0.04466463376388006,True,0.013144983096292551,0.7504217028617859
877840,750.9444492284063,500,False,0.0972703729545393,True,0.013091112024764906,0.7447130680084229
877984,829.390163308768,500,False,0.06851932114164168,False,0.01305025749664108,0.9849947690963745
878224,764.4696059496501,500,False,0.06713936638668358,True,0.01296971123167853,0.7805662155151367
878560,876.3457841373978,500,False,0.04069687398513917,False,0.01303404496730941,1.140568494796753
878608,830.7812712980932,500,False,0.0727082672110571,False,0.013055092730125855,1.0832868814468384
878752,815.6530537426203,500,False,0.04076504096862694,True,0.01304990079857968,0.793319046497345
879120,790.1208111842117,500,False,0.05522171956923973,False,0.013062335057045552,0.8893448114395142
879312,839.1810133953301,500,False,0.09082835852104762,True,0.01304859274711677,0.8743197321891785
879552,791.0831584412532,500,False,0.060953572882880246,True,0.012984776640032308,0.9492702484130859
883216,807.1335306553591,500,False,0.08431981796356094,False,0.012951423110747906,0.8302112817764282
884064,674.9412622870072,500,False,1.0430239882292203,True,0.0130503216317015,0.8807027339935303
884544,840.4912537950747,500,False,0.12618724139910484,True,0.012745533574299008,0.8383546471595764
884672,862.2751748971397,500,False,0.05402549203506119,True,0.012685564196080964,0.653946042060852
884864,785.0780107724106,500,False,0.09846104350899473,False,0.012662114202380679,0.8171026706695557
884880,843.663902451662,500,False,0.05829215250783906,True,0.01260789836630794,0.9350260496139526
885792,791.0256959625079,500,False,0.06284347342555198,True,0.012613156606602477,1.4089244604110718
885840,719.9316639414812,500,False,0.1592489651830498,True,0.012729103723174822,0.7844813466072083
885984,787.7059553656776,500,False,0.0835188669708621,True,0.012702442855714783,0.7571359276771545
886224,856.0045859686084,500,False,0.08120080529933678,True,0.012690558147887493,1.0530000925064087
886560,851.8445986717624,500,False,0.08404871648852671,True,0.012706576092605585,0.8572350740432739
886608,785.1770705280137,500,False,0.11606920419987586,True,0.01271782676996846,0.6828632354736328
886752,814.8622498959157,500,False,0.084479379791065,True,0.012735231189841647,0.856551468372345
887120,775.2865164920516,500,False,0.08321551257936467,True,0.012704990293969593,0.8562338352203369
887312,796.3535261388979,500,False,0.1272974842485381,True,0.012719976025657874,0.786125898361206
887552,809.9708230474401,500,False,0.043915500770066965,True,0.01277046059932841,0.9038503170013428
891216,762.6760823436467,500,False,0.061105623117801926,True,0.012761101720789763,0.7742297649383545
892064,805.8046575528992,500,False,0.06550395940359405,True,0.013044898027871166,0.8728259801864624
892544,820.039100504819,500,False,0.09364439467120093,True,0.013094908918704226,0.8926102519035339
892672,749.5695815697742,500,False,0.16562184029710553,True,0.013226410366924233,0.7958835959434509
892864,797.1587873079902,500,False,0.05982778490215729,True,0.0132326199854226,1.1016091108322144
892880,878.0234767895473,500,False,0.04218607879049669,False,0.0132121639276707,0.7927965521812439
893792,843.0382578333819,500,False,0.06592597699021394,True,0.01321015417910773,0.9352895617485046
893840,833.9217890449746,500,False,0.028958852842934906,True,0.012914722138848414,0.8549706935882568
893984,771.4883330021111,500,False,0.09459074051274095,True,0.012886592701451703,0.8827670216560364
894224,825.4925597026657,500,False,0.03665501915087792,False,0.01282628556012354,0.928346574306488
894560,842.4739431417969,500,False,0.05374026743666198,True,0.01271904067157192,0.9142153263092041
894608,819.0770647109142,500,False,0.04758225604881146,True,0.012645328274832746,0.8193120956420898
894752,810.2340394582719,500,False,0.06739952545763409,False,0.012640836366249096,1.0228263139724731
895120,807.6387248383369,500,False,0.20533903723321273,True,0.012637296195735555,0.9662686586380005
895312,817.2933323577304,500,False,0.07676256302765695,True,0.012538072336472155,0.7706418633460999
895552,784.0256622006759,500,False,0.07190078816481306,True,0.012473075740711197,0.810228705406189
899216,818.7209804954712,500,False,0.08509877107426077,True,0.01246024019712985,0.8614318370819092
900064,879.1784046643126,500,False,0.11976102757676439,True,0.013057890416643432,0.8666210174560547
900544,833.4632425184105,500,False,0.07649728129873223,True,0.013072963848769494,0.7731562852859497
900672,786.5499422974684,500,False,0.07377969159353094,True,0.01301663764198778,0.9412203431129456
900864,804.5267223310906,500,False,0.04157725732275445,True,0.012991777033552306,0.8853543996810913
900880,770.7870012153587,500,False,0.1041231899513479,False,0.013040443041540952,0.7955873608589172
901792,859.7713885573761,500,False,0.12378994150607511,True,0.013046450290630675,0.8422242403030396
901840,738.6753833620727,500,False,0.10128423502720733,True,0.012773652912876196,0.813804030418396
901984,810.0658275340869,500,False,0.031460387204560805,True,0.012760981660152158,0.7514729499816895
902224,751.3286342211925,500,False,0.16139241148671543,True,0.012801961869285106,1.1847362518310547
902560,841.1297075102871,500,False,0.11356631757440026,True,0.012868126137708397,0.911117434501648
902608,844.451775293226,500,False,0.1135819429675038,True,0.012867120346367772,0.7905864119529724
902752,776.8409737767474,500,False,0.10001591820326715,False,0.012875489266915771,0.9449804425239563
903120,793.8251600863885,500,False,0.10506226616936562,True,0.01294118211850736,0.8292844295501709
903312,818.3794325914612,500,False,0.0721168722361741,True,0.01305743040973363,0.775808572769165
903552,854.0054542357577,500,False,0.07390010888165954,True,0.01304572611197147,0.8212303519248962
907216,885.0131079349951,500,False,0.020124342111669517,True,0.013203783417254877,0.5980605483055115
908064,800.6980701182368,500,False,0.022100029112818248,False,0.013075036719987552,0.7692724466323853
908544,817.1942375002781,500,False,0.11112964492901055,True,0.012965666581374297,0.7978578209877014
908672,831.9380091894863,500,False,0.0722821381480912,True,0.012951115132977148,1.1884037256240845
908864,816.3230207039416,500,False,0.029824274038458644,True,0.01292780220098356,0.8176379203796387
908880,857.5597990321688,500,False,0.04566540450400172,True,0.01292595926761573,1.1039414405822754
909792,805.1311615456516,500,False,0.1708194711360294,True,0.012919831859303118,0.7399569749832153
909840,847.1490477008275,500,False,0.02349706821094248,True,0.01260701772944874,0.8245587348937988
909984,769.8099149105343,500,False,0.0841222294098232,True,0.012598683971401627,0.8358810544013977
910224,816.0838340727735,500,False,0.05983345562450337,True,0.01259243304653807,0.8292278051376343
910560,839.3255314332355,500,False,0.050553901429112064,True,0.01261392977625816,0.7367245554924011
910608,877.8760384049183,500,False,0.023994254564139544,True,0.012710197019397894,0.9750944972038269
910752,808.6761317279664,500,False,0.08701179107666769,True,0.012720061173116892,0.88570237159729
911120,813.0052881804128,500,False,0.056317370924446115,True,0.012760350826285214,0.9919126629829407
911312,793.5831708693781,500,False,0.12246054742937859,True,0.012712601559492099,1.1383382081985474
911552,802.2431601156565,500,False,0.03752935918312176,False,0.01266287794170294,0.5924040079116821
915216,829.5303473771855,500,False,0.1910393203178177,True,0.012605406161910178,0.9000868797302246
916064,832.8919043672956,500,False,0.07391240096807968,True,0.012419882068373533,0.7603098750114441
916544,805.0178285211512,500,False,0.11071792172673772,True,0.01246461761793077,1.2458840608596802
916672,833.5608416286212,500,False,0.05198753803515329,True,0.012442216340665587,0.9500291347503662
916864,788.886704718662,500,False,0.15457138778859367,True,0.01243898381735562,0.7594866752624512
916880,826.9903992691451,500,False,0.1304740518479202,True,0.012618776948317404,0.9533293843269348
917792,837.9582283134328,500,False,0.1055799830849213,True,0.012623871703919935,0.6625496745109558
917840,788.046144662115,500,False,0.028486575749704375,True,0.012888313483534789,1.141355037689209
917984,820.4003818968138,500,False,0.05491996319307986,True,0.012930620196148837,0.84274822473526
918224,771.9145458887427,500,False,0.029774036769904803,True,0.013041985795249362,1.1991620063781738
918560,886.207669444991,500,False,0.04469627041616924,True,0.01304932014092801,1.0550577640533447
918608,822.0280094925322,500,False,0.06844210571628835,True,0.013320739353993373,0.879122257232666
918752,780.7129764100732,500,False,0.08252995553067173,True,0.013294573888380984,0.7693538069725037
919120,745.3102240817506,500,False,0.1015171858025092,True,0.013335463156716087,0.6990584135055542
919312,694.0830101823827,500,False,0.18328336331053638,True,0.013330185218224605,0.8024886846542358
919552,834.5880981348218,500,False,0.04490076895483586,False,0.01321337056041562,0.7732945680618286
923216,873.3591099901455,500,False,0.061663743967548035,True,0.013071784247147573,0.9317961931228638
924064,819.4512199421059,500,False,0.06114674622820117,True,0.013157844291476775,0.9077171683311462
924544,876.1008218467639,500,False,0.07632152888069352,False,0.012999828793778515,1.5270729064941406
924672,794.41427233749,500,False,0.06698364902994232,True,0.013179767979249664,0.8758907318115234
924864,752.1285541920229,500,False,0.08509954939687042,True,0.013211626256628214,0.7244045734405518
924880,818.9384412179961,500,False,0.08250984050887052,True,0.013276985729968358,1.1985750198364258
925792,872.1274927942849,500,False,0.06954226496411199,True,0.013281276631184027,0.8862206935882568
925840,825.2889687998028,500,False,0.08870460227965987,True,0.013221001704735178,0.901932954788208
925984,829.3568813389046,500,False,0.08904050692755408,True,0.013206105718905637,0.7149127721786499
926224,816.3518334804344,500,False,0.06178451032626169,True,0.013133525645474358,0.768318772315979
926560,803.665591687861,500,False,0.05325692566222077,True,0.01313291690701219,0.9994211196899414
926608,785.9766647799432,500,False,0.09972875199336012,False,0.013130712667576117,1.101770043373108
926752,820.7445640966065,500,False,0.18080897433004384,True,0.013166284347143382,0.8071799278259277
927120,839.0862808489388,500,False,0.03781430395158916,True,0.013130422031380668,0.8544605374336243
927312,740.8503430427078,500,False,0.10890228467888423,True,0.012912030107204101,0.7876049876213074
927552,778.7099449800194,500,False,0.08035519627160279,True,0.012815794231220614,0.7091503143310547
931216,853.6784311510153,500,False,0.07722780952744276,True,0.012786959298234727,0.7944358587265015
932064,788.617642934762,500,False,0.04609827205105183,True,0.01242747117683346,0.9722811579704285
932544,803.9395008476415,500,False,0.09227843267314369,False,0.012030343692573914,0.8014962077140808
932672,816.6661830566562,500,False,0.09327254423283907,True,0.011911510521919381,0.7161203622817993
932864,871.7295619052302,500,False,0.08066541365853683,False,0.011973082787859916,0.6813666224479675
932880,818.7092439102187,500,False,0.1435795688725086,True,0.011866999332242343,0.695405125617981
933792,823.6640082483868,500,False,0.12044167662374568,True,0.01186245528083514,0.806403636932373
933840,814.4208929300095,500,False,0.11017739518986402,True,0.011836497215881113,0.8690232038497925
933984,779.5487999154202,500,False,0.07914823788256299,True,0.01185978469319291,0.6785899996757507
934224,748.7853677446242,500,False,0.20395223114287303,True,0.011905484119699258,0.9041310548782349
934560,765.7574214002808,500,False,0.06453427621715879,True,0.01198306874042022,0.8129210472106934
934608,860.0974195755086,500,False,0.11160173230693816,True,0.011859413112737019,0.6733155250549316
934752,813.1224938593366,500,False,0.027821662190698843,True,0.011828503477258855,1.2090401649475098
935120,767.5346745243363,500,False,0.06473390649318213,True,0.011854151710983656,0.7666583061218262
935312,813.597621186812,500,False,0.11192697690761352,True,0.011776166959061545,0.6898662447929382
935552,833.7308986841629,500,False,0.21880475584833295,True,0.011768655744442209,0.8025243878364563
939216,772.4893639258314,500,False,0.033973256774095906,False,0.0118088076438476,1.3879828453063965
940064,680.8629958356222,500,False,0.4947376007848155,True,0.011960465325400727,1.0232901573181152
940544,810.7700160397961,500,False,0.05608069145066833,False,0.012242337506918067,0.8559433221817017
940672,733.8482618873392,500,False,0.1250864560737898,True,0.01215626130273403,0.7689671516418457
940864,797.7613285139789,500,False,0.08385178959365283,True,0.012193113163552708,0.6722330451011658
940880,838.8146538790705,500,False,0.004700481872133803,True,0.012087802053747083,0.9564640522003174
941792,829.0603407974023,500,False,0.06720129951824125,True,0.012080585193229626,0.9402235746383667
941840,807.6017951692661,500,False,0.10710685025304818,True,0.012255611612919071,1.0177960395812988
941984,767.0178361101135,500,False,0.07164648815964778,True,0.012255970267578492,0.8882520198822021
942224,729.8488218122645,500,False,0.2032254752827247,True,0.012238502196740005,0.9886820316314697
942560,748.4575503583038,500,False,0.11509872235022972,False,0.012216844529293629,0.7679235935211182
942608,768.7656206602043,500,False,0.11335527207690087,False,0.01221719199510245,0.7070566415786743
942752,821.0354867824897,500,False,0.05321132765564438,False,0.012189227615980914,1.015243649482727
943120,759.1390469693653,500,False,0.05725524227486207,True,0.012169880504560878,0.982597827911377
943312,753.1000673161161,500,False,0.10348509543524163,True,0.01211258371659905,0.9124168157577515
943552,814.7327422912879,500,False,0.02594933166531511,True,0.012036962705120842,0.9982194900512695
947216,785.5279655030074,500,False,0.08696404581211366,True,0.011993766692598874,0.9149785041809082
948064,829.2445547431408,500,False,0.10113140925890393,False,0.011951462638867209,0.8437957167625427
948544,809.596872871034,500,False,0.04716596535911886,True,0.012040028459273464,0.8741946220397949
948672,857.1778245042093,500,False,0.043405741062773624,True,0.01178123961921728,0.8710405230522156
948864,828.4344001596756,500,False,0.03229196640192782,True,0.011695342491355634,0.9850225448608398
948880,763.3942192573585,500,False,0.10153369159307025,True,0.011564541055079494,0.915458619594574
949792,742.9135411740416,500,False,0.16690092905752477,True,0.011554575779504793,0.9536216259002686
949840,738.6126358341278,500,False,0.08385545464440468,False,0.011489368892403548,0.6542448401451111
949984,819.8035616224214,500,False,0.03918582967384924,True,0.011482139292770588,0.6333630084991455
950224,815.6599412626615,500,False,0.07182128497063686,True,0.011460673325378557,0.6539386510848999
950560,811.1793303279101,500,False,0.09312337764894806,False,0.011481459318734972,0.9245190620422363
950608,810.8543171084701,500,False,0.06624827957890121,True,0.011477048356712097,1.0136431455612183
950752,593.6570652273681,500,False,0.12087933738713577,True,0.011469053005006535,0.9070308208465576
951120,753.4215695808675,500,False,0.03477226031118153,True,0.011458198205786467,0.7496303915977478
951312,747.7725640055179,500,False,0.129868383767715,True,0.011472116457841708,0.7472028136253357
951552,730.0620912192417,500,False,0.054968701893728135,True,0.011446701467850758,0.7301320433616638
955216,802.1649511240896,500,False,0.08590088693789792,True,0.011520660335162065,1.5680763721466064
956064,783.3752013711072,500,False,0.024377065619763803,True,0.011127693614650838,0.9219043850898743
956544,790.6282573232576,500,False,0.054441517944576315,True,0.011414659405873523,0.9075578451156616
956672,766.3572786596524,500,False,0.141304317022434,True,0.011576769991372138,0.8656842708587646
956864,827.4852214880367,500,False,0.08918737979342285,True,0.011659605222823307,0.9718368053436279
956880,801.1540891073167,500,False,0.08500920090085835,True,0.01164012954179315,0.8733220100402832
957792,846.0110232908913,500,False,0.03784004565225211,False,0.01164122085935585,0.7526742815971375
957840,787.5074484208391,500,False,0.10392392087478954,True,0.011705445633946996,0.7382290959358215
957984,760.2272537573292,500,False,0.08420153381927922,True,0.01169446692720465,0.7162704467773438
958224,786.4480157564898,500,False,0.06193426449285425,True,0.011687069657546066,0.7108373641967773
958560,803.2975822436258,500,False,0.08849077964028962,True,0.011623136638015154,0.7823275327682495
958608,821.2011435371604,500,False,0.03960558198284742,True,0.011596318053180106,0.7801692485809326
958752,788.1213965119579,500,False,0.14056325454169288,True,0.011595095248232677,0.8313038349151611
959120,840.8463412723015,500,False,0.1281137540837308,True,0.011577447533210557,0.7529658079147339
959312,854.9166171544213,500,False,0.11530780832622053,True,0.011564937745285176,0.8004828691482544
959552,821.5396432952962,500,False,0.12556471628331503,True,0.01151354657541091,0.601147472858429
963216,859.0511692591864,500,False,0.0746305467808219,True,0.01154815808120131,0.8953583240509033
964064,767.8605790708574,500,False,0.06690910070937117,False,0.01131017547077815,0.9242405891418457
964544,748.3226802049188,500,False,0.09288520107408868,True,0.011416493688550572,0.8463064432144165
964672,806.8475062974603,500,False,0.035827937990778186,True,0.01135097045946648,0.847925066947937
964864,815.3493756168019,500,False,0.1310615492770506,False,0.01133779028723163,0.8255078792572021
964880,870.8476305307591,500,False,0.09579980431360849,False,0.011276236016379003,0.9616712927818298
965792,787.0588225291718,500,False,0.06270928155156251,True,0.011275657087137831,0.7604625821113586
965840,829.3415398809271,500,False,0.03311074201988536,True,0.011332585820436152,0.8696309328079224
965984,819.2148347272242,500,False,0.03646636545932552,True,0.011329581934985103,4.390651702880859
966224,832.4368620618284,500,False,0.09416346446351188,True,0.011364301122570615,0.9779787659645081
966560,841.1102229999711,500,False,0.014688238136095239,True,0.011352558910001455,0.7482051849365234
966608,846.5399829288708,500,False,0.1135856172790177,True,0.011303027940649147,0.622275710105896
966752,717.3556269598705,500,False,0.10254708561259823,True,0.011309585617722946,0.961921751499176
967120,829.5416885807828,500,False,0.038910309814623734,False,0.01129037929502407,0.6248891353607178
967312,819.5255528670175,500,False,0.16330109282939592,True,0.011226636948368392,0.7758593559265137
967552,806.8899627130639,500,False,0.1828427849360966,True,0.011236611041082437,0.8624286651611328
971216,825.1047093795356,500,False,0.0528428129719746,True,0.011283392201331906,0.7670182585716248
972064,772.1527134308889,500,False,0.08932433724643626,True,0.011566045265038037,0.6998181343078613
972544,836.9449784446495,500,False,0.13129911530199267,True,0.011600787690710025,0.8240423798561096
972672,761.5620922199768,500,False,0.04322280693530692,True,0.011488163529093855,0.7622570991516113
972864,885.7999685606069,500,False,0.05656345694464368,True,0.011472064643573834,0.8010171055793762
972880,745.9395976645053,500,False,0.07052587409017551,True,0.011492903863453247,0.814461350440979
973792,793.4785829321612,500,False,0.0575697195607721,True,0.011499921862483544,0.6227091550827026
973840,827.9594959448582,500,False,0.008391878679622402,True,0.01155591705794255,0.7438583970069885
973984,812.6528923565218,500,False,0.08248459632082826,True,0.011536204527571446,0.6697189807891846
974224,833.9580872550807,500,False,0.07762091820118092,True,0.011509742870197856,0.8023579716682434
974560,764.8945352667298,500,False,0.028627784074433938,True,0.011410495528094004,0.7989256381988525
974608,747.8963656228003,500,False,0.08951086313564732,True,0.011352747832443756,0.7715623378753662
974752,818.9720364221448,500,False,0.12167593257910243,True,0.011342542186239875,0.8985310792922974
975120,634.580467435036,500,False,0.24719159645131286,True,0.011379069756357243,0.8295015096664429
975312,867.0019591013871,500,False,0.0514112360517005,True,0.01148913928693736,0.8470083475112915
975552,777.7560197965914,500,False,0.1066553337014432,True,0.011448716934013135,0.7870031595230103
979216,837.5603465788975,500,False,0.036182459668990995,False,0.011452914624982545,0.7115691900253296
980064,824.2599429259252,500,False,0.06836963548606155,True,0.011120681062644655,0.7816600203514099
980544,749.6425961227394,500,False,0.15996510427639654,True,0.010910084017140371,0.6923246383666992
980672,864.3686345893558,500,False,0.13477877713592815,False,0.01091979686164358,0.8093885183334351
980864,854.2691378058329,500,False,0.07797743793575017,True,0.010871544476328376,0.7068279385566711
980880,711.2406959457107,500,False,0.24334319473690602,True,0.010843008541676647,0.8971353769302368
981792,845.5520239455918,500,False,0.13579441859600655,True,0.010837943253334406,0.8741801381111145
981840,836.8214514504467,500,False,0.12471243393816703,False,0.010774279877599637,0.6514710783958435
981984,790.6308736506211,500,False,0.11823087580767581,False,0.010762813450804027,0.7923345565795898
982224,797.5316876329509,500,False,0.05826199296258611,True,0.010708575971587819,0.7608880400657654
982560,762.6538373045502,500,False,0.1376533727246505,True,0.010666157308534152,0.8284626007080078
982608,788.4776813048245,500,False,0.09470558825124875,True,0.010716712140249598,0.590957760810852
982752,893.5325963726032,500,False,0.028470229976951228,True,0.010728142897292502,0.6738283634185791
983120,793.4368456395123,500,False,0.03545777257468307,True,0.010688454810195607,0.7386773228645325
983312,795.0594087699543,500,False,0.05073320852341034,True,0.01063352495337855,0.9681909680366516
983552,778.6010193550517,500,False,0.09882659037891754,True,0.010621368256789674,0.7805812358856201
987216,822.3165188658201,500,False,0.03163601456604918,False,0.010668883050254688,0.8618590831756592
988064,796.3844677780899,500,False,0.056636746162206125,True,0.011181638246140744,1.0480947494506836
988544,766.3913220761921,500,False,0.029777461843387348,True,0.011194834855533594,0.8847463726997375
988672,732.4635489084574,500,False,0.06697381651528547,True,0.011291114298999698,0.8004434108734131
988864,811.6407989481046,500,False,0.08573750518877638,True,0.01132067424466557,0.8204672932624817
988880,782.6147314583814,500,False,0.07933365177728866,False,0.011374645509364886,0.8897865414619446
989792,898.6924599687662,500,False,0.02576212186312841,False,0.01137331559693177,0.965273380279541
989840,754.6977592770003,500,False,0.05875993145949129,True,0.011262658424591824,0.9336587190628052
989984,825.8109799229479,500,False,0.05782337718811431,True,0.011250822075849048,0.7120150923728943
990224,847.161770159232,500,False,0.06185192847328732,False,0.01122505500128939,1.7738770246505737
990560,769.6916397926602,500,False,0.13964553993405884,True,0.011192679588077117,0.8339533805847168
990608,773.5382737509941,500,False,0.10050399548642082,True,0.011110918443562736,0.8395365476608276
990752,849.8574485429936,500,False,0.07921544227266618,True,0.011094593735215678,1.170569896697998
991120,830.7666021749036,500,False,0.05485348660497389,True,0.011075035480158379,0.6727560758590698
991312,763.3260610865615,500,False,0.133366060459212,True,0.011029769122658446,0.959824800491333
991552,867.5734021969624,500,False,0.027414641732203867,False,0.011078345080873363,0.8799663782119751
995216,805.4575615616471,500,False,0.07674929042452296,False,0.0110890864456417,0.727520227432251
996064,906.7418327106398,500,False,0.07474677949321505,True,0.011127068566030324,0.9886748790740967
996544,778.5850644901094,500,False,0.14240085769368718,True,0.011645313015458307,0.7946703433990479
996672,795.8601292435812,500,False,0.07961126947588726,True,0.011669652039352172,16.02138328552246
996864,787.7374267023596,500,False,0.16343864214948967,True,0.011625251945284269,0.9823282361030579
996880,830.9727212436865,500,False,0.05597785832204004,True,0.011582047892971228,0.7787057757377625
997792,760.9346959501044,500,False,0.05277034735283591,True,0.011577199017274909,0.7874517440795898
997840,794.1142688299349,500,False,0.031930733665262466,True,0.011549841699818401,0.8722301721572876
997984,747.1024928906113,500,False,0.1732817658105884,True,0.011536211432014451,0.721407413482666
998224,839.2345847261834,500,False,0.0675253695021011,True,0.01150739136789285,0.6507344245910645
998560,794.7695150188747,500,False,0.04126329310353298,True,0.011536533929381271,0.7602943181991577
998608,783.1409395685943,500,False,0.06856280375581308,True,0.011611477847698153,1.0266250371932983
998752,857.45830116148,500,False,0.09934990860702815,True,0.011634067497396915,0.8023486137390137
999120,843.6121815409641,500,False,0.09967042988454637,True,0.011637157406242018,0.712983250617981
999312,801.7133109211676,500,False,0.16426452227963687,True,0.011646177511784189,0.8180879354476929
999552,787.7428464649616,500,False,0.06667210731559103,True,0.01163454317233675,0.9200252294540405
1003216,768.5006430220783,500,False,0.10474023032426726,True,0.01152195669784525,0.9502442479133606
1004064,860.4973993124213,500,False,0.0840518115270746,True,0.011555861537097803,1.0259642601013184
1004544,807.7981448642591,500,False,0.083250807779683,True,0.011173379820389802,0.6555877923965454
1004672,781.8649127804701,500,False,0.07926211329211788,True,0.011084020294005494,0.7579842209815979
1004864,852.6082783658467,500,False,0.059354482873950724,True,0.011073949062226961,0.7636635303497314
1004880,784.1206305749536,500,False,0.092171798357054,True,0.011114102743334974,0.6785493493080139
1005792,752.3344584955422,500,False,0.049834083299513374,True,0.011114763713782323,0.7557956576347351
1005840,784.2835263067782,500,False,0.03830778808688873,True,0.011320133068533994,1.0284366607666016
1005984,785.6848366362224,500,False,0.058958747105078896,True,0.011307068796334365,1.3264633417129517
1006224,781.0406460297422,500,False,0.07641047660549181,True,0.011272967167925948,0.6730115413665771
1006560,810.448305209105,500,False,0.06277859871064369,False,0.01129140514554837,0.7564145922660828
1006608,749.4984499900585,500,False,0.04346519081085557,True,0.011334297942482785,0.8650428652763367
1006752,822.6802544160071,500,False,0.039942265910805505,True,0.011327071581440104,0.744117259979248
1007120,823.4970606851614,500,False,0.10786131232669609,True,0.011251006678397792,0.6668999791145325
1007312,781.9223060483617,500,False,0.07168990760120357,True,0.0111215755302617,0.9776979684829712
1007552,707.2540161866593,500,False,0.07059535079534326,True,0.011167780542045588,0.5995409488677979
1011216,811.0350968102988,500,False,0.04367662825947418,True,0.01125494826118201,0.810610294342041
1012064,745.7079206839256,500,False,0.1190258817772438,True,0.010938354430427724,0.9707822799682617
1012544,805.860372837856,500,False,0.04946520488448414,True,0.010878492755568389,0.7680158615112305
1012672,741.2221036869076,500,False,0.13340135879870124,True,0.010850834289731786,0.7317982912063599
1012864,793.0163502712353,500,False,0.10590494791677361,True,0.010849581481158612,0.5419681072235107
1012880,790.6631380307265,500,False,0.054984436197044725,True,0.010855530696376216,0.6253666877746582
1013792,778.9005546379303,500,False,0.13349975639188152,True,0.010857290836974095,0.9133734703063965
1013840,802.8740132034445,500,False,0.07892537403392175,True,0.01069449770890153,0.7100597620010376
1013984,773.3484177581543,500,False,0.08041819311957098,True,0.010691577715425582,0.9801594614982605
1014224,775.7806310982135,500,False,0.0864601009353924,True,0.010659551406191571,0.6947404742240906
1014560,810.3189299968728,500,False,0.10885189111744838,True,0.01074354949845671,0.8162798881530762
1014608,809.393218253743,500,False,0.055068560251222066,True,0.010821622569290078,0.7696828842163086
1014752,798.1124209701908,500,False,0.09357273567349407,True,0.010812772476771258,0.7479341626167297
1015120,744.9774590895552,500,False,0.0880793367811682,True,0.010813885135079717,0.8310753107070923
1015312,879.1367435398173,500,False,0.023570810764023523,True,0.010794453515040216,0.9556659460067749
1015552,778.7276274693384,500,False,0.09145051053378661,True,0.010707512237848564,0.7172662019729614
1019216,755.5973513014728,500,False,0.10494915699449521,True,0.010683359646118322,0.784193754196167
1020064,892.9952642383469,500,False,0.10282908282034381,True,0.010078288206195102,0.9343743324279785
1020544,803.8806717180673,500,False,0.11378537839732313,True,0.00991684170626697,0.697629988193512
1020672,758.7002396282619,500,False,0.04185905408897818,True,0.009846420535650706,0.6402658820152283
1020864,782.2370742450572,500,False,0.04577924909982906,True,0.009867540293701186,0.9657495021820068
1020880,785.9449576856526,500,False,0.11671556786230904,False,0.009951465011271171,0.8752779960632324
1021792,749.0031901359183,500,False,0.10946665141282443,True,0.009956352366412761,0.7215278744697571
1021840,819.7529261202138,500,False,0.15637785023779002,True,0.010037464133286557,0.6615170240402222
1021984,783.0639249712235,500,False,0.10034583734869727,True,0.010043259294274912,0.5969665050506592
1022224,792.5874916554562,500,False,0.0608423096114278,False,0.010065919795812695,0.7653912305831909
1022560,784.2835378980296,500,False,0.1266004228725527,True,0.010066628221438273,0.6751344203948975
1022608,662.3328826985651,500,False,0.1925578164888097,True,0.009982645453182427,0.6774775385856628
1022752,840.8000117989652,500,False,0.04917397208352804,False,0.009973900468050096,0.8168488144874573
1023120,833.9515593344855,500,False,0.06988487086986724,False,0.00996957504566212,0.8488340973854065
1023312,829.9267009656385,500,False,0.07344546787689775,True,0.009968350635707942,0.6795179843902588
1023552,808.8863178275237,500,False,0.04503271714575665,True,0.009959730053654187,0.5226527452468872
1027216,793.327229039579,500,False,0.05530886074394689,True,0.010083588566717589,0.9047901034355164
1028064,884.2975939881328,500,False,0.01155439658174598,False,0.010258784532572876,0.646201491355896
1028544,788.8086139004831,500,False,0.04406719563066724,False,0.010251621342394756,0.629598081111908
1028672,820.4727413975347,500,False,0.1425304328224562,True,0.010237349075336327,0.8754190802574158
1028864,893.9171597462431,500,False,0.08408628881131104,False,0.010190776309229394,0.6851853132247925
1028880,794.3849710103491,500,False,0.37952716145067666,True,0.010175358262895525,0.816538393497467
1029792,833.8851577054235,500,False,0.04590409628736798,False,0.010177416103149144,0.7897560596466064
1029840,789.8316369902346,500,False,0.07239443013731425,True,0.009892328536011743,0.5398659706115723
1029984,773.6891474948096,500,False,0.06409199737574904,True,0.009925571258003528,0.6018890142440796
1030224,848.2846648253832,500,False,0.07462393932091546,False,0.009982200961039656,0.6632624864578247
1030560,901.6539198460391,500,False,0.044778199772437174,False,0.00983188222228216,0.6543592214584351
1030608,861.7121645814973,500,False,0.05407231232568238,True,0.009778928338875836,0.6729118824005127
1030752,721.4445669431219,500,False,0.26294446904243973,True,0.00978589789262313,0.6831002235412598
1031120,836.4796629414119,500,False,0.11648809756601868,True,0.009753098104129174,0.670835554599762
1031312,789.5300639289017,500,False,0.05685975899389549,False,0.009702139778460805,0.6010450124740601
1031552,794.0733679996854,500,False,0.11063466623578691,False,0.009790376315467794,0.7579072117805481
1035216,778.7381491111777,500,False,0.22486248191737634,True,0.009799339645043887,0.6390247941017151
1036064,799.5838172012451,500,False,0.031052748382735883,True,0.00976284499157123,0.6847190856933594
1036544,903.4236141561768,500,False,0.04510313658471645,False,0.009835900269186208,0.9105445146560669
1036672,758.0585496303293,500,False,0.11832571765339822,True,0.00981155097647616,0.7261509299278259
1036864,793.6185414326958,500,False,0.05381972999529261,True,0.00980194846133965,0.7660311460494995
1036880,855.3734488127883,500,False,0.05388941545545854,False,0.009826661381017971,0.7298346757888794
1037792,855.5717056209617,500,False,0.07905193321128809,True,0.009830492456434414,0.8327934741973877
1037840,842.2545367360527,500,False,0.060799696262602204,False,0.009962477433936606,0.701805591583252
1037984,808.1303016594687,500,False,0.05895416214847473,True,0.009967318582038347,0.6682541966438293
1038224,837.1208336899861,500,False,0.10715806081027,True,0.00991043877834032,0.6360167264938354
1038560,825.8808294683499,500,False,0.09885672700283206,False,0.009925038994471287,0.8643462657928467
1038608,876.7369150648967,500,False,0.07579166675983148,True,0.009965830325235077,0.5695412158966064
1038752,829.0207203590143,500,False,0.12281509292350934,True,0.009954130593808598,0.6210740208625793
1039120,803.667334103812,500,False,0.06214761187853361,False,0.009995187737543352,0.6086625456809998
1039312,793.9527417934286,500,False,0.15081718330697777,True,0.009849000508157867,0.6313337087631226
1039552,847.4729597891859,500,False,0.044782291481820787,True,0.00981299195844502,0.6255900263786316
1043216,845.8857472793521,500,False,0.04209460306076491,False,0.00983851182581529,0.6028434038162231
1044064,804.0725627810227,500,False,0.0636654401818696,True,0.009819914150364987,0.9721894264221191
1044544,871.7809943866329,500,False,0.039732195623795256,True,0.009896965179568451,0.6767181754112244
1044672,889.6354374579267,500,False,0.03224251818303023,True,0.009963035249389384,0.5956159234046936
1044864,827.735608322912,500,False,0.03630388693383399,True,0.009897905913547528,0.6781646609306335
1044880,729.2908375992889,500,False,0.05891741452931374,True,0.009917270778040199,0.6999654173851013
1045792,869.107416216586,500,False,0.047679223635113545,True,0.009930696163503819,0.7635050415992737
1045840,781.2401237579032,500,False,0.09833998406779278,False,0.009866941607695896,0.7030210494995117
1045984,788.8255930257754,500,False,0.07453976934549883,True,0.009879496831423827,0.6725578308105469
1046224,813.9791128223878,500,False,0.08056146437308724,False,0.00982088463348937,0.6928974390029907
1046560,861.9563076691093,500,False,0.057538396487058274,True,0.009792463177418382,0.8741855621337891
1046608,853.678222677846,500,False,0.0760314746658542,True,0.00982283683795676,0.703155517578125
1046752,849.6358193754362,500,False,0.048487674652110395,False,0.009813044048530032,0.7175011038780212
1047120,800.2534137547885,500,False,0.10022531210006325,True,0.00974505911453643,0.8960752487182617
1047312,810.7946516079566,500,False,0.048187219978774634,True,0.009738910031233105,0.5623518228530884
1047552,833.427931164937,500,False,0.04504665469250762,False,0.009726334762718829,0.5727564096450806
1051216,875.0184743043991,500,False,0.05287423544404278,False,0.00970459367246144,0.5729852914810181
1052064,868.4051762567868,500,False,0.02817740267137551,True,0.009627926250545206,0.6330869197845459
1052544,825.7621068239981,500,False,0.05313023747024793,False,0.009634996270360158,0.5576207637786865
1052672,773.1185981983514,500,False,0.1988735187511613,True,0.009691602894904656,0.6581110954284668
1052864,832.0117926743419,500,False,0.04299886460585189,True,0.009673903800643006,0.6186041831970215
1052880,830.1275258750618,500,False,0.052997505964026366,True,0.0096224300791107,0.668586015701294
1053792,750.7056572792029,500,False,0.1020433415645856,True,0.009623183997886994,0.8457398414611816
1053840,844.8135749284212,500,False,0.27167849586793824,True,0.0097383122227107,0.6950432658195496
1053984,829.0545958943715,500,False,0.03350257288908012,True,0.00973218595879584,1.001463532447815
1054224,840.5328271454413,500,False,0.03964717574559249,False,0.00961862697762567,0.8380354642868042
1054560,829.6648575613283,500,False,0.03740125002178772,True,0.009599322800469058,0.6862084269523621
1054608,855.1097796759832,500,False,0.07239176775550854,False,0.009572609790898532,0.8221852779388428
1054752,831.5888014894845,500,False,0.13343624364529588,True,0.009566129170653324,0.7390196323394775
1055120,798.6194572869985,500,False,0.14514772652318647,True,0.00957271259913389,0.7560328245162964
1055312,861.3067023617772,500,False,0.06160870760334866,False,0.00965697776376971,0.6841062307357788
1055552,863.6982170934378,500,False,0.07539494973424402,True,0.009742577168173179,0.5813618898391724
1059216,781.3282668085028,500,False,0.08770513944468922,True,0.009661095918055973,0.6608419418334961
1060064,867.4193779847575,500,False,0.0995389959860126,True,0.009608433775408633,0.589897871017456
1060544,806.3446435842558,500,False,0.14503416558494683,True,0.009657800867686975,0.5455117225646973
1060672,777.6272544547561,500,False,0.04085972337913673,False,0.009605801611420748,0.6878907680511475
1060864,812.7793812772087,500,False,0.054584260631271427,True,0.009576253052009615,0.7452123165130615
1060880,834.9259805065943,500,False,0.07289508156724613,True,0.009524141111165521,0.5475742220878601
1061792,754.9051434030723,500,False,0.10399488034190423,True,0.009518046681410201,0.887753963470459
1061840,813.8038710741241,500,False,0.06392218754773081,True,0.00972506793698004,0.6137962937355042
1061984,813.5292408668553,500,False,0.0486469369096837,True,0.009745202982796491,0.6063028573989868
1062224,862.6948222454721,500,False,0.03911737791698826,False,0.00976302332614522,0.7478891611099243
1062560,841.9979856599948,500,False,0.04153060256732712,True,0.00968561317774845,0.5765869617462158
1062608,806.5831929460688,500,False,0.0898590508969357,True,0.009662317309474606,0.7374743223190308
1062752,766.9287182363914,500,False,0.06545410800237486,True,0.009696668118044375,0.5707964897155762
1063120,810.7384133284022,500,False,0.0782214315753921,True,0.009722631170279477,1.107078194618225
1063312,774.0058648772605,500,False,0.09360872662578959,False,0.009847508097193184,0.5913389921188354
1063552,825.3409326614011,500,False,0.07059167703885527,True,0.009887950139843149,0.5570125579833984
1067216,855.6228587950171,500,False,0.032971345194955835,False,0.009980665992919939,1.1373755931854248
1068064,784.501688971304,500,False,0.04141993302685783,True,0.01002121247639896,0.7179946899414062
1068544,838.1764602393937,500,False,0.04940753931834347,True,0.009885513049950887,0.5547272562980652
1068672,881.1508885969797,500,False,0.07981336442735383,True,0.009932007652860966,0.8239453434944153
1068864,825.1204023417637,500,False,0.06512369718014514,True,0.009853838446036944,0.6768954992294312
1068880,754.8235548765136,500,False,0.14066808657023536,True,0.009692328625100116,0.5993638634681702
1069792,839.8052963140865,500,False,0.10424024933960056,True,0.009680296598547907,0.5984452366828918
1069840,855.8045737240086,500,False,0.043771450639700955,True,0.009361951666074725,1.1516358852386475
1069984,802.3537764695765,500,False,0.07976322863611036,True,0.009342214571641208,0.8399192094802856
1070224,722.7704206040072,500,False,0.10993217350763415,False,0.009314220770402113,0.6268688440322876
1070560,811.7568085203509,500,False,0.07290670390424513,False,0.009319424682283773,0.6206092834472656
1070608,854.616825741325,500,False,0.08919117184382665,True,0.009394769195240151,0.8961583971977234
1070752,837.4574163315766,500,False,0.09061808404177986,True,0.009405471154356509,0.6741892099380493
1071120,813.7373158789309,500,False,0.07892539316027468,True,0.009455593730277233,0.7605792284011841
1071312,864.6875435066078,500,False,0.05819819160296875,True,0.009544191666203383,0.6711229085922241
1071552,821.2239227275834,500,False,0.04361019451690844,True,0.009580327803006784,0.6352457404136658
1075216,823.0637996941315,500,False,0.035114962127710474,False,0.009622611497666326,0.6878118515014648
1076064,823.3194473826004,500,False,0.018488488547793384,False,0.009801834923917795,0.5581670999526978
1076544,813.59003298175,500,False,0.04476914984766916,True,0.010006215330414096,0.6847195625305176
1076672,883.6769529717221,500,False,0.06137560395014626,True,0.010103792435803347,0.7743664979934692
1076864,837.7889023192555,500,False,0.07352005679020672,True,0.010021308290443075,0.6860447525978088
1076880,825.6017245504022,500,False,0.0197057061857616,True,0.009961356556134825,0.7415772676467896
1077792,808.0194792844674,500,False,0.05359324003512885,True,0.00995218544817681,0.8302953243255615
1077840,778.1550793315071,500,False,0.06734399674085505,True,0.009725620999525788,1.0729566812515259
1077984,834.6523883187003,500,False,0.0895224605265732,True,0.00972931048323509,0.5601233243942261
1078224,819.2123498346789,500,False,0.048908204990021284,True,0.009774125830289145,0.7967178821563721
1078560,794.1881896806481,500,False,0.039720994624274246,True,0.009834653071577151,1.0158586502075195
1078608,847.463339825869,500,False,0.06591896547862347,False,0.009887749873187206,0.7391889095306396
1078752,815.4667257571916,500,False,0.04617955290564938,True,0.009912671605182156,0.742530107498169
1079120,854.578159716147,500,False,0.075490929538508,True,0.00997735827350878,0.6253193616867065
1079312,827.547410593628,500,False,0.03897074887164784,False,0.010062824067036536,0.623568058013916
1079552,803.1676710336908,500,False,0.06489454060710415,True,0.010079322976455807,0.46374189853668213
1083216,798.3138142875845,500,False,0.09737682675298828,True,0.010121000129033773,0.591900646686554
1084064,878.8241626108728,500,False,0.033872729883829826,True,0.010134251394345185,0.6843811273574829
1084544,782.2372601826233,500,False,0.08514089309170346,True,0.010085020664655355,0.7023146152496338
1084672,803.828706761714,500,False,0.06501568121104008,True,0.010251745573231951,0.7594741582870483
1084864,824.3074026419451,500,False,0.04936696095970908,True,0.010259113258511688,0.6452439427375793
1084880,791.6163436327502,500,False,0.06224864415565922,True,0.010308693879497843,0.5025224685668945
1085792,797.0915569691973,500,False,0.08093982958719596,True,0.010311473198978125,0.6517513990402222
1085840,739.954161027507,500,False,0.150300807810117,True,0.010346961882727863,0.8512386679649353
1085984,830.6303751640137,500,False,0.07652955862644507,False,0.010369184287112724,0.7812926769256592
1086224,782.7207110237425,500,False,0.02512379404963775,True,0.010368877866761413,0.7651464939117432
1086560,834.4310108576108,500,False,0.059463881752595975,True,0.010354728599171538,0.6806071996688843
1086608,801.9076080195453,500,False,0.07818902129816564,False,0.010286665020324787,0.7982276678085327
1086752,798.6756625146493,500,False,0.09663825949941512,False,0.010286637695789403,0.6360610127449036
1087120,826.5322180688867,500,False,0.061963692409475093,True,0.010248146122647926,0.604751467704773
1087312,824.5327119857923,500,False,0.06430155549458393,True,0.0103005768492904,0.6701322197914124
1087552,775.2990342446427,500,False,0.05222258500747822,True,0.010237905972311657,0.6041464805603027
1091216,866.1994064388141,500,False,0.0539122762698243,True,0.010196548588740029,0.7895264625549316
1092064,845.035652045205,500,False,0.06994327939059082,False,0.01019264803989418,0.7112452983856201
1092544,844.8191342759965,500,False,0.04775081388926147,True,0.00998449419024773,0.759658932685852
1092672,827.721282331792,500,False,0.06870702595129546,False,0.01012452525341973,0.5982493162155151
1092864,761.3067939948036,500,False,0.11990137407074763,True,0.010148110484758551,0.565091609954834
1092880,811.5180225934924,500,False,0.08197088149958989,True,0.010100649921767279,0.5733692646026611
1093792,863.9404565829294,500,False,0.09842359720619347,True,0.010101584403589573,0.42172616720199585
1093840,822.2000450047495,500,False,0.06423842710253579,True,0.009780929212686909,0.6659111380577087
1093984,825.162797872068,500,False,0.1071113686278842,True,0.009785572700082486,0.5594969987869263
1094224,871.9342929620753,500,False,0.058987916301726985,True,0.009768318357850867,0.5857964754104614
1094560,828.7507168647037,500,False,0.10337166684202446,True,0.009836931375463875,1.955904245376587
1094608,843.1914584040721,500,False,0.06928975122889904,True,0.009578027379578885,0.8265293836593628
1094752,856.4092458207455,500,False,0.05703547619766805,True,0.009575755721393317,0.6768367886543274
1095120,823.5933703887981,500,False,0.13546580667363364,True,0.009583977078375846,0.5170813798904419
1095312,820.8018652719502,500,False,0.04979633161618839,True,0.009721400773253841,0.8090976476669312
1095552,819.8878830725316,500,False,0.16935808756955942,True,0.009701430751050531,0.58984375
1099216,862.1425584447418,500,False,0.04338672152999733,True,0.009727900737311248,0.7139636278152466
1100064,782.2725845254524,500,False,0.05307539045366602,True,0.010126241829789304,0.5879375338554382
1100544,804.83822809369,500,False,0.10772644100710868,True,0.010136282106712743,0.7041268348693848
1100672,830.0517913614707,500,False,0.046809252211877844,True,0.010076111270464407,0.647907555103302
1100864,868.2758299546816,500,False,0.022851292200503085,True,0.010105619209976376,0.6570825576782227
1100880,870.5335856224688,500,False,0.010040857327272446,True,0.010118563260138538,0.6667990684509277
1101792,868.6452737713213,500,False,0.07058331226843058,True,0.010118162856551989,0.7223568558692932
1101840,863.1345607590312,500,False,0.035423562305647,True,0.009995230767991982,0.73183274269104
1101984,823.8361417554652,500,False,0.07364422569015713,True,0.009974640755132892,0.5847846269607544
1102224,793.6182746078475,500,False,0.012029399598356442,True,0.009946043062415425,0.691444993019104
1102560,803.3035539212435,500,False,0.04947008216677759,False,0.010044628924026635,0.7669013738632202
1102608,845.5425165051876,500,False,0.03341694953531941,True,0.010081837304177511,0.6469419002532959
1102752,818.9778843154751,500,False,0.06239400699833567,True,0.010068755938549135,0.5002540946006775
1103120,849.5060012604596,500,False,0.032398519911046045,True,0.010015702330621226,0.5847510695457458
1103312,799.2147411992296,500,False,0.08238668123444146,True,0.009960465660833282,0.5793251991271973
1103552,783.0962117359255,500,False,0.03342067236593416,True,0.009899342821109347,0.6337879300117493
1107216,802.6022589195976,500,False,0.06811009172285212,True,0.009895868320465679,0.6368982791900635
1108064,819.4885254693806,500,False,0.05269335792191925,False,0.009882668444403928,0.626090407371521
1108544,844.8353463211082,500,False,0.047777437798830855,True,0.00960691247239203,0.5950126051902771
1108672,814.1378452930182,500,False,0.0816954754038293,True,0.009579468979986145,0.7307108640670776
1108864,836.8051847714335,500,False,0.05567083433786418,False,0.009548758275978945,0.5447447896003723
1108880,824.5831663819471,500,False,0.05748722314773856,True,0.009554893227932737,0.5800565481185913
1109792,852.9418052608344,500,False,0.05590149198600473,False,0.009557953154739679,0.7381947040557861
1109840,750.5504832399002,500,False,0.07833271744837478,True,0.00946777620370821,1.1141338348388672
1109984,754.2664171045525,500,False,0.06067812710584886,True,0.009476317628438764,0.6704431772232056
1110224,802.007826765546,500,False,0.11562757060246351,True,0.00946479280022713,0.5736224055290222
1110560,864.6165528024582,500,False,0.07777997932727246,True,0.009387018292529404,0.6800967454910278
1110608,767.5056848731592,500,False,0.163160007989796,True,0.009209930105528783,0.47808757424354553
1110752,827.2452104184398,500,False,0.06878611612086585,True,0.009213559914048545,0.9129908084869385
1111120,888.651734979274,500,False,0.011891796147944207,True,0.009253097355639943,0.6395264863967896
1111312,807.0133566792878,500,False,0.057833415676187924,True,0.009297892434234945,0.6658591032028198
1111552,858.57248411627,500,False,0.09890069103306888,True,0.009313294060143716,0.5854010581970215
1115216,741.8517643992541,500,False,0.08522358810280736,False,0.009432391550984546,0.6512857675552368
1116064,793.9275120495879,500,False,0.02921111492255348,True,0.009554762890561815,0.8703957796096802
1116544,764.6067140909192,500,False,0.06984341050849982,True,0.009264217778110406,0.6675223112106323
1116672,736.3203128192059,500,False,0.08653447435949839,True,0.009323994333013553,0.5976090431213379
1116864,806.3112709293297,500,False,0.05959398344733993,True,0.00935430817133865,0.5673795938491821
1116880,857.1483215257261,500,False,0.05022525225457127,True,0.009418852908386502,0.5634381771087646
1117792,820.197709350411,500,False,0.02857200904920272,True,0.009421636360978109,0.5909925699234009
1117840,845.9101983162311,500,False,0.04638410650593202,True,0.009386522289123617,2.028350830078125
1117984,824.207203580949,500,False,0.07088491575834617,False,0.009382705770208805,0.5111473202705383
1118224,756.1160877056761,500,False,0.0957528634243811,True,0.009409657843388833,0.624201238155365
1118560,786.3935920082835,500,False,0.06561560789522695,False,0.009420948043299964,0.6063898205757141
1118608,761.8845842387746,500,False,0.06612381052117172,True,0.009281636967353154,0.6914685964584351
1118752,798.9926855549018,500,False,0.07736874415530536,False,0.009261792685383307,0.78467857837677
1119120,753.4002257009099,500,False,0.05102016380246566,True,0.009209805523589317,0.5899494886398315
1119312,808.4675781632393,500,False,0.06420100756921747,True,0.009215888106804153,2.0054595470428467
1119552,793.9393135655097,500,False,0.07732538548781322,True,0.009298061406198063,0.7331051230430603
1123216,796.4793157200812,500,False,0.07684535872321936,True,0.009466349888151562,0.8104391098022461
1124064,782.2777168903986,500,False,0.08630229266985043,False,0.009296260568895919,0.5561004877090454
1124544,782.4366724981002,500,False,0.10365772977837452,True,0.00946188322507346,0.577471137046814
1124672,845.1437685959805,500,False,0.04015822576998248,True,0.009577080062203142,0.6495239734649658
1124864,767.2452807034527,500,False,0.051385404019836385,True,0.0096279997788662,0.6585986614227295
1124880,793.3164208156411,500,False,0.06375399055961206,True,0.009670695460684746,0.6440803408622742
1125792,834.4041361948474,500,False,0.06009651087369839,True,0.009675921095022246,0.80056232213974
1125840,845.1821777949357,500,False,0.07208605174204812,True,0.00955964421093582,0.6672043204307556
1125984,823.0592232466684,500,False,0.07524217641990494,True,0.009539458850033287,0.7159401178359985
1126224,790.7300190916136,500,False,0.11771188549266907,True,0.009487437159676109,1.2352163791656494
1126560,821.090548636175,500,False,0.0668007696347317,True,0.009493690905437455,0.5483404397964478
1126608,843.9109035508982,500,False,0.0455367790616478,True,0.009573090275938733,0.6237336993217468
1126752,811.0483144130515,500,False,0.05262819860172716,True,0.009574600305657125,0.6454261541366577
1127120,806.3146808490819,500,False,0.03938388797205104,True,0.009571047521367313,0.5706117153167725
1127312,807.4167242259406,500,False,0.08090502575430705,False,0.009564654692555689,0.5759302973747253
1127552,836.0132489627896,500,False,0.022869570828842334,False,0.009511383939081339,0.643959105014801
1131216,842.9825762455868,500,False,0.08840734841324589,True,0.009515698151935651,0.6489496231079102
1132064,889.4933517348343,500,False,0.03675484293380645,True,0.009586130001975036,0.5480871796607971
1132544,828.5289717675536,500,False,0.08103618853592676,True,0.009530083480914556,0.5990605354309082
1132672,852.3665592858155,500,False,0.04238590621384754,False,0.009507882861202906,0.5236116647720337
1132864,849.9784986330485,500,False,0.03939764442220976,True,0.009467953329573075,0.5405457019805908
1132880,826.1042784665211,500,False,0.0943975698524684,False,0.009439197505251165,0.570344865322113
1133792,779.2634954153593,500,False,0.08768468719346742,True,0.009441619929308337,0.5874805450439453
1133840,834.8580049861589,500,False,0.05945811319184473,False,0.009212178867405142,0.6352768540382385
1133984,807.1981264289154,500,False,0.0693957164298557,True,0.009221777823242922,0.5194665789604187
1134224,876.5466277371336,500,False,0.08052596385950794,True,0.009244136491482332,0.5685847997665405
1134560,799.4079257614998,500,False,0.05250098023785183,True,0.009243448191258042,0.5191628336906433
1134608,879.9879888353604,500,False,0.035417094246070174,False,0.009258857389243742,0.5794769525527954
1134752,815.6603808124803,500,False,0.03997962975253411,True,0.009274778078792052,0.5612550377845764
1135120,830.5377204696641,500,False,0.09380348510895019,True,0.009308502111602817,0.8295156955718994
1135312,859.4978074551583,500,False,0.05936762334485429,False,0.009255373928598902,0.5118020176887512
1135552,800.8321356520183,500,False,0.06168398440414966,True,0.009213234316775261,0.6963602304458618
1139216,813.7099400099668,500,False,0.1566896870191708,True,0.00920509843706511,0.5407407283782959
1140064,745.2321843202865,500,False,0.06682015797068902,False,0.008950418900223774,0.8674336671829224
1140544,814.8244864067684,500,False,0.08337602015046136,True,0.008945657117731145,0.5463849306106567
1140672,857.4145247113,500,False,0.07525693969773244,True,0.009111002006789229,0.6602115631103516
1140864,855.1964566780101,500,False,0.07241974275010717,True,0.009137983499797803,0.6266698837280273
1140880,723.7713841899114,500,False,0.10686505614756053,False,0.009259104284328927,0.5808995962142944
1141792,761.6518490546832,500,False,0.138906159611426,True,0.009266287701734448,0.4791805148124695
1141840,867.9250882655246,500,False,0.06480963685139697,True,0.009445334217396774,0.557439386844635
1141984,767.2662015550713,500,False,0.09535685231088527,True,0.009460490580518708,0.6297067403793335
1142224,762.9408905391206,500,False,0.051397415874137986,True,0.009471403181815899,0.6160091161727905
1142560,783.0632413844774,500,False,0.11476906773546067,True,0.009514573272674767,0.7508770227432251
1142608,804.1347554509792,500,False,0.07715986732368667,False,0.009353890206975784,0.5626146793365479
1142752,754.8597327642333,500,False,0.10124980329306313,True,0.0093324588735633,0.6820177435874939
1143120,760.3107834770212,500,False,0.045615349058349436,True,0.009270647345949052,0.5414650440216064
1143312,780.6599425924115,500,False,0.10711298719704605,True,0.009272288472267751,0.5925251245498657
1143552,788.0319200982977,500,False,0.11584370131520184,False,0.009214490087776467,0.6042588353157043
1147216,846.2815024554703,500,False,0.056881676232431344,True,0.009240661043616339,0.7110445499420166
1148064,836.1166000088608,500,False,0.07654096482269057,True,0.009618991867814557,0.5538254976272583
1148544,814.3274577617954,500,False,0.043197080868826794,True,0.009599531877623723,0.6771500110626221
1148672,816.4485553678364,500,False,0.06753845655750598,True,0.009692813703987495,0.5665264129638672
1148864,792.8909261268335,500,False,0.09212090909219368,True,0.009686271523387514,0.5772712826728821
1148880,837.2535928518397,500,False,0.04517483227320016,True,0.009622674800253176,0.5910180807113647
1149792,793.9458734254772,500,False,0.07354707429668188,True,0.009614970590174804,0.5410441160202026
1149840,830.9738342034503,500,False,0.052362116720116814,True,0.009350787982670694,0.6441558599472046
1149984,758.3033956981003,500,False,0.10586751701417355,False,0.00932828915422618,0.5360539555549622
1150224,780.3733483343088,500,False,0.09079287897170436,True,0.009327332926728838,0.8440872430801392
1150560,774.9017587506305,500,False,0.11646492627778043,False,0.009367223071102552,0.6201883554458618
1150608,768.5606154984409,500,False,0.13388815042493593,True,0.009377485570484994,0.6034548282623291
1150752,819.1441349222829,500,False,0.09172354749791124,False,0.009379455170094963,0.6724005341529846
1151120,788.1349257806841,500,False,0.08709543200459878,True,0.009418760311534002,1.0273157358169556
1151312,754.800788749515,500,False,0.11448730689544365,True,0.009384795323944078,0.501891553401947
1151552,808.1767246078392,500,False,0.05769279773426718,True,0.009326082659080002,0.5830827951431274
1155216,827.9384732382425,500,False,0.07016417882428426,True,0.009383206375035069,0.6576029062271118
1156064,758.5425177275869,500,False,0.07840924957881652,False,0.00938457035154251,0.6002316474914551
1156544,857.9370750862979,500,False,0.030640859081651983,True,0.009331589155794812,0.6644607782363892
1156672,792.3728398584228,500,False,0.10372394660828418,True,0.009228225524514468,0.6504611968994141
1156864,840.6831305454251,500,False,0.10268307992662065,True,0.009243939554945155,0.5299187302589417
1156880,739.1753269092868,500,False,0.09636779880530383,True,0.009302691624615752,0.5010195970535278
1157792,748.586547607245,500,False,0.027810749947966538,False,0.009309795656621083,0.4945818781852722
1157840,830.3788817440718,500,False,0.08369333120070967,True,0.009475325312793678,0.615614652633667
1157984,879.8731744918546,500,False,0.09799717021606871,True,0.009458211861306708,0.5516610145568848
1158224,826.485350520725,500,False,0.03758560879383219,True,0.009425843814701823,0.5641390681266785
1158560,861.506309141584,500,False,0.05586037939636663,True,0.009368199845148249,0.5828100442886353
1158608,857.2830789828946,500,False,0.07648019259158173,True,0.009332108087133787,0.46339714527130127
1158752,737.3622403870664,500,False,0.05359007583505078,True,0.009321812519062856,0.5504933595657349
1159120,832.5021020892856,500,False,0.12015629836417713,True,0.009332030004381575,0.7388558387756348
1159312,812.9039631386536,500,False,0.09331365411251111,False,0.009347020571703996,0.6357927322387695
1159552,792.7798000993878,500,False,0.06985507592582953,True,0.009366716976474591,0.599004328250885
1163216,815.6507954931102,500,False,0.07362646888298358,False,0.009346808781721068,0.7032036781311035
1164064,760.1653928687674,500,False,0.060652342681305906,True,0.009320381693680936,0.5819690227508545
1164544,834.6684199287783,500,False,0.04711245371282871,True,0.009131501915077467,0.5546494126319885
1164672,802.4633092550087,500,False,0.03907025292291706,False,0.008852603032174559,0.6360231041908264
1164864,836.2558436714457,500,False,0.06645263086035687,True,0.008859304283691357,0.7049455642700195
1164880,747.1473617128975,500,False,0.028903830050151843,True,0.008887545590498367,0.4765613079071045
1165792,801.7054314526531,500,False,0.052941933411697145,False,0.008890024769692098,0.6001380681991577
1165840,793.3791233733266,500,False,0.06517952228363602,True,0.009058804701329226,0.566826343536377
1165984,807.8773406971741,500,False,0.07302815942500761,True,0.009074463587685894,0.7525601387023926
1166224,782.2846948407241,500,False,0.10453044559373201,True,0.00908705800237604,0.5746537446975708
1166560,757.3884962364491,500,False,0.086131393927007,True,0.009075093296867556,0.48729193210601807
1166608,783.2577577906727,500,False,0.0750665404436743,True,0.009188498822400947,0.7182314991950989
1166752,801.0130207605717,500,False,0.07762154790423528,False,0.009181205072152868,0.5426828265190125
1167120,835.5782282185389,500,False,0.06528589091652587,False,0.009109919889873329,0.5958807468414307
1167312,835.9173984411373,500,False,0.075359205533354,True,0.008920306175701763,0.6331139802932739
1167552,842.627843188345,500,False,0.045974949308230866,True,0.008878935464710783,0.586869478225708
1171216,792.7858834364663,500,False,0.09591561058597964,True,0.008798750098108373,0.6749403476715088
1172064,849.205035847353,500,False,0.037725388330922476,True,0.009232638028321674,0.8231974244117737
1172544,826.4737634636947,500,False,0.05820619029794166,False,0.009252643774631452,0.5113626718521118
1172672,815.9722748833644,500,False,0.10557553640276446,True,0.009245273614217002,0.9651621580123901
1172864,871.7878117523426,500,False,0.08020102744499098,True,0.00928246104583126,0.5869346857070923
1172880,858.7339753320203,500,False,0.014248365311474156,True,0.009222175303114612,0.6620427370071411
1173792,839.3599496961898,500,False,0.03981378079861758,True,0.009217358814394946,0.5809752345085144
1173840,834.0296192792767,500,False,0.04033544786704999,True,0.009447444748942333,0.5808971524238586
1173984,829.5255946050157,500,False,0.018266901453830146,True,0.009460267249415144,0.7141600847244263
1174224,821.7676663957943,500,False,0.10645485597175523,True,0.009512867602839545,0.6735975742340088
1174560,815.799786888856,500,False,0.07483551707843007,True,0.009628368328023863,0.6749453544616699
1174608,856.2505210763518,500,False,0.04654076708932114,False,0.009811154580457157,0.6179884672164917
1174752,769.5425698594507,500,False,0.029615196584693557,False,0.009845801740130245,0.5451219081878662
1175120,796.5767567451832,500,False,0.04691714610523093,True,0.00989310409337185,0.4975126087665558
1175312,788.4068119702149,500,False,0.05420984783272639,False,0.009868474700575388,0.5379415154457092
1175552,793.1224589431532,500,False,0.04306523481551356,True,0.009825752852442585,0.476840615272522
1179216,708.202120060733,500,False,0.016841533775152993,True,0.009729538102350088,0.5409145951271057
1180064,814.8594328155933,500,False,0.00903252761308878,True,0.009147960174913554,0.5236485004425049
1180544,893.6417873513113,500,False,0.06937086837568773,True,0.009288791162602297,0.4682694971561432
1180672,853.015212300783,500,False,0.037836738595337496,True,0.009137274298765508,0.49904799461364746
1180864,862.8298702871828,500,False,0.05624331350237727,True,0.009048497585355662,0.5300713181495667
1180880,804.8232099983346,500,False,0.02480898474895483,True,0.008943619549108156,0.8403111100196838
1181792,777.5278290572999,500,False,0.10901510198059135,True,0.008939025152220012,0.7609419822692871
1181840,805.0073244965147,500,False,0.06263503710099737,True,0.008907093223624162,0.5867207050323486
1181984,832.5034297784881,500,False,0.03641049188168596,True,0.00889907261533298,0.74053955078125
1182224,801.8795353621592,500,False,0.05789632750148013,True,0.008924230754347865,0.5329108238220215
1182560,834.9170945261069,500,False,0.02801941646045844,True,0.00894058489509912,0.7374370694160461
1182608,873.4600500858876,500,False,0.02945074921704352,True,0.009077979170399042,0.6359129548072815
1182752,868.3792689410724,500,False,0.10437111981746973,True,0.009081670789832111,0.524158775806427
1183120,809.2216328726033,500,False,0.08273434493308578,True,0.009050952756501909,0.553856611251831
1183312,826.8474150032018,500,False,0.09439214269870437,False,0.008974465556271889,0.5856103897094727
1183552,873.472118894609,500,False,0.08371703461429157,True,0.009082720390000326,0.7079970240592957
1187216,815.0156670073592,500,False,0.05924708732923087,True,0.009046552139959963,0.5334287881851196
1188064,792.0738282476395,500,False,0.05041301511439278,True,0.008702306445545663,0.5979211926460266
1188544,835.1059142838229,500,False,0.10990223986958578,True,0.008549770290506723,0.5286863446235657
1188672,801.3154509041616,500,False,0.06456383449662584,True,0.008619055702847938,0.5063186883926392
1188864,831.926908297671,500,False,0.04868939139243692,True,0.008651748787840158,0.6885583400726318
1188880,780.6621862877607,500,False,0.07850466557517051,True,0.00869190494162895,0.6041445732116699
1189792,793.4668163964029,500,False,0.047510682539761775,True,0.008697567696724452,0.6684269905090332
1189840,795.409747703141,500,False,0.15033700266274574,True,0.008536113591513626,0.5354158878326416
1189984,819.1279212792219,500,False,0.06577632533675436,False,0.00855628977074132,0.5122663974761963
1190224,879.6137505470844,500,False,0.0391708399132592,True,0.008572791288676728,0.569939136505127
1190560,790.6397065572653,500,False,0.029172576290476086,False,0.008502586193494144,0.6511330604553223
1190608,775.3056776853061,500,False,0.08232471295847206,True,0.008564941781696719,0.617039680480957
1190752,847.1046200948948,500,False,0.0388089221269258,True,0.008569060780616275,0.5934706330299377
1191120,859.8906131807735,500,False,0.0689060643157283,True,0.00858215620906305,0.5280976295471191
1191312,829.8930641433004,500,False,0.04976534463326419,True,0.008502736200975618,0.5531691312789917
1191552,848.3726400169311,500,False,0.08473014348108612,True,0.008480349653746657,0.5392962098121643
1195216,856.0288197552711,500,False,0.1442605472295947,True,0.008400139673781074,0.5853546261787415
1196064,800.4172562674346,500,False,0.0969062252367451,True,0.008783091815917353,0.944918155670166
1196544,837.788779901886,500,False,0.048329590488074906,False,0.008596254441676117,0.5427521467208862
1196672,815.1627759268332,500,False,0.05503065654308962,True,0.00846899206215753,0.5998393297195435
1196864,793.3002270968269,500,False,0.061532091048738975,True,0.008483502553080563,0.5625841021537781
1196880,895.514186506762,500,False,0.03277523946501821,True,0.008522919371569074,0.5383501648902893
1197792,765.1872381751256,500,False,0.1251338562032551,True,0.008526332918347923,0.4998713731765747
1197840,865.3691453193915,500,False,0.028138077768548358,True,0.008482036656365273,0.7384018898010254
1197984,754.804046726446,500,False,0.12152112209008817,True,0.008495783283967391,0.5772924423217773
1198224,863.7744465335361,500,False,0.03783501691997764,False,0.008481553319478936,0.5752578973770142
1198560,843.1445709777413,500,False,0.03947289955046352,True,0.008386343493910396,0.53824383020401
1198608,837.2663939968188,500,False,0.06706935861180083,True,0.008413748242785572,0.5605722665786743
1198752,788.8587886991671,500,False,0.05583183670277957,True,0.008413003916529787,0.5417684316635132
1199120,817.6303152203681,500,False,0.04568691068952497,False,0.008361650443544155,0.5851279497146606
1199312,743.6871707701382,500,False,0.11608992421942074,True,0.008278210154212845,0.6836909651756287
1199552,787.4067905369276,500,False,0.07464601473122777,True,0.00836323998560138,0.7171404361724854
1203216,821.8629271251801,500,False,0.015205967157131083,True,0.008425126375157537,0.6004103422164917
1204064,821.7350459764069,500,False,0.07655013430067152,True,0.008453723213846125,0.6207499504089355
1204544,877.782867912863,500,False,0.056780986216880124,True,0.008542022505902224,0.5545656681060791
1204672,834.2562337723481,500,False,0.008130172042926386,False,0.008619843085509645,0.7374728322029114
1204864,788.8221959913103,500,False,0.057723502798116576,True,0.008607069914096861,0.5809499025344849
1204880,849.8300421416495,500,False,0.022352736421154113,True,0.008574442542103333,0.6695816516876221
1205792,798.621679675664,500,False,0.12000943761568007,True,0.008576936359769294,0.6411466002464294
1205840,857.3269805294237,500,False,0.03446371343722908,True,0.008716605810975084,0.6752936840057373
1205984,729.1534240541229,500,False,0.1648351785890562,False,0.008739203581836255,0.5150712728500366
1206224,831.0878441396155,500,False,0.040562295273769915,True,0.008745906087270756,0.8164452910423279
1206560,788.9709686634653,500,False,0.1473216396177811,True,0.008741415169626657,0.45516717433929443
1206608,789.6591236509058,500,False,0.14812666352366344,True,0.00867580293990127,0.5173051357269287
1206752,827.5238121335138,500,False,0.10421907988128346,True,0.008662918175468716,0.6751233339309692
1207120,805.0240448944091,500,False,0.041893874683205205,True,0.008649084424478027,0.5949325561523438
1207312,745.117513072019,500,False,0.1359277219298635,True,0.008560268239287605,0.4444129168987274
1207552,792.996394754246,500,False,0.03321272212461526,True,0.008532121790872154,0.7055584788322449
1211216,785.864320353247,500,False,0.06420448730438849,True,0.008493957010437633,0.7134112119674683
1212064,727.4464460585833,500,False,0.13654743919604762,False,0.008890541666101329,0.6661471128463745
1212544,851.188601901818,500,False,0.02916178013532879,True,0.008880340121590578,0.5198652744293213
1212672,856.357781758273,500,False,0.10480557070508702,False,0.008955952170382784,0.7208284139633179
1212864,861.8579641023186,500,False,0.057802833657502516,True,0.008988150607044842,0.4833632707595825
1212880,845.669191622953,500,False,0.04041296102344622,True,0.008926275855230915,0.6272801160812378
1213792,827.5907167093659,500,False,0.04737323003436232,True,0.008922529812905984,0.8833280801773071
1213840,802.012317018861,500,False,0.09140777561091439,True,0.008916369076508413,0.7048109769821167
1213984,838.2933313688221,500,False,0.07520050074120657,True,0.008899980516119746,0.599515974521637
1214224,805.7577056059314,500,False,0.07353803183430761,True,0.00885421371023946,0.6513981819152832
1214560,770.5669913285672,500,False,0.07785640602422778,True,0.008735516137195358,0.6061328053474426
1214608,804.5579679623318,500,False,0.06148252194820092,True,0.008646949712817644,0.5392536520957947
1214752,797.9030508462021,500,False,0.0535431844017281,True,0.008643860684207407,0.5796194672584534
1215120,803.4560815732104,500,False,0.040546213787782115,True,0.008582734631117904,0.5156183242797852
1215312,805.4377519841407,500,False,0.08785042666564846,False,0.008642931328501587,0.5852625966072083
1215552,814.5527616602311,500,False,0.06605137253171504,True,0.008595098914647286,0.5779976844787598
1219216,826.2578235065195,500,False,0.0812065505699204,True,0.008613058577877268,0.690662682056427
1220064,784.5323228311842,500,False,0.04520171641441481,True,0.008322876466785568,0.6087185740470886
1220544,862.1427970522074,500,False,0.053293669001873406,True,0.008373569732205632,0.5910474061965942
1220672,814.5940080419122,500,False,0.11040497730353602,True,0.008427405673862189,0.5938116908073425
1220864,864.574363614032,500,False,0.05255360528204284,True,0.008458232196727016,0.47254815697669983
1220880,757.1626344099013,500,False,0.1123549273585399,True,0.008459556006044542,0.6402677297592163
1221792,855.6486425601561,500,False,0.05504933926183193,True,0.008458556311354387,0.5753848552703857
1221840,798.2200068249495,500,False,0.21975230626394426,True,0.008671527972055098,0.5225061178207397
1221984,845.0379287103447,500,False,0.09801510161560534,True,0.008678845154059235,0.6516868472099304
1222224,785.1117377796626,500,False,0.12480439485978946,True,0.00871275842980439,0.5011357069015503
1222560,811.7516987655974,500,False,0.08559024427531423,True,0.008680603237548365,0.5215703248977661
1222608,873.0281684665722,500,False,0.07546693167263736,True,0.008586213083816881,0.4326417148113251
1222752,863.2435498621445,500,False,0.06409015516190598,True,0.008584091832796133,0.5621868371963501
1223120,813.7585051029281,500,False,0.10712687759328021,True,0.00859116116489085,0.6303759813308716
1223312,823.7665306613677,500,False,0.054064171513500243,False,0.008749121575325163,0.6170205473899841
1223552,842.1240292060822,500,False,0.06764238827106638,True,0.008779627916164842,0.6020998954772949
1227216,838.5183127446003,500,False,0.07178756629705921,True,0.008825187363342746,0.5549255609512329
1228064,859.8910830770703,500,False,0.05838521575505543,True,0.008320486440859786,0.44802677631378174
1228544,779.457182574167,500,False,0.11197056558375469,True,0.008294317953866032,0.6070523262023926
1228672,858.7950960119331,500,False,0.04407525800136478,True,0.00835977083571087,0.6209768056869507
1228864,868.7010900409255,500,False,0.038939643899773495,False,0.008421576161542656,0.5992956161499023
1228880,824.5648319294293,500,False,0.07818679076133193,True,0.008445012398852687,0.4972628355026245
1229792,870.1026555841927,500,False,0.07679313007809856,True,0.008443197825900988,0.5688643455505371
1229840,792.8409364654922,500,False,0.0569913264781397,True,0.008305753893882193,0.47152188420295715
1229984,809.8950312861709,500,False,0.03741295538727184,False,0.008308930256677916,0.5626003742218018
1230224,789.9403522956177,500,False,0.06501000299588745,False,0.008374076739127854,0.6084563732147217
1230560,763.1518882961857,500,False,0.058032121853386236,True,0.008340862981573759,0.5495675802230835
1230608,836.5806500988464,500,False,0.03653325688194858,True,0.00833102362761019,0.5050290822982788
1230752,818.3669524768844,500,False,0.043858269813663725,False,0.008331585200761542,0.5788534879684448
1231120,840.0571710621432,500,False,0.0648562383891984,True,0.008360648195541656,0.512847900390625
1231312,801.1648206538898,500,False,0.04917917835004643,False,0.008443764480764065,0.572763204574585
1231552,830.9613726297849,500,False,0.08019995824580159,False,0.008531466221409337,0.4389744997024536
1235216,836.4453671231846,500,False,0.08816510485220685,True,0.008484656507522104,0.4353542923927307
1236064,859.1146960053683,500,False,0.07729937299912197,True,0.008184137051364886,0.5573844909667969
1236544,886.0240083062661,500,False,0.03947498361846837,True,0.008459532124809536,0.5302712321281433
1236672,840.4193129660766,500,False,0.05328535806052124,True,0.008768659619599037,0.5270475149154663
1236864,821.0372139246017,500,False,0.027846160311639247,True,0.008762653455433901,0.6236984133720398
1236880,867.0533161456474,500,False,0.06407203806644937,True,0.00868131057843019,0.5046918392181396
1237792,812.3814468458056,500,False,0.08741739923187082,True,0.008672163532880944,0.5407609343528748
1237840,879.688630576572,500,False,0.03380120463621878,False,0.008585702000452632,0.6190049648284912
1237984,774.4867155883281,500,False,0.06740237535412165,True,0.008577062145884305,0.45566630363464355
1238224,826.8649787866893,500,False,0.09945851136234148,True,0.008522165685579544,0.6066973209381104
1238560,842.4730264415757,500,False,0.016437166279717592,True,0.008498329595911782,0.5350663661956787
1238608,856.7753601456538,500,False,0.03789296623440951,True,0.008549938888419808,0.5746082067489624
1238752,858.2898659662254,500,False,0.10949863591930836,True,0.008566236605432584,0.5785284638404846
1239120,811.579426010181,500,False,0.07395294961100891,True,0.008625996027247985,0.5498316287994385
1239312,754.7510187228443,500,False,0.06694012700884079,True,0.008651025020288545,0.6106166839599609
1239552,852.0633279953603,500,False,0.033949040271907885,False,0.00873559134188266,0.6271582841873169
1243216,800.1287779937784,500,False,0.06120519530929765,True,0.008757026107652392,0.4914279878139496
1244064,776.7425247802015,500,False,0.05649411652638198,True,0.00826470551212457,0.6107883453369141
1244544,811.6838245167805,500,False,0.021700464492810417,True,0.008282697964374341,0.7474269866943359
1244672,801.9437117926732,500,False,0.05888840322688882,True,0.00834026204847094,0.5019136667251587
1244864,763.1895390324435,500,False,0.07530059256526835,True,0.00832192552556251,0.49816325306892395
1244880,789.45078198586,500,False,0.013814891659082514,True,0.008268508421994598,0.5121932625770569
1245792,870.5176113794706,500,False,0.058245361664073424,True,0.008262583460889998,0.5854095816612244
1245840,847.6527884102318,500,False,0.029736794037001264,True,0.007939498524828049,0.5715423822402954
1245984,790.9794092383137,500,False,0.03710030237305264,True,0.007926973263277336,0.428180456161499
1246224,833.1798120715962,500,False,0.05554474354879817,False,0.007912444705482144,0.4958382844924927
1246560,805.4782176010561,500,False,0.02541914370561605,True,0.007921782115268049,0.43450409173965454
1246608,824.3652005898995,500,False,0.03149483725175775,True,0.007879304736940151,0.5187572836875916
1246752,848.6062263485115,500,False,0.043877235713519334,True,0.00790372478836876,0.7179837822914124
1247120,855.3572672587684,500,False,0.08182752421873016,False,0.008001597869655767,0.531171977519989
1247312,848.2877744824048,500,False,0.0169472431504072,True,0.008004659937129916,0.6506640911102295
1247552,879.5841174439064,500,False,0.06939044283278233,True,0.007987416017712145,0.4226757884025574
1251216,824.3984089645277,500,False,0.07164210889249147,True,0.008147421732308724,0.5871627330780029
1252064,840.1697518310517,500,False,0.061158908411486475,True,0.007980098379348603,0.4698241353034973
1252544,783.0522207512859,500,False,0.07609889794209594,True,0.007858842951658462,0.5841884016990662
1252672,797.477467687292,500,False,0.057435552593523204,True,0.0077775625151693065,0.6263576745986938
1252864,860.8550328287199,500,False,0.04224453493122861,True,0.007785645251405329,0.6127969622612
1252880,820.458448782058,500,False,0.042132624791205345,True,0.00773807781289194,0.5661067962646484
1253792,820.4395747046176,500,False,0.09811359932440511,True,0.0077395245412775985,0.4983893930912018
1253840,879.1898997448291,500,False,0.039453906074270614,True,0.007803746019469725,0.6140883564949036
1253984,799.761088302748,500,False,0.04613925198921066,False,0.007797788473939877,0.514761745929718
1254224,836.667587894935,500,False,0.026216089335974094,False,0.007792374956672151,0.5159333944320679
1254560,864.3139283616906,500,False,0.04075554522540382,True,0.007760522343371849,0.4843820333480835
1254608,892.2410536920842,500,False,0.048128919930692696,False,0.007791318533392862,0.49555301666259766
1254752,877.1215301162273,500,False,0.03932536076294931,True,0.007811683681548508,0.56247878074646
1255120,791.7456809194233,500,False,0.11292379550448313,True,0.007843332832523408,0.4598791003227234
1255312,825.2280459499007,500,False,0.10150002876594083,True,0.007764163464323079,0.6101022958755493
1255552,788.4706864023535,500,False,0.0381717715860191,True,0.007869432620710597,0.5071873068809509
1259216,811.0643938384133,500,False,0.11507834649451289,True,0.007988861250137742,0.4540703296661377
1260064,850.0519241542895,500,False,0.036029169832637924,True,0.007881765441868091,0.4096050262451172
1260544,846.5369282664427,500,False,0.04748177516105579,False,0.007866543962167735,0.487270712852478
1260672,822.6189062158732,500,False,0.0746072250058993,True,0.007839031216829955,0.3975318372249603
1260864,815.6479033271751,500,False,0.07153458071421938,True,0.007808661235123316,0.5483909845352173
1260880,851.144888149924,500,False,0.041517868040765654,True,0.007804289335716912,0.5824670195579529
1261792,802.7282477438771,500,False,0.061538608299705214,True,0.007809349907619766,0.5385810136795044
1261840,837.8086444512932,500,False,0.08245759061671147,True,0.007774101001012013,0.46256929636001587
1261984,915.4102897544998,500,False,0.07211541264443155,False,0.00778490724841639,0.593015193939209
1262224,887.0186548824307,500,False,0.022692250761752665,False,0.007822947750385013,0.5277428030967712
1262560,828.4482893901807,500,False,0.04328628174920493,True,0.007861050604716147,0.6116655468940735
1262608,851.6871807312882,500,False,0.08048068926541715,True,0.00789190698110971,0.45331090688705444
1262752,777.605636876647,500,False,0.08952290975541165,True,0.00788840007501021,0.5520539283752441
1263120,805.6041809047638,500,False,0.06570868736582099,True,0.007871929308146692,0.5076601505279541
1263312,847.6512506033072,500,False,0.040370909432525165,True,0.007843890909756738,0.5020948648452759
1263552,856.8547879480052,500,False,0.04076942800667928,True,0.00797785518985205,0.6118975281715393
1267216,836.9836868166333,500,False,0.03591211942341099,True,0.00805458613767111,0.5269352793693542
1268064,868.8701700352308,500,False,0.12554466379689794,True,0.008148384280243587,0.5860152840614319
1268544,866.294679387487,500,False,0.01601214551650531,True,0.008197119915223,0.5802918672561646
1268672,837.9017788547935,500,False,0.056291600798909124,True,0.008114285951487268,0.5677878856658936
1268864,812.0807692519327,500,False,0.10171759905516764,True,0.00808043692575958,0.5040475130081177
1268880,854.1837228036188,500,False,0.06515037788909228,True,0.008145097117314207,0.42675456404685974
1269792,820.8613995047824,500,False,0.05179861488483045,True,0.008165727054526431,0.46373364329338074
1269840,782.6675532402734,500,False,0.11732975659289091,True,0.00825872978073327,0.4876408576965332
1269984,816.0103957191277,500,False,0.04061065247036917,True,0.008275333416730474,0.49647054076194763
1270224,815.0670440809449,500,False,0.04169242213118755,False,0.00830327868699862,0.7924187183380127
1270560,846.0370844477204,500,False,0.04705226990420868,True,0.008476692084231106,0.3565347194671631
1270608,781.3210160035653,500,False,0.06604295614963752,True,0.008453604075432115,0.47836974263191223
1270752,819.0035813506773,500,False,0.05452312263840781,True,0.008427074525131055,0.5321033596992493
1271120,837.3955221260907,500,False,0.026628525492906677,True,0.008337041772834395,0.5227549076080322
1271312,880.6163562425454,500,False,0.04307301186235715,True,0.008342663904838203,0.5618652105331421
1271552,825.310072859423,500,False,0.05732803800008122,True,0.00837368409563634,0.4441627860069275
1275216,776.5988951336982,500,False,0.08427855022562043,False,0.008289012347765981,0.5751281380653381
1276064,797.5595947484976,500,False,0.2184348481926786,True,0.00808222981902439,0.47498762607574463
1276544,871.9670182521627,500,False,0.10644757603784122,True,0.00814793716781918,0.4380633533000946
1276672,833.5371110365902,500,False,0.06705123992585264,False,0.008346280663962266,0.5235432386398315
1276864,871.3366952626473,500,False,0.06740515985310862,True,0.008324893117440467,0.5090903639793396
1276880,791.5259197655546,500,False,0.04097719456786331,True,0.008401131491176703,0.6972584128379822
1277792,890.696447054837,500,False,0.11430426302324573,True,0.008406579574361412,0.6286644339561462
1277840,874.124054356596,500,False,0.04574183392068002,False,0.008168152713867673,0.44972407817840576
1277984,797.3608610125679,500,False,0.11760915741593385,True,0.008159161942781283,0.5948156714439392
1278224,864.6336353131506,500,False,0.015256576347951927,False,0.008184230401898229,0.5033731460571289
1278560,836.2947244969874,500,False,0.08617454560240992,True,0.008184735083235289,0.4666878581047058
1278608,828.558878300983,500,False,0.10007952234686276,True,0.00824642634423887,0.48423612117767334
1278752,877.8682040513369,500,False,0.05003852948154824,False,0.008242062781897961,0.5370100140571594
1279120,819.9579150421163,500,False,0.07323718386031253,True,0.008253476352306352,0.557470440864563
1279312,822.2677312160974,500,False,0.0686985308635993,True,0.008246522356585047,0.6614652872085571
1279552,844.9197307499833,500,False,0.07294400482136279,True,0.008268309839339264,0.6516704559326172
1283216,831.1908513829258,500,False,0.0541263944390231,False,0.008286398437734559,0.4153863787651062
1284064,863.9965260900054,500,False,0.09146108588566736,False,0.007919397366808219,0.37742161750793457
1284544,856.5935393588604,500,False,0.06988598748745134,False,0.008041020650790383,0.48347634077072144
1284672,892.7448128092426,500,False,0.053682150921179776,True,0.007867716596119768,0.6222169399261475
1284864,831.2779992327343,500,False,0.02244222037686066,False,0.007849337220434668,0.5393175482749939
1284880,810.9705224368984,500,False,0.057703966709789084,True,0.007824010172927507,0.550809383392334
1285792,826.8536399726735,500,False,0.040280493506032355,True,0.007824839463063954,0.5364471673965454
1285840,842.2734069747937,500,False,0.04681403972281466,False,0.007965498858532859,0.49246901273727417
1285984,793.0325064454182,500,False,0.11954124523757094,True,0.007973771449006968,0.532184362411499
1286224,808.2280885357864,500,False,0.07841152219704507,True,0.008014597437560151,0.5626084804534912
1286560,768.1922606618467,500,False,0.07288553565637786,True,0.008058257436235243,0.5181878805160522
1286608,888.5234785194999,500,False,0.08387070153464021,True,0.008236563224923015,0.7192820310592651
1286752,817.8716204071645,500,False,0.10044006013807916,True,0.00824771428154196,0.47841745615005493
1287120,805.7898045412638,500,False,0.029708476678869663,True,0.008273233240805955,0.5746761560440063
1287312,824.6469563080911,500,False,0.045215978246500296,True,0.008258983871468322,0.5987652540206909
1287552,883.4020114847457,500,False,0.06635543658816385,True,0.00822791561699016,0.5334276556968689
1291216,829.6866436079954,500,False,0.09610841274042514,True,0.00830370744244036,0.5964809060096741
1292064,822.7962781899907,500,False,0.07015579620304219,True,0.007741487591183367,0.6468909382820129
1292544,768.5897448206924,500,False,0.14777005962669304,True,0.007756106632664507,0.5810253620147705
1292672,775.3847417465915,500,False,0.1086447963691536,True,0.007732183057703545,0.4731481969356537
1292864,783.0345350701464,500,False,0.06792722602837496,False,0.007804297682605938,0.6422189474105835
1292880,814.5786944103975,500,False,0.11658974764851814,False,0.007891688099507646,0.48562419414520264
1293792,826.3230506921075,500,False,0.04705176047048305,True,0.007885533871635955,0.4106312394142151
1293840,842.1100130632477,500,False,0.18059128154216744,True,0.007641502062784303,0.46818962693214417
1293984,856.8874006515632,500,False,0.04520359141539722,True,0.007635940441104343,0.5951960682868958
1294224,897.9798276450397,500,False,0.1121753942027729,False,0.007603911526675568,0.6370941400527954
1294560,779.8281650906393,500,False,0.10003076779901375,False,0.007589804683141604,0.5023912787437439
1294608,847.7683568501067,500,False,0.10179467894667388,False,0.0075917386542828985,0.5099332332611084
1294752,883.8484210909376,500,False,0.0848040104743583,True,0.007577153618352529,0.608320951461792
1295120,838.2395726451264,500,False,0.11341529126197426,False,0.007568697970430779,0.5029487609863281
1295312,759.6511843274627,500,False,0.060521505805526246,False,0.007517534826850442,0.5075391530990601
1295552,848.6750424495975,500,False,0.07256306565069633,False,0.007547731659276792,0.46630680561065674
1299216,859.6447930341395,500,False,0.08673837993426252,True,0.007557399100202444,0.5316674709320068
1300064,796.4569383439981,500,False,0.10900621358260504,True,0.0077776613426641635,0.6051374673843384
1300544,894.0861715232007,500,False,0.031568499107612814,True,0.007784725213839538,0.5122196674346924
1300672,873.3309671627825,500,False,0.03476991439890188,False,0.0077768916580974595,0.45742201805114746
1300864,797.4827547099309,500,False,0.12399161176166622,False,0.00779957692642594,0.524387001991272
1300880,789.0613507065086,500,False,0.09044560589636529,True,0.007781782736399223,0.4297860264778137
1301792,842.1690871983802,500,False,0.055174667117477004,False,0.007779637410061511,0.5319232940673828
1301840,842.1377543740894,500,False,0.03860008393495722,True,0.007789402441939552,0.3940226435661316
1301984,832.2828715363555,500,False,0.037785039052995434,True,0.007800950553036167,0.46948739886283875
1302224,850.3477341925118,500,False,0.08493310702776669,True,0.007794731156016653,0.7681160569190979
1302560,838.1629010557775,500,False,0.06992119622278553,True,0.0077462576768181236,0.5429517030715942
1302608,813.7271504110366,500,False,0.01891873125153309,True,0.007759021772217205,0.5568623542785645
1302752,868.1962367436728,500,False,0.019807302717859535,False,0.007752518527437255,0.37063169479370117
1303120,778.9564136705955,500,False,0.0685313684304474,True,0.00774852075759246,0.5700552463531494
1303312,726.0279554128495,500,False,0.13995598636849504,True,0.007838842243594123,0.6235271692276001
1303552,835.5290677171682,500,False,0.0323232083311028,True,0.007819944334455313,0.46934056282043457
1307216,863.7556883831028,500,False,0.027262962291868743,False,0.007758143469661636,0.6209346055984497
1308064,801.3101940608556,500,False,0.060560071568047845,True,0.007754583638780139,0.5392782092094421
1308544,915.7052272990078,500,False,0.021434175575940267,True,0.00776371432374762,0.5517977476119995
1308672,771.9515707966707,500,False,0.10265484085271168,True,0.007753789317031016,0.5411947965621948
1308864,779.165924965749,500,False,0.07721614527052494,True,0.007785006204200625,0.5442692041397095
1308880,870.9748731668732,500,False,0.053854838899588565,True,0.007798283449144423,0.5067933201789856
1309792,840.3294825809285,500,False,0.04968921052209712,False,0.007797893600139325,0.5016484260559082
1309840,866.785577952704,500,False,0.07480539718389118,True,0.007748280611280643,0.5191571712493896
1309984,855.8589185656487,500,False,0.0297081437743634,True,0.007749725537587625,0.53325355052948
1310224,763.4314592178281,500,False,0.062027077777906385,True,0.007728895585587089,0.43931323289871216
1310560,807.6801787718701,500,False,0.09448301287843112,True,0.007696749672073046,0.5458208322525024
1310608,832.9719960203385,500,False,0.05934729585702074,True,0.0075631296183516624,0.5528723001480103
1310752,815.0192895444362,500,False,0.06792200570051492,True,0.007570875047588194,0.5439558029174805
1311120,862.0734212844665,500,False,0.03561165403718728,False,0.007621207752951513,0.5321550965309143
1311312,829.1903958630553,500,False,0.0832423082647485,True,0.007643054353635968,0.48189181089401245
1311552,818.8809481985461,500,False,0.03559632202514434,True,0.007641104732312425,0.4473983347415924
1315216,831.2314332610681,500,False,0.10227248481628298,True,0.007607992131946549,0.45338088274002075
1316064,869.5965961642203,500,False,0.05786404909002959,True,0.007432107893970647,0.4622363746166229
1316544,819.9358144430705,500,False,0.07256349176334534,True,0.007406439378541774,0.6390078067779541
1316672,905.6389008838014,500,False,0.040834325040825535,True,0.007643195244271349,0.5743603706359863
1316864,856.0997297790758,500,False,0.05486486342235087,True,0.007646639831588333,0.47997549176216125
1316880,886.6658514629187,500,False,0.03742005927374373,True,0.007585465355763778,0.5787143707275391
1317792,776.4667414535913,500,False,0.10437366951805688,True,0.007578090427579171,0.5507947206497192
1317840,877.195525546446,500,False,0.033238815903309016,True,0.007522589478613273,0.5492638349533081
1317984,805.8059390983161,500,False,0.03540497594563192,True,0.007506750904419113,0.4900154769420624
1318224,847.0872038622159,500,False,0.03834560040874518,False,0.007445635997261154,0.49054527282714844
1318560,867.8997538444606,500,False,0.044002203746647185,True,0.007463190908538523,0.4932318925857544
1318608,830.4047549844761,500,False,0.04374464897568399,True,0.007464768020907136,0.44389352202415466
1318752,822.9002437120561,500,False,0.03610194278680906,False,0.007465450715307815,0.5104644894599915
1319120,810.5042660691292,500,False,0.11851565618996626,True,0.0074603777977423,0.6865360736846924
1319312,795.6422263393132,500,False,0.10021409434587837,False,0.007502745345933971,0.5453801155090332
1319552,807.8811740494693,500,False,0.0686792746524431,True,0.007557390870436515,0.5329476594924927
1323216,772.7161483728908,500,False,0.041405594069428966,True,0.007506908516474152,0.5449477434158325
1324064,841.4317324382557,500,False,0.04625995226837001,False,0.0077622015006890985,0.6133397221565247
1324544,845.6378745294757,500,False,0.09178798930515561,True,0.007552017596929501,0.4823980927467346
1324672,853.5310684845784,500,False,0.024311916905912716,False,0.007331259261138447,0.5208073854446411
1324864,814.4955856768856,500,False,0.031968843054575,True,0.007331160882414377,0.44708794355392456
1324880,822.0234034239911,500,False,0.06482369764974756,True,0.007331852968005471,0.5746320486068726
1325792,785.9558386525629,500,False,0.034764224169829924,True,0.007333708575419799,0.6583918929100037
1325840,851.4894930482385,500,False,0.03830144397785853,True,0.0072830255008237985,0.48608091473579407
1325984,797.8895478762302,500,False,0.0860586934251326,False,0.007277613035892872,0.46061673760414124
1326224,779.9114055154497,500,False,0.11775314016317048,True,0.007248483538363161,0.5130278468132019
1326560,836.7757824400554,500,False,0.03948695060221054,True,0.007291673976934416,0.39925485849380493
1326608,835.1819967643472,500,False,0.05002791743467401,True,0.007328630264169728,0.6007626056671143
1326752,831.933353505908,500,False,0.04965057154616986,True,0.007329873135856936,0.48353296518325806
1327120,783.5775207435038,500,False,0.02841222599442379,True,0.007380474525239732,0.565838098526001
1327312,818.2040719872081,500,False,0.07033428695872856,True,0.007367927478019481,0.42415329813957214
1327552,819.1426016410862,500,False,0.026399643106369126,True,0.007361195486147954,0.46281561255455017
1331216,845.8078047663054,500,False,0.09063716098933064,True,0.0073537479899946565,0.4915083646774292
1332064,809.3285699998157,500,False,0.03917193478972585,True,0.0073020578327904415,0.44167953729629517
1332544,785.3628545072585,500,False,0.07414958540256975,False,0.007169377037067768,0.4656619429588318
1332672,873.2683553540686,500,False,0.043015938211925966,True,0.0071569796646617145,0.3992796540260315
1332864,781.4067330687858,500,False,0.038640547647152405,True,0.0071701614015708065,0.3980723023414612
1332880,824.8809990444386,500,False,0.07270763626339452,False,0.007189799192975732,0.48340296745300293
1333792,834.0920862491247,500,False,0.041265159265131246,True,0.007201051960758693,0.5320640802383423
1333840,808.2704461841182,500,False,0.06581148278595983,True,0.007342586529222788,0.3913409113883972
1333984,817.9038350850606,500,False,0.06231884057945978,True,0.007329318487891243,0.4172206521034241
1334224,784.7816136971624,500,False,0.06996945617293784,True,0.007280469753367319,0.49693164229393005
1334560,860.0968225370164,500,False,0.03564573143503185,True,0.007217855250674706,0.594649612903595
1334608,833.2453127051851,500,False,0.056545839198929186,True,0.007200345135180875,0.6014879941940308
1334752,826.6220710070576,500,False,0.04592083241532393,False,0.007188644438022922,0.6597814559936523
1335120,796.5628860748988,500,False,0.13305654014120327,True,0.007159367951827282,0.4231965243816376
1335312,880.0114828004571,500,False,0.056252049996106036,True,0.007240435134864052,0.5930217504501343
1335552,885.830292349814,500,False,0.05021453365303187,False,0.007226152717826256,1.0256567001342773
1339216,863.066060686408,500,False,0.015359823760175447,True,0.007200507887186849,0.5916838049888611
1340064,841.2633605827152,500,False,0.008909676868866933,True,0.006968922852926568,0.47445857524871826
1340544,860.323213025723,500,False,0.09565043346844757,True,0.007223995643509364,0.5098714232444763
1340672,853.5676590402094,500,False,0.046596411829331795,True,0.0073342814662523854,0.5054236650466919
1340864,817.1718447539013,500,False,0.09171635274650661,True,0.007306323922495361,0.4617304801940918
1340880,816.0899861125534,500,False,0.029157287628942135,True,0.007272576273298131,0.5754187107086182
1341792,841.3472717239866,500,False,0.10546562760497867,True,0.007270311756863794,0.5061962604522705
1341840,774.8135039276528,500,False,0.043429047667757556,False,0.007133131407142291,0.6260033845901489
1341984,808.5312220071198,500,False,0.031045056533353932,True,0.007126361738685489,0.5286180973052979
1342224,812.2244409461173,500,False,0.07609925870337612,True,0.007095276671441156,0.5581771731376648
1342560,784.0424033122964,500,False,0.09099709052637568,False,0.007121367648799433,0.539762020111084
1342608,880.7101928043259,500,False,0.0615631462450713,True,0.007240925897164576,0.46980035305023193
1342752,846.0890822613833,500,False,0.02160491647331901,True,0.007258515658746129,0.40585821866989136
1343120,835.5362693792246,500,False,0.07943411683103696,True,0.007246716561705671,0.534915566444397
1343312,856.344879706004,500,False,0.078695871120482,True,0.007234759096746491,0.4789157807826996
1343552,775.2941303010061,500,False,0.07887745492607011,True,0.007215352246533329,0.5425311326980591
1347216,868.9222240325113,500,False,0.01948618329887771,True,0.007248796967469464,0.4891132712364197
1348064,860.9301134740649,500,False,0.04822623036551971,False,0.007154721568437022,0.46221819519996643
1348544,829.2368240710838,500,False,0.12628333953623194,True,0.007062668528364913,0.48625338077545166
1348672,823.3142672817361,500,False,0.04791550766479005,True,0.007029416013623581,0.4899216294288635
1348864,793.1994046052166,500,False,0.13534070679226218,False,0.006996613574159524,0.6472854614257812
1348880,854.5103574793288,500,False,0.16496237182153292,True,0.006927542966725852,0.5639801025390625
1349792,845.9483215176588,500,False,0.04657218685164562,True,0.0069244829860485545,0.4818091094493866
1349840,826.8146857213899,500,False,0.03333134339682257,True,0.006776291569104884,0.5022188425064087
1349984,857.5009145740275,500,False,0.0458079771667738,True,0.006777406018387808,0.49898403882980347
1350224,827.3073466887852,500,False,0.1070421658698982,True,0.00676497499029235,0.41878360509872437
1350560,857.3413526429958,500,False,0.09340267784313659,True,0.006734788434102265,0.48399484157562256
1350608,845.6375651900028,500,False,0.0690950883343793,True,0.006677683417718047,0.5180073976516724
1350752,885.2586273409787,500,False,0.042259020127835056,False,0.006684831590682658,0.5906133055686951
1351120,875.2668027774827,500,False,0.06177840104272023,True,0.006711616564053649,0.48782289028167725
1351312,802.8316967116817,500,False,0.10705447463293996,True,0.006857631960410036,0.6684960722923279
1351552,846.3430517813235,500,False,0.07569865896160427,False,0.006879080236014425,0.5917275547981262
1355216,852.1903168398436,500,False,0.11660449981780885,True,0.006917894198606621,0.5166652798652649
1356064,843.7396905218189,500,False,0.06043735763803809,True,0.006915245180355476,0.3958829343318939
1356544,817.0285243933348,500,False,0.015039181887794099,True,0.007067574548865542,0.6196587681770325
1356672,859.9555607876856,500,False,0.06660754807252503,True,0.007097095457774263,0.48232364654541016
1356864,809.2686648748771,500,False,0.0317258109329285,True,0.007103674564009542,0.6249456405639648
1356880,818.4817853475796,500,False,0.06790147036286794,False,0.007109070447410247,0.6488628387451172
1357792,803.4224411709317,500,False,0.0423807843038104,True,0.007107270277407344,0.5383491516113281
1357840,860.5928465702416,500,False,0.03122693971693461,False,0.00704361894054312,0.4925616979598999
1357984,796.7072851974079,500,False,0.05944808738598537,True,0.007034602919272126,0.4255225658416748
1358224,811.3590421943046,500,False,0.13799822534873135,True,0.007022468759377352,0.7380668520927429
1358560,891.6622241819839,500,False,0.017517970937575074,False,0.007016350189941751,0.6217647790908813
1358608,825.9468904867905,500,False,0.1035766331288546,False,0.006974480761909682,0.41947364807128906
1358752,826.6621730295481,500,False,0.11165388185107132,True,0.006978956559011894,0.4838251769542694
1359120,811.6826308701079,500,False,0.07557091067777243,True,0.006991532684915353,0.5360591411590576
1359312,844.1396563463721,500,False,0.026129025774474086,True,0.00706323620355448,0.4584680199623108
1359552,819.386353165676,500,False,0.01854060737844798,True,0.007106379285277405,0.4944654703140259
1363216,810.8890509862891,500,False,0.05215401311998395,True,0.0070898101222973955,0.7255971431732178
1364064,750.6607583144302,500,False,0.23671937884907193,False,0.006880226767491757,0.4865897595882416
1364544,795.618146248293,500,False,0.027687445486619038,True,0.006927079736191941,0.47694048285484314
1364672,844.3893701802141,500,False,0.08524945432891243,True,0.006901171407333979,0.6262365579605103
1364864,854.1142166657659,500,False,0.06804479076420612,True,0.0068671517344800195,0.4186922311782837
1364880,847.7256997337978,500,False,0.06793942159793166,True,0.006787701120319905,0.711349606513977
1365792,888.3290698251838,500,False,0.1217445863146373,True,0.006778727742996397,0.5780785083770752
1365840,742.659411791463,500,False,0.11130569353559663,False,0.00669311982419683,0.44170379638671875
1365984,867.8287873696185,500,False,0.043314455615511505,True,0.0067191874762793325,0.42583006620407104
1366224,831.5327419362662,500,False,0.05202182853231573,True,0.006753953335521657,0.49662941694259644
1366560,838.4112906155759,500,False,0.05171097771770305,True,0.006877560052822279,0.5004239082336426
1366608,852.1391929339351,500,False,0.04267659121649672,True,0.006912116058488407,0.5652934908866882
1366752,872.9821235551344,500,False,0.012251941925222236,True,0.006917586465461083,0.5503972768783569
1367120,797.190443377773,500,False,0.040956533314445244,True,0.006950907963404536,0.5171706080436707
1367312,834.7301676372895,500,False,0.05232784480749802,True,0.007047605860592947,0.4552680253982544
1367552,808.1977870390133,500,False,0.11111959375882031,True,0.0071525023906806465,0.49035295844078064
1371216,817.7603276685475,500,False,0.023804635038096978,True,0.007221517007058645,0.4699895977973938
1372064,820.9250469846357,500,False,0.03278555185491113,True,0.007012212336583398,0.40622344613075256
1372544,875.5690326545313,500,False,0.027470044611012594,True,0.0070691888171914435,0.49106624722480774
1372672,823.7695586875642,500,False,0.03972773616833723,False,0.007119070782161275,0.4449118971824646
1372864,860.2565647204901,500,False,0.04870630297849983,False,0.0071014130092368856,0.46978047490119934
1372880,877.1379804377749,500,False,0.058252528969898576,True,0.007074990848667019,0.5197895765304565
1373792,817.2205708166346,500,False,0.028420533091804114,False,0.007073779067527971,0.48584091663360596
1373840,870.8025943747585,500,False,0.07123781918958637,True,0.006812186923901827,0.4892970621585846
1373984,841.0404652593265,500,False,0.02623982910030532,False,0.006804158305249636,0.4375283420085907
1374224,849.5154197723407,500,False,0.03966579471041676,True,0.006766194978385533,0.37602299451828003
1374560,899.3675743888716,500,False,0.00890591331772017,True,0.006736367172538131,0.38401901721954346
1374608,837.4151005380537,500,False,0.03382249603075946,True,0.006738060751222511,0.590280294418335
1374752,863.0027294960005,500,False,0.04269878266617584,True,0.006733471785989982,0.6547642946243286
1375120,837.0070462515326,500,False,0.10297931492120702,True,0.006717889701780216,0.4656688868999481
1375312,816.9261459789413,500,False,0.07817038905757805,True,0.006608581942425538,0.4595969021320343
1375552,801.9691015299991,500,False,0.036109131868303015,True,0.006656491694073236,0.34687426686286926
1379216,839.0304018242632,500,False,0.06460724672040156,True,0.006740306083461239,0.38957157731056213
1380064,828.8241175584174,500,False,0.08763568743146086,False,0.00660992018853785,0.3880089819431305
1380544,784.0746651672466,500,False,0.11754762869635971,True,0.006624785724503032,0.5425102710723877
1380672,788.2504480552627,500,False,0.18963782082056005,True,0.006767102455302084,0.5887090563774109
1380864,846.4457139556598,500,False,0.030549462259813486,True,0.006790794548016118,0.47931843996047974
1380880,832.5855805595846,500,False,0.0456901367158723,True,0.006833848038269416,0.4643191695213318
1381792,852.5799547617684,500,False,0.03366664460500819,True,0.006837915037006561,0.35677945613861084
1381840,804.3372398088826,500,False,0.08078441781477042,True,0.006833462251963534,0.3855952322483063
1381984,853.5720868627545,500,False,0.04605277918179628,True,0.006822786253850395,0.8427601456642151
1382224,765.264962897898,500,False,0.07492739143001713,True,0.006795496648985024,0.4969557523727417
1382560,851.4231002938651,500,False,0.07559193736986267,True,0.006792735456531188,0.4970017671585083
1382608,852.007583833741,500,False,0.06001139924886549,False,0.0070230650464674325,0.5382705926895142
1382752,807.4588333446757,500,False,0.048467536152797495,True,0.0070491342746274,0.5492382049560547
1383120,824.8260066550605,500,False,0.05324680371455283,True,0.0070504008648806,0.4353943467140198
1383312,798.9809329808327,500,False,0.05370446147553534,True,0.007058976648572167,0.5418131947517395
1383552,796.2804590863101,500,False,0.1380599381317588,True,0.007035284541865593,0.40405601263046265
1387216,848.9475135506042,500,False,0.015908015181328415,False,0.007070986180912224,0.46670079231262207
1388064,905.6076988543723,500,False,0.053719138973675175,True,0.006840735972300561,0.5056852102279663
1388544,886.8191054154838,500,False,0.03712533763808601,True,0.006696481731464819,0.36950820684432983
1388672,836.0083798490159,500,False,0.033796488332580144,True,0.006608998575848401,0.529266893863678
1388864,790.8851120651962,500,False,0.08013919352922984,True,0.0065988113119128805,0.4449990689754486
1388880,872.6447239184821,500,False,0.028154302884132218,True,0.006628316820878179,0.5219383239746094
1389792,847.6166010881118,500,False,0.06466458950344209,True,0.0066296174320728775,0.4423009157180786
1389840,838.0544626435834,500,False,0.06255488140960766,True,0.006627428426886292,0.45594558119773865
1389984,878.8636306254913,500,False,0.060196228784857746,False,0.006611304410681547,0.4193105697631836
1390224,893.8162464683053,500,False,0.08162795816716821,True,0.0065882359662985885,0.5881288051605225
1390560,818.5929748917629,500,False,0.07819465396000148,True,0.006549978466388353,0.42263445258140564
1390608,807.7704023895677,500,False,0.095164112244471,True,0.006535796382905519,0.5087300539016724
1390752,849.5003615647342,500,False,0.043479747284070995,True,0.00655014412284109,0.5287253856658936
1391120,888.0232162988614,500,False,0.024432455471818937,True,0.00661662353642353,0.4659518599510193
1391312,747.0685204019098,500,False,0.07405716992777131,True,0.006685199389826981,0.5012832880020142
1391552,818.1258600850426,500,False,0.09658942660131087,True,0.006705652056229922,0.4442695081233978
1395216,876.4112257614397,500,False,0.03692665522497888,True,0.006772089288739696,0.45867615938186646
1396064,774.2482217968754,500,False,0.1408244171047989,True,0.006796662723997109,0.6114065647125244
1396544,867.4418417897581,500,False,0.08535034064435247,False,0.006668170578244838,0.3433624505996704
1396672,841.4600103990209,500,False,0.043568368695841506,True,0.00656518730916145,0.423963725566864
1396864,808.1068019230015,500,False,0.05783329414197252,True,0.006606622538336668,0.3861744999885559
1396880,820.7389438653378,500,False,0.08040456221861624,True,0.006569308502744847,0.49828797578811646
1397792,847.9458477894433,500,False,0.018376066508279946,True,0.006568582041750813,0.4139840006828308
1397840,877.9715407775017,500,False,0.02556247227884678,False,0.0064953724637954405,0.4832267761230469
1397984,831.0793133750179,500,False,0.058089933591347294,True,0.006494289642287165,0.357643723487854
1398224,799.8686777804484,500,False,0.057361101588810484,True,0.006466959572051462,0.4556993246078491
1398560,820.7102682334182,500,False,0.014885328639463744,True,0.006392262269547762,0.509734034538269
1398608,850.0599925860749,500,False,0.0665354541270136,True,0.006397997293300373,0.4794386029243469
1398752,759.7230917827973,500,False,0.11477430256353235,True,0.006399490576105224,0.45744356513023376
1399120,851.8306675562543,500,False,0.06208341373761925,True,0.006390084291893084,0.4743872284889221
1399312,848.4247802199519,500,False,0.06631327346967511,True,0.006412158344220859,0.5450297594070435
1399552,795.7908487179935,500,False,0.028258866136107834,True,0.006468003311106032,0.5201014876365662
1403216,838.1801826691316,500,False,0.07005367264171261,False,0.006646703152920719,0.5628509521484375
1404064,843.2786005170071,500,False,0.037671037648262545,True,0.006707548239950831,0.5410485863685608
1404544,857.960225162898,500,False,0.044985043363384665,False,0.006710400512940541,0.5015977025032043
1404672,858.1506436478094,500,False,0.05940100707099087,False,0.006733955810302197,0.6050812005996704
1404864,834.6009068373746,500,False,0.03816317774157584,True,0.00669496628291473,0.5334864258766174
1404880,873.6384154481412,500,False,0.03965256839723316,True,0.006638179694929892,0.506548285484314
1405792,825.9419837425831,500,False,0.03593723013034677,True,0.006633343322988021,0.49274763464927673
1405840,891.4061470669297,500,False,0.0668160628335239,True,0.006677123424496765,0.49290502071380615
1405984,801.9120367795075,500,False,0.07594056131436065,False,0.0066804975593354925,0.4877563416957855
1406224,784.4328947912163,500,False,0.1169110822665559,True,0.006695442277024835,0.5716220140457153
1406560,797.2589989160685,500,False,0.07358490617851175,True,0.006731146147269126,0.4113799035549164
1406608,812.6751492394525,500,False,0.05534504973959182,False,0.006687012671718979,0.48077043890953064
1406752,844.7195786254521,500,False,0.033936409748008725,True,0.006689080581341239,0.48346129059791565
1407120,817.8095130243034,500,False,0.04503567530602198,True,0.006696566388123411,0.4331161379814148
1407312,819.3059904232845,500,False,0.04742265812381379,True,0.006758413449959369,0.45699381828308105
1407552,835.4337208542235,500,False,0.038215632226155705,True,0.00670766482787921,0.46463194489479065
1411216,817.2902435359707,500,False,0.06149414204709531,True,0.0067049999051374065,0.48422741889953613
1412064,813.7051173846726,500,False,0.10712799807829207,True,0.006997029016618276,0.48086583614349365
1412544,833.1708349671459,500,False,0.04085068752561642,True,0.007003469882457165,0.35268378257751465
1412672,878.6551917801968,500,False,0.08798228987160307,True,0.006884159874481419,0.6357996463775635
1412864,842.1228832943914,500,False,0.05365846368194408,True,0.00684297045522369,0.42102399468421936
1412880,865.951853587748,500,False,0.02476081149465864,True,0.0068527094894567705,0.44646090269088745
1413792,826.841972520894,500,False,0.07658733952512876,True,0.0068552601872169504,0.40598276257514954
1413840,871.756352554211,500,False,0.07128461914935703,True,0.006699039580605577,0.5138640403747559
1413984,798.7977822067882,500,False,0.11912396901761547,True,0.006686693504206008,0.43049585819244385
1414224,788.3209996649791,500,False,0.08835290020823587,True,0.0066635311709415945,0.3730355501174927
1414560,814.4603468227216,500,False,0.05842887085614379,True,0.006748701534766382,0.5842437148094177
1414608,881.0163050755407,500,False,0.044713556062194605,True,0.006879737238064089,0.4851973056793213
1414752,832.4930357213524,500,False,0.062009705776327466,True,0.00689372068024425,0.5536503195762634
1415120,839.0089655182817,500,False,0.034744573256597834,True,0.006960815918750964,0.45897185802459717
1415312,896.3205977558786,500,False,0.035576690559916205,True,0.0069428210265653195,0.5253961682319641
1415552,787.5278351124134,500,False,0.08228668718384809,True,0.006947611311452917,0.5163663625717163
1419216,887.0739265441589,500,False,0.06310523523442009,True,0.006924607748528108,0.43344470858573914
1420064,853.4538599746621,500,False,0.039206429020840435,True,0.00709285845855378,0.3937382400035858
1420544,878.0720102969774,500,False,0.010749089875325466,True,0.00701512098715637,0.6053169965744019
1420672,844.883803794356,500,False,0.0815851534233024,True,0.007044210845810987,0.48573604226112366
1420864,840.7971328196189,500,False,0.039546889810931,True,0.007010938756332049,0.3893306255340576
1420880,802.2764114796087,500,False,0.13035835639207627,True,0.007023081392434288,0.794105052947998
1421792,798.5217389297375,500,False,0.08238189057368096,True,0.007024977045095567,0.5376819372177124
1421840,870.6709875478009,500,False,0.03441872606380622,True,0.007150207555144345,0.441659152507782
1421984,867.5129369133048,500,False,0.032922828639422606,True,0.007146867543766955,0.5213329792022705
1422224,859.7908992054831,500,False,0.05090805681221376,True,0.007126281716022383,0.5305682420730591
1422560,826.2142789595396,500,False,0.061666524539259096,True,0.007129017820454851,0.4496646821498871
1422608,831.8930749364343,500,False,0.023145489264782066,True,0.006969748939912577,0.4158147871494293
1422752,812.2359278593144,500,False,0.021617866718280386,True,0.006958372404009676,0.3907025456428528
1423120,876.8137476433751,500,False,0.05794949791739061,False,0.006922756109166256,0.39474886655807495
1423312,791.39726985491,500,False,0.10690354768607457,True,0.006834868410756761,0.5510455369949341
1423552,804.5855749818039,500,False,0.12403919058755959,True,0.0068021308202688,0.5711167454719543
1427216,827.1021954126007,500,False,0.09353152335265215,True,0.006734913529140548,0.44872915744781494
1428064,879.8989668882232,500,False,0.06856359353113621,True,0.00640009017982828,0.4771578311920166
1428544,790.7843753388851,500,False,0.07219165415461892,True,0.006465073635046436,0.45027321577072144
1428672,810.4616225667838,500,False,0.039129962268066386,True,0.0064922865373293875,0.39208653569221497
1428864,857.4383034636635,500,False,0.06687278377606475,True,0.006484599345326842,0.3746351897716522
1428880,812.509298289061,500,False,0.12902544026499266,True,0.006506939530883566,0.3768673241138458
1429792,864.1254575300612,500,False,0.05236701840835627,True,0.006508121225718928,0.44595426321029663
1429840,791.3815788805642,500,False,0.1531399640702991,True,0.006469704372276397,0.571773886680603
1429984,821.8632823336171,500,False,0.06592106901522214,True,0.006477321253661684,0.43453606963157654
1430224,859.3330491023572,500,False,0.11433414503975158,False,0.0064992255224002125,0.4847792387008667
1430560,806.046586918512,500,False,0.015172472235245581,True,0.006548629131557411,0.5600059032440186
1430608,827.9730416732247,500,False,0.04538815566779458,True,0.006554876975645741,0.3910408318042755
1430752,814.3261781296699,500,False,0.05699793775928699,True,0.006575178585664774,0.3534370958805084
1431120,798.4957185460665,500,False,0.09392831070268745,True,0.006665997653572449,0.4470006227493286
1431312,758.5110315280668,500,False,0.10835436626626789,True,0.006699094222472543,0.4809633493423462
1431552,830.0050768125712,500,False,0.08640780069826083,True,0.006732319551485887,0.5052914023399353
1435216,815.3916733682967,500,False,0.03170782560546092,True,0.006736617783363819,0.3914724588394165
1436064,811.959902257447,500,False,0.055322623283861186,True,0.006367751529396598,0.44280266761779785
1436544,790.6310142256716,500,False,0.09303760985022537,True,0.0063115651091318475,0.45118582248687744
1436672,827.2422827186975,500,False,0.0803669142392969,True,0.006369683155248906,0.4145527482032776
1436864,809.0893189799189,500,False,0.03204797698931041,False,0.0064124791087622245,0.45088669657707214
1436880,830.3357749444901,500,False,0.05053916184266417,True,0.006466832758440972,0.40754613280296326
1437792,849.3995894200825,500,False,0.04397020225795717,False,0.006468607944044696,0.42540037631988525
1437840,907.0671075783487,500,False,0.06025946610340186,True,0.006437327440853727,0.4237212836742401
1437984,830.3717708144576,500,False,0.057343969972492595,False,0.006445357638793303,0.4207058250904083
1438224,860.4819647852927,500,False,0.07919661164124384,True,0.006516614739089831,0.4713391363620758
1438560,869.3355355913707,500,False,0.017100292147817213,True,0.006503552496295752,0.4850546717643738
1438608,861.604693782101,500,False,0.06990784681579898,True,0.006509057513479593,0.4388808012008667
1438752,839.2993723116499,500,False,0.02514820896920967,True,0.006508435097256882,0.470338374376297
1439120,856.6426985846191,500,False,0.06398769422275703,True,0.006495464464937139,0.5625694990158081
1439312,843.8684380710861,500,False,0.0717894836511779,True,0.006550322161217429,0.5332514047622681
1439552,758.4065508836758,500,False,0.06763697601091337,False,0.006554069457298033,0.5640159845352173
1443216,832.0248279860617,500,False,0.05286362598021437,False,0.00649587680386904,0.44081729650497437
1444064,836.693717915885,500,False,0.03381980767625398,True,0.006562412194020236,0.5190210342407227
1444544,894.5625468338176,500,False,0.05789719620359189,True,0.0066171255376849345,0.7375469207763672
1444672,793.1506799453366,500,False,0.03675452229809442,True,0.006662496782473642,0.38037723302841187
1444864,785.3597660049178,500,False,0.0599001552759738,True,0.006662737939799274,0.4265410900115967
1444880,858.6586962212152,500,False,0.04519004935274452,True,0.006620429423347023,0.41168028116226196
1445792,801.7213064063507,500,False,0.06170946274992908,True,0.00661943124715385,0.43180447816848755
1445840,850.1664695636421,500,False,0.08397343321156338,True,0.0064758499343519,0.4307452440261841
1445984,816.298212187348,500,False,0.05341522714314166,True,0.006466847333846873,0.44229215383529663
1446224,829.8621977479486,500,False,0.16614990642546437,True,0.006484923309052873,0.4646700620651245
1446560,834.7683981673795,500,False,0.05647370712581721,False,0.0065433558856296935,0.3703796863555908
1446608,835.7023232570938,500,False,0.05222922401740568,False,0.00656964925860884,0.3235795199871063
1446752,839.1576602118383,500,False,0.024964607141031676,True,0.006593327968145652,0.36198848485946655
1447120,792.4173026143366,500,False,0.06276311513235283,True,0.006658733042455519,0.41699182987213135
1447312,837.56021457975,500,False,0.01692563836126284,False,0.006622660042774741,0.4437602758407593
1447552,839.825374374861,500,False,0.0736722975918608,True,0.006635715759972283,0.40412193536758423
1451216,847.0504587200079,500,False,0.01857581352116513,True,0.006811528387060088,0.47800737619400024
1452064,829.0783762400889,500,False,0.031017549676059242,False,0.006622737207632351,0.4533296525478363
1452544,821.2804750660515,500,False,0.06407289021794547,False,0.006526373580096483,0.43483489751815796
1452672,853.8575249031607,500,False,0.05491475922976857,False,0.0066389354762082685,0.4742027223110199
1452864,772.8950141757635,500,False,0.09944161833309062,True,0.006659613999175855,0.47505658864974976
1452880,824.4674754985482,500,False,0.04291006731242347,True,0.0067113154966290355,0.5128282308578491
1453792,816.2123523330893,500,False,0.058954879820283364,False,0.006716167276334004,0.531772255897522
1453840,780.7564951593563,500,False,0.06386816055937967,True,0.006851773209708586,0.4293115735054016
1453984,787.5368638521601,500,False,0.11418027019633262,True,0.006866737953441507,0.40751707553863525
1454224,846.7332417268003,500,False,0.04449486390664393,True,0.0068958468694296764,0.3809327483177185
1454560,859.1674899665115,500,False,0.10221565049316074,True,0.006892652758755211,0.44394436478614807
1454608,863.3599690017375,500,False,0.07323220302097604,True,0.006831723654115451,0.4876115322113037
1454752,810.5578699606112,500,False,0.08329320148244021,True,0.006826851595773565,0.49766063690185547
1455120,893.7593066608342,500,False,0.0486772149036874,True,0.006815585341679898,0.397736132144928
1455312,832.0621869089885,500,False,0.06926481368701004,True,0.00686910735149388,0.41244399547576904
1455552,847.5539437566871,500,False,0.10590823007610084,True,0.006813892763166147,0.4881674647331238
1459216,866.5726353055567,500,False,0.03940380491023056,False,0.006796193261181245,0.5481013059616089
1460064,886.5491747989865,500,False,0.03430708292924785,True,0.006866126414898999,0.4377818703651428
1460544,732.4133332646032,500,False,0.11828561168297065,True,0.006784725213924481,0.414948970079422
1460672,817.2192433195737,500,False,0.055803721538116455,True,0.0066954909676976175,0.4188302755355835
1460864,857.5636693904731,500,False,0.07198749892022036,True,0.006661139079985426,0.4300938844680786
1460880,814.146002816893,500,False,0.0650161545259336,True,0.006605909520451392,0.48524224758148193
1461792,829.9159651641448,500,False,0.06840652793846329,True,0.006602559556522112,0.541759729385376
1461840,883.3755988186838,500,False,0.04476483280029429,True,0.006674569505385862,0.5060786008834839
1461984,828.0763083723114,500,False,0.05540864598184106,True,0.006689180009974693,0.40000104904174805
1462224,804.367799605139,500,False,0.041541246303755865,True,0.0067887188562742295,0.4013756811618805
1462560,824.1301679634289,500,False,0.0801847677821782,True,0.006708155284060739,0.48806270956993103
1462608,829.7177062792468,500,False,0.07789254539058496,True,0.006608709710027908,0.5042716264724731
1462752,791.7445716794188,500,False,0.07453161645754823,False,0.006590273554523063,0.5078827738761902
1463120,807.2591156833945,500,False,0.04887958083891981,True,0.006555273185550619,0.4263255000114441
1463312,831.4972336783882,500,False,0.06405464630006022,True,0.006579076783257764,0.4907452464103699
1463552,817.4107878724096,500,False,0.049490465366227435,True,0.006578848235435318,0.5046190023422241
1467216,825.0572585673916,500,False,0.08319954415227304,True,0.006564292282721915,0.3754967749118805
1468064,848.8699214125837,500,False,0.03310873205035567,True,0.006349057646881574,0.47116589546203613
1468544,868.184954653004,500,False,0.02412798540658783,True,0.006616922351268662,0.5464266538619995
1468672,826.812981563791,500,False,0.05438268365386804,False,0.006656688560632715,0.49390462040901184
1468864,840.8820788209165,500,False,0.012708486606931942,True,0.0066909624846648065,0.5004242658615112
1468880,717.9122204177721,500,False,0.03270303175929841,True,0.006703262649767906,0.44442909955978394
1469792,817.577404942451,500,False,0.0660164592349956,True,0.006703403283080609,0.5528236627578735
1469840,811.9930976689127,500,False,0.06716078053890952,False,0.006900402941042979,0.515664279460907
1469984,830.726818418246,500,False,0.06644521779053428,True,0.006908332441025646,0.5309265851974487
1470224,758.9195792010553,500,False,0.0569973004845403,False,0.006897695029845665,0.5044846534729004
1470560,830.628938735312,500,False,0.057426001104176456,True,0.00685742250232147,0.45958513021469116
1470608,842.9821882209474,500,False,0.018985557903559845,True,0.006777950848654327,0.49757739901542664
1470752,857.3562089187352,500,False,0.029716467483608063,True,0.00676395776068805,0.4904673099517822
1471120,864.6444047659263,500,False,0.1382634034864109,True,0.006751836134179463,0.5759332180023193
1471312,837.0343602899458,500,False,0.09907840229662375,True,0.006826581290666837,0.49067848920822144
1471552,762.3064412176109,500,False,0.11616358288430237,False,0.006865105822270167,0.47039085626602173
1475216,777.7779777759097,500,False,0.07091823869149581,True,0.006912000367139324,0.5253136157989502
1476064,823.3394068736029,500,False,0.025888683819027206,True,0.00680723107947691,0.4867333769798279
1476544,838.0708155479398,500,False,0.04031272531966425,True,0.00688677674624428,0.5456443428993225
1476672,825.3374618363761,500,False,0.10751652848226761,True,0.006960347949474842,0.34204772114753723
1476864,886.6304503275483,500,False,0.04054074335197747,True,0.006931980671822736,0.4386190176010132
1476880,825.7320001613466,500,False,0.06625858870681062,False,0.006895463674581612,0.42076921463012695
1477792,806.3347712308274,500,False,0.08980863859171703,True,0.006896481787502886,0.5311471819877625
1477840,843.8372373854336,500,False,0.026694566939149206,False,0.006880390178381544,0.5909529328346252
1477984,822.1309342676714,500,False,0.046826271415986706,True,0.006873934230073448,0.4433850646018982
1478224,892.3372376928091,500,False,0.03009631318623035,False,0.0068395308045077,0.4068538546562195
1478560,844.8290502000756,500,False,0.03839595120109651,True,0.0067742994561849545,0.5657808780670166
1478608,849.2327736590647,500,False,0.06878847181294132,True,0.006740484741319255,0.3731043338775635
1478752,824.6077695972722,500,False,0.046125420388842715,False,0.006756410546327727,0.4795728921890259
1479120,772.9620659849082,500,False,0.0581169611092868,True,0.006788261546162032,0.457701712846756
1479312,884.7950731941767,500,False,0.020727200922474855,True,0.006839398792058741,0.4377061724662781
1479552,835.2766846300489,500,False,0.030174340974787578,True,0.0067892942148587015,0.3944619297981262
1483216,892.7508712675144,500,False,0.06703696831310015,True,0.0067812297344318215,0.45235082507133484
1484064,879.392111985435,500,False,0.09697031265737949,True,0.006690039779084592,0.3726477324962616
1484544,875.9463080906215,500,False,0.009753665982610588,True,0.006984675266258765,0.4679478704929352
1484672,828.4290338227646,500,False,0.1280129232359362,True,0.006836192798165842,0.4555296301841736
1484864,827.2045728843123,500,False,0.1212769311463449,True,0.006831910899550047,0.4673655927181244
1484880,896.3056194921201,500,False,0.0181042577788087,True,0.006773703069695938,0.4344070255756378
1485792,866.5128580691022,500,False,0.08411773595235666,True,0.006764350754476955,0.4543378949165344
1485840,755.0669687388064,500,False,0.08447450662359211,False,0.006544763984235339,0.3951846957206726
1485984,852.2595936311014,500,False,0.028279525610370147,True,0.006551458039645747,0.4221884310245514
1486224,837.109949356343,500,False,0.11171734605118858,True,0.00655769941511871,0.5270575284957886
1486560,794.7955543804968,500,False,0.13607905211701915,False,0.0065909570782919005,0.3914215564727783
1486608,805.004025818856,500,False,0.11245360430075257,True,0.006562670495753565,0.4222533106803894
1486752,872.1717405570308,500,False,0.05275532680239416,True,0.006548943830758752,0.5623180866241455
1487120,765.4039178488179,500,False,0.11200338834530224,True,0.006508063703166188,0.4021296203136444
1487312,812.3507843836859,500,False,0.03056505157932157,True,0.006545471550370675,0.6123702526092529
1487552,816.9538827674845,500,False,0.05096683515441342,True,0.006553868822194128,0.4211421012878418
1491216,851.7594854693119,500,False,0.0791318227634173,True,0.006499933445590473,0.5174893736839294
1492064,812.8681025301299,500,False,0.10973931653765838,True,0.0064079704810185096,0.48415428400039673
1492544,864.0764431101409,500,False,0.08858867216662938,False,0.006428950965389711,0.327822744846344
1492672,862.0802351678582,500,False,0.049505202841525,False,0.006364938433911184,0.46422988176345825
1492864,863.5061274828241,500,False,0.05558451140401952,True,0.006366254147319828,0.471001535654068
1492880,852.0008790574974,500,False,0.05228889927265152,False,0.0064244722811831545,0.4374566674232483
1493792,814.8999959159898,500,False,0.04169711114488348,True,0.006429610606105375,0.6661150455474854
1493840,867.2432818529734,500,False,0.02562244085173819,True,0.006531182488388754,0.472580224275589
1493984,800.4580796491719,500,False,0.11339444150935053,False,0.0065369755981222865,0.49640631675720215
1494224,773.5809317496759,500,False,0.07171927231909093,True,0.006573262365859452,0.4602995216846466
1494560,766.3450526479194,500,False,0.09343874457142012,True,0.006621195359699463,0.4734513759613037
1494608,811.7529079270383,500,False,0.08759661880301126,False,0.006611717531390073,0.49037349224090576
1494752,790.1184014232324,500,False,0.06634563024892441,True,0.006610781338312244,0.3893333971500397
1495120,787.8346520294826,500,False,0.08583476088364969,True,0.006626965291738832,0.39525315165519714
1495312,783.8063628168413,500,False,0.0988054211840606,False,0.006693314525244255,0.39426735043525696
1495552,856.5241653200227,500,False,0.07871505345491417,True,0.006664923517732058,0.35443219542503357
1499216,844.8099216958758,500,False,0.017970261498227395,True,0.006651927840131941,0.48436176776885986
