step,return,length,crashed,final_dist,had_event,alpha,loss_q
976,-7.347375165081425,61,True,6.046979341153776,False,,
1152,-3.5032533975779314,72,True,6.154560131727097,False,,
1152,3.765268466828891,72,True,6.181348833355606,False,,
1232,-5.832308241207689,77,True,6.165864303952778,False,,
1344,3.9046268939576088,84,True,6.01975219783341,False,,
1424,22.70074109023995,89,True,6.111060400337797,False,,
1424,19.83524285676841,89,True,6.1042121471522846,False,,
1456,1.9118508923465605,91,True,6.084577928287836,False,,
1472,4.486997372661744,92,True,6.011865561121633,False,,
1568,15.839006703686007,98,True,6.074713081519687,False,,
1760,13.67306138187651,110,True,6.00268812920211,False,,
1776,32.18742646030437,111,True,6.071120889607867,True,,
1968,-5.4154129960115895,123,True,6.084985783334296,False,,
2080,-7.0610195333549655,69,True,6.061299801294291,False,,
2160,8.781189002598607,135,True,6.087229513214066,False,,
2304,39.81011927084067,144,True,4.949215799349958,False,,
2384,-16.216214523212617,77,True,6.061760967433596,False,,
2560,-11.248626385305936,71,True,6.043544841578136,False,,
2576,-6.033597156263582,77,True,6.019627466831492,False,,
2624,-8.975158398963716,164,True,4.223574290620991,True,,
2688,6.224886799410292,76,True,6.025857978076267,False,,
2704,-5.851225481801459,92,True,6.054449649732239,False,,
2992,-6.496181962342059,96,True,6.126426533101981,False,,
3040,-12.560487619478245,80,True,6.091533596194915,False,,
3280,-17.003595504642025,82,True,6.102852371020462,False,,
3344,9.932620099306222,98,True,6.09802169162986,True,,
3536,22.664788237141387,53,True,1.998730687151212,False,,
3584,6.452205689022252,89,True,6.090098943991293,False,,
3584,-11.085824198191963,94,True,6.022397519847816,False,,
3600,36.55448622648464,127,True,6.13442242246545,False,,
3744,-3.287649597070091,73,True,6.125343821089038,False,,
3760,24.796302586771972,86,True,6.130331877360204,False,,
3888,-3.5344724627243256,74,True,6.084082388940685,False,,
3968,13.085164824930036,176,True,6.195269965263834,False,,
3984,8.29166309461047,85,True,3.1148667850029974,False,,
4016,4.639733109155513,91,True,6.028985425275621,False,,
4016,2.066537578354273,107,True,5.20863419128503,False,,
4096,-13.000971164119376,167,True,6.045439736329575,False,,
4496,-2.432541528250658,72,True,6.162432171383165,False,,
4544,6.7374337638733905,94,True,6.006369824111231,False,,
4608,-12.765895283088952,64,True,6.114102451474112,False,,
4624,-1.971915279159301,102,True,6.012361773208384,False,,
4800,20.461821235822075,75,True,2.7988812187124776,False,,
4960,4.8009832231452965,105,True,6.125676771593661,False,,
5056,-13.968757706735754,73,True,6.05570964561717,False,,
5088,14.131269832127046,97,True,6.0666978880701175,False,,
5184,-15.188416407517174,73,True,6.116620185983853,False,,
5392,21.498769269733213,113,True,6.0573867688604475,False,,
5536,27.600660024086697,98,True,6.148076431827371,False,,
5568,10.740355195764613,59,True,3.5724669097993806,False,,
5616,33.3802539236396,117,True,6.027701633141034,False,,
5616,11.110967869353571,95,True,6.082940690107726,False,,
5664,15.366209271763164,105,True,6.051047671286151,False,,
5664,-5.980725899722919,73,True,6.048050641245955,False,,
5744,10.283154217865732,108,True,6.0779254735282215,False,,
5968,-1.6452404696910499,85,True,6.112580565787315,False,,
6208,-1.3821989615433043,104,True,6.1650803559346,False,,
6224,8.761545114790419,154,True,5.493048564984932,False,,
6272,13.827989881292748,82,True,6.002458187084366,False,,
6352,-11.694238522118264,81,True,6.013128488528969,False,,
6480,-2.2967931726975763,87,True,6.033016521850999,False,,
6688,-14.23695600221452,64,True,6.0590059907029366,False,,
6768,1.7388991888524625,77,True,6.022426775368561,False,,
6800,38.94520677171235,71,True,1.6982630832797876,False,,
6832,19.461325103013134,127,True,6.059093984459599,False,,
6928,13.51620448409977,85,True,6.087803334647911,False,,
6976,-14.934253263883507,85,True,6.080045397370989,False,,
7104,4.172670722158228,107,True,6.031863863329773,False,,
7168,27.899163202055178,89,True,6.145509157660986,False,,
7248,-19.93882494407717,129,True,5.548915433340904,False,,
7504,6.721179515177054,80,True,4.83452240811561,False,,
7568,11.356271754639302,85,True,6.131400369988323,False,,
7600,3.014035975343635,102,True,6.073904351934949,False,,
7664,8.678606374099363,128,True,6.075582215210912,False,,
7904,23.846834804045763,89,True,6.0816763191011285,False,,
8000,-12.108702953996966,64,True,6.005656411092706,False,,
8112,12.773300453054423,110,True,6.072001058596793,False,,
8336,-17.66270447212092,77,True,6.051341905764701,False,,
8448,0.1472154332690696,95,True,6.037381610994797,True,,
8496,13.48367878784592,106,True,6.043684795286651,False,,
8528,19.185882119315487,110,True,6.044161171837627,False,,
8560,28.06051630299047,117,True,4.234991382258613,False,,
8880,31.345786589332015,163,True,6.046893850544097,False,,
8896,-3.003809367575971,103,True,6.026265069169071,False,,
9008,14.209115349291228,136,True,6.1259004165369575,False,,
9072,15.351173928063202,98,True,6.133545711897866,True,,
9152,2.2123311711612015,99,True,6.098372548586511,False,,
9232,13.781197741707699,129,True,6.066579838970855,False,,
9280,-14.728377823946742,59,True,5.8135004291888555,False,,
9312,-14.433741824038346,54,True,6.082652429843298,False,,
9312,22.42131707570475,107,True,6.044151606103778,False,,
9424,9.73352814177142,95,True,6.120704250184943,False,,
9504,-0.8583172459182951,87,True,6.003408991246911,False,,
9520,3.5020247665505178,116,True,6.035157909068365,False,,
9808,13.79933099101315,113,True,6.005786052793925,False,,
9840,-5.547648274534458,82,True,5.189429628854574,False,,
9936,20.215753676748456,86,True,6.065358430767347,False,,
9936,-13.329640629666695,66,True,6.02305602469759,False,,
10128,-1.3583978745195555,102,True,6.013187989925269,False,,
10336,10.832947038101237,74,True,6.073539193203076,False,0.19802784045092978,5.588681221008301
10416,3.137009913060478,95,True,6.058881102785381,False,0.1949604809940008,1.8102490901947021
10544,13.554611462992158,77,True,6.003106164437419,False,0.1937955672051303,1.6783030033111572
10608,8.061307341874521,42,True,1.7638529785237955,False,0.19194513564439125,3.2334280014038086
10688,1.764045110283826,88,True,6.124819963938076,False,0.19102669609453396,1.5926978588104248
10688,-8.624448425770899,91,True,6.109618425006996,False,0.19102669609453396,1.5926978588104248
10720,1.2294788065292366,107,True,6.023898450791761,False,0.1898849954299995,1.6466050148010254
10720,-6.589719630311101,103,True,6.090669676473415,False,0.1898849954299995,1.6466050148010254
10736,-15.71075285118561,82,True,6.13865244746958,False,0.18943038113287672,1.6730207204818726
10816,0.4330022020602424,81,True,6.113488489901601,False,0.18920341846011574,1.5885695219039917
11072,22.941028134646942,59,True,3.6024780426955845,False,0.18807510822661216,1.7606545686721802
11120,4.512194845916582,113,True,6.153406664337739,False,0.18451262961771908,2.4645209312438965
11168,-8.43299012024725,47,True,4.9592030472844,False,0.18385274385829092,0.842964768409729
11200,-1.7972646171138766,85,True,6.162536061179197,False,0.18319375521801018,2.710452079772949
11456,7.941871639809902,103,True,6.053576369607208,False,0.18275590475984124,4.036107063293457
11472,0.5291169119953807,123,True,6.016763953895079,False,0.1792985681766328,0.7074766159057617
11744,-6.810171722037898,66,True,6.096613044185161,False,0.17908466728539713,1.959787368774414
11904,-8.38583049966931,76,True,5.106407666246255,False,0.17549941912842804,1.6984374523162842
11952,8.39788045502328,76,True,6.144315957820844,False,0.1734242907202336,1.2952933311462402
11968,5.997292341125627,85,True,6.026426432574723,False,0.1728082615072213,0.6229821443557739
12032,2.621273184865064,76,True,6.010590913796816,False,0.1726035563321375,0.7405261993408203
12048,-5.943112141315227,83,True,6.13025500882853,False,0.17178541805607817,1.0396604537963867
12048,16.153779560427335,107,True,6.1237686161079505,False,0.17178541805607817,1.0396604537963867
12048,-16.060237261881095,94,True,6.050427804408895,False,0.17178541805607817,1.0396604537963867
12192,-8.125344655954233,92,True,6.01829750789324,False,0.17158153879325852,1.1676957607269287
12304,-5.104566715800528,74,True,6.18351312435762,False,0.16976154126311752,2.2370195388793945
12448,6.208564506458913,80,True,6.082026863240565,False,0.16836449122851171,2.9720025062561035
12544,22.182545808710962,84,True,6.098542789821335,False,0.16658724882180836,0.9841213226318359
12544,3.665578158584605,92,True,6.046056105461089,True,0.16658724882180836,0.9841213226318359
12576,-12.65368700074509,69,True,6.033695169115779,False,0.16540675879279446,0.2083258330821991
12704,1.347499456292537,78,True,6.018120741784763,False,0.16501635798574082,0.9040480852127075
12832,13.981471952965277,49,True,1.3820636160289506,False,0.16346474080381693,1.7296717166900635
12896,-11.160403971906756,72,True,6.004225529418748,False,0.1619218722088239,1.3111027479171753
13152,-16.16280336996803,78,True,6.069327849757471,False,0.16115714397769199,1.7654707431793213
13200,23.25151233669942,77,True,2.7411475393624833,False,0.15813800408977313,0.4244818091392517
13232,45.33670943201495,206,True,3.0767160533474724,True,0.15758060115066563,1.3874585628509521
13232,25.857952980988266,80,True,6.072358328905563,False,0.15758060115066563,1.3874585628509521
13520,30.406633880800513,92,True,6.07437119106505,True,0.157210526852488,0.40658992528915405
13664,-12.628618500786377,85,True,6.017003199846967,False,0.15390479015265396,1.35576331615448
13872,8.33476366894963,83,True,6.021451543542119,False,0.15228919088617832,1.6208661794662476
13872,1.7011268936155677,105,True,6.078584527997968,False,0.15228919088617832,1.6208661794662476
13888,-6.084951272459483,82,True,6.075148139698298,False,0.14997973386704744,0.6607974767684937
14032,-14.326118788679118,93,True,6.048565710465218,False,0.149803651811175,0.7108963131904602
14064,-1.831168453524258,85,True,6.075197649503796,False,0.14822619289621636,0.4757263660430908
14128,-0.7251639229227056,81,True,6.011726020472894,False,0.14787904470286453,1.0217382907867432
14144,16.55545176961294,132,True,6.0126021458499075,False,0.1471872980349807,1.2718992233276367
14176,-1.1948428560480782,61,True,2.7197204999234614,False,0.14701487238525865,0.7994532585144043
14240,-4.07031723855671,84,True,4.537600188870251,False,0.14667054363435406,1.3592426776885986
14320,-12.09036876531767,117,True,6.050802134364539,False,0.14598340561013048,0.8471273183822632
14480,3.9777062356147326,78,True,4.134807014412062,False,0.14512952053823228,0.30145955085754395
14576,-1.0204356920604116,84,True,6.086680968411249,False,0.14343739369128833,0.36026623845100403
14656,-2.123337787564891,71,True,6.150898998066911,False,0.14243283913847865,0.8109124898910522
14672,14.853982832250116,95,True,6.0251127738046835,False,0.14159770645185965,1.4804394245147705
14880,-3.2443663314654367,76,True,6.019583402733487,False,0.1414308238981749,0.5206835865974426
14992,23.241323520334646,70,True,2.818613287627219,False,0.1392867188313648,0.2984292507171631
15200,-9.595418969550607,71,True,6.1511074758068665,False,0.13814957825379348,0.6275595426559448
15216,1.3482767993508524,74,True,6.003549133131595,False,0.13606120771766106,1.10459303855896
15248,15.001223982955224,85,True,5.973247039948313,False,0.1359019373735816,0.256192684173584
15312,-1.5721167135065652,90,True,6.142471155687466,True,0.13558330950128525,1.1864309310913086
15360,24.99132831161672,76,True,6.000037847973274,False,0.13494975539017978,0.46505314111709595
15424,-5.288838836610853,74,True,6.0594561691993345,False,0.13447777686606166,0.1953866183757782
15424,22.973591789813007,211,True,6.0081078867023265,True,0.13447777686606166,0.1953866183757782
15456,-1.8269313128927447,36,True,1.7652027248503572,False,0.13384979221470017,0.17381644248962402
15664,10.942784356787946,84,True,6.032236145593837,False,0.133537007559461,0.8286657929420471
15760,-0.9895041270595435,99,True,6.119549314801666,False,0.13152112995074536,0.41321831941604614
16000,30.744583471648845,117,True,6.093875275770565,False,0.13059502108149063,0.2629583179950714
16128,-1.5337620012048276,51,True,2.466830525685518,False,0.12832076282322372,0.3411950170993805
16128,13.986515476031142,58,True,1.858953349475753,False,0.12832076282322372,0.3411950170993805
16224,26.041159590848224,109,True,6.171445170285915,False,0.12713011687907252,0.478971928358078
16288,8.973880427348728,81,True,6.02699345667425,False,0.12624318324760977,0.1947249174118042
16400,-4.6705668513922,72,True,6.12884904936921,False,0.12565292923212146,0.21973654627799988
16400,23.552787061533063,74,True,6.117519564485439,False,0.12565292923212146,0.21973654627799988
16416,-11.300740585030887,60,True,6.007198540248304,False,0.12462656838609754,0.2245890200138092
16432,10.051566342145776,111,True,6.0860291565555125,False,0.12448083094332403,0.4087587594985962
16432,43.33586125151122,116,True,6.067989079377686,False,0.12448083094332403,0.4087587594985962
16464,-7.502972419767284,112,True,6.024640182622799,False,0.12433552350754873,0.9965720176696777
16928,20.295113559659683,98,True,6.0909378451019345,False,0.12404475499177624,0.8551979064941406
16944,-8.879287567473527,80,True,6.098881172872974,False,0.1199140624520099,0.7507942318916321
16944,15.241353159412894,95,True,6.025457048001047,False,0.1199140624520099,0.7507942318916321
17024,10.587073034044883,64,True,1.8762282917914368,False,0.11977449797927564,0.255523681640625
17344,-13.098544176945008,99,True,6.08986292415955,False,0.11907673862992182,0.3515614867210388
17504,-1.629627722355771,86,True,6.130425310792958,False,0.11633604963841997,1.0229345560073853
17552,-1.6441308318901573,133,True,6.0786034962830335,False,0.11499301222718131,0.19707322120666504
17552,16.82507223754081,70,True,4.832206866060119,False,0.11499301222718131,0.19707322120666504
17632,-10.900378649057588,77,True,6.045807815291495,False,0.11459398294457519,0.17780745029449463
17792,12.11446644768602,54,True,2.4288493405748057,False,0.11392997151506358,0.2640979290008545
17824,-5.0276482709074,89,True,6.097578421057224,False,0.1126106223011991,0.7290218472480774
17824,-1.5853772665895036,96,True,6.0095462482363455,False,0.1126106223011991,0.7290218472480774
17824,8.93635281442183,88,True,6.099921367556462,False,0.1126106223011991,0.7290218472480774
17952,6.393078552603935,93,True,6.020075932337035,False,0.11234942758582582,0.17344427108764648
18048,-0.46662445956443044,114,True,6.019983979792173,False,0.1113095859271051,0.2905452847480774
18048,7.68449652973961,64,True,6.170537659684831,False,0.1113095859271051,0.2905452847480774
18080,10.71411766477885,103,True,6.023235868408482,False,0.11053618479752213,0.24099808931350708
18144,0.8645547389850634,75,True,6.106275818538925,False,0.11027864764208874,0.15272827446460724
18512,-17.04256426953355,60,True,6.114065663527309,False,0.1097663305537378,0.25528931617736816
18672,-10.334397046732319,108,True,6.054860953029709,False,0.10688275363180408,0.29363852739334106
18752,41.47985438056523,164,True,6.077628395320398,False,0.10565137862857713,1.138624668121338
18928,-5.832511704462501,81,True,6.097410005774293,True,0.10504339945293308,0.2110152542591095
18944,21.515442133954753,90,True,6.02169081077517,False,0.10371510600362598,0.18661946058273315
19040,0.5186955055765843,76,True,6.077433455098878,False,0.10359550633619301,0.1782282590866089
19088,-4.408895207631888,96,True,6.044313669390312,False,0.10287817433215594,0.2973005771636963
19120,-5.281391143223494,111,True,6.023308955559292,False,0.10252472265758895,0.27469557523727417
19168,20.96888308374926,76,True,6.107167219786544,False,0.10228965734479231,0.2150396853685379
19168,9.803333888256706,84,True,5.203585405943507,False,0.10228965734479231,0.2150396853685379
19632,-6.506813205808847,97,True,6.089156494790669,False,0.101936211430312,0.17607097327709198
19632,16.861139703752983,99,True,6.03212282656427,False,0.101936211430312,0.17607097327709198
19728,1.74784183092091,50,True,3.4607093825812,False,0.09857878012903114,1.1132493019104004
19776,14.22851282908493,108,True,4.497595018550162,False,0.09790089213122939,0.18695609271526337
19792,-4.229437702016263,103,True,6.082088323070027,False,0.09756404832294625,0.2053467482328415
20064,25.756673331573587,140,True,5.957389134035477,False,0.09745210397187166,0.6498873233795166
20176,28.110893932731265,71,True,4.109849453906032,False,0.0955643700661796,1.120945692062378
20208,-4.214133121089988,91,True,6.129921334154346,False,0.09480242804537298,0.24036502838134766
20224,5.697630264601241,66,True,6.0323978771667495,False,0.09458630316526963,0.22558854520320892
20288,10.450249055140215,84,True,6.069146443930725,False,0.09447788053113021,0.15922358632087708
20448,-7.480401873348587,85,True,6.060809177687589,False,0.09404551950999536,0.17329171299934387
20496,45.78004014923134,169,True,6.11583604133343,False,0.09298049996386977,0.4767088294029236
20528,14.754036890365418,126,True,6.034641899956841,False,0.09266385140741609,0.16098755598068237
20768,22.847426900942004,131,True,5.846186603187149,True,0.09245217873445487,1.5446228981018066
21056,0.3508881548351166,89,True,6.022291965087559,False,0.09087555323590694,0.5265971422195435
21520,50.73549214143685,118,True,6.086280677268216,False,0.08901978434818514,1.6458866596221924
21568,14.190422311770696,150,True,4.887960418362886,False,0.08610197672544176,0.15247327089309692
21632,21.650772006865175,116,True,3.8589816114436912,False,0.08580722508576304,0.18929874897003174
21664,9.644784931685274,100,True,6.030809561160943,False,0.08541476153032025,0.21266502141952515
21856,25.25260105031285,133,True,4.68873083580834,False,0.08521824997187305,1.7389860153198242
22000,2.1337740336894377,97,True,6.021480928624243,False,0.08405379739225605,0.32073068618774414
22016,-5.980745443756894,112,True,6.012185912040163,False,0.08319166870502559,0.1780964583158493
22176,42.470784134101734,118,True,6.049078346071033,False,0.08309664933964822,0.20287609100341797
22320,12.390031520874658,132,True,6.093212546149702,False,0.08215098557874066,0.1801552027463913
22352,-6.514454816454284,136,True,6.011126355374871,True,0.08131230530526574,0.3068447709083557
22368,7.420432018507288,203,True,6.113116887484641,False,0.08112674837776547,0.14458470046520233
22656,44.42746318900997,118,True,6.09277016787001,False,0.08103420800344131,0.1917361617088318
23536,3.2827346901846095,74,True,4.0590486893706474,False,0.07937922910313798,0.4378722310066223
23680,8.674734180793308,104,True,6.0766493352019735,False,0.07455106071437191,0.23726379871368408
23712,48.03451209601592,166,True,6.143710368431198,False,0.07379137388277038,0.19272878766059875
24032,36.74835732856177,136,True,6.006340979757413,False,0.07362402096043698,0.18701370060443878
24096,15.547185660012731,269,True,6.015148867066865,False,0.07196885653841682,0.19862264394760132
24320,19.491426813438924,175,True,6.0649482986216,False,0.07164287555420229,0.2779519557952881
24512,11.043581920153885,116,True,6.057805430467017,False,0.07050982243393981,0.3848033547401428
24640,21.29488019278096,259,True,6.021787383519606,False,0.06955854254120843,0.24820977449417114
24720,5.614859088101424,150,True,6.093189996671327,False,0.06893174020839889,1.1412951946258545
25344,33.980037502815165,198,True,6.03381835644197,False,0.06854580096575898,0.21193581819534302
25856,69.59073177066287,262,True,4.747936530242955,False,0.06560856637101133,0.18075814843177795
25984,17.65349071772024,276,True,6.04076592839445,False,0.06329324199597244,0.29703688621520996
26112,17.736511371959672,280,True,6.012438231767537,True,0.06272453836282715,0.35804635286331177
26560,74.66643414352313,154,True,6.0476799730156,False,0.06216308910834043,0.4218330383300781
26800,73.68532896899279,193,True,6.031696040361296,False,0.06024443156655275,0.46751993894577026
27168,47.48995279931944,158,True,6.034330501142176,False,0.05924925464510293,0.15285520255565643
27248,148.7335580829361,328,True,6.001745804872784,False,0.05775728673325484,0.21240471303462982
27360,91.10901952846137,190,True,6.059846965441908,False,0.057438023340551043,0.24221883714199066
28416,47.59315994921839,192,True,6.000041037769628,False,0.05699420740885307,0.1979963332414627
28528,40.75303779883777,500,False,2.9001566981580558,False,0.052991710560073305,0.398621141910553
28752,124.61875576065924,295,True,6.027419004868635,False,0.052587688929546454,0.21765844523906708
28880,141.13100643768263,407,True,6.0359624960092955,True,0.05178593504756417,0.23826417326927185
29936,40.840636948896034,400,True,6.038925316112936,True,0.05133127397256203,0.3570568263530731
31680,205.93833522132857,500,False,3.188420277132855,False,0.047753235404827246,0.32141631841659546
31808,163.28075167263646,456,True,6.0064419867762355,True,0.042402766903151916,0.2556816637516022
32720,190.38796165483205,500,False,0.811564889569653,True,0.04203757889290027,0.2530732750892639
33856,243.8318487921282,500,False,1.7979883346994467,True,0.039528463217243494,0.4601359963417053
33984,317.9521278723434,500,False,1.7578488775182444,False,0.03662803747146005,0.2537524700164795
34112,174.47142683918497,500,False,2.3164461063274544,False,0.03632082208960827,0.16882622241973877
34256,170.11179874727188,365,True,6.006639737039008,True,0.036013366274224495,0.6671212315559387
34560,272.17404615492677,500,False,1.611187893408512,True,0.03566912188029683,0.20150530338287354
34800,310.9366359755096,500,False,1.3434985263184245,False,0.03496252111896643,0.24018433690071106
35168,306.2868453429918,500,False,1.1267360324131699,True,0.0344165038658843,0.5276436805725098
35248,349.06270109909354,500,False,0.24198098354039407,False,0.03360381838849213,0.3333388566970825
35360,206.76042614985096,500,False,2.511369778313582,True,0.0334257932963575,0.47357773780822754
36528,239.71334056539385,500,False,0.23115663946759818,False,0.03317733779064302,0.21323689818382263
36752,43.4781452170324,500,False,3.25789412556997,False,0.03075483845865096,0.4860999286174774
36880,177.13636138599873,500,False,1.1838634677562945,True,0.030320572870871743,1.0861670970916748
37936,237.7153800546427,500,False,0.7849568494074535,True,0.030077692509210958,0.2281220555305481
39680,158.0994918772579,500,False,2.6933428721354695,True,0.0281439451059453,0.3648664951324463
39808,270.05952870976967,500,False,1.173864041610876,True,0.02525713688880355,0.2525028884410858
40720,204.56036507928587,500,False,4.433314045822287,True,0.02506483519673643,0.37974655628204346
41856,434.2381584804422,500,False,1.219512701458413,True,0.023711299271930185,0.4723920226097107
41984,373.98682198331244,500,False,4.414907713157732,True,0.022127309454591418,0.2532161474227905
42112,341.800584952253,500,False,0.9929008826727803,True,0.02195762066102525,0.548000693321228
42256,478.80546263987947,500,False,0.8433930585556852,True,0.021788819208933736,0.41607731580734253
42560,383.1448793149322,500,False,1.025373805743345,True,0.02159689878081945,2.5985889434814453
42800,289.07262995858457,500,False,1.43412201040081,True,0.021201422723937324,0.328085333108902
43168,390.66286885491166,500,False,0.69227688151029,True,0.020900115538828867,0.21513691544532776
43248,510.9099707566627,500,False,0.41355129799131063,False,0.020442978829418704,0.23360702395439148
43296,119.3147185965662,423,True,6.007024958736048,True,0.020347236301357298,0.3256049156188965
43360,339.7456855570776,500,False,1.5286094564679347,True,0.02028801723987502,0.4099656343460083
44752,360.43045492104017,500,False,1.4360236498754426,True,0.020212141425520608,0.30396515130996704
44880,412.8846806059706,500,False,1.0403242556184353,True,0.018600452160544945,0.308657169342041
45936,350.73678553815745,500,False,0.664902589237362,True,0.018461619007217687,0.2788736820220947
47680,403.32802256226165,500,False,0.6098769819551877,False,0.017353125072473392,0.261246919631958
47808,272.9342731731938,500,False,0.6808133167750656,False,0.01571158311597028,0.41715937852859497
48720,376.18611846228936,500,False,0.3352962876792143,True,0.01559880946355462,0.2853166460990906
49856,300.7082790352323,500,False,0.558920738564591,True,0.014841220812990325,0.29353049397468567
49984,301.55588717211486,500,False,1.538492231265627,True,0.013974229502135851,0.2525949776172638
50112,306.3448808555517,500,False,0.43853913245044074,True,0.013863296666890405,0.43864941596984863
50256,478.8084971041988,500,False,0.4286960064228646,True,0.01379706045608331,0.39503511786460876
50560,361.957176347915,500,False,0.4689076283991167,True,0.013697316582734898,0.49570560455322266
50800,427.6561795209452,500,False,0.4161976143564144,False,0.013491073517995897,0.3728773295879364
51168,316.5194450408062,500,False,0.9953343768181894,True,0.013316552520188724,0.32196182012557983
51248,386.8625002781274,500,False,0.24970881175792387,True,0.013074248077496506,0.3783712685108185
51296,362.56362548932043,500,False,0.5793528651136298,True,0.013019235915025096,0.30752623081207275
51360,356.4141866648828,500,False,0.46370783875554417,True,0.01298795089518049,0.559712290763855
52752,359.18794100415397,500,False,0.6129744444678041,False,0.012945683580856297,0.35256677865982056
52880,447.696627225478,500,False,0.3540802641510537,False,0.01213172305955403,0.31813591718673706
53936,498.20633442678593,500,False,0.13336961897439287,True,0.012056307433080029,0.31886476278305054
55680,486.8740626725754,500,False,0.18738846240528476,False,0.011487610345061672,0.381996214389801
55808,355.6946013390668,500,False,0.8310296974474499,True,0.010719087475499371,0.46424156427383423
56720,496.7689300488363,500,False,0.22340116914965005,True,0.010673133499658814,0.30009883642196655
57856,521.1570992762264,500,False,0.18392953663967052,True,0.010361741737252036,0.27932223677635193
57984,659.0990690688436,500,False,0.18556738748972526,True,0.01002522541212417,0.47330039739608765
58112,554.3239514947259,500,False,0.22010935527947834,True,0.009990854317494642,0.47876787185668945
58256,625.4325247997216,500,False,0.32296575267115357,True,0.009955967932214385,0.33013296127319336
58560,580.3293555745458,500,False,0.41881319234291575,True,0.009918543840460219,0.42338794469833374
58800,657.0502101695062,500,False,0.2700023627119705,True,0.009851013148345269,0.46014511585235596
59168,588.6921074528982,500,False,0.27850861440971453,False,0.009800826129584139,0.3899804949760437
59248,612.7202010941625,500,False,0.13279240044342505,True,0.009736003474905717,0.3777049779891968
59296,567.9004428645899,500,False,0.1340737699160159,True,0.009721529493169378,0.35152292251586914
59360,598.9157833384925,500,False,0.27476198227754234,True,0.009712270002267608,0.42802369594573975
60752,639.8662988517339,500,False,0.05751770378245612,True,0.009708466474235605,0.3467503488063812
60880,662.2591651513424,500,False,0.08067943189915813,False,0.009544782223179867,0.5795042514801025
61936,634.9636983953691,500,False,0.23993428831120497,True,0.00952212423550455,0.3858973979949951
63680,590.7017551919594,500,False,0.22781565799326783,False,0.009491523381264863,0.44215524196624756
63808,584.259019925225,500,False,0.2987366368377576,True,0.009536191695753204,0.47729557752609253
64720,609.197841197547,500,False,0.15643700482251854,True,0.009554505395686313,0.4358735680580139
65856,635.6811267330478,500,False,0.1208228392697377,True,0.009647980436850548,0.563117504119873
65984,642.7710590644382,500,False,0.11245044063154795,True,0.00985230889923125,0.5244729518890381
66112,517.0788232608727,500,False,0.1205744163028234,True,0.009868778423844198,0.4423601031303406
66256,694.6942564857197,500,False,0.3617327535580286,True,0.009884659856967395,0.4687376916408539
66560,717.976190665106,500,False,0.11403754012605044,True,0.00990937862284939,0.4403725862503052
66800,516.9598761079928,500,False,0.2318362186940672,True,0.009950462573806017,0.589518666267395
67168,587.7597377324703,500,False,0.21373351558875556,True,0.009995282739215261,0.49753448367118835
67248,676.8764550909068,500,False,0.11255015362873041,True,0.010069949567873505,0.48972541093826294
67296,635.4804584710649,500,False,0.19730560088352836,True,0.010087365009264493,0.5730606913566589
67360,615.4258449688159,500,False,0.18212298536527333,True,0.010101254260786372,0.45631006360054016
68752,708.594019288338,500,False,0.1299457084817969,True,0.010107034235269558,0.4585059583187103
68880,711.6244744560802,500,False,0.08462385588726166,True,0.010342618462513642,0.5067025423049927
69936,698.6024303569042,500,False,0.20772539434363924,True,0.010364736732715667,0.4879609942436218
71680,727.8428096742335,500,False,0.30481220545833204,True,0.010653126650273223,0.5592272877693176
71808,781.5822409347007,500,False,0.1089106492717332,False,0.011001336982805423,0.4404715597629547
72720,685.3979104698903,500,False,0.11291052174589566,True,0.011050237382525363,0.544624924659729
73856,587.0580856166256,500,False,0.11038367542599684,False,0.011167178264488792,0.6582542657852173
73984,730.753600590711,500,False,0.0830405121591663,True,0.011336039688452098,0.7328118681907654
74112,729.9306206426952,500,False,0.07446195364350418,True,0.011387609171361224,0.5095272064208984
74256,708.5486324492873,500,False,0.11186597128705542,True,0.011367050570224874,0.4753583073616028
74560,798.6136558627487,500,False,0.1095847502461761,True,0.011411117101273073,0.6264026165008545
74800,744.3907989202944,500,False,0.1119036744068716,True,0.011507534062730664,0.6586077213287354
75168,755.197111931272,500,False,0.18235795388346523,True,0.011532233242992702,0.666353702545166
75248,614.337504651753,500,False,0.3034697680676055,True,0.011655995402543947,0.5461039543151855
75296,696.2156720087329,500,False,0.12495450363910306,True,0.011662989601698648,0.6782628893852234
75360,763.8282772323938,500,False,0.10191560205812597,False,0.011675171190231416,0.6946694850921631
76752,678.6924507388703,500,False,0.34054935942804265,True,0.011668813280185177,0.6077404022216797
76880,669.0922661127789,500,False,0.2150223227393103,True,0.011747565578757311,0.638968288898468
77936,759.3188787992491,500,False,0.16771374839565786,True,0.011774563732256292,0.7620627880096436
79680,813.8656680920021,500,False,0.16563736054150444,True,0.011797875663735202,0.6137506365776062
79808,804.6526259460036,500,False,0.04822098810817249,True,0.011891541155533121,0.6882654428482056
80720,749.1153446172584,500,False,0.1382740438786296,True,0.011859767685872496,0.5628684163093567
81856,750.9445242477761,500,False,0.107652292410429,True,0.01198919461566201,0.6797402501106262
81984,667.6227299718435,500,False,0.17290181551161138,True,0.012252884265770533,0.7975339889526367
82112,764.6673874926233,500,False,0.08389998266263228,True,0.012300659080184517,0.7079199552536011
82256,806.291550287717,500,False,0.08091895869777053,False,0.012310740156658794,0.6591959595680237
82560,790.8112996902987,500,False,0.05374495215176113,True,0.01233913551824586,0.6575967073440552
82800,748.2028097241048,500,False,0.10254390100597392,False,0.012413890077668018,0.6519804000854492
83168,803.4968972418496,500,False,0.08745307369738767,False,0.012487302228350662,0.7784566879272461
83248,610.1999587561033,500,False,0.3551287663933168,True,0.012605784291416946,0.7325913906097412
83296,591.9568350862205,500,False,0.09504395016077137,False,0.01258926769689199,0.9574710726737976
83360,692.6876624519169,500,False,0.16920356686134924,True,0.012588400176594756,0.7008288502693176
84752,747.8545574226104,500,False,0.07437013378571865,False,0.012604532938547883,0.8062533736228943
84880,793.160749642928,500,False,0.08057734941332059,True,0.012936066791638438,0.6495828032493591
85936,753.5108170648014,500,False,0.11012069535432499,True,0.012932371136635453,0.7343907356262207
87680,739.2394930532314,500,False,0.13024371178353644,True,0.013023186128984555,0.8302340507507324
87808,789.7948035585766,500,False,0.07093857718059958,True,0.013307277219828224,0.7042090892791748
88720,840.360787023625,500,False,0.08666408854859625,True,0.013327266259968837,0.7889559268951416
89856,811.0261908821005,500,False,0.1367334783105089,True,0.013340291415608765,0.6161547899246216
89984,816.8886063317865,500,False,0.05605558041397487,True,0.013332239476230714,0.8606012463569641
90112,813.2604723877038,500,False,0.19326600271580655,True,0.013402158346173483,0.9155739545822144
90256,809.5521654997259,500,False,0.1177008884858266,True,0.013429750668346717,0.7481723427772522
90560,775.7546785577177,500,False,0.10172462947266618,True,0.013401358622444112,0.8580271601676941
90800,745.2284224700567,500,False,0.18434609237274519,True,0.013413797319653866,0.8051801919937134
91168,764.939810054544,500,False,0.07228472867549153,True,0.013407266966011161,0.7999811172485352
91248,801.4793596400002,500,False,0.1611561415531959,True,0.013482300135545664,0.8188426494598389
91296,836.949357762748,500,False,0.09703864224510979,False,0.013493337063200737,0.7794005274772644
91360,900.1130775065284,500,False,0.04301182290646683,False,0.01350176771402609,0.8345080614089966
92752,703.0821340790865,500,False,0.12300563572138498,True,0.01351620732927353,0.7395461797714233
92880,803.4802352841948,500,False,0.02416370241650834,True,0.01359549155284429,0.7548226118087769
93936,829.1318447193623,500,False,0.07950440072975053,True,0.0136561719031227,0.7298567295074463
95680,796.9901771799209,500,False,0.11633961834455223,False,0.013867383635386367,5.629915714263916
95808,761.3200877405807,500,False,0.12433807611816794,True,0.014156159024314318,0.9075465202331543
96720,832.075435400009,500,False,0.09225392929968443,True,0.014161510861806843,2.214951276779175
97856,678.7108742663094,500,False,0.18236723794671914,True,0.014329425587494936,0.8229080438613892
97984,854.3138809892488,500,False,0.07058065596839029,True,0.014518352149516469,0.8317776918411255
98112,710.49139701638,500,False,0.29205750948471726,True,0.014561525004137871,0.7939068078994751
98256,850.1581931897902,500,False,0.17980264233978033,True,0.014573963444036168,0.9154165983200073
98560,798.0492501334527,500,False,0.11964022707931274,False,0.014556904776781,0.9472249746322632
98800,775.9141790082347,500,False,0.07569858832261236,True,0.014539019168388283,0.8799527883529663
99168,853.398854971514,500,False,0.07529389053942057,False,0.014495071725421083,0.7358366250991821
99248,684.1188793259464,500,False,0.12835308890161348,True,0.014453146264292557,0.8849724531173706
99296,759.2599752718236,500,False,0.11253016195641251,True,0.014419450127064918,0.8640568256378174
99360,723.3013885184428,500,False,0.1811874266104093,True,0.014410800672733056,0.8080676198005676
100752,780.0851131221364,500,False,0.08399592740268383,True,0.014433658526357527,0.9508283138275146
100880,772.5154545710103,500,False,0.07974392470003955,True,0.014435033755765088,0.9277000427246094
101936,726.8846857704526,500,False,0.11328091683212235,True,0.014469758537253578,0.8631802797317505
103680,686.3119760331281,500,False,0.16076435316451415,True,0.014804124867838388,0.8820246458053589
103808,637.2244642609284,500,False,0.34556517585368485,True,0.015040267150230954,0.9976998567581177
104720,728.5072769526167,500,False,0.1657193498432789,True,0.015011139117546311,0.9615942239761353
105856,653.0251567607233,500,False,0.19924244822282772,True,0.014957649875792952,0.9216732978820801
105984,770.3877680906969,500,False,0.07025039710793247,True,0.014918066980697859,1.0453238487243652
106112,714.4324561674692,500,False,0.19962386038189936,True,0.014889564801745052,0.9581941366195679
106256,743.7145284209616,500,False,0.07518953810387427,True,0.014961810945569174,0.7535804510116577
106560,838.8544216142085,500,False,0.09525252602938243,True,0.014908736948034292,0.9018903970718384
106800,723.983280072944,500,False,0.13684757121497237,True,0.014823632690373983,0.985275387763977
107168,702.1536097539761,500,False,0.10806504064813964,True,0.014827472130922698,0.9434812068939209
107248,706.39360429798,500,False,0.1168794524567389,True,0.014903650735289035,1.0966721773147583
107296,676.0948178704186,500,False,0.33011999324518243,True,0.01487529073944318,0.8764451742172241
107360,810.056576493457,500,False,0.0766660806055119,True,0.014889131814932536,1.1623260974884033
108752,714.6749812561899,500,False,0.19743387691592149,True,0.014888733824521251,1.0680053234100342
108880,802.1939572692277,500,False,0.09804234625766552,True,0.014845571532915578,1.1294336318969727
109936,779.4225974150297,500,False,0.024639148850857658,True,0.014830466419834218,0.9670660495758057
111680,705.9205003573719,500,False,0.10663197500460951,True,0.01484153421090239,0.9865745306015015
111808,791.5128295124241,500,False,0.1516317839062538,True,0.0149210324466999,1.029660701751709
112720,714.626728869775,500,False,0.09969808916793453,True,0.014944611104183646,0.9272770881652832
113856,725.4487999161965,500,False,0.11920140980427128,True,0.014846994670631077,1.0857043266296387
113984,727.3027175438141,500,False,0.09817562643798454,True,0.01485795209186476,0.9842665195465088
114112,603.105805599302,500,False,0.6688408440166073,True,0.014833155517368201,1.0518863201141357
114256,751.0018337829218,500,False,0.10821577781637794,False,0.014783883789177029,1.07440984249115
114560,676.7089452800226,500,False,0.2363691863760309,True,0.014722346310855465,0.9832864999771118
114800,722.000107143295,500,False,0.08038570310611455,True,0.014782899386146547,1.059601068496704
115168,804.4452205948679,500,False,0.07540682557274672,True,0.014796553516508774,1.074654459953308
115248,751.4855100262754,500,False,0.047709442197174164,True,0.014713136283323635,1.0493364334106445
115296,667.5604333648803,500,False,0.18054307299647113,True,0.014713126931234423,1.0510371923446655
115360,789.5094886736337,500,False,0.08692891929179387,True,0.014719518035850913,1.1007369756698608
116752,750.4940335555572,500,False,0.0690765052353732,True,0.014701289440387707,1.350846767425537
116880,782.2313464430271,500,False,0.09033434281842996,True,0.014659478885616695,0.955126166343689
117936,821.1326156674713,500,False,0.13028377178502842,True,0.014667630181451377,0.9776545166969299
119680,648.7957673378817,500,False,0.17473720480168964,True,0.014462628662378279,0.9537927508354187
119808,742.1231988729373,500,False,0.08669017401293996,True,0.014261307754316431,1.0234990119934082
120720,737.4497717528703,500,False,0.2142234579637348,True,0.014275191501186777,1.0098168849945068
121856,723.208248220192,500,False,0.11804377940525311,True,0.014366228529275356,0.884527862071991
121984,742.1060955948714,500,False,0.07227192179411691,True,0.014597361110380635,0.923843264579773
122112,672.5732422241149,500,False,0.07824340117650012,False,0.014586415920370879,1.1088144779205322
122256,775.306281761408,500,False,0.1022923164029088,False,0.014560571831218956,0.9505264759063721
122560,790.0859823039996,500,False,0.2595087838380348,True,0.014511132183682718,1.537017583847046
122800,693.8481507692521,500,False,0.10221500877464344,True,0.014511992337241816,1.0991418361663818
123168,726.3544213074069,500,False,0.13892194238294342,True,0.014483437820938626,0.847135066986084
123248,839.5129259657672,500,False,0.0794251970138561,False,0.014499316964775175,0.97645103931427
123296,732.8913284402488,500,False,0.0675520227945831,True,0.014506256337896428,1.0169117450714111
123360,762.4105310306919,500,False,0.05130400293805639,False,0.014521229411124104,0.9792627096176147
124752,760.1136640076483,500,False,0.07685483945352727,False,0.014566174081395987,1.0620336532592773
124880,621.2138321015627,500,False,0.07901732923624329,True,0.014718377548449981,1.0934234857559204
125936,834.9657000329902,500,False,0.06844310159425357,False,0.014703466804348512,0.9939099550247192
127680,767.0770106215225,500,False,0.1609339508520953,True,0.014700770380677065,1.0956199169158936
127808,766.9001249425265,500,False,0.1609051553696003,True,0.014821907190430188,1.0056649446487427
128720,739.8931977958889,500,False,0.09522084718388063,False,0.014888179210456787,0.9359126091003418
129856,816.3548184471799,500,False,0.03675364468826913,False,0.015088237367053472,1.5494725704193115
129984,764.6265701728959,500,False,0.05999873474482348,True,0.014797857679490798,1.1984641551971436
130112,808.2320741558912,500,False,0.05191455918884221,True,0.014794433298959502,0.9823946952819824
130256,771.1186345907696,500,False,0.07521719214898823,False,0.014802685430456278,0.859502911567688
130560,753.357819867381,500,False,0.12169561471666214,True,0.014778180388162707,0.8238636255264282
130800,719.417523071065,500,False,0.13946822299050377,True,0.014721401396800072,0.8965641856193542
131168,699.6718070670828,500,False,0.24122892703531232,True,0.014661344960063516,1.0488653182983398
131248,807.122979163578,500,False,0.10850353240208686,False,0.014707279703319014,1.126483678817749
131296,748.2331030795109,500,False,0.09462406018947146,True,0.014738500488464352,0.9802243709564209
131360,811.1547094824176,500,False,0.09711603478104357,True,0.014744674412491433,0.9405754804611206
132752,857.0390948143122,500,False,0.08861892587396172,True,0.014720697753527377,1.074211597442627
132880,659.8815874467588,500,False,0.46128797814206013,True,0.014357067460746505,1.0608313083648682
133936,805.7475075937824,500,False,0.09210841699674928,False,0.014364305681817928,0.9709740877151489
135680,751.3426377323945,500,False,0.11812868828805999,True,0.014537174514952593,0.9411008358001709
135808,719.2475460775546,500,False,0.22152858718914076,True,0.014255771917647427,0.927082896232605
136720,651.265715784996,500,False,0.1391577541095612,True,0.014287919735015161,0.8520311713218689
137856,854.4183360049723,500,False,0.04088363689325898,True,0.014430000264103066,1.0537300109863281
137984,751.7986570047458,500,False,0.05379633815589888,True,0.014509574848608153,1.2394874095916748
138112,650.095015805658,500,False,0.3149071278318697,True,0.014466140697600716,0.8768453598022461
138256,790.2588933257337,500,False,0.029513958026361975,True,0.014514383807707016,1.2060235738754272
138560,703.4324785302936,500,False,0.12916978598293558,True,0.014548819574766053,1.0087367296218872
138800,813.2905577351881,500,False,0.09852591512060571,False,0.014600641982721495,0.9654924869537354
139168,743.7072550371155,500,False,0.05544942370574366,True,0.014662421629228303,0.957425594329834
139248,766.819177882933,500,False,0.060676454292839195,False,0.014561902804120806,1.269078254699707
139296,807.1623943864857,500,False,0.06337757024144296,True,0.01457010555636439,1.1726713180541992
139360,710.2977576145549,500,False,0.1705454167136244,True,0.014601703812476075,1.1767611503601074
140752,814.699239448335,500,False,0.07722534456083748,True,0.014645932903670672,1.1550559997558594
140880,689.4302855859848,500,False,0.10754026444802296,True,0.014511705520830647,0.9824459552764893
141936,774.9858055094777,500,False,0.09397806783861902,True,0.014488366253159352,1.1709858179092407
143680,635.5488860045449,500,False,0.19477138624275947,True,0.014645849229591454,1.1315315961837769
143808,887.1202384790823,500,False,0.04230430674077165,True,0.014683615007783814,1.023114800453186
144720,750.4823759722324,500,False,0.07692871079145218,False,0.014670575475136607,1.1457103490829468
145856,736.4130578512867,500,False,0.06381584609604464,True,0.014605881379086269,1.1193068027496338
145984,737.2569873087095,500,False,0.10509708864826346,True,0.014437497181239321,1.0951238870620728
146112,779.8907900529387,500,False,0.1016698772405623,True,0.014424004647291487,1.3115636110305786
146256,794.0645830035048,500,False,0.10610306223066518,True,0.014390000049497281,2.0746984481811523
146560,787.1551617876861,500,False,0.05979352768294984,True,0.014370029345033829,1.3751460313796997
146800,808.0061142224391,500,False,0.06253137753195448,False,0.014328809521203861,1.1042228937149048
147168,792.4355666351399,500,False,0.07588903176198142,False,0.014487539222376425,0.9918113946914673
147248,713.041802432493,500,False,0.146410031017534,True,0.014354896032459192,1.2909828424453735
147296,735.8745897134896,500,False,0.1153365408125848,True,0.014384015707781337,1.227359414100647
147360,802.5971314363459,500,False,0.08149327468624694,True,0.014383399835666265,1.0393093824386597
148752,817.1211567841344,500,False,0.10983997124363175,True,0.01437271115246209,0.9231749176979065
148880,766.5799043616768,500,False,0.04178956016813905,False,0.014146829216281081,0.9757221937179565
149936,767.2903698063113,500,False,0.09015193069712477,True,0.014127011504981048,2.332794666290283
151680,461.1187610057307,500,False,0.7701387870807109,True,0.014148362994067108,1.0506439208984375
151808,793.5028731819759,500,False,0.08864443343975502,False,0.014077166073776341,1.2538652420043945
152720,792.0270539439924,500,False,0.22219399993385988,True,0.01409684365410751,1.2499439716339111
153856,768.5217536963842,500,False,0.15397411959967874,True,0.014143080995006132,0.9474900960922241
153984,782.7208778063426,500,False,0.12587321430371343,False,0.013947451533801713,1.1285852193832397
154112,696.8089067763849,500,False,0.15294734384740027,True,0.013902137053610859,2.045487880706787
154256,749.7115861805742,500,False,0.0937943670169876,True,0.013891078620141238,1.2813416719436646
154560,682.7280174539046,500,False,0.20374344134994532,False,0.01388508698626491,1.4292898178100586
154800,731.3081185236623,500,False,0.11131481196467823,True,0.01388479011136283,1.1351878643035889
155168,722.4632579273068,500,False,0.0874797849592915,True,0.013845163489520503,1.126279354095459
155248,785.4716617862233,500,False,0.1125197028144635,True,0.013700279804728264,1.0867946147918701
155296,716.8761992384383,500,False,0.10611889731731163,False,0.013690149032791617,1.115391731262207
155360,733.1331494256474,500,False,0.11074511262892729,True,0.01367795565270919,1.1531929969787598
156752,770.3986568554391,500,False,0.12504434643606974,False,0.013627239671499505,1.1870708465576172
156880,691.817508540018,500,False,0.1775989776426449,True,0.013385561894805779,1.3537843227386475
157936,720.5400340095773,500,False,0.13314181211941745,True,0.013402128938266783,0.9759887456893921
159680,862.5649132782719,500,False,0.013509261308128562,True,0.013448151618076777,1.0663061141967773
159808,829.6460485826204,500,False,0.08324365077426922,True,0.013350122615464375,1.2090163230895996
160720,656.4515940049582,500,False,0.14638361190555413,True,0.013304876117666647,1.3348888158798218
161856,774.9118500021997,500,False,0.09234886953573691,True,0.013374908452478046,1.0533976554870605
161984,672.2741434129174,500,False,0.19674870624002597,True,0.013188192605605963,1.0630784034729004
162112,813.3304846962859,500,False,0.04910335632465273,True,0.013174138602359881,1.3347651958465576
162256,794.2334532426869,500,False,0.06372173934483048,True,0.0130960512103391,1.104478359222412
162560,850.736188213487,500,False,0.11901499163066993,False,0.013100476465560637,1.1901919841766357
162800,773.7679343820878,500,False,0.09419252637846777,True,0.013057184484670832,1.1462266445159912
163168,775.8024845022459,500,False,0.16891255339752367,True,0.013070585741822923,1.182205319404602
163248,808.4129683345712,500,False,0.06737742133490446,True,0.01302524809386486,1.201201319694519
163296,831.9335800065517,500,False,0.08354553417955013,True,0.013021155148387288,1.3082468509674072
163360,684.7336452514769,500,False,0.21646162492967164,True,0.01303882808509698,1.0612919330596924
164752,839.6704183525693,500,False,0.06439273285087731,True,0.013026038540979504,1.2059650421142578
164880,825.962124641546,500,False,0.10378965495861509,True,0.012867423698927157,1.4248563051223755
165936,746.1845601745162,500,False,0.15970640153298352,True,0.012857485628735078,1.2119271755218506
167680,759.2888151441729,500,False,0.14090229804209597,True,0.013113807081283095,1.1003425121307373
167808,855.7022932736129,500,False,0.08666995757339287,True,0.013217019288316374,1.258082389831543
168720,805.8431946333016,500,False,0.10235317311314399,True,0.01325332517012616,1.1331753730773926
169856,690.075701257478,500,False,0.23063386965935467,True,0.013160319907660076,1.2462267875671387
169984,795.6007001788506,500,False,0.07510263642957102,True,0.013088523423802723,1.27276611328125
170112,734.0632749828179,500,False,0.1121139892252735,True,0.0130670638794146,1.208113670349121
170256,855.7296493604107,500,False,0.10835256158033434,True,0.013109014480407516,1.198216438293457
170560,790.2075756660728,500,False,0.1302388030041008,True,0.013199891230958279,0.947961688041687
170800,790.8783396998044,500,False,0.10594763833197485,True,0.013365126049020019,1.1145877838134766
171168,796.863728251546,500,False,0.054265761604257785,True,0.01341367092808728,1.0491681098937988
171248,792.1855947116111,500,False,0.11161290190516106,False,0.013494352342325211,1.2984235286712646
171296,821.8457818800554,500,False,0.08891747342789492,False,0.013422556952683837,1.4060345888137817
171360,816.0963539305604,500,False,0.06238954773231513,False,0.013441730768587602,1.059882402420044
172752,758.2964273417729,500,False,0.0944484217336544,True,0.013485956405241294,1.0776145458221436
172880,849.3417009095081,500,False,0.07820329465737966,True,0.013384982749903037,1.1221643686294556
173936,733.4143970923395,500,False,0.13999196615085027,True,0.013398849701930005,1.246556043624878
175680,752.6751014851756,500,False,0.08579747115898907,True,0.013412873489387286,1.5286169052124023
175808,766.5763522224815,500,False,0.08274207504935245,False,0.013486522587889765,1.1212399005889893
176720,861.6506001898492,500,False,0.09731897253287922,True,0.01352497540375637,1.3190730810165405
177856,764.1772580465233,500,False,0.19790152672913908,True,0.01375399231220915,1.1189392805099487
177984,862.4291733088048,500,False,0.07674516663882633,True,0.014000208445372128,1.1325442790985107
178112,789.7452130149887,500,False,0.04444575899595109,False,0.013909450541116343,1.192927598953247
178256,773.7232770259914,500,False,0.07027814140175292,True,0.013919306788543013,1.4380444288253784
178560,574.8420840337033,500,False,0.24449446428886057,True,0.013922639808925816,1.223099708557129
178800,781.2895029842192,500,False,0.03960261006288767,True,0.01390797622388921,1.0782082080841064
179168,805.9751525162884,500,False,0.07043155599948396,True,0.013754380746398297,1.0408114194869995
179248,754.4174893571184,500,False,0.10524376334169998,True,0.013753307305572143,1.2786915302276611
179296,770.3951238571793,500,False,0.13229418427858364,True,0.013727119086431818,1.1571431159973145
179360,726.9074901080029,500,False,0.2647457071294821,True,0.013699660844129106,1.115762710571289
180752,764.5929026816709,500,False,0.08599644049651932,True,0.013699756618217544,1.1153678894042969
180880,801.4639712971365,500,False,0.051502476508393916,True,0.01364609095932732,1.31998872756958
181936,783.1632734517905,500,False,0.05541668775320545,True,0.013617092103731937,1.0565593242645264
183680,818.065027901633,500,False,0.08186268328184466,True,0.013484787956257297,1.1235325336456299
183808,820.5366075602756,500,False,0.10579569346900779,False,0.01362751450192288,1.0617854595184326
184720,798.4416196985583,500,False,0.10213715928250322,True,0.013657481032349282,1.0607635974884033
185856,779.7476678917768,500,False,0.10168245159291053,True,0.013459272054770568,1.2260257005691528
185984,594.533633012618,500,False,0.33220117035359875,True,0.013361103160383435,1.1045644283294678
186112,809.122165861239,500,False,0.12742264061544148,True,0.01331394268713132,1.3569037914276123
186256,735.2657558642928,500,False,0.1584788326777093,False,0.013253808613902246,0.9726575613021851
186560,793.4330062117269,500,False,0.09013050403236145,True,0.013272948407781524,1.2126009464263916
186800,773.3713261188891,500,False,0.07726745497870764,True,0.013229313363865262,0.9891613721847534
187168,690.1041979788379,500,False,0.09914270784262388,True,0.013281016159322171,0.8688639998435974
187248,821.3035881816887,500,False,0.09917439337693884,True,0.01337397098949632,0.9922640323638916
187296,719.8708548584251,500,False,0.15889019660678128,False,0.013376241724377668,1.3340041637420654
187360,683.6237639171866,500,False,0.15900596408784426,True,0.013366814013688208,1.0940937995910645
188752,650.9074238231506,500,False,0.2101011643284892,True,0.0133656276380255,1.5724985599517822
188880,761.3649032711515,500,False,0.16299583404980275,True,0.01329289513327112,0.9722062349319458
189936,838.7753807630694,500,False,0.07761992161308136,True,0.013310667793820764,1.1201424598693848
191680,788.2919766032066,500,False,0.08621721513408716,True,0.013142636477119265,1.2879071235656738
191808,711.6895478065377,500,False,0.06994180887381876,True,0.013309352286307717,1.1023998260498047
192720,634.548995809424,500,False,0.38064658365347176,True,0.013362948275140535,1.3237247467041016
193856,631.9610643536732,500,False,0.4933203715494085,True,0.01341162786278215,1.0545599460601807
193984,716.5558668521177,500,False,0.14573009737783735,True,0.013536927827731414,1.2400612831115723
194112,656.1251785307346,500,False,0.4840088294878964,True,0.013557559785381182,1.0328267812728882
194256,780.6572601530429,500,False,0.12248550973719287,False,0.01359915325048547,1.2006229162216187
194560,773.182266884164,500,False,0.08433285623243825,False,0.013612799308095289,1.0795620679855347
194800,727.1905689476622,500,False,0.1748361604663133,True,0.013476882058783194,1.2008130550384521
195168,777.674825850742,500,False,0.11380836040501666,True,0.013490412227111807,2.6597647666931152
195248,826.9710549125443,500,False,0.10101348939706223,True,0.013438898289493593,1.1121134757995605
195296,796.3563969507545,500,False,0.14128995984889212,True,0.013408821718037998,1.0191324949264526
195360,748.0644348869297,500,False,0.10867201544101025,False,0.013420417677673931,1.1426342725753784
196752,713.803757792909,500,False,0.09482163053036198,True,0.013432980094368484,1.449621558189392
196880,735.617735156757,500,False,0.13364799549361267,True,0.013278753475944515,1.1117796897888184
197936,681.0513762602199,500,False,0.2639549277583789,True,0.013205621337053986,2.2909176349639893
199680,791.7851868474629,500,False,0.10674341754556792,True,0.013245890809562939,1.0755555629730225
199808,719.3568815835116,500,False,0.17175820790900442,True,0.013045892010680517,0.966916024684906
200720,758.7324010738265,500,False,0.12576441021696708,True,0.013199359987553264,2.417367696762085
201856,790.8194771622677,500,False,0.07051756751816557,True,0.013058672419285091,1.1588785648345947
201984,716.6805439121719,500,False,0.12152018621009447,True,0.013023757722340856,1.3035937547683716
202112,700.1120816062011,500,False,0.15737833181350847,True,0.013005850227625886,1.3834792375564575
202256,749.1205221420707,500,False,0.1657034981946044,True,0.012962686710529529,1.2590692043304443
202560,789.6062611738383,500,False,0.09576033036870746,False,0.012905991335374827,1.2855572700500488
202800,740.0004439976019,500,False,0.1523577110336386,True,0.012948921267300826,1.1689331531524658
203168,649.5359462736149,500,False,0.26235632251347357,True,0.012962400176898954,1.39566171169281
203248,765.1776239676144,500,False,0.12020799051243038,True,0.013041690748521639,1.0854281187057495
203296,751.2416674938079,500,False,0.22495851238832745,True,0.013048956943202069,0.8839647769927979
203360,797.7342984471101,500,False,0.11243414866858506,True,0.01304281637796584,1.0067338943481445
204752,735.6843667188349,500,False,0.09585590796101084,True,0.013040039231089597,1.1600931882858276
204880,740.3172190325587,500,False,0.16772579268587157,True,0.013111297587936797,0.9594645500183105
205936,754.0552926932888,500,False,0.11031884262168562,True,0.013122798656950858,1.4182558059692383
207680,783.7040816230659,500,False,0.14479606720666355,True,0.012981486021653069,1.141342043876648
207808,658.6422818939906,500,False,0.17275932913101869,True,0.012873188136263121,1.278922200202942
208720,715.525988508779,500,False,0.20068029763404485,True,0.01290551107187683,1.1385774612426758
209856,718.9364667935986,500,False,0.1235426810046987,True,0.012805505838207868,1.2718271017074585
209984,705.0390368089553,500,False,0.1940349190471744,True,0.013028979083039662,1.0545482635498047
210112,791.5872208360398,500,False,0.15754212302645196,True,0.013051480346782973,1.1587400436401367
210256,733.4310177678394,500,False,0.14989428355178697,True,0.013064379796151746,1.0231460332870483
210560,729.2537483189253,500,False,0.1157610633864535,False,0.013074684137243211,1.349108099937439
210800,714.8348557671387,500,False,0.16421888187550784,True,0.013079181025930609,1.1951217651367188
211168,770.0075878042217,500,False,0.1846111977368912,True,0.013117361311776416,1.2243491411209106
211248,781.5448389230455,500,False,0.12001204550911486,True,0.013084308386600255,1.1384377479553223
211296,732.3772134458745,500,False,0.10651058839793417,True,0.013107130916292392,1.0183931589126587
211360,751.5694409709143,500,False,0.10982404412984718,False,0.013106892503917611,1.0999890565872192
212752,748.5580320695316,500,False,0.12043520804979148,True,0.01310422974419549,1.0549665689468384
212880,633.3067971753504,500,False,0.35347044878581996,True,0.012951734006809944,1.1042901277542114
213936,718.5074814942345,500,False,0.15207838382947,True,0.012912938553551828,1.141728162765503
215680,718.8657103217339,500,False,0.09265023586755097,True,0.012898557924712688,1.3460845947265625
215808,711.8406677985847,500,False,0.1591200876899291,True,0.012841923146102526,1.1459702253341675
216720,727.7624278459236,500,False,0.12599995839529934,False,0.012900315463414108,1.502124547958374
217856,775.077493976545,500,False,0.07092823384484803,True,0.012823987447851013,1.016779899597168
217984,634.9607388178845,500,False,0.22639969852290368,False,0.012795811838023832,1.3044655323028564
218112,710.7066447530278,500,False,0.12216947033668425,True,0.012795610824057488,1.3499181270599365
218256,786.7367343273908,500,False,0.2316764462293447,True,0.012717709596735807,1.2610180377960205
218560,722.3817623417058,500,False,0.11667834462161303,False,0.012709440833939694,1.1528648138046265
218800,665.4754015978186,500,False,0.41867357549738654,True,0.012808767786317558,1.445868730545044
219168,698.4500441628619,500,False,0.2396232443684177,True,0.012788867078517454,0.9940682649612427
219248,672.8002377795865,500,False,0.19705724100465835,True,0.012810393968889718,1.3265963792800903
219296,829.795611592508,500,False,0.09693391357332766,True,0.012843558836930882,1.0533102750778198
219360,792.1736723737669,500,False,0.09034930890819812,False,0.012860633837017146,1.0220305919647217
220752,719.1705480677138,500,False,0.11462723524714512,True,0.012869803975593307,0.9543325901031494
220880,825.9809074895472,500,False,0.08142549368402309,False,0.012869262055169533,1.3168383836746216
221936,786.5609893919502,500,False,0.13849053615894535,True,0.012862562409793032,1.2200840711593628
223680,717.8261739171686,500,False,0.15023465409911393,False,0.01284312077159502,1.0661885738372803
223808,696.9692756940806,500,False,0.15183390030304514,False,0.01289779976105168,1.189873456954956
224720,687.8649930785479,500,False,0.36710936549618656,True,0.012930234100632706,1.141818881034851
225856,804.4655782630455,500,False,0.13107697900464102,False,0.012782458509349138,1.3178602457046509
225984,746.9037461493434,500,False,0.10870268166188181,False,0.01276868735832119,1.3521676063537598
226112,852.6767498665304,500,False,0.086913060484959,True,0.01277620649723038,1.1858296394348145
226256,764.8144101925453,500,False,0.06118286860140943,True,0.01273363779342391,1.1685808897018433
226560,840.538731267381,500,False,0.0759444574270976,True,0.012751184359994986,1.3916606903076172
226800,727.2691737222877,500,False,0.11485499680354844,True,0.012761510852197766,0.9860193133354187
227168,688.6213700723154,500,False,0.15690594800629432,False,0.012768823143437025,1.0438306331634521
227248,754.1376731755955,500,False,0.10771664750289511,True,0.012646200752862888,1.1651666164398193
227296,703.6955525522649,500,False,0.25528704266649443,True,0.012611245052155686,0.980374813079834
227360,788.3652112462773,500,False,0.2286726014111031,True,0.012598351704061928,1.2604386806488037
228752,776.540602389757,500,False,0.06468395821192502,True,0.012588489925798162,0.9469953775405884
228880,710.3763680636754,500,False,0.23019279543061227,True,0.012344760287807828,1.250907063484192
229936,819.432314563132,500,False,0.05188378292571989,True,0.012265292058961864,1.0892540216445923
231680,674.0336163529701,500,False,0.21854172954343856,False,0.012395909063425348,1.124298095703125
231808,666.6398118961874,500,False,0.24048564165903033,True,0.012391757855893769,1.2805589437484741
232720,632.3435303066078,500,False,0.3766867826967626,True,0.012427692354105464,1.168593168258667
233856,717.9103739353689,500,False,0.13186681229955852,True,0.01248229198474609,2.0569276809692383
233984,800.4163282930596,500,False,0.06033817078199845,True,0.012547007308966563,1.1028821468353271
234112,831.7070498066529,500,False,0.24714210293202138,True,0.01253444915998938,1.2558220624923706
234256,728.8424610995743,500,False,0.09538385484129958,True,0.012516231463307922,0.966224730014801
234560,733.9954349776739,500,False,0.16449430633786855,True,0.012475572070882922,1.0651211738586426
234800,820.3629089900838,500,False,0.06859092025820791,True,0.012459508777966656,1.2642680406570435
235168,650.2905817305723,500,False,0.24522887168191218,False,0.01255607686515086,1.6235580444335938
235248,709.3819466830745,500,False,0.13441764879009224,False,0.01253448465537524,1.339482307434082
235296,711.714078897264,500,False,0.1720036275415703,False,0.012505718499782688,1.2602441310882568
235360,829.5900456008816,500,False,0.13734055825871727,True,0.012512279500979656,1.0465284585952759
236752,735.8934305584767,500,False,0.10772684178895475,True,0.012516111227902905,1.1371581554412842
236880,831.3690353068657,500,False,0.10394519885889625,True,0.012409543151024454,1.1651546955108643
237936,742.7257314178499,500,False,0.20583843436097146,True,0.012386570557697676,1.0950862169265747
239680,758.5579049921868,500,False,0.09463039206544525,True,0.012283367080612532,1.3422210216522217
239808,767.395161374391,500,False,0.16586833988988015,True,0.012315754198095984,1.148451566696167
240720,765.371271773181,500,False,0.2464466301270574,True,0.012358596846593172,1.0999624729156494
241856,802.6180616384373,500,False,0.04536416181939571,False,0.012491177457516631,1.1101903915405273
241984,698.6213797389285,500,False,0.12628233672497177,True,0.012358418823721195,1.1816537380218506
242112,764.7358715381998,500,False,0.09999640358721694,True,0.012342879783779393,1.1401479244232178
242256,677.4687911012751,500,False,0.27128105710969863,True,0.012326655711033137,1.238878846168518
242560,761.1960818623638,500,False,0.1264612959943634,True,0.012268936604851444,1.2521154880523682
242800,705.7242280934139,500,False,0.29121275516179984,True,0.01224776258604525,1.1948859691619873
243168,757.1325874604785,500,False,0.0953217413250538,True,0.012215424023599368,1.109689474105835
243248,750.8004632249971,500,False,0.12250861335194842,True,0.012111230078919934,1.2096788883209229
243296,719.4010311645943,500,False,0.1950374362683599,True,0.012103732430583963,1.3669614791870117
243360,721.615060158264,500,False,0.15969025921880284,True,0.01212879841416079,1.457854151725769
244752,743.5205654518362,500,False,0.145732276581907,True,0.012167229218020891,1.2820196151733398
244880,821.5062343217136,500,False,0.08168357669866455,True,0.012033333763037567,1.0268810987472534
245936,785.4773379260365,500,False,0.1351422296126244,True,0.012075537139172669,1.0322425365447998
247680,690.9775625686002,500,False,0.1732081203648645,True,0.012109066972573706,1.1085220575332642
247808,772.3259986160427,500,False,0.10677780804024894,True,0.012383740657357863,1.2878737449645996
248720,743.6114978161929,500,False,0.10747307651371348,True,0.012393654946990379,1.2708101272583008
249856,747.4845437117652,500,False,0.12089994626349869,True,0.012285796167621765,1.1661444902420044
249984,799.0789181983616,500,False,0.19422603249890735,True,0.012034244204718644,1.0629255771636963
250112,708.138342978263,500,False,0.15458481615678563,True,0.012022939356902164,1.4686226844787598
250256,787.9088530544612,500,False,0.07866283736680733,True,0.01200031892404565,1.0312285423278809
250560,728.9147569240699,500,False,0.21820280378447235,True,0.012022814086240145,1.9859466552734375
250800,764.0615754726695,500,False,0.1429419941088681,True,0.011995165844156587,1.3484041690826416
251168,789.3671397456148,500,False,0.08852617473077129,True,0.01188154876432022,1.3456599712371826
251248,735.8348911077236,500,False,0.08749432311072841,True,0.011832692434423829,1.1287660598754883
251296,780.1689562296261,500,False,0.1308406196321681,False,0.011832238595186326,1.1084098815917969
251360,825.7811341105929,500,False,0.09324222725291076,False,0.011854283194812913,1.2815980911254883
252752,725.3476750111369,500,False,0.18826892385320435,True,0.011878605125995794,1.29117751121521
252880,806.9145735207168,500,False,0.07353960134991931,True,0.011742286232918786,1.164870023727417
253936,772.0931008994972,500,False,0.16150634620211538,False,0.011783502429401852,1.1334609985351562
255680,786.7997171813903,500,False,0.11626372724872823,True,0.011753287852260786,1.370017647743225
255808,624.1769741909094,500,False,0.4355055700090197,True,0.011832459379648236,1.651045322418213
256720,706.6112572572022,500,False,0.13130775720087406,True,0.011862712587980733,1.1827633380889893
257856,710.4766913971687,500,False,0.08303835143979056,False,0.011840164681850335,1.3823285102844238
257984,730.0863071221678,500,False,0.1304327429429865,False,0.011919003932175638,1.2096048593521118
258112,715.6839402362276,500,False,0.2611924629399648,True,0.01191554622687161,1.1667096614837646
258256,740.9086286142164,500,False,0.0637922260314763,True,0.011918059665549905,2.680079460144043
258560,785.254169532424,500,False,0.1464278958248028,False,0.011971828553553486,1.5326429605484009
258800,701.9696575380965,500,False,0.13393418309792463,True,0.011967914505744203,1.1396952867507935
259168,741.2470388335445,500,False,0.17874610959253978,True,0.011982967539135624,1.1812214851379395
259248,721.6870493044912,500,False,0.19180528164919355,True,0.011954051903623204,1.1310594081878662
259296,781.1890578386817,500,False,0.14413769046480568,True,0.01194605555197162,1.534572720527649
259360,808.4873093140213,500,False,0.11731080685700618,True,0.011948026272092448,1.0959551334381104
260752,762.2457826071053,500,False,0.06690045867740081,True,0.011966812887458314,1.0450153350830078
260880,697.5572424001697,500,False,0.17461812159077666,True,0.011656983355892553,1.1524364948272705
261936,776.9825835379453,500,False,0.08090095049189179,False,0.011648722761321792,1.3409388065338135
263680,779.2085152796185,500,False,0.134315779372407,True,0.011660670783125411,1.428621530532837
263808,641.7298362677215,500,False,0.3167569190256626,True,0.011828005916347304,1.3095362186431885
264720,664.4756677217084,500,False,0.36084675780617737,True,0.01184498735642104,1.2966201305389404
265856,780.0768783966466,500,False,0.09359262335950463,True,0.01183009429610691,0.9771784543991089
265984,755.4930882505543,500,False,0.12234929654248887,True,0.011735657372697458,1.0669020414352417
266112,743.2794595950146,500,False,0.15172522564643168,True,0.011725443811372496,1.0556799173355103
266256,646.003754218665,500,False,0.5424351832195202,True,0.011646716906383303,1.3002638816833496
266560,694.4916158693965,500,False,0.1783175569328359,False,0.011611026210789075,1.312119960784912
266800,748.3938937868267,500,False,0.15631674241125929,True,0.011686778066144,1.2624646425247192
267168,724.2325743478306,500,False,0.14901685814640447,True,0.011786758714440466,1.1316872835159302
267248,617.6562434491317,500,False,0.29540460106836486,True,0.011737144648106707,1.1210153102874756
267296,771.7899456844865,500,False,0.3202769354954637,True,0.011740690297890734,1.3025569915771484
267360,777.3798487516441,500,False,0.0741781018081842,True,0.011741526827859974,1.1657713651657104
268752,864.0398378437511,500,False,0.03819807847157029,False,0.011720098500203299,1.1010912656784058
268880,753.3101423503114,500,False,0.12287938135979343,True,0.011742520893939979,1.4149181842803955
269936,793.2522804305625,500,False,0.12068359868689114,True,0.011774348705133823,1.2159323692321777
271680,678.5433761347083,500,False,0.12545792948137663,True,0.011447282267800115,1.2879170179367065
271808,683.2193322824571,500,False,0.24906588294414173,True,0.011466685626125489,1.1846582889556885
272720,744.3543933147112,500,False,0.12443245171120028,True,0.011441556120184538,1.3413255214691162
273856,807.0902035745161,500,False,0.06395916007724758,True,0.01135816888161217,1.2977385520935059
273984,813.4835443607128,500,False,0.045636124966563975,True,0.011213531079293487,1.5954320430755615
274112,761.2328454899206,500,False,0.15262528926418864,False,0.011190843418066936,1.1011099815368652
274256,680.6154607293784,500,False,0.1782899879695857,True,0.011230486572260185,1.4602789878845215
274560,742.0406672357374,500,False,0.1414194549448212,True,0.01121418788236007,1.3466213941574097
274800,630.8509322580715,500,False,0.3143043236716427,True,0.011174679451046226,1.013784646987915
275168,662.0683829423225,500,False,0.2127951261549629,True,0.011243697849580722,1.2315428256988525
275248,747.639757507011,500,False,0.05764705297806514,False,0.011208082692134391,1.3815103769302368
275296,692.1605984377453,500,False,0.23244645074444817,True,0.011201174774170881,1.0647594928741455
275360,817.2614565351372,500,False,0.0476208206199132,True,0.011186599980178201,1.1056575775146484
276752,740.4929914768128,500,False,0.13851508216116265,True,0.011179157664908939,1.0512773990631104
276880,831.6044028232938,500,False,0.0862121059383757,True,0.011311068657873988,1.5250704288482666
277936,759.3023532439439,500,False,0.2161317761271683,True,0.011363971518808873,1.3486647605895996
279680,769.1387375275212,500,False,0.05361605458245846,False,0.011301048131571075,1.561513900756836
279808,796.9413513378661,500,False,0.10846298014636056,True,0.01122321431875321,1.2736284732818604
280720,767.3386325549347,500,False,0.08190881617855705,True,0.011219502732935736,1.3723732233047485
281856,746.1036807813427,500,False,0.21073087616794364,True,0.011266926378033728,1.3331928253173828
281984,738.4803859391882,500,False,0.10619450946378309,True,0.01140976457771785,1.4305915832519531
282112,689.7823240559318,500,False,0.1451844277867551,True,0.01137017082602213,1.2244479656219482
282256,747.2412476113943,500,False,0.10411767881741817,False,0.011396786548756558,1.449754238128662
282560,726.2829442756356,500,False,0.0798132896728125,True,0.01138226307142743,1.1802188158035278
282800,741.8533779157051,500,False,0.1265338475707494,True,0.011241687050895106,1.2956905364990234
283168,692.7904015858498,500,False,0.19736232190375894,True,0.011220095801674386,1.2895407676696777
283248,791.675240481762,500,False,0.16438524310028158,False,0.011297156863074963,1.3081504106521606
283296,798.7779008488558,500,False,0.08773816633664175,False,0.011275740540095993,1.4608875513076782
283360,770.634555209538,500,False,0.14302065935811661,True,0.011250842908347594,1.2428855895996094
284752,817.0722771781583,500,False,0.058322993110413134,True,0.011236360124027683,1.262417197227478
284880,653.029723561544,500,False,0.1352217600535326,True,0.010927047529895848,1.1020042896270752
285936,747.1500703493714,500,False,0.12057919558488166,True,0.010891894224267258,1.2158368825912476
287680,766.830549934594,500,False,0.16007239162878337,True,0.010978468551868096,0.938637375831604
287808,796.2119532170158,500,False,0.04124260599436673,True,0.011111599420313709,1.2288246154785156
288720,824.4331219201682,500,False,0.07144515202110424,True,0.011140677728277155,1.462264060974121
289856,793.791999611323,500,False,0.13408940102206737,True,0.011190253663013221,1.4898509979248047
289984,869.7264550475882,500,False,0.06973924140642339,True,0.010989423379104768,1.0821723937988281
290112,824.4088737300519,500,False,0.11055641735713649,True,0.010939800640243363,1.0724422931671143
290256,734.4697962041669,500,False,0.11530608575764424,True,0.01095127153303691,1.2212152481079102
290560,773.8842403611895,500,False,0.1015785488121274,True,0.010871502009698318,1.2009656429290771
290800,864.9474675203605,500,False,0.09150286161009788,False,0.010874339651410943,1.0254015922546387
291168,718.9472077587442,500,False,0.11880881341834763,True,0.010843627967718317,1.5119388103485107
291248,696.1370370593891,500,False,0.16492928597262607,False,0.010870166590961879,1.430955171585083
291296,774.7842018039848,500,False,0.20318268062667985,True,0.01086076509497687,1.4643676280975342
291360,854.5073507457713,500,False,0.043803723809131674,True,0.01085615460475398,1.5438467264175415
292752,775.3551937583272,500,False,0.07864338431737598,False,0.010867614265579653,1.065958023071289
292880,793.8991979556146,500,False,0.09188296612188944,True,0.010847178151288283,1.2291746139526367
293936,751.4055093589195,500,False,0.1777563943234493,True,0.010862325717465138,1.2238924503326416
295680,767.7794010570775,500,False,0.10030503674203706,True,0.010683153566765033,1.3246910572052002
295808,817.0271134367629,500,False,0.04035768393148486,True,0.010794676544435724,1.0266547203063965
296720,756.6096953527292,500,False,0.058295804740658735,True,0.010838285472106407,1.1107910871505737
297856,775.8507139296056,500,False,0.26227942198004905,True,0.010881951688323543,1.3923298120498657
297984,795.8042278434399,500,False,0.12622166799471152,True,0.010885476733995786,1.1744017601013184
298112,791.1727603588286,500,False,0.2866176516079065,True,0.010896029914461983,1.0201430320739746
298256,731.9870429513754,500,False,0.14447291416556324,True,0.010929307005192136,1.7515289783477783
298560,805.6806580455545,500,False,0.06184033365659796,True,0.01095984833429696,1.42477548122406
298800,740.4569675050246,500,False,0.13784929426904297,True,0.011008050138696641,1.0244152545928955
299168,748.3089787875701,500,False,0.05405683853058882,True,0.011052832324929165,1.0217986106872559
299248,819.4727007861687,500,False,0.05024644264236264,True,0.01102554582396036,1.0820810794830322
299296,749.7897656710647,500,False,0.07449011405985587,True,0.011052535322827996,1.5276157855987549
299360,732.3309947839821,500,False,0.12072109138367652,True,0.011002097977386655,1.5380902290344238
300752,803.652368414812,500,False,0.171142254076939,False,0.011284776297264952,1.108828067779541
300880,742.2162869044092,500,False,0.22915616110362438,True,0.011063736948774066,1.0865135192871094
301936,825.6507600972384,500,False,0.06400053646249407,True,0.011022188851084138,1.4742085933685303
303680,754.4549658682166,500,False,0.09520568319007593,True,0.011057934237164111,1.2681540250778198
303808,815.2267607814639,500,False,0.1255897691896877,True,0.010954265165882823,0.9730045795440674
304720,770.2122732889046,500,False,0.06604447375320018,True,0.010965014183835753,1.0980761051177979
305856,801.4685019810083,500,False,0.14612346136306711,True,0.010836798075705452,1.3493722677230835
305984,743.1223105562772,500,False,0.055835787930311465,True,0.01080352528462886,1.0372231006622314
306112,788.0007965775417,500,False,0.11379282462459864,False,0.010790648029797638,1.3969275951385498
306256,622.6152885200569,500,False,0.39048054753439554,True,0.010807319069519487,1.1857184171676636
306560,678.8220049752359,500,False,0.10716904818151846,True,0.01080837803195205,0.9553157091140747
306800,748.2243083917988,500,False,0.20780646677307,False,0.010814723675821394,1.3556147813796997
307168,750.3356377524291,500,False,0.13458921876101135,False,0.010767424719094042,0.9701085090637207
307248,723.6811003251244,500,False,0.20761559025446208,False,0.010737636410121635,1.1315722465515137
307296,802.2089916370178,500,False,0.0867112485165621,True,0.010723518268623567,1.3328337669372559
307360,864.8004464907281,500,False,0.09321091877632928,True,0.010734591584557845,1.1771801710128784
308752,745.0285631180977,500,False,0.12758503319734266,True,0.01076359159490924,1.3378894329071045
308880,688.3931897007988,500,False,0.345768767225912,True,0.010759272515764915,4.708683013916016
309936,790.3915576245261,500,False,0.07597369630455757,True,0.010694403247294431,1.1454441547393799
311680,738.4728752411414,500,False,0.10144784247753418,True,0.01055358209324392,1.2903130054473877
311808,725.7531396004396,500,False,0.11727281429678912,True,0.010605415057480099,0.9674984216690063
312720,761.3301496746795,500,False,0.07593888065758236,True,0.010612159311552346,1.230758786201477
313856,783.5689202766875,500,False,0.09869410865117835,True,0.010734237389689084,1.238189935684204
313984,791.9907065471658,500,False,0.08032665445330883,True,0.01064188075900954,1.1400306224822998
314112,752.5181978698578,500,False,0.10875451228846339,True,0.010598819224616977,1.1065962314605713
314256,695.1137226726686,500,False,0.21067504182900534,True,0.010636803115284444,1.1731655597686768
314560,732.1653934113715,500,False,0.054003617426989975,True,0.010688591455162866,1.2179354429244995
314800,690.6174609083979,500,False,0.3573533517415231,True,0.010698099468207132,1.490142822265625
315168,744.9764868404028,500,False,0.08161657177360783,True,0.010661616439235657,1.1188231706619263
315248,724.4644595986271,500,False,0.14391869690220765,True,0.010634829561117018,1.062490463256836
315296,655.6229987490988,500,False,0.5939339313511481,True,0.010642777342990965,1.3179612159729004
315360,775.9619037827583,500,False,0.06246413128820754,False,0.010655197471304558,1.1705350875854492
316752,723.9414027593989,500,False,0.060460500963182714,True,0.010655789250346293,4.9378509521484375
316880,732.4193094138378,500,False,0.10123165153951495,True,0.010460067758147465,0.9241839647293091
317936,733.6004663891983,500,False,0.35082298496208175,True,0.010492111624812393,1.0143766403198242
319680,755.9905950786145,500,False,0.0920126172547574,True,0.010387410412521083,1.2553943395614624
319808,797.0544116143255,500,False,0.04564964335141523,True,0.010377628903636194,1.0485087633132935
320720,751.6443043418915,500,False,0.09805359153097729,True,0.010387404021318557,1.086559534072876
321856,757.1727691412166,500,False,0.1083241019495902,True,0.010487657844449567,1.2899816036224365
321984,623.0789807709682,500,False,0.1497220955358601,True,0.010563984135749162,1.0515670776367188
322112,754.3086158546788,500,False,0.12323827964521585,True,0.01052367042204828,1.2499492168426514
322256,792.9825780097879,500,False,0.07216416536908765,False,0.01055983971152394,1.529627799987793
322560,810.9252276162342,500,False,0.09063600743002266,False,0.010612480731738922,1.0081524848937988
322800,746.5742163705846,500,False,0.01969634908191094,True,0.010656003392530247,1.0105555057525635
323168,750.9677490478831,500,False,0.05984971486017709,True,0.010598867967172075,1.4294090270996094
323248,719.6043673972197,500,False,0.08265271382101463,True,0.010546660681153265,1.1155016422271729
323296,706.4547493181443,500,False,0.2381170712958537,True,0.010544165016361726,1.2761883735656738
323360,750.5765249656708,500,False,0.13402339425382834,True,0.010567147073341169,1.3244588375091553
324752,693.8856164229925,500,False,0.09157555675691194,True,0.01058367326957383,1.1788426637649536
324880,751.6559660297297,500,False,0.0992421175479606,False,0.010537767283137952,1.2351778745651245
325936,762.9730385981861,500,False,0.11107440456067187,False,0.01053382743933605,1.0797367095947266
327680,773.525306673279,500,False,0.14135332202175285,True,0.010275859094840337,1.2550017833709717
327808,746.9269420205635,500,False,0.13637332622110263,True,0.010598646084065593,1.352919101715088
328720,761.2345522653139,500,False,0.1128961518616364,True,0.010560537657878566,1.187809944152832
329856,735.8170983337303,500,False,0.16978865716211586,True,0.010533803615832883,1.2954435348510742
329984,706.2091515226261,500,False,0.3476244922480885,True,0.01035282281497758,1.1753766536712646
330112,746.1299299698406,500,False,0.41033276959176745,True,0.010416326878274786,1.168868064880371
330256,710.9159822753363,500,False,0.1291141745146071,True,0.010432957290970202,1.2353057861328125
330560,837.1008938345452,500,False,0.06447668644040874,False,0.010422387997245815,1.0884122848510742
330800,827.8983011805749,500,False,0.049737686939813626,True,0.010391492871887252,1.06858491897583
331168,789.3441120413308,500,False,0.0999951816457212,False,0.01032207022845247,1.086026668548584
331248,725.841641610187,500,False,0.1672769103626073,False,0.010236595326611211,1.086498498916626
331296,738.6226545969184,500,False,0.11864760639961472,True,0.010248115880032544,1.2995439767837524
331360,766.1854411016476,500,False,0.061607658548935205,True,0.010238410598311749,1.1151912212371826
332752,815.2352548367282,500,False,0.021669858543281333,False,0.010240055608671342,1.4311224222183228
332880,673.0032035952315,500,False,0.20446976312756213,False,0.010134134532665234,1.3953802585601807
333936,768.2713967926693,500,False,0.21663575881875638,True,0.010127537877040581,1.0946907997131348
335680,742.9853417471936,500,False,0.09596816387063048,False,0.010157500008230238,1.138977289199829
335808,650.9394686799194,500,False,0.5400786400736535,True,0.010126333875341106,1.5185847282409668
336720,654.01646423802,500,False,0.3978604847496069,True,0.010190616035272366,1.0602779388427734
337856,686.4722417737391,500,False,0.1887665627649153,True,0.010303248428722643,1.350785255432129
337984,738.0683956548608,500,False,0.07360598353676373,True,0.010523475276067909,1.2168705463409424
338112,698.9765670154744,500,False,0.1842415994566114,True,0.01042267374817332,1.1629247665405273
338256,742.6964433699004,500,False,0.10405272896682839,True,0.010378554188867675,1.3392616510391235
338560,664.1572195129718,500,False,0.41149867937269735,True,0.010436232036256458,1.1660261154174805
338800,800.4099555173897,500,False,0.09496609903289276,True,0.010424908491162017,1.201296091079712
339168,782.0966391093317,500,False,0.2557790941869661,True,0.010457535148550497,2.180999279022217
339248,721.0533696303125,500,False,0.23205155163434996,True,0.010437248307060524,1.009007215499878
339296,769.1252441165477,500,False,0.1405502906824653,True,0.0104514681372006,1.3532497882843018
339360,684.5883193049,500,False,0.1424154535492121,True,0.010452650680310508,1.4493706226348877
340752,745.6697326204892,500,False,0.15716683153520017,True,0.010443125947350862,1.457430124282837
340880,745.2182387006948,500,False,0.09654191597651478,True,0.01023724870072627,0.9841853976249695
341936,510.05098584013086,500,False,0.3252188245127682,True,0.01025048262632829,1.2246370315551758
343680,747.3097842065669,500,False,0.05476515886288102,True,0.01051449662822457,1.3335354328155518
343808,683.9864149859673,500,False,0.21490604181197998,True,0.01035650727219954,1.4250874519348145
344720,705.3579881019792,500,False,0.25904818456266593,True,0.010340948961487432,1.5833009481430054
345856,772.5076592131331,500,False,0.11731219277873633,False,0.01039992707412233,1.1443240642547607
345984,603.9273022972972,500,False,0.3523139587811257,True,0.010443054380599998,0.9784116744995117
346112,565.7876568434237,500,False,0.27892756608638075,True,0.010436442983587549,1.213852882385254
346256,722.3953429322833,500,False,0.16500317805914883,True,0.010434914354718232,1.0702545642852783
346560,700.5189274050839,500,False,0.24721766793249952,True,0.010460631432609356,1.1735336780548096
346800,703.0730623870547,500,False,0.22051301617435745,True,0.010439757330151391,1.1668788194656372
347168,739.0078244586048,500,False,0.13029912857270318,False,0.010303414982517536,1.1630973815917969
347248,776.6403364238898,500,False,0.11510133185537212,True,0.010259355981719134,1.0044656991958618
347296,722.529777671671,500,False,0.13497492996413263,True,0.010243735080360437,1.2189016342163086
347360,794.2010448146556,500,False,0.0886328614976286,True,0.01022148562808471,1.1061042547225952
348752,840.6184744206721,500,False,0.12033309095831567,True,0.010192290641378802,1.058016300201416
348880,713.2393808526015,500,False,0.1637584841196379,True,0.010158595456663571,1.5147300958633423
349936,809.5565705239842,500,False,0.08679005796248913,True,0.010149993762544832,1.4022161960601807
351680,755.1424296229108,500,False,0.14502816329158816,True,0.010482186788975377,1.3023676872253418
351808,756.825594095337,500,False,0.11690787435078402,True,0.010420133205136298,1.0879008769989014
352720,695.1165879355217,500,False,0.0769327204849619,False,0.010373723712957228,1.5274105072021484
353856,700.0687297128804,500,False,0.13998233437236662,True,0.010347345858883169,1.2906979322433472
353984,790.1927132615845,500,False,0.16582474939370798,False,0.010352146900584223,1.1407129764556885
354112,703.5470400451336,500,False,0.20279677275209965,True,0.010325823478231582,1.4166655540466309
354256,723.721355905635,500,False,0.0991228288964604,True,0.010335678237213082,1.0140167474746704
354560,744.1485052996735,500,False,0.05885856447631377,False,0.010358005263993237,1.1319262981414795
354800,709.4785306050669,500,False,0.12928764610306104,True,0.010437981856006301,1.0937974452972412
355168,792.9325675731442,500,False,0.12816182463271192,True,0.010449498603520018,1.1946152448654175
355248,724.3843164854235,500,False,0.2348931024662028,True,0.010361097625300042,1.0884296894073486
355296,681.9956951451462,500,False,0.2403561331404557,False,0.010304164733151213,1.1182835102081299
355360,781.5914461027071,500,False,0.11893554133768054,True,0.010290211329304622,1.0417344570159912
356752,753.8270656284797,500,False,0.1593242254718851,False,0.010284381289506447,1.1037561893463135
356880,747.9453534126216,500,False,0.0938897091996415,False,0.010143790870175562,1.0000407695770264
357936,748.9120227960382,500,False,0.09321348831281427,True,0.010127393568819127,1.2769252061843872
359680,746.4336185686385,500,False,0.14086236596639462,True,0.010171943765948424,1.0147603750228882
359808,731.617041181176,500,False,0.18880161112410515,True,0.010235111874432703,1.199986219406128
360720,773.8917066225666,500,False,0.19508779360046535,True,0.010203459781454172,1.1522749662399292
361856,817.558539645102,500,False,0.07888964049755294,True,0.010051218754965813,1.266232967376709
361984,700.5607968425946,500,False,0.2057345863928619,True,0.009761894735366834,1.1525530815124512
362112,737.7653600560436,500,False,0.057739648806117434,True,0.009684338192113938,1.2433114051818848
362256,821.6751886880494,500,False,0.047546150596856206,False,0.009665353541246488,1.0979819297790527
362560,778.3755553611556,500,False,0.10152943466928391,True,0.009665480621397236,1.0157114267349243
362800,784.2610168926725,500,False,0.09373588761810138,True,0.009678249106710982,1.4627695083618164
363168,790.4222292659401,500,False,0.0774818856579417,True,0.009654090845143376,1.377211093902588
363248,656.9801420600346,500,False,0.2019779620131385,True,0.0096188855841789,1.4214961528778076
363296,830.7227734038465,500,False,0.10600579250338929,False,0.009617333563378532,1.1239722967147827
363360,839.7156641487941,500,False,0.10858264819580003,False,0.009624840853912924,1.5580058097839355
364752,730.696801633236,500,False,0.14882934816517557,True,0.009627708783822835,1.143250823020935
364880,690.9492094267579,500,False,0.20665200862649424,True,0.009757402097035893,1.3836419582366943
365936,615.4944664264,500,False,0.26036454729055597,True,0.009805742598284171,1.0377330780029297
367680,729.1344249518066,500,False,0.1438701714237146,True,0.01015346286630788,1.3681328296661377
367808,681.8051348204561,500,False,0.1841270214533418,True,0.01011060793120143,1.451904296875
368720,645.6224368150822,500,False,0.12207807719748474,True,0.01005864157813566,1.0430599451065063
369856,692.0883875850845,500,False,0.1201444975912368,True,0.01026557083997851,0.9704201817512512
369984,704.5964121891194,500,False,0.12152663012736505,True,0.010067815137326394,1.2560056447982788
370112,683.2992489509663,500,False,0.13675629606670608,False,0.010029359924055719,1.1773874759674072
370256,790.4933648451525,500,False,0.07601073071127247,True,0.010057026339771765,1.3541526794433594
370560,740.6566473546808,500,False,0.13974665070761605,True,0.010036903200892726,1.280361533164978
370800,767.2499352109709,500,False,0.07123877385458349,True,0.010005594639055752,1.3129935264587402
371168,731.6604351537561,500,False,0.07346592807760965,True,0.010007613656543877,1.410383701324463
371248,755.8813187965935,500,False,0.05249610140381938,True,0.009987673205094508,1.2783746719360352
371296,834.5203619286957,500,False,0.10546597363988944,False,0.009998669818842969,1.4449454545974731
371360,676.0957934018868,500,False,0.2684625959045532,True,0.009971330433294118,1.1168529987335205
372752,828.3690572258411,500,False,0.07354018052804698,True,0.009924559652407093,1.26436448097229
372880,790.6574965010251,500,False,0.05991939628685429,True,0.01011901604081809,1.3880865573883057
373936,659.7744748537065,500,False,0.08689891026969215,True,0.01011157684047818,0.9216777086257935
375680,719.997517300059,500,False,0.13466420404181412,True,0.01013174964498092,1.1810356378555298
375808,732.3285534300679,500,False,0.12540642462509832,True,0.01004191293628094,1.3689022064208984
376720,747.5618645207485,500,False,0.07435329978347835,True,0.009989529510804321,1.258347988128662
377856,721.1130251943438,500,False,0.15676441093107815,True,0.009967348569834562,1.4971058368682861
377984,782.3845138233561,500,False,0.0891417240057359,True,0.009832940900750561,1.2264256477355957
378112,790.1683421633941,500,False,0.0680997336710802,True,0.009799506483335226,1.370086431503296
378256,632.0578209802677,500,False,0.3845915125256915,True,0.009791157499412104,1.3188488483428955
378560,732.392531647913,500,False,0.22700901800968873,True,0.00981764168619878,1.2629563808441162
378800,838.5373674536355,500,False,0.08511606967798058,True,0.009907130316495793,1.0021880865097046
379168,721.6556412786961,500,False,0.39014280574502685,True,0.009825386701345131,1.1361758708953857
379248,820.8612196609698,500,False,0.034519924358254975,True,0.00968621882614677,1.074539065361023
379296,758.6575923129925,500,False,0.099817370352345,True,0.0097009998717402,1.3189665079116821
379360,798.6933455431266,500,False,0.04253178158658895,True,0.00970685064842016,2.4543745517730713
380752,698.6217566447867,500,False,0.09105521680992555,False,0.009714481546661952,1.2103534936904907
380880,759.342029630906,500,False,0.12024295209372984,True,0.009755911872353725,1.3405218124389648
381936,728.0476839765057,500,False,0.08709184506707565,False,0.009731999362356055,1.1334317922592163
383680,728.4545946731824,500,False,0.0912061018063774,True,0.009910525815459093,1.1496798992156982
383808,781.532662796663,500,False,0.0916009625740186,False,0.01008250411450914,1.2621967792510986
384720,753.6629677923969,500,False,0.190212311176226,True,0.01010655457750069,1.272669792175293
385856,764.9004169814448,500,False,0.045358465253554275,True,0.010110269860770845,1.1785919666290283
385984,795.0885559459281,500,False,0.1074490017760296,False,0.010000687549465865,1.4701924324035645
386112,767.2790299741687,500,False,0.11170730287597909,True,0.009966999526967993,1.2780265808105469
386256,720.7000736250404,500,False,0.16524895294264047,False,0.009945052706951181,1.4474000930786133
386560,772.7449383780721,500,False,0.10652915331934956,False,0.009953207459869695,1.559340238571167
386800,807.983634179834,500,False,0.12775133658549417,True,0.010014349189090973,1.0049762725830078
387168,736.9363320625005,500,False,0.283577517332466,True,0.01005255286354514,1.4773272275924683
387248,681.7554398688399,500,False,0.2839884891267383,True,0.010167792861935926,1.3185878992080688
387296,806.0809416288128,500,False,0.02696538296171946,True,0.010177576630894542,1.1943180561065674
387360,830.6360983270629,500,False,0.06863129999819761,True,0.010179203908982316,1.1918342113494873
388752,743.4439831502029,500,False,0.13358245952653042,True,0.010179046099135862,1.462679147720337
388880,757.5912270295951,500,False,0.08793208759494675,True,0.010061588639932662,1.1570093631744385
389936,811.9281118239071,500,False,0.21150203152656719,True,0.010021703549016854,1.6058604717254639
391680,628.1262083118983,500,False,0.21029032626791927,True,0.009790186991958874,1.277845859527588
391808,821.3402109231703,500,False,0.049831985368867245,True,0.009855144340431552,1.441159725189209
392720,701.1703757935318,500,False,0.25166634535789706,True,0.009825742646983288,0.9341830015182495
393856,762.5708823762399,500,False,0.1727903689397089,True,0.009720078424723248,1.2913486957550049
393984,876.0475793330096,500,False,0.07857507579220632,False,0.00964359362843004,1.429745078086853
394112,666.622144577843,500,False,0.15722958127716688,True,0.00961145975083194,1.1058422327041626
394256,728.2565138838761,500,False,0.14260607822970287,True,0.009572927363325712,1.1878935098648071
394560,788.6942409772271,500,False,0.12508347104107193,False,0.009615702900128205,1.5987277030944824
394800,770.2846508948461,500,False,0.11844709129875786,True,0.009701521932155234,1.0472395420074463
395168,751.7301723748616,500,False,0.1387858292208723,True,0.009785189517324475,1.3644667863845825
395248,747.4984364074393,500,False,0.1345324923776696,False,0.009765234929967437,1.1757733821868896
395296,775.478206610694,500,False,0.09845228655523096,False,0.009760049711005619,1.1230040788650513
395360,883.9968780775083,500,False,0.05247511409291239,True,0.009751856804572705,1.149660587310791
396752,819.2055121826471,500,False,0.098837432680345,False,0.009748764000477615,1.2185070514678955
396880,805.4204006684179,500,False,0.11806173747387824,True,0.009784660080275205,1.1332095861434937
397936,738.8024815178705,500,False,0.12082848873181175,False,0.009767086956168026,1.2617461681365967
399680,792.8438447350308,500,False,0.11567240045663754,True,0.00989182046018828,6.610027313232422
399808,716.2555107152793,500,False,0.1768265880174812,True,0.009552605344537507,1.329571008682251
400720,683.8320669764842,500,False,0.1576011344214323,True,0.009601479130302671,1.2529665231704712
401856,776.1156376660529,500,False,0.14660464226368028,True,0.009481157096733538,1.323688268661499
401984,790.3210383055856,500,False,0.0908249327953869,True,0.009607257454639752,1.2227466106414795
402112,786.9572546939208,500,False,0.06568888713257581,True,0.009610698121449957,1.3391244411468506
402256,750.1659595689206,500,False,0.12280240075573864,True,0.009609624561706238,1.2838120460510254
402560,744.9949021588479,500,False,0.11199025468872778,False,0.009607789634508656,1.2885178327560425
402800,724.1719991843615,500,False,0.2059671678793963,True,0.009625790300048048,1.1592694520950317
403168,691.7158194753953,500,False,0.12672270980800504,True,0.009558540230810675,1.0182788372039795
403248,723.1752146696061,500,False,0.12358117228680708,True,0.009678944692401305,0.915661096572876
403296,800.4999816042615,500,False,0.1125554745806589,True,0.00969019036009542,1.1644206047058105
403360,765.9960339086529,500,False,0.026128645429303047,True,0.009706480784455872,1.2103300094604492
404752,712.9749285463663,500,False,0.1591046016799527,True,0.009736993811905386,1.273608922958374
404880,682.3356352558903,500,False,0.19133105651211196,True,0.009724972387766137,1.2488921880722046
405936,701.2680267462683,500,False,0.1289043091020227,True,0.009731617502244884,1.1319385766983032
407680,710.2970306855239,500,False,0.1560901523930308,True,0.009409138127335286,1.2524137496948242
407808,850.7591624917727,500,False,0.07664580915526727,True,0.009171333265067524,1.108241319656372
408720,773.9243877492836,500,False,0.11183406127403861,True,0.00915405101062807,1.1517598628997803
409856,788.3682593371382,500,False,0.05633568376713332,True,0.00910904635446105,1.1641254425048828
409984,679.8710073934758,500,False,0.20656661881881141,True,0.009212650666286576,1.1797170639038086
410112,712.7165969465003,500,False,0.14049405809545468,False,0.009200513828342166,1.5054959058761597
410256,796.4174256594505,500,False,0.15635659328480064,True,0.009198599470473481,1.254087209701538
410560,716.8775237505514,500,False,0.12836915655981473,True,0.00918423945273954,1.1734254360198975
410800,752.4439744737778,500,False,0.0893999563830766,True,0.009293615428510782,1.0175069570541382
411168,741.4877440582799,500,False,0.11576490795509846,True,0.009318289374301824,1.478755235671997
411248,752.3693333740919,500,False,0.15364091470886063,True,0.009453878807064511,1.083005428314209
411296,644.1508165037493,500,False,0.221241684338453,True,0.009418800816384193,1.3109838962554932
411360,767.1950693385478,500,False,0.1885720466534516,True,0.00939997576419788,0.9970039129257202
412752,812.3261647555559,500,False,0.08352631422481559,True,0.009378470983899026,1.1713624000549316
412880,619.5196017957678,500,False,0.28766130012667823,True,0.009567058417705962,1.166218638420105
413936,764.5944414934521,500,False,0.1470291770325644,False,0.00959276522181577,1.1342220306396484
415680,740.0753683405529,500,False,0.06355210437778559,True,0.009468688098102652,2.908996343612671
415808,769.2169505314781,500,False,0.08607609702832507,True,0.009546654763163489,1.2796266078948975
416720,846.2133935833735,500,False,0.11243511151205478,True,0.009543912517542084,1.3802149295806885
417856,695.5452453149078,500,False,0.2463566277789075,True,0.009521927139112098,1.009597659111023
417984,737.7871165428529,500,False,0.08860258920850352,True,0.009417360509014594,1.1780509948730469
418112,787.4667118072317,500,False,0.1273229005901864,True,0.009417839819338594,1.2590038776397705
418256,733.3100168677255,500,False,0.17140384799256247,True,0.009409530054033362,1.0298787355422974
418560,729.5775129782779,500,False,0.1614959390159267,True,0.009329868723091812,1.5360534191131592
418800,757.4197846166676,500,False,0.13820343614893923,False,0.009267222013207206,1.3009746074676514
419168,820.2595482267604,500,False,0.05805929957004224,False,0.009262149766313815,0.8328219652175903
419248,762.6681670620973,500,False,0.045803212366715806,False,0.009235178381858682,1.4181658029556274
419296,796.7212922746355,500,False,0.06620949299088914,False,0.009231799234889423,1.4862864017486572
419360,797.3124291920701,500,False,0.10553925999705463,True,0.009226543612987147,1.2037336826324463
420752,758.3832608168727,500,False,0.12278732784819202,True,0.009231024803163637,1.1505093574523926
420880,708.3885963211075,500,False,0.1994106107629605,True,0.009194396226649892,1.1572480201721191
421936,644.9045735345936,500,False,0.1878979937091143,False,0.009197617649189036,1.1767643690109253
423680,740.3783904960519,500,False,0.13603712088941133,True,0.009071971814064637,1.105701208114624
423808,755.3114581121986,500,False,0.08879157296243109,True,0.008816493184708202,1.3633160591125488
424720,743.7475861151548,500,False,0.22058302523298184,True,0.008873910697239288,2.320274829864502
425856,743.65183695872,500,False,0.13253834353049265,True,0.008762978771995618,1.1583088636398315
425984,789.0993469141457,500,False,0.1551975559935913,True,0.008903698561547895,1.0157421827316284
426112,795.4252719212454,500,False,0.09218676224437135,False,0.00894877236998834,1.234217643737793
426256,642.162472021552,500,False,0.18737686784571195,True,0.00892228707550806,1.069551944732666
426560,783.04369240933,500,False,0.22280210645875276,True,0.008906292479722288,1.4183779954910278
426800,717.007498667113,500,False,0.2411144805883752,True,0.008851852855674002,0.9303445816040039
427168,764.3095189974781,500,False,0.04547626786790245,True,0.008889563777863676,1.141702651977539
427248,823.3228082933674,500,False,0.07511589781566405,False,0.008886407226039741,0.9676572680473328
427296,700.4901145584248,500,False,0.08698869372618656,True,0.008868498671936346,1.1828763484954834
427360,729.6446211551381,500,False,0.10214755508949071,False,0.008849052037224159,1.548756718635559
428752,755.523438566914,500,False,0.13019776154679125,True,0.008827467488751956,1.1319444179534912
428880,710.829118911823,500,False,0.15142610128004236,True,0.00864955580889597,0.9621394872665405
429936,727.4629982158579,500,False,0.30857404458439464,True,0.008649803760936799,0.9621384143829346
431680,721.8356243092187,500,False,0.16617261338189296,True,0.008726518216679238,1.1169838905334473
431808,652.973976489267,500,False,0.5049668163622579,True,0.008822490917216713,1.190385103225708
432720,754.6427745327577,500,False,0.1397836332600241,True,0.008846805651777145,1.0572923421859741
433856,761.2430181173418,500,False,0.09613519702364688,False,0.008723348124292105,1.136476755142212
433984,791.5969089362205,500,False,0.07610508052690974,True,0.008761645738077022,1.1811026334762573
434112,764.0202387761294,500,False,0.07714449101785971,True,0.008749656224213071,1.0340595245361328
434256,787.2099414154166,500,False,0.0988235827619759,True,0.008743572702245723,0.980840802192688
434560,801.9946455966841,500,False,0.06756027265821032,True,0.008707765119370731,1.1138960123062134
434800,693.5526703508523,500,False,0.19659173504576363,False,0.00868087496606388,1.1288487911224365
435168,782.6148243911211,500,False,0.16886175081097543,True,0.008678201338013397,1.2428627014160156
435248,696.9059170815035,500,False,0.23585182366954485,True,0.008707443332401879,1.0366551876068115
435296,799.6138150447717,500,False,0.10912278912933589,True,0.00870498746948601,1.0487065315246582
435360,684.6411819769976,500,False,0.12209554335192756,True,0.008695255066060968,1.3812732696533203
436752,714.2728000154626,500,False,0.19216589099233683,True,0.008683434718326393,0.9852484464645386
436880,756.4309999410892,500,False,0.15153605597327902,True,0.008674572163558636,1.0283396244049072
437936,735.8869877902201,500,False,0.34540445605794917,True,0.008634465937718333,1.2581465244293213
439680,763.4862519271119,500,False,0.12603525852268033,False,0.008705795387118487,1.2344284057617188
439808,777.8066092811022,500,False,0.11317620348284042,True,0.008765580139836587,1.155362844467163
440720,757.9617222279863,500,False,0.10758001146436605,False,0.008761694941953066,1.1658601760864258
441856,684.8473519672582,500,False,0.14892150170902044,False,0.008796718174521292,1.1016309261322021
441984,723.9780550572002,500,False,0.11565670891863751,False,0.008891067591835814,1.3354367017745972
442112,659.0648193225618,500,False,0.19068093646677667,True,0.008924604033777515,1.1423859596252441
442256,755.9932502369395,500,False,0.08007264922032781,True,0.008925023153998433,0.9680111408233643
442560,721.7808861724071,500,False,0.20250503832131664,False,0.00897947452054466,1.0490089654922485
442800,706.3502964839064,500,False,0.3178038956564317,True,0.009034357853734538,1.0150443315505981
443168,729.7264137105635,500,False,0.18852960473173622,True,0.008957077355383376,1.2293720245361328
443248,758.3416993285988,500,False,0.1265339267334233,False,0.00891925827307916,0.8951521515846252
443296,728.0888770817821,500,False,0.1353672126390491,False,0.0089318830672158,1.053281545639038
443360,720.2181502276387,500,False,0.14531195254437915,True,0.008940811026418605,1.3605120182037354
444752,836.8405662198683,500,False,0.10216317567073487,False,0.008923204453684466,1.284079909324646
444880,692.8021254379074,500,False,0.0964258909072282,True,0.008887665097107025,1.013451337814331
445936,737.939908799605,500,False,0.15709127211031343,True,0.008898198701655194,1.2639822959899902
447680,658.1476723296685,500,False,0.2610427605580192,True,0.009015222296455253,1.2328814268112183
447808,749.317529238926,500,False,0.1526652251363228,True,0.008942124425151379,1.219020128250122
448720,720.4701895209721,500,False,0.11152539651828665,False,0.008962232793475498,1.480215311050415
449856,683.0926811056828,500,False,0.14150999573546633,False,0.009116821827196388,1.090756893157959
449984,736.7889978277185,500,False,0.11626818629737347,True,0.009084793156326557,0.900558352470398
450112,695.3697330252144,500,False,0.229822001775864,True,0.009059963200012155,1.115646243095398
450256,740.5529699313855,500,False,0.13638895544943277,True,0.009095974943629025,1.0561902523040771
450560,697.7822255075379,500,False,0.25793836907285067,True,0.009131017676070793,1.6232044696807861
450800,623.6112897282662,500,False,0.26833474491402076,True,0.009120269347569241,1.185056447982788
451168,670.5337671498274,500,False,0.18921314749709053,True,0.009137557659890501,0.9918843507766724
451248,789.1441499057632,500,False,0.08798349728283647,True,0.009087835507115437,0.8671823740005493
451296,689.8557444730232,500,False,0.20398383555525373,True,0.009071286439092373,1.0393396615982056
451360,744.2211688444446,500,False,0.0945319596465423,True,0.009059955782432502,1.0095090866088867
452752,763.3067257350116,500,False,0.11113737472782723,True,0.00903767659391188,1.1464672088623047
452880,698.6107771764696,500,False,0.21649551527178093,True,0.008740271306431322,1.0402944087982178
453936,781.7689958940744,500,False,0.11191971687857057,False,0.00869534675538008,1.0933867692947388
455680,739.4817012071284,500,False,0.11601228513089477,True,0.008538242142518663,1.0338644981384277
455808,650.6510530337362,500,False,0.18452463722786186,True,0.008719530747406452,1.146658182144165
456720,771.9969169622862,500,False,0.13698807853672798,True,0.008735999104727407,1.1653801202774048
457856,795.6231674082134,500,False,0.07934886653314051,True,0.008943884616597758,0.946856677532196
457984,705.4907578635407,500,False,0.30343129356575227,True,0.009113107116800013,1.1589515209197998
458112,758.2754337662053,500,False,0.09876018139375135,False,0.009086472318799298,0.9476402997970581
458256,798.5180567749685,500,False,0.10242311494838705,True,0.00900655729255604,1.1249200105667114
458560,676.003916275966,500,False,0.29853094455965484,True,0.008968856719755926,1.0930790901184082
458800,728.7052023490644,500,False,0.22842602079663285,True,0.00892514590105523,0.9563265442848206
459168,812.9519853572975,500,False,0.17433048990273112,True,0.008883094696168905,1.0915464162826538
459248,639.8449021871128,500,False,0.16114474119893762,False,0.008937379883576254,1.0750112533569336
459296,724.5007006102335,500,False,0.14985277155956225,True,0.008922378208160407,1.1215474605560303
459360,761.2666576072797,500,False,0.12031550716847901,True,0.00890840235364715,0.9425808191299438
460752,724.7422747285768,500,False,0.13046059027021017,False,0.008888682510506741,1.129279375076294
460880,723.4008323435277,500,False,0.1411511994313904,True,0.008912134428934267,1.1927008628845215
461936,791.4639656138693,500,False,0.1412794349044672,True,0.00890852520230128,1.29752779006958
463680,651.1549949678642,500,False,0.18018949516421684,True,0.009125846753461475,0.9471182823181152
463808,797.2237927444438,500,False,0.11632306095523821,False,0.008780463997901044,1.0139368772506714
464720,804.435049901649,500,False,0.07615460365363176,True,0.008783575573838066,0.9769371151924133
465856,796.1074438317632,500,False,0.11864964295382861,True,0.008810391357184106,0.8116461634635925
465984,793.9779099730346,500,False,0.02503424982321619,True,0.00891022244747906,0.9515678882598877
466112,757.1229782189425,500,False,0.1855451983339661,True,0.008888413066060773,0.8268295526504517
466256,729.8586868148006,500,False,0.17824407829957112,True,0.008904660326141817,1.1021838188171387
466560,719.7140159855461,500,False,0.1951052013787173,False,0.008906659495276121,0.9186564683914185
466800,667.2621290758707,500,False,0.3152138387410754,True,0.008959895233957365,1.0272884368896484
467168,673.5396011931874,500,False,0.2713257544617669,True,0.008977473014883549,1.3973031044006348
467248,732.509878102457,500,False,0.21115176197485752,False,0.00891750717435574,1.1214251518249512
467296,826.1827737204039,500,False,0.03404772003977312,True,0.008935964707916124,0.9367204308509827
467360,780.0536152781606,500,False,0.1700341365256365,True,0.008960872367504966,0.9724395871162415
468752,649.3096551889427,500,False,0.26724385614212964,True,0.008988040932538336,1.056504249572754
468880,658.006378323418,500,False,0.20800192117250108,True,0.008852314894882243,1.1487541198730469
469936,777.205459523415,500,False,0.1813357570507467,True,0.008872064042251654,0.9922627806663513
471680,691.5153314267392,500,False,0.23088405502744502,True,0.00885378526565816,1.4223618507385254
471808,742.0495437842609,500,False,0.1366359690080408,True,0.008844760205315315,1.0087096691131592
472720,636.8640931760327,500,False,0.224890518578723,True,0.008847310047641523,0.927510142326355
473856,708.1056366727394,500,False,0.1448681092541412,True,0.008781328689157302,1.3937795162200928
473984,634.9270478614117,500,False,0.16857269262851682,True,0.008462167123985287,1.1782863140106201
474112,715.0929467531743,500,False,0.2101844570840772,True,0.008511148076729752,0.9231518507003784
474256,645.1363966544342,500,False,0.24890220516977724,True,0.008566786600397641,1.0554848909378052
474560,708.4611935556045,500,False,0.11315862277121568,True,0.008597211552138518,1.1154148578643799
474800,765.4126976797473,500,False,0.0718472505714768,True,0.008512971333737561,1.182652473449707
475168,719.2592341430482,500,False,0.12710745037326732,True,0.008556747096507517,1.0130823850631714
475248,611.6810691149008,500,False,0.3170371033108999,True,0.008550002227978956,1.2429850101470947
475296,782.4244930361165,500,False,0.03244560975628455,True,0.008569642207862615,1.2539305686950684
475360,759.8125785423866,500,False,0.11590165171886417,False,0.008577687625386597,1.1142213344573975
476752,722.5943465214996,500,False,0.2294101784494991,True,0.008584703708183306,1.2107815742492676
476880,771.3275748569879,500,False,0.17006229966916447,True,0.008612493980469803,1.1513283252716064
477936,725.0586506432438,500,False,0.11373565049495202,True,0.008597950978161694,1.162114143371582
479680,721.9216447269906,500,False,0.1955502168827852,True,0.00850309752730955,1.2634258270263672
479808,746.2100386127038,500,False,0.19249017565984103,True,0.008806542867893341,0.8496837615966797
480720,726.8903591289463,500,False,0.08961352685983193,True,0.008837338448950181,0.8479183912277222
481856,772.2313014857917,500,False,0.15559728710986548,True,0.008823719561839034,1.1015245914459229
481984,708.7655689522545,500,False,0.15158438072726538,True,0.008691725373954207,1.0068585872650146
482112,720.7911991474175,500,False,0.22296651220926217,True,0.008668003462720517,1.072846531867981
482256,714.2680680837126,500,False,0.2578072609790924,True,0.008662235020092335,0.9629788398742676
482560,706.9251434429835,500,False,0.20366021830317318,True,0.008649362945749483,1.276881456375122
482800,774.7104383796537,500,False,0.18702887033658816,True,0.008679304546177304,1.155389428138733
483168,805.9583471073735,500,False,0.05291503703867546,True,0.008732159024322957,0.9460908770561218
483248,717.223616939229,500,False,0.16193184182855205,True,0.008942229474791886,0.9806692600250244
483296,798.9266536089216,500,False,0.06930604221946801,True,0.008912003918867015,0.9933188557624817
483360,839.2457957332366,500,False,0.027292646671526578,True,0.008898268049975015,0.9293026328086853
484752,716.5758845036703,500,False,0.12403641967323947,False,0.00889310633596383,0.8655641078948975
484880,808.5598529172805,500,False,0.07683495652780661,True,0.008907044695216115,1.3050905466079712
485936,763.0960475792194,500,False,0.09765746838872502,False,0.008928030100943509,1.111538290977478
487680,669.5712463733064,500,False,0.16788734727646745,True,0.00898607689653942,1.0809135437011719
487808,755.3093634473588,500,False,0.14223102501797108,True,0.008835768843868691,1.0040056705474854
488720,817.8355811243107,500,False,0.17446402767060343,True,0.00886109483321189,2.853233575820923
489856,786.584456157651,500,False,0.11920950774115614,True,0.00894637167640171,1.0129643678665161
489984,768.5897363429797,500,False,0.08446503316259107,True,0.008719290323344902,0.9965568780899048
490112,796.7108520301202,500,False,0.07453643705535608,True,0.008758385616615027,1.2367608547210693
490256,755.1648730226196,500,False,0.14525812795468163,True,0.008767383914602769,1.1693532466888428
490560,815.7467611751736,500,False,0.09072800018510539,False,0.008795155313785755,1.1433579921722412
490800,789.921523987501,500,False,0.08849743625720169,False,0.008732005772487677,1.180731177330017
491168,745.6549135832944,500,False,0.10141450727893689,True,0.008671593765095704,1.1506242752075195
491248,738.1907983049614,500,False,0.09573287248451323,True,0.008591194937094487,1.0795137882232666
491296,738.5720644735982,500,False,0.19623340723923513,True,0.00855486396234073,1.096076250076294
491360,682.7505551339731,500,False,0.2389213235834129,False,0.008535423825635458,1.0963271856307983
492752,627.0841096333901,500,False,0.11151538795812241,True,0.00851237058896523,0.8786431550979614
492880,708.0910833102902,500,False,0.09291447650719406,True,0.008663119671896601,1.2333390712738037
493936,622.4209811135623,500,False,0.5042219356461418,True,0.008665238104631545,1.2232317924499512
495680,734.5167419063728,500,False,0.21443982537974546,True,0.008750703244915637,0.951753556728363
495808,754.4788931303133,500,False,0.08194664307623103,True,0.008623070574147818,0.976507306098938
496720,742.4197146939631,500,False,0.17624255108043235,True,0.008624488053535762,1.1586834192276
497856,793.0212126635219,500,False,0.0597805455193281,True,0.008561019007615009,0.9553635716438293
497984,702.6551540980155,500,False,0.21248675514102083,True,0.008677009509252322,0.9776703715324402
498112,766.7165962922958,500,False,0.0992822766685917,True,0.00867412830980865,1.0341546535491943
498256,745.3354962929973,500,False,0.0820651338633756,True,0.008639124786990665,1.3308143615722656
498560,791.0617165669131,500,False,0.10000493060928348,False,0.008651789586359026,1.1142901182174683
498800,721.1320817704939,500,False,0.049724252300143865,False,0.00864566886584774,1.3068327903747559
499168,715.951462014978,500,False,0.14323402089005507,True,0.008669709256949529,1.4973104000091553
499248,747.4174164341705,500,False,0.18752615787212165,False,0.008604802549157261,1.4022948741912842
499296,735.5414775173208,500,False,0.0990919487424472,True,0.008583049810839951,1.0848581790924072
499360,704.4776147212269,500,False,0.19195943458536122,True,0.008577776042510695,1.2269967794418335
500752,745.8350693189949,500,False,0.11790504979335706,True,0.008553213160562501,1.1433277130126953
500880,728.8882001314181,500,False,0.20217444899122503,True,0.008622183392783181,1.147207498550415
501936,681.1003528429974,500,False,0.13970162642197745,True,0.00862445102318436,1.404500961303711
503680,687.3039863334845,500,False,0.13033335933491158,True,0.008714509477254497,1.0777451992034912
503808,735.4541943042916,500,False,0.17391228191983907,True,0.008757003063771383,1.0621987581253052
504720,775.7779968468478,500,False,0.020784756628002225,False,0.008720856433955588,1.281130313873291
505856,750.1507440691169,500,False,0.08239101269676108,False,0.008663685783370949,1.114320993423462
505984,730.7365245155839,500,False,0.14678290776717218,True,0.008868315860998031,0.9633065462112427
506112,757.8420793928852,500,False,0.1623062659980874,True,0.008906058200999517,1.1646990776062012
506256,730.4402353911358,500,False,0.12103110887348316,False,0.008941809971931454,1.4521634578704834
506560,666.8143921085308,500,False,0.21100348684205741,True,0.008943912007673149,1.6513276100158691
506800,687.0342365479581,500,False,0.3353694858718525,True,0.008884324348539356,1.2434015274047852
507168,811.9917121042938,500,False,0.11085006487804024,True,0.00886037592102521,1.0200839042663574
507248,752.0962936422256,500,False,0.13955086991588778,True,0.008715568734664865,1.0597058534622192
507296,750.8000179777233,500,False,0.15502165731736794,False,0.008709577808955381,1.0777908563613892
507360,757.2020147652008,500,False,0.13125407467184513,True,0.008710145187852195,1.0181822776794434
508752,678.4636645638209,500,False,0.17715915619001404,True,0.008699004302180154,1.0524410009384155
508880,759.3249614996978,500,False,0.116055995109975,True,0.008419095012474037,0.9956271648406982
509936,697.6110850634375,500,False,0.20603307607971919,True,0.008463153923944169,1.26515793800354
511680,795.2976399676634,500,False,0.04469676291539895,True,0.008503017359450887,1.1005394458770752
511808,629.4140951287737,500,False,0.20252813553609111,True,0.00869161769919005,1.3686827421188354
512720,768.2128672064948,500,False,0.17990168091225553,True,0.008738294032451084,0.8535468578338623
513856,694.5316534665131,500,False,0.15517522834308844,True,0.008893672899526348,1.1019892692565918
513984,697.7496840823331,500,False,0.14005342515075028,True,0.00876941284827525,1.1119037866592407
514112,743.4111601183521,500,False,0.09949692233804038,True,0.008762023922402178,1.1793996095657349
514256,718.1955872890398,500,False,0.16837799641767845,True,0.008795321801586006,0.953673243522644
514560,726.2328682008753,500,False,0.24246516128498255,True,0.00885166177493499,1.024395227432251
514800,775.2655312533195,500,False,0.0639305693687154,True,0.008872177260783118,1.0416841506958008
515168,653.2828096270732,500,False,0.24289973638426143,True,0.008868005365526274,1.3877757787704468
515248,733.0385302343519,500,False,0.19139061493337767,False,0.00887894322926788,1.1315627098083496
515296,736.3511847800414,500,False,0.16384080855868766,True,0.008861056439689702,1.1919934749603271
515360,719.7670255074305,500,False,0.29291896957896524,True,0.008849606113532903,1.081573486328125
516752,666.6330313533833,500,False,0.35694028620451346,True,0.00883705258625089,1.0432064533233643
516880,762.938634675801,500,False,0.2182937286677712,True,0.008480660002213983,1.5629011392593384
517936,729.1038647711341,500,False,0.19266610548187404,True,0.00855880066729338,1.1365185976028442
519680,658.8846812373836,500,False,0.2949174025056957,True,0.008523771095338384,1.327958106994629
519808,748.4356149654659,500,False,0.0885606744838288,True,0.00843454636140596,1.2796279191970825
520720,713.559760405639,500,False,0.12762457960472753,False,0.00837451705342224,1.175950050354004
521856,685.5751026990206,500,False,0.17416647379387298,True,0.008264289175323847,1.236793875694275
521984,738.1568390955692,500,False,0.06518978243498452,False,0.008149965256323529,1.59981107711792
522112,718.2112258816063,500,False,0.27873640660637555,True,0.008095280046112159,1.1340972185134888
522256,632.8027797010375,500,False,0.18347750892191558,True,0.008039083634915845,1.2220416069030762
522560,783.8488712479443,500,False,0.13702408961845078,False,0.008008044333586558,1.0462658405303955
522800,648.8623528141896,500,False,0.17956977655922343,True,0.00799804335998198,1.331451177597046
523168,733.2386107260756,500,False,0.134176659366266,False,0.00805516593323592,1.1191271543502808
523248,732.727432927923,500,False,0.11393620060350744,True,0.008170602265704041,8.579107284545898
523296,754.4381341433518,500,False,0.060390310577659694,True,0.008186444511294721,0.988591730594635
523360,743.3010660905092,500,False,0.19365695820347098,True,0.008200697852197061,1.259620189666748
524752,745.9987796044471,500,False,0.09560182720977821,False,0.008209463082170571,0.9948008060455322
524880,680.3607771647999,500,False,0.18314282098137974,True,0.008337390774522913,1.1488752365112305
525936,598.7398160649684,500,False,0.25474873310609475,True,0.008383677076256237,1.110107660293579
527680,714.7635541542165,500,False,0.1913966959345122,True,0.008407743484142102,1.1950221061706543
527808,710.2915505326687,500,False,0.12214259534175002,True,0.008403662917189256,1.1425347328186035
528720,715.7815306437238,500,False,0.09014448585646284,True,0.008401930782331535,1.0631301403045654
529856,767.202993579358,500,False,0.09380053418252396,True,0.008289277188151251,0.9997111558914185
529984,751.9884164348788,500,False,0.1569794814240896,True,0.008470286721980939,1.1752766370773315
530112,702.95860477457,500,False,0.14992663032776304,True,0.008510456146051148,1.0686612129211426
530256,835.7966767393726,500,False,0.07528078794665452,False,0.00850873754957783,1.3835430145263672
530560,713.3755553400579,500,False,0.11168859806850148,True,0.008512796867491849,1.221743106842041
530800,799.5084025524282,500,False,0.07003992329041532,True,0.008461016493729455,1.0531946420669556
531168,750.5435200792634,500,False,0.198164921136914,True,0.008486103833621104,1.0407636165618896
531248,764.1388625798855,500,False,0.10608228108279713,True,0.008435058647724886,1.1569592952728271
531296,748.623643556221,500,False,0.09495724819578293,False,0.008432616571867172,1.2414636611938477
531360,700.0334596140373,500,False,0.28811912508391596,False,0.008425431170145239,1.0708221197128296
532752,692.5302145096955,500,False,0.19036790060160405,True,0.008411653656171974,1.245450735092163
532880,761.5126022574156,500,False,0.20637799036482157,False,0.008195354369136097,1.140708565711975
533936,792.1952075715224,500,False,0.06558690716150574,True,0.008220440805110635,1.1072471141815186
535680,724.5217703952147,500,False,0.09077502924143198,True,0.00831231071727692,1.1344027519226074
535808,761.3088418689587,500,False,0.15569933267822753,True,0.00821106705271688,1.2057266235351562
536720,765.108241380266,500,False,0.06555165060491644,True,0.0082697555269596,1.1098511219024658
537856,777.3415570071526,500,False,0.10813333776643966,True,0.008617295772703915,1.1945286989212036
537984,634.1074154747678,500,False,0.19024938449651918,True,0.008701304220863482,1.2496978044509888
538112,743.1967482729672,500,False,0.21419771001600324,True,0.00870023309589781,0.9918124079704285
538256,731.7599927408289,500,False,0.0913099314015322,False,0.008709246280607697,1.084306240081787
538560,774.6002004697618,500,False,0.15218086092131267,True,0.00866719985309366,1.1799806356430054
538800,658.7991587533968,500,False,0.18517132856456486,True,0.00861041800404877,1.4295096397399902
539168,732.2246723274155,500,False,0.14902351934130512,True,0.00856759063084368,1.3372074365615845
539248,824.9228693412742,500,False,0.11760817314025326,True,0.00861057199032813,0.9851207733154297
539296,694.7882716364333,500,False,0.07530914974295941,True,0.008577662828792895,1.0603294372558594
539360,784.9686223510242,500,False,0.04622784088827117,True,0.00856319062937383,1.2975244522094727
540752,779.1556771645903,500,False,0.1342980175330587,False,0.008559493548167322,1.0949945449829102
540880,775.0175843358762,500,False,0.0639557598451381,True,0.008487402835414735,1.154675006866455
541936,727.7194653293058,500,False,0.11990633493272436,False,0.008530102321546593,1.040395975112915
543680,781.5417941569284,500,False,0.17010274643096127,True,0.008307161819916602,1.243932843208313
543808,689.5920957875898,500,False,0.2306439532310714,False,0.008459553025123676,1.0191373825073242
544720,801.2902597761815,500,False,0.10692651458823604,True,0.008486273830083931,0.9579665660858154
545856,757.0801223706148,500,False,0.11898414803747215,False,0.008401061253583015,1.3481652736663818
545984,783.9157038560669,500,False,0.09162769199371659,True,0.008399892203865807,1.2354190349578857
546112,746.263049718551,500,False,0.1176693389825456,True,0.008439426092451411,1.1526967287063599
546256,700.1039211731154,500,False,0.17474475085588947,True,0.008502481547189645,1.1495397090911865
546560,859.0594759237968,500,False,0.10288977306446331,True,0.008437174908595305,1.2993369102478027
546800,808.9372859672208,500,False,0.07621850663138534,True,0.008339230090156217,1.287076473236084
547168,771.3518966177965,500,False,0.11681257012020811,True,0.0083697057829975,1.1486270427703857
547248,678.0698240736897,500,False,0.11791870137787541,True,0.008313676730066895,1.10957932472229
547296,709.6864642696556,500,False,0.10924894247905727,True,0.008281951268379177,0.983295202255249
547360,725.4046498293715,500,False,0.19743749434042096,True,0.008270583974919364,1.6494479179382324
548752,832.8546826124254,500,False,0.08620315187220069,True,0.008261495395527401,1.3363531827926636
548880,703.4874366207151,500,False,0.1668384763691013,True,0.008374024463918757,1.112879991531372
549936,761.1464407743492,500,False,0.10154358922316857,True,0.008405298288854151,1.3011767864227295
551680,714.8665137942372,500,False,0.11657239802432537,True,0.008424568206066584,2.039767265319824
551808,686.5673879083043,500,False,0.2088953974951902,False,0.008276492877486859,1.1036088466644287
552720,730.4287464785522,500,False,0.1110121933652158,True,0.008258055249388477,1.2901296615600586
553856,722.0786626043277,500,False,0.152568618390583,False,0.008075162358595116,0.9814262390136719
553984,770.9519387763985,500,False,0.059545054794928984,True,0.007977932055372165,1.1975066661834717
554112,730.9917977547422,500,False,0.12457358955820776,True,0.00799342495584747,1.2875584363937378
554256,666.5705287436888,500,False,0.15623810245081426,False,0.007987428292387478,1.0858234167099
554560,817.7365104738244,500,False,0.0745233922387199,True,0.007959704283949721,1.269254446029663
554800,735.4641860815716,500,False,0.03927363580379212,False,0.007901006293849969,1.1211366653442383
555168,764.9827353684854,500,False,0.12819398192003512,True,0.007951904943654838,1.1380925178527832
555248,708.0038034155841,500,False,0.17712216655254798,True,0.007986784675511449,1.042565107345581
555296,686.8722118480034,500,False,0.162797967517659,True,0.007992312338815356,1.0666550397872925
555360,715.005391145874,500,False,0.07966392828814892,False,0.007980169210681636,1.2395356893539429
556752,753.2357443108498,500,False,0.12240919558050395,True,0.007962887095666348,1.2213884592056274
556880,804.0309172130105,500,False,0.06336143478403275,True,0.007912834326859356,1.2009609937667847
557936,782.7174088842554,500,False,0.06294503788346838,True,0.0078837393653332,1.116125464439392
559680,815.3485933349403,500,False,0.06355103982372036,True,0.00787917657882245,1.2529927492141724
559808,784.8671837552214,500,False,0.17571701542181206,True,0.008156302033485842,1.1145143508911133
560720,712.4983930566372,500,False,0.17969562495214117,True,0.008156506005574972,1.1980533599853516
561856,761.7764554122396,500,False,0.07831484217428164,True,0.008032000379891137,1.3984711170196533
561984,693.6601721194852,500,False,0.22022069809134084,True,0.008151396650173977,1.1838018894195557
562112,732.3338472275486,500,False,0.1255977229256258,True,0.008116733862590847,1.262354850769043
562256,757.216261040609,500,False,0.0831668435740577,True,0.008113569063749762,1.2520065307617188
562560,748.8319187644989,500,False,0.19892676209508336,True,0.00809147123865404,1.2833340167999268
562800,763.597391041769,500,False,0.13285078821764065,True,0.008079613205417547,1.1241310834884644
563168,739.4446403756265,500,False,0.06011793838343731,True,0.008088455099101971,1.2248071432113647
563248,756.4377548127077,500,False,0.14918828300702192,True,0.008038231781302588,0.983381450176239
563296,767.4781378953214,500,False,0.05519130111968731,False,0.008043332852412415,1.1219205856323242
563360,735.5355120005662,500,False,0.05293794207663673,True,0.008037387848590441,1.113244652748108
564752,640.6806750565061,500,False,0.10881763020913898,True,0.008012930476811352,1.4163265228271484
564880,641.5449888612537,500,False,0.2423499374939643,False,0.007792389408197958,1.0912774801254272
565936,730.2299350380194,500,False,0.21699172716619644,True,0.007761262961976108,1.0418192148208618
567680,729.5127848238884,500,False,0.196164401659007,False,0.007807789456347302,1.1458172798156738
567808,732.5020128461725,500,False,0.1319336319584331,True,0.007774395803032082,1.2388434410095215
568720,689.7680226165647,500,False,0.1790176192882808,True,0.007727775908299487,0.9892138242721558
569856,692.8447183690372,500,False,0.17424869194068476,True,0.0077014365388960474,1.0890910625457764
569984,716.3568514708429,500,False,0.0557607221966048,True,0.007731822785952337,0.9679696559906006
570112,819.6352417797125,500,False,0.05527593589236306,True,0.007700637838781435,1.1951541900634766
570256,676.7486003010193,500,False,0.2350746383667986,True,0.007665931583143799,1.5634878873825073
570560,742.0071648262295,500,False,0.09288981610296784,True,0.007637395061538852,0.9451845288276672
570800,888.6695746755651,500,False,0.031236524778061624,True,0.007760308478248861,1.374884009361267
571168,667.4915193006402,500,False,0.3414758818526902,True,0.007680164792758101,1.055688500404358
571248,802.1725885798272,500,False,0.0808907204196508,True,0.007598506536659406,1.2649331092834473
571296,700.218983958355,500,False,0.14216252292240983,True,0.007607562425261008,1.23787522315979
571360,603.4173011193138,500,False,0.29511113369499226,True,0.007593940479784415,1.0633978843688965
572752,714.2808550699832,500,False,0.22089308143775246,True,0.007567630922013989,1.1398149728775024
572880,730.9376335169434,500,False,0.14301887512995615,True,0.007658802245787594,1.085831642150879
573936,827.7959635541041,500,False,0.050127193631908144,True,0.0076704195938660435,1.0946859121322632
575680,733.0447256303618,500,False,0.10277466827938608,True,0.007629520793267693,1.201245903968811
575808,776.7673285685114,500,False,0.199129706460073,True,0.007656502281160296,1.3289339542388916
576720,779.6523484774818,500,False,0.10332249592610644,True,0.007709967159309642,1.4676079750061035
577856,699.9039806448277,500,False,0.15592692150264015,True,0.0077788133125369805,1.229364037513733
577984,815.4900638738179,500,False,0.060227129003319745,True,0.007724475558467632,1.0957026481628418
578112,563.9047226744872,500,False,0.3314622947747841,True,0.007696682347671755,1.1033021211624146
578256,722.8359523089777,500,False,0.2230405377007672,False,0.007746707076954695,1.1185758113861084
578560,686.8418724942562,500,False,0.23919894622862384,True,0.007729934520473313,1.0162912607192993
578800,845.1010106085497,500,False,0.046684064898284625,True,0.00776486266168294,1.1087965965270996
579168,723.745102946827,500,False,0.1106263389835853,True,0.007738577619366141,1.2188408374786377
579248,757.0717918503732,500,False,0.16458706543171692,True,0.007755431868367762,1.1152962446212769
579296,792.5404268638653,500,False,0.07406608926531993,True,0.007776289916706907,1.0157673358917236
579360,710.7161086866784,500,False,0.15493027224729275,True,0.007777307519036145,1.544485330581665
580752,729.427423435514,500,False,0.17423908102080782,True,0.007765704334496467,1.9852393865585327
580880,836.3390030186673,500,False,0.0928598443569062,True,0.007642185473512566,1.013868808746338
581936,755.0523643263042,500,False,0.2094752224128557,True,0.007695994557236264,1.2058732509613037
583680,784.9737123855274,500,False,0.09400645654218033,True,0.007657086997195807,1.2006686925888062
583808,673.9827885083168,500,False,0.0494025763764318,True,0.00763140524930545,0.9669896960258484
584720,630.411263762085,500,False,0.41802204270835625,True,0.007623843212621142,1.1512985229492188
585856,701.5724079077878,500,False,0.21043620692578782,True,0.007546263049805117,1.1273384094238281
585984,745.6787523696593,500,False,0.21216782306662563,True,0.007606249885146793,1.2201991081237793
586112,643.8296685621418,500,False,0.4492524936539667,True,0.007614764459243778,1.2537567615509033
586256,799.9939727563107,500,False,0.13017244149206858,True,0.007617583680815841,1.4695017337799072
586560,735.8083611218485,500,False,0.11820426603051765,True,0.007618786655351704,1.1041185855865479
586800,775.9495344447125,500,False,0.08013967094595245,True,0.007677269510419862,2.2564122676849365
587168,682.4060937911048,500,False,0.27433197722882013,True,0.0076711511446273285,1.23294997215271
587248,830.8563084551326,500,False,0.10263758071936871,True,0.007648638736371086,1.1539171934127808
587296,751.2949696688121,500,False,0.12471452311838126,True,0.0076489474204380035,1.3079605102539062
587360,768.775208756001,500,False,0.12313425526009346,False,0.007649572897234747,1.347424864768982
588752,819.2879168631893,500,False,0.10982311018441548,True,0.0076787287771996554,1.0495915412902832
588880,670.6638251300005,500,False,0.1722317822689512,False,0.007573451855729353,1.2036833763122559
589936,690.1338944034305,500,False,0.20473891469300415,True,0.007592494701904917,1.1222214698791504
591680,632.8722564473373,500,False,0.15531698120327903,True,0.007579983167541058,1.2571296691894531
591808,780.4993508543083,500,False,0.06722684202710011,True,0.007615222252293647,1.0976147651672363
592720,675.5453957519513,500,False,0.1961944718149895,True,0.007597349385039667,1.3236794471740723
593856,758.7069008710174,500,False,0.10490145190659582,True,0.007539210508337739,1.0554347038269043
593984,754.0008055426978,500,False,0.15663082856759272,True,0.0073374374986207615,1.453595757484436
594112,736.2026330462522,500,False,0.15599922795154922,True,0.007317345341091957,1.2094238996505737
594256,748.7996284461764,500,False,0.10009231496435905,True,0.007357282335337827,1.0819079875946045
594560,784.7976844362582,500,False,0.11317919289123478,True,0.007390334960084054,1.130661129951477
594800,699.564214689033,500,False,0.17082995766362283,True,0.007322976066337852,1.40412175655365
595168,702.01839558168,500,False,0.1115853723225995,True,0.007300436657795215,1.174830436706543
595248,820.5616582688447,500,False,0.10557342408278805,True,0.007285578458889326,1.1848628520965576
595296,703.2542271892585,500,False,0.11970000679532446,True,0.007291102069976687,1.2545013427734375
595360,678.8769959686273,500,False,0.22645866846426524,True,0.007297424395017341,1.3241915702819824
596752,739.2462526482266,500,False,0.13527898306675493,True,0.007293663659702088,0.9244098663330078
596880,664.9484387764923,500,False,0.24054997488480215,True,0.007327278966272077,1.1618258953094482
597936,737.5212980027661,500,False,0.27393431723381084,True,0.007344602467901712,1.1487913131713867
599680,782.0993431203852,500,False,0.06658915278515606,True,0.007462038565752886,1.2168350219726562
599808,684.1140203160454,500,False,0.1608014177728038,True,0.007335925108823092,1.2790309190750122
600720,706.5600834647195,500,False,0.1939385661059664,False,0.007278468003499688,1.422044277191162
601856,733.181222946475,500,False,0.20612034742151708,True,0.007352289225590399,1.213165521621704
601984,780.4956029400538,500,False,0.0665968973041932,True,0.0072433947285238725,1.4457182884216309
602112,762.2859879115322,500,False,0.14802836815168788,True,0.007281007375096301,1.1942882537841797
602256,693.7444106359076,500,False,0.20105835308813716,True,0.00727231076123251,1.4007630348205566
602560,637.6121818779117,500,False,0.2573192423203809,False,0.007255906135346186,1.2187111377716064
602800,637.9449682707888,500,False,0.2251656929009503,True,0.00717479480531531,1.2118017673492432
603168,633.8457858281585,500,False,0.2258858748455855,True,0.007193606544304299,1.0735121965408325
603248,722.7363553328809,500,False,0.15902442435739525,True,0.007204807874258114,1.0515559911727905
603296,766.4678672808639,500,False,0.1724931020263108,False,0.007228750497290752,1.1613850593566895
603360,700.5648226514003,500,False,0.17561357063336389,True,0.00724125680513615,1.243457555770874
604752,647.7821656510232,500,False,0.20511803552216085,True,0.007251954031033953,1.0864109992980957
604880,736.3901801843222,500,False,0.1560289301757504,True,0.007046444516859054,1.1978174448013306
605936,711.0015604516989,500,False,0.15420118965895735,False,0.0070388740230750094,1.1658704280853271
607680,821.7949410983055,500,False,0.04577009120117418,True,0.00702694017457392,1.146324872970581
607808,778.9510997000881,500,False,0.15327905907253123,True,0.006978175948188673,1.29412043094635
608720,748.6306083003786,500,False,0.17954267244202304,True,0.0070003279004599754,1.198012351989746
609856,722.115269452576,500,False,0.19597301098204445,True,0.0069809523391017965,1.2452478408813477
609984,748.7153593622465,500,False,0.10819958726629852,True,0.0068908131076943465,1.3361165523529053
610112,771.5698344173701,500,False,0.06636247300648927,True,0.0068535005031699105,1.1527044773101807
610256,662.0358810437499,500,False,0.21249893855774205,True,0.006800658353976353,1.2920551300048828
610560,692.0323945814309,500,False,0.12216891058504702,False,0.006785115867712533,1.2577106952667236
610800,689.096204357228,500,False,0.23099493984460567,True,0.006731518244646958,1.3240485191345215
611168,685.4264411784425,500,False,0.23891473607687,False,0.006752559030375661,1.241631031036377
611248,733.1184380116254,500,False,0.15828695805387408,True,0.006753957999384397,0.9963434934616089
611296,720.4098302248522,500,False,0.045817957627074905,True,0.006770849571742704,0.9886507987976074
611360,750.6975179636605,500,False,0.16260948933811492,False,0.0067799732487855285,1.1111235618591309
612752,842.228816078054,500,False,0.0568610692914886,True,0.006786236091565678,0.9545763731002808
612880,767.6725723389676,500,False,0.08625871680309702,True,0.006975583476045972,1.005913257598877
613936,798.8438168204109,500,False,0.10382138937270229,True,0.006992635736461365,1.0519747734069824
615680,772.6637747430482,500,False,0.09801923966866406,True,0.007065813409262578,1.2173631191253662
615808,673.8167307092108,500,False,0.22684619958931482,True,0.006988774943520183,1.2705450057983398
616720,654.9096228193096,500,False,0.1786549395571432,False,0.0069857121442035985,1.7424724102020264
617856,731.1730062137665,500,False,0.1349595807639257,True,0.006959847855776674,1.2106019258499146
617984,705.0340422393483,500,False,0.20001028998611847,False,0.006906873336923882,1.1363227367401123
618112,715.9854024905812,500,False,0.06036185189043543,True,0.006832180959332201,1.3723483085632324
618256,701.8208161409075,500,False,0.12862007909933376,True,0.006770750010030056,1.006166934967041
618560,659.9534456381816,500,False,0.20351592948331848,True,0.006722504031040287,1.153209924697876
618800,775.5933394492403,500,False,0.15607813091291892,True,0.00674859716329034,0.8920373320579529
619168,725.9736840425546,500,False,0.18321769375769914,True,0.00673812262930138,1.1358890533447266
619248,703.6188195302362,500,False,0.07895160912733092,True,0.006831190753491346,1.2679636478424072
619296,696.9918315065497,500,False,0.20815546730768505,True,0.006836316566098822,1.1092784404754639
619360,712.5935737310856,500,False,0.1510405134696731,True,0.006853571162321635,1.1173783540725708
620752,697.9222455431446,500,False,0.21269568754983195,True,0.006887871974641437,1.2573463916778564
620880,724.5707317926325,500,False,0.1822091437450244,True,0.006932699990297891,1.3450084924697876
621936,716.6354772150141,500,False,0.17335747639287172,True,0.006941315069601517,1.0537958145141602
623680,666.1450270982119,500,False,0.2804899158744586,True,0.006803608984142352,1.1399452686309814
623808,720.4043115589697,500,False,0.15577889678109114,False,0.006893057184217969,1.4638497829437256
624720,681.0468635674285,500,False,0.16357302437510685,True,0.0069065737849753565,0.9915371537208557
625856,715.1909597632391,500,False,0.20700991170789193,True,0.007048494551524309,21.3575439453125
625984,771.9355408303988,500,False,0.2403256618593772,True,0.007165792562679646,1.2450621128082275
626112,820.2629150288143,500,False,0.10671871578660577,False,0.007180732159463782,1.1550252437591553
626256,707.9248103661907,500,False,0.16480274392481922,True,0.007216109216105099,1.25830078125
626560,715.034746478236,500,False,0.1869190574131259,False,0.007247230531609462,1.1639623641967773
626800,703.8752505687723,500,False,0.24130042921287523,True,0.007299818773740558,1.2614343166351318
627168,817.2578547744228,500,False,0.12910596453614454,True,0.007268655137648065,1.138697862625122
627248,801.878426054957,500,False,0.17229019865343648,True,0.007305495876508687,1.1198155879974365
627296,666.541434916609,500,False,0.21291505746112488,True,0.0072879314544320615,1.0226967334747314
627360,671.3578850637547,500,False,0.23712009164262934,True,0.007266098175048245,1.3303916454315186
628752,778.6690624013928,500,False,0.1484337300960649,False,0.007261219596765747,1.2491146326065063
628880,749.2494621656914,500,False,0.1858156112177358,False,0.007012920913616094,1.3512859344482422
629936,728.2251841740618,500,False,0.1303816644873805,True,0.007002130942627758,1.1080927848815918
631680,710.4825632002885,500,False,0.09552888828821941,True,0.007125245951019809,1.1782498359680176
631808,801.2999300462009,500,False,0.03792535307241808,True,0.006927271879352207,1.2499500513076782
632720,770.4752035398423,500,False,0.0905684213255341,True,0.006906130286798306,1.1113797426223755
633856,698.3159706712889,500,False,0.2729388128545059,True,0.006858199338743514,1.020142674446106
633984,730.3698903949088,500,False,0.11212041057686703,False,0.006845612076547834,1.1185555458068848
634112,713.2480058038725,500,False,0.17131927421497803,True,0.006795007659975562,0.9401342272758484
634256,723.47723270729,500,False,0.2751388368467489,True,0.0067667475721055435,0.9561630487442017
634560,736.1685661721868,500,False,0.16174485438946243,True,0.0067643019488426185,1.1575291156768799
634800,752.0870312356014,500,False,0.20860334415426623,True,0.006732188948534634,1.036564588546753
635168,772.0792744623733,500,False,0.140368504277208,False,0.006681352050441517,1.4393516778945923
635248,776.7309377238143,500,False,0.19239014078952663,False,0.006826472401785135,1.1144486665725708
635296,782.9245983281046,500,False,0.07997731973986733,True,0.006843909018081298,1.4321637153625488
635360,838.7777767072425,500,False,0.0957369231502932,True,0.006857037689858827,1.3440513610839844
636752,673.0265630082611,500,False,0.18157626864266305,True,0.006868249774380551,1.0869159698486328
636880,781.7398911209667,500,False,0.07042888090297302,False,0.006812831718825934,1.0133576393127441
637936,771.025347296866,500,False,0.1200178343422803,True,0.006731723973591222,1.2564101219177246
639680,783.9585999907379,500,False,0.06868669537610676,True,0.006665243196861265,1.1376298666000366
639808,806.1330320293746,500,False,0.15272443584609532,True,0.006733891768371613,1.000315546989441
640720,707.1217941696399,500,False,0.19606648419082068,False,0.0067655534798700375,1.3631415367126465
641856,708.3750590632104,500,False,0.18674364633848478,False,0.00690042525260302,1.222548007965088
641984,714.281248602531,500,False,0.24371575680893384,True,0.0068617145247863364,1.3501555919647217
642112,830.1166959424274,500,False,0.03228747782958501,True,0.0068748672507013085,1.2069801092147827
642256,762.3432417246954,500,False,0.15176812928656822,True,0.006899344731796548,1.0334041118621826
642560,742.1441839149285,500,False,0.12555248704054775,True,0.006919700537960487,2.6771764755249023
642800,835.5404012506624,500,False,0.07373490545653417,True,0.007018214101176636,1.2867457866668701
643168,663.12799936656,500,False,0.22367718319915453,True,0.007068179683114147,1.2907218933105469
643248,776.9527067733696,500,False,0.050846990776370254,True,0.007075030249835064,1.4774397611618042
643296,708.6734527033559,500,False,0.1472404190887258,True,0.007081632655354198,1.2096004486083984
643360,815.4622157756559,500,False,0.06431952742155896,False,0.007077496598468422,1.2615830898284912
644752,794.0191047837367,500,False,0.0731718572994323,True,0.007057602304807023,1.4413762092590332
644880,808.4789396737708,500,False,0.0774256044933041,False,0.0068647434909186065,1.5775842666625977
645936,777.9839917836002,500,False,0.13723731093865452,True,0.006839091356192193,1.2168829441070557
647680,692.9103135299163,500,False,0.18706502705426545,True,0.0066490007316387005,1.1519932746887207
647808,731.4604995287809,500,False,0.09416409470837211,True,0.006590956720873422,1.4076311588287354
648720,660.7249990279449,500,False,0.21254733178056467,True,0.006590515977270245,0.9565857648849487
649856,720.416433986496,500,False,0.10864833691418611,False,0.006555313213137988,1.2464491128921509
649984,761.1774711338765,500,False,0.03259372442586883,True,0.006692087093560337,1.1672762632369995
650112,742.1049911116676,500,False,0.2335638240913891,True,0.00669973817663878,1.3065019845962524
650256,691.5333873938108,500,False,0.2719149036478467,True,0.006683933618551808,1.0833461284637451
650560,716.9838169687451,500,False,0.16391609874998234,True,0.006644944408701618,1.462064504623413
650800,685.9467109668168,500,False,0.23866368740663624,True,0.006604056665167314,1.5761432647705078
651168,733.443533539415,500,False,0.18231170751900136,True,0.006594092025229485,1.0511802434921265
651248,763.6370919772919,500,False,0.1469378090415112,False,0.00665675549468994,1.0602327585220337
651296,748.5114719693066,500,False,0.15100984360356065,False,0.006672254799254324,1.1398429870605469
651360,667.4618947662336,500,False,0.21616598198461162,False,0.006689039501441277,1.0901570320129395
652752,732.2481556965628,500,False,0.051120743898442136,True,0.006714791940674527,1.2134668827056885
652880,763.4839366445427,500,False,0.09499042531218685,False,0.006735653352440819,1.182227611541748
653936,752.242362105418,500,False,0.21139489570194117,True,0.00673640623187946,1.2504560947418213
655680,719.0122418959417,500,False,0.1906027653363527,True,0.006593668621855598,0.8924912214279175
655808,709.4788598313024,500,False,0.14704788112477032,True,0.006557175205999126,1.2659744024276733
656720,632.0609495016662,500,False,0.2609498539825027,True,0.006534742743507981,1.0299524068832397
657856,767.8631135423228,500,False,0.046892499514252596,True,0.0066282091225032145,1.0667273998260498
657984,712.6867753941451,500,False,0.16698381963847067,True,0.006655783619579041,1.3971798419952393
658112,771.1773089838149,500,False,0.07131215327644341,True,0.006757019689489101,1.2293870449066162
658256,724.1422431694001,500,False,0.10606758545186733,True,0.006788410059096637,1.3322091102600098
658560,730.0810288163308,500,False,0.2484533010847872,True,0.0067797959083852185,1.0771284103393555
658800,741.5917036811026,500,False,0.21208104028278424,True,0.00669122409766287,1.3552954196929932
659168,734.9279857959215,500,False,0.18483942910288798,True,0.006694877328138043,2.0547070503234863
659248,779.6778848753071,500,False,0.19087712573359214,True,0.006750790500277177,1.0935416221618652
659296,766.1880194219049,500,False,0.11099073892749617,False,0.006756129816689781,1.1866333484649658
659360,731.7880426932326,500,False,0.18576461508824038,False,0.006754079368517724,1.1576955318450928
660752,641.6157833265107,500,False,0.2525464011304039,True,0.006762966803698963,1.1995917558670044
660880,788.1885335682099,500,False,0.11500771995200477,True,0.006989852442450877,1.1355433464050293
661936,785.996184403344,500,False,0.07565261207169231,True,0.007038565453101969,0.9735245704650879
663680,690.3679067596377,500,False,0.3669608200355469,True,0.0068664280829971915,1.2670402526855469
663808,723.5762640610789,500,False,0.12540849293447187,True,0.006792212820078522,1.1799490451812744
664720,736.8016514337601,500,False,0.1432161981516511,True,0.00684738767459959,0.9682612419128418
665856,850.2459550610688,500,False,0.06982606143093537,True,0.006864581307771719,1.1663415431976318
665984,697.9392986639941,500,False,0.24318188238745134,True,0.006930200605715477,1.2081866264343262
666112,747.2519333883224,500,False,0.08890329936623029,True,0.006908436640662303,1.3255760669708252
666256,662.1627447756895,500,False,0.2285330068187285,True,0.006900875335911109,1.6778724193572998
666560,760.6894634253971,500,False,0.09960149366651207,False,0.0069072968114762484,1.4314121007919312
666800,741.9952168965865,500,False,0.1630854995140513,True,0.006896212317664665,0.9903064966201782
667168,814.6674189044579,500,False,0.050540255499710134,True,0.00691474951371059,1.1770694255828857
667248,758.9046610684917,500,False,0.09165112497134026,True,0.006902752467760171,1.111731767654419
667296,710.4580739689222,500,False,0.10137107575115267,True,0.006915946409111238,1.2398929595947266
667360,635.7761954308309,500,False,0.29617550662960573,True,0.006914722210080615,1.2487969398498535
668752,736.709199635582,500,False,0.0910884936733775,True,0.0069031594648690095,1.3138781785964966
668880,636.0048175539678,500,False,0.1929740832951714,True,0.007023482088306458,1.232718586921692
669936,639.1274769007194,500,False,0.31610997534086716,True,0.006983069125347179,1.3559949398040771
671680,714.1773358436204,500,False,0.1524734440942362,False,0.00700251266692592,1.2724621295928955
671808,764.3541991329267,500,False,0.09132674691457002,True,0.007003429540586756,0.9897722601890564
672720,740.6392314913045,500,False,0.21812781795692637,True,0.007077561711639553,1.2314927577972412
673856,827.7977142174877,500,False,0.0782657368417092,True,0.007014315409399099,1.1165297031402588
673984,709.7244574099268,500,False,0.20749158238292156,True,0.007073938792946013,1.202937126159668
674112,708.1552742128794,500,False,0.20441165650386864,True,0.007053141240539521,1.204993486404419
674256,707.1836857858124,500,False,0.25324277635206555,True,0.007069001455856783,1.1823387145996094
674560,772.6037149135108,500,False,0.1911344788736391,True,0.007049463530650407,1.3400230407714844
674800,755.7769274681407,500,False,0.16127976346722298,True,0.007031775294918244,1.0762578248977661
675168,763.1550014499444,500,False,0.12119162117574843,True,0.007049959380192716,1.1804299354553223
675248,695.5597702303892,500,False,0.14900140192208422,True,0.007032812288214182,1.5558807849884033
675296,764.3561297396551,500,False,0.1733827193784743,True,0.007012045954631462,1.1637827157974243
675360,802.5810955446194,500,False,0.10606860213673597,True,0.007027486120437594,1.4219316244125366
676752,797.8102953109529,500,False,0.17417772782200028,True,0.007034140050572223,1.1190824508666992
676880,752.1218049795693,500,False,0.26018036598736993,True,0.0070095656710850674,1.2267025709152222
677936,661.5105541239473,500,False,0.2573496160556787,True,0.007067980111758874,1.2206299304962158
679680,659.4806292541101,500,False,0.19988140429894782,True,0.007025384289771591,1.0372982025146484
679808,723.1219518987688,500,False,0.14162395324947707,True,0.006918139145920499,1.2686614990234375
680720,782.2074910463266,500,False,0.06974098070023604,True,0.006929221012970592,1.189119577407837
681856,723.7544928943478,500,False,0.202813665255225,True,0.006968170186461097,1.3573400974273682
681984,646.1035244901673,500,False,0.29883984545599485,True,0.006854821270312177,1.226732850074768
682112,720.1124251023012,500,False,0.18427016397836365,True,0.006848132855445137,1.0203814506530762
682256,690.1244097114153,500,False,0.2277015938269638,True,0.00685278692281198,0.965421199798584
682560,715.0860984567549,500,False,0.15681803253705504,False,0.006863142144596012,1.1859560012817383
682800,790.3817134609054,500,False,0.07231537343605703,True,0.006847662815684893,1.2727808952331543
683168,780.391007379675,500,False,0.08385836450900415,False,0.006855902426593888,1.1859748363494873
683248,760.1007992739932,500,False,0.21761451550586394,True,0.0068058742043791845,1.2319271564483643
683296,718.270006525438,500,False,0.26517863076657777,True,0.0068159457807151986,1.178624153137207
683360,797.2891045910433,500,False,0.08227362987042945,True,0.00682469795428549,1.7666223049163818
684752,726.3918261835661,500,False,0.19211059055885535,True,0.006820885106772292,1.3693948984146118
684880,699.8658400563949,500,False,0.08714143722123605,False,0.0068537800137524335,1.318368911743164
685936,793.8928895607711,500,False,0.141180606351381,True,0.006841264790143924,1.3767832517623901
687680,810.3046504136964,500,False,0.13372380056156918,True,0.006707054731725972,1.1463377475738525
687808,768.2712133760817,500,False,0.23908232123835027,True,0.007069977795197441,1.04469895362854
688720,744.0743369021171,500,False,0.1252749774779549,True,0.007093300083420713,1.2068719863891602
689856,759.3965186325016,500,False,0.22723492916377963,True,0.006981483491711964,1.2691166400909424
689984,701.9573246203465,500,False,0.1875883695542839,False,0.006916711130030154,1.151977777481079
690112,685.9317255491023,500,False,0.2006272201467932,True,0.0068925043361780375,1.0708684921264648
690256,789.530397971635,500,False,0.1224161311254249,True,0.006882591431124107,1.1676125526428223
690560,713.5416478762338,500,False,0.212479895315035,False,0.006876803798469583,1.2547682523727417
690800,705.8579436696123,500,False,0.20122961629380295,False,0.006880527944536102,1.2279295921325684
691168,705.8115849217298,500,False,0.16541837673184073,False,0.006852648691428661,1.2130510807037354
691248,689.8383015177893,500,False,0.13875377546044407,True,0.006949083386678255,0.9179174900054932
691296,715.7722859730256,500,False,0.1840695685175285,True,0.006950409465269625,1.2136226892471313
691360,799.3266392846244,500,False,0.06238117206560306,True,0.006949705720294845,1.2853596210479736
692752,711.1262260134248,500,False,0.11399010019301681,False,0.0069550775256841425,1.234390139579773
692880,627.0564806246696,500,False,0.27800073396560115,True,0.006996103689005554,1.0738792419433594
693936,716.2962902037691,500,False,0.026172473893564186,True,0.007017973931014712,1.2319761514663696
695680,821.3550186349181,500,False,0.049392553630079314,False,0.006818997066769119,0.9642705321311951
695808,712.1737928438457,500,False,0.1644778940232123,True,0.006882191093162904,1.3652756214141846
696720,723.0964112044902,500,False,0.13738223754645207,False,0.006879429376773459,1.1791795492172241
697856,791.67939906975,500,False,0.12783630838265944,False,0.006962868518667567,1.4283522367477417
697984,763.1586392960679,500,False,0.26770264075259986,True,0.006975673472835212,1.0368342399597168
698112,790.8927947100336,500,False,0.08984102157242499,False,0.006947310682721847,1.2303194999694824
698256,784.3053291702462,500,False,0.11034669261179866,True,0.006940548177751359,1.3465650081634521
698560,690.5941933468445,500,False,0.17040830963330542,True,0.006904582758468533,1.3100897073745728
698800,779.2403947177347,500,False,0.1324561528135645,False,0.006809158782383593,1.366368293762207
699168,752.8308958875716,500,False,0.15777660347772235,True,0.006761561654598587,1.238753318786621
699248,778.5483933995805,500,False,0.10027060686514057,True,0.006820868819885839,1.0657367706298828
699296,726.8446808435865,500,False,0.14718041424720074,True,0.006831209062332884,1.141157865524292
699360,700.0965231608978,500,False,0.2634400043020977,True,0.0068336753020361565,1.4583337306976318
700752,725.4881174796543,500,False,0.2145054749311455,True,0.007004793507244995,1.1568547487258911
700880,756.2559053240543,500,False,0.08850082413167355,True,0.007378296016001357,1.1154890060424805
701936,714.1643796340627,500,False,0.2308807749424599,True,0.007417486514667756,1.3036812543869019
703680,793.0893682546041,500,False,0.11211502955369333,True,0.007404074449954521,1.380136489868164
703808,703.5952658417119,500,False,0.18582772235402367,True,0.007262441480835955,1.0063443183898926
704720,776.0652124111684,500,False,0.15936391794458862,True,0.00727592459630357,6.393709182739258
705856,787.5443084349473,500,False,0.09862786481091632,True,0.007252231807832892,0.9349324703216553
705984,763.3347337938611,500,False,0.1268709501418786,True,0.007141174866472473,1.5201818943023682
706112,742.8239608144967,500,False,0.20850356279839,True,0.007106999631039711,1.0372015237808228
706256,747.0946857748535,500,False,0.2706622709643238,True,0.007090464204896305,1.1930549144744873
706560,648.6892091190434,500,False,0.2041175388307504,True,0.0070789237027291604,1.1565954685211182
706800,709.7841750889909,500,False,0.13519252061607823,True,0.007055406693038734,1.3132734298706055
707168,721.6789304620414,500,False,0.11495555685378667,True,0.007027267059707102,1.3225239515304565
707248,730.3374865256491,500,False,0.21576311194529466,True,0.007002927567978988,1.2182365655899048
707296,747.4781120046985,500,False,0.13724036880733526,False,0.0070033636223560585,1.2149279117584229
707360,784.3294516696466,500,False,0.1358739176253859,True,0.007018386567310738,1.2582353353500366
708752,807.9205707684317,500,False,0.1353432946895147,True,0.007030092844539196,1.4958667755126953
708880,710.6902596806153,500,False,0.15965707808297955,True,0.0071635599897473465,1.2002496719360352
709936,759.7108038617138,500,False,0.16490802106571853,True,0.007176908220386325,1.1331454515457153
711680,792.8527510065212,500,False,0.15832542388773096,True,0.007041837769416765,1.0871078968048096
711808,739.4427043181562,500,False,0.15289007458720433,True,0.0071382696014167845,1.3140580654144287
712720,750.2025618466672,500,False,0.17777460934607406,True,0.00711180594413549,1.2654476165771484
713856,695.0137664290266,500,False,0.18289295251891624,True,0.007049395699837069,1.2142152786254883
713984,758.4812806872507,500,False,0.1704553686726015,True,0.0071043510090479205,1.2382124662399292
714112,793.3761168701282,500,False,0.07202571423984594,True,0.0070956893782784065,1.3173397779464722
714256,728.4751127922416,500,False,0.1808869840957565,True,0.007078866429039808,1.0943312644958496
714560,732.5921123368996,500,False,0.44720978088049257,True,0.007042690641259238,1.2087886333465576
714800,758.8874070906982,500,False,0.1474290077230048,True,0.007040096273631067,1.2994518280029297
715168,778.823868634988,500,False,0.16969009364891813,False,0.007039048063815559,1.0901496410369873
715248,764.3172475001095,500,False,0.12520765424987784,True,0.007015516977377101,1.2908825874328613
715296,747.7099302059613,500,False,0.03194856079140421,True,0.0070068015249091205,1.2354308366775513
715360,707.8970506538383,500,False,0.1383328209589101,False,0.0070049069171696805,1.1767150163650513
716752,673.6708849548376,500,False,0.173966871543167,True,0.007001343887635639,1.039665937423706
716880,728.5940106208005,500,False,0.11111986473959762,True,0.00706379752429992,1.1305384635925293
717936,733.4532389306553,500,False,0.20496749074688697,True,0.0071240693260787415,1.495667815208435
719680,750.8742520677661,500,False,0.14976473220014058,True,0.007201387336502598,1.478103756904602
719808,728.6821888575282,500,False,0.31556311946025967,True,0.007081979824698615,0.978835940361023
720720,760.7343723997441,500,False,0.10532389476487025,True,0.007071058831009336,1.2929911613464355
721856,713.2624240127919,500,False,0.14090962599064452,True,0.0070815788667762435,1.0966601371765137
721984,717.3688814834147,500,False,0.12427041849397019,True,0.007124798291783205,0.9676494598388672
722112,760.3824940203848,500,False,0.17279217015769463,True,0.007125428988043327,1.0887396335601807
722256,741.8316229169959,500,False,0.1262032998864391,True,0.007132334888991527,1.04966402053833
722560,715.9076915959864,500,False,0.1976392415925945,False,0.007141324989448775,1.238487720489502
722800,772.3208346193073,500,False,0.14626439761446752,True,0.007127379815557084,1.1330702304840088
723168,785.6110024656053,500,False,0.10220433787736302,True,0.007113922979634089,1.2174406051635742
723248,707.3002982123348,500,False,0.15140154059513442,False,0.007208714377743708,1.4393011331558228
723296,790.8670313075885,500,False,0.09411027584673426,True,0.007200671937539894,1.0060906410217285
723360,763.433111541615,500,False,0.17602656533322827,True,0.007193277600571686,1.124424695968628
724752,735.8474012139939,500,False,0.1833057752266623,True,0.007196129463248537,1.2230074405670166
724880,748.0257999595366,500,False,0.1494977895920188,True,0.007125434559457953,1.0514049530029297
725936,730.9098243251769,500,False,0.15397646410586613,True,0.007115691133132633,1.1224009990692139
727680,709.3644827981714,500,False,0.13020495123427658,False,0.0071578164516444874,1.3374136686325073
727808,587.7610504455254,500,False,0.3408693367462384,True,0.00720457383747694,0.9972635507583618
728720,748.627761495846,500,False,0.1307312744283573,True,0.007203837032445686,1.2772029638290405
729856,673.5994875029351,500,False,0.18005577825997043,True,0.007121016755560126,1.3266985416412354
729984,714.1746369569046,500,False,0.1404138750178781,True,0.007074089261520399,1.303992748260498
730112,730.1556703781831,500,False,0.20629092189496334,True,0.007096642734045599,1.1037663221359253
730256,735.4790617624733,500,False,0.13372426644503332,True,0.007099105205860044,1.0627555847167969
730560,742.8633616940978,500,False,0.06922895895251602,True,0.007084282013636376,1.135549783706665
730800,682.4599817296353,500,False,0.3722216099470818,True,0.007034353623821543,1.2684860229492188
731168,751.0308551131269,500,False,0.12035381333633066,True,0.00697707330314723,1.004086971282959
731248,832.1717745865474,500,False,0.10258726760232796,False,0.0069756646943805786,1.278501033782959
731296,698.7318447188658,500,False,0.12996122912350214,True,0.006952013521984333,1.264052391052246
731360,694.2461730619323,500,False,0.23756929175737065,True,0.006944114947270243,1.3789708614349365
732752,713.3673309797936,500,False,0.20840651356402995,True,0.006924830302248783,1.1174561977386475
732880,834.8930731178589,500,False,0.17878145475690524,True,0.006938828876261401,1.0616003274917603
733936,691.4533697365026,500,False,0.15990287106174433,True,0.006957803842023386,1.1257383823394775
735680,710.2903474946041,500,False,0.19028002466881389,True,0.007000789182094568,1.1293377876281738
735808,757.4343073355093,500,False,0.0497762211526368,True,0.00691877844178058,1.114617109298706
736720,702.773927800901,500,False,0.0926416882261235,True,0.006897068577007991,1.0569095611572266
737856,738.7586855082516,500,False,0.062176722746099124,False,0.006941566152788325,1.177577257156372
737984,746.9535837034088,500,False,0.18329998752064172,True,0.006724553998299393,1.185619831085205
738112,760.5485443247808,500,False,0.16361786785102334,False,0.006727399549406015,1.1582460403442383
738256,701.323518337555,500,False,0.15025662036519233,True,0.00676356124212279,1.2022616863250732
738560,764.8710712367924,500,False,0.18416665920286107,True,0.006814805851184109,1.0704994201660156
738800,764.3358169595676,500,False,0.168836199288944,True,0.006847458077526697,0.9841222167015076
739168,743.3993673247851,500,False,0.11296248550087995,False,0.006862939033524858,1.1564524173736572
739248,615.2893133762117,500,False,0.1838990942798286,True,0.006920098126524056,1.1686543226242065
739296,802.7768095457355,500,False,0.11408487805428028,False,0.0069856833570081205,2.980264186859131
739360,689.2828422968398,500,False,0.14545430431832632,True,0.006997744209335425,1.0890464782714844
740752,670.3917163477288,500,False,0.1603640620532114,True,0.006998261003437045,1.1464836597442627
740880,737.2668258791783,500,False,0.1658154863625879,True,0.006864657933683191,1.2060797214508057
741936,686.5187204616783,500,False,0.3254242781444043,True,0.0068438979784106934,1.1831945180892944
743680,741.4183154910862,500,False,0.15092728757811805,True,0.006834360454240132,0.951106071472168
743808,694.1863982430314,500,False,0.16558197012944995,False,0.006925789225767407,1.2394131422042847
744720,662.0300195340458,500,False,0.24708583037038484,True,0.006987967115279177,1.189738392829895
745856,763.2153177441212,500,False,0.19052413603462448,True,0.006869580641719912,1.0019958019256592
745984,766.4848514305784,500,False,0.2195154454737385,True,0.006765737680693167,1.033200740814209
746112,742.4438542349378,500,False,0.06054279797127612,True,0.006736948894422477,1.250606656074524
746256,711.5136951687608,500,False,0.1950530289654138,True,0.0067309904025152295,1.1735904216766357
746560,834.1155122397914,500,False,0.040751182768605586,False,0.0067328483810703285,1.2999244928359985
746800,756.6014959193215,500,False,0.10700596265161466,True,0.006758508725316947,0.9533445835113525
747168,821.9979533099582,500,False,0.05494609586089108,True,0.0068581193585915195,1.3450477123260498
747248,728.2979996860483,500,False,0.12380947380126694,True,0.006919293464702673,1.3046482801437378
747296,794.5953329007503,500,False,0.059357143881902844,True,0.006928089042398743,1.0878275632858276
747360,747.8382923950618,500,False,0.08807064741537661,True,0.006938043900090572,1.3261821269989014
748752,652.1976045602272,500,False,0.2577020350444666,True,0.006938286897902569,1.1130709648132324
748880,750.4853760289059,500,False,0.08507280325783949,False,0.006960380243902611,1.4296698570251465
749936,769.9724750537335,500,False,0.151379901124334,True,0.006951170321529208,1.2298107147216797
751680,763.28288510108,500,False,0.12162676644853941,True,0.006763713401367425,1.1696313619613647
751808,761.9589496450566,500,False,0.09591302935851442,False,0.007003510121151654,1.0654724836349487
752720,648.2219031651492,500,False,0.25164347376753143,True,0.007011748739259701,1.2465393543243408
753856,708.9233619248217,500,False,0.17012960442256825,True,0.007067444377899183,1.111320972442627
753984,748.4262069187429,500,False,0.18330972194483122,False,0.0070657930245274555,1.1139600276947021
754112,776.2283495569718,500,False,0.04644535755946253,True,0.007060383069337311,1.1801998615264893
754256,766.2902067510203,500,False,0.10026213786181074,True,0.007037129814201992,0.9572153687477112
754560,721.5415796699958,500,False,0.13528933234619767,True,0.006998973660513008,1.3873980045318604
754800,695.3803400317075,500,False,0.196882350526056,True,0.006968544131446491,1.471204161643982
755168,754.272894768844,500,False,0.11280191398134487,True,0.0069365708900901366,1.153328537940979
755248,743.1197734891779,500,False,0.2333377050286418,True,0.006941949081548999,1.372296929359436
755296,778.3006991054674,500,False,0.18442385990261367,True,0.006959485015059875,1.2115724086761475
755360,774.0352171287655,500,False,0.11218787398715196,True,0.006956296310876496,1.0862942934036255
756752,875.4428201729668,500,False,0.042744480488010446,True,0.006959230563561735,1.218545913696289
756880,746.565289970651,500,False,0.19885768534072268,True,0.006939825999931221,1.0598481893539429
757936,783.9693159193405,500,False,0.07347167821024661,True,0.006963352034405696,1.3237932920455933
759680,786.7625692610915,500,False,0.13885384305246573,False,0.007013738006982845,1.2522367238998413
759808,717.4716178513039,500,False,0.14328236602251104,True,0.0067882065536670555,1.233209490776062
760720,659.8484766922803,500,False,0.23161826556030335,True,0.006801309016119687,1.2245243787765503
761856,708.1573288742273,500,False,0.043255139264952745,True,0.006708628652383128,1.2544476985931396
761984,714.9610598270572,500,False,0.2027971832849488,True,0.006739677560997415,1.4865691661834717
762112,749.3616648469076,500,False,0.26062447576556647,True,0.006748161358970944,1.3533936738967896
762256,691.2087736018478,500,False,0.1898491826144032,True,0.006751980033837341,1.0498669147491455
762560,731.6797239746293,500,False,0.1598540525674124,True,0.006748674133684863,1.1738035678863525
762800,756.6036469457125,500,False,0.13540423222846606,True,0.00677750209602844,1.112600326538086
763168,661.4271964258238,500,False,0.29354349450029316,True,0.0067680222819904625,1.5550193786621094
763248,713.6002396084979,500,False,0.0617229545188721,False,0.006831395902786503,1.0764838457107544
763296,763.8733425831012,500,False,0.07289481115362469,True,0.0068433396707213625,1.6514012813568115
763360,790.595109224938,500,False,0.07498624421220448,True,0.006856363351487021,1.1598317623138428
764752,659.9953440086797,500,False,0.17514028619170718,True,0.006867887857628956,1.052767276763916
764880,783.4809664057836,500,False,0.13371185592215062,False,0.006642424089519862,1.1342766284942627
765936,681.0305168169007,500,False,0.23007990027673272,True,0.0066272982286852454,1.225677728652954
767680,796.6208596106137,500,False,0.04901635542037834,True,0.006809678921993485,1.3346341848373413
767808,732.3588674766175,500,False,0.14439000031102522,False,0.006833071177031525,1.3400243520736694
768720,772.6607478164491,500,False,0.20276730378028474,True,0.00682479400585892,1.1936585903167725
769856,756.087375977153,500,False,0.18719362991578306,True,0.006753065497384069,1.1607822179794312
769984,726.7336239421991,500,False,0.15720129438955935,False,0.00659241595033196,1.0931886434555054
770112,806.7164588989802,500,False,0.13025870895733102,False,0.006592879448906378,1.035807728767395
770256,747.8046595786295,500,False,0.21428308093346277,True,0.0066054502788553,1.1386101245880127
770560,716.0302652605664,500,False,0.22443341232541716,True,0.006627683667387719,1.0356097221374512
770800,752.304544546481,500,False,0.17684473547920515,False,0.006606695741967171,1.057210087776184
771168,809.5031386572997,500,False,0.13120218362576988,True,0.006626524852222818,1.1937495470046997
771248,727.1798635566627,500,False,0.10842758531963742,True,0.006511108759855756,1.1200981140136719
771296,725.138947638801,500,False,0.1030249715239652,True,0.006495736734635403,1.0821622610092163
771360,785.4253713150179,500,False,0.20512495225917002,True,0.006503320727856171,1.5213078260421753
772752,756.6540340323766,500,False,0.04534862202113808,True,0.006511815733183113,1.1716076135635376
772880,790.6543610267115,500,False,0.048737697495908554,True,0.006441506424529106,1.2419493198394775
773936,746.4183712185438,500,False,0.11464069228189307,True,0.006453204555662156,1.0264534950256348
775680,736.9528023992453,500,False,0.06360435271369905,True,0.006511102068594083,0.8570129871368408
775808,858.5247580598043,500,False,0.16869783503279281,True,0.006562092862913305,1.1780264377593994
776720,766.6660195947359,500,False,0.11013607365820742,True,0.006595144711012464,1.2721450328826904
777856,698.4548736881909,500,False,0.09709249121742722,True,0.006654067878407875,1.1976609230041504
777984,697.6522696504751,500,False,0.2177701355690046,True,0.00684367269252041,1.2381558418273926
778112,723.3230765811072,500,False,0.09104465982436782,False,0.006870279705316097,1.2571005821228027
778256,696.9279876826163,500,False,0.18016065337327275,True,0.0068678736715004985,1.1675633192062378
778560,672.8549024777052,500,False,0.1543523351748271,True,0.006845916567751245,1.1946001052856445
778800,759.2081890642048,500,False,0.06542349248199554,True,0.006812730431808915,1.2017607688903809
779168,777.617973698588,500,False,0.1091394259776496,True,0.006758290142249656,1.027253270149231
779248,657.3452063338854,500,False,0.1399260510564676,True,0.006697420727370228,1.1469075679779053
779296,794.2275243273657,500,False,0.009348545628728812,True,0.006695304032594977,1.1353371143341064
779360,698.3214126196855,500,False,0.1974345658184676,False,0.006695743023952004,1.0095582008361816
780752,682.5706618380747,500,False,0.17736793691669198,True,0.006709649873936862,1.169630527496338
780880,695.4817181843385,500,False,0.15001362766289483,True,0.0067088502612395115,1.0466878414154053
781936,834.5468109043275,500,False,0.06493052140344233,True,0.006741624988697229,1.2213534116744995
783680,712.3955385266513,500,False,0.1698997578229786,True,0.006652980449600644,1.139854073524475
783808,662.5508238095085,500,False,0.264788615108824,False,0.0068644298463801144,0.9537440538406372
784720,742.9041949798941,500,False,0.08534389372986334,True,0.00686931854550924,1.1329033374786377
785856,707.2409746909703,500,False,0.20542149761779768,True,0.006744132524828456,1.010591745376587
785984,716.8458260300749,500,False,0.17977449925481448,True,0.006681241135476653,1.3855388164520264
786112,676.1945702781233,500,False,0.24506204822031008,True,0.006666669953971443,1.0343549251556396
786256,734.5409243076592,500,False,0.11805221130473535,True,0.00667271479210737,1.249778389930725
786560,840.9763552998168,500,False,0.1119969332451063,True,0.006669197559379149,1.0338311195373535
786800,732.8431353035838,500,False,0.17672389033553074,False,0.006580985666933186,0.8467862606048584
787168,767.1537047495796,500,False,0.18260028695345815,True,0.006580850211901626,1.1541926860809326
787248,712.374107745394,500,False,0.10688046253077896,True,0.00658902493599857,1.1767630577087402
787296,700.5369437631168,500,False,0.23487391777390448,True,0.006625156280098692,1.2131683826446533
787360,786.4677696771903,500,False,0.14517534225391612,True,0.006642488267296289,1.3847521543502808
788752,793.2906279585958,500,False,0.2519579902753197,True,0.006650317207305698,1.319535732269287
788880,729.3164723815275,500,False,0.22529286824386707,True,0.0065753219780674025,1.485357403755188
789936,681.2558693815341,500,False,0.18927199564144934,False,0.006561445666254718,1.1949725151062012
791680,795.2438990341599,500,False,0.12336258935711177,True,0.006468472785448851,1.1661572456359863
791808,664.2870392123258,500,False,0.13034168750720068,True,0.006366477553302723,1.1649110317230225
792720,747.8469823133969,500,False,0.11131479568613828,True,0.006383880601733656,1.2621175050735474
793856,627.339095667361,500,False,0.2694073680992864,True,0.006259751420588275,1.037168264389038
793984,676.4307963428591,500,False,0.15520796075678228,False,0.006266826254335769,1.1046017408370972
794112,797.1923735010728,500,False,0.047073663587586974,True,0.006260096505199413,1.1372134685516357
794256,770.7306327901777,500,False,0.13608047534095283,True,0.006283265060875316,1.2808775901794434
794560,654.2007068954599,500,False,0.07266463968267567,True,0.0063003772533253765,0.977501630783081
794800,765.7430180162702,500,False,0.08979439900887255,True,0.006307296295368722,1.270369529724121
795168,757.2128408542555,500,False,0.03652563756996747,True,0.006316785948204082,1.1991710662841797
795248,734.529062058383,500,False,0.07983425481277061,True,0.006280934558722306,1.0537208318710327
795296,627.6484978211749,500,False,0.2789089549426525,True,0.006289573635761377,1.0836181640625
795360,758.0755950839113,500,False,0.09254664019813395,True,0.006296485644524259,1.2081859111785889
796752,818.8052015627693,500,False,0.1501544762238934,True,0.006306072335511173,1.1190546751022339
796880,650.7930482149758,500,False,0.19085567484791552,True,0.006342893240747726,1.0333139896392822
797936,702.1556217590299,500,False,0.19456190466817413,True,0.006384425210286375,1.1024068593978882
799680,767.198851744639,500,False,0.20555854759898234,False,0.006530594379626495,1.1008150577545166
799808,814.6148837989481,500,False,0.059480393401038,True,0.006586139713830854,0.9553755521774292
800720,684.0319290360346,500,False,0.2548220166190026,False,0.006583621506577822,1.0741734504699707
801856,631.186226721231,500,False,0.22242147361167652,False,0.006680897777120646,1.3276023864746094
801984,719.5844010230956,500,False,0.16004281083046132,True,0.006586051388852083,1.7112748622894287
802112,719.6380078337482,500,False,0.16071907136335778,False,0.006605827057687356,1.2046810388565063
802256,763.3777419738491,500,False,0.08937348053466716,True,0.006594821831041122,0.9846509695053101
802560,784.222487589884,500,False,0.0664419894222911,False,0.00657671142841212,1.0783611536026
802800,701.5241972535352,500,False,0.1944368318130172,True,0.006474212246029624,1.0249054431915283
803168,737.1826345236667,500,False,0.15587729979944967,False,0.006414694855357567,1.1797707080841064
803248,817.414949550008,500,False,0.06060188321168907,False,0.006334825289366673,1.1397992372512817
803296,712.4464222438437,500,False,0.0929281081112653,False,0.006317392534226021,1.576315999031067
803360,679.6499535233496,500,False,0.2217018916013704,False,0.006308782226464256,1.3008241653442383
804752,737.6720851675194,500,False,0.17960107050167395,True,0.0063025747143273456,1.0861396789550781
804880,746.6583291913303,500,False,0.11767654159822079,True,0.006404221923007347,1.08371901512146
805936,766.4284286093655,500,False,0.08079075965940102,False,0.0064027337695263245,1.2116179466247559
807680,743.1563160567323,500,False,0.10136720344279122,True,0.006440128347365156,1.2116729021072388
807808,828.1306308505788,500,False,0.05002404611816785,True,0.006552154039522398,1.2525749206542969
808720,756.2751153559126,500,False,0.29712776909305255,True,0.006567661983206267,1.093737006187439
809856,791.1789780502701,500,False,0.05247522857315897,False,0.006493045301900995,1.1966561079025269
809984,808.0144615164864,500,False,0.037973843105460106,True,0.006562263560592886,1.2123310565948486
810112,793.1347018580611,500,False,0.09375062967788614,True,0.006538749080716367,1.3765480518341064
810256,774.4833920864879,500,False,0.07446730069733008,True,0.006501573449660933,1.3383021354675293
810560,780.5299194685466,500,False,0.0998629486364152,True,0.006481900672674977,1.0231647491455078
810800,781.9894872687476,500,False,0.06705544825378458,True,0.0064768122012901835,1.0607322454452515
811168,745.7277398235317,500,False,0.16054793356936273,True,0.006495886995725472,1.4928414821624756
811248,669.7877397808256,500,False,0.18535038206391333,True,0.006597702178964064,1.0233945846557617
811296,609.4606552909578,500,False,0.2959788010405017,True,0.0065940559865899015,1.2237437963485718
811360,740.5996712704483,500,False,0.08591153650488707,False,0.006591574866206763,1.085474967956543
812752,729.4063219510891,500,False,0.21392768171322843,True,0.006593734313518778,1.2269980907440186
812880,706.8185064985203,500,False,0.1668022405257248,True,0.006774216792181255,1.4396439790725708
813936,717.4260317547172,500,False,0.042908536503005607,False,0.006766707223008129,1.1424921751022339
815680,788.0705420651354,500,False,0.14105841364559726,False,0.006817076969438578,0.9314078688621521
815808,767.8084102211378,500,False,0.07916564486357051,True,0.006610522935270125,1.2256042957305908
816720,725.3491490295233,500,False,0.10767881192688779,True,0.006572637000391151,1.2226684093475342
817856,757.0596851355831,500,False,0.09777217641699436,True,0.006643956802470034,1.167191505432129
817984,764.9690329017183,500,False,0.046059127938070016,True,0.0067100204383313995,1.253063678741455
818112,683.3769134057271,500,False,0.29016157602464365,True,0.006714915817471528,1.2636384963989258
818256,738.3748260576358,500,False,0.1224269729073794,True,0.006769965282232354,1.0973941087722778
818560,680.4650061001181,500,False,0.15346231535642524,True,0.006818005218748548,1.376399278640747
818800,691.3414124847931,500,False,0.27485590541210353,True,0.006826245956493362,1.19740891456604
819168,726.3860924258448,500,False,0.12314940550598831,True,0.0068322001599157,1.2090822458267212
819248,746.9310037972017,500,False,0.11825309740417272,True,0.0068952160997873425,1.0754380226135254
819296,807.3394007307737,500,False,0.14627327342198487,True,0.006902328787738692,1.1915847063064575
819360,753.259609733318,500,False,0.23146277111023214,True,0.006904695728815664,1.092963695526123
820752,672.2495103178247,500,False,0.199996934026959,False,0.006908007451245868,1.4651577472686768
820880,698.7257322164456,500,False,0.23856811289072832,True,0.006740428372827934,1.4267340898513794
821936,813.778610678238,500,False,0.026302397080581675,False,0.006717355957252287,1.1516162157058716
823680,717.0889490153357,500,False,0.1617080019380027,True,0.006684507870524763,1.231990098953247
823808,794.4156059254002,500,False,0.15957933490660875,True,0.0064086216153449735,0.9893315434455872
824720,720.7707198051497,500,False,0.15678164731092378,False,0.006394489047621566,1.2584078311920166
825856,767.6690505276989,500,False,0.0678443466991217,True,0.006357759542130382,1.0961767435073853
825984,741.3102770549167,500,False,0.18475187464457046,True,0.00638898880148298,1.1497851610183716
826112,720.1559353898507,500,False,0.07426478698710466,True,0.00637884064875979,2.1495747566223145
826256,701.2747355390454,500,False,0.2140383031635904,True,0.00635903361678722,1.1601905822753906
826560,692.915383410518,500,False,0.16381157231590046,False,0.006376976290836575,1.1625946760177612
826800,784.6469507648928,500,False,0.32656655209824303,True,0.006355136191468836,0.9075241088867188
827168,752.6193627273511,500,False,0.027374102730593,True,0.006345654154532034,1.4739844799041748
827248,761.7810499278287,500,False,0.06868080168543711,True,0.006396587763576825,0.9431648850440979
827296,631.3725186942764,500,False,0.36187418352420614,True,0.006378567315624192,1.0544219017028809
827360,671.0127195673057,500,False,0.22778491886684973,True,0.006369490442970535,1.0650286674499512
828752,662.1867122766887,500,False,0.25204480178863375,True,0.006360485888566481,0.826885461807251
828880,805.2319890315359,500,False,0.035526621722190385,True,0.00639391161897792,1.1676044464111328
829936,727.7237361646298,500,False,0.20644519926460417,True,0.006414831382380617,1.009103775024414
831680,817.1147175958758,500,False,0.10067445227728299,True,0.006493784105837897,1.1155805587768555
831808,711.5284226737366,500,False,0.12705347693860994,True,0.006440057434399353,0.9967366456985474
832720,682.5315828007355,500,False,0.16041200107986714,True,0.006463798661252207,1.1209142208099365
833856,772.0763952917421,500,False,0.18231413151408754,True,0.006498934353032642,1.2022030353546143
833984,792.6135057949551,500,False,0.20435585811820348,True,0.006465784319897897,1.003482460975647
834112,673.1109958965966,500,False,0.18145312651072418,True,0.006433973982329883,7.151902198791504
834256,740.8062551567104,500,False,0.1520149474929464,True,0.006402483878538441,1.1165040731430054
834560,763.5672006825122,500,False,0.07777010856687344,True,0.006394328496724856,1.654184341430664
834800,780.309252830236,500,False,0.1446040673527456,True,0.00635858146414893,1.4097979068756104
835168,676.8672186309225,500,False,0.36476198443873475,True,0.0063182294255295255,1.1485497951507568
835248,794.1513816184704,500,False,0.08022130141339452,False,0.006296976932351122,1.0901587009429932
835296,783.008948381282,500,False,0.15066642593180227,True,0.006287292648075206,1.1760079860687256
835360,746.5203392750491,500,False,0.16563743430733482,True,0.006283670466510105,1.0201919078826904
836752,739.7038870397348,500,False,0.10388667050587382,True,0.006290380982505246,1.0902341604232788
836880,725.5717626713719,500,False,0.06928576976694545,False,0.006427031746660846,1.0120269060134888
837936,777.0319665404826,500,False,0.083031998560018,True,0.006401644536079365,1.269848108291626
839680,703.7015086655247,500,False,0.17748229722882247,False,0.006435448723780901,1.2569363117218018
839808,797.26647703955,500,False,0.13806394655869905,True,0.006463767842307515,1.1164393424987793
840720,748.534131182813,500,False,0.17025368805214056,False,0.006469625803926895,1.1280467510223389
841856,670.5544280643256,500,False,0.21869455302558594,True,0.006381170681884938,0.9476942420005798
841984,739.7031035328494,500,False,0.128953539132363,False,0.006341040782393531,1.010201334953308
842112,736.2410263112687,500,False,0.22590571184728203,True,0.006331043980448353,1.094245195388794
842256,650.5481297738645,500,False,0.21987386553647842,True,0.006316424200362021,1.3285517692565918
842560,723.8782944731537,500,False,0.197311829472302,False,0.006310327984895553,1.1248705387115479
842800,758.0560738262808,500,False,0.08395680954817271,True,0.006337407992401552,1.0507144927978516
843168,692.0608450933411,500,False,0.11141991382221265,False,0.00638605913925486,1.1182160377502441
843248,800.787412800119,500,False,0.1052395421067714,True,0.00639993257653923,1.1893162727355957
843296,722.5613604035921,500,False,0.11581119258682987,True,0.006408872957744336,1.128729224205017
843360,759.0426841652622,500,False,0.10212804975278636,True,0.006413080438607783,0.9311490058898926
844752,681.2303899749631,500,False,0.2875501428690507,False,0.006411342842030618,0.9362044334411621
844880,743.1936588811856,500,False,0.18802267695648328,True,0.006448803682467062,1.1109882593154907
845936,785.55225359467,500,False,0.11404741892884919,True,0.0064388365300730365,1.189380168914795
847680,731.6767163317357,500,False,0.14438071001337865,True,0.006477917043803465,1.2261135578155518
847808,776.2771461537202,500,False,0.13391241411012245,True,0.006681808823043613,1.3625178337097168
848720,752.6694036643196,500,False,0.12150745016673993,True,0.006703871074061569,1.1568565368652344
849856,801.7495908264085,500,False,0.14676639704331315,True,0.006664151939017374,1.2450815439224243
849984,755.9726234172596,500,False,0.12414132761507002,True,0.006416329733876482,0.945070743560791
850112,720.7281548778953,500,False,0.20381789880538687,True,0.006441322448150054,1.4057085514068604
850256,688.5380923677814,500,False,0.26215332970448924,True,0.006448434004212459,1.2872014045715332
850560,688.9719918239147,500,False,0.18137306425342967,True,0.006469217526206017,1.128286361694336
850800,740.789079505265,500,False,0.15233457178974588,True,0.006466486024730702,0.9931789040565491
851168,714.1054515695618,500,False,0.19651168453475,True,0.006500662241214552,1.2258641719818115
851248,765.4658531944057,500,False,0.08408820374482376,True,0.006512783885684902,1.0272188186645508
851296,694.2701827128508,500,False,0.19134129084911947,True,0.006515679415457461,1.2147386074066162
851360,715.8225891164388,500,False,0.24742764503910283,True,0.006519067985703709,0.9715361595153809
852752,777.7327509275475,500,False,0.1584882431831867,True,0.006517814987531458,1.2559757232666016
852880,598.9890296132224,500,False,0.22439455848563186,True,0.006529254258168113,1.09459388256073
853936,741.0260736967539,500,False,0.2012509913924799,True,0.006523139152472522,1.3393008708953857
855680,765.3124220178354,500,False,0.19768202500395765,True,0.006443899427045172,0.9112452864646912
855808,785.0393165959778,500,False,0.24109280346895046,True,0.006499342305981291,1.1793632507324219
856720,713.062140127466,500,False,0.13467175953302649,True,0.0064800090115036705,0.9008010625839233
857856,686.2279324385862,500,False,0.07606270979880496,True,0.006496887022468399,1.436023235321045
857984,885.0900210975515,500,False,0.03394328444181037,True,0.006461810247329137,1.1362969875335693
858112,755.1811549205099,500,False,0.11828735895619513,False,0.0064556831623118335,1.1543889045715332
858256,690.0827340843205,500,False,0.1729941479648426,False,0.006453994164344996,1.0053056478500366
858560,722.6221060036488,500,False,0.19009319879689518,True,0.006470548236177356,1.3097310066223145
858800,716.772069608675,500,False,0.18896965066043936,False,0.006504122219209146,1.275622844696045
859168,844.3665153220694,500,False,0.09396869616047766,True,0.006544806432620964,1.080006718635559
859248,710.5521525468301,500,False,0.08903016714391823,False,0.006577351189518421,1.1289081573486328
859296,743.2931707507506,500,False,0.21197285929022333,True,0.006565549147728366,1.189659833908081
859360,720.6377210031525,500,False,0.14873004242805016,True,0.00655213836516843,1.289658546447754
860752,739.9631063479547,500,False,0.16287913595965395,True,0.00653841735627888,1.0631632804870605
860880,704.0022216884353,500,False,0.12483639103956777,False,0.0065146369800813475,1.2593278884887695
861936,824.8674133948037,500,False,0.03510549340201328,True,0.0065445910173146426,1.0517127513885498
863680,766.2602590929994,500,False,0.17306616009537518,True,0.006480096846803496,0.9832139611244202
863808,754.1294813289736,500,False,0.1132878668354408,True,0.006370457376803437,1.1401959657669067
864720,733.1028319160836,500,False,0.11623870180009777,False,0.006347246613552876,1.185732126235962
865856,791.1586101584109,500,False,0.060761083070921366,False,0.006324618331643552,1.0843559503555298
865984,736.995304948495,500,False,0.25288032105785535,True,0.006196208173544533,1.1895897388458252
866112,782.0879721317065,500,False,0.08654683240579038,True,0.006208071583736379,1.1108801364898682
866256,649.3577968850241,500,False,0.2661437552532999,True,0.006202490254495396,1.2685986757278442
866560,785.8932858328275,500,False,0.15699604486595004,False,0.006205170250443368,1.3848696947097778
866800,787.0840240845666,500,False,0.09763397618538423,False,0.006193848171054532,1.3143260478973389
867168,773.8068015545902,500,False,0.10808650554389033,True,0.006127779339062717,1.221968650817871
867248,696.8099385602324,500,False,0.09927281780792992,True,0.006119913805026152,1.2612030506134033
867296,722.5241580026105,500,False,0.10676420071045667,True,0.006153549028396545,1.0065281391143799
867360,781.839271329475,500,False,0.12107286230853612,True,0.00616317809597544,1.1104803085327148
868752,682.1392048936776,500,False,0.17296355378604059,True,0.006180513442317609,1.1444432735443115
868880,680.1770245471592,500,False,0.13158386484815068,True,0.006347981770529764,1.0610300302505493
869936,733.5222629292047,500,False,0.022749020648561193,True,0.006351750314030034,1.219177484512329
871680,764.0776176943089,500,False,0.1384902539490543,True,0.006401698943745369,1.27693510055542
871808,734.6452318326043,500,False,0.09635550262417324,True,0.0065001374556865514,1.3158682584762573
872720,712.9950349680307,500,False,0.10682596364013916,True,0.00648951620568822,1.1938447952270508
873856,835.7013207898029,500,False,0.11519356918008308,True,0.0065215624277910125,0.9593079090118408
873984,811.3663205433935,500,False,0.039713309190931974,True,0.006634404339707311,1.1355788707733154
874112,788.137472387125,500,False,0.1143981085519373,True,0.0066569557649341395,1.1341538429260254
874256,856.4915461898366,500,False,0.05865772464391164,False,0.0066662491241871475,1.0271964073181152
874560,742.104141512595,500,False,0.29353318296986963,True,0.00667350272111741,1.2466282844543457
874800,745.3054070418037,500,False,0.1705888776066206,True,0.006622665363758948,1.2040364742279053
875168,716.8455998274084,500,False,0.24469758813325684,True,0.006611269866880254,1.1746879816055298
875248,704.3592941288005,500,False,0.2147350717668193,True,0.006560458861593207,1.101156234741211
875296,721.5132586029259,500,False,0.1922997180713796,True,0.006568964528674483,1.172250509262085
875360,707.6037593658169,500,False,0.10927093634280037,True,0.006571011156567868,1.1908323764801025
876752,800.8737207620145,500,False,0.1021802756343148,True,0.006574444750192208,1.1383483409881592
876880,712.118378200304,500,False,0.14921079145458024,True,0.006558983219190031,1.1711771488189697
877936,799.7157225524749,500,False,0.08861628926928128,True,0.00658128027987594,1.0236961841583252
879680,670.686557518473,500,False,0.33133103365771394,True,0.006757043465319223,1.0158507823944092
879808,736.4999607636335,500,False,0.1231115466011324,True,0.006752253987855289,1.1775985956192017
880720,633.5221120129153,500,False,0.21509499290542394,True,0.006735197376393206,1.092665433883667
881856,657.5620345923188,500,False,0.13480916401813975,True,0.006508370983590274,0.9978036284446716
881984,817.2350819208509,500,False,0.06616291358003112,True,0.006580979355105364,1.2413256168365479
882112,729.8241760488784,500,False,0.12704481627794864,True,0.006560205590697667,1.2121078968048096
882256,735.7742043896994,500,False,0.17464814030934253,False,0.006610683239076915,1.3913190364837646
882560,747.9894571367876,500,False,0.1061071926401108,False,0.006610204181602002,1.126713514328003
882800,689.8942893899227,500,False,0.16747927097613338,True,0.00656693749860737,1.0850086212158203
883168,806.1959242220722,500,False,0.06831110906374886,True,0.006586960012835291,0.8596857786178589
883248,715.0066673722322,500,False,0.0537533183246017,True,0.00659773963576439,1.0809667110443115
883296,818.3104471504698,500,False,0.019279584515726263,True,0.0066017247516192415,1.0699763298034668
883360,763.7579107224535,500,False,0.14436313003133489,True,0.006607488124567498,1.2484369277954102
884752,800.7465994061494,500,False,0.12083402814501983,True,0.006607634308243101,1.0885441303253174
884880,790.7777080633275,500,False,0.12194262289923317,True,0.006524005684366647,1.063903570175171
885936,718.028801676326,500,False,0.16818788577188046,True,0.006516266131162441,1.2124462127685547
887680,735.3952798551105,500,False,0.23177924062762334,True,0.006500825513229079,1.0715993642807007
887808,778.2043063153878,500,False,0.12511035721365832,True,0.00654793588572983,1.9946811199188232
888720,808.5700177332454,500,False,0.17587113755261824,True,0.006577832706828599,1.328399896621704
889856,556.0898245197811,500,False,0.2890492536930551,True,0.006599319335191261,1.2988288402557373
889984,718.964790586152,500,False,0.18784991596693376,True,0.006536370222480051,1.1866247653961182
890112,792.9611575567602,500,False,0.08303883130235647,True,0.006535991064996064,1.1473388671875
890256,738.0647215619913,500,False,0.18486166276767158,True,0.006532545515494326,1.2524869441986084
890560,720.6224051196771,500,False,0.14924165747948379,True,0.006534660866955531,1.0310415029525757
890800,806.2830228599954,500,False,0.16019957814953056,True,0.0065323597953528285,0.955429196357727
891168,752.0706049342971,500,False,0.14214842557380203,True,0.006519924205425426,1.1170227527618408
891248,727.1344268091785,500,False,0.10620856373805575,False,0.0065776251688668495,1.2514549493789673
891296,788.7505708558643,500,False,0.0887629783185101,True,0.0065945256023183406,1.0590190887451172
891360,734.9010076726395,500,False,0.16647230469035243,True,0.0066033848113946966,1.009672999382019
892752,707.5478101395281,500,False,0.1500461769806407,True,0.006600032731804785,1.2140344381332397
892880,746.0100839765171,500,False,0.1384246683286065,True,0.006697663924880469,1.1920382976531982
893936,816.1965921913335,500,False,0.07861394900468921,True,0.006668078916482092,1.2665231227874756
895680,737.1651459991857,500,False,0.058576337667465436,True,0.006458164528095019,1.9833757877349854
895808,774.5501357802541,500,False,0.10854284114423512,True,0.0065062580586073586,1.1560637950897217
896720,689.6610068402076,500,False,0.1734446730441894,False,0.006479211237499977,1.075948715209961
897856,776.21856803212,500,False,0.07735866633748353,True,0.006470063880164268,1.3238389492034912
897984,784.4284755883976,500,False,0.0814278726829498,True,0.006312093860854983,1.2319321632385254
898112,702.1137612223822,500,False,0.17353025577047215,False,0.006325536739703723,0.9060424566268921
898256,749.9283897461336,500,False,0.15471720031997993,True,0.006340995328990658,1.055816411972046
898560,729.8167074420513,500,False,0.15557602264255482,True,0.00636036297215936,0.9522886276245117
898800,690.8085377529218,500,False,0.17829469461007422,False,0.006391771015017234,0.9895170331001282
899168,688.6695425989767,500,False,0.15369982575532382,True,0.0063696750303508754,1.2170875072479248
899248,735.8946025444419,500,False,0.21341089229562893,True,0.0063239306734890165,1.1498942375183105
899296,809.5075070117607,500,False,0.06448305359554769,True,0.0063000148970225696,1.0528559684753418
899360,596.2114400011662,500,False,0.2802343089062665,True,0.006287853439731582,1.1016631126403809
900752,765.7632709536623,500,False,0.11664846961979873,True,0.006187189336708431,1.0805681943893433
900880,758.0763894617062,500,False,0.07575990008991729,True,0.006091146203678912,1.1411199569702148
901936,687.363894110366,500,False,0.13605866046176485,True,0.006086514019244523,1.1263148784637451
903680,786.4690556439792,500,False,0.19108871371839944,True,0.005958111540228698,1.264552116394043
903808,827.2752840291889,500,False,0.013986120710348451,True,0.00595893140636198,0.9947790503501892
904720,755.9364909257312,500,False,0.13129235345568002,True,0.005938838781600524,1.0548145771026611
905856,710.4038257100024,500,False,0.2339979861081777,True,0.005942209444195274,1.2376247644424438
905984,746.0917707462561,500,False,0.20180786881016632,True,0.005826438021246832,1.1537781953811646
906112,737.0713135698588,500,False,0.18080793699256345,True,0.005780603926575599,1.2060494422912598
906256,747.434334408746,500,False,0.13164920523961046,True,0.0057561149987471055,1.220267653465271
906560,688.461596647828,500,False,0.17657458105754673,True,0.005726843646314148,0.8316360712051392
906800,724.8433571290045,500,False,0.17787823417301896,True,0.0056982101716437274,1.0076183080673218
907168,703.2767104115077,500,False,0.2315238691894078,True,0.005670699489810745,1.3574600219726562
907248,747.7107120946376,500,False,0.08273022597309493,False,0.005643816973501755,1.2590864896774292
907296,790.7117947074337,500,False,0.11129506891486338,False,0.005651494646429748,1.3064874410629272
907360,723.593101014159,500,False,0.06946917945465546,False,0.005655492367635974,1.1799622774124146
908752,763.2988082352576,500,False,0.08523950733494684,True,0.005667722610611042,0.9763360023498535
908880,677.8215886521307,500,False,0.24160218668647646,True,0.005678543060426884,0.9613357186317444
909936,778.1920264890513,500,False,0.0278501409376166,True,0.005676683866856638,0.9642157554626465
911680,713.618046728002,500,False,0.27539389104510137,True,0.005707950694470315,1.3409125804901123
911808,761.6319858923599,500,False,0.18641216788765605,True,0.005860987625774821,1.1255545616149902
912720,759.9978899516763,500,False,0.09866206918667199,True,0.005875362616479832,1.116119146347046
913856,758.8500163587698,500,False,0.05695183061836971,True,0.006022716295849579,1.247320294380188
913984,700.3434160364792,500,False,0.1875320003979403,True,0.005979513957576153,1.1790618896484375
914112,705.6402766463553,500,False,0.1809795110761537,True,0.005958511570781229,1.0542118549346924
914256,769.8670405884845,500,False,0.15220408234380806,True,0.005940418281375238,1.146286129951477
914560,797.8734648273645,500,False,0.17544733990247857,True,0.0059245504222678455,1.233855962753296
914800,662.2540285658017,500,False,0.15040057236590498,True,0.005899153364810987,1.1107265949249268
915168,809.9997603810754,500,False,0.08457547014802662,True,0.0058953553439704785,1.027989387512207
915248,695.2699034813149,500,False,0.16227063291334423,True,0.005900909432230048,1.0145363807678223
915296,724.12015346584,500,False,0.2930680791827608,True,0.0058835910834159795,1.2665172815322876
915360,734.8191887456012,500,False,0.13653293843687112,False,0.005877769471542193,1.127091884613037
916752,697.5761448699346,500,False,0.1347071931380358,True,0.005868613321718505,1.2828876972198486
916880,822.4417107944116,500,False,0.08032192098739839,True,0.0058518997515233815,0.9962584376335144
917936,718.5366749036056,500,False,0.21725907538066222,True,0.005817019441359014,0.9713070392608643
919680,715.6661974588717,500,False,0.21961868859198366,True,0.0057695828643126446,1.217193603515625
919808,756.7111771060175,500,False,0.07840100659907476,True,0.005734126387061701,1.0167661905288696
920720,722.5004115012504,500,False,0.13043483046723522,True,0.0057043854756376865,1.179611086845398
921856,735.6509531590347,500,False,0.17876231632442546,False,0.005563311780405316,1.2552173137664795
921984,682.1344833426427,500,False,0.16571419472991952,True,0.005638489442057135,1.3711408376693726
922112,673.6846662838649,500,False,0.20014100937110754,True,0.005660708175328683,0.9520313143730164
922256,687.736940385458,500,False,0.26500274733564444,True,0.005660349786827618,1.1021904945373535
922560,818.3078857117307,500,False,0.05965232999648412,True,0.0056799326678658064,1.0886144638061523
922800,722.1532628485188,500,False,0.10996991672099483,True,0.005700319429558015,0.9028551578521729
923168,700.4754395725519,500,False,0.18225543735357205,True,0.005733515431080407,1.0332350730895996
923248,742.1333971168892,500,False,0.10677503535665929,True,0.0057755897796397905,0.9488428831100464
923296,794.1021196217433,500,False,0.13812903744716284,False,0.005787033648201378,1.2914408445358276
923360,752.137694183988,500,False,0.08897112188004087,True,0.005787637479681135,1.1185722351074219
924752,733.5188884200707,500,False,0.17916404634260083,True,0.005791364765787604,0.9951926469802856
924880,647.5183688966168,500,False,0.23134863158130295,True,0.00574350737745338,29.53623390197754
925936,739.1784598860268,500,False,0.13089971877427914,True,0.005756130013246641,1.1326978206634521
927680,815.3898465270272,500,False,0.08785230833286437,True,0.005992145659754989,1.0663979053497314
927808,704.7389810333488,500,False,0.19086047306197135,True,0.0061181676107922335,1.0561416149139404
928720,712.8091825828043,500,False,0.12613241077614115,True,0.006101687144171863,1.0616662502288818
929856,754.3214169545338,500,False,0.1699999450856594,True,0.006147709388829717,1.0286216735839844
929984,738.5427897102151,500,False,0.22040157246737455,True,0.006221865909780205,1.0003983974456787
930112,643.7948687736515,500,False,0.2736649301943857,True,0.006211504160962855,1.1831246614456177
930256,694.4845897988662,500,False,0.1704452255725473,False,0.006203942898453707,1.1254258155822754
930560,695.283895961573,500,False,0.1780003988174632,True,0.006202135433066494,1.1253142356872559
930800,757.8094594805195,500,False,0.1391353316690075,True,0.006157460203563903,1.0763907432556152
931168,731.1645507675634,500,False,0.18744826708162393,True,0.0061315335350537155,0.937646746635437
931248,772.2103110733398,500,False,0.09735844468098687,False,0.00611960206883018,1.0123052597045898
931296,748.0517419452057,500,False,0.09104509662172373,False,0.006124647373382072,1.0995018482208252
931360,724.760171415279,500,False,0.06560715762945266,True,0.006122275744096871,1.0840798616409302
932752,744.5868403674641,500,False,0.13602370033868258,True,0.006124371226472166,1.179976224899292
932880,731.8619904251747,500,False,0.13965278229889524,True,0.006051874882204617,1.0824692249298096
933936,682.6427055177408,500,False,0.33655275494467646,True,0.006041110541250686,1.1431565284729004
935680,715.0214103589223,500,False,0.15634217990949723,True,0.005939434400094769,1.0554606914520264
935808,759.4647455696208,500,False,0.14063653795346046,True,0.006002916230964917,1.6452867984771729
936720,768.6300820480118,500,False,0.1514772091247727,True,0.005992351939191311,1.1102185249328613
937856,759.1780482680589,500,False,0.10564613691688252,True,0.006108240528597962,1.040939211845398
937984,715.7636327500427,500,False,0.13922073047012481,False,0.0061792113683615995,1.1848340034484863
938112,799.0217640941352,500,False,0.07838757685440532,True,0.0061781855799046105,0.98773193359375
938256,777.9366986935354,500,False,0.08139282631087832,True,0.0061754737460871095,0.9371789693832397
938560,728.9344907172671,500,False,0.10795248533486486,True,0.006171689422518215,1.2839040756225586
938800,743.4944239973298,500,False,0.2020624481546238,True,0.006158801206953895,1.2964941263198853
939168,775.3010185473188,500,False,0.16344081054021617,True,0.006144972302405079,0.8705223798751831
939248,671.5134715762891,500,False,0.329715144971683,True,0.006068786950938161,0.9984750747680664
939296,734.7292300608962,500,False,0.21600996351860682,True,0.006050486486480184,1.0245743989944458
939360,742.4914185863165,500,False,0.1725923393376173,True,0.006044201340388184,1.0331783294677734
940752,754.5649197078445,500,False,0.10662641646397734,False,0.0060406782721597165,1.1971616744995117
940880,832.2469004928521,500,False,0.08772464039722443,True,0.006037809374419451,1.2767444849014282
941936,721.8478591463285,500,False,0.1316631483581044,True,0.0060592618969215525,1.0064311027526855
943680,686.1962882666908,500,False,0.19160400976696287,True,0.006159196377730907,1.0071580410003662
943808,872.4108070678282,500,False,0.034202301523130856,False,0.006016795709903094,1.1941444873809814
944720,697.4946519964786,500,False,0.16249321061161934,True,0.0060168713844045325,1.077695608139038
945856,782.1836335585966,500,False,0.11864906975443669,False,0.005837902490249017,0.9933722019195557
945984,672.8605894175196,500,False,0.1405245532870647,False,0.005788457672967328,1.271112084388733
946112,696.3110380474035,500,False,0.21030264328207773,True,0.005801005507346232,1.074796199798584
946256,692.340406014798,500,False,0.23041855857398597,True,0.005825063815050033,1.1804373264312744
946560,636.1777681061633,500,False,0.24825091469737423,True,0.005821987201282389,0.9675482511520386
946800,752.2647271707211,500,False,0.15794255036405205,True,0.005836522826748599,1.1248893737792969
947168,795.6083137419051,500,False,0.09654269000954033,True,0.005874648619410984,0.9881703853607178
947248,767.4504563295789,500,False,0.15864529863683638,True,0.005885607690362684,1.1510889530181885
947296,793.9326465760533,500,False,0.14966862192331615,True,0.005887555006011,0.9845374822616577
947360,746.5831567103688,500,False,0.14729222546320564,False,0.00589304332934045,0.9120299816131592
948752,632.785682743684,500,False,0.3518581018565241,True,0.005898611043773655,1.0866354703903198
948880,726.488518126184,500,False,0.13761792227551267,True,0.005897453546109237,0.9245406985282898
949936,738.0980145986529,500,False,0.12383468668404767,True,0.005873190363232605,1.0063507556915283
951680,817.1368155776122,500,False,0.07579663110964611,False,0.00576328986617887,1.0974678993225098
951808,696.2643562836442,500,False,0.20052349475784925,True,0.005781868419310019,1.2245280742645264
952720,777.2116346780776,500,False,0.11231773886543632,True,0.005790404640061233,1.0142803192138672
953856,711.5075770657164,500,False,0.13302187878237476,False,0.005930558820673344,0.8394873142242432
953984,782.7380880470969,500,False,0.1038810207010206,True,0.006104295191257575,1.2409615516662598
954112,787.6029719671875,500,False,0.1113520579493069,False,0.006103108083538103,1.078369379043579
954256,762.6830526786416,500,False,0.0721780785784865,True,0.006102673063401595,1.2163267135620117
954560,742.6479145430185,500,False,0.10432641719754561,True,0.006106370401589825,1.0479481220245361
954800,780.1341321523718,500,False,0.12325640869550399,True,0.00607182464150261,0.9412010908126831
955168,639.5676204168582,500,False,0.27895328525014207,True,0.006025758720775507,0.985445499420166
955248,758.6773238417572,500,False,0.0811957971645469,True,0.006025552143764412,1.1084587574005127
955296,729.1086332353472,500,False,0.20040409813229515,True,0.006024143424017741,0.9890385270118713
955360,700.6459830259687,500,False,0.17820641585483812,True,0.006026024429742589,1.0621042251586914
956752,684.6414020973659,500,False,0.25949506052603866,True,0.0060179964008490764,1.265650987625122
956880,692.2878838596027,500,False,0.1981639763582959,True,0.005989020755366952,1.1312155723571777
957936,854.8303103275485,500,False,0.09744915710054916,True,0.0060271720058415945,1.100163459777832
959680,693.4156150268217,500,False,0.18003027481755443,True,0.006197865391573256,1.071297526359558
959808,725.2545502478644,500,False,0.20221917743810605,True,0.006047834697843913,1.0050585269927979
960720,731.1924915715811,500,False,0.10003293464890853,True,0.006050751989007059,1.3771024942398071
961856,732.709674885829,500,False,0.16138256810321747,False,0.005977134479345867,0.9594764709472656
961984,744.3104332402975,500,False,0.28242467687612277,True,0.005966723168611871,0.8809895515441895
962112,720.3800821048208,500,False,0.18317079138356632,True,0.005958539863046319,1.0235631465911865
962256,750.6492517869337,500,False,0.16810475143506834,True,0.005960547415460124,1.0745954513549805
962560,664.8793265816046,500,False,0.33367975332306815,True,0.0059719427185061244,0.8989786505699158
962800,735.9464109930867,500,False,0.09004765925601294,True,0.005996819880027895,1.1677579879760742
963168,711.3163006990126,500,False,0.16152053719358125,True,0.005994085103378573,1.1111106872558594
963248,816.1941847100339,500,False,0.10061126740277893,True,0.0060328375027356735,0.9035688042640686
963296,705.5569539058965,500,False,0.17085557417213623,False,0.006043308641498786,1.1330986022949219
963360,703.5371150504003,500,False,0.21942261151481873,True,0.006037071640966285,0.9763096570968628
964752,655.1378199396389,500,False,0.29285102247922673,False,0.006022923875337351,1.1365077495574951
964880,741.1575266350642,500,False,0.12944986897926625,True,0.005884413524915119,1.0218302011489868
965936,765.7290238325471,500,False,0.0810395674332679,True,0.005890066885749803,2.0870108604431152
967680,813.0627119703987,500,False,0.11130588650721021,True,0.006083077955498861,1.2253612279891968
967808,644.8732574580439,500,False,0.2501475250647251,True,0.0061997973036718775,1.0338101387023926
968720,768.6448952156777,500,False,0.2531236431373413,True,0.006193439664336812,1.150766372680664
969856,745.6280399900102,500,False,0.08329841197779143,True,0.006155972782141383,1.1697616577148438
969984,637.8126134438784,500,False,0.30301936734423224,True,0.0060258160261911185,0.9379277229309082
970112,823.5480899863466,500,False,0.055551484031176566,True,0.0060179806619165485,1.0498299598693848
970256,762.2517908128939,500,False,0.08768800207970812,False,0.006020278751910945,1.0188366174697876
970560,734.6367510764352,500,False,0.12193343009416398,True,0.0060059447651993145,1.0987169742584229
970800,740.1816927522896,500,False,0.1800469483924096,False,0.0058960763048894835,1.113170862197876
971168,776.1220004937231,500,False,0.0415557466348283,False,0.005834210007020698,1.097392201423645
971248,738.5373258509413,500,False,0.13235878529372372,False,0.0058239436181791795,1.1314646005630493
971296,720.307600359596,500,False,0.167044352218087,False,0.0058316418881013115,1.1676386594772339
971360,617.3326701978103,500,False,0.4707212464450356,True,0.0058332231262988015,0.9950857758522034
972752,701.5735925858687,500,False,0.176808994530369,False,0.0058327862569519575,1.2584493160247803
972880,755.5242884763991,500,False,0.08544958282626171,True,0.005824457703145453,1.1069214344024658
973936,728.5883942203006,500,False,0.20478740965461972,True,0.005826117824533515,1.083477258682251
975680,710.9379743304208,500,False,0.20715296834238772,True,0.0059263869028502595,1.2314285039901733
975808,781.3700513031931,500,False,0.11041583774351717,True,0.0058657394499895404,1.2664304971694946
976720,775.7146168691155,500,False,0.06367785270244082,True,0.0058475404131453435,0.9827094674110413
977856,623.4737745943987,500,False,0.36131848567806896,True,0.005903375845883333,1.1550507545471191
977984,785.3016366076329,500,False,0.11803974984345568,True,0.005803817578223048,1.415656566619873
978112,724.9474861811356,500,False,0.2817619099274528,True,0.005836369908127796,1.2014236450195312
978256,702.1447546053299,500,False,0.06417513649130226,True,0.0058581899852916865,0.9758217334747314
978560,663.9832839407075,500,False,0.1748467214152201,False,0.005885878299008052,0.9801397323608398
978800,697.6239533339476,500,False,0.17030772400144273,True,0.005977120136890748,1.1827064752578735
979168,764.8335884496689,500,False,0.06184013758725599,True,0.005946129094043524,1.1411635875701904
979248,739.8266758751789,500,False,0.19553723059192424,False,0.005975298150800844,1.2094340324401855
979296,780.3144214705287,500,False,0.12966877402268498,True,0.005966900069103665,0.977623462677002
979360,673.7746715921094,500,False,0.2639615463282084,True,0.005967314313781429,1.0362632274627686
980752,769.3163003054739,500,False,0.14515274434228248,True,0.005968863211529319,1.1974884271621704
980880,698.0982548895053,500,False,0.18945814141481343,True,0.006043104390266372,1.0120532512664795
981936,780.233611749062,500,False,0.06564281971360611,True,0.006025412456547341,1.0904030799865723
983680,709.7592505853925,500,False,0.0670607721998416,False,0.00603602659746128,1.2844593524932861
983808,680.3840129038306,500,False,0.16549703013329137,True,0.0063177814496961915,1.2200844287872314
984720,723.4687634049928,500,False,0.07346238534700672,True,0.006355298809955111,0.9061108231544495
985856,624.9168775558492,500,False,0.2765036175596079,True,0.006375398049193721,1.0617773532867432
985984,713.1666822264939,500,False,0.10851603021061261,True,0.006327106359110533,1.006505012512207
986112,754.1543545637502,500,False,0.11808718490620211,True,0.006314015264826125,1.2875983715057373
986256,738.1935517141508,500,False,0.2380237994385853,True,0.006293307074605128,1.1463508605957031
986560,767.8783793225748,500,False,0.145994265063366,True,0.00628424584005385,1.3816756010055542
986800,768.8678284779894,500,False,0.1535450273139523,False,0.006244476822714373,1.0787372589111328
987168,822.3699361022062,500,False,0.0856196579729237,False,0.0061936414047690245,1.1180174350738525
987248,786.3284558168239,500,False,0.1351593815784806,False,0.006153612773793193,1.1644259691238403
987296,719.4040092345082,500,False,0.145038155189816,True,0.006146672988808793,1.0390889644622803
987360,731.6339955301754,500,False,0.09970899239421484,False,0.006140314650036614,1.3288073539733887
988752,740.6252752051317,500,False,0.12783521807424686,True,0.006141590306722221,1.1047720909118652
988880,702.4122028970735,500,False,0.28765587378066465,True,0.006185118134773719,1.1356626749038696
989936,722.5207305978814,500,False,0.09926381521117293,True,0.00617937079500211,0.9732256531715393
991680,716.3162311972513,500,False,0.21843089583182815,True,0.006206554988833355,1.2829705476760864
991808,797.6570776248459,500,False,0.05516735635311351,False,0.006082185085184629,1.0871522426605225
992720,760.0084760063012,500,False,0.05436778333190797,False,0.006080661718107521,0.9417154788970947
993856,770.4200070965373,500,False,0.1025959983431932,True,0.006112409862066135,0.9902578592300415
993984,715.6460127992013,500,False,0.1280579206085204,False,0.006097146129392329,0.8772670030593872
994112,736.2852998807214,500,False,0.09162328582399783,True,0.006095458259157665,1.1875042915344238
994256,807.1589415798469,500,False,0.06332858418838411,False,0.006101722362833126,1.058668851852417
994560,729.1669965689808,500,False,0.20067924958332728,True,0.0061091824416109886,1.1967326402664185
994800,767.0207730398707,500,False,0.11007442855097802,True,0.006178783556381566,1.531867265701294
995168,723.796732015954,500,False,0.14525029399738762,False,0.006211989859843061,1.0564086437225342
995248,749.4300001596065,500,False,0.12761246790528327,True,0.006168463224817162,1.1586474180221558
995296,705.8198949265312,500,False,0.1406868404269566,False,0.0061945628813637596,1.1884739398956299
995360,777.6900024480803,500,False,0.16919174184614258,True,0.006206908372092995,1.3133106231689453
996752,755.2661429718775,500,False,0.07872944358013127,False,0.006221043463130107,1.605475902557373
996880,807.7165450359814,500,False,0.12867668880860234,True,0.006359663125223778,0.977654218673706
997936,713.5199729688634,500,False,0.12328426754760156,False,0.006332156858699912,1.0728611946105957
999680,696.0212703640024,500,False,0.24165888181526715,True,0.006256133850322189,1.1270372867584229
999808,797.5062385390218,500,False,0.0860897979053211,False,0.006224021517293158,1.0234375
1000720,760.0093149002894,500,False,0.12270299841161604,True,0.006212157558986104,1.1900992393493652
1001856,745.3531438470319,500,False,0.24034352173840784,True,0.006117347585335554,1.0927252769470215
1001984,774.0086692074141,500,False,0.13913598854804413,False,0.006313320291320499,1.0796823501586914
1002112,752.2130837758052,500,False,0.11145108529429011,True,0.006329292235978736,1.041105031967163
1002256,768.3963885008857,500,False,0.10027357539567706,False,0.006340094585671267,1.2128773927688599
1002560,673.6717298686572,500,False,0.15756618209191064,True,0.006309979863782277,1.1882095336914062
1002800,696.6384583761416,500,False,0.16891509546898675,True,0.006281833719191832,1.0744130611419678
1003168,696.4269099307021,500,False,0.18517432928182706,True,0.006292865658187984,1.183188796043396
1003248,755.4316010552523,500,False,0.1119241253998672,True,0.0062794465782931045,1.052779197692871
1003296,745.7541008733722,500,False,0.16809094044026507,True,0.006270620815228253,1.156538724899292
1003360,732.6392594026446,500,False,0.1281124647985488,True,0.006257439754628566,1.1422629356384277
1004752,761.7510735944261,500,False,0.17514421890331666,True,0.006234003362265725,1.043781042098999
1004880,752.8221572115255,500,False,0.12204999915362887,True,0.006046683416511453,1.2725191116333008
1005936,710.9667067932886,500,False,0.20791863555914322,False,0.006028687006054652,0.9852300882339478
1007680,761.2604131278812,500,False,0.15344220282013765,True,0.005903744782159807,1.094785213470459
1007808,728.4917741936147,500,False,0.0729238690927085,True,0.0061210519798432185,0.9381515979766846
1008720,725.8499648144193,500,False,0.20417135829962843,True,0.00609387611727044,0.971024215221405
1009856,759.9352327918585,500,False,0.1767078410783619,True,0.006141329680850701,1.101904034614563
1009984,706.4153616131289,500,False,0.13263594824135905,True,0.006128610163208481,1.171649694442749
1010112,719.629950105324,500,False,0.15797456475803326,True,0.006138389940719049,1.1122177839279175
1010256,789.1846794312128,500,False,0.07865588840128075,True,0.006156630033023759,1.155173420906067
1010560,741.2360297831575,500,False,0.11249623672700572,True,0.006170691633546745,0.9342353343963623
1010800,784.1754133045566,500,False,0.11177009171359316,True,0.006140042265721786,1.0748295783996582
1011168,780.5978290114,500,False,0.09832599353739518,False,0.006161927067419837,1.0577747821807861
1011248,673.5938846615138,500,False,0.24081476028731608,True,0.006122183833551589,1.060551404953003
1011296,745.3717982215511,500,False,0.054584190730316395,True,0.006112016675922546,1.1078940629959106
1011360,835.6800328916873,500,False,0.043111427870621805,False,0.006100026984853166,0.9908356666564941
1012752,812.5789349604075,500,False,0.06667514150101449,False,0.006078777702487046,1.0724509954452515
1012880,738.8152944017885,500,False,0.12447474515769337,True,0.005835485706676764,1.123298168182373
1013936,744.3461586934684,500,False,0.185193961901601,False,0.005816310642083799,1.310140609741211
1015680,780.7491087211625,500,False,0.0919775174071128,True,0.005785991395080022,1.0872218608856201
1015808,733.5371509012936,500,False,0.12122590459504545,False,0.00569500396904649,0.9754206538200378
1016720,689.6715452827012,500,False,0.21209541674193658,True,0.005715954139250542,1.1155332326889038
1017856,770.0688895703224,500,False,0.15369224617340824,False,0.005592191527025994,1.0787379741668701
1017984,742.206878816235,500,False,0.08648465106064317,True,0.0055303296764647345,0.9051284193992615
1018112,691.7659448944315,500,False,0.22869356844319513,False,0.005529795780917842,1.1147546768188477
1018256,723.1856808119002,500,False,0.08854723558301703,True,0.005530912213499523,0.9192960262298584
1018560,747.8999253561706,500,False,0.07413630690961757,True,0.00551954231508543,1.0717511177062988
1018800,759.8048752469656,500,False,0.15832044563757633,True,0.005455785814638001,1.1716773509979248
1019168,744.7456275748616,500,False,0.18198684597852247,True,0.005374365453418198,0.9438761472702026
1019248,733.9868644244507,500,False,0.1094448609845082,False,0.005344099505040594,1.1196796894073486
1019296,882.8370782716871,500,False,0.059244598053343596,False,0.005342155392567259,0.9926151037216187
1019360,715.2030069036485,500,False,0.1916845547384212,True,0.005355150355396756,1.1346460580825806
1020752,776.2819619386617,500,False,0.07318145988192443,True,0.005364571328225809,1.2342042922973633
1020880,730.3092590166902,500,False,0.22922852217246972,True,0.005396088397187365,1.0164874792099
1021936,709.3984619205326,500,False,0.1510136486834813,True,0.0054067018040429215,0.9466676712036133
1023680,779.3913705722094,500,False,0.08979384748616367,False,0.005485804448652395,1.0205869674682617
1023808,775.9473033188725,500,False,0.0877437778499571,True,0.005374023357292868,0.9992716312408447
1024720,681.9412861061597,500,False,0.15968578140875533,True,0.005416332211930958,0.9895896315574646
1025856,808.4862457076931,500,False,0.04063305791895921,True,0.005239234003252158,1.1047427654266357
1025984,657.1192825853653,500,False,0.21925048671527153,True,0.005192197313300876,1.0746114253997803
1026112,809.2252822576207,500,False,0.08655986923737602,False,0.005213461595315731,1.0145574808120728
1026256,720.8344242454558,500,False,0.1302070985017472,True,0.0052256047525100074,0.9332650899887085
1026560,780.6994110231722,500,False,0.07931765780461951,True,0.005227557569884593,0.9881802797317505
1026800,739.8799915329163,500,False,0.21890345088502688,True,0.00521171803098213,0.9637226462364197
1027168,788.0139058918433,500,False,0.16191742355976999,True,0.00517521949873199,0.9993647336959839
1027248,756.2732575915938,500,False,0.12605499441939175,False,0.005118361690871039,0.937969446182251
1027296,726.3043581925751,500,False,0.22926297546869695,True,0.005114820185644123,0.963342547416687
1027360,715.8154344467089,500,False,0.17883878721150276,True,0.0051110677244778,0.9138175249099731
1028752,677.735169699397,500,False,0.22966641047031053,True,0.005111781785108736,1.0905604362487793
1028880,744.3550118780056,500,False,0.09236000808668918,True,0.005153513620345797,0.9237845540046692
1029936,754.8997165303824,500,False,0.1327627096669661,True,0.005172624455985165,1.0767911672592163
1031680,825.8331527360626,500,False,0.04034278779702588,False,0.005147923670018145,0.8420330286026001
1031808,732.1096737496596,500,False,0.06783657110825296,True,0.00498042378891402,0.9981472492218018
1032720,672.8735680377445,500,False,0.23319457314842007,True,0.004996691694813657,1.0100347995758057
1033856,749.5002625956784,500,False,0.17874833835966816,True,0.005057541775979947,0.9210548400878906
1033984,743.4050214342084,500,False,0.19226423308976964,True,0.005033860083255709,1.093762993812561
1034112,728.4674633383031,500,False,0.1993712377673567,True,0.0050239186612293435,1.0251169204711914
1034256,783.7898598902618,500,False,0.11614828889011035,True,0.0050097069501558265,1.0198060274124146
1034560,753.0335169074567,500,False,0.10247965362115505,True,0.005006227608694475,0.9106614589691162
1034800,636.152803943079,500,False,0.21662013565249624,True,0.005005931429380397,0.933647632598877
1035168,808.8739415395228,500,False,0.10101485715458174,True,0.004974137604621439,0.8325017690658569
1035248,737.049685196448,500,False,0.11086308521305988,True,0.004918053536070407,1.252288818359375
1035296,724.1023202175774,500,False,0.2426490447933756,True,0.004901354001526074,0.9526623487472534
1035360,806.9996837214208,500,False,0.09955668986943321,False,0.0048990177199249516,0.9456628561019897
1036752,757.0639760714664,500,False,0.19083690682975832,True,0.0048937150770524416,1.0292103290557861
1036880,810.527191566912,500,False,0.09815920555037877,True,0.004754684232918738,0.8985899686813354
1037936,755.7123385857274,500,False,0.11737258702897423,True,0.0047737757279754925,1.094651460647583
1039680,763.8472981589551,500,False,0.16471541718257005,True,0.0048182694725616045,0.990432858467102
1039808,771.7232972504535,500,False,0.09076676340439101,True,0.004718832086228061,0.7849118113517761
1040720,746.3843253095563,500,False,0.123051894758427,True,0.0046989784312263,1.0330681800842285
1041856,787.0851906298457,500,False,0.16474048111157558,True,0.004711378512476974,0.9383213520050049
1041984,660.3906804562369,500,False,0.18808946453315328,True,0.004821450463063912,0.9222184419631958
1042112,743.0801542292061,500,False,0.09059412456727979,False,0.004790882792410272,1.2962892055511475
1042256,694.871429379483,500,False,0.20337717714943937,True,0.004753218384207074,0.886878252029419
1042560,751.5227376741726,500,False,0.25214491300033454,True,0.0047346674133078945,0.9089312553405762
1042800,750.6705326876324,500,False,0.10851994927771232,True,0.004713874265911574,1.0532236099243164
1043168,727.6628080807249,500,False,0.15996894297328715,True,0.0046677398950592695,1.1257414817810059
1043248,766.969321622863,500,False,0.18404160498505584,True,0.004626644619423124,1.017081618309021
1043296,721.2394621924351,500,False,0.2121577722482016,False,0.004632737757881504,0.9138511419296265
1043360,685.997157600963,500,False,0.21162496316420293,True,0.004634585606787716,1.0132997035980225
1044752,706.6962899288985,500,False,0.19088045763339553,True,0.004636538869181895,1.1553654670715332
1044880,718.9344164533145,500,False,0.12066253431118766,False,0.004516662563306546,1.0208059549331665
1045936,758.4949197685442,500,False,0.13365034612552823,False,0.0045253980316191135,0.9486868381500244
1047680,722.7761948137278,500,False,0.10734589480604198,False,0.004534147230015292,1.079284429550171
1047808,754.3452913050073,500,False,0.1578843759014635,True,0.0045691656583932636,1.133175015449524
1048720,741.3505139648516,500,False,0.12039445295972212,False,0.004568433191365482,1.169195294380188
1049856,737.0628362133644,500,False,0.08828048450719984,True,0.004546476029368435,0.8798047304153442
1049984,757.2452670665512,500,False,0.13030753028270559,True,0.004466099752155127,0.9034088850021362
1050112,753.3694183483428,500,False,0.16577688007783234,True,0.004457245941594691,1.1963741779327393
1050256,779.4599521623727,500,False,0.08110929612516826,False,0.0044347090671276405,1.1137800216674805
1050560,805.0886777469104,500,False,0.22125629212128653,True,0.004433295937511393,0.9423960447311401
1050800,686.4504544057978,500,False,0.2180214690016715,False,0.0044546616790386104,0.9505678415298462
1051168,690.3679245956753,500,False,0.20846552880632274,True,0.004472530447984122,1.04723060131073
1051248,722.4290772233954,500,False,0.12127420921905188,True,0.004563938461717669,0.9477587938308716
1051296,784.9516357369528,500,False,0.16682133899389903,True,0.004579918248770991,1.067124366760254
1051360,653.3052242075167,500,False,0.22354761160359296,True,0.004596334734636875,1.0754647254943848
1052752,750.9210381250508,500,False,0.08929538621978424,True,0.004621402431294478,1.0092130899429321
1052880,741.6199723058006,500,False,0.1490193669854539,True,0.004717625935614569,0.8749263286590576
1053936,777.8660549874886,500,False,0.11455000118217949,True,0.004698221202979647,0.9878371953964233
1055680,709.0369537756424,500,False,0.17705545037747192,True,0.004717019622707258,0.9134121537208557
1055808,755.1316359025222,500,False,0.16096996370909658,False,0.004726029232512037,0.9652348160743713
1056720,732.6010686989509,500,False,0.2401111663299003,True,0.0047264656423113335,1.1395106315612793
1057856,743.1428090701723,500,False,0.15802834524251164,True,0.004654873462358805,1.0663524866104126
1057984,772.9647194515447,500,False,0.10584800537998725,True,0.0046012498819229695,1.0475189685821533
1058112,715.6423674020663,500,False,0.14326678502571677,True,0.004609239671604338,0.9090268611907959
1058256,661.4808429150933,500,False,0.2723358413140556,True,0.004631373425316089,1.0143970251083374
1058560,704.3010488781471,500,False,0.1274011599599116,True,0.004654820413477601,0.9686127305030823
1058800,703.2086590946765,500,False,0.23228892384616645,True,0.004682678385002858,1.0387766361236572
1059168,758.7583291348933,500,False,0.19194880752451873,False,0.004767842135631701,1.408841848373413
1059248,784.8677019557275,500,False,0.1355335236554572,False,0.004823086649240514,1.0196987390518188
1059296,756.864962206723,500,False,0.08754668177637139,True,0.004834974937422989,0.9442598819732666
1059360,717.4665126064866,500,False,0.10207571748041913,True,0.004843018928809566,0.782507061958313
1060752,718.4108489242908,500,False,0.09767837513636081,True,0.00484185989434426,1.0327244997024536
1060880,730.0781935888708,500,False,0.15071056510722655,True,0.004855472653357479,0.9915263056755066
1061936,722.0813285935667,500,False,0.1556976540210229,True,0.004876595952470676,0.9450836777687073
1063680,772.5140092572382,500,False,0.1436370849729497,True,0.004858775379512926,0.8581013083457947
1063808,694.1413654539637,500,False,0.15362398610996414,True,0.004683978237186425,0.9666813611984253
1064720,780.6680878813174,500,False,0.1508885801657855,True,0.004717879681302603,0.8536950945854187
1065856,712.6366152803912,500,False,0.13313304032588774,True,0.004727816565828354,0.9760096669197083
1065984,779.1277702961306,500,False,0.08423137196055092,True,0.004715912488915579,1.0895406007766724
1066112,756.3265208661467,500,False,0.0734681679123003,True,0.004733888930028439,0.8011804819107056
1066256,735.7805263049626,500,False,0.1338612577175831,True,0.004741277263427953,1.0400906801223755
1066560,707.6534426359557,500,False,0.2614146706995479,True,0.004741578848311311,0.8375734686851501
1066800,776.1944891524099,500,False,0.1496715242076628,True,0.0047081255061151486,0.8242224454879761
1067168,692.5905311818151,500,False,0.17763422836189222,True,0.0047157794605261994,1.0245689153671265
1067248,761.1858559134765,500,False,0.13651344867838136,True,0.004697805476656793,0.9904163479804993
1067296,596.3553660681083,500,False,0.40832941084682983,True,0.004700351897788584,0.9761641025543213
1067360,667.399527299815,500,False,0.26104016084170933,True,0.0047025888843482645,0.936280369758606
1068752,721.7219821267637,500,False,0.10622423583753636,True,0.004701452226402259,0.8576297163963318
1068880,753.1945311108143,500,False,0.15885131346054335,False,0.004671060736053235,0.997144877910614
1069936,695.9262255816906,500,False,0.11798826991412283,True,0.004689915260869248,1.0548145771026611
1071680,792.0236111574391,500,False,0.07572923034749156,True,0.00456542645148669,0.9850238561630249
1071808,792.5941193950861,500,False,0.1273697192075135,True,0.004584814999027432,1.0681177377700806
1072720,731.6726511843721,500,False,0.14184643580720363,False,0.004560591175278659,1.073575496673584
1073856,778.0971623248639,500,False,0.11835646615857022,True,0.004493801892459813,1.0387537479400635
1073984,756.7134088669068,500,False,0.1661719913712543,True,0.004518332379335006,0.782783567905426
1074112,792.6146164074182,500,False,0.16279035020752566,True,0.004511927790231501,0.8142498731613159
1074256,732.148794042183,500,False,0.13119482605406835,False,0.004506416165899033,0.9331326484680176
1074560,836.0332515910036,500,False,0.05922780106509671,True,0.004484858697565876,1.1147456169128418
1074800,658.3879449919528,500,False,0.22918573580090928,True,0.004427391718561649,1.2043695449829102
1075168,784.8280767167332,500,False,0.1600074830170236,True,0.004390628339298707,1.0645582675933838
1075248,737.1329043601942,500,False,0.13071827423916302,True,0.004409265515666521,0.8991848826408386
1075296,812.1923672873701,500,False,0.10020945914108338,False,0.004415061343273033,1.194523811340332
1075360,657.726215673774,500,False,0.17874380627148623,True,0.004420448532969932,1.0813522338867188
1076752,719.0201209692638,500,False,0.13093749949794564,True,0.004434482957177511,1.0664143562316895
1076880,788.7573542982431,500,False,0.18416457142107623,True,0.004622537502948841,0.9729632139205933
1077936,717.4164041748767,500,False,0.1391297432950661,True,0.004629475713340801,1.0155706405639648
1079680,757.6524005043044,500,False,0.11048801787826831,True,0.0046117974401707,0.9633197784423828
1079808,806.3830757736595,500,False,0.1803426594693923,True,0.004289617299712352,0.9106043577194214
1080720,720.9612711711851,500,False,0.12566421772400616,True,0.00431744900196008,0.8091455698013306
1081856,763.3372758610923,500,False,0.0777781789644175,True,0.004466485731812945,0.8848752975463867
1081984,785.2889534969005,500,False,0.13635783604982915,True,0.004493745075239877,0.9026548862457275
1082112,664.9702508430697,500,False,0.20081697090126124,False,0.004515962044157079,1.055729866027832
1082256,742.6806967352222,500,False,0.13900223266203537,True,0.004565290363108586,1.0077873468399048
1082560,721.7549509491739,500,False,0.16702998319118464,False,0.0045870537556435545,0.9690968990325928
1082800,765.6259095028701,500,False,0.08245372960338929,True,0.0045522871077673405,1.01836097240448
1083168,702.054161069894,500,False,0.09423582644160393,True,0.004542829380627812,1.0569761991500854
1083248,711.0059596206262,500,False,0.18236436141114024,True,0.004520470782648854,1.140087604522705
1083296,699.4307348121531,500,False,0.1763919016667046,True,0.0045341702490751855,1.0242048501968384
1083360,649.6833250108161,500,False,0.2436078961487112,True,0.004555216152463877,0.9252621531486511
1084752,810.1666418965355,500,False,0.10691705616694815,True,0.004580636898722316,0.9058022499084473
1084880,737.0022447038813,500,False,0.2049744074600432,True,0.004722776589164339,0.9830061197280884
1085936,751.8996633698407,500,False,0.1648224737675132,True,0.004746108901778119,1.0154659748077393
1087680,683.0459322382868,500,False,0.2635682456877641,True,0.004893777483222947,0.9492648839950562
1087808,676.610359401721,500,False,0.19430970034405598,False,0.004649085775895477,0.9539958238601685
1088720,751.2096587196112,500,False,0.13063441365876918,True,0.0046502170889113036,1.0998656749725342
1089856,802.6341564350307,500,False,0.0752547677096025,True,0.004595002100738802,0.7892673015594482
1089984,814.8411291667423,500,False,0.1434751794787472,True,0.004586695842271182,1.1421452760696411
1090112,717.1264009035332,500,False,0.1216715899161974,True,0.004572461232377928,0.8343565464019775
1090256,665.4968444859875,500,False,0.28149897285862757,True,0.004531645040824701,0.8872154951095581
1090560,712.395604786477,500,False,0.11524843143546928,True,0.0045173327914377615,1.0210862159729004
1090800,736.9529845145564,500,False,0.14066853111888922,True,0.004510168745087301,0.9221222996711731
1091168,763.3799698336077,500,False,0.0779753508037166,True,0.00458893550770022,1.0074350833892822
1091248,770.2104716808508,500,False,0.06695264660500473,True,0.004554693328754273,1.022843599319458
1091296,784.407152293437,500,False,0.1825586532142593,True,0.004557756749366532,0.8395116329193115
1091360,671.99794089969,500,False,0.26403137975434565,True,0.004557682499945514,1.0050938129425049
1092752,791.6846655483693,500,False,0.06922515783356564,True,0.004568406599569724,0.8574594259262085
1092880,667.1212796085099,500,False,0.19122780586274468,True,0.004504851612338142,0.8903219699859619
1093936,731.8904872920177,500,False,0.14768306580044338,True,0.004502152280928928,1.022735595703125
1095680,769.8410500571254,500,False,0.1517017313483134,True,0.004586991753061585,0.956562340259552
1095808,749.138695335923,500,False,0.15165082917501446,True,0.0046089348534318255,0.9252619743347168
1096720,713.0415912788891,500,False,0.16610429920424355,False,0.004622895489319527,0.9813064932823181
1097856,804.0650405474229,500,False,0.11605192265189984,True,0.004824463918824411,0.9762792587280273
1097984,780.478653613325,500,False,0.09527105922831494,True,0.004753185419666424,0.9506475925445557
1098112,587.228624984394,500,False,0.29176851758238276,True,0.004721600682260282,0.9011148810386658
1098256,669.3178115419173,500,False,0.1307827272163529,True,0.004691704478108811,1.0046508312225342
1098560,703.5947377352419,500,False,0.15938731305545062,True,0.004685124620717841,0.885322630405426
1098800,830.4196966304532,500,False,0.12292462119554545,True,0.004659090127445579,0.9885689616203308
1099168,762.1094841184656,500,False,0.10987951873243604,True,0.004699278806825666,1.0546003580093384
1099248,790.6979062558544,500,False,0.06676247726699538,True,0.004714530915835759,0.8841975927352905
1099296,748.0104877290569,500,False,0.12753633617842533,True,0.004730418591767731,1.1668308973312378
1099360,712.0126935034207,500,False,0.20292238437815033,True,0.004753198306021248,0.9516072273254395
1100752,785.445526486236,500,False,0.14465367424707004,True,0.004775410453158208,0.9512852430343628
1100880,743.9300599771425,500,False,0.3058792119853908,True,0.004628203008425993,1.0881450176239014
1101936,749.14219984428,500,False,0.035704028527309625,True,0.004604592091692098,0.9622763395309448
1103680,785.5655510401342,500,False,0.07805225892450661,True,0.004671424624462005,1.1380164623260498
1103808,700.8302448865783,500,False,0.05366555179571995,True,0.004713781906289904,1.0567080974578857
1104720,769.5464326352569,500,False,0.07669403166044154,True,0.00471153728400628,1.1299567222595215
1105856,731.0683126118023,500,False,0.2210570473997853,True,0.004662406432932361,0.8147003054618835
1105984,748.8586234177767,500,False,0.16902640504528038,True,0.004728522914555705,0.9313899278640747
1106112,771.2289687105458,500,False,0.10256120725571281,True,0.00470865772301004,0.8650108575820923
1106256,724.8786397102108,500,False,0.19024019509494525,True,0.004682830938032908,0.8585797548294067
1106560,692.3745982465626,500,False,0.16849168708200205,True,0.004670778970103343,0.8920323252677917
1106800,697.0538625586256,500,False,0.15400312065942895,True,0.00471374216948277,0.9408457279205322
1107168,757.5020077611097,500,False,0.09044886403433934,True,0.004690739598992729,0.8399171829223633
1107248,682.3048614766382,500,False,0.17990125586440928,True,0.004647683900613604,0.9689856767654419
1107296,672.2913669068,500,False,0.22426508475765008,True,0.004657306345900762,1.0284173488616943
1107360,717.9075827453624,500,False,0.25367538349201446,True,0.00465850925211385,0.9589385986328125
1108752,704.1736878708007,500,False,0.16332833753814935,True,0.004652725491666248,0.9983346462249756
1108880,697.433299265967,500,False,0.10755397573912742,True,0.004627167919553361,0.820610761642456
1109936,700.2617550233643,500,False,0.27877322271068095,True,0.004631753360995841,0.8631146550178528
1111680,696.3207645746953,500,False,0.11215975393213112,True,0.0045733248234908225,1.1035418510437012
1111808,687.4962959556873,500,False,0.11921567873076164,True,0.004475211782986411,0.8812422156333923
1112720,671.6474965622839,500,False,0.251374636608271,True,0.004504301078145749,1.0784311294555664
1113856,738.3442389370731,500,False,0.05541341746680033,True,0.004439790334632351,0.9538386464118958
1113984,694.3465410633652,500,False,0.14880877702984685,True,0.0044389536374384525,0.8627750873565674
1114112,748.3160987017815,500,False,0.1579089589607256,True,0.004420198163541824,0.862692654132843
1114256,706.2157895185636,500,False,0.19238534724908948,True,0.004388443354326941,0.9450411796569824
1114560,770.8277320888516,500,False,0.16533617427453315,True,0.004372922842147222,0.9840782880783081
1114800,688.7091157514246,500,False,0.16513953752609983,True,0.0043311838555597035,0.9454644322395325
1115168,713.6121009626908,500,False,0.3051010928042234,True,0.004363162288879309,0.9800431728363037
1115248,716.6325228512302,500,False,0.16928275258322945,True,0.004362041247600238,0.9800913333892822
1115296,826.2310951935527,500,False,0.10141972152548075,False,0.004347639563168709,0.8453670740127563
1115360,752.5731729584677,500,False,0.11943331426053265,True,0.004341274744011652,0.8965380787849426
1116752,727.6804233474103,500,False,0.13039113731834295,True,0.004343998543454495,0.8188691735267639
1116880,663.1719605160874,500,False,0.20965796691502953,True,0.004399304016890736,0.9716375470161438
1117936,741.9575444622343,500,False,0.09538140952962061,False,0.004410628399208819,1.0126688480377197
1119680,691.3274194931939,500,False,0.24114902118891293,True,0.0045100650368203885,1.0305358171463013
1119808,725.8901221627617,500,False,0.1317520395485643,False,0.00441657577119069,1.0355968475341797
1120720,692.9965378352889,500,False,0.20975917484908105,False,0.0044092533480069316,0.8866139650344849
1121856,772.3742283086481,500,False,0.1771503784533866,True,0.004413804857766386,0.8500668406486511
1121984,739.5426756421948,500,False,0.09659819947907386,True,0.004455138778933908,0.932610034942627
1122112,757.8430007550472,500,False,0.13198656563904654,False,0.004435142357126518,0.9764599800109863
1122256,720.7521873925864,500,False,0.23607662881893535,False,0.004428889878129638,1.0630601644515991
1122560,704.4501562140582,500,False,0.1857029038828262,False,0.004434250189488174,0.9717101454734802
1122800,637.9390354781382,500,False,0.29915054289352583,True,0.00447277950232867,0.9497776031494141
1123168,623.2701447107041,500,False,0.26377137001443535,True,0.004476111847218015,0.9646916389465332
1123248,766.5997552167252,500,False,0.1272909626286283,True,0.004490646486486345,1.0435242652893066
1123296,662.137698647813,500,False,0.17254211346711593,True,0.004478517687821558,1.064286470413208
1123360,700.2949204894478,500,False,0.13670127756366943,True,0.0044737544366086545,1.004021167755127
1124752,711.333729611205,500,False,0.12203830565244043,True,0.004469187526150989,1.09145188331604
1124880,807.0540529901482,500,False,0.049867535166613006,False,0.0043869933734500014,0.9494543075561523
1125936,750.884878822079,500,False,0.1073711984977502,True,0.004384819275903354,0.827579915523529
1127680,738.5703720420015,500,False,0.174761769640749,True,0.004375474801406446,0.9024949073791504
1127808,740.5888384710449,500,False,0.16278992600644457,True,0.004292389313158787,0.9391641616821289
1128720,767.0618782887392,500,False,0.14003608936680734,True,0.004274244214053035,1.0112757682800293
1129856,686.9464722218961,500,False,0.14942994954182717,True,0.004290554374328204,0.873961865901947
1129984,677.5754862064265,500,False,0.18893839666969076,False,0.004330142024100291,0.9959154725074768
1130112,779.7849610352822,500,False,0.13493786189660575,True,0.0043121467582328205,0.8679739832878113
1130256,713.7543272350216,500,False,0.2632911963299192,True,0.004299840057315731,0.8700330853462219
1130560,789.8453940001061,500,False,0.13960475740874106,True,0.004295250190831253,0.8135074377059937
1130800,726.6354867071783,500,False,0.1387804465165836,True,0.004253209689246674,0.8936733603477478
1131168,714.9555599547036,500,False,0.14775383460839348,True,0.004252752531942731,0.9239464998245239
1131248,662.1741763630768,500,False,0.2678405315453577,True,0.0042798086722573144,0.9541878700256348
1131296,759.1801983385643,500,False,0.16558283434624033,True,0.004284746407932944,0.959517776966095
1131360,667.0362381910254,500,False,0.24161246393194358,True,0.004288536028020036,0.8909811973571777
1132752,702.4160690046226,500,False,0.20344390465227832,True,0.00431021751891313,1.0831719636917114
1132880,794.9812131112341,500,False,0.18421386393452005,True,0.004372681034951968,0.9151491522789001
1133936,802.9878366759932,500,False,0.08047385299592057,True,0.004386675799973774,0.9233843684196472
1135680,771.4187149971758,500,False,0.20664581273620714,True,0.004407827833974658,1.0068715810775757
1135808,760.7133812097995,500,False,0.13119973731212767,True,0.0043106662509182474,0.8858407139778137
1136720,645.2092195857133,500,False,0.18932582328927583,True,0.0042951286966239665,0.9426550269126892
1137856,751.5465793061853,500,False,0.09963321112053143,True,0.0043136854574994,0.8120235800743103
1137984,713.2819447480616,500,False,0.15321335226939062,True,0.004344011719528082,1.0373520851135254
1138112,680.0452028084793,500,False,0.2203426201011036,True,0.004336967944342988,0.8556371927261353
1138256,748.9170787450829,500,False,0.13172793063495092,False,0.004347716528655997,0.9843235611915588
1138560,710.0479784611049,500,False,0.07377592863498943,False,0.004322181746541057,1.043544054031372
1138800,728.4640185790348,500,False,0.046318161074477726,True,0.0043017674707801585,1.0483360290527344
1139168,759.6862622855565,500,False,0.24384101063466837,True,0.00424884722141913,0.8941192626953125
1139248,813.833920413639,500,False,0.09134325194929839,False,0.004249525800212856,1.1409976482391357
1139296,741.1257058028702,500,False,0.21009741631464587,False,0.004255143683253302,0.8662726879119873
1139360,730.2196107319526,500,False,0.10619935350253884,True,0.004257422252874681,0.9283136129379272
1140752,740.1760237897088,500,False,0.17323089133002526,True,0.004262747319379127,0.8303982019424438
1140880,645.8755067151982,500,False,0.21362060191071217,False,0.004381822574340438,1.0054486989974976
1141936,738.4667573979023,500,False,0.16753052975343172,False,0.004364038747242589,0.8417075872421265
1143680,733.1763776565725,500,False,0.15405029113939894,False,0.004225385591660492,0.9548289775848389
1143808,743.9689756668688,500,False,0.18001537840170562,False,0.004135481267939097,0.9008734822273254
1144720,735.3337545613209,500,False,0.17966584987536494,True,0.004148902468537873,1.0889012813568115
1145856,733.1305568993596,500,False,0.17632364351477586,True,0.004139778653781198,0.9964644908905029
1145984,653.3846923570513,500,False,0.1787481608006872,True,0.004172505581279349,0.9964107275009155
1146112,672.4920575712674,500,False,0.17572737580677777,True,0.0041526157221090584,1.1091526746749878
1146256,705.833542724367,500,False,0.10914976281305007,False,0.004147041032828304,1.068263053894043
1146560,748.1652456372078,500,False,0.12984986136326218,True,0.00412377449563477,0.9626119136810303
1146800,716.428371901429,500,False,0.15773096049774096,True,0.004136204605577354,0.9605674743652344
1147168,674.8291900957511,500,False,0.14518173920941593,True,0.004123701181536684,0.9722447395324707
1147248,723.8302785557582,500,False,0.09038463559042878,True,0.004086518938057929,0.9688713550567627
1147296,695.2617187540177,500,False,0.17443074766817415,True,0.00408732670512933,1.157485008239746
1147360,746.2969485875228,500,False,0.06663876585589405,True,0.004089967558660045,0.8162100911140442
1148752,756.2059112997665,500,False,0.13471038912624292,True,0.0040924177045105915,0.76383376121521
1148880,707.9296116397928,500,False,0.14096507984542217,True,0.004150518614166706,0.8607282638549805
1149936,669.4691925790797,500,False,0.20180470170447093,False,0.004175216793635588,1.0147730112075806
1151680,702.3767266295779,500,False,0.1898582447674888,False,0.00428476798214032,0.924838125705719
1151808,667.5152180327733,500,False,0.19696056707585885,True,0.004451070811630488,1.0403133630752563
1152720,743.5895164853214,500,False,0.11123528943210682,True,0.004468843602657441,0.9672101736068726
1153856,761.4233639819062,500,False,0.13002719569928614,True,0.004399177601518239,0.8608404397964478
1153984,706.962098021033,500,False,0.15765104195564064,True,0.004412029959735088,0.9306572675704956
1154112,704.7234017380982,500,False,0.14598702184324375,False,0.004438555632982811,1.1769530773162842
1154256,739.6015168290678,500,False,0.1852957783050508,False,0.004448608845187974,0.99417644739151
1154560,735.8576238501817,500,False,0.18420769547465177,False,0.004433232148023325,1.174797773361206
1154800,709.6432037837831,500,False,0.18804425337065578,False,0.0044034236568160166,0.8665589094161987
1155168,690.8877323365222,500,False,0.21422715725732203,False,0.004392301138478773,0.9631726145744324
1155248,658.5456871068118,500,False,0.23239708843973664,True,0.004376948129293327,0.9972691535949707
1155296,669.8025513334321,500,False,0.13213263844940298,True,0.00438226983510562,0.8756587505340576
1155360,745.2270376943173,500,False,0.16549514075539176,True,0.004377866228486933,0.7767238020896912
1156752,657.8867385816136,500,False,0.24132820719784245,True,0.004374830522489359,0.8843342065811157
1156880,669.8486212974793,500,False,0.19762993972411183,True,0.00441850199095794,0.9150488376617432
1157936,782.8065138450928,500,False,0.13444109558259393,True,0.004447178201534518,0.8891324996948242
1159680,754.1870277539238,500,False,0.15841031734526806,True,0.004487933797057478,0.9666382074356079
1159808,698.4169144341263,500,False,0.18214035503255313,False,0.004353277922244978,0.922417402267456
1160720,704.7064297878394,500,False,0.15277061932888172,False,0.0043589822071153205,0.9630505442619324
1161856,665.6529235474221,500,False,0.16538238292883997,False,0.004367882518014884,0.8250707387924194
1161984,719.0525661417759,500,False,0.13431215546692465,True,0.004437143553765875,0.9077296853065491
1162112,748.1015985275912,500,False,0.14099578389520975,True,0.004423315851074778,1.0524225234985352
1162256,726.9277983997509,500,False,0.1232237844129257,True,0.004396607106676821,0.889809250831604
1162560,723.989358429674,500,False,0.1317391567069514,True,0.004380348706338037,1.0408177375793457
1162800,749.879416033029,500,False,0.09764012317341743,True,0.004342936287111146,0.9937705993652344
1163168,760.0444306618616,500,False,0.1420644607096245,True,0.004297440617071884,0.9207973480224609
1163248,655.1514122127213,500,False,0.2682856393588337,True,0.004285275519795772,0.9333149194717407
1163296,736.48670426828,500,False,0.1394389621570276,False,0.004284854874545016,1.1088380813598633
1163360,808.1896842343328,500,False,0.08228847751505002,True,0.0042871542011613875,0.8059535026550293
1164752,687.3755452617172,500,False,0.12038273029495851,False,0.004293133167078845,0.9935575723648071
1164880,762.4721789216177,500,False,0.09320540933978894,True,0.00445511975242403,1.003293752670288
1165936,675.8944915360113,500,False,0.260711323282584,True,0.004411745402808585,0.9688279628753662
1167680,848.4866641888499,500,False,0.09920913425939241,True,0.004334915594374176,0.8345440626144409
1167808,693.6305049720635,500,False,0.10638083782296548,True,0.004378164643392433,0.9073284864425659
1168720,765.1978618754802,500,False,0.1032772077464826,True,0.004368021975874909,1.0592031478881836
1169856,755.254155469107,500,False,0.19866186000212938,True,0.004337834337163081,0.9100338220596313
1169984,777.2105150869586,500,False,0.19373546032602795,True,0.004341204324699876,0.922731876373291
1170112,707.8782396521678,500,False,0.22692788062385924,True,0.004361597962673879,1.0306601524353027
1170256,760.4567008400653,500,False,0.05734754637309851,False,0.004366804527273861,0.922094464302063
1170560,731.7763112633162,500,False,0.12862255456805408,True,0.004344323624904084,1.0264778137207031
1170800,759.6823995254573,500,False,0.2123212416655332,True,0.004356840758600444,1.153550386428833
1171168,755.7112463906011,500,False,0.15581043215462406,True,0.0044239347714966635,0.8611451387405396
1171248,738.6313780258226,500,False,0.14872822030393978,True,0.004394314399520866,0.9442175626754761
1171296,712.1634715742874,500,False,0.1535767975165863,False,0.00438981645592137,0.8318764567375183
1171360,812.8781639961469,500,False,0.1170892668836365,True,0.004383820927660291,0.7828879356384277
1172752,752.5039611396179,500,False,0.15377793934009976,True,0.004382512371270815,0.925761342048645
1172880,765.3143886199373,500,False,0.09214774207578706,True,0.004462620252098388,0.9991984367370605
1173936,738.7978938358222,500,False,0.13226334889679783,True,0.004442634662500271,1.1378710269927979
1175680,762.3889439804759,500,False,0.1960045798964981,True,0.004485775596443027,0.9699678421020508
1175808,689.6753446714508,500,False,0.2394976864010669,True,0.004453537117025631,1.0144343376159668
1176720,800.7924405164505,500,False,0.11575853210893362,True,0.004431109754221806,0.8411638736724854
1177856,652.7018830601955,500,False,0.26408593734841773,True,0.004421842035263077,1.0207449197769165
1177984,708.0046550316301,500,False,0.2518027668413908,True,0.004382886372629364,1.0017943382263184
1178112,673.6050541998416,500,False,0.20337655413700434,True,0.0043693491568833325,0.9464268088340759
1178256,708.9090953446325,500,False,0.1756264416534539,True,0.004351640593707515,0.8904025554656982
1178560,713.4797584500042,500,False,0.1677146753001349,True,0.004326909432716214,1.0812369585037231
1178800,741.2849992545439,500,False,0.14242226179959266,True,0.00429589168877199,0.8140655159950256
1179168,715.4002224662468,500,False,0.15098127285289115,False,0.004298778012763973,0.865272581577301
1179248,669.584271334531,500,False,0.13572328037508571,False,0.004257045037820967,1.261763334274292
1179296,746.6098785225573,500,False,0.1926521386953917,True,0.004250295133192675,0.7983452081680298
1179360,706.3917527110129,500,False,0.16423782253470964,True,0.004246542182863295,1.0117580890655518
1180752,695.1705338932683,500,False,0.19004658529448348,True,0.004242092935500163,1.1325016021728516
1180880,726.8597054048663,500,False,0.16870482787499466,False,0.004118548735626011,1.1234320402145386
1181936,748.4618617813179,500,False,0.19725896605273024,False,0.004090994365765705,1.0279698371887207
1183680,701.5111730762133,500,False,0.23607775297959044,True,0.004209705362166861,1.198697566986084
1183808,662.8034512344559,500,False,0.1644169205981948,True,0.004203601898269928,0.963254988193512
1184720,773.9293354493781,500,False,0.08206009692345899,True,0.004227999226679245,1.1879546642303467
1185856,669.3423651849723,500,False,0.1689385676435855,True,0.0042844534622624615,0.9420133829116821
1185984,723.5898543058117,500,False,0.18197732594930732,True,0.004216803727137835,1.0152654647827148
1186112,726.3904494010884,500,False,0.21298064835142483,True,0.004268092724897647,0.9179003834724426
1186256,754.1275762612075,500,False,0.12326697487482502,True,0.0042827532607788935,0.962308406829834
1186560,702.889908691404,500,False,0.1720056592540796,True,0.004276486304092545,0.9094194769859314
1186800,748.9497612817747,500,False,0.34558850069333164,True,0.004281983943389126,0.9439455270767212
1187168,728.6411732946978,500,False,0.14991721380128387,True,0.004254925148741801,0.9752224683761597
1187248,767.43044511662,500,False,0.1283576178319357,True,0.004256268136179896,0.9397596716880798
1187296,739.5425618504023,500,False,0.16384234842460335,True,0.004266185030535049,0.9161292314529419
1187360,759.6972263970571,500,False,0.1886524722135778,True,0.004279534553297622,1.1573095321655273
1188752,574.0097857834837,500,False,0.403020663024857,True,0.004294734062124805,1.03480064868927
1188880,768.5313709418624,500,False,0.06721672041631072,True,0.004195916968167927,0.8416255712509155
1189936,783.8113377360579,500,False,0.1392036887709378,True,0.004212570349545811,0.9746947288513184
1191680,735.4084633594681,500,False,0.20653832951108628,True,0.004235754213932208,1.0345408916473389
1191808,774.4061142283568,500,False,0.12395225677411846,False,0.004191119294418705,0.9852784872055054
1192720,671.6103815135938,500,False,0.20052668483620298,True,0.004198981932749178,0.8754833936691284
1193856,740.6388484392048,500,False,0.1382833865237203,True,0.004289358782310278,0.8562772274017334
1193984,724.3104577736464,500,False,0.1861301718045528,True,0.004353016792422508,1.0919668674468994
1194112,831.8078657248718,500,False,0.08414328504008456,True,0.004391309540402112,0.9928423166275024
1194256,780.845074481499,500,False,0.09041609152102527,True,0.0044030653749893775,0.979239821434021
1194560,735.668374986956,500,False,0.18085163980722385,True,0.004365397547427847,0.9204440116882324
1194800,691.2984720160042,500,False,0.3170413605011907,True,0.004310002123622135,0.9016722440719604
1195168,722.1884409597099,500,False,0.1672485070513677,False,0.004298173322608513,0.9352904558181763
1195248,716.5467229740455,500,False,0.18061052034768396,True,0.004263289757658489,0.8427485227584839
1195296,645.5687233974959,500,False,0.23553763546010473,True,0.004251316541263736,0.9518681764602661
1195360,747.2091579255773,500,False,0.18285317567961107,False,0.004248259978889953,0.8531973361968994
1196752,725.1601993748237,500,False,0.17764591956147005,True,0.00424192840708477,0.9454395174980164
1196880,716.3633198723271,500,False,0.1869420533554994,True,0.004169641681423085,1.0954817533493042
1197936,714.77054314396,500,False,0.17622776232112877,True,0.00416206259569373,0.9442363381385803
1199680,719.9633574099034,500,False,0.17536858611645353,False,0.0042043363862174,0.9959217309951782
1199808,733.4528433175528,500,False,0.11126458609800276,True,0.004356494281439615,1.0039434432983398
1200720,695.472231400162,500,False,0.18660509588896904,True,0.004459064605388206,0.9830006957054138
1201856,650.6551459787028,500,False,0.3127324052390552,True,0.004412748581005069,0.9796808958053589
1201984,715.3378907607744,500,False,0.1421834383307736,True,0.004301136306254977,0.885177731513977
1202112,750.9162125594823,500,False,0.1231266411493292,True,0.004358770669578211,0.9983978867530823
1202256,772.2035891775026,500,False,0.07068166503455142,True,0.004364238100711856,0.9982131719589233
1202560,691.6946021991357,500,False,0.2202880075232385,True,0.004369003678861175,0.9918587803840637
1202800,799.1915473141249,500,False,0.10021113375919186,True,0.0043194862477131495,0.9532260894775391
1203168,742.4173967559537,500,False,0.21949979008986498,True,0.004288106776193542,0.9371679425239563
1203248,682.9230057509708,500,False,0.1917061231804688,True,0.004231400894042021,0.8331300020217896
1203296,766.5403743261405,500,False,0.1618943089722959,True,0.00421660334859446,1.115218997001648
1203360,715.6322489807428,500,False,0.1873252197004595,True,0.004215054212729583,0.9120532870292664
1204752,747.0740228211785,500,False,0.19944373323243608,True,0.00421370289098471,0.926779568195343
1204880,759.4923522434971,500,False,0.1492613706507676,False,0.004237069260771442,0.8330221176147461
1205936,701.8053690538413,500,False,0.26106306832894344,True,0.0042392867375282296,1.0475916862487793
1207680,651.7453709089134,500,False,0.1783936125167593,True,0.004296171431036419,0.9701323509216309
1207808,709.3898767808051,500,False,0.0879814243203815,True,0.0043365335674920985,1.0808441638946533
1208720,729.5677873219796,500,False,0.18626879472412905,True,0.004368464512852154,0.8367955684661865
1209856,749.5341660074637,500,False,0.23306932393252425,True,0.004500699841587371,0.9408125877380371
1209984,763.8702687619663,500,False,0.15928167360078305,False,0.004441720187529656,0.9969759583473206
1210112,756.5493735275015,500,False,0.1318294170956143,True,0.004442658206066544,1.0739688873291016
1210256,691.0523249027974,500,False,0.20560516940518087,True,0.004423074058518655,0.9310333728790283
1210560,689.6911144382797,500,False,0.17557633334502667,True,0.004440677546739008,1.1239116191864014
1210800,720.1655635558197,500,False,0.14868696844864182,True,0.00444400112586146,0.9558852314949036
1211168,702.2211866219241,500,False,0.12360483247175487,False,0.004430331207469534,0.9323223233222961
1211248,826.9119789057672,500,False,0.061964939671849,True,0.0044453535072015524,0.904923141002655
1211296,654.8110282095594,500,False,0.21494884100934292,False,0.00446135273310847,0.9212050437927246
1211360,752.0348735555725,500,False,0.10952485869126835,True,0.004473352246315389,0.9043290615081787
1212752,740.4041133089884,500,False,0.1263326119921221,True,0.004481964440380093,1.0147513151168823
1212880,692.0323692093275,500,False,0.20160353442504073,True,0.004578654662440673,0.9877492189407349
1213936,696.9707113615817,500,False,0.19333160509898917,False,0.0045596496901895885,0.8065518140792847
1215680,672.5651724938092,500,False,0.20176534727734483,True,0.004342942527645506,0.8719865083694458
1215808,718.0695101998543,500,False,0.1791506436826553,True,0.004385234255384662,1.0222930908203125
1216720,751.4646897819265,500,False,0.1852786804171294,True,0.004379827042443304,0.8020183444023132
1217856,727.0411689952914,500,False,0.12503225434162052,False,0.004200977983618638,0.765976071357727
1217984,657.0355817938964,500,False,0.21279731022702872,True,0.004299004173261471,1.0701615810394287
1218112,740.3671680579957,500,False,0.15705056156630637,True,0.00428924914462544,0.7851495742797852
1218256,716.026410787598,500,False,0.10466739460833746,True,0.00426879149131158,0.9364921450614929
1218560,771.1065626707426,500,False,0.10402467881553541,True,0.004258099905437137,1.0398554801940918
1218800,713.2456826556482,500,False,0.16687605655329843,True,0.004228732173497519,1.0776134729385376
1219168,724.700791695053,500,False,0.15278713949847467,True,0.004194281497626582,0.9488429427146912
1219248,711.4618381326322,500,False,0.20451291747074052,True,0.004232698097986216,1.0853745937347412
1219296,777.3822107076196,500,False,0.16211828056605038,True,0.00425860338103148,0.8752247095108032
1219360,730.4993451405223,500,False,0.127143544296113,True,0.004277752986375545,1.0956709384918213
1220752,732.2974942905117,500,False,0.10836674553099084,False,0.004303617817885042,0.8915645480155945
1220880,740.9472187576032,500,False,0.16872179998126252,False,0.004198363063048843,0.9201837778091431
1221936,709.8095995084976,500,False,0.1442106003938847,False,0.004197877015443919,0.8750974535942078
1223680,706.6894473996238,500,False,0.16597937060780765,True,0.0041738038606423,1.0649678707122803
1223808,719.3674932128946,500,False,0.14096885191887315,True,0.004274057673995823,1.0822545289993286
1224720,683.4085204665358,500,False,0.09307068106873206,True,0.004249979021562059,1.0305628776550293
1225856,649.580599749852,500,False,0.2630412835139481,True,0.004173984052766923,0.813670814037323
1225984,727.5276516565916,500,False,0.16332824918041142,True,0.004178556637045884,0.8684105277061462
1226112,740.2181829527028,500,False,0.11956889788840874,True,0.004166455391160923,0.9669666886329651
1226256,711.3748057716684,500,False,0.199766601786307,False,0.004142328769666866,1.0781996250152588
1226560,724.3066725686334,500,False,0.18261760194484258,True,0.004141060434143512,0.937703013420105
1226800,715.7909547798448,500,False,0.20098892513132607,True,0.004220329569501065,0.937278151512146
1227168,683.7198335300141,500,False,0.17253746132271616,True,0.004290862344716282,1.027940273284912
1227248,738.6989580792066,500,False,0.1395009974324358,True,0.004304811893844784,0.9283392429351807
1227296,764.4515364461828,500,False,0.07575649793117804,True,0.004302646951850407,0.9715899229049683
1227360,753.3316450843436,500,False,0.15563804631338987,True,0.004302363161851621,0.9981920719146729
1228752,755.2515313880461,500,False,0.18327596963963827,True,0.004299864269299004,0.8551952838897705
1228880,729.6832868089485,500,False,0.1619318116389624,True,0.004220846183327974,1.077304720878601
1229936,695.3724553490036,500,False,0.11213265048067747,False,0.004196688051261901,0.9029290676116943
1231680,734.9555580568435,500,False,0.13598359150194864,False,0.004252417921753019,0.865774929523468
1231808,743.6779583991129,500,False,0.18412814178442605,True,0.00416300704368333,1.0850048065185547
1232720,756.2652297501065,500,False,0.14951011546996232,False,0.004170548703749435,0.7853717803955078
1233856,712.8823255155793,500,False,0.16366095636455513,True,0.004145087399149572,0.8294029235839844
1233984,726.1522622141193,500,False,0.10137350737477634,True,0.004230039078344335,0.9363449215888977
1234112,722.1798448861724,500,False,0.18764507008422399,True,0.0042258215065203745,1.0875574350357056
1234256,698.4072157079873,500,False,0.1363891287909301,True,0.00422207003702923,1.241076946258545
1234560,700.6467732346532,500,False,0.19071971950063793,True,0.004206809827590537,0.8749213814735413
1234800,746.9078224182232,500,False,0.06658852800666651,False,0.004218073896969574,1.0063300132751465
1235168,747.1538466993119,500,False,0.08648094707017759,True,0.004182293189645858,0.9215754866600037
1235248,727.5877845993732,500,False,0.18828715087096662,True,0.004219846659416683,1.0023030042648315
1235296,765.8670062180942,500,False,0.13431427093060017,False,0.004228713531076255,0.9679924249649048
1235360,669.7498722504284,500,False,0.24723166790730022,True,0.004231680965684824,0.8888682723045349
1236752,816.4805822024298,500,False,0.20001703744926091,True,0.004233894177671604,0.8406371474266052
1236880,705.9923544282406,500,False,0.18808347312889093,True,0.004276552604440659,1.077551245689392
1237936,748.1029844119912,500,False,0.19291159319808857,False,0.004286097674221521,0.9471046924591064
1239680,748.6608398210467,500,False,0.09635704434248543,True,0.004373306761577208,1.1474183797836304
1239808,680.5473988226948,500,False,0.22689196772691783,True,0.004409314364003031,0.9012705683708191
1240720,700.1601103470092,500,False,0.18922236574030307,True,0.004406284236440183,1.095090389251709
1241856,789.6312094738244,500,False,0.07648313036181333,True,0.004336622586463325,0.9553171396255493
1241984,706.7209260970842,500,False,0.17488199734248155,False,0.004449804959194647,1.0286333560943604
1242112,744.7566557204067,500,False,0.12434811208833024,True,0.0044467056668188384,1.002754807472229
1242256,716.1038996024809,500,False,0.14246330852365444,True,0.004430063637163211,0.986068606376648
1242560,712.4537617408836,500,False,0.15829798274128423,True,0.00442978945850803,0.857029914855957
1242800,725.9726195370561,500,False,0.12515184301050306,False,0.004406794558115812,0.8293046355247498
1243168,789.1196296521257,500,False,0.16385352412613036,False,0.00439238109750234,0.9855430722236633
1243248,727.6510177383668,500,False,0.12427069102357964,True,0.004377736807868083,1.0783276557922363
1243296,714.1346161601703,500,False,0.13172969078425537,True,0.004383062172772248,0.8781281113624573
1243360,704.0485940092317,500,False,0.15657064347542354,True,0.004398914721325772,1.0055769681930542
1244752,740.7598833247299,500,False,0.1063001678535313,True,0.004416366821339022,0.8113364577293396
1244880,683.5101789388012,500,False,0.22387320883325096,True,0.004428737872016031,0.7888685464859009
1245936,787.5638861040085,500,False,0.17132986228614683,True,0.004440414204726957,0.9351620674133301
1247680,681.8330812783842,500,False,0.25745111442709506,True,0.004489635783025276,0.868777871131897
1247808,720.9646889829165,500,False,0.1822109655689152,True,0.004339593664075275,1.0091729164123535
1248720,721.9732173231998,500,False,0.15381123421543305,True,0.004335373140140782,1.0824297666549683
1249856,767.3615363888892,500,False,0.09843412477632608,True,0.004196339957955668,0.947097659111023
1249984,708.8309594592466,500,False,0.11005142533698481,True,0.004210056423797041,1.0119296312332153
1250112,663.4962500299049,500,False,0.17735641724886925,True,0.004190309507109714,0.8802340626716614
1250256,684.7799893639603,500,False,0.1950807144887682,True,0.0041799789938682915,0.8872292041778564
1250560,722.362514441606,500,False,0.20532276261294954,True,0.004173257620587346,0.934306263923645
1250800,700.010713329458,500,False,0.1986846857948793,False,0.00421526102947047,0.9584119319915771
1251168,699.6728596515046,500,False,0.14729533312299298,False,0.004295380469691743,1.0279769897460938
1251248,716.2030416027799,500,False,0.20346410399591036,True,0.004324907935380323,0.9647306203842163
1251296,717.8572151727137,500,False,0.10538526106293,True,0.004334505238356652,0.8378972411155701
1251360,687.1238780250962,500,False,0.14898734049298104,False,0.004334951613865824,1.1155906915664673
1252752,687.8945778499774,500,False,0.17564583531474182,False,0.004328096382327582,0.9664171934127808
1252880,728.1311067022035,500,False,0.179489026715303,True,0.004134225427336926,0.8281484842300415
1253936,666.0168171416013,500,False,0.18139875235186723,True,0.004118839922296312,0.9067111015319824
1255680,721.5918352063961,500,False,0.16320496291014558,True,0.0041982350699273354,0.9269840717315674
1255808,722.2066763373306,500,False,0.16933931582845183,True,0.004135464426719518,0.9277157783508301
1256720,777.875164237413,500,False,0.09592906181817037,False,0.00415764372930668,0.9842033386230469
1257856,690.2479825745472,500,False,0.14723172382757155,True,0.004118262606408016,0.9282035827636719
1257984,783.2220609263396,500,False,0.1579334364741823,True,0.0041361434701434165,0.8672232627868652
1258112,739.0292350784457,500,False,0.14365275993964047,True,0.004137608150868519,1.0339734554290771
1258256,699.8559788318825,500,False,0.14815783471920693,True,0.004143980496451699,0.7462425231933594
1258560,723.0980367701252,500,False,0.08431601381713157,False,0.0041431414786926605,1.064314842224121
1258800,826.8652649856786,500,False,0.06233585215258753,False,0.004180474975497095,0.941354513168335
1259168,724.4794372541013,500,False,0.15316349272451432,True,0.004260613484844165,0.9505869150161743
1259248,674.0819177110216,500,False,0.20557937118118244,True,0.004246016257832139,1.0962722301483154
1259296,820.7906985308084,500,False,0.08057608087057218,False,0.004256032049639741,1.081921100616455
1259360,760.6803671089828,500,False,0.0923171345258101,False,0.004265213942995089,1.1059249639511108
1260752,757.5922112717465,500,False,0.1515497921250739,True,0.004276162093642367,0.9421868324279785
1260880,779.0461313599702,500,False,0.1414069086120509,True,0.004235217010106316,0.9508557319641113
1261936,750.112533379623,500,False,0.1384020545733339,True,0.004207137744257165,0.9318138360977173
1263680,691.1255760097087,500,False,0.16786332870901435,True,0.00411513392513922,1.0285871028900146
1263808,689.941060569078,500,False,0.13102601349217485,True,0.004231736570798498,0.9243121147155762
1264720,642.8065670819306,500,False,0.23803136940311725,True,0.004221306637974772,1.0422372817993164
1265856,780.5943377773838,500,False,0.10981388810760039,True,0.004157219586568593,0.91679847240448
1265984,717.9523539657221,500,False,0.21337329493995005,True,0.004163240624078254,0.8443032503128052
1266112,654.6641549638463,500,False,0.20135156824714037,False,0.004140732680496704,1.00074303150177
1266256,744.5187679629048,500,False,0.15802543964766527,False,0.004135745301843461,0.8976961970329285
1266560,759.4634356441671,500,False,0.107280161316354,True,0.0041521281038681785,1.074825644493103
1266800,677.3100486790096,500,False,0.17389746412037405,False,0.004154706008061558,0.9610987901687622
1267168,758.1839652744255,500,False,0.12503626209084442,True,0.004135762954194599,0.9651316404342651
1267248,755.9922522569794,500,False,0.13105693170481214,False,0.004084322506162286,0.8973068594932556
1267296,753.9507376574278,500,False,0.16147139057722706,True,0.004059973838613024,0.9159493446350098
1267360,728.0064817578549,500,False,0.17828402921392952,True,0.004044889530819798,0.8258002996444702
1268752,750.3332469966347,500,False,0.16506528353671232,False,0.0040259431817574205,0.9672622084617615
1268880,738.2191374473316,500,False,0.15849037885009612,True,0.004072452325731236,0.8471725583076477
1269936,761.694998714233,500,False,0.16325172664182258,False,0.004078172990532135,0.8918085098266602
1271680,796.8893297170406,500,False,0.10677717572349363,True,0.004022790446766362,0.9316194653511047
1271808,767.7985137663326,500,False,0.14045625855542784,False,0.004091481905734386,0.9510625004768372
1272720,691.4060128977244,500,False,0.1905421112077439,False,0.004093531988249049,0.9374445676803589
1273856,688.996922285078,500,False,0.17402618392927083,True,0.004142820965501901,0.8356151580810547
1273984,703.6297721584722,500,False,0.14407203949487363,True,0.004203873815093913,0.9763469099998474
1274112,724.140555181314,500,False,0.2765005477437075,True,0.004211881124509084,0.9649046659469604
1274256,708.5259806576757,500,False,0.19321178500878275,True,0.004239643759650462,0.844864010810852
1274560,703.2256345455127,500,False,0.2070372948888032,False,0.004241761140980671,0.8199849128723145
1274800,712.659001937883,500,False,0.18844067419856655,True,0.004191164274689083,1.1328229904174805
1275168,702.553165141838,500,False,0.19158634603015315,True,0.00412769747154073,0.9894808530807495
1275248,679.2039625383798,500,False,0.17697327287308842,True,0.004041869877381413,1.0137882232666016
1275296,807.9161485119324,500,False,0.18015666454285745,True,0.004032223543767473,0.9037384986877441
1275360,799.4848277040089,500,False,0.10595352937813314,True,0.004033215217326163,0.9959349036216736
1276752,805.8463816411054,500,False,0.08211311005923193,True,0.004038263231407919,0.8621466755867004
1276880,699.8732269588205,500,False,0.18172297891223432,False,0.003992885665895404,0.9157247543334961
1277936,694.3492036574031,500,False,0.1674687073788592,False,0.004019699821334881,0.9582690000534058
1279680,775.9475260702073,500,False,0.13227350546733138,True,0.0040308208827844255,0.9103888273239136
1279808,726.018051802544,500,False,0.13092677256058663,False,0.004102570438627263,1.1048153638839722
1280720,671.2602576717304,500,False,0.14235966569291242,False,0.004126846950675868,0.8636168241500854
1281856,739.6786219255929,500,False,0.18933965671593134,False,0.004086107317433915,0.8831464648246765
1281984,573.1609221948048,500,False,0.3236993597790048,True,0.004113236627892113,0.8571258783340454
1282112,679.7097416307332,500,False,0.1740488454162194,True,0.00415144181946364,0.963314414024353
1282256,689.3736567093772,500,False,0.17894190856741163,True,0.004145418377029697,0.9345546960830688
1282560,722.2933538566681,500,False,0.1729379986014202,True,0.004131661370669493,0.862779974937439
1282800,750.331499755617,500,False,0.13333803284286197,True,0.004157891440287608,0.7815585136413574
1283168,783.2408382107666,500,False,0.05744530895684603,False,0.004140598286412213,0.86918705701828
1283248,748.4457046975971,500,False,0.19994797995880043,True,0.004152766972845152,0.8284687995910645
1283296,679.7445107184379,500,False,0.14603991685741868,False,0.0041612458989284595,0.9691696166992188
1283360,707.4093260621257,500,False,0.10782568954292451,True,0.0041654685693313775,0.829155445098877
1284752,666.0508802906181,500,False,0.16578978993962354,True,0.004164669576391877,0.9180426597595215
1284880,680.443774047194,500,False,0.19024324604205678,True,0.004092115198179632,0.8142949342727661
1285936,740.7651154269372,500,False,0.16996960679359296,False,0.00409142876220531,0.9076311588287354
1287680,709.1876781644456,500,False,0.16997082646951084,True,0.003926053517122123,1.0316523313522339
1287808,715.6406158446122,500,False,0.17248229574755197,False,0.004001460598555585,1.108866572380066
1288720,716.6826999827309,500,False,0.21281952675735505,False,0.00400044964523082,1.0028653144836426
1289856,753.1424398900809,500,False,0.12671904187184885,True,0.004034438305000935,1.0536139011383057
1289984,774.7774179190656,500,False,0.18101961624078822,True,0.003984132264743257,1.0759544372558594
1290112,726.7076584079653,500,False,0.18143325613853595,False,0.00397689662202202,1.0828357934951782
1290256,732.4060440738572,500,False,0.09273556940247728,False,0.003966699267847139,1.0063329935073853
1290560,702.6791865977156,500,False,0.11323810768266668,True,0.003962659236965797,0.9774166941642761
1290800,800.9730829268318,500,False,0.10659897997617625,True,0.0039852481211433855,0.8853061199188232
1291168,796.7041821388698,500,False,0.06720637828720476,True,0.0040132194251436245,0.9526559114456177
1291248,741.367642856505,500,False,0.1222712971211851,True,0.00409301177380061,0.8709878325462341
1291296,702.7250233870219,500,False,0.04773912351319224,False,0.004110365028076441,0.823641836643219
1291360,761.5125554342989,500,False,0.14500338845868074,False,0.004130026689419976,0.9764447808265686
1292752,781.5564884612256,500,False,0.11488340712183276,True,0.004146336307149264,0.8105177283287048
1292880,790.5879262800106,500,False,0.07343485577134669,True,0.004174556195955663,0.9503844380378723
1293936,720.8842308543784,500,False,0.12561473633674924,True,0.0041720566068327155,1.0438531637191772
1295680,643.9129167536112,500,False,0.1789764557967714,True,0.0041290404091496305,0.8738338947296143
1295808,700.1245329037464,500,False,0.16714177295829652,True,0.004073904317603303,0.9137391448020935
1296720,737.0517125228918,500,False,0.18490987970381795,True,0.004083767225437907,0.9667679071426392
1297856,724.7736129157514,500,False,0.1715425165173923,True,0.004095820653037175,0.9224615693092346
1297984,743.0189379803276,500,False,0.16192133745102041,True,0.004142037332689551,0.7705244421958923
1298112,754.7626654440529,500,False,0.0992923338714769,True,0.004146974681433239,1.0502415895462036
1298256,748.709304342015,500,False,0.10545001706209296,True,0.004149103473166597,1.2203220129013062
1298560,744.0673010271744,500,False,0.1514181292749866,True,0.004168596003305386,0.9986815452575684
1298800,760.8255558558322,500,False,0.13564891407716562,True,0.004218848661203374,0.9843221306800842
1299168,747.5529456900015,500,False,0.16570723033142654,True,0.004286424216498153,0.9032683968544006
1299248,760.2838354694288,500,False,0.02066606407098363,True,0.004341635744102461,0.7882658839225769
1299296,755.6296940392439,500,False,0.16551784341673173,True,0.004314279087214203,0.8610482811927795
1299360,726.6635933661707,500,False,0.21767104182973332,False,0.004300187027510131,0.871078372001648
1300752,746.8148267978778,500,False,0.1582841045037748,True,0.004188606968424571,0.975887656211853
1300880,727.8459002609436,500,False,0.16571888511471256,True,0.004081724796940487,0.9591650366783142
1301936,728.8042514141309,500,False,0.1557726531806386,True,0.004070137882712077,0.938139021396637
1303680,766.0271345676852,500,False,0.1718403815015666,True,0.004107571383664302,0.8430966138839722
1303808,753.4623885448628,500,False,0.10498089000088734,False,0.004302320604931374,0.8543761968612671
1304720,741.9072452627329,500,False,0.19476896473749408,False,0.004306910057047721,1.1643798351287842
1305856,755.7935701056697,500,False,0.1209340403192326,True,0.004341708218426841,0.8203468918800354
1305984,731.119901779232,500,False,0.16374989097231926,True,0.004366766405201453,0.8752644062042236
1306112,761.4311070408024,500,False,0.14520055053699898,False,0.004352884215742027,0.8135402798652649
1306256,728.7830242463505,500,False,0.24668179790553488,True,0.004341115854717209,0.9236254692077637
1306560,787.8046947762439,500,False,0.09450928953283563,False,0.004320101130808933,0.9274260401725769
1306800,735.8357506480082,500,False,0.09560488364897235,False,0.004325559775927739,0.9641876220703125
1307168,750.0925787526544,500,False,0.18744959827605248,True,0.00432888321971121,0.8842209577560425
1307248,744.5492690458497,500,False,0.2512648756599737,False,0.0042649649115207924,0.8624969720840454
1307296,762.2531514468773,500,False,0.10969864420524941,False,0.00425556013771828,0.8752310276031494
1307360,758.0582240779463,500,False,0.13167782526759575,True,0.004242885907004147,1.0242109298706055
1308752,681.7065732517879,500,False,0.2264438136608195,True,0.004229650520036403,0.7287859916687012
1308880,708.8243690550089,500,False,0.2565452914505419,False,0.004260034436847648,1.0569539070129395
1309936,771.8022645390745,500,False,0.11115501395094732,True,0.004242704514452522,0.9158148169517517
1311680,717.8934104187415,500,False,0.1754476120459878,True,0.004238395795283118,0.8744022846221924
1311808,611.4721181244122,500,False,0.3574593147142519,True,0.00420326767731757,0.8364181518554688
1312720,746.2670562396514,500,False,0.14567698154370673,False,0.004224424950654644,0.9622312784194946
1313856,752.2444807708445,500,False,0.1399297202421098,True,0.004192994270306192,1.012441873550415
1313984,715.7665970977969,500,False,0.27926528402720124,True,0.0041372994085879106,0.9596628546714783
1314112,794.4030291178854,500,False,0.12139549891454628,True,0.004164694322245965,0.8715205788612366
1314256,751.2044047410909,500,False,0.17163256404884208,True,0.0041701976676679214,0.8766858577728271
1314560,785.8478933307402,500,False,0.1271344110702808,False,0.004188596507910974,0.9055694341659546
1314800,722.7863364955937,500,False,0.14175232692256629,True,0.004251703179257453,0.9862018823623657
1315168,687.8282265838618,500,False,0.18239987069359423,True,0.0042527233767108655,0.9584112167358398
1315248,716.4459841727532,500,False,0.13583712993218508,True,0.004272416953381262,0.8567279577255249
1315296,702.9182564038218,500,False,0.17918253114223198,True,0.004290599170339803,0.9248121976852417
1315360,802.3290651196036,500,False,0.07773376357829989,False,0.004299612357669813,0.9985040426254272
1316752,769.4651191572929,500,False,0.1600052397787731,False,0.004302806644966723,1.142295479774475
1316880,706.9357460795338,500,False,0.12568453972378008,True,0.004418962407392976,0.9068218469619751
1317936,729.8104343036632,500,False,0.07856026246630526,True,0.004421569913424193,0.8767046928405762
1319680,776.8939519006474,500,False,0.13330053355177623,True,0.0043358876264451675,0.9552145004272461
1319808,750.3011613386843,500,False,0.16646838773145933,True,0.0042020809498113905,0.9241012334823608
1320720,721.6984600962293,500,False,0.3337879979897536,True,0.004211204668121764,1.0307106971740723
1321856,774.3729619303806,500,False,0.13509689313522802,True,0.004191419859795837,0.8142743706703186
1321984,829.0093052376077,500,False,0.1009292221572787,True,0.004299711791049304,0.999936580657959
1322112,770.2248000801181,500,False,0.18764422661976082,True,0.0043209756892625415,0.9535737037658691
1322256,793.9006823539563,500,False,0.12418425645101357,False,0.004325910767677095,0.9800601601600647
1322560,728.4234838523544,500,False,0.18274069771490317,False,0.004306781389099499,0.878790557384491
1322800,732.7578965651533,500,False,0.14596811093692114,True,0.0042981223243512175,0.8657159805297852
1323168,761.6432046574137,500,False,0.16512957980640075,True,0.004301371104228137,0.9810609817504883
1323248,723.1747173009582,500,False,0.15881557982645444,True,0.004277179768777973,0.7369388341903687
1323296,760.1722309377942,500,False,0.1339754993958772,True,0.0042782110372118695,0.8065354824066162
1323360,723.024631672677,500,False,0.16490273297352065,False,0.004275677438645794,0.9663432836532593
1324752,801.0715857687906,500,False,0.16124025702821226,True,0.004280938389989257,1.0443869829177856
1324880,642.3056214077376,500,False,0.25071443498032475,True,0.004265433643459111,0.8755666017532349
1325936,764.4902392330599,500,False,0.09229608961612289,True,0.004279000986606296,0.9328793883323669
1327680,688.5712819767933,500,False,0.17046812798021269,False,0.004278496814721634,0.9354726076126099
1327808,771.0434001788531,500,False,0.15197176635991744,False,0.004250027885906867,0.9068987965583801
1328720,654.2903371467047,500,False,0.19174697556615716,True,0.00425860629256434,0.8305637836456299
1329856,792.3663168294362,500,False,0.17029317775998046,True,0.00421606680749175,0.8915979862213135
1329984,686.2017604319198,500,False,0.26457197631885976,True,0.004279698498102677,0.9322497248649597
1330112,761.9660985678624,500,False,0.09382746747621792,True,0.0042853254958737565,0.857588529586792
1330256,745.1438285338941,500,False,0.19510315725049768,True,0.004281819462617063,0.9739830493927002
1330560,696.5797937363006,500,False,0.21664741392741158,True,0.004282692823654296,0.9374274611473083
1330800,763.5668312281011,500,False,0.061265453277805436,True,0.004330113516235781,0.8822454214096069
1331168,729.1197873297616,500,False,0.15758245880483868,True,0.0043130024154542645,0.9950112700462341
1331248,839.5626337273507,500,False,0.07348875412350354,False,0.004252835784001185,0.9246512055397034
1331296,723.0861046341229,500,False,0.0822305343160504,True,0.004252133476863676,1.0043226480484009
1331360,736.833571238293,500,False,0.17998847097241996,True,0.00425393691964341,0.9641484022140503
1332752,802.0059939774958,500,False,0.14642382777569607,False,0.004257385126040051,0.8783266544342041
1332880,743.5918783822731,500,False,0.08681517299275676,False,0.004223459061772882,0.8714101314544678
1333936,730.3370306984799,500,False,0.12610570185358824,True,0.004212160798637461,0.8161182999610901
1335680,663.0405458242784,500,False,0.3175903997284833,True,0.004313862390119615,0.9758712649345398
1335808,806.9683058094038,500,False,0.09408032062064584,True,0.004198771453878351,1.0871400833129883
1336720,746.5220389076813,500,False,0.18332296551654026,True,0.004187039096952993,0.7287186980247498
1337856,748.9620752771144,500,False,0.20961314411691034,True,0.004112259681445781,0.9961297512054443
1337984,669.1369398996195,500,False,0.27882262780825134,True,0.004055921048232221,0.9914078712463379
1338112,680.8722442621688,500,False,0.23088659940510908,False,0.00406248714758994,0.8410434722900391
1338256,700.7236138594743,500,False,0.23499038255123553,True,0.004066222873009537,0.8649120330810547
1338560,718.9421263184246,500,False,0.22695968458259927,True,0.004071885067598026,0.7888980507850647
1338800,793.2054356692202,500,False,0.11970231133697604,True,0.0040694303943369856,0.9339380264282227
1339168,686.2159752876821,500,False,0.19727106500763658,True,0.003990134935617183,0.9119904041290283
1339248,701.8865378102873,500,False,0.18673086683791074,True,0.003889472529512719,0.8054119348526001
1339296,742.6521682877586,500,False,0.19567673349214393,False,0.0038653072518610014,0.9457864761352539
1339360,722.2686026401688,500,False,0.2016552597149644,True,0.0038531222337834206,0.9176281690597534
1340752,734.7445633812093,500,False,0.18990795271673097,True,0.003842855926466297,0.7851811051368713
1340880,673.3069683525847,500,False,0.213069897677562,True,0.0038504202215129016,0.8416614532470703
1341936,658.4889043082936,500,False,0.22688381104048783,True,0.003849981528010296,0.7969282865524292
1343680,726.0675064830167,500,False,0.15354070579226498,True,0.0039131989531478156,0.938291072845459
1343808,676.1009817284668,500,False,0.16636652802664606,True,0.004038828550022097,0.8216007947921753
1344720,742.9889389475651,500,False,0.18787608764938463,True,0.004012407996769723,0.8729084134101868
1345856,747.326710425342,500,False,0.12918804639149484,True,0.003940743110625475,1.102352261543274
1345984,672.6047179530544,500,False,0.1509862329592615,True,0.0040405305045586965,0.7922459244728088
1346112,686.8048087847524,500,False,0.21582197200546696,True,0.004021880277425553,0.9453996419906616
1346256,830.7676998701145,500,False,0.10916907007265167,True,0.003998334528155659,1.054959774017334
1346560,652.6380315779725,500,False,0.1558111073107693,True,0.003983320876167396,0.9358935952186584
1346800,763.6603878551318,500,False,0.08880752211933321,True,0.003934777747797273,0.8742420673370361
1347168,703.9189949711504,500,False,0.16097423659310334,False,0.0039452679505141575,0.8540140390396118
1347248,698.8308532173214,500,False,0.21075020250324794,False,0.003956116967440809,0.811410129070282
1347296,741.5731062678864,500,False,0.18789456400764562,True,0.003969480073679709,0.8713140487670898
1347360,638.5568862937869,500,False,0.2780169408823898,True,0.0039882056531741795,0.8368277549743652
1348752,685.3349717575022,500,False,0.2614088297169514,True,0.004015279182115204,0.8664843440055847
1348880,764.9865117114002,500,False,0.1241551382659184,True,0.004112595227719764,0.9243271350860596
1349936,820.680085836766,500,False,0.14548130908809703,True,0.004096498104430952,0.9212445616722107
1351680,680.6224513253989,500,False,0.2641450460648053,True,0.004016153002657455,0.8613529801368713
1351808,705.0841567433582,500,False,0.15232840571166825,False,0.004100251339631268,0.8216791152954102
1352720,676.6888591668369,500,False,0.19106672743019465,True,0.004096796860940514,0.8934762477874756
1353856,677.0007734155605,500,False,0.20112574580999848,True,0.004082454785595172,0.9200127124786377
1353984,729.6787381947825,500,False,0.14239604091465233,True,0.0040815725374182535,0.918773353099823
1354112,708.3613488714684,500,False,0.19720816726886453,True,0.004102476842566261,0.9295464754104614
1354256,725.7658077747519,500,False,0.15347453207448503,False,0.004107247547649367,0.926565408706665
1354560,687.9526594590421,500,False,0.2436127891284983,True,0.004124625473844292,0.8766288757324219
1354800,694.8809236955069,500,False,0.15857509870347564,True,0.004214426812284154,0.869467556476593
1355168,775.0623107372439,500,False,0.08669290656384647,True,0.004226299538968253,0.7923296689987183
1355248,812.3622543903435,500,False,0.09667109567935561,False,0.004210158664954434,1.2088556289672852
1355296,715.7285928905982,500,False,0.16528726822778664,True,0.0042050728393957905,0.8272655010223389
1355360,741.4673162023279,500,False,0.14817747467206902,True,0.0042033590129958165,0.783282995223999
1356752,675.8670939776298,500,False,0.14355229493582258,True,0.004203562307321126,0.8236913681030273
1356880,698.4553593445647,500,False,0.14187021871578515,True,0.004195286250117965,0.9162578582763672
1357936,749.003895669556,500,False,0.1882466026166331,True,0.00420014840504679,0.8929146528244019
1359680,739.71979899893,500,False,0.17905743793516446,False,0.004034207149246809,0.8357139229774475
1359808,741.9349490528255,500,False,0.1788815551802079,True,0.004077457708197968,0.7862356305122375
1360720,726.9661280055315,500,False,0.1568636006580847,False,0.004106887686159327,0.9867541193962097
1361856,664.9582666742209,500,False,0.28634967075170265,True,0.0040847434706811426,0.7618100643157959
1361984,744.5688045530388,500,False,0.15593786210756494,True,0.0040117843895483745,0.7551319599151611
1362112,702.8532058706554,500,False,0.24493615390631698,True,0.0039867468930111635,1.3487776517868042
1362256,773.2062960196703,500,False,0.16742906024449727,False,0.003976804429172379,0.7131965756416321
1362560,717.4585399149997,500,False,0.136143857549974,True,0.003988154715590419,0.7736234664916992
1362800,724.9641155962194,500,False,0.19034336998145476,False,0.0039485303484912485,0.915629506111145
1363168,718.0556469889323,500,False,0.15594883365821177,True,0.0039702623415544544,0.921586275100708
1363248,761.2359792008458,500,False,0.11438577660899178,True,0.00392107527694555,0.9646375775337219
1363296,739.9172595586554,500,False,0.1480107297642396,False,0.003927961439312362,0.8123593926429749
1363360,724.9578066081715,500,False,0.1416079761914571,False,0.003943092259796984,0.8499777317047119
1364752,724.7530955537261,500,False,0.1012918407393791,True,0.003948888358273432,0.9124350547790527
1364880,733.2051714747723,500,False,0.10011697309235962,True,0.00395331760644812,0.8543949723243713
1365936,761.0208432272696,500,False,0.13576345063436335,False,0.0039492180552171295,0.8368004560470581
1367680,676.4275325680621,500,False,0.24420173781547322,True,0.003967223368815531,0.9546685814857483
1367808,857.1296973703458,500,False,0.030377253213375307,True,0.004129816398537846,0.8094081878662109
1368720,790.0241186832991,500,False,0.12397289940478576,True,0.004127108793307642,0.8956865072250366
1369856,779.9687530451221,500,False,0.0702146493520115,False,0.004121796871180106,0.877625048160553
1369984,710.5017277748497,500,False,0.1306739729976449,True,0.004152487888122936,0.8734597563743591
1370112,735.9778677047317,500,False,0.13677837255704967,False,0.004124918527813741,0.8787804245948792
1370256,753.2948695557765,500,False,0.12419357080027037,False,0.004088901723454134,0.841478705406189
1370560,751.0601495401406,500,False,0.13230467320738948,False,0.004068364223428106,0.8676213622093201
1370800,779.2126155508762,500,False,0.14204318399069799,True,0.0040717427714574185,0.9263237714767456
1371168,736.7682375815667,500,False,0.1828565154975359,True,0.0040684363693205584,0.955238938331604
1371248,699.2973929492553,500,False,0.21186039418131755,True,0.004065499598216803,1.0203347206115723
1371296,740.2256399582955,500,False,0.17704163470261577,True,0.004068366889411893,0.9795387387275696
1371360,755.1653232531798,500,False,0.21400934501636432,True,0.0040658822491639645,1.0156595706939697
1372752,745.7074220915033,500,False,0.1938590317074089,True,0.004060910461744794,0.988710880279541
1372880,742.591319945732,500,False,0.16080794341723295,True,0.003956917207933566,0.8822733163833618
1373936,727.6391322703084,500,False,0.09660043534419392,True,0.003973432735167429,0.8125764727592468
1375680,661.3299155296972,500,False,0.1945332992048879,False,0.004006426905117085,0.8992905020713806
1375808,737.5716037822446,500,False,0.08099614912529908,True,0.003939491764795047,0.9682127237319946
1376720,682.6291757333191,500,False,0.23832934165237582,True,0.00395911933023899,0.9350121021270752
1377856,747.9887524164856,500,False,0.16957428013912296,True,0.004017682706205236,0.8420996069908142
1377984,772.0885143938469,500,False,0.06716708022505928,False,0.003981798575847074,0.9429816007614136
1378112,712.4702103762378,500,False,0.1938538676892134,True,0.003994539530499358,0.9740455746650696
1378256,723.5720104748452,500,False,0.19930770809782541,True,0.003985869051309875,1.0165237188339233
1378560,660.0086471038843,500,False,0.17120533417028527,True,0.003985540615475113,0.9058874845504761
1378800,700.9484074831831,500,False,0.0802108081310322,True,0.004009876747129261,0.9311853647232056
1379168,795.1464065912847,500,False,0.06209145718445425,True,0.004031500645261962,0.8369792699813843
1379248,760.7897184792575,500,False,0.1378581450876514,True,0.004050781228689269,0.8796505331993103
1379296,726.5228588554547,500,False,0.1631194385302319,False,0.004049606605935716,1.1845389604568481
1379360,750.9545244644748,500,False,0.11847000849489508,False,0.0040468354225032385,0.9613784551620483
1380752,764.0871094456335,500,False,0.1794264903299523,True,0.0040431805857018225,0.7776678800582886
1380880,750.2622229423037,500,False,0.03509622990536182,True,0.004088111365946739,0.9877493381500244
1381936,781.7970567697715,500,False,0.16700634443293239,True,0.0040625786257198334,0.8551943898200989
1383680,773.5922666804438,500,False,0.07545305826543731,True,0.00402115226224842,1.028316617012024
1383808,828.0781441559961,500,False,0.09228097323453727,True,0.004108725019796766,0.8890011310577393
1384720,746.8151490694356,500,False,0.1990167960897767,True,0.004101978730320315,0.7763089537620544
1385856,777.0196734818732,500,False,0.1233083723992939,True,0.0040384035485598055,0.795873761177063
1385984,702.4482249679825,500,False,0.2570279389528554,True,0.004045794654052463,1.0190492868423462
1386112,794.9383911564953,500,False,0.05996918965685986,True,0.004017983137231108,0.9220291376113892
1386256,808.0931405236029,500,False,0.12181402234296788,True,0.003999493341924148,0.9350419640541077
1386560,755.1525390700492,500,False,0.23710653080583016,True,0.0039948554798631365,0.8463302254676819
1386800,638.2194809343407,500,False,0.1963108355823552,True,0.003969021194712357,0.7408841848373413
1387168,665.4783507615285,500,False,0.1416474773955185,True,0.003931665022963746,0.8946380615234375
1387248,778.6498831710089,500,False,0.15714256657462605,True,0.003916917693581911,0.8951867818832397
1387296,746.2368701879343,500,False,0.12634995315294872,True,0.003914280421144201,0.8328568339347839
1387360,740.9704145219187,500,False,0.11900548043930624,True,0.003909781993863357,0.9009124636650085
1388752,653.9668689621296,500,False,0.299117002212555,True,0.003893569732277922,0.965214729309082
1388880,816.933948047224,500,False,0.0302692791226874,False,0.003888923123221124,0.816434919834137
1389936,731.0180845497548,500,False,0.18729647254335585,False,0.003923200961341958,0.8639667630195618
1391680,750.032249032784,500,False,0.053538222322439134,True,0.003988761728962155,0.8624893426895142
1391808,765.3525901996518,500,False,0.2313610835048335,True,0.0039356385663629175,0.8684918880462646
1392720,789.1979705993479,500,False,0.09458255155935215,True,0.003925618825906128,0.8749539256095886
1393856,782.842932266474,500,False,0.11961553834872532,True,0.0037615736813691957,0.8987500667572021
1393984,742.0119616956903,500,False,0.13695057677835756,True,0.0037780543870182346,0.7704230546951294
1394112,750.5519067686273,500,False,0.14831449062077098,False,0.0037633523360367945,0.9611251354217529
1394256,754.3431676512645,500,False,0.12867665118590638,False,0.0037623219200394646,0.831740140914917
1394560,812.8208791720253,500,False,0.08768596975733162,True,0.003743882228388135,0.9417746663093567
1394800,735.2600905633749,500,False,0.105540657546376,True,0.0037410769010563097,0.8933879733085632
1395168,750.8554420830133,500,False,0.1037145502629133,True,0.0037788117120150858,0.8562005758285522
1395248,805.4700359712567,500,False,0.029249801395007498,True,0.003828536173955251,0.810553252696991
1395296,687.7100584246992,500,False,0.11916094864097694,True,0.0038261879956665566,0.7651448249816895
1395360,716.1517864250186,500,False,0.08048744148453123,True,0.0038210086587839075,0.9236063361167908
1396752,768.5989725092439,500,False,0.1130626098929743,True,0.003819983602676097,0.7460585236549377
1396880,829.7489493436809,500,False,0.06698939803367548,True,0.003926850331114271,0.8721861839294434
1397936,771.8851553661964,500,False,0.05333904408865282,True,0.003941833435371403,0.8369185328483582
1399680,733.0256358611897,500,False,0.13879928755530857,False,0.003996115389632719,0.8030929565429688
1399808,691.8861511436601,500,False,0.22240128586946847,True,0.003910991472033528,0.8370742797851562
1400720,702.3131594053716,500,False,0.12703918181093396,True,0.0038815326551077936,0.8385149240493774
1401856,794.6074719188007,500,False,0.025331404002786616,True,0.003767158197945312,0.9039776921272278
1401984,758.2069528206007,500,False,0.14823171223417764,True,0.003760623950079344,0.9002048373222351
1402112,759.6637960168321,500,False,0.15020785747731347,False,0.003781942275433796,0.9900175333023071
1402256,708.1391017179856,500,False,0.2708633323364218,True,0.003787986919453144,0.825613260269165
1402560,736.5808469386377,500,False,0.17223446016957877,True,0.003801950338177419,0.7552976012229919
1402800,808.9241947799254,500,False,0.1306530148567729,True,0.003893167197397297,1.0237213373184204
1403168,755.3608285860859,500,False,0.06806417385391794,True,0.003959837479729865,0.7593587636947632
1403248,729.0025517647334,500,False,0.186682322889026,True,0.003939401780294349,0.9862070083618164
1403296,729.3683614516418,500,False,0.18809677349651405,True,0.003938364592988007,0.9222526550292969
1403360,816.1695447906934,500,False,0.2649635605730362,True,0.003939043763165334,0.8715912103652954
1404752,815.6686874972946,500,False,0.10931754115529628,True,0.003943216082528018,0.9356268644332886
1404880,793.9037704408919,500,False,0.14261998632092984,True,0.0038472104898639955,0.7760094404220581
1405936,779.6384170915977,500,False,0.1245009509670304,True,0.0038455856906723174,0.9016267657279968
1407680,627.040212103147,500,False,0.25252324972415113,True,0.0038103985312406313,0.8441060781478882
1407808,762.1147783899078,500,False,0.11225493262755636,True,0.0039015842005903295,0.7820068597793579
1408720,802.3724233045637,500,False,0.04891104237069818,False,0.003907741467715043,1.002802848815918
1409856,706.1114386611316,500,False,0.19867433736199622,True,0.003893107117674968,0.8551766872406006
1409984,776.2263904321569,500,False,0.09188996208151334,True,0.003763246524585342,0.8097609281539917
1410112,751.5394253341472,500,False,0.1080313684111842,True,0.003756923393108183,0.8879858255386353
1410256,740.1751052752589,500,False,0.1082164747596156,True,0.0037489639635183095,0.9589381217956543
1410560,797.0802928764701,500,False,0.18360249042867327,True,0.0037506098763338785,0.8879788517951965
1410800,745.4908417332683,500,False,0.10999194085171282,True,0.003726677798194015,0.6707863807678223
1411168,797.5975321649985,500,False,0.1204095537048258,False,0.0037407410411902813,0.9134039878845215
1411248,766.8945511036721,500,False,0.14408530739168632,True,0.003759052210535965,0.7703015208244324
1411296,766.6417168051113,500,False,0.11922427547849276,True,0.003764834601231756,0.8810590505599976
1411360,756.0481771793336,500,False,0.11784830607655308,True,0.0037641862771885582,0.9546185731887817
1412752,751.5933122497728,500,False,0.13655716903047227,False,0.0037611667030584754,0.8517239093780518
1412880,760.2684414970303,500,False,0.10014129159836822,False,0.0040153833900407766,0.7912938594818115
1413936,784.3813744838275,500,False,0.0812037067570938,True,0.004033372696941011,0.9539421796798706
1415680,719.1634757792498,500,False,0.1756491799765985,False,0.0039548801778254445,0.8328341245651245
1415808,732.6094426146082,500,False,0.13161849805146497,True,0.003910175348565468,0.9869036078453064
1416720,745.5839275914503,500,False,0.11582603362927793,True,0.003910672449408184,0.832094132900238
1417856,760.55085901741,500,False,0.12049378811296974,True,0.0037841057238452006,1.0830256938934326
1417984,734.6599394311518,500,False,0.11652061860041577,True,0.003824223787134682,0.9560146927833557
1418112,746.8767709237492,500,False,0.15014943303114514,True,0.0038144631355230873,0.6597095727920532
1418256,709.747919402292,500,False,0.19203155862015198,True,0.003817786671858139,0.7575994729995728
1418560,719.5141484576568,500,False,0.0803435409105036,True,0.0038327321763763095,0.7591954469680786
1418800,775.7900538791984,500,False,0.04589508451117251,False,0.003860175749933534,0.7228657007217407
1419168,772.7829156949649,500,False,0.09083293839514102,False,0.003869532865081261,0.7385557889938354
1419248,751.5942255314669,500,False,0.05045380533777281,True,0.003924553502130263,0.770287036895752
1419296,817.3117329682617,500,False,0.11245250480833645,True,0.003929451143604704,1.057572364807129
1419360,698.1638797101066,500,False,0.1374525212377445,True,0.003931927793431625,0.8262348175048828
1420752,774.670234392407,500,False,0.02441965061610788,False,0.00393102374268285,1.203302025794983
1420880,799.886481133094,500,False,0.1278972172605672,True,0.0038571101381593554,0.9108405113220215
1421936,846.0829772141847,500,False,0.13025534391734936,True,0.0038437809447401565,0.7561450004577637
1423680,750.23961038822,500,False,0.1909464148966015,True,0.0038106752135764967,0.8502678275108337
1423808,779.10956494014,500,False,0.10650677514603799,False,0.003921552888648963,0.8160290718078613
1424720,699.6827314776374,500,False,0.14702740229380756,True,0.003931643229810042,0.8502402305603027
1425856,738.5203881439977,500,False,0.07209949522668686,True,0.003904456469670764,0.8740915656089783
1425984,783.1742729463866,500,False,0.08131168453969538,True,0.004003204756340948,0.8381773233413696
1426112,778.0139034348642,500,False,0.25272073983789706,True,0.003990585911446583,0.7705293297767639
1426256,789.9039218115829,500,False,0.09736575158335173,True,0.003982465776148694,0.725492000579834
1426560,789.813166825035,500,False,0.11315224732731254,True,0.003974164317192492,0.8016092777252197
1426800,775.4498256933531,500,False,0.09239290808725514,False,0.003954335923223785,0.8167688846588135
1427168,760.44265154909,500,False,0.07260576156565031,True,0.0039627492322711864,0.6732763051986694
1427248,752.9555204125156,500,False,0.20890162507540158,True,0.00400049358452004,0.7705020904541016
1427296,805.6270038104134,500,False,0.07894715529961613,True,0.004016473005048319,0.8226572275161743
1427360,834.0994271679248,500,False,0.17449454802547482,False,0.004032714086599215,0.7708085179328918
1428752,792.3003171807476,500,False,0.069912033146751,True,0.00404910742795024,0.8690969944000244
1428880,838.1184684522789,500,False,0.14606101900982804,True,0.003792674668999374,0.8828595280647278
1429936,758.3343297072322,500,False,0.14363653375324248,True,0.0037571636931952724,0.6689068078994751
1431680,782.3863844443391,500,False,0.13155373856219363,True,0.003734381528947004,0.6567403078079224
1431808,824.6365411818502,500,False,0.05639742463346355,True,0.003845683934762635,0.795131504535675
1432720,825.005739581641,500,False,0.08223623427409522,False,0.0038600530516410395,0.7933658361434937
1433856,722.9415603367426,500,False,0.13787503372182014,True,0.003950878342802014,0.8403873443603516
1433984,775.5759722176504,500,False,0.08992925157478467,True,0.003965222253592195,0.6110047101974487
1434112,771.7365378881049,500,False,0.07447329461108378,True,0.003942484105375443,0.8137056827545166
1434256,738.3096118670796,500,False,0.0962652659525454,False,0.003926658957315036,0.8664844036102295
1434560,823.777526658991,500,False,0.039914451478700555,True,0.003906631459400214,0.7468773722648621
1434800,824.7101756344688,500,False,0.044368995302817335,True,0.003885445539847023,0.9421886801719666
1435168,796.0459596142443,500,False,0.14449782069231187,True,0.0038928168422276655,0.8552818298339844
1435248,771.0561506310966,500,False,0.06264635871898855,True,0.003865553005386066,0.743670642375946
1435296,804.5368065122195,500,False,0.06883182355330424,True,0.0038535127026051133,0.9256993532180786
1435360,800.1741437818207,500,False,0.14778376556815767,False,0.0038443264903354887,0.7467266321182251
1436752,699.5652216601075,500,False,0.16996785968907333,True,0.0038353775108152977,0.7552803158760071
1436880,737.087598399799,500,False,0.2357394833084379,True,0.003786200182071852,0.7768759727478027
1437936,776.2179040921372,500,False,0.06842481047541327,False,0.0037814064979279868,0.8830460906028748
1439680,683.6236157495917,500,False,0.10720686786006864,True,0.0038888782031197555,0.6463156938552856
1439808,751.959813576146,500,False,0.06938400066289635,True,0.003932277574902684,0.7695838212966919
1440720,740.915468477955,500,False,0.12232085554196886,False,0.003924136410852745,0.7346901893615723
1441856,733.4864577661448,500,False,0.3182756040132889,True,0.003976068533503188,0.7649569511413574
1441984,765.0408949217143,500,False,0.18354657029020055,True,0.00406960457382316,0.8507229685783386
1442112,752.7780432258766,500,False,0.13132841175412818,True,0.00408050069927397,0.7331252098083496
1442256,767.6598004451241,500,False,0.11816116510930007,False,0.004074982161111391,0.8091691732406616
1442560,786.7178303783488,500,False,0.030026641547096757,True,0.0040663208986706735,0.7724254727363586
1442800,805.1026529149132,500,False,0.06635002124948988,False,0.00404164086636961,0.765921413898468
1443168,831.1306275052285,500,False,0.04963995923224187,True,0.0039996382132128526,0.7938278913497925
1443248,747.8129806222588,500,False,0.11008873194097166,False,0.003965013226489937,0.9207434058189392
1443296,796.9480840271917,500,False,0.10420129608497798,True,0.003953494101354343,0.9080869555473328
1443360,767.9930365437476,500,False,0.06070906583308063,True,0.003950914608724184,0.8485137820243835
1444752,588.5527910652157,500,False,0.2618358760321866,True,0.003947964756498686,0.6825207471847534
1444880,723.1633823425339,500,False,0.11425451610977902,True,0.003965706532377908,0.7503342628479004
1445936,700.096148850134,500,False,0.10390987462308753,True,0.003970309460516467,0.6734696626663208
1447680,745.9940655067146,500,False,0.0896931930132367,True,0.00394665462672675,0.6934177875518799
1447808,829.2197343114655,500,False,0.11167187146270803,True,0.003912177234229988,0.7491178512573242
1448720,786.5987101699479,500,False,0.10600727767232873,False,0.0039054536287975784,0.8317320346832275
1449856,764.0770780456684,500,False,0.09764592690488431,True,0.003833316774715702,0.6786181926727295
1449984,838.4613494631939,500,False,0.04910818228186495,False,0.0038341930363404754,0.560603678226471
1450112,760.7578251410893,500,False,0.08295381445261826,True,0.003856266188039151,0.7367616891860962
1450256,780.1680766704516,500,False,0.09541930541583662,True,0.003864994535141906,0.8440466523170471
1450560,770.2366227981447,500,False,0.03461438666902036,True,0.003872103486131568,0.8895319700241089
1450800,816.6308736718336,500,False,0.09664490057340204,True,0.003886049409752446,0.6607670783996582
1451168,816.262963510472,500,False,0.09911768920652712,True,0.003890279104078438,0.7673661708831787
1451248,784.6173736689927,500,False,0.20096712509437095,True,0.0038743250732346107,0.7675656080245972
1451296,770.4518531475387,500,False,0.1327902508148056,True,0.003879281523848043,0.8284568190574646
1451360,812.7444735209402,500,False,0.05938771456420048,True,0.00388479589597469,0.7655651569366455
1452752,736.0999464069802,500,False,0.23764655153615216,True,0.0038962307834006144,0.8245062828063965
1452880,734.4046127314184,500,False,0.12410473593686984,False,0.004101204848333334,0.7166022062301636
1453936,864.06473722227,500,False,0.06491613783495866,True,0.004094859223078965,0.8272639513015747
1455680,796.7415484621945,500,False,0.13994997004309295,True,0.004099941487305291,0.7396726608276367
1455808,728.158859273878,500,False,0.18334487269305322,True,0.004175695726132284,0.8939714431762695
1456720,778.0374416107347,500,False,0.19987645152872713,True,0.0041799640845495475,0.7085155844688416
1457856,770.732825980001,500,False,0.09391142342280077,False,0.004156151087282669,0.8593452572822571
1457984,797.9355792359983,500,False,0.12372004849437179,True,0.004240163619150623,0.7172847390174866
1458112,856.8689277367221,500,False,0.02603407228637585,False,0.0042393067567028965,0.7240451574325562
1458256,721.663599814285,500,False,0.04902283822826919,True,0.0042366271089753155,0.8756411075592041
1458560,758.4520379978668,500,False,0.1586438618488324,True,0.004217346231218839,0.7994593381881714
1458800,806.2730247294422,500,False,0.0382949064276678,True,0.004174474849211131,0.6433535814285278
1459168,748.9135973771962,500,False,0.048453767805967184,True,0.004151070055942742,0.6968653202056885
1459248,785.5140440414895,500,False,0.06947502743301898,True,0.004130227477210762,0.6515101194381714
1459296,727.4923909164521,500,False,0.0848600616128373,True,0.004125634739206171,0.7766994833946228
1459360,829.5613003561845,500,False,0.11085163942096872,True,0.004120681179590718,0.8454355001449585
1460752,838.4429461033432,500,False,0.10009624371055298,True,0.0041109265985956635,0.8089410066604614
1460880,819.8099421926722,500,False,0.08781448915381332,False,0.004112307903149533,0.7334609627723694
1461936,768.8538555819501,500,False,0.1369191688124924,True,0.004102341128668434,0.9620656967163086
1463680,660.4002764160142,500,False,0.16306586474638202,True,0.00414229008811911,0.8828980922698975
1463808,783.9515254411539,500,False,0.07397555789419462,True,0.004240260960325027,0.89959716796875
1464720,740.7771525776167,500,False,0.13059058397006337,True,0.004248332625101888,0.9282079935073853
1465856,749.6778542761863,500,False,0.11427839302751039,True,0.004262313139082079,0.7786476016044617
1465984,683.0366071436772,500,False,0.15558176520259243,False,0.004005739033113487,0.8070682287216187
1466112,814.6767447143312,500,False,0.053912022269700724,False,0.0039873406875016604,0.7003544569015503
1466256,773.0443344229469,500,False,0.036267193865520374,True,0.003990525394618856,0.8986493349075317
1466560,800.6808685727073,500,False,0.12913506298459565,False,0.003988191332242273,0.7397401928901672
1466800,814.0309831599018,500,False,0.051781428224697716,True,0.003985839434929554,0.75441575050354
1467168,768.5508820162243,500,False,0.08006868280197185,True,0.003970328622543704,0.7489579916000366
1467248,710.7847409472101,500,False,0.19266398337134022,True,0.0039983754809068545,0.7069917917251587
1467296,722.6672890276925,500,False,0.10911079721374896,True,0.004006401449388379,0.6451091766357422
1467360,813.7763487792824,500,False,0.10328703569180876,True,0.004014525746253518,0.7114372253417969
1468752,793.9875996443541,500,False,0.14930590907811922,True,0.004028939821910943,0.7859805822372437
1468880,822.5367971369495,500,False,0.049400795799057366,False,0.004041387442779161,0.6772170066833496
1469936,716.8696919413961,500,False,0.14878612553057574,True,0.004050435826523999,0.6930625438690186
1471680,817.9147777265975,500,False,0.10560270430425642,True,0.004083133325764466,0.7301511168479919
1471808,796.9784546487837,500,False,0.06223598653592926,True,0.004080878643383696,0.7229301333427429
1472720,793.2040764199882,500,False,0.08664594743583692,True,0.004064776049716886,0.6862279176712036
1473856,621.01157010599,500,False,0.2711835298643964,True,0.004225083481167308,0.798248291015625
1473984,777.2299754362398,500,False,0.09939144737920645,True,0.004211442922263051,0.740998387336731
1474112,825.1813924308162,500,False,0.07040912740593969,True,0.004249047796887209,0.7114810943603516
1474256,739.3518240259506,500,False,0.09975661719977798,True,0.00426038396295821,0.6567001342773438
1474560,745.4760933692475,500,False,0.10372962172807285,True,0.004269777707971093,0.7138354778289795
1474800,732.0889252038286,500,False,0.12322748318868308,False,0.00426368045471508,0.669625997543335
1475168,713.3396696436151,500,False,0.1886730523397969,True,0.0042488775168983035,0.7446391582489014
1475248,773.1083375416949,500,False,0.0982625680758448,True,0.0042285166492014225,0.7955596446990967
1475296,843.397604883008,500,False,0.05836485694388973,False,0.0042333833986069325,0.7030720710754395
1475360,707.9523496068093,500,False,0.15352119144365928,True,0.004233837569544607,0.7970895767211914
1476752,762.5695044166454,500,False,0.08649402092877664,True,0.00422501370339,0.629909873008728
1476880,721.6697945523781,500,False,0.16753268047430409,True,0.0041110811258037476,0.8632382750511169
1477936,832.2805025915362,500,False,0.08135220692667759,True,0.004106909899703083,0.6916688680648804
1479680,810.3053708794652,500,False,0.07402704363894451,True,0.004179507534788153,0.6497703790664673
1479808,830.7135260654571,500,False,0.08354961931157208,True,0.004288551911700648,0.7210766077041626
1480720,745.827806293799,500,False,0.066095840533979,False,0.004266796440055525,0.7407318949699402
1481856,800.8633146320631,500,False,0.08948501312575877,True,0.004193488371807674,0.7763650417327881
1481984,633.0055797977773,500,False,0.2811916122516984,True,0.004195281182546851,0.8061739206314087
1482112,730.4144519579439,500,False,0.14077003900974863,True,0.004202159972081876,0.7573012709617615
1482256,793.1956644332561,500,False,0.03695326655699961,True,0.004214985864271702,0.8199507594108582
1482560,804.2411092668104,500,False,0.06737924761184505,True,0.0042312863555710985,0.8688022494316101
1482800,733.4734840099132,500,False,0.21321700083475242,True,0.004241553891543426,0.7535939812660217
1483168,832.2412585013178,500,False,0.052717456260162235,False,0.004213676440941618,0.6631636619567871
1483248,756.7339028897429,500,False,0.23015228781234426,True,0.00422499214685335,0.8005969524383545
1483296,762.4549113910676,500,False,0.09570916656643762,False,0.004260406081333338,0.6180494427680969
1483360,770.6809636163266,500,False,0.12333883246322892,True,0.004272331262946439,0.734356164932251
1484752,746.5392169427348,500,False,0.14842224169549414,True,0.0042684282445293,0.8451811075210571
1484880,674.4720219851483,500,False,0.10278965426899718,True,0.00417713543730714,0.7716827392578125
1485936,685.4896237563119,500,False,0.20924132071106924,True,0.004164284721482512,0.8290432095527649
1487680,697.1056823943654,500,False,0.17431690895079321,True,0.00429005068941305,0.9381922483444214
1487808,790.6957548484513,500,False,0.09887351459095006,True,0.00429578925611828,0.6851292252540588
1488720,769.0877609200938,500,False,0.08316482553104872,True,0.004306216604459705,0.7577284574508667
1489856,779.248579356599,500,False,0.11436055119941489,True,0.004282020712858337,0.7968547344207764
1489984,743.2759569027675,500,False,0.1821265466834098,True,0.00423951508246563,0.901350200176239
1490112,775.3872743277428,500,False,0.06577229354776933,True,0.004237916597454266,0.967531681060791
1490256,738.0007570818034,500,False,0.059783935840413055,True,0.004257390291572489,0.812212347984314
1490560,763.5553249806729,500,False,0.17943962965463708,True,0.004276991341414832,0.6961119174957275
1490800,783.4754410590921,500,False,0.07956359432472318,False,0.004342374314888001,0.881007969379425
1491168,719.363593214806,500,False,0.13473925824567268,False,0.004339262046705985,0.7061553001403809
1491248,813.4125148198557,500,False,0.09569354038090029,True,0.004312310214113833,0.7952383160591125
1491296,829.6697244950533,500,False,0.11101693222911191,True,0.004296777388601184,0.6924201846122742
1491360,851.875089813284,500,False,0.10260841846199684,True,0.004287889529444724,0.6780415773391724
1492752,753.4291938907731,500,False,0.2390147522480159,True,0.004278150488570205,0.7344217896461487
1492880,703.541047232462,500,False,0.16762941498679226,True,0.004209780908985811,0.660321831703186
1493936,727.225900281076,500,False,0.1552372107426384,True,0.004208411226994735,0.6866901516914368
1495680,721.0361264312118,500,False,0.202178908715329,True,0.004143640244356298,0.7436701059341431
1495808,733.3911871865887,500,False,0.1713971648466628,True,0.004282138368920071,0.6516335606575012
1496720,779.1187495333389,500,False,0.09545037364418549,True,0.004290903544260602,0.6504780054092407
1497856,761.259167357638,500,False,0.11736033059245556,True,0.004247825651431633,0.6835135817527771
1497984,752.508200250452,500,False,0.10397813614647544,False,0.004190963352398143,0.6353543996810913
1498112,813.033240396613,500,False,0.08308295559557387,True,0.004213840619709657,0.8259584903717041
1498256,731.4214876845446,500,False,0.25873573763768354,True,0.0042133089663952345,0.8106396198272705
1498560,868.4046670978247,500,False,0.08795784231327394,True,0.004222981392150658,0.7004619836807251
1498800,856.934187402924,500,False,0.03474916660037925,False,0.0042370868306593965,0.7376739382743835
1499168,754.1394219509735,500,False,0.18935363622517926,True,0.004237144171088577,0.702663779258728
1499248,666.5772487350318,500,False,0.18193072025642879,True,0.0042330909643781495,0.7474221587181091
1499296,722.4432266802767,500,False,0.11978492899514763,True,0.00423326523184161,0.765657365322113
1499360,809.3605625096342,500,False,0.047506717297861836,False,0.004230730368297167,0.7595878839492798
