step,return,length,crashed,final_dist,had_event,alpha,loss_q
656,-1.4843182958705583,41,True,3.0119257350661837,False,,
1120,-8.542271979107014,70,True,6.004984228327966,False,,
1136,-4.828561074938752,71,True,6.0017001175015325,False,,
1200,11.71956287976893,75,True,6.0663235770012145,False,,
1280,9.101779838345712,80,True,6.0384760612874055,False,,
1296,24.780173207324857,81,True,5.225799046066992,False,,
1296,19.399323368331924,81,True,6.078865100441721,False,,
1408,-1.4363818310287648,88,True,6.018037453382036,False,,
1440,-5.445230928138177,90,True,6.102621771478833,False,,
1456,-11.454944419968118,91,True,6.091970189771204,False,,
1488,-1.3728675314888417,93,True,6.167021688325724,False,,
1536,-0.20295399153637028,96,True,6.075191341808993,False,,
1584,-4.869398503546635,99,True,6.025723040526789,False,,
1728,-1.6206484940412906,108,True,6.020584726039604,False,,
1744,1.0842053848204056,68,True,4.583098611138382,False,,
2080,15.132885765347195,130,True,6.006014326101299,False,,
2144,45.06314013349862,134,True,6.065795492964705,False,,
2400,3.072868345068523,79,True,6.095276875969522,False,,
2544,8.764338708650383,63,True,2.7128167879290346,False,,
2608,-11.665746179910133,72,True,6.053936069287871,False,,
2656,-11.114935144213856,86,True,6.012686426197395,False,,
2688,28.509496453022376,87,True,5.039129920231875,False,,
2880,10.587491010182282,105,True,6.037368375059602,False,,
2944,1.9133236912648393,75,True,6.081173041496015,False,,
2944,32.68967281031763,103,True,2.2489328499861636,False,,
3040,2.458706546082313,82,True,6.036378820578183,True,,
3056,22.658070478050224,103,True,6.086363431604721,False,,
3168,-14.751856646581757,128,True,6.067317546382931,False,,
3296,4.280450661279943,113,True,6.074004981837301,False,,
3312,1.1051876983678568,73,True,6.030165336991096,False,,
3328,7.521038476860646,78,True,4.505460034043443,False,,
3360,6.68212927909299,120,True,6.038472368949381,False,,
3552,-22.186229371735145,123,True,6.056536503512178,False,,
3680,-4.7001476269228,80,True,6.053084030999861,False,,
3712,22.88650868681379,66,True,2.763068563778872,False,,
3792,5.996094354322018,53,True,3.4847371187282548,False,,
3808,-4.687004410328565,79,True,6.115143030185198,False,,
3920,2.2737945913886044,77,True,4.353202411678041,False,,
4384,2.140022016148297,94,True,6.097077287060568,False,,
4448,18.01148259493762,72,True,6.188332920587139,False,,
4464,-13.164616964581956,71,True,6.054712486186648,False,,
4464,5.733777947996122,72,True,2.2630155622020673,False,,
4640,40.73405409838037,92,True,6.113187239017751,False,,
4720,7.878040513242681,111,True,6.078368862925287,False,,
4816,20.300768402292864,138,True,6.079908685484848,False,,
4816,-9.310947600607765,69,True,6.135368247557711,False,,
4832,3.2063703975795246,72,True,5.3919887207416135,False,,
5072,-1.9544999876712037,95,True,6.102947604896168,False,,
5088,-1.0608418902722274,80,True,6.117957071562898,False,,
5184,4.1058572030842395,133,True,6.039093499322432,False,,
5472,9.17601731239527,97,True,6.106137605224424,False,,
5520,-11.24194442050696,66,True,6.169090888298766,False,,
5648,-4.293400038943242,79,True,6.0292719098637955,False,,
5760,15.339795551195898,150,True,6.033056054026493,False,,
5792,23.055116427991035,125,True,6.078319387012687,False,,
5792,-5.779858463543789,84,True,6.197144568089545,False,,
5936,-3.561106760677381,181,True,6.091241682650165,False,,
6096,-8.32431179150002,86,True,6.0347665309625755,False,,
6112,-10.475210659493312,92,True,6.058427632818107,False,,
6160,11.549206380191114,84,True,6.118207856185232,False,,
6224,5.4374333135317325,110,True,6.0483546098667915,False,,
6576,14.951768729773866,110,True,6.020627501263428,False,,
6656,12.462294177542361,114,True,6.0591961356338695,False,,
6736,-13.350132948844365,79,True,6.103408290951067,False,,
6832,10.969325482116776,65,True,3.2978754916039232,False,,
6976,3.050371928564102,112,True,6.030194800724875,False,,
6976,28.32612408549351,119,True,5.828341839804799,False,,
7008,-9.414923884091433,78,True,6.049136149822156,False,,
7072,-2.8146085083121317,97,True,6.113740766959548,False,,
7216,23.173295154675273,98,True,6.086458716099023,False,,
7280,-2.2251945540815026,93,True,6.0099618946847775,False,,
7504,-10.39460667082985,80,True,6.006407603943526,False,,
7616,7.47560506146344,94,True,6.031858490008613,False,,
7632,29.83595384463467,96,True,2.5136054995459847,True,,
7744,-2.3218211451620565,73,True,6.085666079418829,False,,
7744,14.663662794242377,166,True,6.052078208567679,False,,
7856,53.061721860244745,120,True,6.050756058488445,False,,
7968,-7.71696544128478,113,True,6.0736372304985125,False,,
8096,13.865845848032617,90,True,6.006924897426228,False,,
8288,-12.741100804176638,97,True,6.00906045888486,False,,
8320,2.4029070941803017,78,True,6.086449014555973,False,,
8688,19.588527422411765,88,True,6.0447403949967935,False,,
8736,19.473282546405375,77,True,6.0238888083678725,False,,
8752,35.862948355790365,111,True,4.61595491920466,False,,
8816,-1.9004161148507919,113,True,6.085220264569947,False,,
8880,-7.399800148394395,128,True,6.048808185865022,False,,
8880,0.24651495686683766,79,True,5.8058686871461465,False,,
8896,12.398485404782306,50,True,2.1398166223406614,False,,
9056,27.03109766425696,130,True,6.029973642558,False,,
9056,-0.9923752774071204,82,True,6.102220102751659,False,,
9088,-15.765069904186186,70,True,6.074033772734506,False,,
9104,2.1209142885324503,92,True,6.045712112459709,False,,
9136,-7.408583735019053,80,True,6.077953797205347,False,,
9344,-1.9461855253536164,100,True,6.099062284240227,False,,
9408,-11.022285906520041,68,True,6.004247684900093,False,,
9504,5.441586587446446,143,True,2.2887217982904215,False,,
9792,-6.0318876596017965,57,True,5.083812061550498,False,,
9840,23.433191412684174,97,True,6.143295875485883,False,,
10176,4.7385047769232145,93,True,6.139307038265471,False,,
10368,6.308207664230517,80,True,5.680607005483703,True,0.19731564830124507,0.2349320948123932
10368,5.532798255485455,97,True,6.133957368902399,False,0.19731564830124507,0.2349320948123932
10448,18.832566389297007,87,True,6.144938188672576,False,0.19449398345466704,4.015839099884033
10464,18.69737496002492,108,True,4.390306324179991,False,0.19333162358550313,2.4194743633270264
10496,-10.76025779616281,90,True,6.047205188280165,False,0.19310007832770873,0.15483960509300232
10512,9.972539626049704,88,True,6.0930453697521045,False,0.19263772645380184,0.9571783542633057
10560,-6.753584914032267,76,True,6.034698520453888,False,0.19240719386626132,1.0215415954589844
10608,-6.566919658415495,107,True,6.05322572595656,False,0.19171677747908641,0.17568981647491455
10672,14.807044234177829,120,True,6.025264621962544,False,0.1910284343207266,0.9809154868125916
10896,28.344763623467202,110,True,6.008503595980478,False,0.19011419326643672,1.0846842527389526
10896,-4.8717139844639,126,True,6.065863442090136,False,0.19011419326643672,1.0846842527389526
10896,-4.771117624155443,87,True,6.068502930217193,False,0.19011419326643672,1.0846842527389526
10960,-2.0955442086143456,97,True,6.174228519183418,False,0.18695172437907936,1.6331884860992432
11264,-1.9443812824570141,51,True,3.5793591838458836,False,0.18605899312927004,0.8011301755905151
11520,-3.9789987254770294,66,True,6.012749374488548,False,0.18188717753091999,1.4323654174804688
11536,3.327011907011398,73,True,3.3131345136903465,False,0.1784546318091482,3.425522804260254
11664,3.4550096159544648,81,True,6.035775895250656,False,0.1782423136447293,0.8787214756011963
11712,-17.62095730721655,96,True,6.030600027360053,False,0.17656022993836257,1.5558300018310547
11776,-4.112136278599567,73,True,6.0404553746610485,False,0.17593252610609278,1.86754310131073
11824,21.58000539586379,127,True,6.015930573481228,False,0.17509789946514653,2.810713768005371
11840,-2.0895780590471844,125,True,6.046905628382632,False,0.1744753229736313,1.0771737098693848
11856,21.201469468897745,84,True,6.093122467676191,False,0.1742681278852494,1.7200790643692017
11904,7.921199988884451,77,True,3.0510928481294206,False,0.1740610940251,2.4264931678771973
12080,13.827960577525452,95,True,6.036122383056828,False,0.17344026777476576,1.087702751159668
12240,26.321841446914057,80,True,4.8344108226703275,False,0.17118908364983898,0.5794788599014282
12400,-7.639587291828087,94,True,6.030595460464084,False,0.16917340506917594,0.8380604386329651
12496,-6.9467521852390535,77,True,6.111545022083911,False,0.16718488137133916,1.6758952140808105
12656,-2.844948660288259,110,True,6.04620407419285,False,0.1660047642333392,2.3442540168762207
12832,17.876380812947197,82,True,6.144685011536486,False,0.16405331989481106,1.3844735622406006
12912,-3.0311541192593143,86,True,6.095226721377744,False,0.16192819322306176,1.0641921758651733
12992,-3.3623110823017086,80,True,6.074770328146398,False,0.16097556660149995,1.4911417961120605
13104,21.364513472096256,163,True,6.115752332324447,False,0.16003163744959567,1.4007407426834106
13120,-12.216719633570444,65,True,6.004971449797729,False,0.15871768408989834,1.1342248916625977
13184,-1.6205177411190839,88,True,5.172046890430652,True,0.15853044591525423,0.6693249940872192
13424,-11.78068542730999,99,True,6.044948166137806,False,0.15778271885271322,0.9620046615600586
13424,22.59661707580914,110,True,6.046698476880494,False,0.15778271885271322,0.9620046615600586
13472,8.08535426050467,101,True,6.055528174084845,False,0.15501895557828738,1.0363569259643555
13584,19.97687127751651,168,True,6.081016028911039,False,0.15447170892983011,0.6531386375427246
13600,1.899862686345319,59,True,3.5414178754188526,False,0.1531982016701266,1.6483690738677979
13648,3.8400877477661854,109,True,6.0292105649889995,False,0.15301783918552306,0.5292454957962036
13680,12.411354311404233,116,True,6.0456726290327465,False,0.15247756444307034,2.320671319961548
13744,-1.2926312208011232,94,True,6.0511018141955,False,0.1521191408451852,1.0628583431243896
14016,-10.064849327245636,69,True,6.136262750294632,False,0.15140519538578734,1.3435931205749512
14048,12.593444760553869,97,True,6.109856079558498,False,0.14840822442141724,0.545355498790741
14272,26.481744024026025,117,True,6.098437483567015,False,0.1480599597553618,0.6995892524719238
14384,3.5040455450057255,50,True,2.818728311998573,False,0.14564675987529935,2.404676914215088
14400,-9.36941073873096,76,True,6.054032691441731,False,0.14444936765411617,0.20063252747058868
14432,18.44376537563428,100,True,5.410357425359405,False,0.14427923449892968,0.274208664894104
14592,14.89014396524438,92,True,6.1294982254069525,False,0.14393967198283703,0.24326784908771515
14704,10.335452425310816,100,True,6.031138085078184,False,0.14225875204471627,0.5075658559799194
14768,3.1717114706121734,84,True,6.1600841423837,False,0.141096444509763,0.26327642798423767
14784,5.015229439728296,85,True,6.009177401348765,False,0.1404375472443277,0.8101032972335815
14880,-2.8511777463780703,71,True,6.117251166538996,False,0.1402733712396622,0.6781271696090698
14912,-0.7968848761928289,120,True,6.078777971186805,False,0.13929015083585117,0.4909651279449463
14944,20.34553825369383,84,True,6.086352374505389,False,0.13896383088252232,0.3879346251487732
14960,9.09381235958319,93,True,6.089723769414826,False,0.1386387102641001,0.363318532705307
14992,-16.401902992925553,82,True,6.076572941947192,False,0.13847625825806492,0.4130173325538635
15024,26.698221806307057,86,True,6.039744686160754,False,0.13815140283616648,0.45353490114212036
15168,-4.1070246016661,48,True,3.661586932662756,False,0.1378272296806112,0.31802698969841003
15376,-0.6467577544043515,85,True,6.136422270814316,False,0.1363814259901419,0.5993812084197998
15664,3.40698490363385,77,True,6.054367734996532,False,0.13431618677297605,0.23278672993183136
15728,-1.1042692919916153,71,True,6.000153342716079,False,0.1315188742959605,0.31822624802589417
15760,25.26877810656155,93,True,6.083374121884931,False,0.13090539125134332,0.49178770184516907
15968,15.339372450515224,75,True,4.541412746195889,False,0.13060037776182537,0.1784561723470688
15984,34.10476171266227,80,True,6.027058300422868,False,0.12863582479597646,0.4255063831806183
16000,4.065513209094602,61,True,4.055159206633552,False,0.12848632937052412,0.5491587519645691
16304,24.969652429345473,95,True,2.244200131864652,False,0.1283369417184132,0.20820185542106628
16352,-3.894684287508234,87,True,6.023522672697497,False,0.12552066831257094,0.22378458082675934
16368,22.902561129120507,75,True,2.965469118235043,False,0.1250826093517281,1.528615951538086
16656,9.063719790299634,80,True,6.008990497920597,False,0.12493625067378776,0.43251824378967285
16720,17.55577903184694,111,True,6.040750814844733,False,0.12233905108724537,0.3894936144351959
16880,4.008771104716798,177,True,6.060834439999049,True,0.12177137761803013,0.17084552347660065
16880,14.081711210326658,156,True,2.7258936876603115,False,0.12177137761803013,0.17084552347660065
16992,21.3828183375162,132,True,5.314884867075834,False,0.12035406276234657,0.48882195353507996
17040,24.206530378469026,128,True,6.016660223706976,False,0.11937959885289218,0.3187965154647827
17056,15.383354000806115,81,True,6.0504091507311575,False,0.11896500323620936,0.35995686054229736
17152,-4.733453670076706,72,True,6.025865749918966,False,0.11882687437736839,0.39588451385498047
17168,-7.114847156291699,74,True,6.176113615947114,False,0.1179971004710525,0.25623762607574463
17184,8.614617694424725,95,True,6.020318874587714,False,0.1178600519119895,1.1518186330795288
17392,44.356009423245766,104,True,6.062472598367098,False,0.11772323557974664,0.34002795815467834
17680,-14.114779776609048,173,True,6.047583753890916,False,0.1159579522534235,1.5053231716156006
17760,-1.4637983147317506,65,True,6.051178815481881,False,0.11354783184429554,0.1603490263223648
17808,3.192578948271038,51,True,3.347293174473763,False,0.11288939713406085,0.2047768533229828
17920,25.03579936197111,101,True,6.0818378563013376,False,0.1124935424812052,0.34260818362236023
18080,52.79433355076052,132,True,2.310018981614252,False,0.11157907153812448,0.1723085194826126
18096,-13.70707531288665,59,True,5.446598992633095,False,0.11028801256431427,0.24807751178741455
18176,-2.2328110811323754,113,True,6.047850676733563,False,0.11016019443629589,0.30557724833488464
18192,8.688731321852856,82,True,4.149855441223427,False,0.10952145845077996,0.2008848935365677
18256,10.972703730350986,119,True,6.022899786941857,False,0.10939392525365649,0.23704427480697632
18352,-6.333865661766048,92,True,6.110548208172394,False,0.10888809850308954,0.22838319838047028
18432,5.924007932280519,87,True,6.15537154833468,False,0.1081331145210885,0.664800763130188
18448,-9.984856690015828,79,True,6.033524926306089,False,0.10750745567695537,0.1861053705215454
18656,15.289762655488998,93,True,6.017818685171011,False,0.10738239806206326,0.33041155338287354
18720,14.600802518460123,129,True,6.0705820616978245,False,0.1057715041237217,0.34585753083229065
18896,11.220632291747776,94,True,6.078873819489319,False,0.10528169599742222,0.2811298370361328
19168,45.02785669537119,132,True,6.029469379286846,False,0.10394373843290769,0.18839752674102783
19168,-2.0098000021200555,78,True,5.003398858746008,False,0.10394373843290769,0.18839752674102783
19392,46.66909656914373,102,True,6.119679717893722,False,0.10192009649926516,0.74213707447052
19408,3.8835329089323913,83,True,6.117145919277004,False,0.10028690918253963,0.2414577603340149
19568,-3.8994409902536153,82,True,6.022697537036963,False,0.10017120108198602,0.18361210823059082
19664,4.983493763718933,98,True,6.050464059097742,False,0.0990227114676006,1.208592176437378
19680,-0.8355944634624208,125,True,6.020019183071841,False,0.09834271669058557,0.25068241357803345
19728,2.7046328076628967,97,True,6.0831029327307755,False,0.09823028058334231,0.16806575655937195
19952,22.14119441200394,110,True,3.9994213097730085,False,0.09789386883648399,0.937868595123291
19984,21.853507720738065,96,True,6.132127831696819,False,0.09633372304988627,0.2125636637210846
20128,48.679300818158225,92,True,5.548122637667237,False,0.0961131508782146,0.16315381228923798
20128,37.42246642144315,145,True,6.020033596260887,False,0.0961131508782146,0.16315381228923798
20288,-1.4734342293104064,87,True,6.174650077359979,False,0.09512970904375717,0.38112521171569824
20304,-28.550867606588888,99,True,6.018904978221259,False,0.09404711135872737,0.8516656160354614
20688,-2.724624765855676,95,True,6.077242255405281,True,0.0939399216718997,0.1958228349685669
20752,53.72858781305555,150,True,6.023572065922461,False,0.09139550285037651,0.4328855276107788
20880,-9.769444994410305,72,True,6.134996920896146,False,0.0909755377616156,0.2536967396736145
20880,12.163582384142737,153,True,6.0026491197756995,True,0.0909755377616156,0.2536967396736145
21152,0.8957045243027455,54,True,3.1752014316799273,False,0.09014715421128752,0.17847898602485657
21232,3.9423927398587892,104,True,6.107039921577865,False,0.08841356373770416,0.16554982960224152
21280,35.5947154577264,132,True,6.012559480749951,True,0.08790917237121203,0.44182413816452026
21344,-14.475347710032253,104,True,6.129945154804573,False,0.08760768585730203,0.24164971709251404
21360,2.4790018072243303,122,True,6.06866394566992,False,0.08720697636029677,0.21086502075195312
21488,29.66511624501096,96,True,4.834931377554471,False,0.08710679643642202,0.19382211565971375
21792,9.974568894369819,150,True,5.807962062553698,False,0.08631049975650434,0.27602705359458923
21872,26.976233465956398,118,True,6.123433583186331,False,0.0844626348538496,0.21868833899497986
21920,5.7308637310230335,65,True,3.6421149374518524,False,0.08398071220475628,0.6738638877868652
21984,56.742250970683486,116,True,4.39359487571489,False,0.08369207332518883,0.24372518062591553
22144,15.194336350118029,155,True,6.126389377802636,False,0.08330916065196624,0.24186170101165771
22272,5.007991519473638,95,True,6.001563189239673,False,0.08236508034451574,0.24218901991844177
22464,47.49385603654954,135,True,3.0893089589702254,False,0.08161240855378628,0.5655267238616943
22544,14.345794713181943,104,True,6.093002260618264,False,0.08049946758362002,0.613653838634491
22944,7.547875762983333,107,True,6.001801615759846,False,0.08003916319269712,0.9157392978668213
23216,1.3708808255361546,158,True,5.2567956710685895,False,0.07778892231335827,0.16794931888580322
23312,43.68049976240141,135,True,2.1237669984071754,False,0.07629741562101246,0.23824042081832886
23344,13.42120011009685,125,True,6.093170017522813,False,0.07577663799382493,0.17587587237358093
23936,36.45639228850527,134,True,6.025746499890642,False,0.0756035322906602,0.2314143180847168
24240,31.541239557584234,148,True,6.127138906828922,False,0.07248668320651637,0.23580710589885712
24448,13.396502633443724,124,True,6.01725855113784,False,0.07093703852667702,0.2823244333267212
24752,39.740221652079704,289,True,4.72027107047364,False,0.06990205214309417,0.2229076325893402
25056,107.09598992902593,182,True,6.0221453672155185,False,0.06840345939686736,0.2008354663848877
25056,26.409995183030716,132,True,6.063963459574321,False,0.06840345939686736,0.2008354663848877
25216,48.594000146210064,206,True,6.087931409363362,True,0.06693765381913036,0.21224282681941986
25744,141.81193756746404,274,True,6.01909158822536,False,0.06617530162942628,0.18580132722854614
25856,35.58685719999566,273,True,6.120851947516147,False,0.06374190105242074,0.23833191394805908
26048,74.68285567956718,171,True,6.084814247963669,True,0.06324106263176557,0.20684534311294556
26256,28.1003197363311,249,True,6.000384240239476,False,0.06238009738040394,0.5959595441818237
26576,12.29280938566358,95,True,3.1460310474551085,False,0.061463067915744206,0.2927786111831665
26880,12.59874212505973,350,True,6.057019386937413,False,0.060095651018800385,0.29983991384506226
27264,48.863193284790846,330,True,6.016507194358592,True,0.058830968664068686,0.16085264086723328
27488,59.53372683073182,309,True,6.001606194256915,True,0.057265085094897104,0.34807199239730835
27808,24.053496714329363,129,True,6.01160656570118,False,0.05637157186010734,0.4981767237186432
27840,-4.826029387136456,112,True,6.053117775208586,False,0.0551226199661701,0.2217562347650528
28480,81.67960886375492,252,True,2.5446070871403164,True,0.05499754320373496,0.22496214509010315
29728,6.917242575400339,120,True,6.0434140982433275,False,0.05260203634880715,0.3244231343269348
29760,121.96638457403904,345,True,6.025306389103146,True,0.04821353667066886,0.2820858955383301
31008,-13.314994356294186,297,True,6.000258378157353,False,0.04810728118281646,0.24737966060638428
31216,197.99148209582043,500,False,1.6542746012589924,False,0.04414148295433243,0.24816051125526428
31344,71.4826495520846,500,False,3.1782971739495363,True,0.043517522220693695,0.40078312158584595
31680,105.1496737002408,276,True,5.212299203742541,True,0.04313602307517747,0.21925999224185944
31904,139.02349710956025,447,True,6.017918205578852,True,0.04215514003491676,0.29183465242385864
31936,218.13641953563672,500,False,4.8438874924733275,True,0.04151494765615125,0.6021788120269775
33008,134.71426698356836,447,True,6.031272916431799,True,0.04142396958674205,0.2308947741985321
33056,163.90258794434612,500,False,5.373094225249993,True,0.038509862498330286,1.0348212718963623
33216,139.6233337538211,500,False,2.897101348523326,True,0.03838457567731298,0.3783664107322693
34176,14.472592995102417,276,True,2.318805932859449,True,0.03797299940878038,0.4847699999809265
34416,120.54220052670915,155,True,3.2746174675285533,True,0.03557684421052197,0.6222230195999146
34576,147.95517814699608,500,False,2.590868810983765,False,0.03500360017497735,0.473812460899353
34880,211.91887020607356,500,False,2.636601674686734,True,0.034626710159251436,0.25707724690437317
35344,91.56055019620429,351,True,6.032597931378219,True,0.033917480471257394,0.29337459802627563
35440,49.84060380877645,256,True,6.023758463674251,True,0.032874842726736075,0.20769184827804565
35488,168.46821846960216,500,False,1.6740684264742691,True,0.0326641511545752,0.5262427926063538
35840,231.93584048036368,500,False,2.1695781649692103,True,0.03256040239978978,0.2086012363433838
36048,52.41327602490419,273,True,6.0161416142324144,False,0.03180792030669129,0.4057964086532593
36480,226.50399391177461,500,False,4.309254250517929,True,0.031371123582255175,0.5692809820175171
38336,124.41767687282797,235,True,1.2540249856275003,True,0.030484709421579225,0.40009528398513794
39008,165.40794098844052,500,False,2.0851548987218065,True,0.02702459677699993,0.5380982756614685
39216,330.3425974248388,500,False,1.1533307390131038,True,0.025889599235966988,0.3083346486091614
39904,290.9839277745057,500,False,0.45637853645341064,True,0.025552016039806114,0.31752026081085205
40560,169.73371757368938,320,True,2.580801221925459,True,0.02447898952942478,0.3265027403831482
40752,291.6391072846898,411,True,1.6433630745799097,True,0.023508870699047404,0.45844948291778564
41008,277.8049190694009,500,False,1.814617593369779,True,0.023236312288193135,0.4494701623916626
41056,297.32924389638134,500,False,0.7972337428670763,True,0.02286872608904519,0.6286502480506897
41216,375.29506125593224,500,False,0.8559144826107147,False,0.022800969383581584,0.3703851103782654
42416,363.71367088270205,500,False,0.8806004258520693,False,0.022584761266458545,0.23660443723201752
42880,390.88992379193377,500,False,0.8231324762923736,True,0.021021832968040575,0.23405516147613525
43040,116.63229744557478,294,True,6.0075041669418034,True,0.020453166376416032,0.3392276167869568
43344,417.01392197240443,500,False,0.3905968394948561,False,0.02025979247203339,0.3997524380683899
43488,278.0950194416407,500,False,1.0821653788159964,True,0.019899972129930936,0.5826222896575928
43840,395.1614732966308,500,False,0.46977368008805154,True,0.019732954228034123,0.28103017807006836
44048,333.7567089666225,500,False,0.5241623309377189,False,0.019336463443405356,0.4074009954929352
44208,232.44170429712437,312,True,4.785882817197003,True,0.01911266694229087,0.41710999608039856
44480,406.5895276051833,500,False,0.7462294789640949,True,0.018943003630489997,0.5470889806747437
44960,359.28026564121535,316,True,1.5662935625241903,True,0.018657581522579313,0.30201834440231323
45920,118.93653915394847,180,True,0.8005377954396692,True,0.018161597058057335,0.5458196401596069
46528,185.15330843937363,190,True,1.2168953335185457,True,0.017233739467748806,0.6238164901733398
47008,566.5523301927678,500,False,0.1989989214396805,True,0.01669130358114649,0.7397469282150269
48560,485.02837913980164,500,False,0.35284156819642937,False,0.01628526095577286,0.2947652339935303
48592,229.9269661214742,474,True,6.111420039213087,True,0.0150780550798765,0.5383329391479492
48752,534.9198767124024,500,False,0.2099748310806114,False,0.015056979775562284,0.6839781999588013
49056,559.5047738385921,500,False,0.2986064882440213,False,0.014950455409700933,0.40123218297958374
49216,505.59601942314566,500,False,0.5607707109278052,True,0.01474221315007488,0.35300013422966003
49376,135.50595697099726,178,True,1.537935402094417,True,0.01463892432957693,0.3049059510231018
49968,392.5389586261421,443,True,5.378114506978006,True,0.01453201005334072,0.5694637298583984
50416,562.9471928812773,500,False,0.15490160257423116,False,0.01413325380293197,0.6227034330368042
50608,436.23766631318796,454,True,3.230115328691522,True,0.013906091840408459,0.45462316274642944
51840,532.1823775750995,500,False,0.26634819424387285,True,0.013797591305793742,0.46259957551956177
52048,596.4522007008384,500,False,0.14208804737936775,False,0.013137762287321398,0.4743056297302246
52080,160.63923014129296,218,True,2.0361020673117642,True,0.013031852724408748,0.577484130859375
52208,589.5360596780465,500,False,0.12658876661625929,True,0.013016840750257632,0.4362774193286896
52480,585.8617262114053,500,False,3.2805727295428753,True,0.012950825482256406,0.3629201352596283
52960,612.2863989071966,500,False,0.11046817643322386,False,0.012812874320681962,0.3844526708126068
53568,365.0799628335285,301,True,6.066946025754228,True,0.012604990999428377,0.44946715235710144
53920,633.7323027928117,500,False,0.329637260393563,True,0.012356844204194093,0.4416084885597229
54432,189.6308622771335,162,True,2.00090442031776,True,0.012220695173187345,0.4306670129299164
55008,625.3160094257081,500,False,0.1797097271787885,False,0.012016524421402781,0.5422036647796631
55008,230.43875172256458,175,True,0.654383571254658,True,0.012016524421402781,0.5422036647796631
55600,282.6818233906335,389,True,3.0993691407636184,True,0.011807439819003148,0.4940546154975891
55888,453.66088498650197,427,True,2.640925400759608,True,0.011617984349462747,0.4470710754394531
56560,645.6391008688562,500,False,0.10941133786750182,False,0.011524203086477596,0.5511727333068848
57216,584.0214586049742,500,False,0.0858426572648568,True,0.01132004864432286,0.3776707649230957
57760,206.58941047850166,208,True,2.3468762957726064,True,0.01115684217609352,0.5976817607879639
57968,592.4445020887739,500,False,0.16540585295785634,True,0.011042110803119298,0.5140880346298218
58416,762.8906695948867,500,False,0.16128886283787308,False,0.010999839940019055,0.7206338047981262
58608,626.3539173932801,500,False,0.1952699977774734,True,0.010917197043852522,0.6620190143585205
59952,308.3263818446505,254,True,2.0305392184539577,True,0.010897170225794523,0.594554603099823
60048,701.2469176345247,500,False,0.11273223597888488,True,0.010813211383951254,1.1494786739349365
60080,772.2057309427764,500,False,0.04884353042941938,True,0.010816447561503016,0.5214366316795349
60480,678.9075130834658,500,False,0.1474948172236411,True,0.010812677205701553,0.5818783044815063
60960,811.7652241906394,500,False,0.08667735440728613,False,0.010831243162606663,0.5803419351577759
61568,717.0323199983162,500,False,0.11662932787794449,False,0.01086472495543197,0.672220766544342
61920,721.0194157484335,500,False,0.21825771093915172,True,0.010875801568533393,0.5617685317993164
62288,79.40641734864828,140,True,1.4431870529836184,True,0.010905564702225276,0.5932508707046509
62960,257.5942612023773,272,True,2.2645410692395083,True,0.010957154586809535,0.5626212954521179
63008,743.9719183049509,500,False,0.03925954302784098,True,0.01099807064577949,0.7704290151596069
63008,780.0157058361635,500,False,0.10268521360654864,True,0.01099807064577949,0.7704290151596069
63360,447.61252535928435,337,True,1.8784939642977143,True,0.011010763430225777,0.8091343641281128
63600,706.9774370317405,500,False,0.10128107125735274,False,0.011080463101620235,0.9220675230026245
64560,510.99274038596576,500,False,2.9375852742840296,True,0.011136116032977714,0.8041565418243408
65216,731.7234692136401,500,False,0.05710387259565189,False,0.011343344057412079,0.9892500638961792
65248,127.23643829162181,140,True,3.1509161198866815,True,0.011477525591062182,0.5904155969619751
65408,375.1280087914872,333,True,2.680603773130201,True,0.011480226524483777,0.7168995141983032
65760,698.8880650601465,500,False,0.10448052730469264,True,0.011501482186765617,0.7127425074577332
66416,752.4142794071628,500,False,0.06885913387209706,True,0.011628987008727904,1.2907592058181763
67648,456.69862224912777,418,True,6.018114855274874,True,0.011873199973389302,0.8213533163070679
67952,713.325125584087,500,False,0.13722533872410075,False,0.012217648489374967,0.9524123072624207
68480,688.1133733536353,500,False,0.16696763980218385,True,0.012315520941212077,0.7540555000305176
69568,548.6442040558672,500,False,0.06655502894365777,True,0.01243183332656215,0.86181640625
69920,787.5735060480653,500,False,0.10326939276181675,True,0.012649624212851584,0.8708984851837158
70128,447.2158017721398,408,True,4.082572138130269,True,0.012730822856612362,0.7278969287872314
70288,750.6764500705486,500,False,0.20241720669532626,True,0.012691507106165572,0.7828600406646729
70960,680.2336551415428,500,False,0.15762834462859363,True,0.012694734462221979,0.8928191065788269
71008,825.0839467865808,500,False,0.05791251598316117,False,0.012902053835745464,0.8056565523147583
71152,133.58918764654527,167,True,1.2526517244145166,True,0.01291689836805259,0.8115098476409912
71360,712.5266456778173,500,False,0.13378114356756965,False,0.012923044970110426,1.0095207691192627
72560,698.1783309177781,500,False,0.11423431608377746,True,0.012933934637276436,0.9945858716964722
73216,360.1550039761415,500,False,3.0107350485886504,True,0.013332531983091152,2.8137149810791016
73248,646.9750556321325,500,False,0.0988980249134278,True,0.013452060813668652,1.1672122478485107
73408,606.8059629081994,500,False,0.31853627977591326,True,0.013451237055152571,1.0860556364059448
73760,728.0161022234025,500,False,0.07325522150500156,False,0.01353143424385918,0.9686954617500305
74416,756.5879307430395,500,False,0.05088615740496369,True,0.013647960642209873,1.4334546327590942
75008,534.3046753946567,441,True,3.2769373958979235,True,0.013805065023966329,5.766434192657471
75648,341.6021711900922,500,False,1.8209339598675527,True,0.013831025050464766,1.37662672996521
76112,173.6341475421397,169,True,3.2879270552306163,True,0.013976459941258785,2.1724095344543457
76576,389.94519654459157,403,True,3.8787792477877217,True,0.014063216984945264,1.4648710489273071
77568,668.6911823892286,500,False,0.21546996324232565,True,0.014144312025288179,1.308661699295044
77920,692.4389153110636,500,False,0.059170153230692024,True,0.01418611093988991,5.811607837677002
78288,396.6778384704922,500,False,2.509423689743994,True,0.014301170088055749,1.0090817213058472
78960,712.998778774393,500,False,0.09529713199092693,True,0.014387963155962276,0.8912934064865112
79008,620.3178877408417,500,False,0.08827349513048108,False,0.014573017010956776,0.9221429824829102
79152,712.5801409485795,500,False,0.14963588386765603,True,0.01458057573461734,1.2888792753219604
79360,572.6890606954373,500,False,0.09480642335098133,True,0.01457752897200759,0.8304998874664307
80224,181.48420917391954,228,True,1.7790990733916727,True,0.014635490768374372,1.10750412940979
80560,667.1566724189355,500,False,0.10857684353921113,False,0.014753223372875712,1.1854733228683472
81200,484.67052786987347,318,True,1.5752892274445378,True,0.014691560054809224,1.0997490882873535
81216,817.0171005567064,500,False,0.05608111401512972,False,0.014858922319994571,1.4514930248260498
81248,640.1798147284363,500,False,0.27397645052827646,True,0.014865480926739325,1.1506787538528442
81568,532.028223912497,447,True,1.902275791992478,True,0.014869533572076963,1.0165629386901855
81760,688.9070063478539,500,False,0.14247514322339797,True,0.014900262794773874,1.199694037437439
82096,610.2279401295735,443,True,1.7120283041654965,True,0.014972933291918171,1.0850744247436523
82832,299.254196569887,230,True,1.6193747304724584,True,0.015141165279442703,2.511322021484375
83648,776.309153680499,500,False,0.06564700836676678,True,0.015297467084791806,1.0940275192260742
84672,460.7809423286157,354,True,3.480428702826572,True,0.015535319923815875,0.9879355430603027
85152,644.646152436397,452,True,2.723180068064032,True,0.015528912145506255,1.1699461936950684
85568,786.4852606098589,500,False,0.06254204300995962,False,0.01572093420277497,1.7845087051391602
85584,369.21803669352937,335,True,1.7867958377451816,True,0.015805076486524572,1.4872950315475464
86288,674.9926491949452,500,False,0.022783804708643038,False,0.015808876829393418,1.821509838104248
86544,433.07547936446275,374,True,3.644433100539286,True,0.0159943832322107,1.5511716604232788
86960,608.6865957606757,500,False,0.10714020955525828,True,0.01598120915241846,1.368488073348999
87360,662.2212021182498,500,False,0.18900632628943426,True,0.016049676788340458,4.518860816955566
88448,476.44628493075845,430,True,2.789502722994149,True,0.016272096025397677,0.9882388710975647
89200,792.4349394025011,500,False,0.033608427202807115,False,0.016558993624999758,1.2167516946792603
89216,783.2536540022853,500,False,0.02076810682461575,False,0.016601599061725647,1.4955334663391113
89248,622.2380729587733,500,False,0.2096519685175043,True,0.016600375429135644,3.659440517425537
89760,783.0374648161879,500,False,0.11291536384214082,False,0.016602272068045612,1.2369537353515625
90096,651.7001040582956,500,False,0.14010704735485802,False,0.016774512415166972,3.52815580368042
90832,692.9461905691975,500,False,0.2567943129297909,True,0.016808169971184277,1.4505202770233154
91648,555.4833758574032,500,False,0.2118213000725962,True,0.01682826088905544,1.47795569896698
92160,286.99075516714913,300,True,3.8385678414068325,True,0.016951338900682067,1.5096769332885742
92672,655.75592637196,500,False,0.25269506166076966,True,0.016817907672280162,1.4111427068710327
93152,686.9509555264012,500,False,0.2610492650727135,True,0.016986641798976885,1.1819019317626953
93568,792.9719216679516,500,False,0.15946712349450437,True,0.01696932834490863,1.8511512279510498
93584,760.5929981604672,500,False,0.022852048148705725,False,0.017031396569816035,1.5428742170333862
93872,212.96646750820608,257,True,2.6300500360849925,True,0.0170315363295227,1.4358655214309692
94032,323.85097252636547,301,True,1.2343813795486969,True,0.01697305398583812,1.3307507038116455
94288,636.2084325466477,500,False,0.1593659594042521,True,0.016970528904454087,2.345963954925537
94544,755.3434936357575,500,False,0.12992942914936922,False,0.017014229985506748,1.0715594291687012
94912,190.17177503927687,255,True,2.872280499287047,True,0.017157621361666313,2.125595808029175
94960,621.7855378221969,500,False,0.045385963363928375,True,0.01726684250545734,1.3358564376831055
96192,482.31617734722204,484,True,2.4560837068244212,True,0.017301369988994182,1.6084973812103271
96448,121.27701702838134,179,True,3.0515421940838934,True,0.017047296025929314,2.6906909942626953
96992,115.07604867392145,185,True,5.585832725985293,True,0.016989768821029497,1.2023530006408691
97200,578.4193486768703,500,False,0.3313217006475476,True,0.017003796777441772,1.589261770248413
97248,539.8513180445017,500,False,0.15896076342325027,True,0.01713492130997598,2.1524553298950195
97488,162.7940319149034,184,True,3.1212342565740734,True,0.017155005091468646,1.191940188407898
98096,617.0749662629302,500,False,0.26321527193406224,False,0.01729856603837043,1.5388658046722412
98880,133.06064926777418,168,True,2.877321753097349,True,0.017358124621653287,1.739255428314209
99648,765.8314841958111,500,False,0.2401237934524578,False,0.017434867846085167,1.4578993320465088
100160,657.531778313393,500,False,0.24591780982035372,True,0.017518392680599182,2.0574209690093994
100432,455.70790078897346,342,True,1.8274939984138292,True,0.017570615604737043,2.412998914718628
100672,690.713700644495,500,False,0.08951787013865181,True,0.017604321842208323,1.5402181148529053
101152,799.7805808337505,500,False,0.17332788608797672,True,0.017690040293475564,3.594733715057373
101568,592.2264675808009,500,False,0.2743999427368676,True,0.01783562539883751,1.3951988220214844
101872,500.48301752795817,500,False,1.3854885241560428,True,0.018037827811672576,1.5266737937927246
102288,616.2936493560492,500,False,0.05281382077751053,True,0.018049462397282896,3.930563449859619
102816,414.46028544101017,351,True,3.449058248807749,True,0.018127776321342076,1.6549427509307861
102912,652.2939084903603,500,False,0.11879147408217157,False,0.01829847640118338,1.7283884286880493
104448,638.0279417677732,500,False,0.14984187418878833,True,0.018382062898116516,1.667820930480957
104992,697.7459526798398,500,False,0.09084753930043239,True,0.01860067272435391,2.083158493041992
105248,768.4281907504134,500,False,0.25396107508406535,False,0.018422643761255453,1.7699213027954102
105488,452.4440442260868,500,False,1.9383522221640022,True,0.018343808184868055,6.824851989746094
105968,314.01855912113194,275,True,1.9916001006518005,True,0.01825203515882974,1.5769035816192627
106096,256.83476355616875,264,True,1.9289148437868715,True,0.018467513294870626,4.0711669921875
106096,671.6546940568497,500,False,0.32166182625996403,False,0.018467513294870626,4.0711669921875
106624,412.39079921222003,372,True,2.236206309516326,True,0.018476011187103403,1.804998517036438
106880,668.1401851414345,500,False,2.1366754857097012,True,0.018467512686789863,3.0909132957458496
107648,652.9815279856222,500,False,0.305617498894001,True,0.01834977588222144,2.04416561126709
108160,257.76118246879906,500,False,2.295062699241708,True,0.018413262366491285,1.58807373046875
108432,648.9611988556629,500,False,0.3210895957467144,True,0.01870375314586382,2.026623249053955
109152,651.2431512599068,500,False,0.4134753864968054,True,0.018956404062853496,2.604046106338501
109312,100.02047527563458,201,True,2.9661975698673593,True,0.019217941360397492,1.9628362655639648
109760,161.41477867168882,298,True,2.9121652571833523,True,0.01921392490191096,1.569522738456726
110288,657.520658306903,500,False,0.22005893683892666,False,0.019295125652634054,1.507735013961792
110816,577.0589400423625,500,False,0.3434898381425603,True,0.019333706315349072,2.086451292037964
110912,618.6838146082131,500,False,0.2568884263563207,True,0.019348654647774143,2.445338487625122
112448,544.0006329425016,500,False,0.4132086638582626,True,0.01931461708724665,6.1390814781188965
112464,471.71234711355834,436,True,2.3034718751325167,True,0.01939264096906981,1.82974374294281
113248,611.045119295931,500,False,0.13440674749254897,True,0.019394825879228663,3.4913907051086426
113888,435.1991769160968,341,True,2.924771631669199,True,0.019689661004921012,3.005293846130371
113968,756.4292961245908,500,False,0.13322329608667155,False,0.019693874025604817,2.370814800262451
114096,758.9466816159878,500,False,0.2363016125580478,False,0.019677431168044136,2.900545358657837
114272,279.01194523541903,249,True,3.008643304405217,True,0.019694234017742774,2.377224922180176
114624,623.576764741813,500,False,0.26352226574445575,False,0.019805146919878783,1.7746139764785767
114880,479.0971400902766,500,False,1.3713332631193864,True,0.020090250578384483,2.0715603828430176
115648,714.318561064235,500,False,0.0722678100308783,True,0.020149702590689017,3.243966817855835
116144,355.26624670436775,327,True,5.164902675980264,True,0.020209037334290643,2.1002273559570312
116160,644.4081642430082,500,False,0.3007697198643263,True,0.020157017074158574,9.859687805175781
117152,650.5005451279778,500,False,0.3062145435639136,True,0.020165993502588936,1.9150092601776123
117312,229.81378450440062,500,False,2.089692119508637,True,0.02044915505873703,2.2634544372558594
117760,462.62941875930426,500,False,1.0544775816971481,True,0.020324495550295054,2.1505119800567627
118000,237.84830719406344,211,True,3.256101291979806,True,0.020099246237215873,3.5336718559265137
118528,401.31907852662124,380,True,2.8283428988173878,True,0.02004025616286139,2.276479959487915
118816,502.6910658869491,500,False,0.35406130428362026,True,0.020099039348421707,2.245631456375122
120464,639.2353572325845,500,False,0.14900377476646576,False,0.020126109924831995,1.8528375625610352
120880,458.12935860586634,375,True,2.454899153854918,True,0.020487830998885754,1.9581634998321533
121248,546.7698606909495,500,False,0.1542592842262461,False,0.02062678283312626,2.3801703453063965
121792,123.50283225792381,290,True,3.545577865690391,True,0.02076934125846771,2.1986465454101562
121888,784.7240037922503,500,False,0.08933781020442763,False,0.02083302424786201,2.1492762565612793
121968,754.3436694519692,500,False,0.061230605176689726,False,0.02084777710874604,2.305541515350342
122096,767.3928430893683,500,False,0.19863012884579265,False,0.02093669676181768,2.2333569526672363
122272,661.4084065427163,500,False,0.2633228982983371,False,0.021063809908906033,2.0974278450012207
123632,483.14588512222815,367,True,1.6963326810821495,True,0.02115190682427273,4.154462814331055
123648,634.7838043530259,500,False,0.23305415929272225,True,0.021273912081745117,8.87881088256836
124144,629.700583428756,500,False,0.23006752630673225,True,0.021260672992739264,4.908594608306885
124160,582.6279395684574,500,False,0.5878607542526126,True,0.021290137863126776,2.381044387817383
125312,570.220723523054,500,False,0.3173991118613808,True,0.02128500267956008,3.829357147216797
126000,684.8754659205435,500,False,0.18327436302239747,True,0.021315541412395257,10.347874641418457
126528,611.7040971335853,500,False,0.16818388103174617,True,0.0214356207523901,3.7209877967834473
126816,254.4479025387233,500,False,2.08676376719426,False,0.02136848321509399,2.6131503582000732
127424,348.38261346160937,333,True,1.5030797881313647,True,0.021477717385424006,2.7482287883758545
128464,704.1051057116016,500,False,0.9050766314672378,True,0.02152628645815635,1.9577405452728271
128880,536.2425784821173,500,False,0.9952628704029658,True,0.02150850332922096,2.696234941482544
128944,612.5435422044939,436,True,3.0963807255450675,True,0.021324952965791007,2.6972994804382324
129248,626.6050495903504,500,False,0.261097228957672,True,0.02131953618589364,2.620655059814453
129424,57.1057124804022,163,True,2.2681422773994218,True,0.021344667665277216,2.679408550262451
129792,605.0712962717968,500,False,0.1379142510197157,True,0.021416018391732145,3.6401021480560303
129888,659.4459412564888,500,False,0.06077892580092295,False,0.021293427735649944,2.917943000793457
130016,177.70983370029725,366,True,6.000593389535955,True,0.021273208459661137,4.375543117523193
130272,653.8220409345295,500,False,0.16384331597346763,True,0.021280636407062882,3.0774271488189697
131632,552.7883762280234,500,False,0.21797573988751257,True,0.021228770533100884,3.018181324005127
131648,374.9810043415822,500,False,0.8694917961656584,True,0.021531413522713216,2.1967968940734863
132144,720.2523662230084,500,False,0.049373403388737226,True,0.021529395217607532,4.123215675354004
133312,582.3775625696736,500,False,0.10117960198851314,True,0.021704591487293094,2.3444979190826416
133488,356.4478076502969,288,True,2.7608835134361316,True,0.02172175221136504,6.67084264755249
133952,291.9547583689141,260,True,1.6664842432887235,True,0.021813952695631772,2.299396514892578
134000,707.7717925265719,500,False,0.04617449654116107,False,0.021703743858613428,5.694361686706543
134528,687.9043671264105,500,False,0.14476802110664938,True,0.021668415343294743,2.4567623138427734
135040,478.4638841907584,411,True,2.3677150579540243,True,0.02150194710800465,2.6556475162506104
135424,673.3111974007826,500,False,0.10573113712059874,True,0.021487647685081993,2.9694790840148926
136944,725.1604046345805,500,False,0.10346967605457744,True,0.02159936861947149,2.5923235416412354
137248,774.157194736449,500,False,0.034372229073999755,False,0.02158904429880377,1.9902472496032715
137424,694.8983116862262,500,False,0.082403931609365,True,0.02176483425102398,8.839271545410156
137888,772.1585480894881,500,False,0.06492177406461482,True,0.02172975405837606,2.7851226329803467
138016,760.0279726165445,500,False,0.12376793342323404,True,0.021552097930886752,2.172775983810425
138272,612.6960970256806,500,False,0.2949310428520759,True,0.021460843083727456,2.262446403503418
138464,339.0200592978327,322,True,1.3432694340989388,True,0.021390390508529075,3.007469654083252
139472,261.4556100822326,253,True,2.7745930734618405,True,0.02152998037657463,2.2356319427490234
139632,843.5649998172711,500,False,0.08257760464175433,False,0.021543803199191653,2.1956946849823
139648,723.6992186053274,500,False,0.07230286993709213,True,0.02165118534363074,2.2152748107910156
139808,166.43212276756034,160,True,1.1110393054215475,True,0.021665620036939847,10.381380081176758
140144,863.4868658198044,500,False,0.0756887065109743,True,0.02173510376039109,2.4329445362091064
140864,589.5513812236816,396,True,2.4183656932688393,True,0.021646598125195267,2.438324451446533
141488,695.8454977774314,500,False,0.0771482505676197,True,0.021718887949265516,4.603832721710205
141520,167.82005259776625,227,True,4.804088601988048,True,0.02206181586764596,8.563486099243164
141952,764.619776940093,500,False,0.12736004213419916,False,0.02208074147481312,2.7914836406707764
142000,585.3155265200886,500,False,0.7793452791245156,True,0.02230747353721192,2.344538927078247
142112,288.49059126105294,256,True,1.436550029718127,True,0.0223622113518248,2.1049790382385254
142480,141.92357192054513,167,True,6.076197695426791,True,0.0223643431457496,2.6501564979553223
143040,787.4716351208117,500,False,0.052269647322597715,True,0.02226953426466012,9.565776824951172
143680,464.8953116502899,391,True,3.314112538745347,True,0.022395084344291216,2.2259063720703125
144944,758.9422359970954,500,False,0.057341465285345034,False,0.02197120787450086,2.499011993408203
145600,210.50421862741896,296,True,3.0905381062973505,True,0.022143540566622835,3.505479335784912
146272,707.2381864745537,500,False,0.12603338872012787,True,0.02235479611517739,2.7517285346984863
146464,688.2307472602319,500,False,0.16560918531122992,True,0.022527929195555838,5.2229509353637695
146928,391.29572556857727,340,True,3.1106735822858393,True,0.022416668740542187,14.678003311157227
147472,914.2983873400545,500,False,0.03227295557700908,True,0.022515376401815834,7.90213680267334
147632,706.242631403731,500,False,0.10741491048796217,False,0.02245443513082407,9.672764778137207
147632,365.34359509871524,352,True,2.9977731792505935,True,0.02245443513082407,9.672764778137207
147648,550.3337536794264,500,False,0.11461070052581333,True,0.022502017726967156,2.9886205196380615
147696,249.6655745689439,326,True,4.237174000082863,True,0.022507295231692245,2.380810260772705
148144,794.1529310667544,500,False,0.10561798079075324,False,0.022490119140248423,2.93009090423584
149520,773.3416925596033,500,False,0.0492844449176404,False,0.02255845607509496,9.559615135192871
149888,301.9573047288087,268,True,3.115372325640153,True,0.022275973795710866,5.7215776443481445
149952,703.3513679445249,500,False,0.10475887938230227,True,0.02235868474537955,6.1884660720825195
150112,678.8300715585048,500,False,0.11135844625234491,True,0.02235434496096455,3.302656650543213
151040,828.8554801893756,500,False,0.08008114104996424,True,0.022348111485537024,4.283446788787842
151296,175.13000469510501,228,True,4.131786132722528,True,0.022456081869759406,2.6180813312530518
151680,775.9897694778101,500,False,0.18687346497815976,True,0.02239586797202992,3.530815839767456
152944,685.3392527064849,500,False,0.1584729303913646,False,0.022435226030851223,5.234222412109375
154272,648.4383716101248,500,False,0.07157700819299936,False,0.022380169624498156,3.856333017349243
154464,670.3752311742526,500,False,0.2024403224686382,True,0.022298627013344112,13.949630737304688
154640,589.871903688379,482,True,2.293905353849271,True,0.022328996501258403,9.846529006958008
155056,243.7250422355659,309,True,3.3225893421519666,True,0.022270864500789484,20.470958709716797
155392,629.1695144369372,453,True,4.368069840847548,True,0.02215772019493253,6.312222480773926
155472,737.1108434199277,500,False,0.3460400999106281,True,0.022246101589731497,2.574087619781494
155632,648.2010900653098,500,False,0.2168298938016348,True,0.022261347248898222,2.8242242336273193
155632,375.66455284199685,500,True,1.3766240396154692,True,0.022261347248898222,2.8242242336273193
155696,732.861451220932,500,False,0.09929817060726204,False,0.022209459982876757,6.476830959320068
157264,521.9810969861908,349,True,1.3555644461986338,True,0.022133390774860637,3.2015023231506348
157520,670.8171927092822,500,False,0.20433266835608674,True,0.022117716927533133,2.763002872467041
157696,477.0468384162407,400,True,2.1722854319768943,True,0.022013415648787994,2.8691344261169434
157888,692.7680705883749,500,False,0.1786655286274543,True,0.02200638647713525,3.7863972187042236
157952,603.0391176198317,500,False,0.21678589347352759,True,0.02199131215168102,3.7846298217773438
159040,698.8410680559749,500,False,0.19405663718182498,True,0.021963999674537996,5.002411842346191
159104,102.25251124980937,227,True,1.38306597061027,True,0.022410479164528704,4.900771617889404
160944,725.8965513185933,500,False,0.11852863397781571,True,0.022426126550675544,4.295421600341797
162096,469.7674126635796,404,True,4.013656883171891,True,0.022500208723248784,2.3777503967285156
162272,647.0784910184309,500,False,0.1252656236506558,True,0.022909682919147942,15.38499641418457
162464,789.1886861004067,500,False,0.15963303891026398,True,0.02284847211640217,3.5765199661254883
162640,338.7336593226545,500,False,2.0507304951616474,True,0.022919896650462148,5.302701950073242
163056,722.442126709342,500,False,0.10661669389842375,True,0.022774585741441356,3.600945472717285
163392,719.65506430369,500,False,0.20663096809529982,True,0.022954984631373836,4.777271270751953
163632,704.8070287788,500,False,0.06682875768500954,True,0.023064931866101073,3.0172274112701416
163680,489.1694031580727,401,True,1.3031553869374284,True,0.022838955496676666,2.2300915718078613
163696,645.8330783973447,500,False,2.2591869348359648,True,0.022795840433981276,8.122995376586914
165520,748.2698357233733,500,False,0.13384399824219326,True,0.022793046183640694,3.8841803073883057
165696,609.3117021585538,500,False,0.6592142811779528,True,0.022997541011599742,3.0858688354492188
165888,727.1722453094613,500,False,0.08449396225090013,True,0.022869167496730236,4.5951313972473145
165952,703.3522953005453,500,False,0.11740199903199684,False,0.023016898335881164,3.068878412246704
167040,731.6341037091541,500,False,0.10774013136752177,True,0.023045074386527344,3.328129529953003
167104,609.6568812692955,500,False,0.14414570861218118,True,0.02348178809468682,3.853062629699707
167264,491.5321310355866,395,True,2.889145853527839,True,0.023527610841258362,15.319967269897461
168160,305.2432994432086,283,True,2.1383330385035606,True,0.023497194584618176,3.772854804992676
168288,157.9985874787906,173,True,2.1365315577776713,True,0.02357643964404515,7.0450005531311035
168720,282.0903786849295,314,True,3.8913706051322574,True,0.023662656079036008,3.3658618927001953
170096,706.8484498094263,500,False,0.15551488180162423,True,0.023993271064991304,3.6159024238586426
170272,451.57700918389844,500,False,1.64273067568242,True,0.024110538661620825,3.5313494205474854
170464,794.551532905884,500,False,0.14987828111615656,True,0.024142115019178564,26.237564086914062
170640,669.1732108616933,500,False,0.14699621506839283,False,0.024163104777356812,2.906512975692749
171056,686.9283258148242,500,False,0.10522684927361108,True,0.02397905300714659,4.303949356079102
171392,741.3682792857426,500,False,0.1626819807895335,False,0.02402080698766642,3.5341289043426514
171680,582.0123225411593,500,False,2.944570774904303,True,0.02395536713373462,3.143573045730591
173696,767.0142561238893,500,False,0.06817023509277938,True,0.024131346986108596,2.8536744117736816
173888,702.7460453449654,500,False,0.05870528661010004,True,0.024206639309618663,2.8261873722076416
173952,768.9115323747399,500,False,0.05230701624796599,False,0.024242241922620957,2.281101942062378
174176,342.82779063152486,244,True,1.3800873831513432,True,0.02422126905111775,2.6632533073425293
175040,820.9043543604153,500,False,0.07532191859222906,True,0.024245943237846148,3.0999691486358643
175104,716.3688102208986,500,False,0.08107482145201106,True,0.024439904055662508,3.6210241317749023
175120,250.54709482872929,233,True,3.2832873400024245,True,0.024410168553043964,3.5327720642089844
175216,427.06156050210194,497,True,6.023737403691266,True,0.0244110856301027,3.3062329292297363
176160,632.1230049776702,500,False,0.06905798233840485,False,0.02438072535110569,2.7990987300872803
176160,415.19791245632774,356,True,1.6952580220185507,True,0.02438072535110569,2.7990987300872803
176288,678.4742726930139,500,False,0.18959405072370317,False,0.02398713462872368,3.778965473175049
176720,757.0134899821319,500,False,0.030274406813908326,False,0.02392666963662347,3.4860076904296875
177824,553.8661936667477,449,True,3.3973983559940772,True,0.02393734893200386,4.11778450012207
178096,466.2753130171017,500,False,1.0804792508001009,True,0.023714861482349418,2.6112093925476074
179056,495.0425550131063,500,False,1.8127361835564193,True,0.023987692898813168,6.3634772300720215
179680,849.6072779428761,500,False,0.08450812892489278,False,0.023983319228818203,20.303050994873047
180112,186.77689920313105,247,True,3.0840120080539046,True,0.024126557374692388,3.8198304176330566
180880,468.34079074943907,361,True,3.894912119815948,True,0.024397034855027186,4.32963752746582
181696,428.59881276441723,500,False,0.7310220110084007,True,0.02459643655129445,7.668972015380859
181888,659.0733017997348,500,False,0.4719876714049961,True,0.024684261694261838,4.926931381225586
181952,691.3911924102301,500,False,0.2978161595430041,True,0.02456430448116442,4.051270484924316
182000,233.99189756437454,261,True,2.276228503871531,True,0.024599864214471155,4.713131904602051
182176,687.7248678683351,500,False,0.10709357879666805,True,0.02464083018052804,3.359808921813965
183040,626.3526332212075,500,False,1.052493774266626,True,0.024537246240663068,6.007167816162109
183120,653.2172581711732,500,False,0.21403534947068747,True,0.024755155152956735,3.659045696258545
183216,651.5273612623542,500,False,0.2501051327644527,True,0.024869626824079064,4.78144645690918
184160,703.2284644620238,500,False,0.09772394833133526,True,0.024835255896452697,3.739830255508423
184288,779.9511577029822,500,False,0.10657014555758351,True,0.025290729508447747,3.4385812282562256
184720,760.6553305117577,500,False,0.13512699466135747,True,0.02528961292426324,3.711700916290283
186096,688.3421224242794,500,False,0.24147129871384504,True,0.025010739978672394,3.2932589054107666
187056,673.7556599741691,500,False,0.312014309614306,True,0.02500578870032512,4.630909442901611
187680,574.8840809437962,500,False,1.4037191278460872,True,0.0250670117823879,3.4002130031585693
188112,668.0775551620019,500,False,0.060246932791347525,True,0.025135655194122256,3.31705379486084
188880,782.1155778311373,500,False,0.13710269363329192,True,0.025517960401584074,2.678791046142578
189696,568.116106350924,500,False,0.599607370647353,True,0.02604823660239268,3.313535690307617
189888,742.7358276797528,500,False,0.1567286170773507,True,0.02586584503942138,10.471725463867188
189952,609.0246198699565,500,False,1.6164730831901257,True,0.02583496583328316,4.461846351623535
190000,768.1357071360216,500,False,0.08061728569853216,False,0.02585070542163994,8.051011085510254
190048,424.38422146244193,360,True,2.1284142874539245,True,0.025870094848933215,3.301480770111084
190176,712.3151695417973,500,False,0.12659714134043493,True,0.02587194638396521,2.8641273975372314
191040,650.6329648686484,500,False,0.0917036901876487,False,0.025829869867528825,3.609382152557373
191120,701.557340079845,500,False,0.0698124360592164,False,0.025655382625583104,2.6940040588378906
191216,662.9408285618362,500,False,0.04719518581689475,True,0.025609892592958695,27.039321899414062
192160,724.2403060639613,500,False,0.14027541737985436,True,0.02555193967270872,2.5584638118743896
192688,301.1172666910127,412,True,4.0398039100979055,True,0.025584647071888785,4.223438262939453
192720,766.9787818846727,500,False,0.031942660223833755,True,0.025667799391173342,3.8119606971740723
193248,116.84744723562284,203,True,2.7562063105119528,True,0.025670409525938243,5.771078109741211
193360,299.80462718495926,280,True,1.725298268125174,True,0.025637584414545195,3.2844858169555664
193904,180.14108128153356,251,True,4.79377811373657,True,0.025640700311929276,3.345717668533325
195056,707.6971778820481,500,False,0.06523472709839513,True,0.025639493254842546,3.373131513595581
195680,736.4483088524084,500,False,0.036612187903895345,False,0.02573700078433829,13.156209945678711
195872,314.100459126652,291,True,1.6107031107342162,True,0.02593058144156873,3.5839524269104004
196112,852.9391084793997,500,False,0.04464381171225159,True,0.026004533621252775,6.482250213623047
196656,253.1696597800034,248,True,1.8044240866483705,True,0.026330712351675525,3.0438239574432373
197696,741.2882480923585,500,False,0.07576026739745809,True,0.026332822573109323,2.62908935546875
197952,741.5535211638042,500,False,0.08011930434486131,False,0.026578539662545482,3.983771800994873
198048,628.2328153460015,500,False,0.08698499978929897,True,0.0264078819611609,3.6198720932006836
198176,676.8240360639453,500,False,2.4708873128445195,True,0.02636352121031468,3.2389917373657227
199040,862.6715636647934,500,False,0.048136783753199394,True,0.026370944299486814,4.933818817138672
199120,669.7820465833477,500,False,0.05438108408301553,False,0.02654730210230998,2.9837770462036133
199984,242.80256903743245,380,True,2.5554832905499514,True,0.026529774051454805,4.656652450561523
200160,258.18359870545106,500,False,2.6577390441857798,True,0.02625605476946791,3.844086170196533
200720,848.5995213182676,500,False,0.0835907786245747,True,0.026125623734456416,40.969627380371094
201248,701.9693453988411,500,False,0.09518417009379963,True,0.026273650109274085,5.628264427185059
201360,691.6723453556433,500,False,0.09816110604823303,True,0.02613814066485085,3.252164602279663
202144,251.90017013788048,262,True,1.8132890260170003,True,0.026237810397528222,3.1762614250183105
202528,190.49626499411028,302,True,2.0258558072305872,True,0.02585062365520346,2.745952606201172
203056,675.678335810284,500,False,0.3170567392392891,True,0.025837751094233922,3.255432605743408
203376,465.11638563029635,420,True,4.379546955855022,True,0.02585532275218928,6.2112884521484375
203680,761.6251713185067,500,False,0.049490836438011145,False,0.025841534645248312,2.4450695514678955
203872,568.1535213912132,500,False,1.0337239905055102,True,0.025643886569590015,3.887209892272949
204112,814.7942366587768,500,False,0.12462883387736236,True,0.025600409996734852,4.920090198516846
206048,762.7518166920527,500,False,2.907907876000922,True,0.02570201861817485,2.9023709297180176
206144,348.044293276599,299,True,2.4193670286749436,True,0.025204568446083715,17.4374942779541
206176,650.7178391067357,500,False,0.13188631596171638,False,0.025186531138249178,4.015436172485352
206368,311.3636848439937,388,True,5.055971357457324,True,0.025204524050371678,2.854449987411499
207040,783.105914924052,500,False,0.047796804553951806,False,0.02538998087769581,5.900323390960693
207120,714.5822719893359,500,False,0.0989313423985741,True,0.025608463871575067,9.223143577575684
207984,771.9195553344849,500,False,0.06929131735710849,False,0.0256057842405153,2.255784511566162
208720,314.38633438880066,500,False,0.16261790949239316,True,0.025852070595229697,3.216867685317993
209248,463.4481609384143,500,False,0.24592087169275603,True,0.026042200933641558,2.9851183891296387
210144,401.42516851043257,500,False,0.44826233117914793,True,0.025868484079674552,5.048239707946777
210400,645.1966935860852,439,True,2.4655618709462743,True,0.025860648236687527,13.309614181518555
210528,612.2889422783186,500,False,2.847608778732215,True,0.025681968426646547,3.1048808097839355
211056,797.3054056698704,500,False,0.05477481378792808,False,0.025644659856036072,3.84262752532959
211680,744.334413598514,500,False,0.018763303328536016,True,0.025641628021063467,2.5903806686401367
211872,673.885780623873,500,False,0.9034087293786753,True,0.025896235073382283,29.109447479248047
211936,140.49270139635595,201,True,2.787674943048321,True,0.026129046355031178,3.391104221343994
212112,884.3203146618566,500,False,0.026187005046752608,True,0.026100089385559765,3.558628559112549
213136,557.6359396021388,443,True,1.9558921605722728,True,0.02595759397589853,4.67667293548584
214144,328.5037373078569,500,False,0.6831283366816924,True,0.0259532527433459,12.671197891235352
214176,543.7465687745712,500,False,1.0259963436114912,True,0.025512020994243302,3.8662819862365723
214368,440.29976107653584,500,False,1.229662763909721,True,0.025532021553887285,4.838915824890137
215040,882.3898136226583,500,False,0.07237792455394161,False,0.025710838009491182,24.710430145263672
215120,784.5905765293371,500,False,0.05048924089066704,True,0.025541621480311177,16.00994110107422
215984,572.722664241409,500,False,0.20889554195033155,True,0.025586681210300884,4.793296813964844
217248,771.8404342003629,500,False,0.039357087016078034,False,0.02567494261669052,2.461216688156128
218016,512.707029652212,396,True,1.7158088170643115,True,0.025488535001328902,3.103394031524658
218144,405.0780172739456,500,False,0.23156166224442976,True,0.025569364974819694,4.175770282745361
218400,623.6869269598133,500,False,0.43360666175035806,True,0.02552390992589341,5.803659439086914
218528,709.6671811671222,500,False,0.14920932606633308,True,0.025483256509522503,2.4190516471862793
219056,773.2541312256521,500,False,0.19803169690506142,True,0.025424135099294046,2.850454330444336
219872,733.0625863993448,500,False,0.13660853994402125,True,0.02555366373799815,3.1329009532928467
219936,708.1262785311383,500,False,0.28857563815513765,True,0.025598394257253517,3.620941400527954
220112,807.2790238067469,500,False,0.06766799651718133,True,0.02566642885686986,2.4606494903564453
220880,236.3642439626408,360,True,2.2520933394732148,True,0.0258921837967284,7.535052299499512
221136,573.8449462846197,500,False,3.1272285210358546,True,0.02593548025277817,5.373406410217285
221440,276.43334702450306,262,True,2.3686923108020843,True,0.02584110214741522,13.11823844909668
222144,782.773040646696,500,False,0.023007288790526336,True,0.025456213804506904,4.85040807723999
222176,737.8417458543645,500,False,0.34449639705058765,True,0.025701289136449125,2.705732822418213
222368,793.1014854353205,500,False,0.11440487681180266,True,0.025726154197005545,4.598245143890381
223040,756.8376880614268,500,False,0.05135966664877512,True,0.0258517208234814,2.905586004257202
223984,350.0572653696553,500,False,1.4700433028567608,True,0.025916422447216134,2.974407911300659
226016,793.3763166441897,500,False,0.07625362312301244,False,0.025959287241952015,31.938894271850586
226144,541.6940373697983,500,False,1.4976662133962084,True,0.0254264664802627,6.136973857879639
226400,763.3555813335704,500,False,0.051992764146422954,True,0.025352880001548946,7.362279415130615
226528,862.7176076599973,500,False,0.04469782128670762,False,0.025195869229795352,4.845184326171875
227056,376.5333067514733,500,False,1.7114185053159272,True,0.025227002548829033,5.483765602111816
227872,746.690333334861,500,False,0.07095432659401275,False,0.024989091704894648,22.374500274658203
227936,615.0697411096653,500,False,0.5554985000227417,True,0.025058187572103773,2.731955051422119
228112,485.4866775917847,500,False,0.41815869182961124,True,0.025145860638273145,10.690858840942383
228880,742.3870027361534,500,False,0.08558091283525633,False,0.025277399257763313,2.943816900253296
228912,468.737335138445,367,True,2.7842128431624293,True,0.025574768245530406,2.326693296432495
229136,755.1940511335235,500,False,0.12624838258460935,True,0.025569652838256608,3.6540722846984863
229440,488.9002952108068,500,False,3.226306097776603,True,0.02539483050313035,17.61760711669922
230144,701.8852818199009,500,False,0.10649118156762258,False,0.02525813630044057,3.020132064819336
230176,851.7702037498282,500,False,0.08017130818360008,False,0.025281277096023493,3.764148235321045
230368,736.1623412956703,500,False,0.7467153472299493,True,0.025288409420932603,11.447203636169434
231984,615.3173535958953,500,False,1.7934078963194982,True,0.025232927183094413,2.953960418701172
234016,670.9207644957864,500,False,0.07070454896839656,False,0.02521339270039951,5.679327011108398
234144,738.7220969371979,500,False,0.03012824977923276,True,0.024811856977198572,2.590381145477295
234352,603.6134646759348,497,True,6.141278757793984,True,0.02469754296248255,11.976912498474121
234528,679.5690094847761,500,False,0.1671889147308638,True,0.024694277587922545,5.7579450607299805
235056,771.2589261982594,500,False,0.040161769792890004,False,0.02452634516466786,9.44347095489502
235872,748.5805713685725,500,False,0.07001653443217086,True,0.024564061613918754,2.832963466644287
235936,707.0041564180005,500,False,0.2935928380998391,True,0.02444719662517345,2.5568065643310547
236112,803.2981878100766,500,False,0.1803966993271949,False,0.024447937050055903,2.3787264823913574
236880,577.7063663019201,500,False,0.8919849554866561,True,0.024438001717216926,4.075634002685547
236912,676.2212411067223,500,False,0.10560723459810163,True,0.02470737335306912,2.97830867767334
237136,774.3263796663028,500,False,0.16541848500944675,True,0.02469067759872977,2.958491802215576
237440,350.44786384761437,500,False,0.8687765694678521,True,0.024572573620504273,3.147780418395996
238144,923.4859239788688,500,False,0.051412929460295465,False,0.024570405388963493,3.890991687774658
238160,116.6785874080898,194,True,2.2950526199331254,True,0.02456371428171773,3.3639659881591797
238176,721.6729820997391,500,False,0.14555170183723357,False,0.024563417099494465,3.3131089210510254
238368,707.8092896540081,500,False,0.051856224234856696,True,0.02455912022148776,4.841142654418945
239232,531.8536197115571,453,True,2.7477950606451422,True,0.02448649324838198,2.757798433303833
239664,452.51368356320353,345,True,1.7332348712323753,True,0.024278827028999955,4.401322841644287
241264,570.0454613296426,432,True,1.7902255848255182,True,0.024430907831397584,2.321211338043213
242016,758.7067044511281,500,False,0.03443808483100108,True,0.024157711524743056,1.7360587120056152
242528,787.7135223639729,500,False,0.05065556737482935,True,0.02419554682633359,7.1881256103515625
243872,689.8618707232907,500,False,0.11087863787465466,True,0.02412401858052223,3.969836711883545
243936,804.8392341098603,500,False,0.03314563384937819,True,0.024362798413043604,5.189547061920166
244112,783.0477295718225,500,False,0.05604906451741065,False,0.024253952603748415,3.3768765926361084
244336,399.8796957258568,319,True,2.6099770974265852,True,0.024152820401830605,2.7987587451934814
244880,735.8328252160701,500,False,0.07058073879326883,True,0.0241371593449,3.769693613052368
244912,645.2412714777919,500,False,0.07972406586857443,True,0.024107192031876685,3.601346731185913
245136,739.2905365270551,500,False,0.06343634457213629,False,0.02407092593503162,21.357616424560547
245440,442.301421192877,500,False,2.775111514366508,True,0.023947466272064122,2.69797420501709
246144,441.3270305309422,500,False,2.1614178786045315,True,0.023767493860511,2.735736131668091
246160,799.7357688032096,500,False,0.0745722651336152,True,0.023880985223726718,3.40185809135437
246176,787.3243159083037,500,False,0.044048635203847226,False,0.02386289252472011,2.8695051670074463
246368,738.0071307795088,500,False,0.16430090874445477,True,0.023840419072176183,6.230247497558594
247664,727.0140107012411,500,False,0.11435653890825906,True,0.02363210451013443,2.8283615112304688
247920,123.23507360993075,249,True,2.620190047846141,True,0.023711152678309453,3.05832576751709
248624,322.75093621797214,268,True,2.1409143277273897,True,0.023551221832224113,2.3736610412597656
249264,552.622096756944,500,False,0.7077863139213755,True,0.023833261648443304,4.319724082946777
250016,718.5878876818972,500,False,0.23289625000598568,True,0.02397549902597191,2.632211208343506
250368,603.0793470302639,490,True,6.0465923178548815,True,0.02397549902597191,2.632211208343506
251872,837.8555008879398,500,False,0.01768240331258161,False,0.023990576198653055,3.3119308948516846
252112,686.5198084459016,500,False,0.35549782767076515,True,0.023588553519920803,2.395642042160034
252880,714.5723448872768,500,False,0.018154495387520984,True,0.023562791272269613,2.661876678466797
252912,738.2461227774505,500,False,0.052049476252173696,True,0.023703472121429797,3.138638496398926
253136,802.6007941481822,500,False,0.0220969597404894,True,0.02371385146680257,3.5576462745666504
253440,737.3738390158039,500,False,0.09157299974420827,True,0.023781227109084757,2.9502453804016113
254144,678.0023625470322,500,False,0.0199091952480044,True,0.023785046427262743,6.0555853843688965
254160,886.6243291046839,500,False,0.03562052145764841,True,0.02391296680428036,4.018990516662598
254176,658.5052864146836,500,False,0.539125475823606,True,0.02392625670657297,2.4084200859069824
254368,715.623572698607,500,False,0.10408433721598646,True,0.023942569805920293,3.1263837814331055
255664,715.0702450066836,500,False,0.0759024900657657,False,0.02411409757758425,3.663041591644287
255920,473.98936741591626,500,False,0.6601412716883,True,0.024005862250617873,13.838491439819336
256624,832.2172383954997,500,False,0.05499762763679653,False,0.024018302072023857,4.078126907348633
257264,816.6517766496206,500,False,0.1371602747279517,True,0.024313371807715006,2.9348504543304443
258016,689.1738711450653,500,False,0.08532389094444644,False,0.023931645484748364,12.556528091430664
258368,792.1700182559542,500,False,0.06523060669029326,True,0.023295670154845564,2.3640761375427246
259120,205.28260112415416,374,True,6.009015892645158,True,0.023584837490876483,2.5425608158111572
259872,841.2607918326744,500,False,0.07692124566486574,False,0.02348524623908317,2.7173492908477783
260112,797.4898017147848,500,False,0.009346667132291857,True,0.023591784672505375,6.754828453063965
260880,772.7865630356932,500,False,0.06536987391995142,True,0.023646527555909166,2.8840503692626953
260912,784.7346575135672,500,False,0.03715272916782138,True,0.02366637381943847,5.826638221740723
261440,485.16550827979745,500,False,0.8601676402069112,True,0.023645496022424047,3.770977258682251
262144,423.2160349370005,500,False,0.6417806577919396,True,0.023801982504185335,6.577672958374023
262160,783.2368867374748,500,False,0.02602105293792349,True,0.02381180804521511,2.4609484672546387
262176,780.9369676616976,500,False,0.04037820661048015,True,0.023796120449845116,4.5372114181518555
262368,728.2838744270041,500,False,0.23056843027453996,True,0.023784427230230717,38.28679656982422
263216,71.2548657908681,146,True,1.1471387855989532,True,0.023758568874878573,3.4430294036865234
263664,492.1011489159396,500,False,1.1760427160642781,True,0.023532600819974634,3.245471477508545
263920,313.41948375047514,500,False,0.3413334487423685,True,0.02364069796960435,2.329361915588379
264624,589.8344954842335,500,False,0.5703035426886025,True,0.02383823076769309,2.690955877304077
265264,748.9261067937574,500,False,0.13387759501751142,True,0.0235730826859644,30.621580123901367
266016,729.4701259076868,500,False,0.03602852817887994,False,0.02329291940058278,16.553699493408203
266368,349.4058399460861,500,False,0.9655793516764382,True,0.0232725589225375,3.2916994094848633
267120,773.0232233244717,500,False,0.05307301602186955,True,0.023243586235760425,9.296545028686523
267872,777.4495359434505,500,False,0.07246488262457716,True,0.02334032077004502,3.2441296577453613
268080,529.7526842645916,498,True,4.10336159995996,True,0.023233915040658182,4.401113510131836
268912,732.1374518784374,500,False,0.12035956736179575,True,0.023251063721578317,2.9230947494506836
269440,744.413874513327,500,False,0.25635190849118894,True,0.02315381599958491,3.9212584495544434
270144,406.23700219895426,500,False,0.8780889350325856,True,0.023489423496862904,5.260069847106934
270160,655.4265627260332,500,False,0.1048863726525185,False,0.02323418534538987,2.4473695755004883
270176,753.5419671078693,500,False,0.09051315508769132,True,0.023232068602592155,2.6566128730773926
270368,699.0107274281033,500,False,0.1895967930192958,False,0.023228096458273086,2.2380599975585938
270944,529.4592314449641,395,True,2.735981161228592,True,0.02311668380894834,2.0961599349975586
271216,691.4656104335066,500,False,0.15727645643007704,True,0.02306766967832289,2.979139804840088
271664,667.4280402833006,500,False,0.12653317316821344,True,0.023119847829024865,5.035921096801758
271920,663.3500314882247,500,False,0.11940659544860463,True,0.023169639654972856,2.3825345039367676
273264,301.8021317555645,500,False,1.3183214935254415,True,0.0234550271383311,2.9328384399414062
274016,649.4165043249747,500,False,0.42618708735412675,True,0.023894081225934678,2.2433102130889893
274368,496.06023406113263,500,False,0.45234439322175324,True,0.024284848074219056,2.2979042530059814
275120,537.6545551166371,500,False,0.9930159105762234,True,0.024504011246754092,3.16621732711792
275536,374.0610038234866,323,True,2.075692634637651,True,0.02437447690101969,2.854842185974121
275872,860.1441985368832,500,False,0.05241828611927843,True,0.024100537130045615,7.207297325134277
276080,847.7990299425417,500,False,0.028048291081811366,False,0.023965152103586806,3.960855484008789
276912,896.0069357441907,500,False,0.0484149071034562,True,0.02397113968169929,3.23451566696167
277440,829.3063985811659,500,False,0.030673636428628408,True,0.023760356898925125,3.7044358253479004
278144,748.6229089876684,500,False,0.08842740824209615,True,0.02394209335963961,2.721043586730957
278160,776.2800080795832,500,False,0.10535777362936144,False,0.023970602101167894,4.41821813583374
278176,790.3435919447493,500,False,0.06983639223316089,True,0.023955641440251363,5.73239278793335
278944,834.9052286970893,500,False,0.1020970475701438,False,0.023945700289166174,4.086146354675293
279216,629.2469200649518,500,False,0.9397513631713774,True,0.02367705013073893,7.233066558837891
279664,779.7478173324035,500,False,0.0430481858776417,True,0.02360756828210394,17.67023468017578
279920,585.3128385719859,500,False,0.30239510233983946,True,0.023785575926284133,3.857311964035034
280032,191.1995948534293,260,True,4.942838781524808,True,0.023784895656098516,3.138493299484253
281072,287.0196750547763,260,True,1.2532917559575611,True,0.02375610744215987,2.877163887023926
281264,809.6844331456786,500,False,0.12407089362234744,False,0.023463819725144053,2.4173669815063477
281392,259.4181712526206,247,True,2.3819059095021213,True,0.023590179287421197,6.147777557373047
282016,469.41140630115933,500,False,1.1293867675129792,True,0.023335978420189602,12.225395202636719
282368,643.3248915178611,500,False,0.26566389197944806,False,0.02295011341262647,3.508702039718628
283088,198.03807876672894,214,True,6.088207649902504,True,0.022886237078298156,3.1234095096588135
283120,751.0796859920378,500,False,0.09838429117187021,True,0.02310512365928988,2.760830879211426
283536,705.5596983823468,500,False,0.21008256038844264,False,0.023046586674518848,9.812906265258789
284000,535.3172563047137,365,True,1.1525353827707687,True,0.023032608441040218,25.534372329711914
284080,447.15191160836685,500,False,0.8058113710615517,True,0.02325289387013222,2.9728310108184814
285840,192.28963657005707,239,True,1.9782459829737726,True,0.023289133182701063,2.476367473602295
286144,736.5174839013442,500,False,0.042478964118262456,True,0.0234784743783079,11.196147918701172
286176,305.9579511196666,500,False,3.1174679324250008,True,0.02362471465715127,34.746734619140625
286944,766.3527701247259,500,False,0.0704380380192134,False,0.023562642494484653,3.6484646797180176
287216,796.7676316888111,500,False,0.02982760414509087,True,0.023124278173407627,4.975586414337158
287920,742.092747555322,500,False,0.20138005510276408,False,0.023136481723431055,6.416704177856445
288032,559.452185079529,500,False,0.9862720884448559,True,0.022963178118454497,2.2329065799713135
289072,785.4901370521368,500,False,0.05040728145223876,True,0.022928816727917283,3.47414493560791
289264,768.7009079110546,500,False,0.13767233404589346,True,0.02232433467957956,3.7048826217651367
289392,604.2968514114734,500,False,0.9188841160562609,True,0.022243413290632195,5.537388324737549
289776,551.8856486067212,390,True,1.5094435173467975,True,0.022280004878203984,3.2274527549743652
290064,156.230334492147,195,True,2.2615336278923768,True,0.02262307269013824,2.718928813934326
290368,722.2592919282235,500,False,0.1859391705664822,True,0.02258424360093885,4.215554714202881
291088,761.949710729657,500,False,0.10176984578656935,True,0.022875972489590092,3.180243968963623
291120,779.6865067859962,500,False,0.08605416323243249,False,0.02334104199073682,3.6700599193573
292000,585.4085487512165,500,False,0.3148777979408247,False,0.023393337432881713,8.488322257995605
292080,849.717979337763,500,False,0.06742979061417065,True,0.023332109595733227,4.406187057495117
293632,396.4804665609926,265,True,1.5289351774915891,True,0.023222846065522683,2.972810745239258
293840,844.1846153814654,500,False,0.028262148213159748,True,0.023515323975200387,2.5873072147369385
294144,631.0722660522416,500,False,0.2491877008636283,True,0.023558052161110045,3.754669189453125
294176,716.3945042977836,500,False,0.10043556260288707,False,0.023468983174507387,3.2134642601013184
295216,870.6222821961142,500,False,0.11663850376598399,False,0.023463265313095356,8.842940330505371
295920,718.1261856621599,500,False,0.20991532585445766,False,0.023589395786975182,2.9514498710632324
296032,527.0947581021421,500,False,1.3746840535936276,True,0.023440677685632856,3.4786229133605957
296640,405.5979200158886,290,True,2.3975340643700043,True,0.023547975009070615,3.0352110862731934
297072,631.1682658511941,500,False,0.33248382063009185,True,0.02401717751175545,2.561431407928467
297200,154.68081407593468,189,True,1.1881716287277353,True,0.024553403235551753,3.8808960914611816
297264,673.7289946790215,500,False,0.036256820962410764,False,0.0246319767171913,4.7874531745910645
297776,500.0241549481146,500,False,1.331026359043442,True,0.024666606149504205,5.728564262390137
298064,757.7920150132967,500,False,0.034201456492412075,True,0.024624012854127915,15.398263931274414
298368,430.3283167299491,500,False,0.7787271885418703,True,0.024710260681186636,3.823476791381836
299088,761.4635381663926,500,False,0.04856651512859313,True,0.02464294493969951,3.7807300090789795
299120,463.4754939678232,500,False,1.81383436431478,True,0.024527511340811513,5.72664737701416
300080,649.9247475591955,500,False,0.7765921500950461,True,0.024221030165949963,2.7335996627807617
300304,223.05822116877258,202,True,3.0118399499176034,True,0.024252288597229884,9.378717422485352
300400,421.14708076783836,324,True,1.4096526700627665,True,0.024448707793852,3.1651206016540527
301632,532.9136007656489,500,False,0.9671616625995806,True,0.02459014804390765,3.0962281227111816
301840,739.0024823338439,500,False,0.034456799885838656,True,0.02388824176146631,15.744352340698242
302144,783.2562362060253,500,False,0.08312571383449832,False,0.023649843668674224,15.535421371459961
302304,269.2297456275637,283,True,1.3240937455572732,True,0.02359235155942958,8.357112884521484
303440,576.2022337756214,425,True,0.8302144769484678,True,0.023473286131502676,10.387187004089355
303920,622.0133506286658,500,False,0.3652517529005777,True,0.02321055179439273,4.263648986816406
304032,768.7354232085166,500,False,0.11463982489029798,False,0.023224594538548634,4.313753604888916
305200,731.8444323441978,500,False,0.09287144273274053,False,0.023219637883624578,3.5512804985046387
305264,771.8530419880908,500,False,0.1014193064995641,True,0.023812814821886307,3.67630672454834
306064,534.1305746427914,500,False,0.13573665445963679,False,0.023832757167502664,3.3599753379821777
306192,508.6685755457706,368,True,2.203533328003453,True,0.024332995275957888,5.193769454956055
306368,743.2703792894629,500,False,0.13065757427324914,True,0.024426547971019296,3.3648953437805176
306464,201.60279712946482,260,True,2.240210754504047,True,0.024618781799192822,3.241466999053955
307088,854.562837649303,500,False,0.066829618344061,False,0.024588724165115906,2.9239070415496826
307120,801.1177748165758,500,False,0.02519247099907069,False,0.024776479229509825,13.036375045776367
308080,893.492267595726,500,False,0.052754656078237885,True,0.024851903641378265,6.405311584472656
308400,772.0065221729207,500,False,0.032926626975285034,False,0.024910501916740147,2.5894365310668945
309376,566.4591965962818,341,True,0.9356513935516202,True,0.024651750338430485,2.1759707927703857
309632,766.853760272699,500,False,0.13873953135759548,False,0.024285589476158914,5.530413627624512
309840,707.4576925658176,500,False,0.025293255649287843,False,0.02439014799437299,4.372053623199463
310144,396.31044170089854,500,False,2.007265060715116,True,0.024331424085738948,3.7793915271759033
310400,412.07922993990917,263,True,2.1732574168411594,True,0.02412157367208641,3.453969955444336
310496,338.03958699877467,252,True,1.8062481806864223,True,0.024017931223434735,21.308353424072266
311424,405.441552134894,385,True,2.4828362299134836,True,0.024055821181378632,2.591477632522583
311440,883.2519877631364,500,False,0.030977813712176536,True,0.024532962990838233,6.2207818031311035
311632,560.1309613689785,475,True,1.5882472679526323,True,0.02453974222994412,7.513573169708252
312272,370.715107423021,324,True,2.4554755343395867,True,0.02451955844262873,6.312676429748535
313200,745.8792389759146,500,False,0.06679302500623004,False,0.024521670240411197,3.017103910446167
314064,807.7278511978543,500,False,0.1957021820142089,True,0.02432863216550959,3.5070769786834717
314368,550.2478847427251,500,False,0.6281447342283577,True,0.02448234815846193,3.897627830505371
315120,445.5228708175672,500,False,1.4439924006292593,True,0.024549966927458765,2.660306453704834
315872,415.82045626975963,342,True,0.5958279088804969,True,0.024714082721301447,3.7541861534118652
316080,516.7581941757231,500,False,2.5542044845576237,True,0.024703957446629943,3.7372117042541504
316400,828.1909594444303,500,False,0.29375120367266927,True,0.024925163094668832,6.403728485107422
316896,546.0561105014201,470,True,3.265355879138007,True,0.02485534266532783,15.339797973632812
317632,707.2052418394302,500,False,0.1512593685199195,True,0.024875052698076605,4.162801742553711
317840,817.9399020609123,500,False,0.013147581853524756,False,0.024650124078402474,9.148540496826172
318144,673.1638996122034,500,False,0.3622765799639028,True,0.02468061717540958,3.1990630626678467
318496,826.8418678922051,500,False,0.048280068033987454,True,0.02467152870642897,3.9710893630981445
319424,785.8064105137313,500,False,0.03954681216220091,False,0.024877616336721933,2.9464402198791504
319440,705.0808730140855,500,False,0.1119744617863473,True,0.024774432033985966,3.0481834411621094
319632,674.4645658116826,500,False,0.07865099732491565,True,0.024754218225368906,16.634326934814453
320272,770.7492438824264,500,False,0.0635557699025913,True,0.02468510900827154,3.815135955810547
321200,823.5586942980812,500,False,0.09170164929185916,True,0.024976194561338448,46.23619079589844
321984,254.54461540287596,240,True,2.1054262522028346,True,0.025155218427717764,3.230957508087158
322064,770.2563450868035,500,False,0.06398751888131143,True,0.025066066471176877,3.1150407791137695
322368,789.9970928937013,500,False,0.1417825478257486,True,0.025043624994270444,2.560030221939087
323120,771.0200034635451,500,False,0.12326712288561625,False,0.025015789755581334,4.474918365478516
323664,616.3107708013139,487,True,2.0308828300116906,True,0.02522662477439167,5.7226243019104
323936,330.0847205971002,282,True,1.5695940724006596,True,0.025322820688560312,3.6984622478485107
324080,785.5014329338759,500,False,0.09557031993026903,True,0.025285903724936568,2.8390374183654785
324400,720.4633698758171,500,False,0.4658873615282519,True,0.025305059566921796,2.9871153831481934
324896,764.836431407302,500,False,0.09831876474678933,True,0.02523458973848776,4.4155755043029785
325632,726.5548655460088,500,False,0.04383987718190444,False,0.025450219298847932,4.38220739364624
325840,760.9775125269591,500,False,0.23761651647063647,False,0.025072215835002208,4.438193321228027
326496,793.8992030128405,500,False,0.0941821788630033,False,0.025155439223464117,3.9342920780181885
326944,216.3578402391019,188,True,1.3361861494593938,True,0.025421308288770362,5.079358100891113
327440,587.4756596201336,500,False,0.39039076557836944,True,0.02554844102984765,8.055780410766602
327632,571.4498447625749,500,False,0.27981910524216513,True,0.0256109191079739,4.171207427978516
328272,715.9908202512826,500,False,0.09206468083431883,False,0.025668442300526163,3.2221524715423584
329200,759.0599998373339,500,False,0.07063554114780932,False,0.025623938933404426,3.1580984592437744
329984,688.1335703263841,500,False,0.062408261356849806,True,0.025592661302389543,8.481115341186523
330064,697.5786294091936,500,False,0.06212270960134204,True,0.02536174966665558,2.7793121337890625
330288,583.1595706509806,414,True,2.7881740075086743,True,0.025354236189265644,2.7000303268432617
330368,763.8941325206895,500,False,0.04759382220453473,True,0.025324297920033417,5.607186794281006
330816,371.3834188978421,311,True,2.553008101498587,True,0.025370202633118732,3.230706214904785
331120,800.3095508693813,500,False,0.030526765181152025,False,0.02534393776480475,2.721527099609375
332080,898.6300755391725,500,False,0.07363423320331493,False,0.025048071038156164,8.488780975341797
332256,99.53067646819623,142,True,1.4097691580210958,True,0.025162817434032828,3.1781859397888184
332400,528.3631511863848,500,False,0.4870266067071623,True,0.025095103365606553,5.593008041381836
332896,894.1001257248898,500,False,0.03871730784959379,False,0.025129620524637436,4.65735387802124
333632,745.655797052707,500,False,0.14461281842639304,True,0.025155972887981156,4.268585681915283
334496,829.9918141412305,500,False,0.11097204433484043,True,0.02529408113095491,3.2750508785247803
334944,666.8653886972521,500,False,0.14493065530302685,True,0.025034363237548197,4.655259132385254
335440,520.6371689745469,500,False,0.33302499801661023,True,0.02497163708199596,3.2689061164855957
335632,784.3551820329533,500,False,0.08891993125473954,False,0.0250418397080856,3.0470218658447266
336272,865.4151091597893,500,False,0.09579907907191673,False,0.02501885268777961,5.673114776611328
337200,771.6251734496657,500,False,0.0834037372388568,True,0.024689503121721742,3.5308732986450195
338064,760.5780511035952,500,False,0.03855952094157764,True,0.024642667459870673,3.6972954273223877
338288,819.0286064042928,500,False,0.05231444030282491,True,0.024727276942748157,4.237092018127441
338368,499.76512754903644,500,False,0.5976209708263784,True,0.024758804170791085,4.7071757316589355
338624,314.04783350296645,409,True,4.092314244399364,True,0.02486337114656446,3.8615405559539795
338816,781.7318165077577,500,False,0.098218373780787,True,0.02488245599667073,4.581682205200195
339120,686.284940282331,500,False,0.10877594435845109,False,0.025055809613216753,6.2640790939331055
340256,831.414699438843,500,False,0.056988194689570844,True,0.024983275442145406,3.119588613510132
340400,572.0883513405445,500,False,0.36482451052358145,True,0.02537519302409667,5.6734395027160645
340896,726.2953922223104,500,False,0.07118502749169164,False,0.025320434479609622,4.19974422454834
341632,685.6235286597539,500,False,0.24761630258459638,True,0.025697040052894537,3.1034603118896484
342496,771.2334138206231,500,False,0.09689729404167105,True,0.02565516850873054,6.231840133666992
342944,702.0851282913022,500,False,0.07243724587247419,True,0.026173881614957636,2.5568032264709473
343440,571.8851417186908,500,False,0.31978990785916583,True,0.026271463705455574,2.7856059074401855
343632,667.8224593640598,500,False,0.3898652905308765,True,0.026301989312027166,3.9729678630828857
344272,767.0057964210021,500,False,0.170789814863191,True,0.02647973183880981,4.452885150909424
345200,647.6473465873288,500,False,0.5113868177578255,True,0.026395641015532077,3.6365060806274414
346064,754.755921571949,500,False,0.11841247032588957,True,0.025938240250802897,4.358486175537109
346288,843.8543249267237,500,False,0.08199369159987706,True,0.025639492313540412,2.676340341567993
346368,727.186320203688,500,False,0.05083101324733917,False,0.025634789080567415,2.5356996059417725
346624,756.5320924235892,500,False,0.1020275103658449,True,0.02560410333337436,4.588375091552734
346816,741.583820892036,500,False,0.1618501737599464,False,0.025353602515350605,12.94124698638916
347120,716.1101028354551,500,False,0.030902289591481804,True,0.025327668277020234,37.74249267578125
347824,351.1459622575222,274,True,1.469106631116177,True,0.02514041230589361,2.499544382095337
348256,828.499582092127,500,False,0.09759064899386764,True,0.025066181550712826,2.84316349029541
348400,674.089165870047,500,False,0.059838007019267454,True,0.025078081007032373,13.016242027282715
348896,749.5750277637611,500,False,0.06358015634802609,False,0.025148328010891282,3.885929822921753
349632,341.394009339822,500,False,3.4671859291133154,True,0.025140192867946092,2.260870933532715
350288,83.82616215990656,118,True,2.008123794912756,True,0.025733111942690748,13.896380424499512
350496,665.0525348718731,500,False,0.05170784698839012,False,0.025826880128475053,2.7434873580932617
350944,707.0599050467022,500,False,0.2818533559421662,False,0.02614969793498466,2.933706283569336
351632,680.8333861389684,500,False,0.09896831921360405,True,0.0263314587871966,5.350931167602539
352272,760.2302705608059,500,False,0.12270408472276159,True,0.026227199537544904,1.955512285232544
353200,773.0169628868997,500,False,0.08645213004535757,True,0.02617340576515434,2.596859931945801
354064,619.6657587397233,434,True,1.7543424004995591,True,0.025448209662968662,3.0296242237091064
354064,634.0081691502226,500,False,0.4944618551831993,True,0.025448209662968662,3.0296242237091064
354288,618.897260181158,500,False,0.2830691815592083,True,0.02554480461909059,2.541109085083008
354368,795.5868336417913,500,False,0.2626476924645237,True,0.025398152541452876,66.90939331054688
354624,780.6481698389182,500,False,0.06459510641619688,False,0.02542549744027475,3.52583646774292
354816,789.2537984006764,500,False,0.06824530584966652,True,0.025302230317695802,4.229849815368652
355504,439.6652698202544,367,True,5.102622122878481,True,0.025288544683486108,2.9361047744750977
355824,614.5249465096445,500,False,0.18218692616686827,True,0.025651433636639954,8.191393852233887
356256,787.0837993954128,500,False,0.06543259676201586,True,0.02567867505538085,3.395197868347168
356896,791.7749222475827,500,False,0.2511757640873975,True,0.025536960278218352,3.5916872024536133
358016,254.28500004682746,233,True,2.7990070786446286,True,0.02545444662387787,2.519960880279541
358288,842.194533556978,500,False,0.1711361044353953,True,0.025330528779268554,4.423394203186035
358496,796.5946014339271,500,False,0.07318099723561276,True,0.025321626490502847,2.9036545753479004
358944,651.6923275445272,500,False,0.22923680080002432,True,0.02523263486166835,3.4533090591430664
359632,554.1981417621431,500,False,0.5694891033659464,True,0.025281018491411532,9.674751281738281
360272,835.3864598576581,500,False,0.07296976229478268,False,0.02546208135984829,5.450187683105469
360960,590.5823947767118,431,True,3.0112707591552845,True,0.025094534020361083,25.391782760620117
361200,680.7768107021409,500,False,0.9905184019875695,True,0.024844958965411137,2.2613749504089355
362064,667.7129200008145,500,False,0.2820526753792103,True,0.025004337169304558,20.495025634765625
362368,817.6546138190637,500,False,0.09044690812625225,True,0.02536039983582239,3.500533103942871
362624,533.4917842170885,500,False,0.7496775114692786,True,0.025285600420681526,7.293333530426025
362640,518.1625649586817,359,True,1.4873495934127572,True,0.02537831568035164,11.251277923583984
362816,709.5299798665294,500,False,0.023221876959523883,False,0.025376692171667214,3.570136070251465
363504,874.6955648387568,500,False,0.10575733947608906,True,0.02524577973694627,3.448474884033203
363824,793.9361814624925,500,False,0.1101855353655923,True,0.025040719192321727,7.274501800537109
364256,748.0118553153485,500,False,0.09525656099808842,True,0.02520195540514256,3.315594434738159
365776,278.9966532552972,301,True,1.488956695046269,True,0.024816592581578246,2.9258856773376465
366016,153.19498474559566,228,True,4.13848903287677,True,0.024903828738614693,7.323423385620117
366016,711.15709567826,500,False,0.6851001306854406,True,0.024903828738614693,7.323423385620117
366128,177.86566392877853,218,True,2.5551118311331495,True,0.024930558106338322,11.647989273071289
366288,637.9753097020712,500,False,0.42995281213465353,True,0.024942456290555397,3.2755706310272217
366496,632.0417214716819,500,False,0.21677436711696388,True,0.025045614573367295,3.4278063774108887
366944,711.8090283659753,500,False,0.30286795218019746,True,0.025137183836551925,2.393310546875
367632,604.6788071832145,500,False,0.7310537922118318,True,0.02463333698305192,3.6628434658050537
368272,817.347198199019,500,False,0.07346135548277916,False,0.02447219385380748,3.184112071990967
369200,704.3343190526846,500,False,0.1582206641527791,False,0.024353460423941382,4.4584455490112305
370064,739.38492648795,500,False,0.8889329094562421,True,0.024577234239063647,3.5679421424865723
370624,631.6690932662302,500,False,0.36119265362993613,True,0.024199747907777958,3.090406894683838
370816,717.4074946173922,500,False,0.3646436668532371,True,0.02401696347531005,3.2067975997924805
371504,833.7408496545554,500,False,0.07928240824044712,True,0.023894771514405704,4.62071418762207
371824,852.2126356916456,500,False,0.06634277055777774,False,0.024020719794078015,2.9550082683563232
372256,746.6504395843988,500,False,0.2345273138996821,True,0.024265207216949268,4.058541297912598
372880,428.7427796570156,399,True,2.3053994825400133,True,0.024345794596179905,2.8098537921905518
373744,541.0600032604694,483,True,3.1999930377272086,True,0.02447090315050359,27.1898250579834
373776,777.5765088905724,500,False,0.1008065715508324,False,0.024446639824519202,2.609929084777832
374016,824.7116397264432,500,False,0.07588084166578572,True,0.024446883422446553,3.814232349395752
374128,633.169404297673,500,False,0.5973150655217103,True,0.02427610681900942,3.8232223987579346
374288,762.0515374635369,500,False,0.08458953487971829,True,0.024333649330034478,2.3343071937561035
374944,868.6421735374705,500,False,0.12258273117249295,True,0.024273983674847833,2.3602452278137207
375632,844.4689013269642,500,False,0.030687899861003568,True,0.024211213585490155,4.869123935699463
376272,659.5935146544443,500,False,0.9014851973297029,True,0.024025834298885742,11.66824722290039
377200,740.5091168526023,500,False,0.036317514006117727,True,0.024078605075570088,5.265973091125488
378064,609.0365833390915,500,False,0.7294665259485532,True,0.02425134580854725,4.863603591918945
378624,820.724768095025,500,False,0.10175819801357955,False,0.024191864728245326,3.204158067703247
378816,738.1079978788338,500,False,0.08201538507199047,False,0.02443195213367783,4.087377071380615
379504,791.8746136608643,500,False,0.06586629540403219,False,0.024536477746521214,2.829620838165283
379824,805.4553990746527,500,False,0.05733919775025674,True,0.024907456124596737,3.1040360927581787
380256,739.1894786695461,500,False,0.07623804597795582,True,0.025088175615397324,3.905876398086548
380880,791.2498852877546,500,False,0.06698898332926476,True,0.02527029682571741,2.5978851318359375
381744,862.9707538249663,500,False,0.015561292380423036,False,0.025104709553817533,4.829869747161865
381776,801.6812682992035,500,False,0.18602983769441353,True,0.025059528100218987,7.857568264007568
382016,753.9640206565612,500,False,0.022640625434202817,False,0.025062254566479553,6.692095756530762
382128,711.4022077511781,500,False,0.17117356337713113,True,0.025454951597999084,4.984655857086182
382288,482.49260022143125,500,False,0.6689356499197696,True,0.025444499133354177,3.5544753074645996
382944,604.8205950686564,500,False,0.23384763559174387,True,0.02557680449484785,6.295656204223633
383632,687.5125852341333,500,False,1.61928171864417,True,0.02544092704440191,2.995142936706543
384272,801.7047713972025,500,False,0.10166225527438874,True,0.025687852407547413,3.005751132965088
385200,689.0342596442036,500,False,0.3582433180956318,True,0.025344531160356332,8.18657112121582
386064,660.9691255406776,500,False,0.2717961247316099,True,0.02576333554696431,3.452195644378662
386624,718.086607124369,500,False,0.04856839934694204,True,0.025212318820199385,4.310749053955078
386816,824.763454555934,500,False,0.1392260501485861,True,0.024980546412573912,2.5763139724731445
387504,734.0317475560041,500,False,1.1894603785902575,True,0.02493387286528962,15.907278060913086
387824,582.2283077555867,500,False,0.7352175825058694,True,0.02502189422378591,2.3517634868621826
388256,791.0288474222854,500,False,0.03643537966691057,True,0.024965465786490212,3.7091140747070312
388624,389.4044824609827,396,True,2.5127359294637035,True,0.024784000733720724,3.8572940826416016
388880,761.8419641664503,500,False,0.09423404492839385,True,0.024756195454948286,2.870452642440796
389488,214.84650947712385,326,True,4.106308272846763,True,0.024523633755587224,2.087246894836426
389632,367.7071101627112,491,True,3.762545806362111,True,0.024514982867621018,4.35768985748291
389744,761.6067981625109,500,False,0.10406905501928895,False,0.02448715963344363,3.1699488162994385
390016,734.9927390177045,500,False,0.09325193066258403,True,0.02449523163843068,5.999889373779297
390128,797.3170946230938,500,False,0.17347814041243903,True,0.024706662906606888,2.957451343536377
390944,683.2136928820622,500,False,0.08699444656101595,True,0.02472076880671106,3.571439743041992
391440,123.99752549233156,113,True,1.2076851734794998,True,0.024646946550085095,2.563429355621338
391632,654.6275419404526,500,False,0.14045371924063685,True,0.024693184915702947,2.786806583404541
392048,224.82508181239902,284,True,2.492823819361712,True,0.02447565421674789,5.650363922119141
393200,587.4293256088733,500,False,0.1381515210117893,True,0.02435430071271401,3.0427494049072266
394064,785.679401302937,500,False,0.05246651991333368,False,0.024772494881310864,4.683244228363037
394624,742.9576121594872,500,False,0.10500384977676154,True,0.02515302004403417,3.648540735244751
394816,754.6426784720513,500,False,0.06683642091922677,True,0.024756684397677243,3.878326416015625
395824,750.2836417370735,500,False,0.12915403891747654,True,0.02456385377511932,3.3683977127075195
396256,750.0619667246146,500,False,0.05234195182223005,True,0.024438969662715422,4.147027492523193
396624,709.7927614097624,500,False,0.7819419049846431,True,0.024646313068820876,32.47606658935547
396880,721.311453533564,500,False,0.04669269777638929,False,0.024411747154773945,4.263875961303711
397488,789.0576376004617,500,False,0.18434050938829605,True,0.024383084786617323,3.557915210723877
397744,705.6819071040627,500,False,0.18917218895985344,True,0.024183980503869697,3.0368709564208984
398016,320.1519179476527,500,False,2.9185337573213146,True,0.02403255121663698,3.604120969772339
398128,713.7700834364725,500,False,0.1649355661709707,True,0.02419530771990321,6.341760635375977
398208,406.84895691397594,313,True,1.8732920140154876,True,0.02421102681244427,2.932645320892334
398944,774.835278593108,500,False,0.18004491091391883,False,0.02420073177339899,3.4640846252441406
399440,687.879476784149,500,False,0.06941145690270263,True,0.024046326679911648,2.095892906188965
399632,836.743978323178,500,False,0.10385323900946071,False,0.024059470867175105,2.3372840881347656
400048,754.9136088376729,500,False,0.09946515297276975,False,0.024122436309058748,2.183335304260254
402064,791.3447218880195,500,False,0.1526131768095695,True,0.024111688303432355,3.4820284843444824
402624,711.3820716031004,500,False,0.023272873840447534,True,0.024585134591027208,2.9356508255004883
402816,793.5448428111372,500,False,0.12012305343536248,False,0.024781666706806135,4.234112739562988
403824,687.8122151615554,500,False,0.17650398828253522,True,0.025006027589351547,11.176078796386719
404256,666.7068377865648,500,False,0.4847093391274266,True,0.02523996783341164,11.833335876464844
404624,643.7039219770763,500,False,0.09536286438596507,True,0.025232956942724576,20.820602416992188
404880,759.7405665701657,500,False,0.045411678882514954,True,0.02522439223864129,3.3805665969848633
405488,773.1569095808173,500,False,0.11702370866953962,True,0.0249195265921282,4.705445289611816
405744,741.3868653298528,500,False,0.1424589317966549,True,0.024909737953613134,3.4293956756591797
406016,554.4213553375353,500,False,0.5305126368590719,True,0.024614766084152032,9.792741775512695
406128,726.2087029556573,500,False,0.059216574586444255,False,0.024547136367585938,2.270581007003784
406208,709.4311565983154,500,False,0.39541719042545986,True,0.024617481035444703,6.226727485656738
406944,789.7563935182752,500,False,0.12379533477739736,True,0.02463395543443234,2.8870716094970703
407440,674.5924849281448,500,False,0.10251096983769156,False,0.02453816921248099,3.4391520023345947
407632,627.5879007781848,500,False,0.274157599201758,True,0.024600705600899567,2.9811134338378906
408048,663.7130058086125,500,False,0.14432594695715645,True,0.024707348813994022,8.983390808105469
408768,449.94237193524106,372,True,1.6677430689046262,True,0.024701467250253156,5.686851501464844
410064,695.450556068065,500,False,0.3083765007207527,True,0.025073469410710918,2.9303956031799316
410624,599.9906685787679,500,False,0.5006806678690221,True,0.025009416656919605,3.1303658485412598
411824,543.9991376811207,500,False,0.28850489501699483,True,0.025001252056733102,2.4495840072631836
412256,661.8682559764804,500,False,0.211998093570525,True,0.024746246189264198,3.0418872833251953
412624,775.8372204646557,500,False,0.07963361016328668,True,0.024779784425633486,2.8034820556640625
412880,719.502589420292,500,False,0.08664662070617826,True,0.024899639787381463,7.466388702392578
413488,602.178273005388,500,False,0.9994107887316925,True,0.024928886053404188,2.9493625164031982
413744,745.9579694508548,500,False,0.17703499603547204,True,0.02486270335221371,3.1060051918029785
413760,588.4714949593722,395,True,2.250946200539837,True,0.0249405767029738,3.6510348320007324
414016,709.5422126060291,500,False,0.44642080559799935,True,0.024942786941709955,10.582805633544922
414128,742.4982011755018,500,False,0.05128811724670799,False,0.024782671776015383,3.498504161834717
414208,769.9213078168289,500,False,0.06417796816871085,False,0.024746960082386856,9.342521667480469
414944,702.1847388333516,500,False,0.04843046380833513,True,0.024735889706524777,34.24580383300781
415632,781.0228864411733,500,False,0.07238014617294997,False,0.024833102269544678,8.94556999206543
416048,758.1218163797164,500,False,0.04772737041861324,True,0.02515007450846658,3.5193991661071777
416768,548.595868908959,500,False,0.15826927644854516,True,0.02529008914294482,2.723379611968994
417328,665.4870235838672,454,True,2.0202255692099653,True,0.025022734855772666,38.744590759277344
418400,332.57230140918665,384,True,4.025286770991727,True,0.02469168538658433,3.439781665802002
418624,438.6066027151861,500,False,0.9400860683218718,True,0.024724320815752807,4.459578990936279
419488,418.7302062523431,429,True,2.9362636746090702,True,0.024602166230211945,3.608935594558716
419824,791.1224634755076,500,False,0.1540334398692315,True,0.024437506632455395,3.4427599906921387
420880,762.8996240350185,500,False,0.05514681139715668,True,0.024466409151354968,2.845126152038574
421488,756.369323348644,500,False,0.04570983274944903,True,0.02415324929375668,2.536106824874878
421744,722.963639720714,500,False,0.09566498926854668,True,0.02399200652030449,12.15731430053711
421760,813.0604814598192,500,False,0.08626778046104275,True,0.023984114808834944,2.790310859680176
422016,553.3739775145647,500,False,0.4765658596868781,True,0.02401283441095673,3.752540349960327
422128,732.4054220637438,500,False,0.10480047087356852,True,0.024196537972070994,2.719910144805908
422208,795.5524181726203,500,False,0.11187533829039024,False,0.024238302542888505,2.5428273677825928
422944,731.6059942737428,500,False,0.11553723658083809,True,0.024238360793663486,3.692274570465088
423632,706.4397094155697,500,False,0.18253398251949876,True,0.02446105183492941,2.66845440864563
424048,746.8059901932722,500,False,0.10176284899532467,False,0.024362668269621687,53.532657623291016
424768,592.6620428321551,500,False,0.2802313900510503,True,0.024654397396959887,6.464712142944336
425328,695.7320750605462,500,False,0.4243859307097492,True,0.02483267095768254,3.6717138290405273
426400,762.1447813623555,500,False,0.06550658658400821,True,0.024750618709295798,19.33904266357422
426624,624.395240977869,500,False,0.1924123532450435,True,0.025261724408919436,2.2748517990112305
427488,731.2961688782518,500,False,0.06683916374854058,True,0.025153296279887237,1.9111578464508057
427824,763.5624937934856,500,False,0.05848018505709855,True,0.024868800390946046,2.166550636291504
428880,689.1741311394659,500,False,0.03901894075592834,True,0.0246375912522104,2.2697396278381348
429488,613.0481043156742,500,False,0.37874736729651,True,0.02364802221627137,2.216273784637451
429744,768.1005801775669,500,False,0.08435741435572532,False,0.023654547453002783,6.443275451660156
429760,734.8619007686588,500,False,0.08785281424767369,False,0.02369994487480784,3.827263593673706
430016,734.6828998161335,500,False,0.06411604391102567,True,0.023684404887513996,2.801290512084961
430128,789.3480547596655,500,False,0.07434046950482347,True,0.023624598172256907,2.9054203033447266
430208,824.5153812045799,500,False,0.20871167588136333,True,0.023535431798317283,2.3436882495880127
430944,678.4778043699833,500,False,0.15983213973404806,True,0.02346728257973765,3.1160836219787598
431120,316.4992374117328,227,True,2.7618235278836374,True,0.023191554456771686,3.794137477874756
431632,738.3538119975793,500,False,0.4591850923644407,True,0.023270593345914095,37.383995056152344
432048,722.6017144766105,500,False,0.5488800209826545,True,0.023688742590622234,2.526820182800293
432768,774.1711181597119,500,False,0.06383828192640954,False,0.023904535762095787,3.502521276473999
433232,154.09305432021867,201,True,1.1512487197995602,True,0.024352148626912054,6.040494441986084
433328,801.1474607299882,500,False,0.06472643481186123,True,0.02433064348491285,2.3313465118408203
433600,244.4080413668375,361,True,3.9105388771900533,True,0.024366593995467544,3.571475028991699
434400,781.494810616026,500,False,0.07718724580039582,True,0.024477201275878657,3.994694709777832
434624,687.4302262186606,500,False,0.18354857931190724,True,0.02459490394895859,4.062654495239258
435712,235.71720041357293,372,True,3.2421121072071477,True,0.024691295165130064,3.512753963470459
436880,695.7640468142191,500,False,0.05976154528651417,False,0.024986321504330392,2.2049763202667236
437488,718.2636392954324,500,False,0.6430465606568894,True,0.025576359628321405,28.316173553466797
437744,817.8163839552221,500,False,0.08455686520444003,True,0.025398875722213155,3.1712679862976074
438128,660.4375048059997,500,False,0.15034121097524897,False,0.025184701329735052,2.9363603591918945
438208,540.0921159275947,500,False,0.5357563025314555,True,0.024980580435468237,3.93528151512146
438944,869.7817501959443,500,False,0.03275912462765479,False,0.024863993556234136,3.9796247482299805
439120,655.965773464587,500,False,0.18118299430955792,True,0.024925443390131852,3.0833168029785156
439632,500.0480648022825,500,False,0.3459566398012124,True,0.02500202761915699,2.8790879249572754
440048,758.2127013404018,500,False,0.08215374765149054,False,0.024867324649138503,3.457887887954712
440512,547.5953143356504,432,True,1.4930192220436538,True,0.025238892621021827,3.7302703857421875
440768,759.4486777001092,500,False,0.09482485330368101,True,0.025518454513557307,2.9310131072998047
441232,583.822844842993,500,False,0.23653259450449715,True,0.025664466298162422,2.5330848693847656
441328,487.5805722268812,500,False,0.29533573414064274,True,0.02541129017501947,4.172633171081543
442400,825.833758206032,500,False,0.05642072395411591,True,0.025377598343707442,2.1133933067321777
442624,748.5348145106618,500,False,0.45805231252325435,True,0.025523189440100288,4.264298915863037
443712,808.1254876299174,500,False,0.0672539293394278,True,0.025464058752122234,3.8986048698425293
444880,820.7001596296271,500,False,0.11723902914695934,True,0.025685736389499187,23.551136016845703
445488,498.24253017098135,500,False,4.435812860003596,True,0.025944411196437023,2.8003859519958496
445744,745.7177105046111,500,False,0.09800103122818099,True,0.026120566767903877,5.289387226104736
446128,899.5262400983709,500,False,0.07035475478421721,True,0.02617193422219014,3.2508411407470703
446208,780.6707661119538,500,False,0.08152241229796395,True,0.026074105100271874,2.6834235191345215
446944,828.7945436464914,500,False,0.039178354844276495,True,0.02612483107597576,3.1516246795654297
447120,801.473185486739,500,False,0.07941463899333474,True,0.026090595784105504,9.092552185058594
447632,785.9207097428033,500,False,0.0329197993841624,False,0.02602175011031267,5.9561262130737305
448048,616.7129674307373,500,False,0.5222503521587349,True,0.02607552494471766,2.651298761367798
448512,872.0603810057472,500,False,0.06521089757751981,True,0.026083922751684627,2.96650767326355
448768,642.4732747916532,500,False,0.11432059676055625,True,0.026346707091282343,6.657200813293457
448880,274.91747435068277,212,True,1.3516317678465752,True,0.02624337558723379,4.7284345626831055
449232,747.5799862493683,500,False,0.15600011996123428,True,0.026200163552629236,4.334217071533203
449328,847.0756394839817,500,False,0.056079696591715675,True,0.02619481975459542,3.4690492153167725
450400,818.411499841211,500,False,0.05814611742788619,True,0.025967555176223785,2.959073781967163
450624,716.9255339674179,500,False,0.5648597997566215,True,0.025821324086409015,77.31706237792969
450976,160.23923540675844,303,True,3.0776615454370364,True,0.0255812109157888,3.508254051208496
451712,628.4678425922634,500,False,0.3792856497210883,True,0.025674245196565828,5.0384321212768555
452880,618.0653897953732,500,False,0.2550919128483692,True,0.025720703968501558,3.2065236568450928
453744,733.5809540419267,500,False,0.32526202408008953,False,0.0256963559908134,5.394095420837402
453968,599.2932736082507,485,True,3.234024343850708,True,0.02521170523435746,2.8942599296569824
454576,615.7482734782209,408,True,2.5733064096447813,True,0.025009892093460228,4.610836982727051
454944,714.9666353823536,500,False,0.047322187778314366,True,0.025040182296833535,5.90865421295166
455120,819.2371698162725,500,False,0.05503544078706,True,0.024845403893106986,2.9387564659118652
455632,684.7589747169588,500,False,0.4412049801428377,False,0.02472202082278625,4.033997535705566
456512,565.2680019909006,500,False,0.5910964181089033,True,0.024610709158725146,4.248059272766113
456768,773.5071320659729,500,False,0.05227929620347364,True,0.024751874100594054,17.3669490814209
456880,738.0399337270565,500,False,0.25043496419468303,False,0.024949064100094346,3.985415458679199
457232,586.2697098592221,500,False,0.22035523372849425,True,0.024898491797487824,3.3717103004455566
457328,499.4735400880753,500,False,0.4710169846270566,True,0.024533030423800575,2.3060007095336914
457472,304.9208549625398,428,True,5.834347960309834,True,0.024478042983540182,3.538022994995117
458400,741.2198887346511,500,False,0.022471032667098354,True,0.024445484711131144,3.2549164295196533
458976,657.6103641700921,500,False,0.41108908561240026,True,0.02459522062556544,2.3716702461242676
459712,657.8128487936236,500,False,0.3795893153556374,True,0.024814044953238586,5.493024826049805
460880,642.1777819595546,500,False,0.3549742627338485,True,0.02492309937880512,2.464049816131592
461744,584.6063407076917,500,False,0.6204166502504507,True,0.02502213685024592,3.0471396446228027
461968,774.4375372204025,500,False,0.14700843239592828,False,0.0251910440393579,2.9879937171936035
462576,773.2739937745888,500,False,0.07343784941979006,False,0.025221918035365137,32.48686218261719
462944,746.6563493900677,500,False,0.10374077501214321,True,0.0253777133427157,3.1181325912475586
463120,513.4019872785924,500,False,0.7420066428323329,True,0.02500153141456422,2.536573886871338
463632,756.9101477055284,500,False,0.45291565409403794,True,0.024969323714154786,2.941599130630493
464512,800.525474001959,500,False,0.07730890667200044,True,0.024960574777290804,2.589566469192505
464768,761.1411370968474,500,False,0.03776834535522142,True,0.024989319700667704,3.8927383422851562
464880,742.3082478394662,500,False,0.11238241075235696,False,0.024848373414748697,3.5727035999298096
465232,557.35639577476,500,False,0.35240038095357124,True,0.024755992648067382,2.258415699005127
465328,599.0873208323511,500,False,0.11172765834166934,True,0.024753077169063376,3.5214338302612305
465472,819.2574992462245,500,False,0.02576556100717375,False,0.02472082903425441,4.146738529205322
466400,816.7750951761155,500,False,0.057832317496925224,True,0.02476356243917949,2.819533348083496
466976,783.2266381843483,500,False,0.0925624335592084,True,0.024779011546911155,40.01384735107422
467712,716.4665158155161,500,False,0.2257473048679153,True,0.02475828368083469,2.887669563293457
468880,827.5135989863833,500,False,0.06429057158672215,False,0.025033644343075295,3.912897825241089
469744,780.1656136018762,500,False,0.09994269847354925,False,0.024624533866595195,5.60997200012207
469968,791.9411544415262,500,False,0.07061657764192293,True,0.025052093272332075,4.3946428298950195
470576,225.64886941303348,179,True,2.043578677889269,True,0.025120436273184756,2.6918203830718994
470576,524.0328565812239,500,False,0.32671914330718843,True,0.025120436273184756,2.6918203830718994
470944,525.5918748696413,500,False,1.20935761253433,True,0.025105425757862326,3.2485191822052
471104,553.4655350359956,361,True,2.741499435232251,True,0.0250008320684549,4.834926605224609
471120,778.0411043085248,500,False,0.010739115297898035,True,0.024939969940019676,2.543109893798828
471632,705.1275516426633,500,False,0.1293353029649121,True,0.02494055839873561,3.1801719665527344
472512,707.6330875168676,500,False,0.7770479251760325,True,0.02484599058656194,9.798653602600098
472768,812.0981950888562,500,False,0.06248481010666833,False,0.024631538204560748,27.69217300415039
472880,825.5271481841543,500,False,0.1156396427815335,True,0.024611410332360178,2.0033247470855713
473232,711.9593171296689,500,False,0.7413268094649859,True,0.02448405460218921,10.658831596374512
473472,627.1718994881576,500,False,0.29791476732191946,True,0.024424093394477812,3.449615478515625
474400,740.4474921183777,500,False,0.2581237687072801,True,0.024325551826274012,2.344355583190918
474976,875.2483250699555,500,False,0.04279386843556745,True,0.024241149413272364,8.06032657623291
476800,286.074541158371,268,True,2.1018926446417394,True,0.024371024353666313,3.3987412452697754
476880,390.0108458194625,500,False,0.2878406082277743,True,0.024405365046608205,2.7623586654663086
477744,594.5362019964912,500,False,0.4402367469453093,True,0.024434056198112494,2.712615489959717
477968,766.1405637331806,500,False,0.13316249338008465,True,0.02414305006221751,2.640838146209717
478576,565.8961211668343,500,False,0.7444752228242709,True,0.02438657546357812,2.864870309829712
478576,836.9106359477723,500,False,0.15790685587165235,True,0.02438657546357812,2.864870309829712
478944,781.0557009165925,500,False,0.07005909680198984,False,0.024453201988800237,3.172720432281494
479104,760.0533631077168,500,False,0.05833691990934094,True,0.02465308567536341,55.02756881713867
479120,455.45170843925877,500,False,0.7121635462220309,True,0.024687348429526045,2.6460108757019043
479632,819.2038441380671,500,False,0.04728734192917339,False,0.024680815839400537,4.539968967437744
480768,634.2618265714541,500,False,0.16699986836706765,True,0.024710400103941942,2.9501500129699707
480880,581.3646117338915,500,False,0.38360306674820244,True,0.024453698574626256,3.3291373252868652
481232,690.2676739412863,500,False,0.39966560350235786,True,0.024530926119690887,3.7431745529174805
481472,629.8388526078517,500,False,0.8782109180563824,True,0.02422331682934483,3.248239040374756
482400,827.3083804529343,500,False,0.0719751417291919,True,0.02411028928202027,2.959197521209717
482416,486.09132452594247,346,True,2.392670530485705,True,0.023983872633182208,2.6929855346679688
482976,583.9070554637881,500,False,0.5458433560067074,True,0.0239860048379287,2.7979962825775146
483264,257.06890909294754,260,True,3.3402759645650986,True,0.02348960624505833,2.611182689666748
484800,608.7081112236152,500,False,2.785618471826737,True,0.023639489881156415,3.318885326385498
485744,530.499225818233,500,False,2.8017279194930507,True,0.024347634392451512,4.078004360198975
485808,392.2122509404462,452,True,5.129161055766684,True,0.024165445720895403,3.7561376094818115
485968,705.2220099195933,500,False,0.35793924722835857,True,0.024131404744946378,2.6274948120117188
486576,840.372234425683,500,False,0.0730163949956246,False,0.02433827967805316,8.241015434265137
486944,574.9825090650446,500,False,0.34495662356538964,True,0.024506981722434377,5.454410552978516
487120,702.91356754031,500,False,0.3387649117607785,True,0.02451890382762219,4.474630832672119
487632,814.2066534138497,500,False,0.06150481229199417,True,0.024465507763376977,4.021345138549805
488096,168.59694078168783,143,True,1.7204021061425967,True,0.024411661068607454,4.601197719573975
488768,759.3585134207219,500,False,0.13697815058543786,False,0.02439703026785903,3.9655075073242188
488880,846.685658542032,500,False,0.060106278401641955,False,0.024618867057683284,4.493788242340088
489232,491.81118318235133,500,False,0.5950324659208678,True,0.024464610898647418,3.6007187366485596
489472,566.9129353236955,500,False,1.0902991116345029,True,0.024294868096363203,27.867202758789062
490400,535.5286600511985,500,False,0.2902040623688974,True,0.024039236727867928,2.6731016635894775
490416,807.1059731850655,500,False,0.07440939346752226,True,0.02391115536265722,2.6116256713867188
490528,283.5104478865899,299,True,2.7594143957712998,True,0.023916072378504048,2.474022388458252
490976,646.7267785625636,500,False,0.23099967965890314,True,0.023896222543773993,2.882918357849121
491264,757.8976398544727,500,False,0.38629873734464243,True,0.023683125088137007,6.910958766937256
492800,788.606809430389,500,False,0.020011935380974667,False,0.023714106073350113,2.258793354034424
493968,715.525092039233,500,False,0.12593073900411317,True,0.023818527915771014,3.9964394569396973
494576,729.9871799203764,500,False,0.06906047218949994,False,0.024164685846087115,2.0660200119018555
494944,732.5232893582527,500,False,0.1259868082519169,True,0.024116293138691878,2.7416083812713623
495120,623.0790075087604,500,False,0.6769648371049143,True,0.02399506652056089,2.948254108428955
495632,741.1579321244161,500,False,0.07540526032151662,False,0.024053229606100394,3.240866184234619
496096,807.3554236672286,500,False,0.0914163035473356,True,0.02418030600894472,2.9812965393066406
496768,775.90382094486,500,False,0.08062839587833272,False,0.024166364057292812,5.850356101989746
496880,696.8446666547513,500,False,0.3070635307145446,True,0.023857423054336843,16.60607147216797
497232,733.4843030490575,500,False,0.09707639231678464,False,0.02386317824499326,2.828080415725708
497472,709.2871561146758,500,False,0.9510010522311769,True,0.023969562497761925,2.551112651824951
498400,757.5408009745835,500,False,0.12171114557741981,True,0.023902831285129114,3.402771472930908
498416,642.4861042694678,500,False,0.3389126821163734,True,0.023687087874428223,2.253629207611084
498528,742.2483671642374,500,False,0.04224180555716624,False,0.023683746418058732,57.49896240234375
498976,771.275906953319,500,False,0.13696993667425955,False,0.023852934686022568,2.669116497039795
499264,556.1567493719612,500,False,0.3498594781828022,True,0.024259247506391676,3.4845566749572754
499792,563.1127888505594,364,True,2.8390924935646975,True,0.02376079114502472,3.015559673309326
500800,771.9069569647826,500,False,0.10547386864589921,True,0.02375118591076631,3.3290557861328125
500896,471.3779550436162,395,True,3.960151048761534,True,0.023961765436632622,30.490049362182617
502944,877.0378646127738,500,False,0.05535631830956963,True,0.023916359309392145,3.618262529373169
503120,695.1238312167646,500,False,0.17436500568220462,True,0.02453731065677773,4.957338333129883
503632,825.787407122771,500,False,0.026715670951316602,True,0.024535941517847076,2.67875337600708
504096,848.8696402001472,500,False,0.09231731903637075,True,0.024368194749826842,3.609980821609497
504768,706.1781249582277,500,False,0.09832155979373887,True,0.02447150875194378,2.6794543266296387
504880,758.5037676124381,500,False,0.07425992292839008,False,0.024482476399323293,2.633335590362549
505232,247.69755194793032,277,True,3.655322039253101,True,0.0245216370407186,2.3048951625823975
505232,759.8411261729958,500,False,0.18509618947712161,True,0.0245216370407186,2.3048951625823975
505472,771.2000506203427,500,False,0.20928941161217174,True,0.024781445748424065,5.555117607116699
506400,792.4010531759052,500,False,0.3844905677795228,True,0.024664638813292436,2.828657627105713
506416,304.42447056323476,500,False,1.1012642190776776,True,0.02460473010753645,3.9878053665161133
506528,784.1882067565425,500,False,0.15197122819440956,True,0.024622716680119356,15.72872257232666
506976,730.843376360981,500,False,0.10681804861899599,False,0.024572256758733358,4.374868392944336
507264,778.3790937158072,500,False,0.09432611264436995,True,0.024291653296890935,4.306925296783447
507792,738.9392613239278,500,False,0.11044173417176222,True,0.024078314313877785,7.406466007232666
508896,706.4520111383986,500,False,0.1687990951027747,True,0.024041550325753534,28.451255798339844
510704,93.5111233075506,113,True,1.1826552012740503,True,0.024372048617244416,3.3275270462036133
510944,717.5453612806231,500,False,0.1697537913036778,True,0.02460141990177123,3.4058916568756104
511120,828.5239628339522,500,False,0.0857761787693562,False,0.024537208115386355,38.808204650878906
511632,802.1119246800865,500,False,0.21659732271713963,True,0.024519128816884436,2.525972843170166
512096,611.595172783097,500,False,0.1677251375508202,True,0.024467763350270108,3.977534532546997
512768,606.9292118318363,500,False,1.3912738891393677,True,0.024461916520354458,6.417482376098633
512880,525.7038802497201,500,False,0.2809890306630948,True,0.024548706117448974,2.0570666790008545
513232,750.2425029378267,500,False,0.07342454725670364,True,0.02452784077269663,3.7280054092407227
513232,725.7813248121212,500,False,0.17362792358626733,True,0.02452784077269663,3.7280054092407227
513472,501.0376489878859,500,False,0.518802706351901,True,0.02482776804464707,4.471189022064209
513520,657.9819656032181,444,True,2.866309502699324,True,0.02498214452869089,9.411134719848633
514400,608.9694531675686,500,False,0.10251428602521433,True,0.02502881315876646,2.64282488822937
514528,663.3688786468833,500,False,0.10698452113304768,True,0.025393030101280557,2.513241767883301
514976,658.5999762491435,500,False,0.2187753542743284,True,0.025328244737221943,3.7655391693115234
515264,712.3084194314276,500,False,0.08797828326707305,False,0.02521930235833278,14.315073013305664
515792,769.5029027697416,500,False,0.08952729956162532,True,0.024905456035034117,3.996955633163452
516176,239.57605481704286,169,True,1.9668994789936447,True,0.024862097803028636,4.830036640167236
518704,802.2857403004707,500,False,0.011110564008920954,True,0.025181498076730133,3.694399833679199
518944,795.6927933799445,500,False,0.10624277485792964,True,0.024144015175251957,3.160583972930908
519120,824.5642886157209,500,False,0.05270620952585112,False,0.024129992999606113,2.683901071548462
519632,563.3242228162392,500,False,0.31381311208361634,True,0.0241083598024394,14.593681335449219
520096,838.8047688350167,500,False,0.11119478134897881,False,0.024208178461823122,3.514009952545166
520688,542.8168272939928,466,True,1.9304595529127762,True,0.024250347683349143,4.940265655517578
520768,819.5210147566769,500,False,0.0996060272922389,True,0.024017534818885602,3.436295986175537
520784,499.43671540568,391,True,2.6498418332931375,True,0.0239900470600983,2.3508167266845703
520880,792.4176259738147,500,False,0.06861750943510495,True,0.023984643392453805,2.5361456871032715
520944,507.28998280425895,322,True,2.4245191247761926,True,0.02398206320919481,7.1213507652282715
521232,778.3730548451167,500,False,0.023485690273866166,True,0.02396226923950593,3.32265043258667
521520,718.0428568433745,500,False,0.2343541270765614,True,0.023901391079459183,3.3906164169311523
522400,778.125167091231,500,False,0.10275436039180426,False,0.02391731773308991,2.7910947799682617
522976,858.283315737141,500,False,0.048435091235286346,True,0.023570997620809157,2.7539868354797363
523264,662.9723827707065,500,False,0.46063259464518624,True,0.02349526908670321,2.887451171875
524176,686.2226406562389,500,False,0.23271034746442099,True,0.023500445154230366,6.2521209716796875
526704,613.2168372972286,500,False,0.6591699552623487,True,0.02389914687433102,2.5279736518859863
526800,130.55238328892565,164,True,1.3070232738494698,True,0.02405059789075606,3.0852744579315186
526944,805.2988248681091,500,False,0.06705295780298236,False,0.02406720307904965,2.2981085777282715
527120,873.1346405390984,500,False,0.04577198947347864,False,0.024225867425419795,31.033912658691406
527632,787.6835690538802,500,False,0.026162554633968174,True,0.024163856745410914,3.6047191619873047
528096,593.0888718122679,500,False,0.4868745363494817,True,0.02397414344682804,7.847665786743164
528688,616.1741230435855,500,False,0.3505413469932004,True,0.02379794317970586,2.4801993370056152
528768,523.0654728785271,500,False,0.5421939497284204,True,0.023878607735708896,9.008371353149414
528784,452.4520168968266,500,False,0.42583360619456123,True,0.023945292339055933,3.9895384311676025
528880,754.6340211806491,500,False,0.049537557448361136,True,0.02395945585134654,42.52964401245117
528944,783.4913108544758,500,False,0.055420638525489244,True,0.0240449872602458,3.888584613800049
529232,833.194536264935,500,False,0.12117755313630794,False,0.024079427051193255,5.304740905761719
529520,407.8578777070876,500,False,0.9917115954573047,True,0.023850605808718946,4.167262554168701
529904,277.9939960879297,185,True,1.971483209861058,True,0.02381851457023121,6.518733024597168
530400,757.0830039871207,500,False,0.06083821130868037,False,0.02397527615716114,2.1236257553100586
530976,834.9156198448185,500,False,0.060624122218895266,True,0.02408781695027083,8.522584915161133
531264,868.1875753373704,500,False,0.0625074995279054,True,0.024277129828934416,11.31791877746582
534704,761.9827571599774,500,False,0.07056461458570812,True,0.024228960112325865,3.223690986633301
534800,592.6164404562677,500,False,0.34429350913326817,True,0.02441920418554448,4.354247093200684
535120,750.5432679508408,500,False,0.16026908896968986,True,0.02439217957811856,2.0005173683166504
535632,670.307562324148,500,False,0.10978244463015067,True,0.02409543848441878,3.225037097930908
536096,841.1291601627588,500,False,0.38297622775188084,True,0.0240840426905115,6.79498291015625
536688,449.1262422091883,500,False,1.780219946998735,True,0.024439733419997226,3.835078001022339
536768,458.27999361783725,500,False,0.21845421862804942,True,0.02437619466286467,3.847827434539795
536784,780.2407726804119,500,False,0.09830222021266086,True,0.02437808078463003,3.6726791858673096
536880,764.5587740458619,500,False,0.03746830405675874,True,0.024380205375484097,3.0320584774017334
536944,750.1019446054313,500,False,0.13027035131872208,True,0.0244240075777189,59.40975570678711
537232,886.8999973165011,500,False,0.06392765608835946,True,0.02455574686268911,2.9213218688964844
537520,837.1375141297303,500,False,0.06968897441958122,True,0.024659902708737583,3.130009651184082
537904,787.2321603578104,500,False,0.11263623339111913,False,0.024440144581236733,3.1033220291137695
538400,812.1234734230985,500,False,0.056668942773627384,True,0.02449484238646316,1.9027345180511475
538976,739.0316286248886,500,False,0.08572348950222548,False,0.024745055898145924,4.100436210632324
539264,776.283079016819,500,False,0.11292032988570314,True,0.024934691925631462,2.5130205154418945
542000,393.73138145778034,316,True,3.186204481591485,True,0.024804076798133932,3.0472846031188965
542704,752.1845874516843,500,False,0.18278842089617015,True,0.024071181964924623,1.9181268215179443
542800,770.6316250952262,500,False,0.058750930363382664,True,0.024026773556943343,3.6677751541137695
543120,694.280816873398,500,False,0.24912541868301452,True,0.023967273431810463,4.518741607666016
543520,499.8269196944964,421,True,2.918143713945793,True,0.02400269005825949,2.238049030303955
543632,516.9877854371267,500,False,0.33569012439173795,True,0.023943430850119955,3.5511865615844727
543984,588.9394333352677,493,True,2.5428339865548883,True,0.023950509137705696,2.294360876083374
544688,873.337466885112,500,False,0.07189516400685471,True,0.023791371567318736,3.177089214324951
544768,819.4952630876355,500,False,0.08301009222992699,True,0.023952652960226247,4.6669392585754395
544880,765.0737838796656,500,False,0.03900209775004101,True,0.023882723760229093,2.712918758392334
545232,794.7567073175823,500,False,0.11515051562951402,True,0.023819708880440223,2.565354347229004
545520,788.967151738443,500,False,0.13218054183816957,False,0.023948397146973333,50.37970733642578
545904,688.1670242172348,500,False,0.29856119132819536,True,0.02418533051645482,2.28064227104187
546336,243.88858752543896,201,True,1.8485934964093562,True,0.024065981032289862,2.5764338970184326
546400,691.7213871289377,500,False,0.21478780351915894,True,0.0240976043967237,4.152726173400879
546976,761.5314870576377,500,False,0.14219856206778458,True,0.02408669820819319,2.405027389526367
547264,817.2456223803854,500,False,0.061711060234964255,False,0.02419668885911623,3.4928228855133057
550000,579.4546828914175,500,False,0.30376672209517097,True,0.024178083252009517,4.04788875579834
550704,762.5675483664659,500,False,0.17968801749814223,True,0.02421011034575263,10.271255493164062
550800,797.0419543073393,500,False,0.038575482377923784,True,0.023918767727703287,30.979888916015625
551520,851.8799297245058,500,False,0.03263826389285449,True,0.023893652520340303,3.455157518386841
551632,824.6376606634873,500,False,0.14680931731230235,False,0.02414890347787665,20.242427825927734
551984,683.083419158227,500,False,0.17205101980396978,True,0.024210337572756906,2.2252326011657715
552688,778.2768999324167,500,False,0.10493234239187632,False,0.02423096260550261,2.4584970474243164
552768,739.7429879763513,500,False,0.10571309522663717,False,0.0242634543368382,2.7237887382507324
552880,623.5173485936199,500,False,0.48033853111692465,True,0.024257913618498588,3.1332595348358154
553232,769.0457427127461,500,False,0.07278970111550155,True,0.02425750183178276,3.4254088401794434
553520,759.2626276715473,500,False,0.07638348526583603,False,0.024240320920362598,3.374394178390503
553904,801.5675642785153,500,False,0.040889954627328806,True,0.024203799681582355,3.347217082977295
554336,875.7783987361228,500,False,0.03209569081720466,False,0.02431267519225926,8.914749145507812
554400,790.882660737697,500,False,0.06767906178773601,True,0.02416880075905774,5.226963043212891
554976,828.665647243797,500,False,0.09715552791039454,False,0.02424274241617365,2.47944974899292
555264,843.5223873123242,500,False,0.11814857346191307,True,0.023812160282497368,23.526954650878906
558000,807.6343989347613,500,False,0.0923321483005279,True,0.023834859166691112,2.4582481384277344
558704,726.6818770857909,500,False,0.08344463209155234,True,0.024309129273326558,3.2316699028015137
558800,876.0613155862602,500,False,0.09997692971420925,False,0.024258162815300084,3.767706871032715
559520,775.338800993206,500,False,0.08170514239553299,True,0.024210825894747004,10.201863288879395
559632,802.8385155573432,500,False,0.08933242132012505,False,0.0246656682609541,2.8705649375915527
559984,786.6984011613239,500,False,0.046429462735580095,True,0.024675350104749826,2.612661361694336
560688,860.8686735456869,500,False,0.056357391938136166,True,0.02466218653663194,2.585684299468994
560768,744.9843958854955,500,False,0.6355622625259929,True,0.024340481557129354,3.556717872619629
560880,667.2959298522499,500,False,0.3358513849900644,True,0.02430720110321466,2.151472568511963
561232,699.6840829458522,500,False,0.21859542536844856,True,0.024210052132629216,2.6383590698242188
561520,740.8012599210022,500,False,0.24242763895936753,False,0.024262868318270656,24.49517822265625
561904,765.6264201539661,500,False,0.2266317757753962,False,0.02415522373224156,2.501908302307129
562336,790.4683598313927,500,False,0.19277227512855794,False,0.024098090458100234,2.140214443206787
562400,764.8090487262285,500,False,0.1101964338955092,True,0.024090920159904477,7.112696647644043
562976,764.1810914742324,500,False,0.023005659981510117,False,0.02410962988000154,2.694037437438965
563264,704.5129045813329,500,False,0.11091504139509109,False,0.023810199472351218,2.7289376258850098
566000,845.5787986518434,500,False,0.032132176190041245,False,0.023568517450317013,2.554569721221924
566704,763.4912544454655,500,False,0.09165795134740795,False,0.023318299464690183,2.9203104972839355
566800,835.1255973734928,500,False,0.07934043121840188,False,0.02367822350069953,3.7481203079223633
567520,637.7173933086176,500,False,0.10794365692920156,True,0.023701531669505803,2.4532737731933594
567632,526.0650862211849,500,False,1.0838413446751776,True,0.02355653431509442,1.9250822067260742
567984,710.3256524634814,500,False,0.0710981186560131,False,0.0232908198334255,3.2348835468292236
568688,740.56492906238,500,False,0.20235640651838777,True,0.023121685250315178,2.4280853271484375
568768,836.7851665085847,500,False,0.05960578071964949,False,0.022961693858861314,3.8102622032165527
568880,856.1406681634081,500,False,0.0511388375855791,True,0.02289625929758859,5.812447547912598
569232,639.9110415517042,500,False,1.0805722496590842,True,0.02282251837193363,2.3212971687316895
569520,789.638185254299,500,False,0.18391274565206958,True,0.022759392495731067,3.193671226501465
569904,689.3082524671656,500,False,0.22253854316348062,True,0.022749798075209476,3.0932810306549072
570336,772.3720021301588,500,False,0.0979561226000311,True,0.022994452065616525,6.360687255859375
570400,807.1067796634965,500,False,0.07431457492574203,True,0.02324254389212173,2.7957913875579834
570976,876.7137319543813,500,False,0.1165624348952727,True,0.023190397979985414,2.74676513671875
571264,745.4574212607632,500,False,0.2430785963761884,True,0.023026918924700393,7.969399452209473
574000,816.8027971212954,500,False,0.15779174049381767,False,0.023049430598087537,2.9246020317077637
574704,796.9634516943909,500,False,0.0629873320852351,False,0.023022154507219818,80.22746276855469
574800,770.0826794285226,500,False,0.06292789212211217,True,0.022908110607166788,7.406612873077393
575520,782.8777992198848,500,False,0.042143573482981624,True,0.02295714156435779,2.649714708328247
575632,833.9310669068933,500,False,0.13632992199315647,True,0.02325529703692343,2.516630172729492
575984,756.2556835709852,500,False,0.031816401812712274,False,0.023275244368752137,2.480947494506836
576688,752.977089410032,500,False,0.0961433999326198,False,0.02343228576301696,2.4191503524780273
576768,781.9614022567689,500,False,0.1387758471759415,True,0.02377820685175678,2.709974765777588
576880,763.8019076225673,500,False,0.1609540948930172,True,0.02369828422638262,5.368450164794922
577232,805.6007424303784,500,False,0.0922207028536885,True,0.02377564657812482,12.180407524108887
577520,794.623392012876,500,False,0.03941205501444177,True,0.02389001963619445,2.388829231262207
577904,735.04390150381,500,False,0.12575787174288425,True,0.023906739910774587,5.160021781921387
578336,845.0700968968529,500,False,0.05568470485412966,True,0.023822165964149437,2.250779151916504
578400,758.5245580256008,500,False,0.04396133379253761,True,0.023519995990852773,2.930985450744629
578976,782.4288135169662,500,False,0.12045377643789795,False,0.02353125412360478,3.2493772506713867
579264,844.1312866412591,500,False,0.11400618544585489,True,0.0233510540973441,17.63831901550293
581024,326.9413870485042,219,True,2.2782114048406363,True,0.023282511804501856,2.434725522994995
582000,817.8669350750204,500,False,0.08904432802267585,True,0.023146906315257093,3.0432326793670654
582704,806.4767674736456,500,False,0.058219715321273784,True,0.023068241597683267,2.1540887355804443
582800,747.6800684180392,500,False,0.14763853826649398,True,0.02303049214673304,2.894908905029297
583520,667.5581968179449,500,False,0.08907832672487648,True,0.02300087080271944,2.4135146141052246
583632,742.8448672013069,500,False,0.20961851507124354,True,0.02277050268895398,3.368466377258301
583984,713.8513776717951,500,False,0.11561762337509338,True,0.022796511190812337,2.880532741546631
584096,127.234094702804,192,True,3.449308724542682,True,0.022911436025774844,2.2614922523498535
584688,779.8351019520759,500,False,0.05562335584539731,True,0.022806951175364895,2.730069637298584
584768,746.381102131767,500,False,0.1082001372589272,True,0.02275013907322692,2.814082384109497
584880,753.0901430217458,500,False,0.6987174950800915,True,0.022845386144843906,3.0768394470214844
585232,593.4992640529451,500,False,1.2523181709169042,True,0.02282708022107661,2.7482688426971436
585904,771.9316908568836,500,False,0.10244969878633685,True,0.022877622484099462,38.622928619384766
586336,763.3532354567983,500,False,0.10488171554069088,True,0.022796114483427606,9.107027053833008
586400,782.0319567490462,500,False,0.18701988057916433,True,0.022525728981979836,2.883739948272705
586976,706.4664396971912,500,False,0.9372771607470747,True,0.022515450584875404,2.5316946506500244
587264,747.6164376927754,500,False,0.15419397170791904,True,0.02268503684161744,2.6666173934936523
588448,486.93826862441284,353,True,1.3455744999383032,True,0.022628626961778718,2.4255127906799316
590000,642.4589757499488,500,False,0.054750598775862136,True,0.022349449513621198,3.195826530456543
590704,656.6811978959411,500,False,0.16549726558866446,True,0.022379532645198767,4.9654412269592285
591520,762.1825489123225,500,False,0.17980825549482815,True,0.022381059898146986,3.41013765335083
591632,747.5807263292197,500,False,0.12494411995390318,True,0.022444658201027874,38.483619689941406
591984,715.6067893591614,500,False,0.07938817325438534,True,0.02250494733833584,2.269253969192505
592096,279.47430503495747,500,False,2.248723822416861,True,0.02255329166817421,32.09313201904297
592688,905.4407200262189,500,False,0.05524984072045284,False,0.022532577907673806,34.893646240234375
592768,823.3522005607518,500,False,0.11331059851472809,True,0.022492498956982996,3.1394996643066406
592880,821.6931016120983,500,False,0.05012069503013284,False,0.0224331981670711,2.0884571075439453
593232,774.7802105602973,500,False,0.27518510279082725,True,0.022385855837460906,1.8587007522583008
593904,804.8874355661407,500,False,0.18937755793996064,True,0.022318937385424176,16.563352584838867
594336,762.8530051073113,500,False,0.2424805971097406,True,0.022351713708249607,3.258272171020508
594400,796.502077976226,500,False,0.08640499190120911,False,0.02243348601828361,2.176326274871826
594976,629.5108976083653,500,False,0.19644085774841938,True,0.022460261039716527,2.833548069000244
595264,746.0190963746193,500,False,0.12048263633510359,False,0.022687663387048508,3.8120779991149902
596448,759.9339525497468,500,False,0.07230443711993555,True,0.02269564095549853,3.790804386138916
598000,870.6898384237481,500,False,0.06371493485891264,True,0.02282407084984106,3.548823833465576
598192,344.45682892380376,237,True,2.768872628820407,True,0.023330439374740258,2.339397430419922
598704,787.9818972432374,500,False,0.026320623040221917,False,0.02339292681285543,1.9691394567489624
599520,827.1609085900901,500,False,0.05690262510193379,True,0.023102343468553842,3.785325765609741
599632,793.3174795913106,500,False,0.18572354801829583,True,0.02295991205849654,3.1756482124328613
599984,864.5850570755397,500,False,0.02564387612248491,False,0.022937518816537678,3.2014319896698
600096,821.8280307898988,500,False,0.09268179247224548,False,0.022823467481538455,50.05152130126953
600688,793.6011436517159,500,False,0.07753495303712767,True,0.022896567890600402,11.984249114990234
600768,763.5406639683727,500,False,0.13495589930170482,True,0.02264177331866079,2.579932451248169
600880,671.2807203372344,500,False,0.23788606515556182,True,0.022723568024035117,2.087761878967285
601232,693.1133753037948,500,False,0.20542784113043117,True,0.02271778385826491,20.852909088134766
601904,811.9829882332193,500,False,0.12050691702276296,True,0.022615661528546424,2.125960111618042
602336,841.7146609454799,500,False,0.06321808001832496,False,0.02245428670977309,2.1144890785217285
602976,639.5627388409348,500,False,0.5055631676627305,True,0.022449510764528214,3.9186148643493652
603264,772.1543769885965,500,False,0.1043927880320919,True,0.0225500217779397,3.4983370304107666
604336,253.87129684777352,216,True,2.0427311985352268,True,0.022692375142179772,1.5175939798355103
604448,692.4958643890644,500,False,0.2301171080910909,True,0.022370058022256285,5.509711265563965
606000,786.2491943400264,500,False,0.08244705804070912,False,0.022340374431812034,4.69083833694458
606192,789.7595738471881,500,False,0.08160085364560311,True,0.022271889392992756,1.9247009754180908
606704,789.1534033041321,500,False,0.09993398175879753,False,0.022186935620564105,2.3710291385650635
607520,763.8166723692394,500,False,0.40803095736487893,True,0.022108235901118364,2.0026917457580566
607632,837.1728977389167,500,False,0.20397171676538922,True,0.022218830546669486,2.463534116744995
607984,656.6737200423464,500,False,0.41377823310282674,True,0.022157394675578423,4.088357925415039
608096,773.1674640106687,500,False,0.09715204213725658,True,0.022163048094074735,2.5848002433776855
608688,724.8218511146947,500,False,0.40310100542628086,True,0.02217091537073138,3.301966905593872
608768,769.5124133904934,500,False,0.39336753753661197,True,0.021976338489783944,3.16048526763916
609232,771.6315633485576,500,False,0.1855660682729293,True,0.022070350466234942,2.7273306846618652
609904,743.6690292479788,500,False,0.11918449521580002,False,0.02213382620848569,2.180781841278076
610336,718.8317768554547,500,False,0.06789969668084672,False,0.022032106910878826,2.7239880561828613
610976,735.7808026454724,500,False,0.026887756589124352,True,0.022077253474601044,2.0207738876342773
611264,792.9904814144455,500,False,0.07145044427463718,True,0.02219146351446468,30.4117431640625
612336,793.0553135734658,500,False,0.07618532154993281,True,0.022379494874182285,5.547689437866211
612448,771.8340634641211,500,False,0.09770792865158776,True,0.022338033087014337,4.353168487548828
614000,839.9062471479162,500,False,0.08256885902084506,True,0.02221329610160706,4.494459629058838
614192,664.6785264843925,500,False,1.033039985270761,True,0.021944959680018056,3.2626404762268066
614704,844.7429324278436,500,False,0.029064975041244674,True,0.02189061778873915,2.831331253051758
615520,757.9416607329885,500,False,0.07144333125177368,True,0.021605733472985597,2.59204363822937
615632,719.114422474703,500,False,0.0588482959265186,True,0.022059457605074318,2.2572431564331055
615984,785.5054457655509,500,False,0.036656860179524436,True,0.022146131967532387,2.3421549797058105
616096,738.8780910354665,500,False,0.02802313506785273,True,0.022085163006619928,3.714390516281128
616688,775.8535707814652,500,False,0.14909294663120018,True,0.022210285098899142,3.3201427459716797
616768,558.2003620704965,500,False,1.0833971082140261,True,0.02230589891563904,3.5444061756134033
617232,593.5677790536628,500,False,0.9111694275712883,True,0.02223575771507437,2.126373767852783
617904,810.4405015678536,500,False,0.1309288795332414,False,0.02212496879173254,2.971761703491211
618336,682.7913088013929,500,False,0.07077670124664348,False,0.022313285379132613,3.2554681301116943
618976,713.0780278646849,500,False,0.33354989481216535,True,0.022139675454532867,18.554473876953125
619264,689.0867970424716,500,False,0.1650198652493324,True,0.022232280827134656,3.8686184883117676
619648,365.97521313895595,309,True,2.7162834243930423,True,0.02232847130043475,2.502739429473877
620336,786.6036478014807,500,False,0.09464841083593267,True,0.022338353659749427,2.721769332885742
620448,630.5486249195737,500,False,0.2711918998260903,True,0.022388122521950507,9.394490242004395
622000,792.6003058178422,500,False,0.08841938025901146,False,0.022377026823108298,1.68312406539917
622192,845.2802644764953,500,False,0.03651347885705682,False,0.021417502510661685,2.255626678466797
623520,766.5021495515525,500,False,0.06256896142346807,True,0.021446822580583193,2.0525894165039062
623632,541.6112591197699,500,False,1.8165349583124617,True,0.02159601538469794,8.19205093383789
623984,710.0523571229904,500,False,0.49657412319433064,True,0.021705185080271513,2.1371560096740723
624096,796.447551031224,500,False,0.08076822343264285,True,0.021618453038074584,2.050449848175049
624688,808.6860227268807,500,False,0.15948462257185916,False,0.021539878195852222,2.59757137298584
624768,774.4122003747685,500,False,0.051344579331102536,True,0.021588430088291588,2.1779656410217285
625232,822.8415396570826,500,False,0.10024015451343643,True,0.021603606385849596,3.2483956813812256
625904,761.5833569259242,500,False,0.12134250403791205,False,0.021386003204723458,2.713853120803833
626336,675.3487389926512,500,False,0.202539504693016,True,0.021501567851482023,5.135234832763672
626976,784.040180061788,500,False,0.08481055799481922,True,0.021757488634815532,3.6563305854797363
627264,701.522144175871,500,False,0.25278026600572,True,0.021595659942252498,8.07959270477295
627280,466.8041783619394,330,True,1.6681185637471447,True,0.021549543018851553,2.2315101623535156
627648,807.1111080024773,500,False,0.058082305539162556,False,0.021555152821344098,2.1307260990142822
628064,149.74694333314645,177,True,1.5225501233077618,True,0.021332308413391374,3.1740341186523438
628336,836.2276739591458,500,False,0.06842374159411477,False,0.02137349060647199,1.8722145557403564
628416,252.45051509604318,228,True,1.5100257459467703,True,0.0214512409597682,3.2951138019561768
628448,756.2014368934244,500,False,0.1562082331539303,True,0.021487113333856316,1.8422660827636719
630192,730.4963081877693,500,False,0.05687186316094829,True,0.021493855992225187,2.8577475547790527
631520,687.7179950802326,500,False,0.158350167201908,False,0.02112811751601212,4.306421279907227
631632,760.8664670258626,500,False,0.09841054050613014,True,0.02099589471177584,20.779788970947266
631984,783.0981858672295,500,False,0.14006537531797644,False,0.02104801774159104,2.9124855995178223
632096,848.2933311980522,500,False,0.11923208880612532,True,0.021242633725726275,3.0447704792022705
632688,803.3884530778907,500,False,0.11211314204301281,False,0.021219035261294115,2.003537654876709
633904,816.5730304609515,500,False,0.06822422401463164,True,0.021403956225548578,2.1849260330200195
634336,563.2781995327593,500,False,0.3827283114190054,True,0.021221700236503105,2.8505160808563232
634976,589.4206318795419,500,False,0.12788668632671282,True,0.02110127490482455,1.7691214084625244
635264,803.4354381989266,500,False,0.060115934093581194,True,0.021293967074455227,2.9050514698028564
635280,533.1818771146045,500,False,0.29902164862045777,True,0.021445799013393965,45.645965576171875
635648,785.8577850742064,500,False,0.0505496104171363,True,0.021418335103694775,1.9517543315887451
636064,829.312343865426,500,False,0.1072836575909104,True,0.021086224358698457,2.7161850929260254
636336,544.8045808555797,500,False,0.3754428285574878,True,0.021071685747111945,10.448060989379883
636416,833.7658186631921,500,False,0.10098495759285402,True,0.02100489934986963,3.9863121509552
636448,840.3939249104008,500,False,0.09406766115799317,True,0.02106175986824202,2.662891149520874
637280,116.69404607491441,144,True,1.1223540732473325,True,0.02108953340762025,2.9956820011138916
638192,634.4333572935128,500,False,0.2670041715457539,True,0.021212622753361075,2.046133518218994
638288,162.30235773223433,165,True,2.7246109607153555,True,0.02098232475987668,1.7892990112304688
639520,743.177698330063,500,False,0.09446093423723433,False,0.021099026461087047,2.039881944656372
639632,751.648246565517,500,False,0.13688522407652928,True,0.02131120266169248,2.992480993270874
639984,750.0364540042476,500,False,0.06257647225708438,True,0.02132459519718002,38.35167694091797
640032,443.40191780792156,356,True,1.8853368492121352,True,0.021348196528442005,2.2445120811462402
640096,246.73883287130852,235,True,1.6874831384087332,True,0.02140164814134094,2.767049789428711
640096,499.46831572843695,500,False,0.4402505043616262,True,0.02140164814134094,2.767049789428711
640688,776.9576321292225,500,False,0.029988476713293626,True,0.021481982900054413,4.691849231719971
640688,337.20743453246024,339,True,5.902244719377985,True,0.021481982900054413,4.691849231719971
641616,86.77433672130658,131,True,2.0445913251376058,True,0.02166947520969228,16.990541458129883
641904,794.2187837168298,500,False,0.16047769789163624,False,0.021802355762208063,2.2513561248779297
642912,103.82529176495044,139,True,2.688286844960124,True,0.02164980739761111,3.7359728813171387
643280,774.2812928712493,500,False,0.1934209333465365,True,0.021497804767141075,3.1512489318847656
644064,822.2208081337593,500,False,0.09319555289704178,True,0.021406460010312427,7.626564979553223
644416,780.8510715933081,500,False,0.04681428974844422,False,0.02105954137627509,26.121601104736328
644448,744.4157645630439,500,False,0.08662349641271332,True,0.020929628122729232,65.52239990234375
644464,323.9640210413764,236,True,2.1003620578418736,True,0.02093241620788963,2.5292203426361084
644816,50.95253493003682,119,True,1.3566096960686025,True,0.02094113242149065,2.372504711151123
645280,826.3347701281245,500,False,0.08541767330137708,False,0.021195203337714356,2.3694515228271484
646192,745.7189022639676,500,False,0.06346229562284607,False,0.021166741958992957,4.1864423751831055
646288,730.1172049594927,500,False,0.21067956832655052,True,0.021041549593771518,7.403165817260742
647632,835.191151240948,500,False,0.06541912409576991,True,0.021032551951655397,11.51089859008789
647984,780.1325974721766,500,False,0.20495514547081545,True,0.02131198396415934,3.1090779304504395
648032,763.7133954443611,500,False,0.1306142359704464,False,0.021160369670606614,2.214303493499756
648096,777.9978979165147,500,False,0.09428268065703295,True,0.021120880640293882,2.769662857055664
648096,688.0579323358594,500,False,0.17011304239181593,True,0.021120880640293882,2.769662857055664
649616,523.133995762452,500,False,0.3502988481982419,True,0.02107226528146392,2.388166904449463
649904,723.1501234563337,500,False,0.6186611398579998,True,0.021185269835254785,2.9466609954833984
650064,83.91767812954717,130,True,1.5304093110710162,True,0.021187351872603497,2.7884979248046875
651280,776.2893785061087,500,False,0.11045935744751245,False,0.021157390101799112,2.824965476989746
652064,721.6459860304066,500,False,0.5226145541339946,True,0.020787375518444194,2.0920820236206055
652416,780.3924900387962,500,False,0.0874605835831136,False,0.02090464614494678,2.173699378967285
652448,785.5281680431033,500,False,0.04163608309531798,True,0.020844473377911444,2.4449682235717773
652464,615.9545889216116,500,False,0.2638577183311415,True,0.020880562916470224,2.239434003829956
652816,667.4700119241966,500,False,0.29317714990786536,True,0.02090428593582782,26.74707794189453
653280,828.5127293394484,500,False,0.14559363933191768,True,0.020939689250069116,2.602121353149414
653536,473.05563375282804,340,True,1.3433512999010566,True,0.021168882723326038,3.1810436248779297
654192,837.5124817038801,500,False,0.07803776692009452,False,0.02105553086772878,2.73044490814209
654288,830.9721878157593,500,False,0.030320618408619847,True,0.021301612754997423,2.192169189453125
655632,728.8663918847807,500,False,0.26754847833368145,True,0.02135457294262674,3.495788097381592
656032,787.4481675350503,500,False,0.10455796976085012,True,0.02109514643763096,2.5400376319885254
656096,680.9680656300077,500,False,0.6711336289714536,True,0.020891816662679773,3.1168372631073
657616,793.8894352236248,500,False,0.1405751418359735,False,0.020915459823245913,2.6390676498413086
657904,689.8810008336532,500,False,0.04542185971857182,True,0.02053918092985383,3.861082077026367
658064,809.5194343331428,500,False,0.053294979279658906,True,0.020390895567087647,3.5648181438446045
658416,476.910989765352,350,True,1.7404742347627817,True,0.02027857281471604,3.6856331825256348
659280,814.0433139431999,500,False,0.0487227425680846,True,0.020339321039638307,3.8185572624206543
660064,783.0150880169354,500,False,0.060651143924829294,True,0.020753582006600848,5.561321258544922
660416,663.5714401754444,500,False,0.27068988566570124,True,0.020556047325022895,12.47451400756836
660448,744.2845718590582,500,False,0.09769912040356822,True,0.02036035453451374,6.302728652954102
660464,762.1723939149539,500,False,0.1092232670426656,True,0.020359310676955872,2.1003241539001465
661280,789.0537440855484,500,False,0.0913431802703832,True,0.0203571047645481,2.642616033554077
661536,728.2432404951219,500,False,0.10391731289764748,False,0.020158496956151132,3.0807292461395264
662192,748.4100315537253,500,False,0.6276075323147355,True,0.020424353112595658,5.782467842102051
662288,748.8944306130699,500,False,0.02648086742695328,False,0.020690460780355715,2.837515354156494
662528,84.19644773343,154,True,2.6752300739383514,True,0.020667309316279536,2.4677743911743164
663008,162.05395940312587,160,True,2.16750288314746,True,0.020639187712103213,4.0924272537231445
663632,692.8381727883692,500,False,0.49837604054792023,True,0.02060281379935309,4.796435356140137
664032,865.4856672955177,500,False,0.040547834162782466,True,0.020934052222053894,2.2389683723449707
664096,770.0963867521632,500,False,0.07976624948118678,True,0.02097734491044447,2.586123466491699
665616,767.2580818705428,500,False,0.10824327435221821,True,0.021008397341223516,1.9795734882354736
665904,814.3577532197515,500,False,0.07780118919910943,True,0.020421859118073586,2.058769941329956
666064,732.4750406245876,500,False,0.1397272276522361,False,0.020461612719820943,3.409295082092285
666416,863.7485943790113,500,False,0.04259496113516243,True,0.02053729626827448,2.839881420135498
667280,857.6425780413502,500,False,0.04536427490171463,True,0.020529481823181695,2.6232337951660156
668416,860.4658578607099,500,False,0.03701271448712782,True,0.020794582509133814,3.710390567779541
668464,670.1388969760447,500,False,0.06219130677944896,False,0.020823581820279755,2.0345866680145264
669152,451.23564094948017,345,True,2.9767894334594605,True,0.02075298911772153,2.9422249794006348
669280,536.0464880271426,500,False,0.38423154073202637,True,0.02087370044836141,2.286268711090088
669536,851.2527549457078,500,False,0.09071346127984545,True,0.020774040777668087,4.296472549438477
670192,801.9063205323223,500,False,0.04788227038699693,True,0.020744040026116375,1.6482254266738892
670288,817.7372086339772,500,False,0.1003490121204544,False,0.020726266804891053,3.6321005821228027
670528,505.83124990177515,500,False,0.3780951280624645,True,0.02075261494957969,1.8268154859542847
671008,823.7918402628276,500,False,0.044684632884644436,True,0.02080695152436995,2.592942714691162
672032,799.8052624758154,500,False,0.0695047066365433,False,0.02095784374784655,3.7889389991760254
672080,180.24660542169113,159,True,2.694264263190722,True,0.020791550645304694,2.7021543979644775
672096,783.6786546163531,500,False,0.06567819593832348,True,0.020760875810006255,3.3461599349975586
673616,759.9893657966537,500,False,0.06541356295652687,False,0.020756021501229096,2.437607765197754
673904,745.1830120310831,500,False,0.261809335397396,True,0.02039652528834919,2.3719396591186523
674064,845.0519936456338,500,False,0.08915375633618712,True,0.020375188758791782,1.8875401020050049
674416,647.9966693019223,500,False,0.7172283155508954,True,0.020283220088901845,4.3515095710754395
675280,726.1675874362616,500,False,0.09223517437290904,False,0.020144914628152325,2.757716178894043
676416,773.0398869310246,500,False,0.08636538443854888,True,0.02005723878279217,2.070018768310547
676464,362.19434235773383,500,False,0.2262377942970305,True,0.020198640674465855,3.0464792251586914
676640,568.447526920473,403,True,2.6423565532767013,True,0.020194461656466347,2.2085988521575928
677152,763.6591001685766,500,False,0.18125809996991582,True,0.020138611593223665,2.9456443786621094
677280,757.0298859989506,500,False,0.11088964273491969,False,0.020236039683090016,2.0972108840942383
678288,778.1129739653131,500,False,0.12798715595563123,True,0.020450576107540416,3.181938648223877
678528,754.1538689146995,500,False,0.38979527877486425,True,0.020430744314303736,2.4775938987731934
679008,826.0686328714887,500,False,0.068600178486888,True,0.02039277413904247,2.524376153945923
680032,664.8797475984363,500,False,0.749029108545074,True,0.02024939685637213,2.423062801361084
680080,755.3598644376415,500,False,0.13693201042951483,True,0.020528917436398054,1.8954564332962036
680096,791.3587321405229,500,False,0.081825635845882,False,0.020569522352319125,2.11982798576355
681616,575.2974063980438,500,False,0.5411727368324025,True,0.020572862586566265,2.5283985137939453
681904,765.9378337390411,500,False,0.06572724040043726,True,0.020741364046780435,2.1250715255737305
682064,736.7658520624165,500,False,0.117022153870972,False,0.020585509200104834,2.0071399211883545
682416,732.7239046219139,500,False,0.1292060135907757,True,0.020584559210183494,3.4903690814971924
683280,732.0541101269426,500,False,0.12040198208426577,True,0.020502426820250205,2.0774569511413574
684416,777.2044319056279,500,False,0.058119940369198285,True,0.020632668002785775,1.8967145681381226
684464,771.2000349893186,500,False,0.06477990484581615,True,0.02071286846260343,2.530534029006958
684640,725.3139386158601,500,False,0.11603481293687626,True,0.0207683902202133,5.341451168060303
685152,857.1234120200228,500,False,0.14534631474452223,True,0.020758397732600596,2.2824220657348633
685280,739.3340780416511,500,False,0.13377847858791972,False,0.020613457091640672,18.93955421447754
686288,734.7255112283847,500,False,0.07324862945670413,True,0.02039022980871735,1.9826381206512451
686528,785.5218415074401,500,False,0.07497818506992385,True,0.02032137851275045,69.5733642578125
686928,581.6553748494932,431,True,2.3104800721172487,True,0.020424704146567142,2.517718553543091
687008,828.0976919265834,500,False,0.0835628819089328,False,0.020474121524551473,2.4575114250183105
688080,755.7316373152629,500,False,0.1307379864517011,False,0.020548615280747938,2.149580955505371
688096,783.9437360035624,500,False,0.13781668370594313,True,0.02068135395242483,2.3868799209594727
689616,718.2079022785507,500,False,0.06536457246022448,True,0.020660173724945566,2.3849782943725586
689904,523.5673868866219,340,True,1.9158299023237204,True,0.02045363789482062,3.1013288497924805
689904,721.2778197138596,500,False,0.20929184830060585,True,0.02045363789482062,3.1013288497924805
690064,761.6481919280627,500,False,0.08414882892652552,True,0.020524057855593244,2.241386651992798
690416,719.863216762052,500,False,0.5224660997939878,True,0.020504124826241876,2.427503824234009
691072,383.04456378816275,284,True,1.3363319169856736,True,0.020565725278369574,2.3221633434295654
691280,787.2208813372101,500,False,0.0894208874061128,False,0.02068170968997285,12.40737533569336
692144,455.0564119605384,321,True,1.6375072590330477,True,0.020676380942835172,3.7751893997192383
692416,835.9219379910825,500,False,0.08116799877162006,True,0.020735799133263115,1.9437493085861206
692640,765.8250534645006,500,False,0.08262148193607624,False,0.02100773661107062,2.322554111480713
693152,743.7589961982713,500,False,0.07959700319899637,True,0.0210252422668596,2.6148624420166016
693280,776.3008150438216,500,False,0.12444029434923384,False,0.021084398235843693,2.249797821044922
693936,382.79927647828515,270,True,1.4825036199154247,True,0.021172866940589632,2.7454030513763428
694288,526.2335453460025,500,False,0.4687861994109421,True,0.02134795682481333,7.444570541381836
694928,716.9449843187954,500,False,0.15235815202803626,False,0.021424277498486355,2.6641645431518555
696080,637.4854306325074,500,False,0.1279416232868212,True,0.021035192041779654,2.6115880012512207
696096,670.4080808802086,500,False,0.29792084937521235,True,0.02091614740408047,2.278104782104492
697904,515.649663389939,500,False,0.8979461982811445,True,0.02091896736406882,1.7037162780761719
697904,629.4194411481502,500,False,0.13109582940772385,True,0.02091896736406882,1.7037162780761719
698064,792.1132254537052,500,False,0.0909363249491961,True,0.020775574199045792,3.043489933013916
698416,621.7204656908459,500,False,0.29946913088273536,True,0.020793751962380647,1.6275875568389893
699072,762.7300380718145,500,False,0.1446493192695238,True,0.020756083587844847,2.2208075523376465
699280,787.981897766835,500,False,0.10653625786120927,False,0.02085564547753589,3.6633338928222656
699456,578.4321706204577,426,True,1.327732611565259,True,0.020934495118030663,4.559863090515137
700144,552.7850760552278,500,False,0.49261296141387306,True,0.020938043641270377,3.018800735473633
700416,781.7108658189035,500,False,0.09681960481209034,False,0.021085989065588413,17.134042739868164
700576,151.10385577363104,167,True,2.581117696558943,True,0.02091288496783841,3.107095956802368
700960,192.9209315458132,159,True,2.5950192221724566,True,0.020957830643264886,2.617210865020752
701152,681.2286719165261,500,False,0.3134100922531828,True,0.020818795689214017,10.448481559753418
701280,829.8687617394457,500,False,0.15748875189792325,False,0.020682604284663685,1.860912799835205
701936,763.1300135435571,500,False,0.24277222789495628,True,0.020604498203647528,2.1396141052246094
702288,620.942221595077,500,False,0.11847553732455685,True,0.020553533574473017,2.461021661758423
702928,633.8312538910294,500,False,0.2401184548634238,True,0.02078019995303714,2.8343586921691895
704080,754.2922912915279,500,False,0.06986050573380852,True,0.02096467698173014,2.7701375484466553
704096,698.2725538970292,500,False,0.16906569259311935,True,0.021081841897866785,2.307046890258789
705904,468.5707241744643,500,False,0.3227488860705207,True,0.021074927003968114,2.045118570327759
706064,853.6867259014198,500,False,0.05255753911415658,True,0.020460897226925505,22.847705841064453
707072,807.0474409728031,500,False,0.0694420448367492,True,0.02050359293385815,6.509483337402344
707280,772.598067650898,500,False,0.27841466716278046,True,0.0205600936910974,4.141353130340576
707456,819.6119556004785,500,False,0.02334181035280606,True,0.020464661326865866,10.575822830200195
708144,785.5850007786574,500,False,0.07866867427117487,True,0.02045877030648577,12.009615898132324
708416,771.4475747306719,500,False,0.2022679937146002,True,0.020293408730178923,3.226720094680786
708576,767.9838008164037,500,False,0.17509366642692084,True,0.020244876647164248,2.7771682739257812
708960,747.3906334319341,500,False,0.12978197438331632,True,0.020175506264289145,2.5020527839660645
709152,874.5611563356292,500,False,0.10265679316751009,True,0.019852145938156252,2.452299118041992
709280,880.259439231555,500,False,0.08491667333490242,True,0.019859993675303472,6.861303329467773
709936,816.7726652424103,500,False,0.0962653203515879,True,0.019866857370244233,1.8896534442901611
710000,160.5268796807001,159,True,1.2547012740981098,True,0.019546052047653764,2.062549352645874
710288,858.361130273348,500,False,0.11433821710570681,True,0.019576954889829027,3.5217883586883545
710928,753.2039710925543,500,False,0.13137756950306226,False,0.019532965533565348,2.0280628204345703
712080,746.8035309507072,500,False,0.09750415916100627,False,0.019803677203928123,9.361913681030273
712096,704.498619124244,500,False,0.682681759186168,True,0.019645925800032406,2.6195099353790283
713904,791.443871630004,500,False,0.07746333739907371,True,0.019647697041385803,2.5980401039123535
714016,422.0788926372253,316,True,1.7257258489933875,True,0.02021646421359377,2.009895086288452
714064,766.5420446056905,500,False,0.09729740834251126,False,0.020220300609624237,2.4163706302642822
715072,721.36260901425,500,False,0.1483944267365632,True,0.02019635664474291,2.6566975116729736
715280,766.8280439117058,500,False,0.05789644904069423,True,0.019920554310873074,2.678375720977783
716144,734.6457240230013,500,False,0.10441109353049956,True,0.01990508139130847,1.85892653465271
716416,776.7005768012522,500,False,0.10949427565522392,True,0.019919657406284454,2.189117193222046
716464,606.5796538524054,404,True,1.1699083552332807,True,0.01973437323233086,3.46988582611084
716576,604.3723150054302,500,False,0.3111857267314869,True,0.019701766772924574,4.330097198486328
717152,780.504502142925,500,False,0.13704240131612772,True,0.019774401704252032,2.30918550491333
717168,162.4790557934141,204,True,1.5593855664624279,True,0.02022596076054823,1.9035534858703613
717280,710.2285536757389,500,False,0.19885997333446054,True,0.020226049593230606,2.2695250511169434
717936,824.4286462049682,500,False,0.056782264742818465,True,0.02014419264930963,2.6390600204467773
718288,758.52833749103,500,False,0.09051427698428978,True,0.019866754313722316,4.680007457733154
718928,724.095236902232,500,False,0.08744481420632799,True,0.01982225158206388,3.000673294067383
720080,587.229880660265,500,False,0.24776914268359226,True,0.019869838065258265,18.073638916015625
720096,744.8459375757802,500,False,0.051918848871619086,False,0.01940296959774743,2.088865280151367
722016,412.4962391063662,340,True,2.142046084022282,True,0.019392216488001844,2.1379988193511963
722016,798.8101791698767,500,False,0.15591149442433297,False,0.019392216488001844,2.1379988193511963
722064,586.6247675551385,500,False,0.23895398458238143,True,0.01854789478258735,5.480369567871094
723072,774.4184397843446,500,False,0.09170129591810867,False,0.018554288947296795,2.7707462310791016
723280,711.7214286553549,500,False,0.08385694169230158,False,0.018593227859597786,2.5842063426971436
724144,819.6879233909561,500,False,0.03762376500693739,True,0.018718720941368283,2.109851360321045
724416,725.8310651030642,500,False,0.3425416101552328,True,0.018808915229932794,2.1913325786590576
724464,686.7279509859271,500,False,0.28294481140852346,True,0.018785059334063114,3.190969467163086
725152,660.7112594813188,500,False,0.17770610472016138,True,0.018804044986786162,28.043201446533203
725168,785.3303845641302,500,False,0.1622298607650219,True,0.01901165058780164,1.9890652894973755
725280,773.3560412477307,500,False,0.19337284941854302,False,0.019027074818894645,28.2656307220459
725936,714.4883974465023,500,False,0.1173394329000597,True,0.019091080754262774,2.2912421226501465
726288,743.0135355004142,500,False,0.10996678994316443,True,0.019083558943252477,2.9186367988586426
726928,724.823783889779,500,False,0.1418736414956573,True,0.01912916185977592,3.038365602493286
727040,618.2087425339699,434,True,2.410612599671875,True,0.019470094856893987,2.4191625118255615
728080,818.209189292531,500,False,0.184483065977916,True,0.01942022657083306,2.245389938354492
730016,780.0110868308961,500,False,0.06053357446607142,False,0.01973870817436892,2.0117998123168945
730016,701.6851459213681,500,False,0.1773870248480674,True,0.01973870817436892,2.0117998123168945
730064,776.886207355124,500,False,0.056842799374415706,True,0.020109237638903273,2.13527512550354
730144,378.16631943918975,304,True,2.583882225832444,True,0.020123660234776325,3.089036464691162
731072,831.4121111476135,500,False,0.09018210347926388,True,0.02018150588568229,2.189755439758301
731280,682.1583394967935,500,False,0.3548853133624417,True,0.020077207807923176,2.6442794799804688
732064,466.19306950547616,314,True,2.157993780895537,True,0.020094671370410468,1.7251218557357788
732144,819.6360526881203,500,False,0.06810866003708471,True,0.020199548803128575,4.956549644470215
732416,812.2397813101554,500,False,0.060519877388894125,True,0.02021976552544442,2.5164804458618164
732464,751.568928248138,500,False,0.08681129916112704,True,0.020143259040360097,2.277100086212158
733152,813.6721610444592,500,False,0.027507023896531983,True,0.020097821230540155,10.246597290039062
733168,821.1182659221001,500,False,0.06229868781310381,False,0.02011963099978675,4.815639495849609
733936,858.6117268533628,500,False,0.05274726003924381,True,0.020132673002730257,2.131631851196289
734288,763.6226570374191,500,False,0.10019414881585198,True,0.019948914227024106,2.3458456993103027
734928,762.7488462770615,500,False,0.09761805557875092,True,0.020060312738734907,3.6636993885040283
736080,750.1844470277003,500,False,0.03336460502736348,False,0.020084827086243595,7.115337371826172
738016,757.3192789540865,500,False,0.23886016836521345,True,0.019840146532034933,2.9221925735473633
738016,657.9576998451971,500,False,0.4593621876492649,True,0.019840146532034933,2.9221925735473633
738064,561.4900838832714,500,False,0.27006836424517106,True,0.020709056242704766,17.070575714111328
738144,779.1060654731532,500,False,0.06850335981324382,True,0.02071304493941123,2.1778104305267334
739072,736.1656892095323,500,False,0.09799237593825416,True,0.02069532258109797,3.4065170288085938
739280,749.4295726509703,500,False,0.11788453587576626,True,0.02038831427231801,2.4093925952911377
740064,811.7028319640879,500,False,0.03710949402970517,True,0.020115985665922577,3.693223476409912
740144,754.460722080767,500,False,0.13130351857758837,True,0.020112405408936933,5.226624965667725
740416,869.3571446973463,500,False,0.07686290776334609,False,0.0203089964948718,57.953983306884766
740464,748.7125832569077,500,False,0.08053422852551835,True,0.020381291049538987,2.028695583343506
741152,798.7523457573669,500,False,0.13005309802282353,True,0.020367989127438892,2.2357048988342285
741168,801.8214476407663,500,False,0.08664590217239054,True,0.020494048816264186,4.733926773071289
741936,837.5932527947467,500,False,0.11017293018997965,True,0.02049966603775453,1.8266816139221191
742288,748.5333486520004,500,False,0.06519441349422075,True,0.020594352248583293,1.8049626350402832
742928,793.8347811790981,500,False,0.07306650936748135,True,0.020503819085949292,1.8576282262802124
744080,741.7192233441959,500,False,0.12267036625778378,False,0.02049912726059297,2.8279407024383545
746016,766.5424988896813,500,False,0.09248741196693548,False,0.0200811840446791,2.4170336723327637
746016,822.309038164354,500,False,0.018105079065912112,True,0.0200811840446791,2.4170336723327637
746064,723.8364625192972,500,False,0.29267449035706017,True,0.01918815792982065,2.1812496185302734
746144,826.584316362376,500,False,0.11016194479311961,False,0.019118455426166085,2.030080795288086
747072,786.0059020901543,500,False,0.1641241431728391,True,0.019036510202705758,3.6281185150146484
747280,762.706738188692,500,False,0.09170483189290993,False,0.018821394749956942,2.2827043533325195
747472,372.73369452814427,284,True,1.5623521606963309,True,0.0188868730622175,3.091681957244873
748064,673.4061833079658,500,False,0.1302716891392264,True,0.018848667353215748,2.4719157218933105
748144,718.341940697922,500,False,0.20360520591284093,True,0.01912888398233252,7.86561918258667
748416,728.4103796525945,500,False,0.11851999456006525,True,0.019185946841283847,5.1820268630981445
748464,813.7482486002382,500,False,0.08419950929058284,True,0.01922161028288643,7.425189018249512
749152,728.8690826329473,500,False,0.16212739992535877,True,0.019247483068732175,3.0103907585144043
749168,760.8445783438523,500,False,0.08044109134950056,True,0.019476062343775396,2.727092981338501
749936,663.2146170783029,500,False,0.3466973854638276,True,0.019495971431226007,6.99217414855957
750224,257.2655338245387,260,True,2.738916654988808,True,0.019591523747199475,3.996199607849121
750288,838.0858782510672,500,False,0.08432489711328055,True,0.01953993003944275,2.474620819091797
751824,293.8998154321897,235,True,2.537977934073239,True,0.019522198863590978,5.287657737731934
751984,278.82767175112747,220,True,2.4174117104901063,True,0.01953471572335487,9.648691177368164
752080,745.3322492009848,500,False,0.06350346049736456,True,0.019531712428481552,2.6583971977233887
752288,318.5524530638086,259,True,1.5141721733224598,True,0.01953644601081586,2.440159320831299
754016,767.8249792876373,500,False,0.06569009406723098,True,0.01936843032137294,3.490767478942871
754016,731.2179311097399,500,False,0.21259256861141895,True,0.01936843032137294,3.490767478942871
754144,771.5274051189492,500,False,0.08718827733065188,True,0.019507481023964518,2.8149588108062744
755072,733.4451980403003,500,False,0.13138541525387099,False,0.019539189229544864,2.8139724731445312
755280,663.3145750922386,500,False,0.18574654512085662,True,0.019895923737666903,2.056425094604492
755472,788.3062990642534,500,False,0.06869542075272868,True,0.01984693232693997,2.1225035190582275
756240,684.7453694207491,443,True,2.455231719619081,True,0.019834730819763974,2.721672534942627
756416,796.2277058593494,500,False,0.12943408567634865,True,0.01946695170685595,2.0003156661987305
757168,735.3827807811195,500,False,0.2032214510775551,True,0.019516040347923456,1.8167829513549805
757936,824.68400145924,500,False,0.08576543754470264,False,0.0198360049602816,5.559454441070557
758224,761.302502935969,500,False,0.06246923112686452,True,0.0201530902656257,3.13961124420166
758288,796.5952991223425,500,False,0.09998487954468001,True,0.020371227171554002,1.9234364032745361
759824,783.840630197932,500,False,0.07157375331944463,True,0.020414101712075226,3.94429874420166
759984,761.8764743079045,500,False,0.07699760626959179,True,0.019867270822145525,2.1773135662078857
760080,782.5706293355632,500,False,0.05219961740697539,True,0.01978408971251679,2.486689567565918
760288,808.5004062968112,500,False,0.1270968925703114,False,0.019675823210885752,2.0830559730529785
762016,728.3801424645723,500,False,0.08705569732022067,True,0.01978639025693394,1.696012020111084
762016,786.1840602563664,500,False,0.07567296904228138,False,0.01978639025693394,1.696012020111084
762144,796.8159271500183,500,False,0.1606625683371398,False,0.019266026433403822,2.8383426666259766
763072,739.4749508481715,500,False,0.03283305797549519,True,0.019404336820858424,2.6718368530273438
763280,750.0987921537287,500,False,0.1272482778039698,True,0.019864637860839307,1.7192630767822266
763472,756.1562180050747,500,False,0.05484153778545303,True,0.019858050003414097,3.3936069011688232
764240,762.2991792233921,500,False,0.17439814777487173,True,0.019862611198580543,3.0384740829467773
764416,795.3383225930304,500,False,0.09004555129089942,True,0.020269052981173093,4.049558162689209
765168,577.4424773629523,500,False,0.4437060742706418,True,0.020130215820525224,2.0920522212982178
765936,784.71414340845,500,False,0.044698280029405575,False,0.020236410194083232,2.9295527935028076
766224,748.5081115268634,500,False,0.06243831109664128,False,0.02029821447297929,2.44042706489563
766288,702.3758278794696,500,False,0.09638468886716106,True,0.02039605940053869,2.8621625900268555
767232,383.3813402964846,318,True,1.187584913373808,True,0.020464696835903226,2.2320926189422607
767824,679.8152248998318,500,False,0.5678980477824129,True,0.020677685949178706,1.9204198122024536
767984,739.293375057503,500,False,0.1317579261152653,False,0.020424917780556433,1.5451648235321045
768080,787.8823096502263,500,False,0.040491800485467716,True,0.020364419806709066,10.309133529663086
768288,800.9190872582972,500,False,0.0773381184814873,True,0.020279883805158348,2.802863597869873
768736,111.30362594257954,157,True,2.983444400027661,True,0.020159424468267795,2.543745517730713
770016,858.6321754288057,500,False,0.03265096398395881,False,0.019907068777423993,1.8914909362792969
770016,756.062385653805,500,False,0.06493246107808281,True,0.019907068777423993,1.8914909362792969
771072,606.1910898071917,500,False,0.649639678005803,True,0.019323959074342537,1.7847850322723389
771280,786.5284443472523,500,False,0.12691849313213444,False,0.019427503967646278,2.1871676445007324
771472,771.6446024375091,500,False,0.16134204677696848,True,0.019549818521267876,2.8305678367614746
772240,752.6237442325257,500,False,0.07718894648592656,True,0.019617706829745795,2.0824437141418457
772416,741.1588469760482,500,False,0.12148543498090021,True,0.01919029961304702,1.9039344787597656
773168,789.3304837868841,500,False,0.10204316851298358,False,0.019365714030391883,2.274582862854004
773936,767.2776211007856,500,False,0.11088893338009505,True,0.01888973098916078,2.853372573852539
774288,739.0478529108999,500,False,0.18095361760457077,True,0.0190843052357365,1.9658092260360718
775232,700.0779447800132,500,False,0.3782513186886816,True,0.019242961418282425,1.7789208889007568
775424,402.19360764606864,338,True,1.6721294087165572,True,0.01906432284070295,2.6010258197784424
775824,705.3635070450242,500,False,0.18420475730862662,True,0.019054621553009774,3.747875690460205
775984,765.3101881587627,500,False,0.06405487473832476,True,0.018999426533126307,2.0110859870910645
776080,732.8757607028651,500,False,0.1685137218313941,True,0.018951536342349203,2.208425521850586
776288,815.8079429861289,500,False,0.0613945494898417,True,0.018998640348348955,2.126037120819092
776736,748.3517949388548,500,False,0.15441619368822174,False,0.018917432200427294,2.233170509338379
777504,359.11416003326536,329,True,2.356456560145238,True,0.01893549865663606,1.9723533391952515
778016,770.7938463167437,500,False,0.1205430415306396,True,0.01934896356724321,2.290076732635498
779072,744.2104740731938,500,False,0.12439155242629242,True,0.019523526915132698,5.437230110168457
779088,381.3233329171019,370,True,1.8006964590556453,True,0.019107071608739947,2.0089364051818848
779280,791.3414756770333,500,False,0.0999551184408093,True,0.019094055257270887,1.676579475402832
779472,743.7972581697591,500,False,0.04782872293319192,True,0.01904181189377034,1.820892095565796
780416,736.8745700907833,500,False,0.1374037169070695,True,0.01901386549376316,2.0912160873413086
781392,298.81360558551955,348,True,3.4840519289627676,True,0.019171055150333686,2.9686012268066406
781936,736.9436498469331,500,False,0.112717080700831,False,0.01945524892129526,2.922879219055176
782288,769.3374625254022,500,False,0.12452083426811832,True,0.019387741816143434,1.8949743509292603
783040,205.3853396534198,223,True,2.1732756902421433,True,0.0194548590853768,8.891318321228027
783232,777.967984308289,500,False,0.22269962494127177,False,0.01926705353267038,2.140704393386841
783424,785.0683807204741,500,False,0.0845254804178217,True,0.01926323641806997,3.23993182182312
783984,801.8686397492621,500,False,0.12112173294453878,False,0.019280006263401823,10.390213966369629
784080,809.7053386644862,500,False,0.10116340940605362,False,0.019242291148828757,1.4474533796310425
784288,736.8753252809393,500,False,0.07216937884371324,True,0.019208002062729802,2.576692819595337
784736,720.5224918606215,500,False,0.1476213275001595,True,0.01920729805032823,13.740745544433594
785504,682.2744732160861,500,False,0.13027221244695653,True,0.019218141840932294,2.811148166656494
786016,730.8335325513691,500,False,0.13502658276192447,True,0.01926994913881488,1.9243593215942383
787072,679.8030889839482,500,False,0.1462109586963694,True,0.019432689821140138,1.7255656719207764
787088,741.9855816545455,500,False,0.09921693766544032,True,0.019492641014015745,2.26943302154541
787280,720.9961101402093,500,False,0.1332298132334732,True,0.019481708696256938,1.5853941440582275
788416,720.9951390089631,500,False,0.07552344698067975,True,0.019379439293226778,1.67079758644104
788480,246.42275233359734,234,True,2.537224958860838,True,0.018981029830054987,2.749082326889038
788512,333.20555825898856,283,True,1.6849938065901275,True,0.01891218388139743,2.0037076473236084
789392,573.7006507881263,500,False,0.15655463948454168,True,0.018878542199446253,1.6039161682128906
789936,822.3512231935161,500,False,0.11333345674016523,False,0.01865185139897609,2.608093500137329
790016,569.3311092229253,412,True,2.0020756566642866,True,0.018511749823941295,2.163768768310547
790288,751.002447915116,500,False,0.13346931112606686,False,0.018460431041114042,2.0062026977539062
791040,718.271869721242,500,False,0.11901468609622297,True,0.018327854746805632,3.8340959548950195
791232,692.786113843852,500,False,0.18207483563330337,True,0.01853184830716657,6.337149620056152
792080,814.9750571057838,500,False,0.08673573665770677,True,0.01855134189314589,2.417778491973877
792288,803.1063369039485,500,False,0.14514338758811585,True,0.018880394287724454,2.8935797214508057
793504,733.4745639786499,500,False,0.09783239161493658,True,0.018965940751517706,2.398193597793579
794016,781.588015012041,500,False,0.12943950086014538,True,0.0193406380879929,1.7275563478469849
795072,684.6102937641667,500,False,0.22348967056220373,True,0.019234345345580363,3.092655897140503
795088,740.1596246105663,500,False,0.24281606162502178,True,0.018568540408093824,2.00869083404541
795280,470.858930003778,500,False,0.27912452877359883,True,0.018556197316922173,1.798531413078308
796416,829.1103447154806,500,False,0.04173873936727594,True,0.018476327136983606,1.6917515993118286
796480,741.2201451063928,500,False,0.11857524197751412,True,0.018386950390025046,3.7905468940734863
796512,809.914659524658,500,False,0.1456295348947479,True,0.01839245576343379,1.911483645439148
797392,770.6305661184422,500,False,0.11348306983116009,True,0.018408919630360183,1.8334318399429321
797888,298.03061895859355,242,True,3.1977777913440466,True,0.01876619126240289,2.1994848251342773
797936,818.7330408953081,500,False,0.06325612140800276,False,0.019051929768237313,10.128178596496582
798016,716.1942073113579,500,False,0.18329593738536432,False,0.01912430312557253,3.5698728561401367
798160,590.4902799844427,433,True,2.002656529759161,True,0.019112330287964614,9.584380149841309
798288,733.8274582836191,500,False,0.06164123125694556,True,0.018942760561177104,2.2240543365478516
799040,745.1327620908884,500,False,0.05401087836053887,True,0.01902442692022753,2.882272481918335
800080,783.0443443967165,500,False,0.12531006319091925,True,0.01917787471538949,2.6401782035827637
800288,772.0246296402076,500,False,0.14881079889954812,True,0.01916933900851425,1.8226912021636963
801504,553.1502863439558,500,False,1.8004932678572443,True,0.019227706954475104,3.117124557495117
803072,785.644807524939,500,False,0.12192221212220544,True,0.019848644282704067,1.879536747932434
803088,686.8574418059221,500,False,0.1880342842638896,True,0.019776994497756138,4.475631237030029
803280,452.7064004565316,500,False,0.36993309077063363,True,0.019771132356305888,2.2654991149902344
803600,475.8620398793085,357,True,2.411287313929889,True,0.019810709863384516,2.468618392944336
804416,694.3076212010109,500,False,0.09904771203801147,False,0.019952551968760154,1.5114037990570068
804480,758.5438477256833,500,False,0.09295374084180105,True,0.019743921261080724,7.254084587097168
804512,708.1303670145196,500,False,0.12217305622267391,True,0.019726249417077207,2.295743942260742
805392,754.9186080170147,500,False,0.058368067742784066,True,0.019687236228751535,3.135572910308838
805936,739.5947289804573,500,False,0.08713015068258996,True,0.019178178335977493,2.014676094055176
806016,657.6657327640207,500,False,0.4040738641414234,True,0.019194332182744533,5.695486545562744
806160,748.9405004378967,500,False,0.08536141038214605,True,0.019215208655525576,1.8759465217590332
806288,766.7790107409228,500,False,0.10105791774739221,True,0.01934054521919657,15.430339813232422
807040,829.7339885340214,500,False,0.08160599144164257,False,0.019317315684712108,2.0872254371643066
808080,677.1062754156604,500,False,0.09240220541927734,True,0.019326262269239284,2.02294921875
808288,662.0820893943929,500,False,0.2802894104292683,True,0.019192741929559835,2.1121554374694824
809504,720.9909036051529,500,False,0.526685906964588,True,0.019081098822688717,1.7125139236450195
811072,811.4423567847093,500,False,0.07538774490203154,False,0.018922503025141348,2.2868266105651855
811088,712.1620792420098,500,False,0.21336721627423152,True,0.018596807870938353,3.0793395042419434
811280,720.6329145168537,500,False,0.11744104016916058,True,0.018594719639081055,3.3577356338500977
811600,781.2960972496704,500,False,0.10459082064873165,True,0.01862241400130023,2.0391602516174316
812416,783.5571902845962,500,False,0.11499987229902629,True,0.018778373148524184,2.7752203941345215
812480,768.295393572385,500,False,0.08118292576805147,False,0.018667141293838077,2.6226720809936523
812512,756.550011189371,500,False,0.08450834112258405,False,0.018644177066653476,4.090425491333008
813392,738.7497207260886,500,False,0.20182985050382599,True,0.018621653250524024,1.965509295463562
813936,724.4454582699133,500,False,0.11630327916095291,False,0.018673498744296586,2.6919074058532715
814016,738.0797676817617,500,False,0.12645479085869693,True,0.019048294886942332,1.558107852935791
814160,811.7156167162364,500,False,0.18657155211681195,True,0.019064837863421794,3.931893825531006
814288,718.6020361164839,500,False,0.3798536109574521,True,0.019026135415229028,2.654620885848999
815040,676.1901510118072,500,False,0.20712666122389864,False,0.019072700576090396,14.62158203125
816080,696.2975107741013,500,False,0.07098384316698417,True,0.019148041679317784,1.6818158626556396
816288,750.519714542977,500,False,0.1077121139701991,True,0.01911804488453202,12.341109275817871
816528,82.80481329168998,157,True,3.3420560624032913,True,0.019159659872425946,1.850585699081421
817504,779.7762313191771,500,False,0.1727845911126123,True,0.019449952528938528,58.0317268371582
819072,711.1053503892665,500,False,0.19715757863564728,True,0.019737463038041685,2.178842306137085
819088,871.992131677985,500,False,0.017395260035654257,True,0.019296165436741893,3.1422111988067627
819280,764.2957299488295,500,False,0.2726435972607105,True,0.019306271012938827,1.879801869392395
819600,753.0234730556391,500,False,0.0836515045374118,True,0.0192518826712149,2.271251678466797
820416,764.3970651414398,500,False,0.10237735302676128,True,0.01911785389240496,1.8254504203796387
820480,751.1315103879203,500,False,0.12960736728274125,True,0.01899745390715354,2.7663068771362305
820512,716.1094330541544,500,False,0.1555917295417749,True,0.019122030047046552,1.915742039680481
820624,564.0435591047892,396,True,1.476517626749474,True,0.019183781501461255,2.276367664337158
821392,671.3545720160316,500,False,0.1713655978635211,True,0.019336679971500174,2.15644907951355
821936,817.8517441582693,500,False,0.13553746638044334,False,0.019502010637461393,21.001312255859375
822160,719.2454005257049,500,False,0.07436418518938537,True,0.019231267938085855,1.959714412689209
823040,650.9817204586512,500,False,0.27568036707948446,True,0.019310380571204752,2.6594412326812744
824080,829.7870684367874,500,False,0.06636064884814961,False,0.018983856110986262,63.74079132080078
824288,793.2669910873677,500,False,0.0650728732870355,True,0.019441240122924593,5.66377067565918
824528,781.1609494801664,500,False,0.1492238908672264,True,0.019555085112910226,2.584345579147339
825504,779.6210566397588,500,False,0.07441895679857734,False,0.01947889437458103,2.306248188018799
827072,740.7147693770897,500,False,0.09825037055821934,True,0.019475715517151385,2.221125602722168
827088,716.8909521043842,500,False,0.19685811236839287,True,0.019713610473186326,1.9260387420654297
827280,786.4268645773896,500,False,0.10941007880713392,False,0.01973377549313699,4.0107269287109375
827600,780.1148730677171,500,False,0.11039517042353703,True,0.019985218399755474,3.246802806854248
828416,842.1767574822447,500,False,0.11591826762853231,True,0.02021237817419827,7.540232181549072
828480,704.5227012517012,500,False,0.20013083136211407,True,0.0198461149842399,11.625470161437988
828512,817.6528672328081,500,False,0.12038097784648619,True,0.01982064446769954,2.0064635276794434
828624,717.5336643176943,500,False,0.08504913446413677,True,0.01978862230207237,1.999537706375122
829216,646.8366010477274,441,True,2.2898064932659152,True,0.019714786954660158,2.1583995819091797
829392,764.4352050049058,500,False,0.10791770494108198,True,0.019638504203731384,2.0400500297546387
829936,701.6005280734274,500,False,0.1512411296565833,True,0.019561763496817996,6.426444053649902
831040,776.44077001342,500,False,0.14178125362715352,True,0.01963609388073171,5.915037631988525
832080,802.6842722622533,500,False,0.03287863637288085,True,0.019766799263525477,2.0019211769104004
832288,670.4883378385871,500,False,0.1856920876992688,True,0.020204161409315698,2.768033504486084
832528,587.4124776152304,500,False,0.315241517881887,True,0.02007846187611731,1.7069323062896729
833504,728.4619902782595,500,False,0.1308307905148999,True,0.019966247859906975,2.167097330093384
835072,684.4030654342558,500,False,0.16233901304582954,True,0.0194453612573866,2.53375506401062
835088,765.0055227379546,500,False,0.23217345697903902,True,0.01956293959294467,2.5399422645568848
835280,674.3690766133914,500,False,0.15609926348594896,True,0.01956056465323447,1.69388747215271
835600,734.4407412751851,500,False,0.13582645954111358,True,0.019429255606320618,3.713505983352661
836416,738.231958960894,500,False,0.13089292369755004,True,0.019384002221595562,3.1602110862731934
836480,752.2720525394698,500,False,0.1969486636057341,True,0.019332579179774136,2.0543718338012695
836512,829.0645615545498,500,False,0.14246518187874646,True,0.019363454036597637,41.829254150390625
836624,803.8260926421506,500,False,0.15044810817529208,True,0.01935838642317055,2.3385539054870605
837216,774.563429704085,500,False,0.11289039841010422,True,0.019338441975782054,1.9758484363555908
837392,810.0619985073364,500,False,0.09119825457906776,True,0.019295558472608963,35.99943542480469
837904,389.7758161651646,351,True,3.152848779666318,True,0.01953499409321429,1.533048152923584
837936,757.3346377576347,500,False,0.14525492484554015,True,0.019459288726487084,4.193620681762695
839040,795.1968570181266,500,False,0.1072926305353392,False,0.019448562190584672,2.11090087890625
840080,787.1230744836937,500,False,0.11579027159294472,True,0.01945406075711334,14.514970779418945
840528,768.3242314111326,500,False,0.09620338038908435,False,0.019201450557980972,4.995720863342285
841504,714.251148729562,500,False,0.12778542809044033,True,0.019113538468347114,1.7646889686584473
842192,141.62980987482297,361,True,3.027041745150834,True,0.01899467261474817,1.751427173614502
843072,721.5749380171109,500,False,0.1619002537250851,True,0.018789962674168565,3.468135356903076
843088,689.1348838452515,500,False,0.17098740345468944,False,0.01897615137677173,3.4465866088867188
843280,621.7972404825344,500,False,0.15515148868327727,True,0.01896176648296932,3.1631433963775635
843520,284.03795191288276,215,True,1.7935260801169515,True,0.018979943826447868,1.5362904071807861
843600,697.078347741139,500,False,0.12728360714552428,True,0.01895717340266222,2.551469326019287
844480,796.153604433199,500,False,0.07321444310175201,False,0.0188404266749864,3.7285397052764893
844512,660.0646246368693,500,False,0.24911901877269008,True,0.01870984608119599,2.468313694000244
844624,746.1260429566418,500,False,0.14948166375530608,True,0.01871997879680926,2.5166280269622803
845216,811.8853775338458,500,False,0.08059669791953787,True,0.01870338344367167,4.651797294616699
845392,702.4899363287684,500,False,0.0172777137428356,True,0.018798217536850376,10.869937896728516
845904,603.7232434829915,500,False,0.22999370125700472,True,0.018743923276754258,1.772652268409729
845936,743.814101612189,500,False,0.1148740138017644,False,0.018731517390298803,2.937918186187744
847040,608.1968062873598,500,False,0.26975344201683843,True,0.018709963670179977,20.606346130371094
847520,315.0138843461772,277,True,1.394042076060147,True,0.018470279331946914,61.27037048339844
848528,842.1454852441817,500,False,0.13593895777797135,True,0.018509000251632608,10.20213794708252
849504,726.5745425391196,500,False,0.11990154567832162,False,0.018565490570941576,1.9867050647735596
850192,758.9243170340258,500,False,0.11313408128697107,True,0.018990813738550216,2.5117523670196533
851072,787.3079443482206,500,False,0.12602022730840887,True,0.019051386671424156,1.9073517322540283
851280,811.5442380695333,500,False,0.04381784868449873,True,0.01914091842473165,2.5935635566711426
851520,675.9269151605461,500,False,0.19378467986260037,True,0.019131866130284236,2.7837767601013184
851600,778.2901502422538,500,False,0.11092824957191239,True,0.01881939319778702,1.852813959121704
852480,734.839139333435,500,False,0.11553504024625634,True,0.018761172824082434,2.5416159629821777
852512,815.4381692594703,500,False,0.1153819344421952,False,0.018613746258772924,4.08188009262085
852624,714.796299264486,500,False,0.19939563642330205,True,0.018653438796960197,1.775320053100586
853216,674.3370022248891,500,False,0.1910894525279099,True,0.01885946863140378,3.289163589477539
853392,805.0944563461619,500,False,0.1370975388356206,True,0.019029626583138917,1.8157002925872803
853904,738.5119575958066,500,False,0.04928969313895845,True,0.01905541548527667,2.7095532417297363
853936,727.3269255453982,500,False,0.27806675646852835,True,0.018952248352411303,2.170377731323242
855040,715.60058711953,500,False,0.19256006657285726,True,0.018959250061279246,1.9870929718017578
855520,830.2624851662125,500,False,0.034333897150795635,False,0.019201531850137635,2.451446533203125
856528,756.8204382626874,500,False,0.061528177835998364,True,0.01932496799610807,73.59890747070312
857504,846.4101915383484,500,False,0.06393932392876156,True,0.018984116487994217,1.3951525688171387
858192,903.7365747273082,500,False,0.027212465959117457,True,0.018968494944481627,2.483097791671753
859072,721.148715432929,500,False,0.06942981169555208,True,0.019088799344770587,2.676668882369995
859280,834.6828233424374,500,False,0.06838586914542095,True,0.019278353672018862,2.0581345558166504
859520,748.1373493190222,500,False,0.05417411225002187,True,0.019239778792145234,2.682237148284912
859600,730.6971718738705,500,False,0.09644090981380167,True,0.019268987387822997,6.390501022338867
860480,771.0791046099346,500,False,0.06343462658277024,True,0.019361497310846732,2.4579081535339355
860512,732.445358778685,500,False,0.22808398207959024,True,0.019926984976403977,2.0055429935455322
860624,779.5330745458889,500,False,0.011162433455036775,False,0.019895110907477826,3.4721601009368896
861216,851.6297864594517,500,False,0.07006328306302505,True,0.01976441848795015,1.8708066940307617
861392,784.0835267407601,500,False,0.10569308514411178,True,0.019671821050682072,1.4963831901550293
861904,852.357632810245,500,False,0.08005117319826531,True,0.019638402917671327,1.9531166553497314
861936,753.6878628374367,500,False,0.1183731553838399,True,0.019738302790607214,2.190883159637451
863040,821.3163044400836,500,False,0.12230417795579078,True,0.019753317634853832,3.094951629638672
863520,833.3493834469299,500,False,0.05010884912801389,True,0.019848957270651484,2.1104202270507812
864528,764.4266960309122,500,False,0.11525736080008614,True,0.01988492675981028,2.9991261959075928
865504,647.2762916066463,500,False,0.13538792377680334,True,0.019730217785593026,2.3393654823303223
866192,679.2653598741149,500,False,0.02777094199873529,True,0.019312809493979385,1.673032283782959
867072,723.6307178441702,500,False,0.13884978249081234,True,0.019173687496057423,2.2491867542266846
867280,731.9480648793648,500,False,0.19430935049184284,True,0.0190804406863338,2.7839488983154297
867520,726.2387837133109,500,False,0.13318776337599908,True,0.019139400551043892,3.367161750793457
867600,594.3922719424094,500,False,0.1609934931982723,True,0.019183765256698026,2.184269905090332
868480,729.9172459887793,500,False,0.19861808805599082,True,0.01920078602470848,2.1534924507141113
868512,717.1509776808721,500,False,0.0959390702761377,True,0.018845694795767573,1.8486791849136353
868624,734.423286636174,500,False,0.11823379674632874,True,0.018817296721600922,2.0776114463806152
869216,811.6110541013686,500,False,0.08032790488636378,False,0.018733950135795444,2.2547616958618164
869392,643.3044448763997,500,False,2.0997777626536496,True,0.018877740573574404,2.7423038482666016
869904,763.8858263112699,500,False,0.03766867325605679,True,0.018891670029676105,2.1640069484710693
869936,739.6271959537715,500,False,0.08836290153894329,True,0.01888333627923418,2.6693639755249023
871040,746.8240165012267,500,False,0.07509444394361443,False,0.018872709662365744,3.254824638366699
871520,739.5653356513255,500,False,0.0910166632791124,True,0.018904326450154035,2.214308738708496
872528,393.39078389132266,500,False,1.5821745465601482,True,0.018878160359345263,3.0850913524627686
873504,667.4777972327759,500,False,0.07478970977701509,True,0.01879080378324243,1.751537799835205
874192,704.7217871456968,500,False,0.09789244435012034,True,0.01867223522405795,2.290699005126953
875072,761.3918790681673,500,False,0.147604865827943,True,0.01849274696560634,3.048433303833008
875280,801.8884668282315,500,False,0.10627663921810289,True,0.018493210031518787,2.101754903793335
875520,736.9364702173224,500,False,0.11826153932822418,True,0.018455995038760848,1.8297306299209595
875600,847.0390700228895,500,False,0.12189721206383589,True,0.018400106472997287,2.233755111694336
876480,753.0508409402963,500,False,0.24800606322880606,True,0.01836792534682867,2.121194839477539
876512,798.9257795136352,500,False,0.13111079726304523,False,0.018388503253806955,1.8238296508789062
876624,638.9409512050587,500,False,0.4858829321637149,True,0.01837268335611499,2.5351929664611816
877216,732.9000473167716,500,False,0.08648394117179367,True,0.018358799919319033,1.8142602443695068
877392,680.3947541241098,500,False,0.15263228251365754,False,0.01840976145924911,10.752094268798828
877904,704.1373825873112,500,False,0.15315850240531528,True,0.018317110818920564,2.4621291160583496
877936,780.173827249683,500,False,0.091553369167327,True,0.01797140753722326,11.476438522338867
879040,626.5817431470867,500,False,0.13856380141119687,True,0.017962194432478013,2.163837432861328
879520,723.5239159394037,500,False,0.16095808520090057,False,0.01808202812591047,3.0745692253112793
880528,817.8572150881636,500,False,0.26675392942369985,True,0.018093907373336007,2.2995686531066895
881504,650.4876834805307,500,False,0.13981947576023418,True,0.018204562451440833,3.8408055305480957
882192,736.2667688223279,500,False,0.0783166587902523,False,0.018143530714375307,2.1735658645629883
883072,747.6159981412075,500,False,0.13612743190017365,True,0.018304981376529354,2.028870105743408
883280,798.4124068279768,500,False,0.03955391872720332,True,0.01829498171527716,1.8293519020080566
883520,814.5656173515471,500,False,0.05092960500744295,True,0.018264660916894382,1.6831680536270142
883600,829.4219427202382,500,False,0.07530878736083337,True,0.01819187131306958,6.020406246185303
884480,612.7016775422285,500,False,0.08853008165175559,True,0.01818407012227574,2.8662939071655273
884512,774.80878598046,500,False,0.10176592040203605,True,0.01868156615268134,1.916503667831421
884624,786.9113561630764,500,False,0.04790450345305692,True,0.01868778576919367,2.7602739334106445
884912,360.7077412581822,438,True,6.004889172853077,True,0.018695304742464017,16.23689842224121
885216,799.7148499243385,500,False,0.08778022288891649,True,0.018445751743418077,7.517718315124512
885392,817.3303390448854,500,False,0.1391707103127856,False,0.018340998609065327,16.299945831298828
885936,766.1403233987761,500,False,0.06765562067841803,True,0.01829620631792164,2.0037965774536133
887040,393.1665320229903,500,False,1.4768418206109852,True,0.018006261642587066,2.1278414726257324
887520,850.9684051301082,500,False,0.07694307209928358,False,0.01811704711314731,5.836052894592285
888528,752.0835980302868,500,False,0.023762390404071326,True,0.01815807688170236,1.7281734943389893
889504,707.1371553726644,500,False,0.11099235628936928,False,0.018134671143567784,2.165268659591675
890192,758.6446212020859,500,False,0.09218529266617191,False,0.018112374116130196,2.101987600326538
890560,149.65593420461076,190,True,5.306578773697645,True,0.018382798782361303,2.1339268684387207
891072,604.6873533149454,500,False,0.1793874924010351,True,0.018373668691673235,4.594522953033447
891280,797.8566266266724,500,False,0.047089213384856964,True,0.01837028365086872,4.47831916809082
891520,692.5487351334903,500,False,0.21875761918658682,True,0.018525371986514595,1.77461576461792
891600,674.861704173041,500,False,0.113074507697948,True,0.018450043424904576,2.3744263648986816
892480,706.3858431977793,500,False,0.23322354276651353,True,0.018487445099022462,2.842046022415161
892512,810.9731758336467,500,False,0.15714739197489122,True,0.018371177163780127,1.993914246559143
892624,739.2094291514024,500,False,0.2937848138837525,True,0.018366442942221752,1.748894214630127
892768,610.890306663698,472,True,3.523992975485859,True,0.01840873390418334,2.5047097206115723
892912,687.5974747614669,500,False,0.2664168126016561,False,0.018426998721206483,1.7187250852584839
893392,699.761544318909,500,False,0.10588863052332351,False,0.018301804620444506,1.816699504852295
893888,431.6265881429094,335,True,1.6459367965871008,True,0.018309057078085434,3.0177931785583496
893936,530.2916514683709,500,False,1.140728159205842,True,0.018032377732081595,2.487645149230957
895040,661.686359618235,500,False,0.3053430880580992,True,0.0180301563225662,17.66206169128418
897504,740.4275907930341,500,False,0.15092725738298352,True,0.0175459766098074,2.805661678314209
898192,683.9169505341276,500,False,0.16102575790709342,True,0.01799685514980077,1.5240185260772705
898560,757.3983045772355,500,False,0.08893800801928743,True,0.017921371935726686,2.070669174194336
899072,761.580350506572,500,False,0.09049630060330192,False,0.017847986585789934,2.0238285064697266
899280,775.839910379984,500,False,0.06987992385049381,True,0.017727468330332195,6.135262489318848
899520,812.3631464788026,500,False,0.1833664646549886,True,0.017849477806775597,1.7532620429992676
899600,736.9668451825842,500,False,0.22271407301011717,True,0.017917002000109813,2.9538989067077637
900480,855.507163641246,500,False,0.042978862732206205,True,0.017881438090999256,1.9549903869628906
900512,698.6579909624483,500,False,0.512384877847474,True,0.017661405822246203,2.258901596069336
900624,819.038822898478,500,False,0.09038038223233569,True,0.01764157832063006,3.243755340576172
900768,776.1370971759371,500,False,0.09844416789213276,False,0.017645699182926487,2.7103652954101562
900912,744.968583331364,500,False,0.036279938764200416,True,0.01762781446745689,3.3183460235595703
901392,739.1415740064633,500,False,0.21743146000537378,False,0.017503964056168556,20.024106979370117
901888,373.89666366426593,500,False,2.3821961510728977,True,0.017492995192063855,2.5550637245178223
901936,831.8299681438693,500,False,0.08891222901688943,False,0.017724287657028683,2.471900463104248
902880,88.00940384019059,150,True,3.250286040376297,True,0.017744070300638366,3.554046630859375
903040,845.4455812916493,500,False,0.07944773056749183,True,0.0175578307087574,2.600137710571289
905504,846.0595592008749,500,False,0.0381566922670312,True,0.017410374229456998,1.9417524337768555
906192,815.7221210325157,500,False,0.12292834467497654,False,0.018253513846398547,1.8868359327316284
906560,715.8727953645677,500,False,0.11450095312548939,False,0.017915129308172392,1.8553270101547241
907072,714.3410442642498,500,False,0.20332722342010212,True,0.017944459976626158,2.0922491550445557
907280,755.6390660043201,500,False,0.1000861116975665,False,0.01778762173612112,2.48486328125
907520,776.5877548358827,500,False,0.12566588525906977,True,0.017771023080827775,1.9530560970306396
907600,756.1410184621734,500,False,0.07337283970181117,True,0.017640177605766333,2.660832643508911
908512,717.1964188785754,500,False,0.05433680212069659,False,0.01759864849788632,1.8916202783584595
908624,771.197534324586,500,False,0.06210295965983773,True,0.01772307256879904,2.2930846214294434
908768,683.6638527786864,500,False,0.14062803904177557,False,0.017629312159234054,2.3458681106567383
908912,775.7363940389217,500,False,0.10766917498506032,True,0.017625153675338904,2.1174583435058594
909392,790.7185507648759,500,False,0.159341067953918,True,0.017639598547374766,1.7740097045898438
909888,841.6584781037034,500,False,0.02721988936363425,True,0.017508190000901546,1.809108853340149
909936,748.4273832853285,500,False,0.21283584689805143,True,0.017180449830901248,2.057772159576416
910880,788.1050201321423,500,False,0.028126180030131034,False,0.017146708761682634,2.506971597671509
911040,803.7523113492516,500,False,0.10607088167600166,False,0.017076460299202532,4.682793617248535
913504,656.5731898359771,500,False,0.21098535204600008,True,0.017064377598968006,4.820291519165039
914192,746.34673169441,500,False,0.046760216390885984,False,0.017160359169006306,3.46197247505188
914560,747.3516769552436,500,False,0.07517096361682359,True,0.017381987650681677,2.4351625442504883
915072,782.73182038548,500,False,0.0937838561747484,True,0.01751824816862768,1.8329627513885498
915280,779.6626725250848,500,False,0.029721424805905013,True,0.017426994823304263,2.979930877685547
915520,752.6927926103976,500,False,0.11383425910249495,True,0.017441863422529645,2.804656505584717
915600,729.4589148750322,500,False,0.15733837634520734,True,0.017404975728297377,2.3520517349243164
916512,832.018842561544,500,False,0.07827779179004285,True,0.01749203616735145,2.092935562133789
916624,741.8863028846788,500,False,0.047964345012866325,True,0.0176435420983685,21.17996597290039
916768,833.6884470801484,500,False,0.026745280868478223,False,0.01764248805058065,1.8332250118255615
916912,554.5745017021484,500,False,2.8220540011034054,True,0.017653165645785073,2.042795181274414
917392,689.100594979483,500,False,0.2906485706422565,True,0.017722067326625655,2.1248416900634766
917888,830.8889593224865,500,False,0.07075380908636457,False,0.017791355428361525,1.8220897912979126
917936,539.7266023511053,500,False,0.8489809246927511,True,0.01775850635384569,3.381251335144043
918880,775.649426166297,500,False,0.19363115725711227,True,0.017764375659982894,1.8695149421691895
919040,785.7867843691257,500,False,0.08055247383125137,True,0.017531183498742296,2.0307717323303223
921504,800.3700828497092,500,False,0.12056262293526208,True,0.017526048639967783,1.8066134452819824
922192,778.3582573036582,500,False,0.07125375549111984,True,0.017372004225543792,2.4092330932617188
922560,825.6311175929287,500,False,0.051420142984827624,True,0.017369930457308447,15.644037246704102
923072,722.1292064932553,500,False,0.08454108577715005,False,0.01741393233539755,2.5565996170043945
923280,823.7487281063283,500,False,0.12752011703397406,True,0.017694823985301544,2.048004150390625
923520,800.4972701458041,500,False,0.23352463183559843,True,0.01775947711730333,3.1150074005126953
923600,804.8681289931529,500,False,0.019832718214260567,True,0.017716233409088285,2.6506500244140625
924512,738.5791054285428,500,False,0.13683474247025984,True,0.017693999996705012,7.5079345703125
924624,772.5821762817287,500,False,0.08119573679227703,False,0.017987698921999837,2.4313650131225586
924768,853.9098483625764,500,False,0.019877710174772266,True,0.018074488092985754,3.234337329864502
924848,547.4364159106784,432,True,1.7096882724696412,True,0.01814373187477778,2.25575590133667
924912,676.1085987446378,500,False,0.09541216901123256,True,0.01808939558897818,2.024857759475708
925392,766.7598314079299,500,False,0.053010574491654,False,0.01802761483196299,1.824879765510559
925888,802.9256327076289,500,False,0.04991457939087583,True,0.0178869724806787,1.8248107433319092
926880,769.9370823352339,500,False,0.043144069548789014,False,0.01780201458117581,1.9651024341583252
927040,771.7265036176952,500,False,0.09863506732492543,True,0.01745818526302608,2.987654209136963
929504,760.6470501389258,500,False,0.13374078556189015,False,0.017454186299938106,1.640329122543335
930192,815.3211718967575,500,False,0.062134840659377195,True,0.0170495331572413,1.4415806531906128
930496,611.3993635316554,451,True,4.464251562385914,True,0.017199124788654305,1.3209834098815918
930560,809.7131117002898,500,False,0.0653900285929721,True,0.017232331292985695,2.0185160636901855
931072,767.3166477699533,500,False,0.24671478776830807,True,0.017216943526608894,1.648848533630371
931520,784.1727629977837,500,False,0.12719388952137511,False,0.01725836863876567,3.733002185821533
931600,769.668638362137,500,False,0.09740638422089137,False,0.01721436557909495,2.8957395553588867
932512,798.812582667115,500,False,0.13088913549907685,True,0.017243524560424658,2.113534450531006
932624,775.5888769403479,500,False,0.07958165290011619,True,0.017383220300202982,2.5843052864074707
932768,625.036765061814,500,False,0.26326897643340524,True,0.01731681816592136,3.633059024810791
932848,826.0119580545437,500,False,0.18604716000184757,False,0.0173298729208318,2.232520341873169
932912,838.341974235586,500,False,0.09826994684466514,True,0.017351474465922438,2.9175662994384766
933392,815.3990948554809,500,False,0.14897722817151607,True,0.017393259951508075,1.8956983089447021
933888,819.9436098131146,500,False,0.11748288451516617,True,0.01742388387889448,2.586864471435547
934880,821.3497567056884,500,False,0.08891330904812983,False,0.01734278782790192,2.1519436836242676
935040,793.6800336980605,500,False,0.1156903725677006,True,0.017621434357313944,1.5645530223846436
937504,749.5404168610644,500,False,0.05008533590789718,True,0.01761389361150535,2.956940174102783
938192,710.0156018984695,500,False,0.15413925578836965,True,0.017499430637321598,2.557234048843384
938496,769.3006220105752,500,False,0.04420767533952574,True,0.017059213615891886,2.291377305984497
938560,751.104181798852,500,False,0.06302444245934959,True,0.016879367857128756,1.8866651058197021
938656,501.17317490906345,474,True,2.2974738491202014,True,0.01684029097797023,1.653865098953247
939424,298.5011745858044,284,True,1.4937686756086275,True,0.016788739731360757,7.145602703094482
939520,635.4787815079528,500,False,0.119065701416037,True,0.016765098531331856,1.8027522563934326
939600,761.1282365651984,500,False,0.03746574530871052,True,0.016897340289752785,2.545163631439209
940512,719.9243687456894,500,False,0.10021996325255488,False,0.01697248785731689,2.144845485687256
940624,747.8595648817093,500,False,0.07160671650636426,False,0.017048821589357596,3.071381092071533
940768,760.8973188981169,500,False,0.06224030350725438,True,0.017113793713457878,8.896610260009766
940848,747.2809512953469,500,False,0.046234514792492465,True,0.017080217229762457,3.9843883514404297
940912,798.6465272975585,500,False,0.07569553143469918,True,0.017128745199287154,1.619328260421753
941392,655.4355672649348,500,False,0.4133091713655192,True,0.01717025216643737,15.548139572143555
941888,701.7604297044564,500,False,0.31421624730955056,True,0.017290038665237338,2.372138500213623
943040,787.19231100983,500,False,0.04135383919021873,True,0.017377812048516603,4.218540668487549
945504,748.499211590781,500,False,0.062154512156811226,True,0.01702077837422799,2.102513313293457
945616,140.67485442799418,161,True,3.3412361256983267,True,0.016505596058562822,5.2177581787109375
945680,236.67839134373557,237,True,3.0859618055229316,True,0.016478918765266352,2.646531581878662
946192,864.9996934764515,500,False,0.04405181294022675,True,0.01646704123156748,6.278566360473633
946496,798.3967597575295,500,False,0.08617827271762062,True,0.016663349474311664,3.080484390258789
946560,826.9286823744708,500,False,0.10152471141264294,False,0.016773809199691844,1.7530624866485596
946656,787.1589908287425,500,False,0.04698880037727276,True,0.016773063620021674,2.527719497680664
947424,845.7976738192369,500,False,0.04700559476063371,True,0.016806885471656097,2.9060797691345215
947520,792.9245561121173,500,False,0.2637094811433532,True,0.016787332052894455,1.6518208980560303
947600,657.215367601083,500,False,0.26676891203079006,True,0.016769335414218434,3.4636247158050537
948512,738.9810082557863,500,False,0.13538767864038395,True,0.016787745091126696,3.4211649894714355
948624,721.3716603976874,500,False,0.07060850722383485,True,0.016450522722947288,2.8247056007385254
948768,746.472993078881,500,False,0.15032210433801846,True,0.016435237014256202,3.3368701934814453
948848,678.4389427907848,500,False,0.1167137868830671,True,0.01642057175564065,2.296847343444824
948912,801.9651137556691,500,False,0.07390255721208175,False,0.0164327377059993,2.0348222255706787
949392,859.3687168564798,500,False,0.028406720191629035,False,0.01642116832407102,2.0031113624572754
953504,523.851968761539,500,False,0.4781400563722094,True,0.01622600275483552,2.243709087371826
953616,687.462430539701,500,False,0.1707888736482674,True,0.01648810830500775,1.474685549736023
953680,773.4120140899466,500,False,0.08383444685446934,True,0.01641506652478897,1.7847517728805542
954192,807.3092838274763,500,False,0.10795433310065572,False,0.016378020254728055,2.4111809730529785
954496,789.7424362335954,500,False,0.02404222288473519,True,0.01628063281701462,1.945669412612915
954560,832.2127930022941,500,False,0.05350336970944218,False,0.01637238701152949,9.050491333007812
954656,759.0359001937964,500,False,0.21884514997118992,True,0.01637199164685956,1.8135464191436768
955424,827.2383793802766,500,False,0.06446730445572754,True,0.01635322121117261,2.0500564575195312
955520,831.4869985686344,500,False,0.13836052346792452,True,0.01626474511562068,3.134324550628662
955600,744.659272254306,500,False,0.16990152401121458,True,0.016332644441060095,2.3133983612060547
956512,759.0318892343572,500,False,0.12990316430157015,True,0.01640007408244334,2.3654260635375977
956624,753.9133677393305,500,False,0.03340919938466578,True,0.016182101018613854,2.190725803375244
956768,838.5950289146352,500,False,0.25481509508365163,True,0.016204139766519177,2.0781078338623047
956848,770.6349107756189,500,False,0.2171213948951113,True,0.016272319037042026,2.0143966674804688
956912,748.2625422355743,500,False,0.08372027453260118,True,0.01628750056659991,1.8460016250610352
957392,884.8570178489581,500,False,0.12077416322577045,True,0.01630397517966322,2.371457576751709
959984,302.14011933537176,279,True,3.3687847467260315,True,0.01615101632382782,4.153107166290283
961504,832.0658111617096,500,False,0.036749854080584815,False,0.015622503928097846,3.845693826675415
961616,846.3138345278156,500,False,0.07614283128446851,True,0.015894148287362724,2.6376402378082275
961680,863.306003568885,500,False,0.050886982136627554,True,0.015856662157101523,1.837719440460205
962192,799.2788559620038,500,False,0.04314886112851536,False,0.01584614260092844,2.3159103393554688
962496,709.5894292015595,500,False,0.22860492300025975,True,0.015921013364175323,2.3845999240875244
962560,747.4549734691615,500,False,0.15277821100991648,True,0.015786271540777472,2.2874960899353027
962656,762.8334912203095,500,False,0.07093521159281156,True,0.015765084317852587,1.5625066757202148
963424,237.5098699693278,500,False,2.204224266117396,True,0.01578681334236479,2.027108669281006
963600,635.1040702441574,500,False,0.39272360788548155,True,0.01584835031308873,2.6892404556274414
963952,472.14293687517585,465,True,2.858877055795404,True,0.01589322081732976,1.4518170356750488
964624,849.1736667048866,500,False,0.059925367840171426,True,0.01598822532957896,3.6821374893188477
964768,828.048024305426,500,False,0.02139039516169398,False,0.016014605853931493,1.7177760601043701
964848,794.9720189214689,500,False,0.09524925211540436,True,0.016090942594240012,2.3276708126068115
964912,690.1187784258265,500,False,0.17883103726483218,True,0.016140732418987974,1.7755128145217896
965392,806.8210101921907,500,False,0.017988125914266514,False,0.01615747276409567,2.761643171310425
967984,675.6702563723933,500,False,0.44016588693305286,True,0.016099464396982413,2.316314935684204
968048,210.84505081580167,196,True,1.5835847054603231,True,0.01586101191026029,1.6613212823867798
968320,512.4525826968106,360,True,1.9894655021356735,True,0.015812584451205994,4.000688552856445
969504,811.033881267488,500,False,0.06275865280325112,False,0.01587910198766179,1.5085086822509766
969616,833.7700279578776,500,False,0.1412336072177461,False,0.015562382210866725,4.581587791442871
969680,800.3653725031262,500,False,0.034134326019584604,False,0.01556235536907002,2.158787965774536
970192,806.2238164806664,500,False,0.034548310043859214,True,0.01557018349726463,2.0884578227996826
970496,586.0110130080726,500,False,1.8756340596264964,True,0.0155524029423554,2.472902297973633
970656,738.9245063291229,500,False,0.10223151376955218,True,0.01565791264121756,2.75715708732605
971360,313.2826526843241,207,True,1.5489246976267876,True,0.01567832212107194,16.13941764831543
971424,803.0546781861374,500,False,0.054398283863864576,True,0.015640932398473407,1.962748646736145
971600,804.9566800823134,500,False,0.02696459880778463,False,0.015637670944387897,2.171302080154419
971952,748.1179542945996,500,False,0.07313702952048202,True,0.015646041622629288,2.0951731204986572
972624,802.380732010334,500,False,0.04249768350482877,True,0.015632539759169856,2.053016185760498
972768,754.4263466874776,500,False,0.03907514009790377,True,0.01593081365975681,1.986720085144043
972848,855.1234970511402,500,False,0.01664908125086114,False,0.015854799461170212,28.553380966186523
973392,725.8307071949796,500,False,0.1365966011209004,True,0.01586241626324292,2.992337703704834
975952,347.06379260895073,341,True,6.003513479346734,True,0.016118606789697495,2.031919479370117
975984,753.040371139648,500,False,0.07178970976470767,True,0.016051005914007106,1.6626262664794922
976320,697.0833288506535,500,False,0.14570451118710456,True,0.016070613402716667,3.2830889225006104
977504,706.294378002575,500,False,0.181621346173478,True,0.016010525316416096,2.149341344833374
977616,781.3342899844727,500,False,0.040754743307927915,True,0.016318887279246602,3.4771647453308105
977680,892.1482779278399,500,False,0.021521394447853986,True,0.01623587301944569,2.848386764526367
978192,699.3499261258075,500,False,0.07900227700098857,True,0.016219752581437666,2.368739128112793
978656,712.1896855659141,500,False,0.04740745397066436,True,0.01607740268101928,2.9545769691467285
979360,783.0318574411331,500,False,0.15217278172566717,True,0.015977431142007944,2.958104133605957
979424,768.5806694168019,500,False,0.1183861692586089,True,0.015869755291774208,2.0342495441436768
979600,782.5241430961712,500,False,0.12277913624985054,True,0.01584660725777789,2.019925832748413
979952,756.9898965612848,500,False,0.09234605036528461,True,0.01579960122177611,1.941502571105957
980624,800.3065505582122,500,False,0.1024954648263027,True,0.015915125315784873,37.53411865234375
980768,762.1569563226254,500,False,0.0966303112768682,True,0.015653385086331902,2.7543044090270996
980848,725.0502656092037,500,False,0.16901447480597961,True,0.015591838214652825,2.1820106506347656
981392,756.736985836315,500,False,0.06948351572772908,True,0.015530139175108346,10.165366172790527
983952,817.7123187104486,500,False,0.15424898048579402,True,0.015480007878709838,1.6461613178253174
983968,593.0046199717932,478,True,2.64400693490194,True,0.016017898381477186,1.967053771018982
983984,690.4782746562147,500,False,0.08688518117775103,True,0.01601315900355851,2.1807212829589844
985504,814.9585793304819,500,False,0.05545921611973347,False,0.016010460631820392,5.940452575683594
985616,809.804386693254,500,False,0.05794596665796724,True,0.01641756081708852,3.3381662368774414
985680,755.8200528159475,500,False,0.19437492210117277,True,0.016354872556832482,1.8402459621429443
986192,842.4949445692241,500,False,0.07057620209585196,False,0.016340168419777003,1.8845511674880981
986656,692.2855928044501,500,False,0.15982667173255874,True,0.016132306698818155,2.060371160507202
987360,717.9489479073469,500,False,0.08610052052590725,True,0.01610462850949304,1.7528777122497559
987424,767.2451252632001,500,False,0.10279283211754199,True,0.015877213478098087,1.7284988164901733
987600,768.7147612972091,500,False,0.055640984070632296,False,0.015902036955151754,2.4907820224761963
987952,465.7084968609709,500,False,2.427763677357413,True,0.015933893484903712,4.665146827697754
988624,754.8418815975342,500,False,0.06324062160505728,True,0.015832827737251743,2.7445900440216064
988768,659.8577567569213,500,False,0.18658167649391794,True,0.015560494652738208,1.9742944240570068
988848,818.7599438112629,500,False,0.08908555392637811,False,0.015565432663376304,2.256511688232422
989392,795.6892802862253,500,False,0.013438068812353257,True,0.015573865454777685,1.6775503158569336
991952,701.0422888182485,500,False,0.13006851919475662,True,0.015322135500558198,3.930257797241211
991968,828.1246600938546,500,False,0.09777662475261774,True,0.01546866815673686,1.7976566553115845
991984,852.1509505547137,500,False,0.038855961430664845,True,0.015470848579645024,1.612005352973938
993264,590.3527691849305,442,True,2.9949146197948635,True,0.01546949879840858,4.079638481140137
993504,815.4354906762447,500,False,0.07775829679754648,True,0.01563254148981532,1.5281589031219482
993616,735.6608831140896,500,False,0.12496879460522275,False,0.01554455880445529,2.15818452835083
993680,766.6635518142273,500,False,0.14204133417126988,True,0.015584994804601418,2.4782795906066895
994656,837.8117890121869,500,False,0.1016999991096117,True,0.015628968312565633,1.8017534017562866
995360,858.9950757334151,500,False,0.04111085146981031,True,0.015786178338995274,3.856492519378662
995424,673.3985440188341,500,False,0.12500259621976104,True,0.016055037038670728,1.6091830730438232
995600,746.0598897549152,500,False,0.08573874498507612,True,0.01606083212972342,4.32579231262207
995952,685.9678610106996,500,False,0.1466781313380183,True,0.016066702786652513,2.319222927093506
996624,825.2066151057638,500,False,0.051445265651213365,False,0.015985806535974964,2.9602301120758057
996768,683.480849325306,500,False,0.2037222539873233,True,0.01594041178123316,2.5995025634765625
996848,760.5403151104769,500,False,0.06905725657284462,True,0.01597401131824897,2.029503583908081
997392,766.4794028647273,500,False,0.16355854212444357,True,0.015916006386620742,1.80025315284729
999952,794.2833962471801,500,False,0.24392235559221503,True,0.015602642416373444,2.911456823348999
999968,871.2358881239084,500,False,0.07607874885546621,False,0.015284671057611401,2.1631741523742676
999984,746.7642328926534,500,False,0.17256013432114717,True,0.015285416207507504,1.4197556972503662
1001264,772.7267104291085,500,False,0.0870544176329389,True,0.015295571359966151,2.689758777618408
1001504,744.5889726236546,500,False,0.15058501683433598,True,0.015111791793939209,5.040807723999023
1001616,855.9132137346041,500,False,0.10026472241360843,False,0.01507747041729115,2.28548264503479
1001680,716.9835618569849,500,False,0.3765151562228835,True,0.015083530215762546,2.4924795627593994
1002656,780.046256348541,500,False,0.04967756622389436,True,0.015134042549416192,2.079366683959961
1003360,742.4529806515013,500,False,0.03809314268351533,False,0.014857902371124176,1.8237216472625732
1003424,783.6344681510582,500,False,0.04177950233369228,True,0.015132528425053835,2.092916250228882
1003600,799.139241014425,500,False,0.04398008341723639,False,0.015139313651919001,2.1680238246917725
1003952,714.6201752522473,500,False,0.07258478323956936,True,0.015199170280495994,1.8244340419769287
1004624,720.8362620313355,500,False,0.17953598502483578,True,0.01510629960929954,1.706260085105896
1004768,820.2687549690743,500,False,0.04900558830123745,True,0.015254028131103645,4.275062561035156
1004848,764.7646819176565,500,False,0.0851181382103811,True,0.01520131886234325,1.9011133909225464
1005392,845.048033390366,500,False,0.06753764498769306,False,0.015208906519077706,3.2840685844421387
1007952,721.9885060291385,500,False,0.11141272243968703,True,0.015314398272518041,5.889433860778809
1007968,774.8704174409022,500,False,0.049140173781928344,True,0.014637139328061433,1.6519038677215576
1007984,854.6509279275796,500,False,0.06948185305867913,True,0.014632985587626402,1.990944266319275
1009264,767.9865824308569,500,False,0.045142871491953944,True,0.014629245792259063,2.267038106918335
1009504,748.2974059317088,500,False,0.09401368517108875,True,0.014733337591996794,4.808848857879639
1009616,714.1198284224021,500,False,0.17516714539338357,True,0.014880447715499127,1.7273385524749756
1009680,191.65080905970945,391,True,5.393651621517222,True,0.014953097477757457,1.9480633735656738
1009680,823.4860779212023,500,False,0.009088926123192505,False,0.014953097477757457,1.9480633735656738
1010656,778.6018557766741,500,False,0.06658993908869427,True,0.01498058751269614,1.7436761856079102
1011360,827.0358996406432,500,False,0.10572774572920586,True,0.015339048588168936,2.5361788272857666
1011600,840.2851263754823,500,False,0.053968965690961705,True,0.015489607215602155,1.620525598526001
1011952,772.6976326308986,500,False,0.10109506332415381,True,0.015391978714952435,1.6343013048171997
1012624,722.6494080050866,500,False,0.18911064715981696,True,0.01548322812539698,2.892591953277588
1012768,477.0905753545054,500,False,1.3010647914814986,True,0.015298294324265646,1.5529669523239136
1012848,799.2758173817567,500,False,0.030981824676538507,True,0.015304432270677404,5.879982948303223
1013392,873.97590946726,500,False,0.028015520134694563,False,0.015358178382311904,1.879673957824707
1015952,794.4443676693239,500,False,0.04670267531398409,True,0.015192741994710714,1.6898689270019531
1015968,860.2957334734962,500,False,0.05096191296721473,False,0.014913722061874957,1.627443790435791
1015984,636.3867239896836,500,False,0.08520868536275239,True,0.014921281347993967,2.1209752559661865
1017264,829.0358381242411,500,False,0.07347055893440681,False,0.014929814141434418,1.954263687133789
1017504,850.3750166581049,500,False,0.0753254083856303,True,0.014985182378283779,3.9971017837524414
1017616,786.6188302471315,500,False,0.24757037185519015,True,0.01515098702112688,1.6361323595046997
1017680,676.8334081148597,500,False,0.2677625376069802,True,0.015113624569370558,2.0400278568267822
1017680,791.136982402533,500,False,0.07822327541081307,True,0.015113624569370558,2.0400278568267822
1018656,794.9079421831734,500,False,0.050331011900645733,True,0.015100361625787607,1.6829055547714233
1019360,842.7779320149659,500,False,0.041506989776043356,True,0.014879198782266002,7.150633811950684
1019600,808.2234377902276,500,False,0.1049160061738539,True,0.014897323621111964,3.163161039352417
1019952,802.5570438069917,500,False,0.1329908902641926,True,0.014914188780086214,1.8136863708496094
1020624,776.5243338438406,500,False,0.14711903318963057,True,0.014914971545325322,2.178159475326538
1020768,763.2471960047311,500,False,0.16181440271083866,True,0.015050691126864017,1.8411999940872192
1020848,757.4161577931079,500,False,0.057451208418631466,True,0.01499673626414234,1.962307333946228
1021392,633.2568535750634,500,False,0.16864097310405815,True,0.014976574315821152,1.8781652450561523
1023952,851.6863318440252,500,False,0.07363018533606393,True,0.014712699828696385,4.285150527954102
1023968,705.3656152319311,500,False,0.12423772250407937,True,0.014828166581427705,1.8266575336456299
1023984,789.566853930666,500,False,0.018182942969057998,False,0.014821252191671234,1.7996243238449097
1025264,861.3993333292765,500,False,0.04217563984818078,True,0.01481710464683265,1.920356035232544
1025504,724.4057892340915,500,False,0.154236222719507,True,0.014533105327338685,2.2533700466156006
1025616,856.5322119766153,500,False,0.038238379576163065,True,0.014507575352821574,2.1612801551818848
1025680,669.2325499051881,500,False,0.1173076907201831,True,0.014516171216235928,1.6184966564178467
1025680,847.6148388301762,500,False,0.04715595989598213,False,0.014516171216235928,1.6184966564178467
1026656,788.7446163655807,500,False,0.05576689046841772,True,0.014551759081059563,2.1979594230651855
1027360,836.5709763940282,500,False,0.07531434559821278,True,0.014413718290522834,1.4807981252670288
1027600,849.5576978824741,500,False,0.056523073122659605,True,0.01430518342927744,1.7003059387207031
1027952,777.4839524624012,500,False,0.15367120646678403,False,0.014166606665881716,19.42899513244629
1028624,709.7565397990212,500,False,0.15317530733617893,False,0.01413558432069933,1.5984830856323242
1028768,844.0123936275653,500,False,0.03959154051216848,True,0.014197899466192519,2.608307361602783
1028848,798.3817630572386,500,False,0.03906436272185672,True,0.014194638078810665,2.158863067626953
1029392,746.9824927315836,500,False,0.07480227724309386,True,0.014137653607694986,1.7890938520431519
1031952,739.40209781091,500,False,0.0691461306297797,False,0.014239214343258678,1.6142141819000244
1031968,656.17465286717,500,False,1.0232457159970931,True,0.014300870265899024,1.7666871547698975
1031984,791.132464611227,500,False,0.059796707900531744,True,0.014305287017703668,1.6970798969268799
1033264,641.0828576610778,500,False,0.402725521706148,True,0.014309024499768222,2.000372886657715
1033504,807.6601181185176,500,False,0.07231626935687914,True,0.014059267459607894,1.903874158859253
1033616,780.6859897717258,500,False,0.12187963814282447,True,0.013994314016359257,1.5777990818023682
1033680,400.4630583573075,500,False,0.4326912909504977,True,0.014007885501867523,1.5107272863388062
1033680,770.644228078887,500,False,0.1012244120661078,True,0.014007885501867523,1.5107272863388062
1034656,844.2772498528496,500,False,0.09213228075994924,False,0.01402409297708007,2.257162094116211
1035360,795.4732878119238,500,False,0.032694453337007386,True,0.014066632419974566,1.958411693572998
1035600,826.7519287469436,500,False,0.05834923807294612,True,0.013897939049002857,1.4841961860656738
1035952,824.8330857813397,500,False,0.05582616195023933,False,0.01390539113322198,4.063188552856445
1036624,710.3766066598806,500,False,0.29697692406277987,True,0.013905751953968669,1.7636586427688599
1036768,782.4798394891935,500,False,0.12549926082942733,False,0.01388940125914941,1.9531421661376953
1036848,766.2153527910318,500,False,0.10729895093905953,False,0.013869223457308896,2.925410747528076
1037392,761.0381601194026,500,False,0.16302128474494482,True,0.013872275229215855,1.7226295471191406
1039952,798.1330027323185,500,False,0.11037257136867715,True,0.014200259113856743,1.5363075733184814
1039968,850.9135449978804,500,False,0.025062876348708532,True,0.014127906183179679,1.5714209079742432
1039984,738.4430558444029,500,False,0.07112343633338931,True,0.01411818396909182,1.7302603721618652
1041264,812.0656574131128,500,False,0.06348414871821846,True,0.014105252641243005,2.365752696990967
1041504,782.6179409338296,500,False,0.08821106776026696,True,0.014013786454304126,5.006722450256348
1041616,772.7155187911364,500,False,0.13678042600065216,True,0.014012150158055469,2.6605992317199707
1041680,783.3216943526068,500,False,0.14003628921686184,True,0.013995940903182466,2.9543278217315674
1041680,738.0660180452772,500,False,0.9252419400799382,True,0.013995940903182466,2.9543278217315674
1042656,821.3218320808339,500,False,0.0738788937882531,True,0.014023184604260093,1.732735276222229
1043360,843.3320858506587,500,False,0.1541984964053961,True,0.014156221425526475,2.313676118850708
1043600,750.8058212228963,500,False,0.06913518469333635,True,0.01400429691036808,1.582624077796936
1043952,767.3763373709799,500,False,0.11186310910769515,True,0.014079779978653425,1.898437738418579
1044624,773.568763569657,500,False,0.03557952625782774,True,0.014083182360706008,2.0328927040100098
1044768,808.8926546889941,500,False,0.04645118209088107,True,0.014076149301604541,2.2418487071990967
1044848,864.987047327844,500,False,0.06087070502458858,False,0.014163053979714851,2.2918097972869873
1045392,572.4964689821917,500,False,2.207544861792951,True,0.0141347763048286,3.3620827198028564
1047952,837.6771864527155,500,False,0.03715303880164999,True,0.01415420841035906,1.5911304950714111
1047968,836.7800597666376,500,False,0.06374127414237607,True,0.013801749500765754,3.712869167327881
1047984,851.542327257861,500,False,0.07955532224246888,True,0.013793277027302906,1.452648639678955
1049264,840.7571010284903,500,False,0.06724841531183263,True,0.013783060632046942,1.6952576637268066
1049504,823.0332584834848,500,False,0.08327915494621062,True,0.01371433532800142,1.9228779077529907
1049616,795.1721351760687,500,False,0.08289418414415319,False,0.013664366372841545,2.398944854736328
1049680,725.6031537676325,500,False,1.4361576674202061,True,0.013715065457855705,16.554481506347656
1049680,777.1294555149724,500,False,0.08564420762894878,False,0.013715065457855705,16.554481506347656
1050656,732.9770720401125,500,False,0.05540800199946824,False,0.013932731379042232,1.819374442100525
1051360,721.2209212649539,500,False,0.0640659471146318,True,0.014128895474696677,2.6752562522888184
1051600,814.668039792327,500,False,0.13260087894820977,True,0.014195851348074478,1.8178071975708008
1051952,753.1031689069137,500,False,0.06666959229850825,False,0.01431673293076404,2.581606388092041
1052624,868.2314881258471,500,False,0.05419727394636919,False,0.014313840346596501,1.6197584867477417
1052768,650.4660584274764,500,False,0.7796229577425773,True,0.014282183836962519,1.5196659564971924
1052848,618.6505152364613,500,False,0.9267628748797182,True,0.014337034170993516,1.7193403244018555
1053392,776.2435410612674,500,False,0.12040333583788423,True,0.014381971222207955,1.8375685214996338
1055952,775.31459621647,500,False,0.09820989908112891,True,0.014249264791922052,1.9734067916870117
1055968,767.6364364080717,500,False,0.09317685686934145,True,0.014365452405015742,2.6730098724365234
1055984,798.814819946184,500,False,0.07685092664677969,True,0.014371211603706028,2.2194998264312744
1057264,840.8669238433059,500,False,0.17343375482806636,True,0.014376173652338765,3.065002918243408
1057504,822.7180611708533,500,False,0.027064409260162868,True,0.014160270874945938,2.1038904190063477
1057616,849.8534779365948,500,False,0.07739709002161428,False,0.014200394879586065,2.0585317611694336
1057680,750.6551714883939,500,False,0.11853767417473207,True,0.014255596515117595,1.5634605884552002
1057680,847.3513483422844,500,False,0.12751038620478128,True,0.014255596515117595,1.5634605884552002
1058656,690.0670932469666,500,False,0.17966436832708474,False,0.014270884896638645,1.3113303184509277
1059360,862.1987981842606,500,False,0.10523396006993291,False,0.014155290377185522,1.4665896892547607
1059600,757.0279582242091,500,False,0.1848386068418408,True,0.014127056801218946,1.6987316608428955
1059952,838.931476510924,500,False,0.06146550432761292,True,0.013991169159095485,1.5332930088043213
1060624,851.8997890482447,500,False,0.01820134798523802,False,0.014099989564909727,1.7058486938476562
1060768,841.9424412995913,500,False,0.049699046398119236,False,0.01386575091245921,2.6908037662506104
1060848,797.8256645571257,500,False,0.06548905856515837,True,0.01385772825404283,4.505154609680176
1061392,778.6807754313904,500,False,0.1553186679377352,True,0.013858447058021603,2.5126092433929443
1063280,376.46322001112486,350,True,1.449064754678193,True,0.013953152579078797,3.4786086082458496
1063952,820.7634671772641,500,False,0.07245317027805935,False,0.013855359774537883,1.9952188730239868
1063968,826.2050557891649,500,False,0.06866436330451885,True,0.01367941237925027,1.7960054874420166
1063984,818.3254530722575,500,False,0.07272584693331487,True,0.013675532862444417,3.487487316131592
1065264,848.2831398384488,500,False,0.04039955744917078,True,0.01367337380342607,15.406557083129883
1065504,780.7605435745666,500,False,0.058227834351026145,True,0.013499854054075439,1.7601665258407593
1065616,834.4221403042928,500,False,0.05656845851273184,False,0.013587321248255239,1.1226181983947754
1065680,819.1406574945263,500,False,0.06938180241041987,True,0.01353708442219785,2.574019193649292
1066656,692.2223075561187,500,False,0.17132624609338515,True,0.013527951099385462,1.6714211702346802
1067360,812.716001811484,500,False,0.08276652544261136,False,0.013724856457962122,2.515678882598877
1067600,469.85768910194844,500,False,1.1074553617807874,True,0.013763390653818201,1.8367952108383179
1067952,844.6307364036762,500,False,0.05490097164124201,False,0.013767888968151875,2.8212156295776367
1068624,755.1748657586555,500,False,0.0892538481855627,True,0.013617158011910485,3.235585927963257
1068768,825.0183661183032,500,False,0.06287296984245422,True,0.013755504401920674,2.6870834827423096
1068848,689.9569673933207,500,False,0.17382776385446255,True,0.013828783386301939,1.5899591445922852
1069392,672.7142444884192,500,False,0.2399298050913423,True,0.013864529880653238,2.1818997859954834
1071280,737.5774815044543,500,False,0.6946657925235687,True,0.013941416817366822,1.9378621578216553
1071952,813.8593467049548,500,False,0.05450137365961838,True,0.0142051131157587,2.218961477279663
1071968,823.4118222378066,500,False,0.05057588630633457,False,0.014155311761074874,6.460247039794922
1071984,804.6003985304305,500,False,0.05521567123383696,True,0.014146164883225712,1.6951944828033447
1073264,866.0603939719585,500,False,0.029663220082711814,False,0.014132791939497966,1.608763337135315
1073504,834.0710744131759,500,False,0.11614238437039025,True,0.013937154431853985,1.4236243963241577
1073616,768.7306229248849,500,False,0.05466356010133909,True,0.013894533119492672,1.762197494506836
1073680,798.0685344734709,500,False,0.0676956039381497,False,0.0138889569987037,1.2560906410217285
1074656,879.5431069496457,500,False,0.048190118762728495,False,0.013876717911102641,28.024736404418945
1075360,796.531235786371,500,False,0.11455689869767532,True,0.013859350799565335,5.388460159301758
1075600,763.011465852686,500,False,0.08238495331231036,True,0.013908118147097666,22.143543243408203
1075952,748.0591764077428,500,False,0.09619553977342214,True,0.013967022226763782,1.2935835123062134
1076624,873.7941545994364,500,False,0.05275260807201796,False,0.014224413513138932,3.1796987056732178
1076768,802.502734550807,500,False,0.05082502815186483,True,0.014167462613390767,2.401303291320801
1076848,817.831610199259,500,False,0.06762287849222813,True,0.014182545991102868,16.0006103515625
1077392,757.1843169734801,500,False,0.07966190474911122,True,0.014126509152295838,1.6209924221038818
1079280,732.2061264442702,500,False,0.16494696531866235,True,0.014090791788921184,1.9409339427947998
1079952,865.395252921791,500,False,0.047786379904359445,True,0.01397758255818585,1.588958740234375
1079968,743.640647073201,500,False,0.12133247903851646,True,0.013855292713527574,1.3405084609985352
1079984,806.6279883364545,500,False,0.05702581191464146,False,0.013867901867285792,1.48191237449646
1081264,831.0363190599957,500,False,0.05277236565141424,True,0.01388128902237604,2.2159924507141113
1081504,786.0065699877845,500,False,0.08282066570632653,True,0.013828436140284948,2.701815128326416
1081616,812.7138556090787,500,False,0.0998619254033104,False,0.01387116703249251,3.5685925483703613
1081680,691.0873568430229,500,False,0.5224946931290929,True,0.013810871988327816,2.064394950866699
1082656,806.6219445959648,500,False,0.07230862237414153,False,0.013790353316855259,2.103970527648926
1083360,743.2384264054173,500,False,0.12727138927149795,True,0.013856563275305362,1.6638908386230469
1083600,742.1064595109295,500,False,0.09593426412901031,True,0.013938828652492049,1.6394152641296387
1083952,799.9210521829378,500,False,0.05628558960050226,True,0.014061756959926,2.9393434524536133
1084624,854.4336978679565,500,False,0.06285562776249073,True,0.014068881300146418,1.9018419981002808
1084768,807.9374066399293,500,False,0.17636412093367684,True,0.013960216132676008,1.4706096649169922
1084848,792.4020576520311,500,False,0.05774720504975813,True,0.013918428301335934,1.7224528789520264
1085392,755.6698580971278,500,False,0.045570848086845764,True,0.013939264571575344,1.867529273033142
1087280,757.6174051877093,500,False,0.03915664628807511,False,0.013686873574349664,1.5212291479110718
1087952,725.8611551537156,500,False,0.10732838701948308,True,0.013602414552660874,1.4504141807556152
1087968,812.0594935327613,500,False,0.04852870473103551,False,0.013787120892026185,1.708402156829834
1087984,805.7077207430596,500,False,0.12974019715428955,True,0.013786251046180397,2.3460726737976074
1089264,876.3224622291384,500,False,0.04769842770423399,False,0.013786968758350684,13.812156677246094
1089504,797.4593017131306,500,False,0.03495532181504415,True,0.014179088634016212,2.03043532371521
1089616,833.1878604052301,500,False,0.05438285261382807,True,0.014301584957549306,1.4094657897949219
1089680,727.6251930935649,500,False,0.01483020079396029,True,0.014326957176372676,1.901664137840271
1090656,770.6290693682291,500,False,0.0917458172274462,False,0.014330727978755169,1.7786723375320435
1091360,825.9713430947122,500,False,0.0979366128702391,True,0.014248414714784944,1.9209085702896118
1091600,812.3837693564955,500,False,0.08155896236212237,False,0.01408980291807991,2.775395393371582
1091952,786.3669103128218,500,False,0.024506206999687342,True,0.014130498308171103,2.5602054595947266
1092624,782.6690828562826,500,False,0.11686379103879051,True,0.014155805157169589,1.8666151762008667
1092768,754.8916376490794,500,False,0.025122832151584038,True,0.014169906732640384,1.4864290952682495
1092848,766.175390742269,500,False,0.10319461815425322,True,0.014213353919213407,1.855687141418457
1093392,765.9370742431919,500,False,0.09072346225766037,True,0.014283209757916507,1.70851731300354
1095280,705.6180665790862,500,False,0.6772713519074112,True,0.014568150089697932,1.7205814123153687
1095952,793.5571329472027,500,False,0.06857094452381189,True,0.01412109843074796,2.0831778049468994
1095968,760.2923999128674,500,False,0.1213579817369418,True,0.014003426022716257,1.7396364212036133
1095984,753.9220691909311,500,False,0.2159969865858204,True,0.014001492379506833,3.1961121559143066
1097264,899.2713981775844,500,False,0.023727292815124267,False,0.013996537997627345,2.968111038208008
1097456,543.4634967522428,490,True,4.355467612433079,True,0.01360919026879797,1.6046011447906494
1097504,797.8159158394993,500,False,0.06552368757099036,False,0.013623609294752833,1.5547258853912354
1097680,761.3681252952733,500,False,0.10291674047562326,True,0.013641913469860463,2.1871657371520996
1098656,615.2221499939844,500,False,0.7826271060792509,True,0.013693466426822795,1.9456994533538818
1099360,753.9359756366065,500,False,0.20926849796948852,True,0.013791968751705576,3.3293566703796387
1099600,762.9178970939329,500,False,0.0459206131843092,False,0.013730963977587628,1.4548003673553467
1099952,862.5855917753081,500,False,0.05234328981565289,True,0.01369510725626299,2.4168448448181152
1100624,815.1716470952812,500,False,0.06805451038597418,False,0.013700801195132867,1.3396365642547607
1100768,819.2057343998134,500,False,0.07110214235891509,True,0.01380254702996065,4.350460529327393
1100848,648.6468360608593,500,False,1.5061657059032976,True,0.013808205586764008,1.5847980976104736
1101392,831.4923098769406,500,False,0.08155921231264689,True,0.013772451539995255,5.504166603088379
1103280,860.6246510901129,500,False,0.07347636665142132,False,0.013687347445150403,1.582766056060791
1103952,864.5050551078658,500,False,0.05997937456236233,True,0.013643271548759356,1.9571352005004883
1103968,809.3231441538596,500,False,0.06652630324961058,True,0.013568857023823539,1.5025948286056519
1103984,765.8407478661755,500,False,0.05125071190812291,False,0.01356534932029218,1.590512990951538
1105264,800.9202061861542,500,False,0.07924323778182898,True,0.013561812302069596,2.03678822517395
1105456,808.3512951800714,500,False,0.0867147715190965,True,0.013549229694999573,2.043642997741699
1105504,794.1507080384217,500,False,0.052753221610409747,False,0.013577665938572113,3.761537551879883
1105680,829.4014469230082,500,False,0.06842674631252907,True,0.013587502686947498,1.8220887184143066
1106656,674.6758405658144,500,False,0.07220820243388758,True,0.013599416746874449,1.799255609512329
1107360,709.6251809028627,500,False,0.11105755824425617,True,0.01372997397981787,1.3152894973754883
1107600,813.7440313608172,500,False,0.06740445351296066,True,0.013585023603154873,1.6695388555526733
1107952,817.4875218465093,500,False,0.04281238442103253,True,0.013652968147304127,2.4855399131774902
1108624,842.9537972828799,500,False,0.08111574071723605,True,0.013607661714431087,2.234177827835083
1108768,762.7017303847256,500,False,0.06552802877452238,True,0.013497642332114318,2.1276798248291016
1108848,486.07151261808946,500,False,1.5328620728964568,True,0.01346048135717352,2.428729295730591
1109392,805.6946690697548,500,False,0.05810528063118952,False,0.013430761289424765,1.345374345779419
1111280,750.694155509907,500,False,0.09524568690246157,True,0.013446269253440769,2.6085128784179688
1111952,717.0193972017239,500,False,0.087434926437517,True,0.01381985858990459,1.0548131465911865
1111968,796.6627193447334,500,False,0.05115244764021084,True,0.013859635000461583,1.6464755535125732
1111984,845.4704275764553,500,False,0.09466019399940899,True,0.013859018718648674,1.6143797636032104
1113264,689.6385657040452,500,False,0.6670344053558576,True,0.013860001690170787,2.292952537536621
1113456,804.1656809265924,500,False,0.11328314889468986,True,0.013985464573904547,2.4009532928466797
1113504,769.2582116353304,500,False,0.03606677013006524,False,0.01403915036320802,2.5405051708221436
1113680,868.3904813453281,500,False,0.012923000494817607,True,0.014032441249192045,1.7477660179138184
1114656,822.7635345166058,500,False,0.10110170440449302,False,0.013989077708181249,1.5866725444793701
1115360,775.5248611311704,500,False,0.13889506934270884,True,0.013891133178625798,1.7593140602111816
1115600,803.0188283993442,500,False,0.0865018906955113,True,0.01364694665399353,1.258042335510254
1115952,772.6761593138955,500,False,0.040298299531606734,True,0.013605765927176612,1.6908491849899292
1116624,863.3975832005068,500,False,0.08528451391114486,True,0.013570800216937743,1.9831321239471436
1116768,757.5930737731345,500,False,0.22257193533418804,True,0.013453699669923172,1.5438666343688965
1116848,830.7341166320239,500,False,0.04778928711546913,True,0.01344373287153095,1.3311337232589722
1117392,734.418558316967,500,False,0.07034711594988258,True,0.013438321456863526,1.8730413913726807
1119280,822.3629991579946,500,False,0.07610508116373463,True,0.013223041919665765,1.2654825448989868
1119952,856.7948098674466,500,False,0.010777048070388038,True,0.013220936931962537,2.8370208740234375
1119968,845.4292270624139,500,False,0.10261376615829595,True,0.01326640406526607,2.9590163230895996
1119984,653.7026440115967,500,False,0.3793701445182651,True,0.013264448138351538,2.1972639560699463
1121264,786.8053341375389,500,False,0.042666145749722446,True,0.013262293804171644,1.239164113998413
1121456,533.6358188613427,500,False,0.5258630699384529,True,0.013481075694458021,1.7812020778656006
1121504,756.3958091796444,500,False,0.0821879552901741,True,0.013544191237223325,1.835018277168274
1121680,714.4621456307145,500,False,0.2294592804761502,True,0.013555901076698271,1.1218186616897583
1122656,823.4064200164612,500,False,0.02299751836282715,True,0.013549481719509409,1.2071805000305176
1123360,731.3797328474112,500,False,0.0635069699106473,True,0.013663048432310018,1.569796085357666
1123600,755.4487324043303,500,False,0.052164019141134006,False,0.013703996037582081,2.7156822681427
1123952,645.837135844021,500,False,0.17247086446036056,True,0.013739859459795143,1.459111213684082
1124624,845.3785361083279,500,False,0.09807029326850404,True,0.013673055010476817,1.7878203392028809
1124768,782.3706356433395,500,False,0.04646657080035729,True,0.013677957704431375,1.1355079412460327
1124848,795.8673543673034,500,False,0.20603459841936822,True,0.013578461072890064,2.0458645820617676
1125392,822.2453294146986,500,False,0.07549566534013692,True,0.013553058454434769,1.3215892314910889
1127040,518.4769499173349,441,True,1.1713475734849794,True,0.01343507519356277,1.4333404302597046
1127280,813.9070611403249,500,False,0.11847208074221235,True,0.013152396190640377,1.5657604932785034
1127952,720.4099163123436,500,False,0.1506118239828624,True,0.01311474226689312,1.4874119758605957
1127968,755.734303431898,500,False,0.1156390634803657,True,0.013036296574298905,1.344972848892212
1129264,748.109087132312,500,False,0.07412154489447428,True,0.013041561132542772,2.990856885910034
1129456,556.0670561227273,500,False,0.7203390610427292,True,0.013185253533685942,1.7530499696731567
1129504,779.9431001102886,500,False,0.12710643073799832,True,0.01311574684818246,1.4324722290039062
1129680,783.221895514275,500,False,0.11375812576042507,True,0.013120117406834629,1.6963430643081665
1130656,821.6136351374712,500,False,0.01619329019995551,True,0.013100251359555747,1.6502649784088135
1131360,888.1485188938381,500,False,0.09731489775175381,True,0.013230295420808414,1.3900456428527832
1131600,900.4244397762762,500,False,0.08491308616219748,False,0.0131940978402257,1.4148528575897217
1131952,775.9136565306275,500,False,0.027191375197292564,True,0.013196153054232218,2.5111122131347656
1132624,821.9828952453149,500,False,0.05907101729284604,True,0.013312396697836206,1.4099102020263672
1132768,793.9913888286368,500,False,0.04198022059975015,True,0.01333535966911946,1.851361870765686
1132848,814.6007775499284,500,False,0.07076456338108832,False,0.013278865186280018,1.9667655229568481
1133392,412.9594951980603,500,False,1.7238135574718505,True,0.013277116565653627,2.0561940670013428
1134144,449.1798109179634,386,True,1.1108267516913612,True,0.013206434273105772,1.6121987104415894
1134560,454.01674692833285,455,True,3.129345571318687,True,0.013202819434907467,2.9651594161987305
1135040,834.2547960185274,500,False,0.07042636421613714,False,0.013127548201641125,1.4168987274169922
1135952,811.2090086893833,500,False,0.16419778030180862,True,0.013091092990833766,1.123922348022461
1137264,738.060785613423,500,False,0.1115483071295396,True,0.01279298735201267,1.3871448040008545
1137456,793.9290521296768,500,False,0.1310922801200524,True,0.012819109489879327,1.5446794033050537
1137504,787.7145465590006,500,False,0.0949902190413107,True,0.0128023750151606,1.510573387145996
1137680,822.4225130385049,500,False,0.15739166027305931,True,0.01281018579909416,1.6497937440872192
1138656,819.489631192058,500,False,0.04298778744959143,False,0.012842104672935839,1.4141943454742432
1139360,652.1929970404242,500,False,1.5371414560388412,True,0.012951874717743573,1.8541960716247559
1139600,708.6323903371257,500,False,0.06250175496909423,True,0.013124468069434805,7.419325828552246
1139952,810.0310342050815,500,False,0.039667615052876345,True,0.013272779955951905,1.690462589263916
1140624,864.5786563716528,500,False,0.055527639546650624,True,0.013167747863084991,1.6497504711151123
1140768,764.5096801680114,500,False,0.0908734397036981,True,0.013194633952640063,6.382985591888428
1140848,690.4534128803706,500,False,0.12356940888154641,True,0.013195504553463149,1.5092082023620605
1141008,254.73025097205084,234,True,2.6187596436415777,True,0.013241130008220562,1.498918056488037
1141392,715.2382039179496,500,False,0.13911937502709995,True,0.013179636530735105,9.056982040405273
1142144,796.2009313591177,500,False,0.050815442311816145,True,0.013188500774812513,1.5735265016555786
1142560,795.669222615385,500,False,0.0521996657602103,True,0.013127208366720931,1.6545469760894775
1143040,733.6846198862869,500,False,0.07729589624952574,False,0.013031493937591638,1.6271793842315674
1143952,813.6454221878029,500,False,0.04152962796716897,True,0.013158152903784033,1.2981278896331787
1145456,752.7839355805428,500,False,0.04340048935296601,True,0.013193974688614652,1.921152114868164
1145504,460.6423563425027,500,False,0.5661054782904734,True,0.013386673516810556,1.4130730628967285
1145680,829.7372113362711,500,False,0.061891081646573906,True,0.013394635931909,1.4001257419586182
1146656,733.9238398977808,500,False,0.10439030574153832,True,0.013378897776899776,2.052079677581787
1147360,738.9344525012792,500,False,0.07010855017974979,True,0.01312012791526082,1.0814845561981201
1147600,754.0079818650499,500,False,0.0661702996816808,True,0.013140587626050053,1.4762580394744873
1147952,657.3806704525338,500,False,1.8650270812587368,True,0.013104076089722758,7.977774143218994
1148624,783.411191381714,500,False,0.11445400571069993,True,0.013056009979657345,1.5247210264205933
1148768,701.7195329881098,500,False,0.038348310623542596,True,0.013150829126252109,2.139493942260742
1148848,658.4725303708321,500,False,0.29965222219161614,True,0.013262655816848982,1.6975748538970947
1149008,821.6905298859883,500,False,0.05065022431949876,False,0.013235176128534667,2.259814977645874
1149392,576.180885506303,500,False,0.7762862494909772,True,0.013162382628025184,3.3612375259399414
1150144,859.0108839019439,500,False,0.037334475799594875,True,0.013302714452347045,2.558488368988037
1150560,370.65300104740066,500,False,1.2157563822269537,True,0.013351942563775468,1.4661130905151367
1151040,828.6358962160141,500,False,0.0641989784461088,False,0.013439762694972913,1.5670390129089355
1151952,774.4031502645189,500,False,0.051393314694923684,True,0.013557093762671245,1.373941421508789
1153456,762.4803391381712,500,False,0.10176081541129588,True,0.013721306710722995,1.528228521347046
1153504,649.3712834498115,500,False,0.1094467185745908,True,0.013164497206143612,2.7810778617858887
1153680,746.6811376871548,500,False,0.12970312040480006,False,0.013133447901681151,1.5297670364379883
1154656,776.4487110734862,500,False,0.05100570916845442,False,0.013143390182248424,1.9802875518798828
1155360,809.9503871151327,500,False,0.11451355352597552,True,0.013165893537429845,1.7217400074005127
1155600,768.3672413699014,500,False,0.16151511092589788,True,0.01346133258848947,2.3483822345733643
1155952,808.6021989036698,500,False,0.03598461460322302,True,0.013385449328531049,1.2045694589614868
1156624,830.4601966120935,500,False,0.038126862723858304,False,0.013443690151780941,1.947536587715149
1156768,817.2957197888496,500,False,0.07523289113517005,True,0.013615139475443579,19.196550369262695
1156848,854.6763053600341,500,False,0.11510346965359905,True,0.01353329326779868,1.7285892963409424
1157008,770.0388137061689,500,False,0.060692843598529625,True,0.013534383526128155,1.6122722625732422
1157392,850.5277668619659,500,False,0.02208888884759572,True,0.013599142295157497,1.4838306903839111
1158144,843.1218640101921,500,False,0.03262299950215466,True,0.013556752657122154,1.9597859382629395
1158560,734.0343067767753,500,False,0.220828730091195,True,0.013631784204655066,1.5383894443511963
1159040,687.6629450803622,500,False,1.9156658085625862,True,0.013716671263182654,1.346590518951416
1159952,813.8451825862709,500,False,0.033160052734088626,False,0.013479945378036423,2.2150521278381348
1161456,715.8798501695165,500,False,0.01726637534961668,True,0.013256089879028647,1.6894686222076416
1161504,734.4315131553909,500,False,0.13597152512068303,True,0.013078760791472877,1.3365790843963623
1161680,704.9036755812465,500,False,0.3535695808890995,True,0.013103713043716474,1.6740336418151855
1162656,776.0078111400162,500,False,0.06167729173609295,True,0.013174189782791515,1.6443815231323242
1163360,759.040654136312,500,False,0.13710525122050232,False,0.013365123179430886,1.6864906549453735
1163600,798.1086484919148,500,False,0.1505585998693516,False,0.013509250234524674,2.692365884780884
1163952,564.1026649907542,500,False,0.4194490581814309,True,0.013618824737435569,2.412592887878418
1164624,807.1469942947057,500,False,0.043910809407880315,True,0.01381536993704826,1.4842524528503418
1164768,798.9051859965091,500,False,0.15771882722335767,True,0.013650922392170289,1.195163607597351
1164848,463.4867600188689,500,False,0.7901016019323293,True,0.013669174819780508,1.90579354763031
1165008,825.6756114312884,500,False,0.14681881273304706,False,0.013670593397509367,3.2504892349243164
1165392,766.527448943821,500,False,0.11556869609454175,True,0.013584641740043184,1.6922271251678467
1166144,597.9133013574054,500,False,1.1122277619242096,True,0.013726166178483296,2.004974365234375
1166560,780.5431955189956,500,False,0.06804830195417713,True,0.013663043152320614,1.6545501947402954
1167040,724.1652166940062,500,False,0.13120835790448743,False,0.013713334161070907,1.6850776672363281
1167952,776.2232026970048,500,False,0.11424574565834776,True,0.01370569814942972,1.2992658615112305
1168560,673.9602980121269,444,True,1.1452926406339954,True,0.013526273683345793,1.33646821975708
1169504,773.6670845844192,500,False,0.13459493022102298,False,0.013274084392700888,1.6949529647827148
1169680,741.0103586138663,500,False,0.08594266746072991,True,0.01326918870973965,1.6481837034225464
1170656,452.39166764254435,500,False,1.3250526339268156,True,0.013336076680252003,1.7533464431762695
1171360,729.3148180312525,500,False,0.09902582520319787,True,0.013492024603370373,1.4958235025405884
1171600,804.459182870597,500,False,0.07556638143022337,True,0.01340008807851106,2.485459327697754
1171952,778.8951498627682,500,False,0.1586449745716842,False,0.013393476099012357,2.153895139694214
1172624,828.2786102050205,500,False,0.09132324749003065,True,0.013321501785338086,20.670595169067383
1172768,796.5481356167971,500,False,0.11772632502576624,True,0.013420950386648216,1.5088658332824707
1172848,733.4762320463702,500,False,0.049188192562005253,True,0.013425650158823113,1.9784077405929565
1173008,691.3592260032773,500,False,0.0792001283630537,True,0.013381413590281596,1.4197936058044434
1173392,781.8034396491632,500,False,0.05923637149254565,True,0.013362843676211095,1.2099440097808838
1174144,783.2201788005734,500,False,0.038277623733125286,False,0.01334437443202997,1.4646788835525513
1174560,772.189511630256,500,False,0.06080546601289802,True,0.0132052225276428,1.075197696685791
1175040,859.0166186239757,500,False,0.08636559100489702,True,0.013089737081552524,1.1308226585388184
1175952,692.7793618049652,500,False,0.1421447529982749,True,0.012961378076213607,1.3430620431900024
1176560,837.3261345004512,500,False,0.08912950510880849,False,0.013007664820809062,1.5665628910064697
1177504,755.3294772792732,500,False,0.07733861693206517,True,0.012942611039608346,1.4809656143188477
1177680,766.7643810395494,500,False,0.10578321292288566,False,0.012803366695648027,1.3912996053695679
1178656,754.8850622290189,500,False,0.057763765366937114,True,0.012937795973333516,1.7808358669281006
1179360,823.51672601939,500,False,0.02883633290273901,True,0.012807098258906148,1.5549501180648804
1179600,763.2760851021942,500,False,0.07625737351050682,True,0.012754173302793714,1.4750920534133911
1179952,763.5520214985253,500,False,0.06853798376791045,True,0.012747665939268859,1.0864742994308472
1180624,770.9977690476744,500,False,0.09917094289655941,False,0.01274902452936736,1.3091051578521729
1180768,701.9514330210736,500,False,0.6775668902233655,True,0.01278196510486743,1.4442970752716064
1180848,576.9637026473054,500,False,2.1807730373410106,True,0.012741404547752843,4.44888162612915
1181008,770.3647405990309,500,False,0.12492016126408623,True,0.012741983929128288,1.658037781715393
1181392,692.6942387553704,500,False,0.1758774916379637,True,0.012695169176808062,1.194911003112793
1182144,588.187951677493,500,False,0.15275173753912955,True,0.012719146868642396,2.166922092437744
1182560,762.3391328259631,500,False,0.13872387389098811,True,0.012798685196586349,1.2650750875473022
1183040,865.5213782447354,500,False,0.05339334267949253,True,0.012824131826065979,1.279984951019287
1183952,773.9053334112186,500,False,0.10603869247356337,False,0.012810265641735138,1.2852022647857666
1184560,506.12561725968067,500,False,0.3511551126605456,True,0.012848848523329634,1.2425321340560913
1185504,826.6733181593158,500,False,0.09016214643831952,True,0.012812408545077075,1.508634328842163
1185680,744.441376974668,500,False,0.09889500238600576,True,0.0128799008188844,1.934647798538208
1186656,818.9839582912314,500,False,0.09614171493364887,True,0.012886849939398612,1.218292474746704
1187360,795.9248668251535,500,False,0.13590577588029973,True,0.013007162713595657,1.1762678623199463
1187600,761.9091798364836,500,False,0.08837829742818742,True,0.012827930889019725,1.7425537109375
1187952,775.7236296310607,500,False,0.0927218055914915,True,0.01274569607422101,1.3047153949737549
1188624,790.0060169511165,500,False,0.06386874130968073,True,0.01287902844313982,1.1262761354446411
1188768,719.3089584103038,500,False,0.11954894730434018,True,0.012941895279630163,2.100064277648926
1188848,773.4666842600215,500,False,0.12905467683405636,True,0.012891363728418918,1.2580124139785767
1189008,714.3745401811034,500,False,0.4723907522606922,True,0.01289213924144211,1.5734598636627197
1189392,809.2151946980105,500,False,0.06452957805179006,True,0.012849689431782302,1.31490957736969
1190144,778.9232709823192,500,False,0.05033943120729794,True,0.012979351379039938,1.498579740524292
1190560,800.3974678851557,500,False,0.09821849722275589,True,0.012923902557018396,1.9087514877319336
1191040,759.1410274142584,500,False,0.11462094357427784,True,0.013078038907318377,1.0869169235229492
1191952,772.9933429122544,500,False,0.0992801513541924,True,0.012965608955386012,2.8676743507385254
1192560,774.0889889661855,500,False,0.11272692006806788,True,0.01313191801389791,1.177556037902832
1193504,777.2024662696149,500,False,0.06125253445112723,True,0.01304243442959643,1.8449443578720093
1193680,812.2299869711557,500,False,0.201267803540718,True,0.01289605332024493,1.7442960739135742
1194656,770.7743741226379,500,False,0.08186036785107732,True,0.012886458422467719,1.517716884613037
1195360,840.8569028814395,500,False,0.058105180137658745,False,0.01279564223739691,9.885120391845703
1195600,753.9523507037965,500,False,0.11892537076005791,True,0.012570358824158771,1.400052547454834
1195952,779.7036282665013,500,False,0.03498015526437272,True,0.01259702011894126,1.3697785139083862
1196624,867.1896413714255,500,False,0.09561198197385058,True,0.012674055317817744,1.593940019607544
1196768,821.9077887716196,500,False,0.08789161441123063,True,0.012580039275992945,1.2332253456115723
1196784,242.69499725187495,264,True,1.6594414485269697,True,0.012537094973435014,1.226216435432434
1196848,663.3005560930039,500,False,0.19256665235091866,True,0.012534289341862839,1.4384841918945312
1197008,744.7292120594112,500,False,0.1045060894052858,True,0.01254178595067683,1.4730435609817505
1197392,818.4142829848807,500,False,0.1347463344892419,True,0.012506911220034039,1.3184421062469482
1198144,796.76634307792,500,False,0.10180206721087094,False,0.01254532353188137,1.9115626811981201
1198560,796.3870614222875,500,False,0.09136162539793076,True,0.012543513474134002,1.2066683769226074
1199040,688.9392318487745,500,False,0.2515355094630415,True,0.012437559209786475,6.885751724243164
1199952,532.3742894404517,500,False,0.6376361596772431,True,0.01241872306628922,1.5131033658981323
1201504,769.4204423014738,500,False,0.08261169613330023,True,0.012750451927865917,1.5437544584274292
1201680,700.6165062447171,500,False,0.06768686215466443,True,0.012355064031665792,1.2796432971954346
1202656,782.7714518771547,500,False,0.11068220046331238,True,0.012426671501775064,1.6982899904251099
1203360,771.8219975863767,500,False,0.08242798887377258,True,0.012227359444768007,1.5297870635986328
1203600,788.4280221028898,500,False,0.09101052512233686,True,0.012132703516001993,1.5519592761993408
1203952,851.1143995714303,500,False,0.1227500392024866,True,0.012103415615042997,1.3223087787628174
1204624,743.8236592391486,500,False,0.07833257059893234,True,0.01204807552506831,1.3203105926513672
1204768,522.6732239969418,500,False,0.4614112255410099,True,0.012130016533390754,2.6257100105285645
1204784,740.008045229235,500,False,0.14536298815694323,True,0.012080085346843267,1.2748092412948608
1204848,720.6088752816445,500,False,0.24239174907988392,True,0.012076279001191502,1.9629698991775513
1205008,754.4553407363845,500,False,0.08490986886767952,True,0.012061552581075588,1.528618335723877
1205392,724.4757695796329,500,False,0.16188648102147646,True,0.012030319041979558,1.4143564701080322
1206144,818.2681990827626,500,False,0.07352115062653088,True,0.012041959474608224,2.2726850509643555
1206560,734.05041717468,500,False,0.08169870256889374,True,0.011946085333012633,1.631563663482666
1207040,760.0586144166658,500,False,0.09834253921507753,True,0.012022438747998986,1.250288486480713
1207952,728.6666813859113,500,False,0.18940620266067673,True,0.011995028312922715,1.5956612825393677
1209504,766.2327721577655,500,False,0.10310458800747696,False,0.012067924347872818,2.838951349258423
1209680,683.8745752779275,500,False,0.10525584940011015,True,0.012033092997368159,2.2787723541259766
1210656,596.4821260473851,500,False,0.6057958726623274,True,0.012157534795269343,1.2493391036987305
1211360,758.1680460341219,500,False,0.05494576474169841,False,0.011811912280976247,1.1715893745422363
1211600,724.4737535031715,500,False,0.07786955063063997,False,0.011968928622798601,1.8354465961456299
1211952,661.0322958166437,500,False,0.3138543534825057,True,0.011864537883879112,1.176978588104248
1212624,756.0952769942363,500,False,0.04274290261030156,True,0.011880215196164329,1.5782548189163208
1212768,805.2208141498432,500,False,0.08563565851634437,True,0.011830584436396618,1.3974313735961914
1212784,731.2480848495761,500,False,0.146643676744487,True,0.011799426798685978,3.49430775642395
1212848,849.5530710170582,500,False,0.0649067994790171,True,0.011795622896363059,1.5766332149505615
1213008,776.8160656362664,500,False,0.0817672006080308,True,0.011809974741296423,2.487225294113159
1213392,751.1765186111492,500,False,0.032836935973618524,True,0.011852994206205497,1.4833093881607056
1214144,825.652982446262,500,False,0.10177998620267703,False,0.011731470725667808,1.9302911758422852
1214560,816.9755330253341,500,False,0.0788290711346973,True,0.011698188875252551,1.9933182001113892
1215040,533.7621992416362,500,False,0.23078760832497,True,0.011626467592102261,1.1941804885864258
1215952,841.5322375692052,500,False,0.11554291706054838,True,0.011700868742756025,1.2046066522598267
1217504,607.1839254536534,500,False,0.3116465067121849,True,0.011939865103561166,1.651059865951538
1217680,755.6718994064903,500,False,0.0953982234032527,False,0.011961525519600454,3.890618324279785
1218656,695.2280817648872,500,False,0.16115106791203904,True,0.012002333201506047,1.1337356567382812
1219360,730.9569096877822,500,False,0.06980015463414621,True,0.011785409003187348,1.691354513168335
1219600,764.2892149190118,500,False,0.07335211115879867,True,0.011897514897841363,1.508908748626709
1219952,801.5253073959701,500,False,0.10226484322394275,True,0.011873135413380953,1.7157554626464844
1220624,674.685799332326,500,False,0.1663954765168638,True,0.011774320553428995,2.2532124519348145
1220768,735.2538166274933,500,False,0.18541193251329352,True,0.01168341442355559,1.164297342300415
1220784,722.216232125161,500,False,0.12271609425383506,False,0.011688311228521955,1.4402306079864502
1220848,755.8200022441199,500,False,0.1840732740614128,False,0.011678763722655063,1.1530689001083374
1221008,788.5458442674474,500,False,0.13443088234720368,False,0.01165488825464415,1.4821789264678955
1221392,774.1828988371692,500,False,0.09573918756172253,False,0.011649942183743439,1.7388484477996826
1222144,791.8690062421833,500,False,0.07703742181662875,True,0.011570787327401182,1.4325942993164062
1222560,780.4815929064284,500,False,0.07237484474830996,True,0.011620049377938589,1.4356096982955933
1223040,762.4929040974839,500,False,0.15457835339909415,False,0.011736173137230506,0.9393503665924072
1223952,756.157562763707,500,False,0.1367035570745274,False,0.011770878932252699,1.3901329040527344
1225504,707.4674928153698,500,False,0.1611208099284109,False,0.011763192086904512,1.346616268157959
1225680,815.1270940871074,500,False,0.05808128493085711,True,0.011935898846040724,2.3812856674194336
1226656,746.4002264673175,500,False,0.16607163865958105,True,0.011968148637481921,1.034703254699707
1227360,470.5545348300904,500,False,0.9287208104708691,True,0.011891897899944897,1.5388259887695312
1227600,774.107018113511,500,False,0.16236999762365287,True,0.01200787584434656,1.373642921447754
1227952,511.3873396803702,500,False,0.3692638588457482,True,0.011989153918617339,1.3965535163879395
1228624,726.0447017234861,500,False,0.13355111786859597,True,0.011904217111534521,1.638702392578125
1228768,758.9209310915993,500,False,0.0765773332453729,True,0.011778181871378846,3.951936721801758
1228784,760.7252162382857,500,False,0.16078267444103098,True,0.011735574020541772,2.2135698795318604
1228848,731.5870200434372,500,False,0.23575082434332867,True,0.011732570209447835,2.225026845932007
1229008,732.8201975377702,500,False,0.11132706853093878,False,0.01172294046526661,1.5203871726989746
1229392,660.952549572562,500,False,0.6604545743411293,True,0.011735930472615154,1.743443489074707
1230144,496.19969154491747,500,False,0.6951979457752132,True,0.011619936319826921,3.0917420387268066
1230560,738.523006426337,500,False,0.13344293336424254,False,0.011683388880529944,3.0032129287719727
1231040,445.41479455898775,500,False,2.2392729086424317,True,0.01182024958456362,1.4642229080200195
1231952,704.0470269974448,500,False,0.060114383264174204,True,0.011724007189325392,1.4552433490753174
1233504,748.5864094715224,500,False,0.05059781408225602,True,0.012104538699034724,1.5236382484436035
1233680,805.6680127115918,500,False,0.052066563067122235,False,0.011971412281680409,1.1696637868881226
1234656,770.3940003534553,500,False,0.08955439893172071,True,0.011790067007264924,2.3590900897979736
1235360,641.4655541974398,500,False,0.24074493842600958,True,0.011792896312984063,2.8093132972717285
1235600,852.9135034479859,500,False,0.04573036052767676,False,0.011745143024463929,1.574958086013794
1235952,815.1568833683186,500,False,0.12357682724398421,True,0.011708590164768525,1.494963526725769
1236624,759.382866004846,500,False,0.16669604063802537,True,0.011649299453089554,1.477735996246338
1236768,664.3365421056781,500,False,0.6113485137756411,True,0.01162837348327993,1.408603549003601
1236784,816.4273769357607,500,False,0.031610997876106356,True,0.011681934664502177,2.0818567276000977
1236848,762.0055388499427,500,False,0.1216463067535279,True,0.011688629672219408,1.7852778434753418
1237008,738.4955732831975,500,False,0.17889164250989198,True,0.01174290997498067,1.5000464916229248
1237392,771.6299615490875,500,False,0.10577808122282867,True,0.011769418296401891,1.8696568012237549
1238144,534.9634466342533,500,False,0.6247866353991494,True,0.011813269521980979,1.764323115348816
1238560,769.1115359001182,500,False,0.10140089860048603,True,0.012073194133091155,1.2216159105300903
1239040,841.2324678485554,500,False,0.02432669817420605,False,0.011989702855123893,1.742498517036438
1239952,751.7920202480393,500,False,0.11202607090777107,True,0.01214302937299461,1.3199578523635864
1241504,799.6907223843973,500,False,0.08962910423621308,True,0.012048461160801998,1.5845568180084229
1241680,806.7434869877854,500,False,0.07825799413775517,True,0.011913896878958696,1.2734160423278809
1242656,411.21364175852153,500,False,1.3535673928203549,True,0.011892841428077065,4.431146621704102
1243360,777.0746698738841,500,False,0.06667501449978179,True,0.011838837659536706,1.3086252212524414
1243600,815.4863800845684,500,False,0.06025813697999251,False,0.011945550608297573,1.6103532314300537
1243952,746.6563925717186,500,False,0.1649691189661414,True,0.011938812945037623,1.4435501098632812
1244624,798.1750386614939,500,False,0.12427569472305187,True,0.011844231489756793,1.4218671321868896
1244768,799.0113669420527,500,False,0.10473984198213149,True,0.01151730054075875,1.6695470809936523
1244784,755.7652028643346,500,False,0.11827316594318124,True,0.01148285852785707,2.0417094230651855
1244848,776.9981165667322,500,False,0.0797552141273502,False,0.011487284325363683,1.4271063804626465
1245008,807.3649459895021,500,False,0.10862568180736569,True,0.011521591071914762,1.4567208290100098
1245392,796.6157126010622,500,False,0.1572033440627705,True,0.011555139536213123,6.829205513000488
1246144,806.8767696788981,500,False,0.11503060267326055,False,0.011451259352769638,15.820747375488281
1246560,722.7586708937004,500,False,0.09624420632183521,False,0.011455484575269051,1.5865046977996826
1247040,747.3864783626082,500,False,0.08772076252875013,False,0.011597404243293162,1.2682766914367676
1247952,842.927962934684,500,False,0.06900007741372699,True,0.011692672177492739,1.3275642395019531
1249504,544.9072361975933,500,False,3.646198601397821,True,0.011753700601021955,1.0111006498336792
1249680,767.255415757445,500,False,0.1337434154661344,True,0.011887468654869244,1.336898922920227
1250656,750.8378198123573,500,False,0.07069600949349238,True,0.011834124886385505,1.4485609531402588
1251360,809.5911316167604,500,False,0.06638580790435422,True,0.011521190509296403,1.030133843421936
1251600,798.0341064320006,500,False,0.0628934089234062,True,0.011409999965385144,2.161123275756836
1251952,818.6114947608339,500,False,0.037902723288318896,True,0.011581031004080278,1.1390202045440674
1252624,768.744790869429,500,False,0.3210367068949476,True,0.011486468824716578,1.7685497999191284
1252768,774.4426191880389,500,False,0.17656560220987966,True,0.01151606276641303,1.4170312881469727
1252784,757.1331888157085,500,False,0.20746195928794353,True,0.01152711318533043,1.612437129020691
1252848,755.1679205100462,500,False,0.0978697338657849,True,0.011522334782009433,1.234978199005127
1253008,752.1419060089827,500,False,0.13099378063008582,True,0.01150643748993642,2.0241711139678955
1253392,783.6967623178406,500,False,0.07014380964035932,True,0.011482150559322404,1.323345422744751
1254144,843.4399746046741,500,False,0.10303519358103691,True,0.011563741796126405,2.0562186241149902
1254560,769.9651120987077,500,False,0.07390806887809645,True,0.011525473869753654,1.6955459117889404
1255040,551.8668608901806,500,False,1.0488970464052298,True,0.011650087384657073,1.4744882583618164
1255952,786.2126602977111,500,False,0.0968193274563362,True,0.011642417370424912,1.3314952850341797
1257504,780.8633970487034,500,False,0.05838475241177211,True,0.011298496410456903,1.3106744289398193
1257680,781.4238572565038,500,False,0.09116080194144047,True,0.011264144492665626,2.2598366737365723
1258656,842.2179081068509,500,False,0.06453303334783797,True,0.011358452102171375,1.2943403720855713
1259360,803.5406839528213,500,False,0.1007913044390903,True,0.011211461608662042,1.5458869934082031
1259600,776.9641519306329,500,False,0.06676458877562232,True,0.011404671866736696,1.5292624235153198
1259952,733.31747392745,500,False,0.09367506499624309,False,0.011458235064426862,1.1547975540161133
1260624,843.6024071011167,500,False,0.03175293408097643,True,0.011477913365455415,1.2127820253372192
1260768,734.1953316502478,500,False,0.11920298683503705,True,0.011509143141285032,1.3442423343658447
1260784,812.9188157489855,500,False,0.07575890340138246,True,0.011505837467823634,1.7645273208618164
1260848,800.773421738965,500,False,0.022804627344329493,True,0.011503747337654625,1.4891462326049805
1261008,819.3430171067208,500,False,0.10219051736836691,True,0.01147603394242215,1.37705659866333
1261392,853.1717636150618,500,False,0.08886723049700875,False,0.011398742172644697,2.35923171043396
1262144,779.5073882779823,500,False,0.03144707222378062,False,0.011210900279159683,1.7235140800476074
1262560,796.7476405744234,500,False,0.1277913051902271,True,0.011280599869332863,2.6772947311401367
1263040,823.4859211960173,500,False,0.08768893215893277,True,0.01119933755679907,1.4392410516738892
1263952,762.4809232626012,500,False,0.047594344427468224,True,0.011086466323353167,1.6120994091033936
1265504,821.5060398987573,500,False,0.067794937725996,True,0.01098165769830842,1.2173218727111816
1265680,817.1271358412733,500,False,0.05876508671237548,True,0.01090749097716263,1.3331419229507446
1266656,812.9694248805822,500,False,0.11591403519761703,True,0.0108329257656892,1.8046454191207886
1267360,594.2279214265614,500,False,0.6911744218560734,True,0.01098864175529386,1.3103916645050049
1267600,757.9004718492454,500,False,0.0666846300517527,True,0.01107312306820283,1.240901231765747
1267952,753.2299284066376,500,False,0.08176162892936281,True,0.01111457957565989,1.5199546813964844
1268624,807.8328305256721,500,False,0.088846132528582,True,0.011233481752591819,1.2292249202728271
1268768,745.7341719974559,500,False,0.23916698195293565,True,0.011483414421351465,1.7949460744857788
1268784,534.2548456466063,500,False,0.5649221039235834,True,0.011462896302459911,1.4150805473327637
1268848,674.1286218998238,500,False,0.24953688807730878,True,0.011452992964902993,1.270864486694336
1269008,830.661464362857,500,False,0.07412354643025815,True,0.011395676008709627,28.836811065673828
1269392,659.4974676638574,500,False,0.19449161903594905,True,0.011381691003861159,1.801107406616211
1270144,769.2897388898887,500,False,0.09662262320930046,True,0.011396613537633892,1.2788116931915283
1270560,657.980504775093,500,False,0.41810937860779607,True,0.01127490037921467,1.6149604320526123
1271040,769.3025461424979,500,False,0.14492792802219395,True,0.011244684500526469,1.190462350845337
1271952,795.1061944328984,500,False,0.10765751865976206,True,0.011352746875084531,1.6482878923416138
1273504,564.9964013627992,500,False,0.24039592247204947,True,0.011501077383958223,2.7340667247772217
1273680,705.5402768892401,500,False,0.15724197642808058,True,0.01139154078954015,1.4092216491699219
1274656,771.7328561980587,500,False,0.12566107356304476,False,0.011506589219654858,1.1871505975723267
1275360,739.1526073091524,500,False,0.11768854296858453,True,0.011393714137202629,6.596776962280273
1275600,805.7273140899881,500,False,0.12891186709615848,True,0.011507008888503225,1.5333040952682495
1275952,767.0186865193936,500,False,0.3211972116686329,True,0.011513789616229337,2.961606979370117
1276624,634.3336093386092,500,False,0.22556434177515666,False,0.011464629154282938,1.6356384754180908
1276768,762.870337334443,500,False,0.23254033348343536,True,0.011261854423470025,1.2661218643188477
1276784,848.5673203289194,500,False,0.09411910775241242,True,0.011291921176817935,1.3769733905792236
1276848,836.8633340846935,500,False,0.08052612558556796,False,0.011299253317034567,7.429506301879883
1277008,840.877792986132,500,False,0.2185247258842445,True,0.011320049301213924,1.1445581912994385
1277392,740.2756685103517,500,False,0.08303517168742,True,0.0113852257647105,1.4347846508026123
1278144,734.3339533414104,500,False,0.24776821699064971,True,0.011279806415316722,1.473620891571045
1278560,781.6786391704537,500,False,0.03730550031514443,True,0.011333266661949233,1.2194404602050781
1279040,817.6008202010416,500,False,0.15992750218022342,False,0.011395384006240366,2.2314534187316895
1279952,646.9687936225868,500,False,0.25477716525283883,True,0.011559193202073957,1.2692608833312988
1281504,798.1803954781542,500,False,0.024343934242004178,True,0.011473930364264324,1.441414475440979
1281680,712.0089849839618,500,False,0.08134858896719484,True,0.01122282087509946,1.2174363136291504
1282656,580.8525899733992,500,False,0.6856649329596812,True,0.01123226945836645,1.213117241859436
1283360,823.2536511557026,500,False,0.033402728594346266,True,0.01109457564059335,1.038155198097229
1283600,583.0493058472277,500,False,0.36734022162994656,True,0.011005682037362864,1.7516931295394897
1283952,818.1807526737675,500,False,0.10592291542922704,True,0.011068211225514882,1.2766727209091187
1284624,752.5005062432964,500,False,0.14470892325393653,True,0.011128770661839555,1.3944534063339233
1284768,717.6821168112305,500,False,0.15471591604656318,False,0.011076348655275972,1.0373172760009766
1284784,747.3502232623332,500,False,0.07347793798170671,True,0.01116672026155356,1.7461646795272827
1284848,648.9114969198525,500,False,0.47110628540317634,True,0.01117687413863355,1.7828810214996338
1285008,726.5125808169611,500,False,0.12351419968596361,True,0.011206211779797168,2.546548843383789
1285392,725.054823845271,500,False,0.12085576315860455,True,0.011262017172896826,1.2381596565246582
1286144,818.023277688825,500,False,0.13352096834648056,True,0.011443953941161072,1.1435714960098267
1286560,726.4734637735255,500,False,0.10478195570135886,True,0.01171388423414896,1.2186753749847412
1287040,753.4560473187562,500,False,0.07266612264394803,True,0.011678303694192448,1.1472595930099487
1287952,729.2342174770589,500,False,0.1299425005975573,False,0.011595201260055381,1.3987256288528442
1289504,675.2841258211846,500,False,0.31935108073440766,True,0.011676778443885297,0.9894145131111145
1289680,738.777093345167,500,False,0.2473320657490492,True,0.011677454531538567,2.261185646057129
1290656,816.1779769292374,500,False,0.030771830957801845,False,0.011632377523797343,1.2013275623321533
1291360,550.8430998860571,500,False,0.3609420124909519,True,0.011310186184595606,1.5034520626068115
1291600,763.0406415283646,500,False,0.08052416653477057,True,0.011188277197856113,1.8214225769042969
1291952,773.1820525031393,500,False,0.07444456329365305,True,0.01125811242321315,2.1181228160858154
1292624,825.0083720104998,500,False,0.04542152428011694,False,0.011175038096028612,1.2781531810760498
1292768,805.1817384891872,500,False,0.04975633647304654,True,0.011190796161331795,1.11513090133667
1292784,842.7220785316853,500,False,0.1382509900638621,True,0.011136075333868026,1.3399829864501953
1292848,837.1098137954577,500,False,0.08249496703276059,False,0.01113308409243971,1.1289093494415283
1293008,806.9350073863924,500,False,0.03238841785513123,False,0.011130295230626076,1.7285678386688232
1293392,732.3476767458448,500,False,0.12485809578386875,True,0.011158158918404378,1.414042592048645
1294144,770.7919967233057,500,False,0.05221719763773519,False,0.011327646871801376,1.596201777458191
1294560,822.7434118968803,500,False,0.06387636942860822,True,0.011366865065785036,1.1099152565002441
1295040,805.3742277650919,500,False,0.04038757933274578,False,0.0113669580997329,2.5215744972229004
1295952,766.3629063654446,500,False,0.13576925025930403,True,0.01138308783929365,1.4719722270965576
1297504,816.5614622664823,500,False,0.0881942728838334,True,0.01093975238933521,1.3397421836853027
1297680,695.3122168023227,500,False,0.21802426915319478,True,0.01076178513820416,1.6048824787139893
1298656,813.6211808259089,500,False,0.04831013201787424,False,0.0107813767667192,1.3824434280395508
1299360,728.8801521658801,500,False,0.16735629006342886,True,0.011038701965490455,1.9782023429870605
1299600,807.7063136653605,500,False,0.04517491920199554,True,0.011161096298461752,0.9253604412078857
1299952,845.2451106824594,500,False,0.07712087252410957,True,0.011196316836993323,1.0790091753005981
1300624,833.345160789279,500,False,0.10077103160471566,False,0.011121568280075945,1.391804575920105
1300768,822.0544725252649,500,False,0.11146149236244156,True,0.010943230325508712,1.289289951324463
1300784,810.7201427284788,500,False,0.10578846724984216,True,0.010910230146998219,1.6007239818572998
1300848,809.7493364546597,500,False,0.15707978203878586,True,0.010907816347509333,1.5750365257263184
1301008,707.5440245078283,500,False,0.12662268240097996,True,0.01089660906451962,1.0668563842773438
1301392,783.605226570984,500,False,0.08489571846510754,True,0.010819742640889113,1.3280950784683228
1302144,762.5217037525607,500,False,0.06342739756331019,True,0.010935863571205032,1.116429090499878
1302560,796.7842965052555,500,False,0.05434957855784213,True,0.01098617958598189,1.660727620124817
1303040,797.3002917238232,500,False,0.19077080561489554,True,0.011037489264792581,2.2333836555480957
1303952,772.3599611317268,500,False,0.03223132256141855,True,0.011245166903706782,1.0194120407104492
1305504,703.3632966394307,500,False,0.11081128953442404,False,0.011104749692508119,1.0866293907165527
1305680,485.01995146532846,500,False,0.438832587248755,True,0.011325638531326787,7.506214141845703
1306656,788.7464900206754,500,False,0.042783970868169284,True,0.011304029455983144,1.9044071435928345
1307360,737.8267427722395,500,False,0.0515508169253482,False,0.011405919294619015,1.8478749990463257
1307600,629.284711363283,500,False,0.23074451475896376,True,0.011388494272415279,1.4830961227416992
1307952,819.8684997006707,500,False,0.09109401944538262,False,0.011358194287559997,1.2632337808609009
1308624,767.7415434360588,500,False,0.05158544356272297,True,0.01135933982970507,1.3263444900512695
1308768,887.5728753004037,500,False,0.040849264884635715,True,0.011264525874766233,1.135765790939331
1308784,784.0721250651659,500,False,0.09734677504661084,True,0.01123811018079876,1.1707043647766113
1308848,691.1499142456954,500,False,0.4107286640619773,True,0.011242543998819627,1.611528754234314
1309008,669.1849772274524,500,False,0.46521050167235034,True,0.011259489392143752,1.9295878410339355
1309392,837.735402468308,500,False,0.03473345685586231,True,0.01131915711407704,1.7759586572647095
1310144,868.012500554986,500,False,0.05822043179317234,False,0.01132608300609572,6.38797664642334
1310560,758.398072617708,500,False,0.10164955182627217,True,0.011158973321163146,14.451173782348633
1311040,774.0666708549185,500,False,0.18869475109004585,True,0.011120164095430743,2.08097505569458
1311952,805.1343586756914,500,False,0.026558721400744764,True,0.010987105137559525,1.512636661529541
1313504,750.2547402383841,500,False,0.0627746847488189,False,0.010903771039317379,1.6383970975875854
1313680,831.7038237002416,500,False,0.07058709480373762,True,0.011076636053705671,1.2157264947891235
1314656,797.9624061454855,500,False,0.11835034884378935,True,0.011091415318416006,1.5252025127410889
1315360,801.6608895655925,500,False,0.03619072777071712,True,0.011131218591486584,1.372410774230957
1315600,729.1508992413228,500,False,0.3681118327001097,True,0.011038501504067485,1.694220781326294
1315952,597.5654039676908,500,False,0.3200133791700707,True,0.01105954060919737,1.261443018913269
1316624,614.1509866466831,500,False,0.22925997400788622,True,0.011070681279434468,1.2205514907836914
1316768,808.8008863466816,500,False,0.11087301779908447,False,0.01118228073034808,1.3557991981506348
1316784,748.9277876269783,500,False,0.05758806985594501,True,0.011236917998131613,1.6872297525405884
1316848,802.4707736493353,500,False,0.24338321485835687,True,0.011240222086979477,1.119184970855713
1317008,790.0102036819785,500,False,0.10059947846108164,False,0.011267058991751554,1.06840181350708
1317392,833.3072263026162,500,False,0.10084179546369765,False,0.011296656010854464,1.1897341012954712
1318144,748.5819974517985,500,False,0.09340759757173585,True,0.011301319403784841,1.2172924280166626
1318560,744.3144503521686,500,False,0.07643583936582123,True,0.011152079858815903,1.579699158668518
1319040,785.9498910481933,500,False,0.046032887801387784,True,0.011020047218320691,1.2588062286376953
1319952,763.1374324927718,500,False,0.058970044189924194,False,0.010889992882300966,1.1170895099639893
1321504,818.0947058436566,500,False,0.04447353253288814,True,0.010799905198583962,1.2276710271835327
1321680,823.0987104433898,500,False,0.040074684043546784,True,0.010762872340352777,3.9291372299194336
1322656,805.7603930259507,500,False,0.08621557547780019,True,0.010702515318202837,2.857862949371338
1323360,783.4992547791115,500,False,0.07508916277873603,True,0.010913832842475607,1.1029168367385864
1323600,801.1525413752782,500,False,0.02143787759841835,True,0.010851189575481349,0.9509627819061279
1323952,850.0106069346505,500,False,0.03713363403160555,True,0.01086112560877201,1.030625581741333
1324624,756.8550865079349,500,False,0.09015093752754232,True,0.010795334570927241,1.237352967262268
1324768,795.1639930624415,500,False,0.13971178527012895,True,0.010700925566582559,2.0445518493652344
1324784,853.9083110661009,500,False,0.07225240124863416,True,0.0107416266794819,1.2256019115447998
1324848,645.398407392459,500,False,0.28232874764423815,True,0.010743633970393102,1.1688587665557861
1325008,793.9561089094173,500,False,0.07055728751466749,True,0.010743850779833652,1.5544170141220093
1325392,785.5466422952669,500,False,0.0852834492619253,True,0.010752323035731585,1.6208194494247437
1326144,786.4440105413838,500,False,0.023353222284307123,True,0.010798598130681729,1.3963735103607178
1326560,764.9393327601746,500,False,0.06640497893093954,True,0.01075801735179765,1.5102192163467407
1327040,821.8445223717275,500,False,0.07939150044407949,True,0.01084278214398392,1.5676438808441162
1327952,764.9846051674596,500,False,0.03586402475283599,True,0.010905083694630176,1.0635331869125366
1329504,797.2128183713063,500,False,0.07071946255285698,True,0.010996185275673599,1.1611385345458984
1329680,829.6367180130338,500,False,0.060596279854874,True,0.011069385108890429,1.3622304201126099
1330656,748.2920654024166,500,False,0.06064114718832356,True,0.011033032661314895,1.2851719856262207
1331360,868.1285622423092,500,False,0.10153258763558068,True,0.010770356298434312,1.2797110080718994
1331600,789.5752476763034,500,False,0.16971533916381912,True,0.010691688744447512,1.4877901077270508
1331952,758.7651486574387,500,False,0.03029088351642447,True,0.010617114157661698,1.019984245300293
1332624,789.54820827705,500,False,0.06744013768354264,True,0.010444579420499847,1.5624756813049316
1332768,681.2830937419233,500,False,0.2846261217800588,True,0.010425977675794507,1.5129526853561401
1332784,729.1841843088831,500,False,0.07447732985141993,True,0.01045545777465383,1.1993436813354492
1332848,685.4793380391583,500,False,0.05043476696567749,True,0.010458482272640936,1.6902751922607422
1333008,793.179375571808,500,False,0.011857581418191437,True,0.01046692818744816,1.219545602798462
1333392,825.9021278995168,500,False,0.04751081418360615,True,0.010425797535300322,1.0821492671966553
1334144,802.8768291046991,500,False,0.060140690752427825,True,0.010268849740315037,1.2454376220703125
1334560,831.5642565202396,500,False,0.08591040428538371,True,0.010225527937383343,1.6640145778656006
1335040,814.9120804204377,500,False,0.05033994052545278,False,0.010256330715520536,1.547208309173584
1335952,467.5067814911622,500,False,0.6866852808428906,True,0.010316014480641423,1.222079873085022
1337504,764.636996138049,500,False,0.08806017029482364,False,0.010177325750918113,1.6898764371871948
1337680,833.393588358838,500,False,0.07656930271688714,True,0.010011277283037539,1.237173318862915
1338656,729.5629074284645,500,False,0.07429497914046736,True,0.010026241169920673,0.9807897806167603
1339360,802.065006586054,500,False,0.0801304801985556,False,0.010071412932501002,1.4207115173339844
1339600,774.8955439595608,500,False,0.06096164196067861,True,0.010119555270325806,1.419520616531372
1339952,784.2698839379345,500,False,0.06547396995207709,True,0.010150411639456383,1.370410442352295
1340624,808.9442101657886,500,False,0.12980756481340608,True,0.010206575216962029,1.5302340984344482
1340768,754.8498169693721,500,False,0.05831675602281158,True,0.010232857634003506,1.475287675857544
1340784,776.0833749191183,500,False,0.10836354728737209,True,0.010235938998838984,1.418750524520874
1340848,812.8235954516645,500,False,0.026678352683613252,True,0.010237861231572852,1.4263803958892822
1341008,725.696268830177,500,False,0.0639388479032653,True,0.010236461389848255,1.0720545053482056
1341392,604.4174845412854,500,False,0.505678932466824,True,0.010204318165480423,1.577134609222412
1342144,754.6474830209039,500,False,0.13638390877968568,True,0.010222837764159684,1.3297957181930542
1342560,806.3852997133996,500,False,0.1056184915499385,True,0.010179239673789142,1.291236400604248
1343040,787.1466507298264,500,False,0.1604629212280764,True,0.010146977173650722,1.6593836545944214
1343952,849.2145580417383,500,False,0.040726954658246134,True,0.009998105384949149,1.2741913795471191
1345504,756.6293957634291,500,False,0.052377161930563666,True,0.009955167695091633,1.1712902784347534
1345680,791.0945219813358,500,False,0.11483696699638207,True,0.010039009435426528,1.1863110065460205
1346656,769.1253978456596,500,False,0.02478733578437326,False,0.010043615487971204,1.240727424621582
1347360,904.0932529645793,500,False,0.06682082656434835,False,0.010062476662060393,1.337620496749878
1347600,778.8447779666668,500,False,0.07603561899743633,True,0.010142349449070474,1.490925908088684
1347952,746.7417112393244,500,False,0.12676074939044985,True,0.010186038695737157,0.9925647974014282
1348624,749.3199663415155,500,False,0.0598104187713568,True,0.010216624873831289,1.2648370265960693
1348768,772.7601971310585,500,False,0.080256491020508,False,0.010195380867041205,1.568448781967163
1348784,590.6620864928992,500,False,0.5209624856850873,True,0.01021897437755374,1.244873285293579
1348848,861.1621948202817,500,False,0.07913065560923177,True,0.010221108319524714,1.51545250415802
1349008,803.2940646648935,500,False,0.048046355991127825,False,0.010232937249132039,1.9645417928695679
1349392,805.1367789564322,500,False,0.09470301031080482,True,0.010201877068773527,1.211771011352539
1350144,790.7264245970293,500,False,0.3161246289908756,True,0.01033541844403748,1.2523020505905151
1350560,777.1575176131055,500,False,0.07153585899646972,False,0.010358816619067492,2.4510951042175293
1351040,807.2806228542397,500,False,0.08596198636973068,True,0.010398909294066087,0.9687709808349609
1351952,793.3240180219058,500,False,0.07116773795123532,False,0.010405692773479726,1.5583646297454834
1353504,757.8116350938886,500,False,0.09368602016909501,False,0.01033678924060466,1.2268424034118652
1353680,591.8016697526394,500,False,0.5626513444254548,True,0.010126687246622561,3.4781112670898438
1354656,772.2184414119068,500,False,0.07411544107398121,True,0.01009317257700264,1.2323765754699707
1355360,799.775086073122,500,False,0.25025182807607665,True,0.010034246276187821,1.775955080986023
1355600,787.2877387204751,500,False,0.042482012171020676,True,0.009957754563059815,1.0084795951843262
1355952,743.2512007383149,500,False,0.2874748080798196,True,0.009940893248883016,1.9777262210845947
1356624,732.1604069227348,500,False,0.23058577359528126,True,0.00999310754190868,1.2951552867889404
1356768,795.9806349869157,500,False,0.15947826169760598,True,0.010048129074409187,5.0189971923828125
1356784,743.8170327499628,500,False,0.19678294981550268,True,0.010114870611188112,0.9262128472328186
1356848,793.8297689774543,500,False,0.03549893708881717,False,0.010122880864765775,2.2166786193847656
1357008,710.6557386519356,500,False,0.18030862174126244,True,0.010146146245675862,1.5554019212722778
1357392,501.4748825549352,500,False,0.5191567326467003,True,0.01014359754780768,1.4259546995162964
1358144,786.4654400636391,500,False,0.02501789546198832,True,0.010107105756682465,1.3175640106201172
1358560,787.0346208498623,500,False,0.13316107167526486,True,0.010159341452334677,1.2225940227508545
1359040,758.1765852908543,500,False,0.053708010784032194,True,0.01006407105583787,1.2143478393554688
1359952,792.6880746428349,500,False,0.09200733258123782,True,0.010010457286542679,1.3093088865280151
1361504,811.5037185921188,500,False,0.1293546057366222,False,0.010037063004614653,2.2283451557159424
1361680,804.2837442443406,500,False,0.18141940636083423,True,0.009981970025589452,1.1830497980117798
1362656,764.5602945321142,500,False,0.3061649878800859,True,0.010007676016284016,5.409817695617676
1363360,795.6968213149332,500,False,0.10417425179226439,True,0.010099264092920663,1.373656153678894
1363600,794.7905384627521,500,False,0.08575576246431463,False,0.010278018252630042,1.3152129650115967
1363952,800.0355734266451,500,False,0.06014209969758011,True,0.01027633246579873,1.1290771961212158
1364624,799.4712353048005,500,False,0.14136520234171165,True,0.010178994968369177,2.1826233863830566
1364768,850.4737818645889,500,False,0.09125640569074475,True,0.01018017644381268,1.2122265100479126
1364784,777.4853831472251,500,False,0.07074402996207724,True,0.010121603941118634,1.2746317386627197
1364848,779.4625166727888,500,False,0.14018731070658097,True,0.010120211449599075,1.9585728645324707
1365008,844.3593156962546,500,False,0.09022058480482165,True,0.010106367928642859,1.1129810810089111
1365392,759.9357477513381,500,False,0.033796121857957793,True,0.010110616035281284,1.1102840900421143
1366144,756.2903960859276,500,False,0.06612381085610988,True,0.010216878642056818,1.2413654327392578
1366560,744.4212607291091,500,False,0.0652494638417283,True,0.010214000941523013,1.0443062782287598
1367040,736.4678338162698,500,False,0.10719738335985336,True,0.010226940495706943,1.6091413497924805
1367952,737.1097739346981,500,False,0.04674286714549267,False,0.010103951066483725,1.4357914924621582
1369504,771.3282255329115,500,False,0.12095783827433251,True,0.01013687923338058,1.1143536567687988
1369680,698.1281019797278,500,False,0.20403254656852748,True,0.009955101817754655,2.6447935104370117
1370656,767.2143391462902,500,False,0.03925490168532278,True,0.009949897676170875,1.1190928220748901
1371360,820.560730712023,500,False,0.15985359572614646,True,0.009956881009249071,1.8618364334106445
1371600,805.9417728930385,500,False,0.00929600215636887,True,0.009888138416059728,1.356850028038025
1371952,741.8019424163637,500,False,0.05315742702453118,True,0.009913450739584526,1.4952664375305176
1372624,691.2753568557772,500,False,0.33191959632209506,True,0.009911690558137936,1.271639108657837
1372768,730.2778901768834,500,False,0.04308654699452173,True,0.009877404532636238,1.317894458770752
1372784,696.1744385705476,500,False,0.07758263059819875,True,0.009848155685598175,4.808521270751953
1372848,820.9359049776066,500,False,0.05396010990591725,True,0.009851035229270447,1.423954963684082
1373008,819.9478742873969,500,False,0.08840422315237602,True,0.009868139050665426,1.161638855934143
1373392,726.9130776148747,500,False,0.03902719369756426,True,0.009873586068360562,1.0424823760986328
1374144,834.3394247226425,500,False,0.05875342139904383,False,0.009779797985670587,4.943368911743164
1374560,810.9758627857757,500,False,0.06531175612759418,True,0.00976382475249611,1.1144942045211792
1375040,771.9659884331281,500,False,0.11365347484084083,True,0.009708958118322434,1.3636329174041748
1375952,771.9376035267123,500,False,0.1497572486972597,False,0.0098686024515968,1.1907267570495605
1377504,760.7736241762309,500,False,0.11249560725628205,True,0.009614993843761344,1.0017075538635254
1377680,841.0789220832509,500,False,0.03713033850991573,True,0.00988506142969829,1.660868525505066
1378656,741.9862999898854,500,False,0.08258597364756176,True,0.009897172945628765,1.2118515968322754
1379360,788.1561953708757,500,False,0.061573927497932786,True,0.009777043519121037,1.5480444431304932
1379600,708.067644674303,500,False,0.29875476186630834,False,0.00965285062475509,1.3300139904022217
1379952,738.7498321460711,500,False,0.08574837969869537,True,0.009649350282321646,1.440168857574463
1380624,818.3977309234805,500,False,0.039232120465908994,True,0.009593401219701213,1.5280725955963135
1380768,787.4955834080831,500,False,0.11577934344680628,False,0.009702636538251394,1.5134916305541992
1380784,859.7056224782068,500,False,0.037389170837776785,False,0.009706768900824626,1.3077635765075684
1380848,729.979158460042,500,False,0.26396298931550904,True,0.009703710352607491,1.0012791156768799
1381008,795.430313219537,500,False,0.07926776299696256,True,0.009696544875593311,2.018922805786133
1381392,782.6108775465925,500,False,0.07052496962227243,False,0.009680857807169537,1.2461727857589722
1382144,768.6802459736153,500,False,0.04324363788701093,False,0.009696704430008606,1.3206725120544434
1382560,764.7717187795226,500,False,0.08130223500548421,True,0.009459033587367946,1.1900691986083984
1383040,701.9963296195413,500,False,0.09236667378815198,True,0.009471483891554363,1.8000879287719727
1383952,805.6675627606941,500,False,0.07105722228326246,True,0.009453642280191797,1.1891169548034668
1385504,907.9932352168514,500,False,0.05269589637296791,True,0.00963772340986193,0.9947465658187866
1385680,752.0082519794166,500,False,0.1755360601671422,True,0.00953822074540168,0.9645648002624512
1386656,785.466571200489,500,False,0.08086375651363728,True,0.009558705423775096,1.3721884489059448
1387360,837.1978408684893,500,False,0.08149198294432301,True,0.009326315786537734,1.3915151357650757
1387600,660.6892037079522,500,False,0.2388945686911975,True,0.00945506857195418,1.8427135944366455
1387952,808.486590858539,500,False,0.08827459886586016,True,0.009337284213366966,1.683281421661377
1388624,848.3752108051063,500,False,0.08345608518400334,True,0.009304751627472534,1.5413193702697754
1388768,765.3583246135171,500,False,0.1498600126995997,True,0.00923317416781437,1.0466747283935547
1388784,869.0767919301219,500,False,0.17456315219847957,True,0.0092445958669775,1.3938429355621338
1388848,769.4480039498407,500,False,0.0755662134306031,False,0.009248652770141228,1.351768136024475
1389008,811.0513117401241,500,False,0.07452446457855763,True,0.009268894330301893,1.972872018814087
1389392,840.678866055171,500,False,0.09707018817489604,True,0.009355211526330348,1.1744787693023682
1390144,797.5925988441903,500,False,0.06112026367610389,True,0.009380346562092683,1.3832097053527832
1390560,810.3769855395296,500,False,0.06163537594029833,True,0.009373486150201076,1.2374354600906372
1391040,841.2969410144337,500,False,0.06491821461128298,False,0.009347206475612562,1.3236253261566162
1391952,814.5305608422467,500,False,0.023824377871300876,True,0.009377914348001302,1.1568950414657593
1393504,773.9865438206015,500,False,0.0659329151713366,False,0.009389361793448037,1.2609684467315674
1393680,725.4470057112521,500,False,0.1921060490869414,True,0.009286806573508947,0.9347366094589233
1394656,793.2471965227602,500,False,0.15640581987119076,False,0.009253193398868537,0.967339038848877
1395360,702.277491339944,500,False,0.12767205844110222,True,0.009186112630525732,1.5878252983093262
1395600,878.2244765323577,500,False,0.03142356120841653,False,0.00944259552610568,1.1048587560653687
1395952,808.2315498938567,500,False,0.0932900141966017,True,0.00939795202936424,1.3069028854370117
1396624,858.8819212690712,500,False,0.052093791763592766,True,0.009320770940593037,1.003619909286499
1396768,658.7473464754604,500,False,0.296173078962812,True,0.009326924335840921,1.2316845655441284
1396784,752.4075495585591,500,False,0.11191410856345418,True,0.009307251097392022,1.296547770500183
1396848,802.6187854116149,500,False,0.05177786685689042,True,0.009311111446642298,1.2774786949157715
1397008,854.7444519071975,500,False,0.02706660876991347,False,0.009322060718055277,1.715118646621704
1397392,747.3884488340585,500,False,0.05948814592380037,True,0.00929825913770015,1.6186373233795166
1398144,784.7227748757051,500,False,0.040860126778252154,True,0.009350611046674026,1.1965110301971436
1398560,735.8366050367118,500,False,0.11077514053132413,True,0.009279301574788996,1.651702642440796
1399040,786.5983071424919,500,False,0.06052205620313118,False,0.009396122235300453,1.6655168533325195
1399952,854.4329168011706,500,False,0.03822664829194636,True,0.009432788827084702,1.1474907398223877
1401504,765.1143052180341,500,False,0.23818611450695687,True,0.009651083068604934,1.7142696380615234
1401680,774.4023907429713,500,False,0.1131913299367623,False,0.009563778215546033,1.4078543186187744
1402656,831.9163252375929,500,False,0.11568041396706626,False,0.009574787808248568,1.4936463832855225
1403360,741.3930018301096,500,False,0.18536530057564882,True,0.00962603432342811,1.0112653970718384
1403600,721.1572565882275,500,False,0.12782068173147446,True,0.009585487350983421,1.02721107006073
1403952,815.0133508835431,500,False,0.15412147354537092,True,0.009611090081781957,1.1491432189941406
1404624,722.5057620727505,500,False,0.019891777245258212,True,0.009695531669147401,1.1497819423675537
1404768,807.6359558431592,500,False,0.050015792825735796,False,0.009685394769855419,1.2808735370635986
1404784,663.8402039486613,500,False,0.449442227954312,True,0.009592662520630338,1.1820608377456665
1404848,740.4369939274695,500,False,0.026597222866271936,False,0.009583150529151947,1.3782920837402344
1405008,840.2432165396729,500,False,0.08598461937995873,True,0.009562913377051317,1.0276198387145996
1405392,818.489653127019,500,False,0.059587835153620074,True,0.00958040612078792,1.628811001777649
1406144,804.3470765602123,500,False,0.06847344879481397,True,0.009579508115262796,1.2005338668823242
1406560,742.4163355045753,500,False,0.0598670896078048,True,0.009661591368119957,2.29789400100708
1407040,777.6341626371424,500,False,0.21121192081999493,True,0.009678392381439511,1.4788284301757812
1407952,737.4422875120264,500,False,0.10066989201922025,True,0.009737851410659044,0.9484525322914124
1409504,778.6613805830942,500,False,0.05152996138120286,False,0.00964617928371353,1.0888985395431519
1409680,829.6069703882489,500,False,0.0748783926189232,True,0.009709104033406647,1.1238058805465698
1410656,720.3846708941635,500,False,0.10641020352911464,True,0.009697932304725604,1.1219122409820557
1411360,743.5786248264425,500,False,0.07060686555623209,True,0.009931785654914451,1.3600378036499023
1411600,730.2066190339907,500,False,0.24204167642025462,True,0.009751742627439358,1.1652500629425049
1411952,879.7822309756123,500,False,0.030699059162454845,True,0.009839210242183129,1.1260865926742554
1412624,869.9362646415739,500,False,0.04738956636458064,True,0.00985983629034758,1.5316890478134155
1412768,756.5706539781058,500,False,0.10283247453850346,False,0.00994669238275264,1.3383015394210815
1412784,756.7454523672627,500,False,0.03100563163440489,True,0.009805535753165192,0.9726423025131226
1412848,759.4162949951825,500,False,0.06964231035013878,True,0.009792975390036996,1.4447152614593506
1413008,736.2807055326147,500,False,0.061386364492993305,True,0.009727565400658292,1.0421700477600098
1413392,808.9575365249094,500,False,0.03690086329061213,False,0.009600547129456238,1.5728516578674316
1414144,704.4857131055951,500,False,0.2632624775363897,True,0.009525711505775912,1.187131404876709
1414560,798.4954632809546,500,False,0.06723429387721201,True,0.009445081281489558,2.215179681777954
1415040,860.0510252229434,500,False,0.05192720250206713,True,0.00946522684130248,2.577174663543701
1415952,784.4600612904725,500,False,0.055928197464235066,True,0.009446270691939726,1.3954732418060303
1417504,805.7299169169471,500,False,0.04654862732401163,True,0.00940197921933502,1.5517218112945557
1417680,850.7520578878537,500,False,0.07114132209028014,False,0.009230849069126058,1.1251516342163086
1418656,843.2682682953862,500,False,0.0606844722762416,True,0.009231820260584372,0.9592980146408081
1419360,770.1321430335489,500,False,0.27305144465882186,True,0.00933949970605616,0.969664454460144
1419600,760.6442360115825,500,False,0.08512848050351783,False,0.009330952138145249,0.9959391951560974
1419952,832.9484419818941,500,False,0.07913965281238713,True,0.009304199018219122,1.1305079460144043
1420624,794.3142414381995,500,False,0.0639060037243537,True,0.009264225186292052,1.5689201354980469
1420768,757.6844148454741,500,False,0.14515907700163247,False,0.00941162864967066,1.540894627571106
1420784,842.7966579752502,500,False,0.1215428200808234,True,0.009390112376218765,1.266392469406128
1420848,798.1442469898186,500,False,0.09012678758117583,False,0.009391415756999042,19.037643432617188
1421008,788.9729046618309,500,False,0.0648726012363805,False,0.009402091185685817,1.1860802173614502
1421392,816.6341453852498,500,False,0.06372254404039099,False,0.009422323117964695,1.5024170875549316
1422144,784.8679142356762,500,False,0.06861701650797064,False,0.009421828677945304,1.4963831901550293
1422560,736.9028697482771,500,False,0.3168767615138429,True,0.009286174452258933,1.0787334442138672
1423040,814.0316996258304,500,False,0.07663117251111093,True,0.009355332766996424,1.1060495376586914
1423952,784.126180298522,500,False,0.049757582295451644,True,0.009354306900345957,0.9186359643936157
1425504,661.6888067149603,500,False,0.3150931075751666,True,0.009523243026474726,1.2625703811645508
1425680,726.4417468284578,500,False,0.007743196314678693,False,0.009471971095302434,1.1050876379013062
1426656,767.2446802326143,500,False,0.07664946431521416,True,0.009470668309241629,1.0898990631103516
1427360,867.5598999072351,500,False,0.01906727638185169,True,0.009447076046891075,1.5303648710250854
1427600,799.7379468144718,500,False,0.10551182450199702,True,0.009469971151796378,3.538158416748047
1427952,556.0206654176926,500,False,0.4110253816852607,True,0.00952176471426472,1.5402642488479614
1428624,825.9554736120118,500,False,0.0025662487205887347,False,0.00947056833574754,1.2051942348480225
1428768,780.517563167719,500,False,0.06711746200705715,True,0.00946210478167494,1.5694615840911865
1428784,832.5684163725638,500,False,0.025084392058338727,False,0.009442160290245286,1.6991506814956665
1428848,763.0768495652625,500,False,0.14005307398118902,False,0.00944592734491735,1.309187889099121
1429008,850.3808781228262,500,False,0.08478969505256279,True,0.009458249350881057,1.303107738494873
1429392,728.8065458806834,500,False,0.136683036549604,True,0.009456134852006344,1.048048496246338
1430144,741.8219084427134,500,False,0.07185093245219049,True,0.009497918759236126,1.826585054397583
1430560,634.0717490257366,500,False,0.3269854332022315,True,0.009230250351810864,0.8653753995895386
1431040,823.7441079746184,500,False,0.031188185415195524,False,0.009136192745176918,1.6107056140899658
1431952,751.5710651777811,500,False,0.19601567933341477,True,0.009137661961834496,1.9511449337005615
1433504,815.073446495268,500,False,0.04629795380569886,True,0.009474229539612503,1.1261850595474243
1433680,848.8431464702451,500,False,0.06652656518898202,True,0.00919949152423203,1.5337238311767578
1434656,486.83319871921003,500,False,0.3466300711989185,True,0.009228952873688023,4.165345668792725
1435360,765.4666975488836,500,False,0.07669275297478084,False,0.009354316333951795,1.3996036052703857
1435600,819.2850527431958,500,False,0.03724126723721309,True,0.009410072324096042,1.5281680822372437
1435952,807.3822602081584,500,False,0.07136136716621669,False,0.009454891578428536,1.2896571159362793
1436624,800.0375288403912,500,False,0.09493821675242192,False,0.009439259539980226,1.2310158014297485
1436768,830.3016842866323,500,False,0.15326707544571022,True,0.009501157421253428,1.056999921798706
1436784,860.1010078946724,500,False,0.10516964649730412,False,0.009476022337122468,4.113559722900391
1436848,810.4790743267305,500,False,0.08460406983822373,True,0.009473231593474485,1.4656505584716797
1437008,873.3739024089203,500,False,0.03259158893770586,False,0.009468516284260405,1.6266515254974365
1437392,728.8067268342267,500,False,0.0662645824829495,False,0.009486351985704666,1.0778459310531616
1438144,762.8121453027685,500,False,0.08834890203406376,True,0.00944897700979341,1.3460311889648438
1438560,882.4491854904371,500,False,0.06801015557256263,True,0.009350837189497198,1.3301734924316406
1439040,806.7488500402704,500,False,0.036927417712496496,True,0.009325173868238026,1.345590353012085
1439952,800.3048018545494,500,False,0.057407413001134756,True,0.009327326024156679,1.4526410102844238
1441504,770.4622007364743,500,False,0.025591076116138946,True,0.009254756768010259,1.2202057838439941
1441680,769.0894092665975,500,False,0.08841600241480613,True,0.009292555741729899,1.0830386877059937
1442656,805.2758613454037,500,False,0.024719886952301047,True,0.009330310618973653,1.1394038200378418
1443360,832.1879863819363,500,False,0.05888171421173799,True,0.009619108343811952,1.1342947483062744
1443600,680.1960048535182,500,False,0.14973259391038451,True,0.009697879072589356,1.1764843463897705
1443952,676.9305061027735,500,False,0.18202447862378188,True,0.009609629892237511,1.127148985862732
1444624,762.361257970144,500,False,0.02665188091621613,True,0.009592724722574237,1.2473962306976318
1444768,785.6034356967806,500,False,0.04624333043205053,False,0.009490684180462153,1.5313159227371216
1444784,806.4152788417854,500,False,0.0443728394966218,False,0.009470419160446795,1.1013133525848389
1444848,591.655231517104,500,False,0.14265482868698348,True,0.009470316075840559,1.1145656108856201
1445008,866.394354991429,500,False,0.05118023633346972,False,0.009471555138743542,1.0035130977630615
1445392,762.8990680005427,500,False,0.22160462423285376,True,0.00954035394876974,1.258846402168274
1446144,777.4403944111208,500,False,0.048903935162548935,False,0.00937375514223107,1.5094879865646362
1446560,727.6565735019336,500,False,0.9129938653299615,True,0.009341581715530326,1.338097095489502
1447040,805.3330259961057,500,False,0.16291247441296916,True,0.009328533566495191,1.7792773246765137
1447952,832.6609152574555,500,False,0.045302494113314135,False,0.009416649084542525,1.393557071685791
1449504,721.7935752973608,500,False,0.31717614700972774,True,0.009451163460638018,0.9777330160140991
1449680,792.8462128145552,500,False,0.04164476197458843,True,0.009395213431421797,1.3458404541015625
1450656,859.751262376101,500,False,0.023520354406271458,True,0.009516104962021002,1.0862135887145996
1451360,828.4232846653078,500,False,0.20760214534647145,True,0.009632653841566474,1.1910080909729004
1451600,845.3240311053789,500,False,0.048895711786917005,False,0.009554604223570047,1.9942221641540527
1451952,662.6527245126962,500,False,0.30165254404279956,True,0.009552749357616014,1.5080615282058716
1452624,749.0698566760866,500,False,0.17930775947894692,True,0.009602326335625555,4.59794807434082
1452768,759.3057373421257,500,False,0.06889862540778698,False,0.009659986834568854,1.211187481880188
1452784,764.9610121799356,500,False,0.06606850446349478,True,0.009632571835375728,1.405047059059143
1452848,778.9428313059498,500,False,0.0987528141414128,True,0.009631963326303826,1.725961446762085
1453008,558.41333211041,500,False,0.17142876586601752,True,0.009630864922166336,1.382286787033081
1453392,718.4953256025249,500,False,0.10638411363661124,True,0.009635997722228331,1.3278076648712158
1454144,755.4167946069824,500,False,0.177340985092407,True,0.009622135314271226,1.0935128927230835
1454560,818.5534770530693,500,False,0.043643183433016,True,0.009530128873368337,1.347275972366333
1455040,772.9173852526686,500,False,0.020772537117194116,True,0.00950381938379222,1.7325563430786133
1455952,792.2232927686823,500,False,0.09673959550822903,True,0.009486521009176496,1.1803007125854492
1457504,723.1866978532738,500,False,0.053586244485825274,True,0.00938297068749129,1.5551221370697021
1457680,816.7887792655424,500,False,0.052822599331403104,True,0.009440473317039849,1.5313986539840698
1458656,798.1596862201663,500,False,0.0971943303092991,False,0.00936892126081299,0.9155043363571167
1459360,834.9372942713255,500,False,0.04862111585474157,False,0.009255089787623927,1.0269253253936768
1459600,836.9752771236574,500,False,0.15681727581091698,True,0.009329980420568589,1.1783647537231445
1459952,786.1010966403152,500,False,0.07917203450544427,False,0.009324074562904188,1.1089584827423096
1460624,848.6169075870105,500,False,0.03069940180902798,True,0.00937584758243858,1.0171161890029907
1460768,782.2256908553804,500,False,0.036210873312597494,False,0.009432853694753654,1.5331230163574219
1460784,811.6428330025796,500,False,0.05199539890485853,True,0.009391544842815623,3.3182730674743652
1460848,850.0267477935042,500,False,0.04472472374992495,True,0.009387204660291715,1.0960824489593506
1461008,754.4674139328773,500,False,0.06788682720956647,True,0.009398017008876958,1.3577675819396973
1461392,749.8047188517851,500,False,0.1568569279487135,True,0.009463752411716235,1.3971219062805176
1462144,835.6485436898807,500,False,0.1248058424178789,True,0.009499502429577433,1.053450584411621
1462560,777.1788885911214,500,False,0.17566352799144125,True,0.009608566397007265,2.231471061706543
1463040,764.9506030596839,500,False,0.05256087404982665,True,0.009742100053646313,1.1456382274627686
1463952,794.5273013409764,500,False,0.07197910295899008,True,0.009652163340595989,1.1776726245880127
1465504,795.7343526186232,500,False,0.04879287811414721,True,0.009465996792383798,1.1526236534118652
1465680,627.6314206791643,500,False,0.27574747838521174,True,0.009522660406687816,1.2917598485946655
1466656,787.952186989163,500,False,0.06706457447983502,True,0.009498271187361384,1.491271734237671
1467360,797.8712612263308,500,False,0.05814221360975929,True,0.009542362629532425,1.0382251739501953
1467600,779.2692361219969,500,False,0.13868537301085102,True,0.009623257868323676,1.3145179748535156
1467952,676.9773085397273,500,False,0.16532169815156283,True,0.009684523661164795,1.087641954421997
1468624,795.4116822372214,500,False,0.06049400640406479,True,0.00967951962005498,1.0152547359466553
1468768,771.7457710601568,500,False,0.137892961635574,True,0.009603544916592066,1.0532796382904053
1468784,693.8646114965123,500,False,0.17327210299471257,True,0.009530954464403883,1.210375428199768
1468848,832.2590395923147,500,False,0.023299866399526983,True,0.009529445377632655,1.4032044410705566
1469008,768.8924773219957,500,False,0.048644561827836844,False,0.009526066550838068,1.22344970703125
1469392,816.8060885435536,500,False,0.06975807159889941,True,0.009528998644403259,1.0069234371185303
1470144,821.1285386859694,500,False,0.12120917479767036,True,0.009715351224949396,1.9941797256469727
1470560,740.7032679434108,500,False,0.06751345380368882,True,0.009758901327819928,1.027808666229248
1471040,692.3948917787352,500,False,0.4790336614865794,True,0.009775581433581615,1.093153953552246
1471952,780.4416822728932,500,False,0.1441804195803347,True,0.009673239180510669,1.3156846761703491
1473504,821.8009714369537,500,False,0.05793276746658295,True,0.009609112561507689,1.7868572473526
1473680,802.6489913552074,500,False,0.04489010699861929,True,0.00988085047796568,1.1887452602386475
1474656,799.4693671126358,500,False,0.08486252672989306,True,0.009901497116908032,1.3954131603240967
1475360,775.1035063002134,500,False,0.21485539458468036,True,0.009856070812919377,2.731572151184082
1475600,747.7576889328546,500,False,0.0445937511019603,True,0.009954735316831364,1.1348774433135986
1475952,713.5374794746806,500,False,0.132439729082288,True,0.00989547814406619,1.022672176361084
1476624,714.537331157802,500,False,0.03884421486546336,True,0.009961140536033268,1.0112478733062744
1476768,781.45185556144,500,False,0.22796543811995695,True,0.009841130768548692,1.2258193492889404
1476784,800.1050287882001,500,False,0.055818867461871,True,0.009837976132174842,1.4675979614257812
1476848,867.8992871539895,500,False,0.018275136495128387,True,0.009840363934787443,1.6200330257415771
1477008,818.5440627361716,500,False,0.04218404639241077,True,0.009868400622653036,1.3922723531723022
1477392,774.7046894229204,500,False,0.015560359206719505,True,0.009892363206723875,1.3303877115249634
1478144,752.3341502859196,500,False,0.08536818988517676,True,0.009744788096817437,1.1530369520187378
1478560,799.5412495534435,500,False,0.042859872485347644,True,0.009737815419186118,1.0426222085952759
1479040,778.7281023821495,500,False,0.07048559821609474,True,0.009647793687676808,137.59539794921875
1479952,805.0635661802356,500,False,0.06261368400603812,True,0.009558829420461228,1.1001921892166138
1481504,828.4129830847069,500,False,0.16286729171563616,False,0.009431970321673672,2.0558483600616455
1481680,810.7483535148397,500,False,0.18100506209642084,True,0.00946640949579151,1.109510064125061
1482656,823.8127459716935,500,False,0.296482304801153,True,0.009434924170576732,1.3733320236206055
1483360,767.352162079153,500,False,0.25797448458776107,True,0.009448213628511528,1.235438585281372
1483600,802.6361121907659,500,False,0.11425028146433676,False,0.00960672252590513,1.1053719520568848
1483952,862.6753310914853,500,False,0.012177969824889166,True,0.009646617577427767,2.366797924041748
1484624,775.0440948000821,500,False,0.05718950325663292,True,0.009591081756400192,1.2485307455062866
1484768,804.4369160272844,500,False,0.07622923449117186,True,0.009669923016458675,1.2408230304718018
1484784,713.9544226286797,500,False,0.07737346399715792,True,0.009739093586871878,1.2827626466751099
1484848,861.7510295436806,500,False,0.03559166595863979,True,0.00974020300918842,1.1297904253005981
1485008,810.5281011234647,500,False,0.07992455879626152,True,0.009749726432284568,0.9151566028594971
1485392,643.8050172540293,500,False,0.128852094069833,True,0.009731636986921905,1.3916199207305908
1486144,772.7618853626624,500,False,0.057016394058984454,True,0.00984015715294786,1.2352266311645508
1486560,734.3237905175482,500,False,0.06496335510911824,True,0.009802165908902287,1.7525526285171509
1487040,668.1457763549621,500,False,0.2075468347194259,True,0.00989887208005859,1.4246937036514282
1487952,853.1815848245581,500,False,0.049403582903772905,True,0.00990181869078034,1.3411450386047363
1489504,810.6756673260368,500,False,0.047507580782862845,False,0.009962218891450674,1.418872594833374
1489680,823.8722447659071,500,False,0.05744832138636987,True,0.009832726984527085,1.1958073377609253
1490656,875.1449537214837,500,False,0.05200847002038871,True,0.00991230384920089,1.3777868747711182
1491360,767.3278335584315,500,False,0.059831851769379815,True,0.009665911126363806,1.395645022392273
1491600,816.8295522979612,500,False,0.04619095569617299,False,0.009463670229075724,1.4040268659591675
1491952,863.623207767611,500,False,0.0928933510999715,True,0.009407043615565524,1.3972694873809814
1492624,746.1880488065623,500,False,0.2243095083816403,True,0.009567111305064881,1.2777743339538574
1492768,829.9494847045286,500,False,0.055137767000498245,False,0.009637574583112306,1.3110243082046509
1492784,770.5922290122527,500,False,0.16663312978939562,True,0.009582778260875576,1.1929669380187988
1492848,800.5835363980736,500,False,0.020069270815086023,False,0.009579331612913173,1.4730724096298218
1493008,887.7514599398618,500,False,0.03507489662690515,True,0.009556851922547545,1.170569896697998
1493392,817.0936679300256,500,False,0.06882932675284496,True,0.009578417537779653,1.3173474073410034
1494144,794.3838267376032,500,False,0.09843852653643642,True,0.00956867930679258,1.2011675834655762
1494560,807.8128369894226,500,False,0.13643621969996725,True,0.009565178177203273,1.137829303741455
1495040,757.2967203300105,500,False,0.17847026306655822,True,0.009607859773132981,0.9955439567565918
1495952,781.51205445649,500,False,0.04197681917364887,True,0.009496390967970204,1.080442190170288
1497504,814.542835984875,500,False,0.0746633162086479,True,0.00957158414344035,2.060655117034912
1497680,820.9165058601578,500,False,0.08782883989868265,True,0.009520416663730403,0.9266605377197266
1498656,735.243554121682,500,False,0.10628582879790804,False,0.009436664783992,1.8852596282958984
1499360,817.8600312954012,500,False,0.04189173798482214,True,0.00930009747419417,0.9349924325942993
1499600,801.1567171271877,500,False,0.03828260225594536,True,0.009265179838685317,1.291453242301941
1499952,740.8433251739789,500,False,0.0982167915972189,True,0.009344689053275177,1.075762152671814
