step,return,length,crashed,final_dist,had_event,alpha,loss_q
1008,3.277361206403775,63,True,1.8364350755362049,False,,
1136,-3.432684230302634,71,True,6.003676276391074,False,,
1168,-1.8793156842624654,73,True,6.146232958673232,False,,
1264,26.01319698693529,79,True,6.037503844860518,False,,
1280,13.874944397220043,80,True,1.9743938261705396,False,,
1392,4.558969203777805,87,True,6.125193305628146,False,,
1408,-3.5848150462989388,88,True,6.060047725415839,False,,
1472,4.030305688260835,92,True,6.054692957912833,False,,
1616,7.441410692299556,101,True,6.2032094553195725,False,,
1632,-1.0000834721174758,102,True,6.0437218309487895,False,,
1696,12.82905493744566,106,True,6.087662478172509,False,,
1712,5.648644791976885,107,True,6.0002486118467715,False,,
1712,64.08549965711026,107,True,4.302563243697257,False,,
1776,32.88426384825748,111,True,6.160818965203621,False,,
1936,4.792966231596052,121,True,6.075882294179521,False,,
2112,-2.664399894629163,59,True,6.123101253794651,False,,
2128,32.315671327372556,133,True,6.010345276534011,False,,
2176,9.826716267318414,48,True,2.625431143866154,False,,
2304,-14.930829557347447,64,True,6.116280233195081,False,,
2656,2.3499112941207407,74,True,5.802751416177247,False,,
2928,-1.3279541668898336,112,True,6.075952642342833,False,,
2960,14.341346160388543,122,True,6.042245404801458,False,,
2992,3.336949643566486,81,True,6.02393774391196,False,,
3008,16.54229287757041,87,True,6.178759262421429,False,,
3008,3.4073201966699234,101,True,5.6927108424168305,False,,
3056,3.491854722224666,112,True,6.02752078183751,False,,
3216,-0.15604572117191395,90,True,6.03427994995585,False,,
3216,8.791816697927175,94,True,6.108530406487425,False,,
3344,4.771391231420088,77,True,6.026326926407131,False,,
3424,1.3795561854562521,78,True,3.2275478235412423,False,,
3472,-26.043850416377964,110,True,6.116725448384298,False,,
3760,9.160259872951821,91,True,6.084071258831865,False,,
3776,20.745537938513255,134,True,6.025958615610429,True,,
3872,-4.696759074872713,76,True,6.088066963293665,False,,
3920,20.650291462377247,112,True,5.1565227528515685,False,,
4048,-3.0622097829662707,70,True,6.045377830091071,False,,
4112,-6.855260764628948,69,True,6.1264156578412505,False,,
4144,-2.484287447291198,74,True,5.0443030158317095,False,,
4160,2.4897177316070795,69,True,6.016057031452402,False,,
4240,17.43394533157567,144,True,0.800304009448636,False,,
4384,10.953156900433227,87,True,6.034989981188855,False,,
4496,27.513605290971064,93,True,5.57196810408735,False,,
4528,-6.729336267192362,82,True,6.127867246222791,True,,
4560,-13.18475989061091,84,True,6.084560468405522,False,,
4608,3.7716002203794705,74,True,6.042938769348969,False,,
4880,-13.118796994726473,88,True,6.084474648875269,False,,
5152,9.786102027596714,113,True,6.091275549144423,False,,
5248,-5.3634935303565126,75,True,5.428420937363362,False,,
5424,5.880029228219751,80,True,6.052490949001646,False,,
5424,27.038783483255116,103,True,6.057983048223094,False,,
5472,4.404394497163581,68,True,3.538757577847282,False,,
5488,1.1642252064102205,78,True,6.094120565390318,False,,
5840,-14.080315120056714,77,True,6.143338519256029,False,,
5968,-3.6340963234605175,92,True,6.008008842424265,False,,
6000,-10.900784520965034,140,True,6.04110138363203,False,,
6048,10.45297578235358,133,True,6.025603249417753,False,,
6208,-2.715729492551798,131,True,6.086764224935995,False,,
6272,1.7089259582081713,87,True,6.073299154565341,False,,
6480,41.8531456266003,145,True,6.035031715109872,False,,
6608,70.19831850942049,128,True,5.056082370442242,True,,
6640,27.479288426254815,132,True,6.08506115802647,False,,
6704,0.9434260714919187,80,True,4.526039578499149,False,,
6800,14.987849964123804,86,True,3.427941411619978,False,,
7040,21.62133104345713,198,True,6.014706005776029,False,,
7104,-6.779054412619844,101,True,6.049050702294988,False,,
7232,17.489034373754045,124,True,6.069581180038101,False,,
7280,4.10759614870469,67,True,6.093537371599263,False,,
7296,10.568031742633814,83,True,6.0535818482641375,False,,
7312,-11.633585085390958,115,True,6.067411008436235,False,,
7408,23.485194136922445,71,True,2.3813638786733318,False,,
7408,21.763943148992084,98,True,6.032064294459604,False,,
7472,56.076150318787285,145,True,6.055102316419993,False,,
7488,-11.416896579367886,93,True,6.018188915663615,False,,
7664,0.14525578586574994,101,True,6.093231416463957,False,,
7856,-13.783529332518704,78,True,6.004164484516629,False,,
7984,12.051803371612708,84,True,6.063389134969845,False,,
8032,-8.255866566446548,83,True,6.021298818693072,False,,
8096,19.97757744350429,101,True,6.08069767257888,False,,
8352,2.6991539214150446,97,True,6.128554309848244,False,,
8432,-15.295782232711126,64,True,6.057653606192305,False,,
8512,-2.639003021363834,77,True,6.171138606089571,False,,
8544,-2.7385518702273357,90,True,6.097918838722232,False,,
8576,0.036838718029686746,69,True,6.091298870002271,False,,
8576,2.9309891371029604,96,True,6.006704535606927,False,,
8592,7.200610002132109,81,True,6.135936778361268,False,,
8720,14.909044539157355,77,True,2.3837484680804826,False,,
8832,21.227099944404834,95,True,6.054972322491137,False,,
8880,6.609739538258237,76,True,6.102030963839163,False,,
9168,-3.9942526683624138,121,True,6.038005284602422,False,,
9296,1.7405345015115081,82,True,6.002269650185942,False,,
9488,12.922274137690707,102,True,6.078074970633483,False,,
9568,-11.107796604307163,71,True,6.036630037321722,False,,
9760,15.806594735483626,104,True,6.056553905575611,False,,
9808,8.82027632318458,150,True,6.163726656262683,False,,
9824,25.00527553610483,69,True,5.0176466013866685,False,,
10016,-9.67420044518959,89,True,6.014220238118565,False,,
10016,-8.32292963718253,71,True,6.008689873412221,False,,
10032,-10.012708938449373,95,True,6.100816637760809,False,0.19970019646965334,4.3275837898254395
10112,-11.899674188227761,96,True,6.031910605184171,False,0.19946063187428384,0.5908392071723938
10208,-20.813404767507812,136,True,6.121393075495867,False,0.19826657118435725,2.0496604442596436
10288,20.95838923128923,109,True,3.096102902384004,False,0.1968434998629717,0.27081865072250366
10320,-15.528949900562939,123,True,4.4650430237652605,False,0.19566602650948478,1.80470871925354
10448,0.28663015647513035,101,True,6.095705558581877,False,0.19519685496929573,1.6276042461395264
10512,-4.212918190393636,84,True,6.176164460274359,False,0.19333214977154053,1.5496670007705688
10736,11.677476882651192,135,True,6.041773295353505,False,0.1924066326314924,2.395341634750366
10896,4.919838371071913,88,True,6.005546550790938,False,0.18920443880197804,1.5439317226409912
10896,-6.795289899470108,83,True,6.070338796607687,False,0.18920443880197804,1.5439317226409912
10992,16.288506875645616,77,True,4.472796350460057,False,0.18695118031784963,0.8861943483352661
11232,0.045912842709078916,76,True,6.140406901802851,False,0.1856133570187648,1.6468876600265503
11296,17.107528332063584,80,True,6.1417992993166814,False,0.18231817161720384,1.3686496019363403
11344,-11.733932624240389,77,True,6.074471246883275,False,0.18145083967235995,2.792173385620117
11408,22.031557117805598,75,True,6.131933963060326,False,0.18080260803985834,0.18239539861679077
11440,-5.583331453000909,134,True,6.050273081355107,False,0.17994155267282425,3.841437816619873
11456,-2.570632610598759,103,True,6.080572678975446,False,0.17951300468147507,1.5603811740875244
11552,-9.686099372102627,108,True,6.160211497167353,False,0.17929915459575516,0.146868035197258
11648,-4.8376705519449406,83,True,6.1028058658856,False,0.17802203863129473,0.5884296894073486
11680,13.311149080299083,103,True,6.0323809321147,False,0.17675342764722862,2.4830007553100586
11808,0.1888495054324224,95,True,6.026789863709597,False,0.1763330859590568,0.631557822227478
11824,-5.679519852787962,86,True,6.105944836716767,False,0.17465854470796952,2.7432782649993896
12128,3.3854825786297713,87,True,6.145220836219454,False,0.1744503032961255,2.4634346961975098
12384,11.222719905665793,93,True,4.69390537560603,False,0.17054740990337194,1.9279215335845947
12512,11.266026236484548,95,True,6.070957105388408,False,0.16732444571139443,2.1684160232543945
12560,-8.336809841432261,72,True,5.995056611983249,False,0.16574297722683579,0.6022390127182007
12784,10.304451652346824,118,True,6.06775056200897,True,0.16515329310379315,2.024446487426758
12784,-0.731073387784809,83,True,6.0648720391762465,False,0.16515329310379315,2.024446487426758
12816,21.561574542696178,79,True,6.105420992689267,False,0.16243561499755585,0.4740571081638336
12864,-12.635684209576395,66,True,6.122226107916291,False,0.16204973978818124,1.2201485633850098
12864,26.814560562438576,147,True,6.065124891020363,False,0.16204973978818124,1.2201485633850098
12880,-10.936853111509876,96,True,6.009082006948882,False,0.16147311826065455,1.0974924564361572
12976,0.5357376942809164,105,True,6.027204906136052,False,0.16128178992421766,0.9740731716156006
13040,36.100222293812905,113,True,6.011298405194933,False,0.1601392378461157,0.5584748983383179
13232,19.196507615854728,112,True,6.063339708529697,False,0.15938161920726057,1.0169833898544312
13344,7.866345898223964,104,True,6.022560127205576,False,0.15713492224722267,2.6020402908325195
13344,-15.760881721422036,106,True,6.089936102008687,False,0.15713492224722267,2.6020402908325195
13376,-9.14217286045888,78,True,6.009499381587556,False,0.15584164772954473,1.214642882347107
13568,14.60823543661978,109,True,6.046611020662534,False,0.15547401016089066,0.9613889455795288
13696,-5.392223123740846,82,True,6.006103063229203,False,0.15328979173314522,0.6267125606536865
13776,-4.018418379950462,76,True,6.007701117009039,False,0.1518474440450937,1.2704567909240723
13808,-14.107140806324972,81,True,6.061529675042275,False,0.15095570423172816,0.513870358467102
13872,-15.3154528817333,62,True,6.071741772416822,False,0.15060082700338975,0.4429159462451935
13920,-6.719712718430875,71,True,6.073084505766891,False,0.14988999631165126,0.8488260507583618
14032,-0.8905563105976295,78,True,6.161937902629347,False,0.1493596126527161,1.4698148965835571
14160,0.12590674450127004,84,True,6.075245897826705,False,0.14813950174073165,1.0186262130737305
14192,-7.2750766457351,83,True,6.098204489295033,False,0.14674741083882947,0.4085216522216797
14240,-8.6096575867623,75,True,6.119660922279374,False,0.14640126949240018,1.2194814682006836
14400,6.173884087333898,73,True,4.069970603758955,False,0.1458874111955554,1.2813113927841187
14512,19.57894087219892,103,True,6.15654254753744,True,0.14418898593711957,0.3464508056640625
14768,-6.9792046991759324,89,True,6.088246998537444,False,0.14301317900284347,0.4934636354446411
14816,16.975755151848453,56,True,2.4491310412026674,False,0.14035566350651782,1.1005980968475342
14816,-13.244770286099161,78,True,6.0412807004631,False,0.14035566350651782,1.1005980968475342
14880,13.468453963711461,119,True,6.041242136174383,False,0.1398633177173283,1.38089919090271
15072,-1.9686219324825505,79,True,6.140987481746605,False,0.13920985623719323,0.9029170274734497
15136,-12.21842519966805,79,True,6.112007720359421,False,0.1372632115112848,0.5372047424316406
15184,48.426566124693366,88,True,4.280275762680214,False,0.13662237026829924,0.17998984456062317
15376,17.84987175613389,127,True,6.044214768934108,False,0.13614269071615936,0.9518293142318726
15440,27.018514648914604,109,True,6.026130749652313,False,0.13424262383244104,0.5156325101852417
15504,15.4985903715535,82,True,5.387446460182212,False,0.13361429365344965,0.1650899350643158
15616,-6.147263021375012,53,True,4.930397857826798,False,0.132988989298867,0.7019619345664978
15632,-8.40571499686132,77,True,6.012350125072364,False,0.1319028133186946,0.5219247341156006
15632,35.121656041129846,87,True,6.022250411598642,False,0.1319028133186946,0.5219247341156006
15792,12.035970781003503,102,True,6.018147260280017,False,0.13174837451909696,0.33110299706459045
15968,6.780657268640271,72,True,4.928585658396771,False,0.1302171661526891,0.49022892117500305
16048,18.00199675084454,96,True,6.077078005729208,False,0.12855675018491977,0.14971713721752167
16112,35.68867369516864,171,True,6.026953960343711,False,0.12780817014683138,0.25868701934814453
16224,11.45032705247897,137,True,6.016359052719133,True,0.12721205318104686,1.3749051094055176
16336,12.47893706974808,60,True,4.298627038870404,False,0.12617522605289333,0.7631885409355164
16352,-9.205968831513694,96,True,6.060093728748171,False,0.12515092838412226,0.2821827530860901
16400,9.805399363928345,48,True,2.2975692521580107,False,0.12500519273412622,0.20748203992843628
16656,2.2873773019052166,111,True,6.1291579141484585,True,0.12456784357005411,0.5116273164749146
16672,22.71196566077436,93,True,6.060192934076083,True,0.12226140961990083,0.41340118646621704
16816,16.594402233436526,105,True,6.06728639005047,False,0.12212033971307205,0.2526467442512512
16848,28.555032203120724,111,True,6.026332486408591,False,0.12085230423480194,0.8593239784240723
16928,13.538626159312486,89,True,6.010477497314309,False,0.12057278616716655,0.34339550137519836
17072,27.766296810104315,80,True,6.05760994744867,False,0.11987232951039446,0.5280226469039917
17168,13.137794541327578,96,True,6.159104770195255,False,0.11862477444180843,0.16759532690048218
17200,11.82069342629824,99,True,4.411128964681164,False,0.11780119971247671,0.34598734974861145
17296,5.263651592560771,83,True,6.110067501169626,False,0.11752849857619077,1.195340871810913
17296,2.3393127570774244,56,True,4.0703083976725,False,0.11752849857619077,1.195340871810913
17552,-1.8885408237520949,90,True,6.054367282626384,False,0.11671355889345049,0.29029420018196106
17696,0.0030976667385793633,84,True,6.142145218244365,False,0.11457600363735013,0.436251163482666
17712,-10.082363514263998,86,True,6.007759217657677,False,0.1133958140623056,0.16798773407936096
18048,12.564219921271558,77,True,6.075510667920567,False,0.11326461993812306,0.1850627213716507
18080,4.738492492378569,49,True,2.863950644679826,False,0.11054843283845707,0.17325922846794128
18128,-3.7347623979413784,119,True,6.0873518018554815,False,0.11029457725865827,0.3416021466255188
18144,8.685037498721968,131,True,6.030869762159767,False,0.10991295931420612,0.3737308084964752
18272,6.888621411060532,100,True,6.009457682861665,False,0.10978577364646028,0.4926888644695282
18336,0.39147838083290054,105,True,6.044150409590606,False,0.10877697626405457,0.8258132338523865
18448,5.972900365547341,95,True,6.125868969600485,False,0.10827417525734312,0.17103919386863708
18576,69.17505536756597,108,True,6.028903704310896,False,0.10739791026663843,1.2151463031768799
18608,-35.86901590054933,198,True,6.015345208346627,False,0.10640160834563944,0.1556517779827118
18640,2.621817247020724,92,True,6.101691454013918,False,0.1061555438143317,0.16130506992340088
18880,-4.942568876479541,74,True,6.166330364803588,False,0.10591058358584161,0.17534448206424713
18896,-1.4722334739985108,74,True,6.011976553550484,False,0.10408991608936714,0.24873587489128113
18912,0.7057991166962676,85,True,6.057744406646613,False,0.10396959429516027,0.7837849259376526
18992,2.0065996126344796,120,True,6.104062353703016,True,0.10384908854969947,0.19597098231315613
18992,44.01191240639193,112,True,6.019820421741126,False,0.10384908854969947,0.19597098231315613
19008,-17.551325804590043,107,True,6.024475367679997,False,0.10325161303053189,0.20685315132141113
19152,10.795792027312016,67,True,6.11333352896958,False,0.10313281362659565,0.17695492506027222
19184,-4.952490059064796,71,True,6.026915880079643,False,0.10206361551285713,0.3366948366165161
19472,-7.265413813930377,83,True,6.206530112564695,False,0.10182681829773475,0.35338348150253296
19936,7.820948608843702,100,True,6.012155231842203,False,0.09972291764000431,0.2207450270652771
19984,5.743612445202924,107,True,6.105961581611214,True,0.09645181091499111,0.3247930705547333
20000,-7.834211275379351,87,True,6.150484813026576,False,0.09612099956621743,0.1949414312839508
20016,24.860998687650685,90,True,3.8706590333840394,False,0.09601032219900131,0.16914543509483337
20032,-10.072365477470608,72,True,6.0683871016069055,False,0.09589994035892743,0.137368306517601
20048,0.5487486824794718,100,True,6.053744990518436,False,0.09578993548623899,0.16066890954971313
20096,3.117400609412737,91,True,6.121626909216245,False,0.0956806827396056,0.15841904282569885
20320,-7.006218016838842,83,True,6.060961835935139,False,0.09535466680097138,0.301858127117157
20320,2.5286743135302476,89,True,6.061758356624855,False,0.09535466680097138,0.301858127117157
20368,-11.86999716428953,74,True,6.031324735632307,False,0.09383581474774023,0.23359185457229614
20496,-9.877585129241123,93,True,6.053006712888899,False,0.0935152601446362,0.20640765130519867
20784,10.470359427154811,53,True,2.8977412265599862,False,0.09265899806941973,0.15483686327934265
20848,18.940394319468616,106,True,6.120417246817603,False,0.09076653324196508,0.19594675302505493
20976,-10.62578808313143,94,True,6.036441599240437,True,0.0903511565829949,0.28884410858154297
21136,94.57009039579383,188,True,2.5319588064573217,False,0.08952871454152547,0.31656867265701294
21152,55.44112472665839,140,True,6.072246784910481,False,0.08850821915447331,0.16411972045898438
21360,7.1514651566718666,62,True,2.948337330861416,False,0.08840728942114501,0.20287799835205078
21424,21.362930575758575,86,True,3.62657131498434,False,0.08709815189775011,0.21065762639045715
21584,12.7008971853073,93,True,5.108514760023273,False,0.08670081176364507,0.2827940881252289
22000,63.68771375479101,105,True,1.8410954943923261,False,0.08572132028026581,0.18955281376838684
22208,50.57156092405951,136,True,3.259004296132917,True,0.08322150000793427,0.1666325330734253
22224,1.885071960341783,140,True,6.010008050580134,False,0.08199064803439927,0.16494213044643402
22272,51.079254204036296,122,True,2.3124732704677875,False,0.08189718795912072,0.27831220626831055
22464,34.92945160208607,153,True,6.056474178105919,False,0.0816200646504101,0.34927546977996826
22656,34.665215060638275,105,True,2.3015479267122005,False,0.08051358288578941,0.28948283195495605
22720,14.214777452743297,139,True,5.395411923134475,True,0.07942481132618262,0.13945317268371582
22832,39.11983198181617,177,True,6.131075700279296,False,0.07906415280598834,0.19225630164146423
23152,8.424052484103564,98,True,6.0897636665835195,False,0.07843918105611242,3.2466583251953125
23296,33.33009790363856,117,True,6.080613136306905,False,0.07668386116890201,1.6520023345947266
23664,10.537156165979376,87,True,1.8438912445057207,False,0.07590829279245807,0.1812419593334198
23696,-10.550774063370708,65,True,6.044149449856304,False,0.07394448745580944,1.1538622379302979
23760,66.43331195884983,164,True,6.045544417729251,True,0.07377673007871026,0.25566837191581726
24000,21.65517463331871,96,True,1.9190473675745803,False,0.07344442960719157,1.7325928211212158
24112,-2.13963021687994,132,True,4.67926354336863,True,0.0722046214412391,0.1402919590473175
24176,5.083855406734912,123,True,6.063801674231959,True,0.07163029939269602,0.1699967235326767
24288,4.998388748953401,215,True,6.088443884356083,True,0.07130207114160662,0.31319329142570496
24624,43.49152889986752,352,True,6.014923212843496,False,0.0707389368010534,0.17082546651363373
25056,59.58878659642041,231,True,4.889618560371919,True,0.06907713330263923,0.16488534212112427
25120,7.620117040123617,271,True,6.016023377830476,False,0.06699305021312615,0.22180454432964325
25168,31.34846102712101,184,True,6.020741176567772,True,0.0666882775196158,0.21785390377044678
25584,36.34583139150514,277,True,6.003034970045726,False,0.06646397116858337,0.2314935177564621
25888,-0.44455538654054827,111,True,5.783527332539095,False,0.06453624445039953,1.314195990562439
26112,-2.760879180680604,176,True,6.070440829388536,False,0.06317591925633283,0.17386725544929504
26192,33.01246444955379,137,True,6.038555602168292,False,0.06217934017951358,0.16164115071296692
26352,30.34432329866548,136,True,6.0374580433226575,False,0.06182736008442692,0.24523286521434784
26400,43.51411586917922,230,True,6.057958441684716,False,0.06113524341105443,1.0701850652694702
26528,26.946714284619723,231,True,6.012841877373423,False,0.06093034472695444,0.2080579549074173
26672,9.870477418404997,128,True,6.014135336213649,False,0.06038283160384926,0.35099852085113525
27920,12.296940312302935,127,True,6.0999797322336,False,0.05977339732357971,0.16926123201847076
28064,118.21989310194951,307,True,6.038596752764572,True,0.05478570930035824,0.2662786841392517
28112,38.81380394771073,191,True,6.021493971870167,False,0.054238362834384365,0.24833986163139343
28304,16.656580632189176,122,True,6.027508861288895,False,0.05405546815224392,0.24679815769195557
28336,117.38102636308679,253,True,6.04388675908433,False,0.053342784930091744,1.426469087600708
28832,39.80499418538462,203,True,2.8211142605152295,True,0.05322481283835473,0.15181618928909302
29888,129.7091380681005,389,True,6.041639042391971,True,0.051429808116159784,0.2760554552078247
30288,39.79189306635659,256,True,6.048877922874885,False,0.0478196676700209,0.49139800667762756
30416,126.85463290686639,328,True,6.01241117604924,True,0.046531499071709004,0.38601306080818176
30688,28.739607899802344,147,True,6.025805954674777,False,0.04612244152812191,0.17486810684204102
30720,68.22638076847385,288,True,6.004242170121818,True,0.045269224716718855,0.25194209814071655
30832,214.5510567627697,446,True,5.594370782728921,True,0.04516974621017576,0.80853271484375
30992,30.803978510884214,279,True,6.001738457026041,False,0.04482777181147159,0.2866043448448181
31024,19.86028822866679,194,True,6.005847690032252,False,0.04433882044214774,0.26846134662628174
31312,62.4831234415231,200,True,6.0021941170179645,True,0.04424047225708455,0.3878813683986664
31696,15.690175053770337,331,True,6.089999318097025,True,0.043370451216167956,0.21306940913200378
31760,62.81001042432929,318,True,6.018025575862791,False,0.04225343951428932,0.26827049255371094
31760,170.02147636311543,500,False,2.7789935768851466,True,0.04225343951428932,0.26827049255371094
32336,36.12698769135907,267,True,6.064128286612271,False,0.04207340842344862,0.37369805574417114
32576,24.55739094249709,109,True,4.011349403121539,True,0.04045918391819052,0.29491591453552246
32992,114.95628045853421,492,True,6.007557795428796,True,0.039816521891917284,0.3822154998779297
33872,40.29055279614077,216,True,6.053511212068837,True,0.03872113443522544,0.3915903866291046
34192,107.76633429284631,198,True,4.493444885627183,True,0.03651901712063663,0.45092737674713135
34944,129.17568398920736,266,True,2.9195043645123184,True,0.03575468180014618,0.2017001509666443
35440,116.99163931313484,278,True,6.01013487759874,True,0.03401725665558265,0.2334933876991272
36304,251.0296410315188,500,False,0.6824420225460488,False,0.03292496800166097,0.28690505027770996
36432,12.995458030077886,292,True,6.004560498435828,False,0.03109894987425638,0.21475255489349365
36832,290.7373994693046,500,False,1.576846830639686,True,0.03083991320719552,0.6848269701004028
36896,188.33320478812945,413,True,6.009859888921925,True,0.030044764244740924,0.1760053038597107
37424,146.8466093203479,318,True,3.1136031731968585,True,0.029917300606679176,0.25073957443237305
37744,214.35831665103723,491,True,6.004715416347857,True,0.02890694729668671,0.36829936504364014
37952,68.13929110908398,235,True,6.0359751277377445,True,0.028318779234195353,0.8172340393066406
37984,37.18715757579144,97,True,1.8853778374905144,True,0.027945244380258,0.34799888730049133
38128,92.9179891181173,426,True,4.268536170479749,True,0.027887894188695715,0.24508914351463318
38720,252.84878895121136,500,False,2.1593671163748316,True,0.02762592980723298,0.5600090026855469
39648,249.14266210503268,416,True,2.44882077801857,True,0.02658650403639785,0.35082581639289856
39696,210.5075368486886,500,False,1.4057376598465656,False,0.025065690928436805,0.27213340997695923
39728,125.53914076356055,214,True,6.04540906688262,True,0.024989477041994973,0.23734720051288605
39760,244.18369257203565,500,False,0.9029513058604502,False,0.024937507509254126,0.3461638391017914
40576,467.61638119559206,500,False,0.4389177041993032,True,0.024884553491949218,1.1149400472640991
41872,349.9179563584968,500,False,0.40439717879181664,True,0.023630443577155397,0.33456844091415405
42944,344.98310605801123,500,False,1.5016645721787336,True,0.021802701269938746,0.4232948422431946
43440,270.7712708480152,500,False,1.070016298996539,True,0.020409284639129006,0.294316828250885
44832,332.7315757810411,500,False,3.6680567155916357,True,0.0198102820425534,0.4496714174747467
44896,292.8031940885844,500,False,0.8691422022584904,True,0.018243275730212834,0.28478139638900757
45424,383.948901930376,500,False,0.3940922331600836,True,0.018175760322797385,0.3019588887691498
45744,206.85247548550714,500,False,2.5522535438928786,True,0.017630915392978338,0.44799333810806274
45952,381.69847725221445,500,False,0.6958949640831441,True,0.0173116784934435,0.44368743896484375
45984,417.0713692955468,500,False,0.654124180706312,True,0.017104511286657475,0.3380962610244751
46128,489.0898957713875,500,False,0.49573391712029935,False,0.01707374268533608,0.41363081336021423
46720,441.6250666525383,500,False,0.6612385987545055,True,0.01693677902667312,0.4231511950492859
46992,255.676580601956,459,True,2.3681110698668064,True,0.01639870073735259,0.3011739253997803
47136,185.32649524964995,262,True,0.830214665677119,True,0.016158670815769077,0.4111136794090271
47696,458.345856715595,500,False,0.244787171530042,False,0.016029610025097313,0.39513447880744934
47728,511.83223558496695,500,False,0.4672149490839764,True,0.015535501459601872,0.35355842113494873
47760,355.39850746131725,500,False,0.5986856071591617,True,0.01550976640699335,0.25365644693374634
48576,430.8072536852789,500,False,0.20202418554491153,False,0.015484487356417673,0.34334465861320496
48656,73.83425793884345,121,True,0.5566634708770517,True,0.01482576342896053,0.30131593346595764
49872,454.9322609795515,500,False,0.6043956507679655,False,0.014764983920796481,0.2865642011165619
51440,490.6169360547799,500,False,0.1420843178438706,True,0.013778252186430856,0.2491465061903
52832,675.6892887262179,500,False,0.2248926948674144,True,0.012900551358390237,0.6007023453712463
52896,582.5033199565537,500,False,0.11658859727686713,False,0.01213584403238921,0.33152589201927185
53424,501.7457785496607,500,False,1.5092903053069475,True,0.012101770716591137,0.32541516423225403
53744,632.152762129238,500,False,0.12309953874510744,True,0.011838032468277707,0.33983322978019714
53952,585.8937768775246,500,False,0.23296484094317207,False,0.01169749797555247,0.3124315142631531
53984,646.4575506241194,500,False,0.20489313911047854,False,0.011600391166419512,0.50545334815979
54128,656.0041564629324,500,False,0.1729051806131755,True,0.01158441404386309,0.40266817808151245
54384,292.36165121047503,416,True,3.3790842795672247,True,0.011514756413706,0.6889842748641968
54992,697.3531111835564,500,False,0.10198279998858718,True,0.011406817919649672,0.3924390971660614
55136,645.077726609459,500,False,0.11122377107722005,True,0.011147915537652752,0.42167890071868896
55696,652.836717298915,500,False,0.08807286801726395,True,0.011099822715487633,0.4389922022819519
55760,739.7743764322802,500,False,0.04820567087355377,False,0.010876576445641556,0.34437718987464905
56576,637.0239195786062,500,False,0.2929825709302803,True,0.010851326136567889,0.34161853790283203
56656,605.3021481486331,500,False,0.30156664877370265,True,0.010522206314719836,0.41344964504241943
56720,128.9554184339141,186,True,6.046741453612538,True,0.010492122678950347,0.8176923990249634
57872,672.8457099084754,500,False,0.1163726432577819,False,0.010465171424618122,0.549361526966095
58864,82.23348218212143,138,True,2.4071518192157875,True,0.010083971705228614,0.4521556496620178
59440,855.1439114964592,500,False,0.10436858523593515,True,0.009822210120741172,0.5556552410125732
60832,658.1276264205615,500,False,0.027371083859564112,True,0.009676501171090963,0.44995665550231934
60896,671.3156183122805,500,False,0.29462075137799704,True,0.009461768132516951,0.5750595331192017
61312,452.4827653443501,386,True,2.4742758834677896,True,0.00945761882728739,0.6972298622131348
61424,772.1086623277829,500,False,0.07609919956628418,True,0.009394613479532367,0.6312627792358398
61952,718.8326667599483,500,False,0.11338149872811083,False,0.009380109315100879,0.640328586101532
61984,675.4364852530687,500,False,0.10009182615215591,True,0.009319525531359226,0.5530455112457275
62128,367.62602396583065,500,False,2.9479306471089815,True,0.009316349011757772,0.49338269233703613
62384,664.7706652648458,500,False,0.282964848067281,False,0.009305028268900676,0.5286017656326294
62560,448.2518643116126,425,True,6.045717066358329,True,0.009284000201039774,0.5284057855606079
62992,520.6812732510161,500,False,2.7677723788889685,True,0.009286146902769856,0.7011593580245972
63696,646.929585974664,500,False,0.3499725543356325,False,0.00925288390310311,0.5862973928451538
64384,157.05535652613494,185,True,2.9330361237520655,True,0.009243063628990654,0.5155863761901855
64576,735.7927747377021,500,False,0.13924782717319564,True,0.0092547870955415,0.53615802526474
64720,708.4398289378147,500,False,0.1952936707181963,True,0.009258502189617017,0.6374154686927795
65328,220.59891401187988,184,True,1.5145637452277971,True,0.00927323104049007,0.788554310798645
65872,801.5434924574777,500,False,0.06450637698417305,True,0.00933784975512952,0.6776137351989746
66480,260.6800814798338,283,True,1.5364377505375544,True,0.009440514789525034,0.768174409866333
66720,174.33632883158603,134,True,1.6261050145988285,True,0.009489120881964033,0.5505290031433105
66864,815.7404355241015,500,False,0.0509119417655298,True,0.009522127831879272,0.5954205989837646
67440,685.1525152695706,500,False,0.1684250419735769,True,0.00957324073530672,0.885932445526123
68592,266.24202891338456,481,True,3.7790356482655496,True,0.009718236299254423,0.6538933515548706
68832,495.22707103326485,500,False,2.314718436599117,True,0.010074415166808477,0.9640009999275208
69312,751.1998673731969,500,False,0.12678130972097068,True,0.010189322170524609,0.7454221844673157
69504,319.67108015834276,299,True,1.798077433562375,True,0.010323942752221607,1.0088162422180176
69984,465.99124374378084,500,False,2.2458278854684393,True,0.010352532912476002,0.668777346611023
70128,788.4485670236571,500,False,0.02332066052681827,False,0.010455236358726177,0.7062156796455383
70528,226.84478368707803,229,True,2.655426714345387,True,0.010529705922837092,0.8080514073371887
70560,792.4315761847585,500,False,0.0185319416675042,True,0.010652205374324068,0.9842902421951294
70992,713.8469284833849,500,False,0.11018405141582653,False,0.01066054745990165,0.9370747804641724
71696,741.1901654353334,500,False,0.040383017757342696,False,0.010740449832803848,0.8532464504241943
72384,795.1902437092477,500,False,0.07646976759494954,True,0.010900573881924105,0.7165687084197998
73328,528.5520339422807,500,False,4.57369106072424,True,0.01122047445811905,1.1150424480438232
73872,823.9825863484102,500,False,0.19229702312251612,True,0.011455035608089179,1.2004921436309814
74000,168.54099296338362,215,True,2.869024782932778,True,0.011654410968368611,0.8561550378799438
74480,823.230612874779,500,False,0.03231763499530651,True,0.0116611889679374,0.8482338786125183
74720,862.5127217039449,500,False,0.07228944762382333,True,0.011891847241568823,0.8135108351707458
75376,401.67618470354137,328,True,2.974179368911873,True,0.01196462900178807,1.2482187747955322
75440,789.1070517488683,500,False,0.062466567114805735,True,0.012046027932565892,0.8097679615020752
76592,684.3527467190402,500,False,0.12080669001512502,True,0.012079798615026453,0.7613859176635742
76832,734.3148671219,500,False,0.04453423844253163,True,0.012507529295792016,0.8952349424362183
77312,759.0862955699547,500,False,0.03830335541881018,True,0.012535029319324075,0.8539599776268005
77504,610.4992452042651,500,False,2.316989490659946,True,0.01257104752175991,1.1016967296600342
77984,606.9567090343035,500,False,0.8321898627093448,True,0.012590879998565818,0.9049202799797058
78512,252.61456575304405,252,True,2.8693432311846614,True,0.012822354701130469,0.8090102076530457
78528,681.5098558906091,500,False,0.04633282574314049,True,0.012896361910314453,1.0268828868865967
78768,220.46571388384297,253,True,2.7359039997445165,True,0.01290425508001234,1.0286891460418701
78992,874.7488696800076,500,False,0.06401259307566984,False,0.012956944130621699,1.0309442281723022
79088,343.8051177068651,326,True,3.7977185153185165,True,0.012975039915447123,1.056652545928955
79408,582.9397758474823,439,True,1.992769529486322,True,0.012982667067252849,0.9717912673950195
79696,747.665873156126,500,False,0.07178048471894903,True,0.013129664544351943,2.4559762477874756
80576,158.68032106008127,204,True,5.071060762752771,True,0.0131919064426617,1.0826399326324463
81024,370.9564431071462,349,True,2.8661303820855,True,0.013390535580385648,1.1411526203155518
81088,153.0598097167245,194,True,3.242890006357576,True,0.013443339505136312,0.980366051197052
81328,807.1877338736194,500,False,0.06310700855012887,True,0.013445653588030636,0.8810107111930847
81360,148.3881537168934,178,True,2.7037518571327235,True,0.013488073807101006,1.7503061294555664
82000,562.6423508656477,500,False,0.16450335684132278,True,0.013500258718250828,1.1136722564697266
82128,295.9736393755671,196,True,1.895865282774114,True,0.01389762765542204,1.0463805198669434
83376,783.8327967857389,500,False,0.03401987993209175,False,0.013985712501153503,0.9067190289497375
84592,771.2703619704325,500,False,0.04620555417457886,True,0.014305331062887575,1.025092363357544
84832,767.7959243631551,500,False,0.37053454928889906,True,0.014647254528934684,1.277869701385498
85504,858.4851065803581,500,False,0.047775005724762516,True,0.0147323446834439,1.1238670349121094
86528,885.5031818613667,500,False,0.035106547419717644,True,0.014929793931276834,1.4432224035263062
86768,562.1715431969492,500,False,1.6511156826620557,True,0.015069988860365941,1.2954151630401611
86928,118.85185994211287,146,True,2.499720965271695,True,0.015062639237125051,1.1201703548431396
86944,358.4882542497619,309,True,1.7346004096652443,True,0.015073839233305603,4.328271865844727
87088,786.0782944130893,500,False,0.08342392351175928,True,0.01508413667763697,1.0689589977264404
87408,727.1236006581119,500,False,0.17471379154160527,True,0.015134958369891427,1.4346647262573242
87696,741.8547041851226,500,False,0.049547357002698224,True,0.015133386539534164,1.344696044921875
88112,395.86111641357263,374,True,1.7456687329330882,True,0.015309227918912436,2.483630657196045
88576,662.3516027313217,500,False,0.11007962867782496,False,0.015386780530682188,1.8178718090057373
89024,704.3295362343616,500,False,0.09871731719296867,False,0.015503280197359037,1.3663487434387207
89088,740.3082958513631,500,False,0.2973160069689311,True,0.0156546269400596,1.4942069053649902
89328,573.1817203505666,500,False,2.2447104923972034,True,0.01564343781253469,1.3788859844207764
89360,772.3708368526756,500,False,0.09546582182871834,True,0.015673408112286163,1.1565407514572144
89392,167.68186883050353,144,True,1.538892250210597,True,0.015663779791642306,1.5883326530456543
89648,81.95634931449297,140,True,0.38104188762480107,True,0.015643935919743328,1.974492073059082
91376,566.1896522421458,500,False,4.796575199495236,True,0.01559391759716616,2.127686023712158
92272,230.12729196300435,182,True,1.0507474081104382,True,0.016075810563244832,4.617162704467773
92384,275.94651552906765,267,True,1.1781006279439277,True,0.016246775685980243,1.9308159351348877
92832,720.4200379875823,500,False,0.13273585561374784,True,0.016288816947039316,1.7805161476135254
93504,789.4310614589436,500,False,0.07188141977154247,True,0.01635629226523858,1.6613227128982544
93696,202.26956163816166,253,True,2.206642479474633,True,0.016567143301728194,1.6742545366287231
94528,731.0669549526576,500,False,1.788364990110416,True,0.016646572390110973,2.7758326530456543
94592,414.44797899412384,376,True,1.3886511583433694,True,0.017277321072503134,1.8871618509292603
94768,756.3641443387883,500,False,0.06913650543825277,True,0.017306918869650058,1.620645523071289
94928,566.5915195418739,500,False,0.9949190791998043,True,0.017303555198553745,1.6305699348449707
94944,765.4651745366214,500,False,0.054726659515578036,False,0.017380029909870167,1.6833473443984985
95696,482.8534801920788,500,False,1.0726988845928478,False,0.017375959492359178,1.7570065259933472
96192,582.5764133681772,429,True,1.2880582014682433,True,0.01735925237880716,2.0730929374694824
97024,694.8007925394708,500,False,0.08350644877309327,False,0.017580385486162465,1.3899403810501099
97088,630.6121158712666,500,False,0.2650070509814757,False,0.01769712761231778,1.7571531534194946
97360,262.1895184947664,283,True,3.30918667918812,True,0.017687654678318825,1.6294071674346924
97392,369.5892231713688,500,False,1.6551079148232948,True,0.01779505839890686,1.5607531070709229
97776,297.196313700884,255,True,2.30800658502693,True,0.01780130516719146,1.733792781829834
98320,135.4082285242697,212,True,1.4623377374464983,True,0.017868263505681093,4.211357593536377
98544,316.869206986204,315,True,3.554512278866726,True,0.01789229315731105,6.589066505432129
98816,170.12511310693986,264,True,3.7106439543628946,True,0.01796261925503711,1.5347590446472168
99376,739.5292389437036,500,False,0.06942070398955962,True,0.018152759256895218,1.7035095691680908
99888,345.4013108449732,262,True,2.3175918526186523,True,0.018422172501440227,2.0570414066314697
99904,399.086421447285,321,True,1.7091235938360918,True,0.018368687715760668,3.3260765075683594
100272,540.5886980011347,500,False,0.2961160699379716,True,0.018276773367140613,2.3625597953796387
100384,629.304439276984,500,False,0.47795222417999467,True,0.018242057173936475,1.8542813062667847
101328,98.49250096235234,222,True,1.7378416665591339,True,0.018295345634968447,1.5276583433151245
101488,290.57125403243765,279,True,2.65340022832116,True,0.01837409500686923,2.100825071334839
102064,363.0827883320157,292,True,1.081988796036739,True,0.01853809474033172,2.3776252269744873
102528,718.4300660390016,500,False,0.07532071716594417,True,0.018589409713853786,3.945861339569092
102944,716.3951246682656,500,False,0.19213851123257483,True,0.018527961276265686,1.9496077299118042
103520,340.64213313400995,294,True,2.6374948013375588,True,0.01874491863706582,2.656383514404297
104192,571.3743973611897,500,False,0.29029978462461475,True,0.018882645346088328,4.343708515167236
104688,518.4140906838629,384,True,1.5714558641641037,True,0.019191302233251557,1.6117371320724487
105088,567.0517218773533,500,False,0.41778766116679433,True,0.019568818714518054,3.907844066619873
105360,526.3391283117925,500,False,3.6353021379141057,True,0.019708223929807665,3.901333808898926
106320,468.8031268438914,401,True,3.006130480370865,True,0.019833687464910245,1.807490348815918
106320,644.5841734980456,500,False,0.40345809232989716,True,0.019833687464910245,1.807490348815918
107312,425.46920725592804,374,True,1.8596785222570655,True,0.02034556747216608,2.0975615978240967
107376,791.3601813550929,500,False,0.12382311750310399,True,0.020587224301819702,1.7151141166687012
107392,354.304074620168,333,True,2.037699558238105,True,0.02063158303434011,2.767317771911621
107888,702.0502694124932,500,False,0.1312577144505296,False,0.020645714671402873,2.0545663833618164
108272,729.3327967801628,500,False,0.2157418486063514,False,0.020654264846432468,2.1228532791137695
108384,658.4523477833602,500,False,0.2177860739722351,False,0.020624254749669738,2.2218356132507324
108640,593.0311444954934,447,True,2.3903628492098035,True,0.020722960514916157,1.7560415267944336
109552,686.0334097484898,439,True,1.3668574131091114,True,0.02092674717218607,1.9662466049194336
110880,169.76262992538796,187,True,3.146040613508731,True,0.02135166371555185,2.5424516201019287
110944,747.9466004175601,500,False,0.0945424918561455,False,0.021967784541192827,3.51521635055542
111520,749.9629244827856,500,False,0.08743148943252792,False,0.021945173633849208,1.6985936164855957
111520,533.3061201808254,427,True,2.3062028372501198,True,0.021945173633849208,1.6985936164855957
111696,392.02335813526884,413,True,1.894496769095066,True,0.02213094641308447,2.4565844535827637
112192,613.3680497573686,500,False,1.2361567840773497,True,0.02223636536809374,2.953782796859741
113280,364.3409553912797,313,True,2.2819579310836184,True,0.02223435288848512,2.7985875606536865
113360,669.0309455233321,500,False,0.06866944740358773,False,0.022761832755405054,2.05454421043396
114320,560.7616129948113,500,False,0.06784511931668269,True,0.022804579809930406,6.12712287902832
114320,651.306331678958,500,False,0.3744936646179308,False,0.022804579809930406,6.12712287902832
114512,382.3809560132184,445,True,2.283900067834183,True,0.02303498782216722,3.0888350009918213
115312,511.17178200039535,500,False,2.956403581830838,True,0.023052092344138776,6.355360507965088
115376,741.1024769844673,500,False,0.05386528730005191,False,0.023217300395135684,2.290653944015503
116160,348.8529195171702,326,True,1.526521021943731,True,0.02323992545565484,3.1933348178863525
116384,582.8438096300086,500,False,0.06607075968533563,True,0.02345538902667529,2.322530746459961
116640,629.5055602712104,500,False,0.10008530014746328,True,0.023500529855012914,4.392570972442627
117120,129.00527407180775,175,True,1.859843403911037,True,0.02361749033105558,2.4880385398864746
117552,794.8333764771235,500,False,0.07341904150671971,True,0.023781863724863798,7.194424629211426
117888,294.70683273594176,211,True,1.8384285120695487,True,0.024079464014129002,2.3084802627563477
118880,702.7507355532292,500,False,0.3514505045404743,True,0.02398616036606531,2.9441044330596924
119520,488.49967915868956,500,False,0.09432332872784459,True,0.024012059302576258,1.9080214500427246
119520,827.8119469299909,500,False,0.064452802760239,True,0.024012059302576258,1.9080214500427246
119616,282.00356162192173,265,True,2.910021865614254,True,0.02436121891609664,3.6635122299194336
119632,149.47982630680883,130,True,1.7403048958307183,True,0.02437593558056791,2.878713607788086
119696,662.6752516143284,500,False,0.18502871360084902,True,0.02438366545321945,2.4332633018493652
120192,701.3656247110655,500,False,0.09434883095768704,False,0.02440251301659708,2.4720935821533203
121120,176.29385196745548,250,True,2.1100304955512232,True,0.024357406786278603,2.1398606300354004
121280,532.1050185954001,500,False,0.26503466386553265,True,0.02476954105071644,2.77036190032959
121360,517.2040008574548,500,False,0.14203118868124842,True,0.024847674903297937,4.438093185424805
121648,438.594136382962,343,True,2.930866796341066,True,0.024885697090503225,2.6190805435180664
122320,475.6468296423728,500,False,0.09708501049805499,False,0.024742399013158202,3.468275308609009
123120,629.8431931385813,488,True,3.5917886898503215,True,0.024417810362044365,3.098552703857422
124384,681.1121042066043,500,False,0.09528177164412271,True,0.02458149187115055,2.322676181793213
124640,678.1578052233299,500,False,0.23193786785385517,True,0.024973058688589515,2.3587000370025635
125168,575.8062635428934,393,True,2.556632856227364,True,0.024887472616927416,3.536998987197876
125328,426.08690625325386,356,True,1.023541148357397,True,0.02502863040033575,2.6764278411865234
125888,669.9052663095875,500,False,0.06088629834371609,False,0.025136721060165873,2.8273422718048096
126800,418.2157333771562,355,True,2.16796230119796,True,0.024995837998376645,4.04638671875
127520,638.6412635078594,500,False,0.07972226008369998,True,0.024914076662963674,3.0610239505767822
127520,907.3765532313506,500,False,0.07044693967260314,False,0.024914076662963674,3.0610239505767822
127616,583.5207480305156,500,False,0.25233734435417265,True,0.025341598900673036,4.918882369995117
127696,677.0988213252664,500,False,0.025402995284700764,True,0.025371804937431627,6.704782009124756
128192,505.5108736575676,500,False,0.09138281550696414,True,0.025397004134829218,2.7834692001342773
128304,223.99582993310364,229,True,3.7074364163414217,True,0.025745444966957336,3.066354990005493
129280,689.3921091774457,500,False,0.06766359659150249,True,0.025864262474225713,3.78499174118042
129360,810.7287227306434,500,False,0.08756525491707427,True,0.025934307510567422,6.095016956329346
129648,635.9297454737,500,False,0.09361913816234387,True,0.025925395566857735,2.6816258430480957
130048,305.87051574024935,305,True,2.777740147332189,True,0.025949819162050927,4.880611896514893
130112,581.3981254597725,437,True,1.5409946801282604,True,0.025715663894944465,4.08553409576416
130192,171.79796551611267,212,True,1.302312275187175,True,0.025788704901417693,4.912010669708252
130320,611.884041386055,500,False,0.07339828252374053,True,0.025823764509076665,5.600665092468262
132384,702.2329584567022,500,False,0.12623493703393604,True,0.02585029863480166,2.2911713123321533
132544,422.2645745917254,314,True,1.0498146778898452,True,0.02598532470129683,3.3627450466156006
132832,334.36811300553796,326,True,1.6924501088017319,True,0.025889814874949353,3.0616345405578613
132848,234.9125574414607,333,True,4.307122014209524,True,0.025968470179271046,3.192653179168701
133328,788.5459193436861,500,False,0.15738210853936152,True,0.025973779683306036,5.116000652313232
133888,815.6869465983821,500,False,0.08065218720147724,True,0.026092970543971,3.177673101425171
135696,728.2954076976728,500,False,0.10146417927334395,False,0.026152273694803548,3.4769346714019775
136192,824.5365865810545,500,False,0.0733205481606212,True,0.026004160210550308,7.78938102722168
136304,624.0414124519363,500,False,0.09474378741340343,True,0.026232874485410892,3.5298726558685303
136960,490.08123669040884,428,True,2.7268036110971776,True,0.026055809727111478,2.6517863273620605
137280,740.8335290877081,500,False,0.08165884357564489,True,0.026420055511429067,2.645994186401367
137360,592.8797961891432,500,False,0.10048910987493044,True,0.026474719204259877,2.878732204437256
137648,786.42274767525,500,False,0.0883417907758535,False,0.026499114958093255,19.627620697021484
137824,319.93123686847775,311,True,3.042350664525683,True,0.02654179156852165,23.516651153564453
138048,667.9707059119041,500,False,0.20635886758411215,True,0.02665574788985798,2.4300642013549805
138192,706.8379215749671,500,False,0.24020326222858052,True,0.02677489207281695,3.1213696002960205
138320,646.7695204416607,500,False,1.4227291175664767,True,0.026797491472884693,2.4652905464172363
138352,433.4710412433534,345,True,1.2825846168133075,True,0.026863673551533494,3.715305805206299
138400,366.62199549153814,317,True,1.5645479418870007,True,0.02687912314745136,3.001965045928955
139616,267.4778755343898,214,True,2.439728274808808,True,0.026871441669996277,3.7500851154327393
140304,277.26576611668224,209,True,1.1333412944249084,True,0.027028303564314068,3.5707578659057617
140384,705.077400004283,500,False,0.12423123982170424,True,0.027511713910442895,6.577016830444336
140544,581.5069815273438,500,False,0.07341331546659619,True,0.02738849335976167,3.023942708969116
140560,96.10995705094881,138,True,2.3955510467402465,True,0.027436966852815315,2.9950833320617676
141056,384.7737067875061,297,True,1.691093364281338,True,0.027443828696880185,4.890826225280762
141296,454.15962144414334,350,True,1.35853617091404,True,0.027503421171624513,5.0324835777282715
141600,433.73195616266486,482,True,2.0654604583289156,True,0.027617129723617215,15.671614646911621
144768,241.32555899626036,217,True,0.9344282735295701,True,0.027916537935018946,3.3399105072021484
145280,720.787537851843,500,False,0.05388581789188637,True,0.027929998720773445,4.658382415771484
145360,451.9657115407846,500,False,0.10315452470182913,True,0.02817802092859176,15.84480094909668
145648,751.5218477889867,500,False,0.061293262978202326,False,0.028187966433409952,3.111215114593506
145824,354.73155381577027,500,False,1.5684485100957086,True,0.028221566498225135,3.4103469848632812
146048,713.3259981378293,500,False,0.06730516362339088,True,0.02813389891153645,2.7949917316436768
146192,772.3322023188354,500,False,0.060986811745564556,True,0.02807106194863432,13.273115158081055
146320,746.9820638879131,500,False,0.13234075573161183,True,0.028048310876433512,3.3610596656799316
146400,402.79046733810026,500,False,1.3169157482391853,True,0.028088362132860225,4.544449806213379
147200,415.57763035181864,384,True,1.1298334873990654,True,0.02804247049734532,3.395533800125122
147616,662.9949442479419,500,False,0.15512256766129584,False,0.027890272021676262,7.125546455383301
148016,55.60321106663507,166,True,2.8361886871097552,True,0.027573664454161952,5.266018867492676
148304,735.8099365657323,500,False,0.165249514384806,False,0.027728603027949134,5.663176536560059
148384,568.0849492041592,500,False,0.1941419401270955,True,0.027936131226883775,8.470090866088867
148544,344.36178634240065,500,False,2.0220728238842973,True,0.027901191134085047,3.856229782104492
148560,597.4352898674026,500,False,0.3389084004582499,True,0.027995859815036675,4.549221038818359
149600,829.468624874646,500,False,0.025335849307836368,False,0.02798205900367804,3.396090269088745
152768,688.5755294410415,500,False,0.06053032931607605,True,0.028124456889363495,3.0033912658691406
152896,615.4874824000909,442,True,2.50549658397128,True,0.02851585955531957,5.158102512359619
153040,447.6699464108322,420,True,1.1086683568965792,True,0.028568755072410554,3.3103487491607666
153280,712.3866765293001,500,False,0.09589384448769742,True,0.02858625517272597,9.574819564819336
153648,786.1976136950859,500,False,0.11590048274139671,True,0.028486491211749128,12.095198631286621
153744,275.23882284673414,324,True,1.4832716153969911,True,0.028359691540077604,3.740199327468872
154048,695.5517817401554,500,False,0.0649219973649582,True,0.02833016125073469,3.584962844848633
154192,651.9124234146018,500,False,0.13036787039119224,False,0.02869467023087645,5.546998977661133
154384,533.2416531536023,449,True,2.7447668904190925,True,0.028792788349713366,3.9577407836914062
154400,742.0846039870063,500,False,0.14603610300189368,True,0.028800923360143883,5.435266017913818
155296,609.2218280619887,437,True,2.069189344923083,True,0.02878533473620276,4.164872169494629
155616,761.2820115755342,500,False,0.07649602628056724,False,0.0291448915199206,7.0982160568237305
156016,667.0714151349463,500,False,0.05807043578714182,True,0.029106067117047538,3.0443902015686035
156384,692.2102693840699,500,False,0.1514632505364175,False,0.029131863439522065,6.8444504737854
156544,745.5959357717129,500,False,0.09486456954603177,False,0.02921597009572648,4.972721099853516
157536,279.2918004414584,298,True,1.6983728191884324,True,0.02931665616515335,3.239926338195801
157600,724.3684025111125,500,False,0.16615166137077114,True,0.02913591167080673,13.244979858398438
158336,219.00447467135746,259,True,3.9147326275256713,True,0.029216784940156195,6.467331886291504
159776,308.241628256218,337,True,2.3335963104675645,True,0.029108658388033573,4.867550849914551
160896,764.6400630599712,500,False,0.03506088542870543,False,0.029014812165638417,4.644869327545166
161040,663.5412537306987,500,False,0.04750670602276231,True,0.028944956174331363,3.673558473587036
161280,714.9229780860838,500,False,0.0797053628751015,True,0.028947369254331008,3.561664581298828
161648,576.9131755750309,500,False,0.7507967317307837,True,0.0288357277060216,6.694397926330566
161744,652.6702162942588,500,False,0.1256832763662946,True,0.028796079691610847,69.72303771972656
162048,767.2370941734978,500,False,0.031060453030989615,True,0.028872933170521052,38.00004577636719
162400,860.8889057718801,500,False,0.04930450004566007,True,0.028816606114430703,3.9760024547576904
162688,298.16410629295063,384,True,2.068903343894204,True,0.029104382160504254,5.990757942199707
163296,677.8461089931582,500,False,0.12237943601575126,True,0.028881911365257397,8.297844886779785
163616,780.5900363628517,500,False,0.098779860111383,False,0.028915199137531197,5.578707695007324
164016,612.034262301186,500,False,0.04553903291507986,False,0.029122023687524555,2.948094367980957
164384,677.1267611728194,500,False,0.11581231285556719,True,0.02889361245792158,5.459107875823975
164416,158.11578976841542,148,True,1.3475420090190549,True,0.029162800995486633,3.3780288696289062
165536,570.5631666362482,500,False,0.09287874350819336,False,0.02916495052775964,4.566763401031494
165600,769.6760497660024,500,False,0.06806515831718335,True,0.0292064659323797,3.6446478366851807
165696,432.5408422373146,370,True,1.0545175395070192,True,0.02919531308807579,4.314047813415527
166336,832.6028515588749,500,False,0.07490803079005298,False,0.029253498115810204,3.8383290767669678
168528,408.323546666944,365,True,6.040644635760354,True,0.02945485529770823,3.990507125854492
168896,878.1266141998536,500,False,0.0791034060347847,False,0.029307792358612122,5.708863735198975
169040,561.3384965479364,500,False,3.0022771697026176,True,0.029395877421473336,7.106431007385254
169280,529.8633098170773,500,False,0.1787623438925527,True,0.029444237420412227,4.115016460418701
169648,759.0510068057307,500,False,0.15353538051593885,True,0.02937822429212525,4.256720542907715
169744,566.3952765675684,500,False,1.1654810750084499,True,0.029636607745247134,3.3751983642578125
170080,184.85542152175657,234,True,1.3000419800759264,True,0.02958174445403328,4.552553176879883
170400,747.998551775784,500,False,0.1056189822690364,True,0.029445594395688623,3.894217014312744
171296,762.5807502774908,500,False,0.21463579342791478,True,0.029726124374792964,3.091486930847168
171616,690.7905459679422,500,False,0.08453684624509542,True,0.029497842255376043,3.8704233169555664
172016,709.1762434197774,500,False,0.0925003983698628,True,0.02943318591877172,7.149466514587402
172384,788.0061925673497,500,False,0.08650559600115851,True,0.029440412806178925,4.025608539581299
172416,492.24588579147354,500,False,0.7342091846530976,True,0.029501866778126794,4.123279571533203
173536,861.5967272872979,500,False,0.08622182568959269,True,0.029542890069148744,6.2166337966918945
173600,831.558363196129,500,False,0.13251593803459005,True,0.029782938937025185,4.97074031829834
173696,490.7881487348299,500,False,0.23364195228876472,True,0.029727389945464387,4.539301872253418
174592,281.7368348444715,332,True,6.048389435076611,True,0.029673146299322727,3.3112595081329346
174752,129.17017526647382,216,True,5.540360208682722,True,0.029609232073118354,3.0165557861328125
176528,752.2095025963333,500,False,0.0650979272353266,True,0.02939179195454074,5.494081974029541
176800,321.48113998901243,276,True,2.469737064509101,True,0.028991234595752546,2.97109317779541
176896,809.0408085734764,500,False,0.10803946515783325,False,0.029152185511941958,4.9235615730285645
176976,515.2645950827234,335,True,0.9043290522919794,True,0.029148520560685082,14.912882804870605
177040,648.6683661602154,500,False,1.8755977704956863,True,0.029041248659521863,3.2335076332092285
177648,447.4868022872757,500,False,1.424695493897896,False,0.02887765924656315,5.5290069580078125
177744,156.7039658058578,500,False,5.243809939958426,True,0.028957184228478428,10.942529678344727
178080,676.2097713196436,500,False,0.4131177982217109,True,0.029030458696582856,3.861095428466797
178400,740.5639573706171,500,False,0.25929223538231705,True,0.029171576983283255,3.330260753631592
179824,116.71361792283199,183,True,2.198963836455932,False,0.02920629377165945,4.058265686035156
180016,343.94037550356427,500,False,3.044359627410219,True,0.028575772946857113,2.996757745742798
180256,94.17308707516955,205,True,2.8645646379767222,True,0.028553644558406668,5.467741966247559
180416,418.5758370698811,500,False,0.6645053013059802,True,0.02851133123618867,7.824079513549805
181536,611.6408964227323,500,False,1.4172076105266243,True,0.028536812619237815,6.567240238189697
181600,572.1738234869036,500,False,0.39747748995368337,True,0.02778839809162512,3.5218822956085205
181696,709.8374201549882,500,False,0.41842773746133316,True,0.02783156634840841,5.187482833862305
182592,619.9985317354049,500,False,0.3746162633466277,False,0.02795334071373826,6.601265907287598
182752,572.2079487236227,500,False,0.1410380547982565,False,0.02794066693369903,3.861480236053467
183456,261.33519170362007,401,True,3.0459694589868924,True,0.02797854247008382,3.409210205078125
184528,381.26279012976346,500,False,1.5155592899384305,True,0.02777997348457757,6.530241012573242
184800,440.4347056142879,500,False,1.90132556549385,True,0.027277934576921136,3.441568374633789
185648,408.149686674268,500,False,1.7627496641304128,True,0.02711614932594041,4.3979997634887695
185744,301.9256195973249,500,False,0.7145914114324761,True,0.027244928303910388,4.272694110870361
186016,52.034768983604415,375,True,3.934736724699965,True,0.02742819941771453,4.059796333312988
186080,409.10011675218175,500,False,1.2620184332378694,True,0.0273630572212747,10.549664497375488
186400,322.1262768721593,500,False,1.4672381449681005,True,0.027345106595029613,26.827529907226562
187520,248.47307799179717,481,True,3.132513151159322,True,0.027229478385766618,3.37581729888916
188256,453.47432408943894,500,False,0.9293320162661672,True,0.026493832758267825,9.743301391601562
188416,419.9789310020399,500,False,0.9128138292813824,False,0.02685064906925749,4.568963527679443
189536,269.5607060907835,500,False,0.9954373853784211,False,0.02707031103889601,5.538783073425293
189600,480.3084307205786,500,False,0.3206659999572956,True,0.027350317676322403,6.015318870544434
189696,487.4201403200425,500,False,0.7399750026787586,False,0.027324181991853717,4.032720565795898
190592,418.4853615917298,500,False,0.25618255480075575,True,0.027296159504677987,3.9037489891052246
190752,340.02497639405084,500,False,1.8877946015242266,True,0.02704610041200301,3.875182628631592
191184,290.1589041175937,416,True,2.1884923151632134,True,0.027075991118588598,62.21025085449219
191456,405.0206919451744,500,False,1.2531558044379691,True,0.02689254702699243,4.452197074890137
191472,312.5538030972422,341,True,3.2040316073506196,True,0.026789617138446818,4.638870716094971
192784,221.39298232314422,419,True,2.913372358325683,True,0.026767466137929116,11.673737525939941
192800,526.4784047978352,500,False,0.5874435459715193,True,0.02671570497167667,6.001802444458008
193648,290.84252673818133,500,False,1.377813816801361,False,0.02671914893069791,3.802151918411255
193744,334.9390680167468,500,False,2.8750404623018437,True,0.02661188350764253,15.149805068969727
193920,38.09201616806282,171,True,1.2232370789974774,True,0.026615937789923036,3.422675609588623
194400,233.9864435470879,500,False,0.8305631120691437,False,0.026722872021072885,3.17710018157959
195376,106.2418357039902,365,True,2.7004849771134998,True,0.02672697268120872,5.007634162902832
195520,304.71386604706254,500,False,1.457981027824617,True,0.026500802780881925,3.6240720748901367
195760,125.80096743309716,269,True,2.375523375727534,True,0.02648532097113291,3.9272565841674805
196256,277.0524196381601,500,False,2.931269712446685,False,0.026445305567030262,3.2127673625946045
196416,287.51480271494086,500,False,2.371492058267677,True,0.025981231665907812,8.18348503112793
197408,265.2850627880147,426,True,2.5636046440771842,True,0.025907524703028546,14.308316230773926
197600,237.2501876701982,500,False,1.5224448476266006,True,0.02605169786098353,22.15741539001465
197696,189.71510825231783,500,False,3.0120865014176434,False,0.02609799164973147,4.73090934753418
197696,127.40243350902293,306,True,3.8422124123519312,True,0.02609799164973147,4.73090934753418
198608,281.5849065952645,446,True,1.6717728618302576,True,0.025982339372857446,7.168435096740723
198752,221.5105409584014,500,False,1.2440480205335236,False,0.02611766646985556,5.217386245727539
198928,148.98113405676946,324,True,4.322022517713327,True,0.02611506613142798,4.223989963531494
199440,157.46257867822507,362,True,2.5060880887952144,True,0.02590040004206362,7.588129043579102
200032,107.35430550177821,267,True,2.566201868307061,True,0.025966629925946953,3.7682485580444336
200480,115.83474635237269,319,True,4.089415228797664,False,0.025975819843364722,4.718181610107422
200784,363.8363799392805,500,False,0.15438247886290893,True,0.026127881616991876,5.580583095550537
201712,137.2869554963489,251,True,1.5073710251371324,True,0.026174188815551756,4.9976043701171875
201920,358.5441837184338,500,False,0.27959905509201305,False,0.025871217502666972,5.827744960784912
202160,71.0179353962847,285,True,2.4359851025109043,False,0.0260285472503548,4.802913665771484
202400,224.215925282711,500,False,2.6597759240705443,True,0.025953100689039898,8.006475448608398
203088,123.92326949669469,417,True,5.681607465343055,True,0.025739424554051475,6.556591033935547
203168,54.018018642801955,149,True,3.739608324448926,False,0.025392280990310843,4.39046573638916
203200,116.80906487211683,235,True,6.01885049849809,True,0.025288712009726003,6.527803897857666
203520,157.6727574290942,500,False,2.560517414371367,True,0.025268082928390417,4.037887096405029
204080,32.36079938686632,57,True,1.6997451218296609,False,0.02549374078686902,9.057302474975586
204256,225.08878474808319,500,False,2.3162096568383417,True,0.02625248877611326,5.650045394897461
204400,179.23386938998866,419,True,4.471556834439091,True,0.02617169713299207,48.670616149902344
204480,101.51372745833638,250,True,2.5487751799377905,True,0.026052725903096104,6.553969383239746
204608,172.0839115067826,366,True,2.3713464024818878,True,0.02591883895160939,29.178218841552734
204640,24.096367903008453,288,True,3.278597756794916,False,0.02591504835033546,3.974041223526001
205408,340.8399273075028,500,False,2.6329557414390656,True,0.025890321175383278,3.96760892868042
206608,424.2499751871173,500,False,2.9591813447863777,True,0.02585939430006352,7.140629291534424
206688,76.88186790036633,152,True,2.6851600813313294,False,0.026361544742630225,3.444295883178711
206928,511.22312764889745,500,False,0.30997758486385546,True,0.0264202484103715,4.604333877563477
207504,81.75242072268459,131,True,2.12273658520721,False,0.02644006419486502,7.6183013916015625
209216,52.53889150548943,163,True,2.4788863848406355,True,0.026205997137704863,4.189703941345215
209712,512.9267969673772,500,False,0.13741104098039983,False,0.025842297230628888,4.024016857147217
209920,250.11122889412576,500,False,1.6282311889038175,True,0.02562753434282861,4.319844722747803
210160,212.5724652863959,500,False,2.1461636681866576,True,0.02555979150913913,3.2216949462890625
210400,675.4026855343907,500,False,0.12861462082526648,True,0.025569899006155115,4.102818012237549
210624,330.7810272420847,444,True,3.5798661425381466,True,0.025649876672818303,5.450164318084717
210880,269.65293708812766,405,True,2.1985925547971354,True,0.025725387136566684,3.2222719192504883
211088,344.4078504490004,500,False,1.089684832351012,True,0.025728684562743395,3.3905839920043945
211200,548.7165235050446,500,False,0.11509080896821333,True,0.02576610638143487,11.457479476928711
212080,433.68903290959287,500,False,0.23169463582387934,True,0.02576396418919131,3.521031141281128
212480,306.66687491818556,500,False,0.6523461964040276,False,0.02583544757332862,5.148024559020996
212608,613.8841479116896,500,False,0.08175837371401765,True,0.025417481268228802,5.246491432189941
212640,293.42385259211994,500,False,0.7583502680342273,False,0.025400188266324453,3.905405044555664
212896,50.559248430543306,156,True,2.1241208316912257,True,0.0253963993127487,4.204665184020996
214688,520.1653753671276,500,False,1.177154181142014,True,0.025601017774590253,3.060255765914917
214928,597.8966372558474,500,False,0.09977274337372066,True,0.0248986100248738,3.828113079071045
215504,268.9183515136951,500,False,1.9251273918368776,True,0.024741412314533376,3.351560115814209
216240,95.01942996071853,335,True,1.6718642131868435,True,0.024619999926633853,4.048364639282227
217216,314.919760205524,500,False,0.3264042840925054,True,0.024325881049367386,2.9206438064575195
217712,550.5174492576556,500,False,0.35251029352359126,True,0.024141045998990397,4.081628322601318
217920,623.3044283754768,500,False,0.2392148175401421,True,0.02428503045615095,3.6315550804138184
218160,255.01598097698408,500,False,0.9214262977728558,True,0.024355182049802044,4.094635963439941
218624,434.8619079153046,500,False,0.0952232194662686,False,0.024558911804954852,3.8974287509918213
219088,390.9049722837471,500,False,0.31271230234774267,False,0.02491754477546125,4.309036731719971
219200,786.5127327311067,500,False,0.10938510876637658,True,0.02489983347879612,4.217449188232422
220080,326.03088688267263,500,False,1.5999389638206138,False,0.024791578900329507,19.50547981262207
220480,287.52695829993223,500,False,0.2911012160272427,True,0.02498071343136175,3.4114131927490234
220608,561.5161412401209,500,False,0.10196674306498049,True,0.024743708230769688,4.319146633148193
220640,405.8852091945415,500,False,0.741345034398811,True,0.024782069648829275,6.075594425201416
220896,659.0016588450271,500,False,0.3045589241272274,False,0.024768810797034684,3.5648632049560547
222240,133.44089446229697,255,True,1.6741056588967254,True,0.02458192977307343,4.078243255615234
222688,357.26668723742114,500,False,0.08043165753088075,True,0.02414684711052911,7.5195441246032715
222928,533.3824149738091,500,False,0.6352989858317609,True,0.024407485442665276,5.54001522064209
223504,509.5869963168534,500,False,0.12256777768467614,True,0.024364286187574535,5.48634147644043
224240,517.2719549044954,500,False,1.073642593334199,True,0.024461087013368903,22.590343475341797
224336,216.6461518414459,231,True,1.7682110259197705,True,0.02435263834287519,3.0904669761657715
225216,497.290201265759,500,False,0.4164540530559189,True,0.024295434299069777,3.9159095287323
225712,643.8289735270708,500,False,0.2879194025540352,True,0.024148655587809587,2.920786142349243
225920,633.4804848692996,500,False,0.05830189297021262,True,0.02414104340018783,3.684309959411621
226624,306.18080924070006,500,False,1.3679099011395726,True,0.024297928019873787,3.3047266006469727
226656,230.2728816594029,233,True,2.128553668431727,True,0.023805272816899495,3.5446720123291016
227088,636.0580831513413,500,False,0.08333729535976185,False,0.023790792704574168,5.286633491516113
227104,97.47200579826013,173,True,3.132844434478727,True,0.02413020352865423,3.848696708679199
227200,615.2060577402334,500,False,0.09441095162147588,False,0.02411752589643507,3.3180742263793945
227440,286.87185775390435,325,True,2.746555559691838,True,0.024072935620691488,3.8347842693328857
228080,649.0209802417698,500,False,0.0782124760229254,False,0.023978684363198072,2.5048208236694336
228480,450.79261849576454,500,False,0.8718459285864951,True,0.02427920445854788,5.89491081237793
228608,244.10027597893642,500,False,2.7513681725429233,True,0.024076741032996184,5.067124366760254
228896,607.4753417353884,500,False,0.18596840870738257,True,0.02413424472304094,3.929220676422119
229088,393.60122895412155,349,True,2.440243886991441,True,0.024186882356223592,39.961395263671875
230688,681.035645327881,500,False,0.1168497070696184,True,0.02411445524357069,3.5170910358428955
232240,686.4355368598164,500,False,0.2829109095562756,True,0.024350912904825116,3.441802501678467
233216,450.92639204218034,500,False,1.8129763814292894,True,0.024712257002518747,4.0790252685546875
233712,664.0637676781212,500,False,0.10581102910390547,True,0.02505802827954799,4.999782085418701
233920,752.6600775707648,500,False,0.13532454733063776,True,0.02524521444131413,4.917989730834961
234624,674.3084438999305,500,False,1.186739462938598,True,0.025071311428050132,4.4487104415893555
234656,656.2339685302557,500,False,0.10776153390722583,False,0.024762304891788083,3.2833240032196045
235088,666.5555372798536,500,False,0.202986702113957,True,0.024755487571552534,2.7657783031463623
235104,648.9442865542709,500,False,0.12954903468306506,True,0.02453733575987807,3.7492172718048096
235200,728.679834780022,500,False,0.1147320451726144,True,0.02453670179971973,56.95629119873047
235440,788.285435135252,500,False,0.1790539211180563,True,0.02450524861261597,4.359757900238037
236080,624.8842754110042,500,False,0.11287392008759906,False,0.0243949168681546,2.5140857696533203
236480,547.460606098947,500,False,0.614238224933876,True,0.024299620415535957,3.097871780395508
236608,279.55025324277244,500,False,1.521647454327885,True,0.024575077486890442,3.6200151443481445
236896,742.9749279872196,500,False,0.11705294562883113,True,0.02469074308518975,2.9375052452087402
237088,611.8771436089705,500,False,0.11032322176459172,True,0.024565936667693324,4.054800033569336
238048,299.82020700622996,214,True,2.522204573859899,True,0.024625409611382883,2.9529080390930176
238096,370.0460526787586,274,True,2.195758571456814,True,0.024146438683621072,3.8086464405059814
238688,676.9956670226265,500,False,0.12093467825911074,True,0.02412721228204153,3.5190248489379883
240240,673.6227283363795,500,False,2.129695852200212,True,0.023721502564419874,4.2781171798706055
241216,727.6529853066343,500,False,0.06994217599953936,True,0.023669468282724423,3.2703614234924316
241920,710.075905700627,500,False,0.09880126577486967,False,0.02362803870096044,2.340693473815918
242656,354.97883959068355,500,False,0.8759571092653142,True,0.023661743970821242,3.451939105987549
242688,184.46280192235253,250,True,1.3830185849359617,True,0.023437121331479353,3.3578367233276367
243088,452.46800476065187,500,False,1.0594263709439091,True,0.023449886161998203,3.451862335205078
243104,780.2879016917083,500,False,0.08645520247595143,True,0.023478596365326745,2.0218677520751953
243200,620.5176016100389,500,False,0.1291104004379314,True,0.023481420748402346,3.201690196990967
243440,845.6213710092181,500,False,0.07497720453547363,False,0.023486403321186095,9.902568817138672
244080,791.39639104822,500,False,0.025803574391676617,False,0.023260567358277553,4.602914810180664
244480,754.7165470984112,500,False,0.2257529367966675,False,0.022761355977007788,2.581101655960083
244608,504.3174216687135,500,False,0.3445916343893429,True,0.02285373290036296,4.948397636413574
244896,759.128866325578,500,False,0.1117558215612702,False,0.022744709195572692,4.004141330718994
245088,655.4807375403402,500,False,0.12748435278132056,True,0.022729960157319214,2.99806809425354
246048,718.0202917528231,500,False,0.0663293436995256,True,0.022731406041482487,4.086378574371338
246096,501.9288421617177,500,False,0.12254630615311939,False,0.022819602821683684,3.237163543701172
246432,233.67660852678887,387,True,2.387682697009075,True,0.022837920433715103,2.983332633972168
246912,220.44315486060327,239,True,3.521796399891851,True,0.022855283817286555,2.82769775390625
247504,272.7978652232177,189,True,2.879037951648486,True,0.023194789305976377,3.11850643157959
248064,326.6378380605777,304,True,1.4420561583152454,True,0.02307811941774881,2.322899341583252
249216,759.1204679805586,500,False,0.09922569574393389,True,0.022926880503840275,2.7234013080596924
249504,391.28115593874213,288,True,1.9487854078847235,True,0.022819336580167326,3.0231683254241943
249920,576.7234819814387,500,False,0.3936650168950199,True,0.02279216602236858,2.9171969890594482
250656,574.4890102838693,500,False,0.17166162068062588,True,0.02282863469967855,2.871361255645752
250688,731.14244202735,500,False,0.009969600547126062,False,0.022774768343738386,2.869086265563965
251104,731.5381424881417,500,False,0.10070555438151729,True,0.022762849880118202,2.248076915740967
251440,538.1890743918829,500,False,0.1274088125875088,True,0.022731909307663473,3.0037522315979004
252080,532.3496655091652,500,False,0.19055876327414759,False,0.022912896878364487,4.037637233734131
252240,510.43339666531625,477,True,3.436178680397992,True,0.022772077623257513,3.3852169513702393
252288,165.74827015759502,192,True,1.1867762808796891,True,0.022661398010605054,6.397727966308594
253088,758.4540323869596,500,False,0.14048939403303018,True,0.022627124995031445,8.355202674865723
254048,798.00375339199,500,False,0.04679517082566325,False,0.02272617483615221,2.2355616092681885
254096,636.5874290383555,500,False,0.769131241940015,True,0.022601089798917156,4.338907241821289
254432,457.5368360256452,500,False,0.9393500242054459,True,0.022611682618581035,4.046509742736816
254912,702.0404434571367,500,False,0.2153582243649262,True,0.022710478807242113,2.2450332641601562
255504,696.5073412339655,500,False,0.04704223956504023,True,0.02244010262309273,2.8623738288879395
255744,439.9628584464611,390,True,2.193736904176284,True,0.022278320899632786,2.935731887817383
256064,672.897468565361,500,False,0.14331469127202548,True,0.02220520212688896,3.832942008972168
256240,403.1583767333356,321,True,0.7589034273162112,True,0.022000672102599005,3.6912782192230225
257408,209.787330020786,323,True,2.3869421927660843,True,0.021839428861364914,4.326669216156006
257920,585.3308850611458,500,False,0.23764533478105251,True,0.022081571095952417,2.882093906402588
258400,165.04640299011245,272,True,3.634882482504572,True,0.02226298584613583,2.444952964782715
258656,813.9085049692866,500,False,0.008972632566300574,False,0.02199334714713319,2.959109306335449
258688,664.1172986859611,500,False,0.23062327669608845,True,0.02207015662334297,2.3356475830078125
259440,696.0223929684147,500,False,0.05845735595089455,True,0.022065735196537168,5.050107955932617
260080,725.7316350290769,500,False,0.13222522424893704,True,0.0221211519561891,2.7055211067199707
260128,301.7982228501619,254,True,1.0719454717719377,True,0.02220694359356479,3.236222505569458
260288,685.1574033279276,500,False,0.11840674603222902,True,0.02224041366129474,4.958391189575195
261088,733.9741566497919,500,False,0.11587687180690101,True,0.022303651650762448,3.310976028442383
262096,611.9690161994647,500,False,0.09249265161215033,True,0.021955520949598607,4.160134315490723
262432,620.028442356786,500,False,0.17065663989823157,False,0.02198895831979702,3.3105969429016113
262912,752.8719193477233,500,False,0.08572128114479963,False,0.021896229218692578,2.9351608753204346
263504,763.178259017636,500,False,0.12189627517873383,False,0.0218598179806498,2.277773857116699
263744,734.6735687705267,500,False,0.06680299715233363,True,0.021754084937373443,3.6693005561828613
263824,163.8429414240433,234,True,1.700914489879325,True,0.02173997724751888,5.988986015319824
264240,749.2381042627339,500,False,0.0708290880920911,True,0.021643696087417667,2.571678638458252
264368,253.00283006153646,265,True,2.4399711408401963,True,0.021714703444876568,2.832702159881592
264752,481.9513228648231,427,True,1.5623970627737853,True,0.02162139461948944,2.734405517578125
264784,208.32299960690744,231,True,0.8825616593078321,True,0.02146646259682829,3.371882677078247
265408,592.365944048518,500,False,1.236438660752716,True,0.021454172455717364,4.113704204559326
266400,728.0158921272224,500,False,0.049969665360904206,True,0.021295020042419795,3.06284236907959
266640,318.32350639727895,284,True,1.8327829436941074,True,0.02149364583065014,2.8938632011413574
266656,756.076919937757,500,False,0.12442933596365795,True,0.021420249052024495,10.220898628234863
266688,528.5692667880396,500,False,0.30034134741480717,True,0.021430877451541777,3.162740468978882
266944,174.1133652797607,169,True,0.4465159155606838,True,0.02142259730945018,3.39523983001709
267440,718.5759611285637,500,False,0.24111904862987552,True,0.02129158615074037,2.4659433364868164
268288,708.4144050127646,500,False,0.12341303471327199,True,0.021161449082400436,2.4700562953948975
270160,201.15905369614543,219,True,1.9704132379765866,True,0.021704131836610872,3.148590564727783
270432,726.4711692736422,500,False,0.13258693935541926,True,0.02143786156690392,3.1248486042022705
270768,135.57598139936542,155,True,2.8998927010513653,True,0.021553203925130514,3.047909736633301
270912,791.0195081548367,500,False,0.19110232419469617,True,0.021642643735699255,2.7078821659088135
271504,726.5935661142423,500,False,0.12641541843809612,False,0.02146836592220283,4.029404640197754
271744,815.2229039492557,500,False,0.08894500995489178,True,0.021544425541583895,3.231827735900879
271824,687.6921331218844,500,False,0.17189296868647352,True,0.021415367312185154,3.5802879333496094
272112,286.5897799923273,323,True,2.674555093893184,True,0.02143840860850185,3.057098865509033
272368,348.91167816117974,500,False,1.739487214996611,True,0.021615651140012505,3.0032095909118652
272752,730.6326343587821,500,False,0.13283456066849253,True,0.021705332712018834,3.357527732849121
272784,609.6771798596759,500,False,0.12157216195595048,True,0.02172883382906063,2.661174774169922
273312,289.0858715480935,367,True,4.5033254679651895,True,0.021742900022575992,11.538419723510742
273408,631.0062671878391,500,False,0.0759674799404876,True,0.021885703377532085,3.2759130001068115
274400,656.9257892523572,500,False,0.23389366699797332,True,0.021759462063581255,3.13690185546875
274640,832.3431615188969,500,False,0.06293091883815224,True,0.021826256336874815,2.988229751586914
274688,653.8570900058103,500,False,0.18031111714710263,True,0.021719725621315238,4.113080978393555
274896,229.24739933590703,212,True,1.62828281978948,True,0.02169103838017968,6.601359844207764
278160,822.3665872619611,500,False,0.06285212238563445,False,0.02170161337774469,7.141730785369873
278240,557.7127059196405,383,True,1.1223640488663507,True,0.02113060071212657,3.7394485473632812
278432,743.9710171982514,500,False,0.1662163058373675,True,0.021098863225245748,2.885190725326538
278768,664.7731629833642,500,False,0.13474519180442882,True,0.021060645497306258,2.9019861221313477
278912,714.6372220320493,500,False,0.22036720701880466,True,0.02106036422215576,2.378075122833252
279744,717.5641557166225,500,False,0.1561220169237936,True,0.021165118259936323,4.854211807250977
279824,804.7945120985622,500,False,0.13159313015180651,True,0.021165547292655,3.8129067420959473
280368,622.1619646214174,500,False,0.8560807792616761,True,0.02114128556051401,3.444798469543457
280752,722.6858211068682,500,False,0.15132856029047828,False,0.021232740830178346,2.8585572242736816
280784,701.6106211154616,500,False,0.19977262712094385,False,0.021203684484175072,5.383841037750244
281312,740.3466934622368,500,False,0.17240520315656113,True,0.02120298100645691,4.25990104675293
281408,654.8327345059915,500,False,0.23915625711895439,False,0.021242606708323866,2.7715799808502197
281920,593.7041735668948,439,True,1.0740148463728023,True,0.02120218913780515,4.367672920227051
282032,298.14183157022813,242,True,1.5171231558377902,True,0.021236261640241214,3.387183904647827
282400,618.8374010184323,500,False,0.12600976029286146,False,0.021266476161878118,8.071813583374023
282640,723.3867704867165,500,False,0.14168238843921274,True,0.021209118647120166,5.265921115875244
282688,762.5246759237428,500,False,0.04598168410996029,True,0.021149320059340854,5.24867057800293
283744,157.56564369921128,185,True,1.651786129458203,True,0.02113475271939116,3.2189865112304688
285280,357.0360616307623,248,True,2.02463911952524,True,0.021185752742892125,3.684154510498047
286240,658.70527873068,500,False,1.1813839402134263,True,0.021327417181167214,4.736416816711426
286432,737.9491077485877,500,False,0.054042203000565024,False,0.02164362577971478,5.6654157638549805
286768,783.6228631339529,500,False,0.06750229463789106,True,0.021735257468285765,3.425733804702759
286912,674.1253012868468,500,False,0.1928777801026496,True,0.021635934919032013,2.7604923248291016
287744,736.0371579683946,500,False,0.11075334072567486,True,0.021560180850569426,4.1032023429870605
287824,739.0941367460024,500,False,0.11626666242560191,True,0.02117353700157079,4.138316631317139
288368,657.09080654599,500,False,0.6560099495940355,True,0.021197083001351032,5.237888336181641
288752,839.4338260919819,500,False,0.11277566386896277,False,0.021140839653172497,3.7733612060546875
289360,529.152734670081,435,True,2.6780078145093484,True,0.021208469543991314,3.0928895473480225
289408,728.0578006824043,500,False,0.10056712433765705,True,0.021224399252884885,39.53138732910156
289808,228.36213508636965,223,True,6.075203724729979,True,0.02123979794303222,3.177814483642578
289920,429.7251448933201,500,False,0.6557040392658642,True,0.021416996718482854,34.47632598876953
290032,764.3621178446793,500,False,0.2004608661794169,False,0.021343128966961097,3.050299644470215
290640,655.8849066086904,500,False,1.0847729620023372,True,0.02128720485781903,3.570786952972412
290688,743.1817142708458,500,False,0.16118102897844427,True,0.021252530709105988,10.754067420959473
291456,624.2436521727244,482,True,2.4890513239364283,True,0.02127741455670028,3.135715961456299
293280,645.9853349609538,500,False,0.29982882388482396,True,0.02138977201498129,3.8586697578430176
294432,691.5927801350404,500,False,0.1320861411206535,True,0.02131151742939567,5.574801445007324
294768,455.6644997189011,500,False,0.7295745234896073,True,0.02116935912696308,3.958503007888794
294912,716.236853434863,500,False,0.24025713356505388,True,0.021350521879543526,13.250143051147461
295744,496.56853225931246,500,False,0.4451178645537963,True,0.021484355047197087,3.229348659515381
295824,673.5389210730498,500,False,0.13565993666859824,True,0.02170520208442904,2.762342929840088
296000,311.9914622543047,412,True,4.570778494400288,True,0.021714374320909537,2.6881535053253174
296208,346.52540326417636,348,True,2.3248138829635887,True,0.0217243579869207,2.732072591781616
296368,721.5446834120268,500,False,0.13530603039583128,True,0.021884756330001823,3.5510053634643555
296752,514.9601083146385,500,False,0.19185352015296164,True,0.02196125130038122,3.541933536529541
297360,721.919778330662,500,False,0.12065627337446509,False,0.0222127801578947,2.829652786254883
297808,729.3482770604388,500,False,0.08692875223643974,True,0.02243643598209338,4.835232257843018
297920,669.2133211330727,500,False,0.14905834309179056,True,0.022391202784005484,8.954230308532715
298032,810.7617070316812,500,False,0.21550759028599703,True,0.022343772412384028,4.424213409423828
298688,696.1721464921345,500,False,0.2061582930317888,True,0.02224323319341143,3.7735066413879395
299456,731.542528386126,500,False,0.04155289144190405,False,0.02208404135449621,2.8370285034179688
300304,367.0494559030896,280,True,2.9796828703005103,True,0.022245706433325053,3.463170289993286
301104,406.6210184849624,396,True,3.643378470956448,True,0.022284552412938776,3.4242165088653564
301280,800.6304133987945,500,False,0.1883119309953737,True,0.022203451622929058,4.693781852722168
301712,289.231066105248,310,True,2.172186815945691,True,0.022062140369248383,3.127336025238037
302032,260.6934357444901,250,True,2.7173655993473322,True,0.02237319202188509,8.7763090133667
302432,760.1189536698029,500,False,0.06733602546903367,True,0.022336824549479436,7.809204578399658
302912,855.4677973945425,500,False,0.10225703219399888,False,0.022528467385829233,3.8669474124908447
303744,686.7547985891703,500,False,0.32341951637973027,True,0.022485342708672015,4.073937892913818
304000,755.7409778945172,500,False,0.11424917239792129,True,0.022948779014980603,4.081266403198242
304208,778.2042361301948,500,False,0.17063453738143675,True,0.023054106910723023,4.694394111633301
304368,732.164717346137,500,False,0.0647090552735675,False,0.02308253680358304,3.0370912551879883
305040,394.978479300043,349,True,2.9542296399616252,True,0.023122832286630736,2.443641424179077
305360,786.044080427755,500,False,0.10503372939690259,False,0.023085655213421548,3.0099830627441406
305808,700.9742842495788,500,False,0.2605893152380546,True,0.022898073859377196,4.948971271514893
305920,700.7728668919833,500,False,0.2557876775460709,True,0.022879235568159673,3.195568561553955
306688,714.1953616965117,500,False,0.11208071543244588,True,0.022952557675984787,2.448666572570801
308304,836.7379014077417,500,False,0.20894872865700231,True,0.023290578811729922,4.182262420654297
309104,716.3501295497699,500,False,0.19407304339858722,False,0.023091641502791357,3.0564255714416504
309280,721.5473197879032,500,False,0.30718748669173823,True,0.023382484809481064,3.3797173500061035
309712,752.0026714920693,500,False,0.2682413406950579,True,0.02342653307493584,30.75816535949707
310032,758.8758364054277,500,False,0.1491741291786094,True,0.023296822379265086,18.0019588470459
310192,268.8148300154534,274,True,2.0376604901880184,True,0.023545808687771237,3.9474170207977295
310432,509.57189288468624,500,False,0.5363519035171925,True,0.02354752886766419,4.518410682678223
310912,534.4583929491239,500,False,0.4316790908837829,True,0.023592166486208925,2.6813926696777344
311744,565.0279871908032,500,False,0.3679778494255306,True,0.023904977914168585,3.306535243988037
312000,763.1510116256948,500,False,0.04838120500257705,True,0.02357393306988139,2.863431453704834
312208,756.7231837454608,500,False,0.16147112972793246,True,0.02341103078523015,4.892172813415527
312368,675.207418292554,500,False,0.23216151588903922,True,0.023415655290249596,52.989559173583984
313040,821.6618067189166,500,False,0.13638641604264928,True,0.023420890136718636,59.62022399902344
313360,722.3291002100867,500,False,0.06682384175064736,True,0.023416912799080897,5.902165412902832
313520,283.76085238229797,326,True,2.9471296731098326,True,0.02339476208424789,37.33906555175781
313920,761.6870589619926,500,False,0.031064592724695063,False,0.02349212611699,3.776360511779785
314672,304.3490064514891,290,True,2.862087757653157,True,0.023694453535597182,15.009490966796875
314688,772.813972048616,500,False,0.05118462532894813,False,0.02361614444681391,3.8329830169677734
314848,287.72644046145257,291,True,1.2527914070588702,True,0.023597396855139372,3.4279749393463135
316064,316.2332043011918,231,True,1.054508453203509,True,0.023610586444946537,5.346395015716553
317104,752.3812005476434,500,False,0.09126297297745783,False,0.02399147243180384,3.6516482830047607
317280,750.1504210690003,500,False,0.2000339986821573,True,0.023903383145967554,4.4190192222595215
317712,751.9012306157498,500,False,0.10562932670445116,False,0.023763502332593178,6.192394733428955
317936,353.99440276362515,251,True,2.077334930992006,True,0.023898949835487845,4.405287742614746
318432,689.4785341730474,500,False,0.21633911415149096,True,0.024019304706161624,2.878573179244995
318912,776.6435158540756,500,False,0.18376824462598948,True,0.02402931685711788,4.138221263885498
319744,608.5711152581254,500,False,0.4020103286949901,True,0.02407931872439538,3.3420791625976562
320000,702.2618552215562,500,False,0.08919546210898088,False,0.024187824435241638,4.10721492767334
320208,463.90594367952616,500,False,0.6018898892147608,True,0.024074331411006632,3.4517855644226074
321040,650.3678381680064,500,False,0.3326098676820601,True,0.02414955478265418,4.991048812866211
321056,234.9246828145265,399,True,2.518057826727228,True,0.0244704567176379,3.2840871810913086
321360,777.2017120696811,500,False,0.06442454064142156,True,0.024472517643232997,3.8001770973205566
321520,725.7163826736129,500,False,0.10522596835432395,False,0.024569491461062534,3.332913875579834
322688,794.1793155078747,500,False,0.15064702361159932,False,0.02448709369828865,3.1601052284240723
322848,687.8093760358117,500,False,0.06458555576428535,False,0.024701972344197538,3.4054059982299805
322896,483.0671056148394,362,True,1.4306069248286206,True,0.024875627758210467,3.1424787044525146
323040,274.9521519113419,258,True,2.9788901004212804,True,0.024871916032602474,4.498584270477295
324064,721.4956602118702,500,False,0.11388394990073589,True,0.02490038216832422,4.630711555480957
325088,454.9763424648604,334,True,2.0467679041120364,True,0.02494146504804291,3.877518653869629
325280,822.3779708239056,500,False,0.027247238885932168,False,0.025262256893608472,5.423037052154541
325296,104.27734089634983,150,True,3.0915118814047005,True,0.025402571687582223,3.5053153038024902
325712,862.3005631983077,500,False,0.03433313108905419,False,0.025407811278311827,3.2616491317749023
325936,694.0758934284191,500,False,0.12773615656751616,True,0.025519250705482388,5.329628944396973
326432,775.2977231371523,500,False,0.24085462273930217,True,0.02547798553039089,3.1808433532714844
328000,810.9031045815354,500,False,0.1439040154217108,True,0.025505303768764667,3.3120505809783936
328032,638.3743412277628,417,True,2.2942403145144272,True,0.024475769894121393,3.4979896545410156
328208,734.3371808241932,500,False,0.15101682286025525,True,0.024466620701774095,3.507798433303833
329040,725.3978242101103,500,False,0.1041661662956379,True,0.02450671868315868,3.101439952850342
329056,559.78356822479,500,False,0.543748103926993,True,0.024477169938265684,5.317024230957031
329520,800.938614210847,500,False,0.02389113154447693,True,0.024473455675318886,6.442112922668457
330688,857.7717007686962,500,False,0.08611772351469596,False,0.024673391097232,5.826068878173828
330848,832.927352394024,500,False,0.0935576278138317,False,0.025322648115702128,2.969862937927246
331040,688.8887537222404,500,False,0.11843989640901577,False,0.025441809481259695,2.8526852130889893
332064,780.4444462945341,500,False,0.07483034642561928,True,0.02565789754937238,73.46508026123047
333088,823.3537160037366,500,False,0.07519636776088752,True,0.025491968226107855,4.5540771484375
333088,328.4173894830614,223,True,1.9876380883036717,True,0.025491968226107855,4.5540771484375
333280,661.7084729967254,500,False,0.2934839726055953,True,0.024834056731274465,3.5799498558044434
333296,488.18696443195233,500,False,1.521102660726208,True,0.02492426536755586,3.841161012649536
333712,831.6689745686081,500,False,0.06252072876735869,True,0.02492346830934248,2.9262471199035645
333936,706.4993610271293,500,False,0.17891936432488045,True,0.02486680101981852,3.2696003913879395
334432,771.6248011871534,500,False,0.1400617864346652,True,0.02478254514416218,4.609000205993652
335264,370.60506217509277,452,True,2.1685068251373796,True,0.024498396935319987,3.3436598777770996
336000,774.6815179611755,500,False,0.026548251308769685,False,0.024567482928890896,5.491503715515137
336208,758.3987624904788,500,False,0.04383341864246353,True,0.02470687430464371,2.321199417114258
337040,807.018324189956,500,False,0.045135841860761305,True,0.024783769081315864,4.865478515625
337056,652.1417226160789,500,False,0.5420306238377749,True,0.024887569982168452,3.7393245697021484
338688,806.9772277941355,500,False,0.10195085978247953,False,0.024912289713817176,3.1117191314697266
338848,830.918199744641,500,False,0.04452357491045369,True,0.024976483918504752,3.396512031555176
339040,776.6810803264251,500,False,0.10299167390804198,True,0.02505475546540187,3.280656337738037
340064,815.2316738783953,500,False,0.04650557750545044,False,0.02497448781449931,4.140204429626465
340752,318.23558797269624,467,True,3.59341898327874,True,0.024344236427437656,3.333843469619751
341088,736.165615905131,500,False,0.13297312254905455,True,0.024057448979838577,2.8333752155303955
341088,721.9523961026815,500,False,0.2099721710919566,True,0.024057448979838577,2.8333752155303955
341168,582.6401864088828,452,True,3.2263144570680944,True,0.024132660817121922,6.324995040893555
341280,440.41561730048005,330,True,1.0804148711640482,True,0.024172248968499628,2.5284066200256348
341296,866.8369167233596,500,False,0.03055046820925963,False,0.02427164815112104,3.5375194549560547
341712,710.7641497924321,500,False,0.15808505630869618,True,0.024279298997189662,5.734473705291748
342432,518.312736190823,500,False,1.062047430688858,True,0.024344964528458725,3.0166802406311035
343264,629.7647673990678,500,False,2.250331748748001,True,0.024366467050285022,3.3628897666931152
343904,340.42954131082894,304,True,2.955679200648293,True,0.024142211155343637,3.266507148742676
343952,525.4596980140939,432,True,1.8522900330719247,True,0.02428169329276811,2.9524619579315186
344208,771.6785534169755,500,False,0.11348248424266334,True,0.024273099038958315,4.269206523895264
344768,267.80523453123936,218,True,2.907519431843432,True,0.0241910435503231,25.316082000732422
344976,524.0720436597629,495,True,3.40220258525039,True,0.024192146760112613,3.0310685634613037
346688,826.9169828156707,500,False,0.0825312869302915,False,0.02416735056720812,3.21054744720459
346848,832.8104733748858,500,False,0.11134446387898818,True,0.02452539522598782,7.960646629333496
348064,775.0063175204016,500,False,0.12151834872334125,True,0.02459543229045568,4.84829044342041
348624,370.75501453465534,276,True,1.803856803863331,True,0.024173235117908393,3.1430201530456543
348752,646.4786538813875,500,False,1.2649129412481996,True,0.0239660101682258,3.6538124084472656
349088,666.6757185838496,500,False,0.2487944224258208,True,0.023983854434672703,3.8434901237487793
349088,778.874997032411,500,False,0.1597154591628541,True,0.023983854434672703,3.8434901237487793
349168,850.2756045946708,500,False,0.028638903742894517,False,0.024097506072713708,3.0486602783203125
349296,775.90327309317,500,False,0.0648416397967008,False,0.024134681829326498,5.862016677856445
349664,234.83362157119078,186,True,3.5488562938300596,True,0.024206218667488705,2.9954237937927246
349712,564.4223458178271,500,False,0.28997528920665644,True,0.024329332722310647,2.9545974731445312
350432,749.1961006852753,500,False,0.13075067207360014,True,0.02433275380727108,2.796710968017578
351264,602.129896871425,500,False,0.2664310772304201,True,0.024279998463562515,2.4934215545654297
351312,145.60802468681024,134,True,2.6327252385991597,True,0.024375781596283817,3.1125760078430176
351904,720.8916255308484,500,False,1.980527501731004,True,0.024336419983149192,3.6087875366210938
351952,735.1162410426311,500,False,0.060373893631336745,True,0.024280763335617694,3.843357563018799
352768,731.9056470762048,500,False,0.14262294965798009,True,0.024315577979583145,3.0042531490325928
352976,728.8787770105583,500,False,0.030697387612385163,True,0.02433241650494244,3.1268057823181152
354496,130.25225743209543,162,True,2.2974225484408195,True,0.024453161286880437,3.770369529724121
354832,165.37521692213375,220,True,2.12941702315,True,0.024415360319539593,2.8745744228363037
354848,719.2848705107643,500,False,0.14648923618042387,True,0.02416316276437546,3.0786075592041016
356064,816.9329391905699,500,False,0.0968959978614513,False,0.024168052870050315,5.679723739624023
356624,747.5423508551943,500,False,0.6973304839859195,True,0.02374759452389006,3.4261767864227295
356752,765.0072489462214,500,False,0.07647831687147169,True,0.023555690074364116,3.8899085521698
357088,416.93463603739264,500,False,3.4231268474165266,True,0.02343504392438603,7.289531707763672
357088,748.559974811201,500,False,0.08305267297100812,False,0.02343504392438603,7.289531707763672
357296,752.1988611679109,500,False,0.09454094724981081,True,0.0234876038187496,3.6578266620635986
357440,205.75202837459196,162,True,0.5976781609523816,True,0.02347308117725538,4.505822658538818
357664,366.76957408643335,500,False,3.666649451505303,True,0.023337729006843704,4.027197360992432
357712,751.6226526733161,500,False,0.09353873336924066,False,0.023314100069100414,2.786534309387207
358432,801.359666398138,500,False,0.1164648865012984,True,0.02328754539144423,3.4583170413970947
359264,706.7886973881122,500,False,0.037943442313161095,False,0.023189899584324353,2.9870235919952393
359840,423.94172304926195,313,True,1.1036650687448666,True,0.023293068489332422,2.4485044479370117
359952,797.8847005858066,500,False,0.05584016086749188,True,0.023539086463461614,5.383425712585449
360768,757.2171513844783,500,False,0.2463168123891507,True,0.023580932731168826,7.72493839263916
360976,820.9258539068487,500,False,0.061992742730815446,True,0.023482675873227988,6.364699363708496
362496,615.6750657459189,500,False,0.04715434628526254,True,0.023635416838132212,2.791290044784546
362528,496.3658119019005,327,True,0.43175259479181477,True,0.02352991135426908,3.004693031311035
364064,727.1795824973321,500,False,0.08666562804087459,True,0.023526750455831396,3.301325798034668
364624,748.4297047528469,500,False,0.10524002591343007,True,0.023684650825228366,4.736881732940674
364752,776.9470710771502,500,False,0.14572806715590006,True,0.023407205385489176,3.8351969718933105
365088,730.7993056083224,500,False,0.11213812009311161,True,0.023242019238174115,5.0749311447143555
365088,722.563989974355,500,False,0.09484075117513545,False,0.023242019238174115,5.0749311447143555
365440,423.0433087869013,500,False,3.268997037219258,True,0.02309717457565794,3.9668521881103516
365664,832.424419272901,500,False,0.08487373619076895,True,0.023264336873806753,3.900607109069824
365712,641.4549038507633,500,False,0.2826146768577097,True,0.023263897946735907,5.503229141235352
366432,750.6647992633023,500,False,0.10224503265767365,True,0.02324632718052487,5.188910484313965
367264,795.5606247270293,500,False,0.11353592432483252,True,0.023182540440062602,2.669086456298828
367264,591.3596314658498,393,True,1.646131193870171,True,0.023182540440062602,2.669086456298828
367840,652.7283994504805,500,False,1.5221714937622965,True,0.02296058815700332,2.46579647064209
367952,762.4992093349315,500,False,0.11875162277550975,True,0.022897457035799908,2.943510055541992
368512,216.03303894876342,175,True,1.2930701893747665,True,0.02289671882117198,3.693880558013916
368768,747.8197784855486,500,False,0.15140878541829536,True,0.02315527970860455,4.543308258056641
368976,322.9161829003916,272,True,2.23129789863684,True,0.02319056913640615,5.528754234313965
370192,217.81313408803365,183,True,1.8849066748385528,True,0.023215872773141473,3.234673023223877
370496,773.3035907275839,500,False,0.13291835493465773,True,0.022841220721626233,11.586185455322266
370528,618.6189421248811,500,False,0.5443839168735117,True,0.022839452277711936,8.31357192993164
370640,442.12174398823515,347,True,2.6080566595126484,True,0.022859651815019495,3.156014919281006
371136,238.5357301472729,199,True,1.8030087378058348,True,0.022798145535363,79.73789978027344
372064,604.4173658711771,500,False,0.17930625861907828,True,0.02284271533023377,3.7268896102905273
372752,728.4352940714954,500,False,0.11667674934585619,True,0.022421598974101085,4.417669296264648
373088,543.2825339591933,500,False,0.43004988988349735,True,0.022941179054524866,3.105909824371338
373184,303.03657111646623,484,True,3.6900393094001536,True,0.023286303352635797,13.943944931030273
373664,716.3677671618343,500,False,0.1168474769505486,True,0.02339215721667507,8.731441497802734
374432,577.9427266081053,500,False,0.7850332242630242,True,0.023407433680609387,2.997488498687744
375264,705.9733470092974,500,False,0.06810394629054789,True,0.023239127529677422,3.5129916667938232
375840,667.643953569244,500,False,0.07027054358080514,True,0.022991581191139192,2.540294647216797
376512,730.9203282910607,500,False,0.12164880746539888,True,0.02270530383860602,3.1277217864990234
376768,596.3877421328154,500,False,0.3378760058979386,True,0.022463951144233312,3.6069908142089844
376976,765.470273031959,500,False,0.1303302950810165,False,0.022465594590359617,2.365151882171631
378192,759.5505388065963,500,False,0.10931207351573444,False,0.022485848089567148,2.990476131439209
378496,742.4787192153898,500,False,0.08579120221167683,True,0.022236445760790483,3.0109634399414062
378528,478.3677473590066,500,False,0.5059775722593131,True,0.022202356473229004,2.438588857650757
378640,806.9438665206402,500,False,0.22659069873674936,False,0.022207219443430945,4.397660732269287
379136,742.3456770606558,500,False,0.08556706943365995,True,0.022238073542797724,3.928459882736206
380064,674.9942880434526,500,False,0.1035176436679373,False,0.02213862077589739,4.326169013977051
380752,611.1774053632679,500,False,0.7797612412593375,True,0.022076905842695355,3.598278522491455
380864,596.3173140737082,402,True,1.3527559353557135,True,0.021997477512462105,2.621767520904541
381040,416.87288811281604,325,True,3.040808451784454,True,0.02197368925997437,4.298332691192627
381088,699.2271759516498,500,False,0.10846051263013495,True,0.021997629992133363,6.356340408325195
381088,354.5163613107265,270,True,2.585117462339988,True,0.021997629992133363,6.356340408325195
381184,769.2150263529912,500,False,0.06525567262445578,True,0.022010297355365655,2.780503273010254
381664,680.6225465693789,500,False,0.12817679531989876,False,0.0220045811518892,3.2515578269958496
383264,430.0615171581312,500,False,0.5200146198424896,True,0.02212456713062768,3.179083824157715
384512,725.3493929378943,500,False,0.10476722929365005,True,0.022331135371362647,3.127351760864258
384976,863.4129911656863,500,False,0.1029585999648728,True,0.022271758602193614,4.649207592010498
385936,421.31013799739424,317,True,3.2606053357989224,True,0.022432776943500432,44.508460998535156
386192,816.0214941070202,500,False,0.06447817327692341,True,0.022789653076375847,2.731309175491333
386496,671.0509962294358,500,False,0.4462546277237457,True,0.022707406320432506,2.2197446823120117
386528,661.6659675587537,500,False,0.06850034238422462,False,0.022641747931454886,4.094784736633301
386640,634.0363984715921,500,False,0.14139828392886275,True,0.022641139562323203,7.7528533935546875
387136,774.1076093569154,500,False,0.10088175305858316,True,0.022743801623204676,6.690061569213867
387376,507.8148242829689,396,True,1.524843309806122,True,0.022611906500753457,2.4948697090148926
388064,591.2763671754365,500,False,0.46945358950612703,True,0.022685990108876113,2.8731813430786133
388752,703.1644999432134,500,False,0.12432456702315915,True,0.022627338374829366,12.53675365447998
389088,772.8737197194519,500,False,0.08044727877653733,True,0.022558783917504488,3.527894973754883
389088,511.23568689598,500,False,0.6106027666456737,True,0.022558783917504488,3.527894973754883
389184,744.5881141713733,500,False,0.09040826654819607,False,0.02254988667242476,2.6971402168273926
389664,658.5068598100348,500,False,0.07159282953582977,False,0.022518955496583275,4.612128257751465
391264,716.5143979379981,500,False,0.13379950530346751,True,0.02259285383051631,25.95348358154297
392512,647.4800824168102,500,False,0.765795855700189,True,0.02223284368952848,2.631997585296631
392976,765.0533846086386,500,False,0.055741795673006904,True,0.022496829910811734,25.105531692504883
393648,288.8113999333686,285,True,1.8857844497734382,True,0.022482378602371234,8.823166847229004
393936,710.1301628677703,500,False,0.11215534915861403,False,0.022351805341973313,2.7465507984161377
394192,572.9277585718946,500,False,0.5796496311980919,True,0.022391355085234894,2.5915393829345703
394496,720.4426327955616,500,False,0.12696790537586897,False,0.02231246414565932,2.829991102218628
394528,714.9849900073367,500,False,0.1048045407802881,True,0.022290207117261433,3.1042094230651855
394640,685.3428964528989,500,False,0.3495991101603377,True,0.022264143704963695,3.4280338287353516
395136,780.1968751503746,500,False,0.1628848652608617,True,0.022210216578605356,3.353814125061035
395376,639.2721274845446,500,False,0.6859034256935943,True,0.02196558167648818,2.7300610542297363
396064,545.4892298956095,500,False,1.2885597659266657,True,0.021905126707523176,4.959162712097168
396240,542.4987965853343,441,True,3.1553478073012546,True,0.02188699819521564,3.333005905151367
396752,819.6542901407537,500,False,0.11871859489433903,False,0.021866224602829203,2.767759323120117
397088,752.4816282947265,500,False,0.09429037849982891,True,0.02178043665616518,5.675023078918457
397664,764.1860190834581,500,False,0.09237972274631004,True,0.021869997687487125,2.996863842010498
399264,706.2905935598959,500,False,0.08262094499674866,True,0.021973721641432034,2.253535032272339
400512,761.4915087130385,500,False,0.08370361813543696,True,0.021684844722359396,2.9797415733337402
400976,800.893996648633,500,False,0.08287812304820973,False,0.021436722360260584,3.8621888160705566
401600,546.7717481847608,442,True,3.0226173850460105,True,0.021402795118981032,2.222153902053833
401648,685.7237428807795,500,False,0.38427877220313633,True,0.02108421360951744,4.218491554260254
401936,759.0287547338716,500,False,0.10203747835682841,True,0.021113042343730994,6.387995719909668
402000,335.02073419061355,307,True,3.298702780220378,True,0.021199260716016556,4.2390336990356445
402192,774.3630041783055,500,False,0.13460976082765352,False,0.021254204498403057,3.926462173461914
402496,718.3948926796413,500,False,0.10343908681485939,True,0.021366461371794616,3.140998363494873
402640,668.5134747166605,500,False,0.1129106614780046,False,0.02130101202561214,2.6596713066101074
403136,755.8751542215771,500,False,0.1488023370720304,True,0.021246073110134,3.08201265335083
403376,707.4988310256172,500,False,0.07984787199052022,True,0.02114013122635114,3.105574369430542
404064,643.1089116864925,500,False,0.2656035365845397,True,0.0211251005259424,1.8526437282562256
404240,712.4671052973338,500,False,0.17289597298630613,True,0.021310057035791682,4.232977390289307
404592,418.79165524030464,333,True,1.8240312883648522,True,0.02122217824263326,3.3631250858306885
404752,615.3559398594679,500,False,0.16686466426781724,True,0.02113963273688443,3.0443453788757324
405632,127.25891410634024,227,True,2.543170310538821,True,0.02108426896859935,32.456260681152344
405664,684.5671724576143,500,False,0.09686512635854777,True,0.02106397075645158,37.87221908569336
408512,746.049712673006,500,False,0.20044905898655976,True,0.02107761793828008,2.920154571533203
408976,699.8302718876555,500,False,0.047885283321457354,True,0.02120408904336347,20.722820281982422
409584,580.2241728968089,434,True,2.1611719222464565,True,0.021267761730113723,3.297534465789795
409600,743.7886221547242,500,False,0.12441684727342307,True,0.021314147998178372,2.289992332458496
409648,741.6122109800683,500,False,0.34136217234996785,True,0.02132463793930237,4.6475701332092285
409936,657.6202659864862,500,False,0.4334007834983966,True,0.02136581179618128,2.1038260459899902
410192,751.9316483045094,500,False,0.23735995300415935,True,0.021407073958983915,3.4550223350524902
410496,699.0347852609017,500,False,0.7137897989849186,True,0.02145631157922173,2.979172706604004
411136,628.1338608787536,500,False,0.4439795927018844,True,0.021519710858958773,3.52018666267395
411376,772.2066509367809,500,False,0.20358181150180443,True,0.021327806114850904,3.347895860671997
412064,574.0954584720598,500,False,0.32488713678645254,True,0.02155759627100531,8.44642162322998
412240,739.9015881171491,500,False,0.12353539935093748,False,0.021906664815336933,3.9971132278442383
412592,774.9329765415376,500,False,0.04014490444166445,False,0.021777006450158804,3.9613194465637207
412752,766.0884704759334,500,False,0.021405573042542606,False,0.021750443473454218,30.533512115478516
413632,843.8047058081371,500,False,0.10732772520765939,True,0.02173111107821629,3.786720037460327
413664,800.0544318562195,500,False,0.09469017960009568,True,0.021641489125511646,2.485111951828003
414464,307.5256187225939,248,True,3.196407294087723,True,0.021639205138739154,2.802487373352051
415264,316.031930689259,258,True,2.4322671003845873,True,0.02138808596641949,5.615130424499512
415744,566.5210262681449,381,True,1.2305893719851158,True,0.02092051946849128,3.1273186206817627
416480,508.36038816728154,409,True,2.4047830378682615,True,0.020812681968277368,4.180785655975342
416512,795.4933942609797,500,False,0.09897559430502341,True,0.020840792114576883,2.862639904022217
416976,713.1591841523344,500,False,0.11671796599509453,False,0.020875564849060203,25.23627471923828
417312,126.8003995926476,178,True,2.7093066781966804,True,0.021049390981676568,3.1609110832214355
417584,682.8920451373102,500,False,0.09006033552535038,True,0.021131825772719513,2.005857467651367
417600,796.1417436109969,500,False,0.08999175630081849,False,0.021233092112582518,3.3590292930603027
418192,718.7965116536807,500,False,0.08256617345820201,True,0.021216141850350673,3.0884196758270264
419376,773.3202706571843,500,False,0.07709766965913334,True,0.02134941270294691,2.8001627922058105
420064,772.9482011058341,500,False,0.11181776941564173,False,0.021011622624387546,3.7935709953308105
420240,798.8142982164516,500,False,0.03876573386342525,False,0.021073664052025386,3.9324119091033936
420592,718.9846181490656,500,False,0.19250458388073763,True,0.0210867032846127,3.8463540077209473
420752,828.4136610677958,500,False,0.09482903341721476,True,0.021065828462826047,2.8911356925964355
421632,685.4401895104893,500,False,0.05843799310215118,True,0.021029797039676827,9.737504959106445
421664,785.8478903084856,500,False,0.13403503154769766,True,0.020882752470237364,3.4373414516448975
422272,575.4826111555609,408,True,2.9882152803212074,True,0.02088025476098953,1.9968008995056152
423264,572.6057736475966,500,False,0.6567068398792232,True,0.02088415168702504,3.652620792388916
424480,732.878685628205,500,False,0.16220217955371732,True,0.02089564127399012,3.437743663787842
424512,783.5802049803207,500,False,0.05599439699532479,False,0.021206872195347067,4.422665119171143
424880,237.25470810642616,258,True,1.6030239496596441,True,0.021214689973620394,2.625729560852051
424976,725.4998067973818,500,False,0.3811343537655022,True,0.02128446056286895,3.038641929626465
425312,749.5658367423441,500,False,0.1381846176561311,True,0.021416126933966027,3.7604689598083496
425392,383.1166462627965,322,True,3.4441011336878162,True,0.02153552856689736,2.669069766998291
425584,843.2968471407779,500,False,0.10523074910288256,False,0.021550806939973997,2.277674913406372
425600,669.6402266908505,500,False,0.15877429171067373,True,0.021472945753354507,18.467670440673828
425632,497.56248967529484,348,True,3.0376678225640994,True,0.021443246129468425,2.0691003799438477
426192,742.7344300528255,500,False,0.06107756921931211,True,0.02139420614280974,2.51344633102417
427376,785.1945283863105,500,False,0.10446863417576321,True,0.021374493342680427,3.1697769165039062
428592,580.5616149106626,500,False,0.0903927656372326,True,0.021690248890945348,3.7029500007629395
429360,411.1887412542643,280,True,1.929041221091174,True,0.021863970994473115,3.117987871170044
429632,656.7086723896095,500,False,0.32657389998811104,True,0.021671882803538392,2.4632935523986816
429664,736.1916815203421,500,False,0.04668820258122327,False,0.021681001798221498,1.9872841835021973
430272,872.151278774065,500,False,0.061245629448150096,True,0.021679122413455713,7.3127264976501465
431264,740.5762157189359,500,False,0.11374274263800634,False,0.022091705280889346,5.1377973556518555
432352,629.5839249268241,422,True,3.379737904859345,True,0.022201392000441286,2.859005928039551
432480,765.2211739687905,500,False,0.07601438573556757,True,0.021972529498346337,30.49947738647461
432512,644.8630151302026,500,False,0.21551750169325914,True,0.02186538999095226,2.500847101211548
432976,759.9119951016268,500,False,0.10078211248724969,True,0.021840572243663033,2.9552602767944336
433312,786.2983840221452,500,False,0.06951458416881143,False,0.021804369950340987,3.4825525283813477
433392,627.3669150235683,500,False,0.1348257381837369,True,0.02156839077674717,2.999148368835449
433584,835.8892538660666,500,False,0.06701780024813243,True,0.02156682781608928,4.385003089904785
433632,741.7825851448792,500,False,0.10420199091802367,True,0.02167130070525804,4.233606338500977
433744,218.28002363549447,255,True,3.9108246019280277,True,0.021671583337180243,2.359980821609497
434192,638.4112780990395,500,False,0.8559216287068715,True,0.021658417222285505,51.87301254272461
435376,820.1592594025631,500,False,0.059617562687991746,True,0.021551934016909385,2.349497079849243
436592,505.5827780239371,500,False,0.1195795243187977,True,0.02179251224572157,3.129345655441284
437360,769.756961573938,500,False,0.07177515916341488,False,0.021762795268166598,2.9949769973754883
437632,725.624630025906,500,False,0.030664931594832183,True,0.0219890864461053,5.782245635986328
438000,333.28853052082513,314,True,1.4951643481455879,True,0.021817002797176875,3.8190221786499023
438272,665.0051336669181,500,False,0.21984572482727946,True,0.021759499028544748,2.899487018585205
439264,651.3628976531844,500,False,1.175675025199955,True,0.02177632057088995,1.9774001836776733
440352,833.4509638745338,500,False,0.07881007443886426,True,0.022025338579031082,2.1436147689819336
440480,751.9035903793211,500,False,0.22873280103274285,True,0.02186456511710586,49.99876022338867
440512,626.8219030225852,500,False,0.30952467030888137,True,0.02187969506492466,3.0874409675598145
440736,149.41289355806737,171,True,2.9135350425025632,True,0.02187653794173429,5.518871784210205
441312,841.7438593342359,500,False,0.10465324017728772,True,0.021920668585424713,2.553922653198242
441392,590.9804433576037,500,False,1.2051380602184283,True,0.02224703832527949,3.4704079627990723
441584,754.0391510628227,500,False,0.09023712111353234,False,0.022253980046809226,6.450748443603516
441632,616.5459300805059,500,False,0.08924101940029144,True,0.022169882172074693,3.558587074279785
441744,586.019120708277,500,False,0.08325364101603483,True,0.022162097077756616,4.3229241371154785
442192,831.5006067570297,500,False,0.05252030248095189,False,0.022183102700714472,2.5935394763946533
443376,788.4943379902875,500,False,0.08167606591559623,True,0.022103847553912745,2.817706823348999
444224,185.41150734273361,155,True,2.3241987424032216,True,0.02223404659265758,2.543755531311035
444592,686.5363925228424,500,False,0.3074073565585507,True,0.02231540096060734,2.429736614227295
445360,662.6388774918702,500,False,0.2609128612863943,True,0.02227447613364026,2.8669135570526123
445632,797.8665778515744,500,False,0.0779256376252349,True,0.022235445831927613,15.956857681274414
446272,797.6828694541366,500,False,0.16957885004136433,True,0.02218583063073517,2.3335094451904297
447264,805.2708034865033,500,False,0.10705752515637969,True,0.02205425145677715,2.376436948776245
448352,830.3097433075664,500,False,0.0844225633612624,True,0.02220894380433035,4.257574558258057
448480,766.6315090310104,500,False,0.044218122944191945,True,0.02246096438178068,2.925340175628662
448512,748.4417437157445,500,False,0.05804905849148422,True,0.022502967390319005,5.838038921356201
448736,788.2692940590625,500,False,0.06393840423939272,True,0.02252407883742027,4.660664081573486
448864,169.97907622383792,162,True,1.0625839919745361,True,0.02255617988899587,2.2497482299804688
449312,817.0922947685928,500,False,0.08926261947995319,False,0.022589758563191027,2.4276769161224365
449392,836.0407922521814,500,False,0.08438073410253398,False,0.02255141747784007,1.9454792737960815
449584,702.0751728185198,500,False,0.17374067177392277,True,0.02248990210065224,3.919356346130371
449632,763.0021572433083,500,False,0.08930410581394448,True,0.0225251176629392,2.563469886779785
450192,767.2615869787908,500,False,0.17363385632007108,True,0.022116189934969936,2.091428279876709
451376,814.6982175452441,500,False,0.10759840510706661,True,0.022117393454578214,8.26115608215332
452224,774.4732358592917,500,False,0.10727229102084378,False,0.0222481622088311,3.666245937347412
452592,833.5108931730921,500,False,0.17515401846319772,True,0.02275942592347571,2.7743635177612305
453360,818.9956096944578,500,False,0.08970081422177444,True,0.022701550660634576,2.6448121070861816
453632,716.1156583201323,500,False,0.16995688241251844,True,0.022365999009789896,2.2876696586608887
453744,343.9869333010829,313,True,2.9441785585664544,True,0.022249251584456762,5.7726826667785645
454096,568.6184115442793,427,True,2.8129878381112827,True,0.02217240537408099,2.8126108646392822
455184,278.9796676921387,238,True,2.3420645262533757,True,0.021886836537636747,2.6076300144195557
456352,678.4894502359117,500,False,0.5878504410252594,True,0.02178766385242076,2.3751094341278076
456480,797.7624786829077,500,False,0.13057335629461922,False,0.021595623349988168,10.143424034118652
456512,699.1277185594155,500,False,0.1225385333058811,False,0.021698403524168693,2.810513496398926
456864,665.231134107392,500,False,0.13230149352745704,True,0.021705987872027942,2.3208370208740234
457312,705.9135977562722,500,False,0.16707808640301725,False,0.021638324479316153,4.8654069900512695
457392,722.0225942687379,500,False,0.3186386112089529,True,0.02189194128255082,2.917095422744751
457584,690.9464328453486,500,False,0.05006028563738018,False,0.0219075256612957,4.352206230163574
457632,830.8326237797612,500,False,0.07939592084920326,True,0.021898110025591597,2.6722099781036377
458192,750.4454740320177,500,False,0.08908558864657648,False,0.021871216564527028,2.5862855911254883
458960,317.09680639485816,304,True,2.6453826997418957,True,0.021931808704495875,2.9618232250213623
459680,288.9393030681839,281,True,2.3426411268109653,True,0.022026214399496057,12.537314414978027
460224,779.7183060236537,500,False,0.0550665795242808,True,0.021927264155586493,3.2233362197875977
460592,726.0141136778457,500,False,0.13454487888178637,False,0.02188124431805061,21.101470947265625
461136,148.25208598641169,267,True,3.012450623852113,True,0.021788570935523714,2.908776044845581
461360,708.8623959395361,500,False,0.08084006603800958,True,0.021970980774782097,2.7886476516723633
461632,795.832665162184,500,False,0.12694691991705165,True,0.021947391590185307,3.8193721771240234
461744,725.1345772397843,500,False,0.07492241690422993,False,0.021783497314605618,2.8366689682006836
464352,807.4815194439749,500,False,0.14684124509186253,True,0.021739939379769167,2.6674225330352783
464480,833.1057702463087,500,False,0.08283765985823462,False,0.021554696507502788,3.0038886070251465
464512,465.77848271711,500,False,1.018030556376523,True,0.021700270310627184,2.93381929397583
465056,368.80436498964696,279,True,1.1493946609850152,True,0.021705232560850517,2.6678972244262695
465312,758.697240638727,500,False,0.12039700079064182,False,0.021400154114785016,2.6586265563964844
465392,751.7815595528352,500,False,0.06787487659577876,True,0.021606931547701505,2.631983757019043
465584,720.7203351332702,500,False,0.08600029748411434,True,0.021624664354895604,2.3054747581481934
465632,834.3749895093584,500,False,0.07484856892646528,True,0.021650459887952757,3.6319849491119385
465776,321.1807950462874,276,True,2.6081512507426834,True,0.021685507216551502,2.529489517211914
466192,835.1315998302575,500,False,0.191215071610721,True,0.021679427602474044,2.735769510269165
466960,667.179738521486,500,False,0.19409350855810628,True,0.021579276286405526,2.1773719787597656
467680,812.1739414566017,500,False,0.21750133701022561,True,0.02149754423437225,5.39472770690918
468224,459.609061231475,500,False,0.5381623893077634,True,0.02160252571386738,2.3312573432922363
469136,436.40902475501724,500,False,0.9350476000411435,True,0.021815319597037895,6.517065048217773
469152,200.51280699913252,240,True,2.6717087309400043,True,0.021855376200434897,4.71834659576416
469632,786.535780224426,500,False,0.06677539843631003,True,0.021846499378499973,3.245922565460205
469744,759.444961738877,500,False,0.03513681789825163,False,0.021634086458024733,4.015374183654785
471296,387.91920359058065,390,True,3.237754989214436,True,0.021605671765623703,2.954927921295166
472352,752.7257732542519,500,False,0.10081706911274466,True,0.021545571102645343,2.849679470062256
472480,747.3319361731529,500,False,0.1455230558636696,True,0.021691956392631884,2.189617156982422
472512,729.5156559735979,500,False,0.15280929014608452,True,0.021624439155591986,1.9220645427703857
473392,759.4554309404791,500,False,0.1295930645537829,True,0.021594539395833723,9.67653751373291
473584,781.1555137259373,500,False,0.09899221420131571,False,0.02154457783990794,2.280165672302246
473632,755.7292283310832,500,False,0.10318859315903874,True,0.021609173112492934,64.9332275390625
473776,638.2908248118594,500,False,1.1740420087123862,True,0.02168877466959222,3.1327977180480957
474192,802.5722295556106,500,False,0.06775398797560818,True,0.021863158763949998,2.0555472373962402
474960,831.6245415096631,500,False,0.13270349672567885,True,0.02174790085960812,2.578843593597412
475680,761.8896733549848,500,False,0.13158246332003956,True,0.021671733073339024,2.876753091812134
476224,715.9687671706196,500,False,0.18524021127834686,True,0.021555208390770113,2.01825213432312
476512,529.1058054202113,423,True,2.4499073713692794,True,0.021581253714551933,2.654916286468506
477136,780.626767804703,500,False,0.11978560083252852,True,0.02158952176393214,6.436058521270752
477152,709.4714187352115,500,False,0.18603729552012904,True,0.02176149551810416,2.3338732719421387
477632,722.541859582561,500,False,0.1697215358045026,False,0.02176865158914454,2.6666996479034424
478128,275.3932443969322,246,True,1.2367544582565357,True,0.021776011891295424,3.530672550201416
479296,731.3861349838858,500,False,0.1955974291396195,True,0.021607617795515142,4.52210807800293
480352,739.5080360174508,500,False,0.19691841190608517,True,0.021354555722397906,2.6097166538238525
480480,777.8057218023675,500,False,0.03781503129925046,True,0.021366344185508823,3.9044439792633057
480512,576.7377469351048,500,False,0.13051284068359814,True,0.021431536018418545,2.488154888153076
481008,625.700484041805,461,True,2.2197581233157284,True,0.021443271352618403,4.896724700927734
481392,721.6891299386084,500,False,0.34665272099605493,True,0.021735127563516664,49.04490661621094
481584,756.0284327470937,500,False,0.05965959553848098,True,0.021703019325869783,2.1831202507019043
481776,826.5067622870047,500,False,0.06649261811376979,True,0.021743831772303948,2.250156879425049
482960,708.9033245569705,500,False,0.13511890449456312,False,0.021620485825797214,2.604213237762451
483680,820.6273227460601,500,False,0.08425924664332386,False,0.0214844039442112,2.7789506912231445
484224,846.0520086685169,500,False,0.07248712850859541,False,0.02129958481032705,3.185011863708496
484512,707.5472676957692,500,False,0.14698543902562883,False,0.021435209346055552,2.0283892154693604
485136,634.828588147694,500,False,0.34722558994974784,True,0.021457240779847685,2.206747055053711
485152,768.3107284559333,500,False,0.08051525147081633,False,0.02128352747901096,5.042441368103027
485632,714.1885770373143,500,False,0.12186676209289107,False,0.021278203243282657,2.6642580032348633
485952,131.89486888935477,142,True,1.9495055955565468,True,0.02116440228796803,8.03068733215332
486128,764.4375756092818,500,False,0.04466070417220851,True,0.02102607734586123,3.2164947986602783
487296,768.621930122585,500,False,0.17731673644630747,False,0.020962742926980978,2.4766335487365723
488352,757.3283551896212,500,False,0.1029210116310487,True,0.020800523179512732,2.321472406387329
488480,727.9898932498937,500,False,0.12609918444986018,True,0.02111342587821502,5.66237735748291
488512,767.6767247807988,500,False,0.05821304784646069,False,0.020986724169957376,2.2153778076171875
489008,779.9513653514169,500,False,0.12339818875060689,True,0.02093867979879955,2.3823928833007812
489392,835.8768685486156,500,False,0.03597390903641045,False,0.02078327995240463,2.7384517192840576
489584,644.4196530539062,500,False,0.3645188180572429,True,0.020487631441373288,15.496715545654297
489776,774.3038494130002,500,False,0.1640355038559569,True,0.020456442120929477,1.7874648571014404
490960,708.4769097448353,500,False,0.11637481344086396,True,0.02039929677740169,3.1638295650482178
492224,710.6407461733886,500,False,0.29683596242162547,True,0.020277581078499512,5.637788772583008
492512,591.3986209196166,500,False,0.2801386804294968,True,0.020711861535460764,2.6615469455718994
493136,651.4019375110844,500,False,0.5768466137669563,True,0.020524965145470368,3.006328582763672
493152,689.9731588666203,500,False,0.14476566380272907,False,0.020633006140887977,1.9947630167007446
493632,730.0582843163534,500,False,0.10739938673013515,True,0.02063735516929404,3.314095973968506
493856,375.4408890660799,303,True,1.741037965841388,True,0.020597811584857795,2.798825263977051
493952,759.6541833740167,500,False,0.13202491603421518,True,0.020662118403741398,7.949392795562744
494128,708.6065712505298,500,False,0.09279191203992264,True,0.02062127951069291,32.60741424560547
494928,327.72654247219725,403,True,2.901090032133874,True,0.02055703619183169,3.073507785797119
495296,697.4807541790373,500,False,0.1939961420629278,True,0.020704866248656823,5.385953426361084
496352,816.4154592280393,500,False,0.10905017900132638,True,0.02071257619250344,3.921405553817749
496512,789.4986706940471,500,False,0.06977574178704536,True,0.02048373850231484,1.9307336807250977
497392,738.7107087110323,500,False,0.10388367008824309,True,0.020567135489261625,2.4038238525390625
497584,786.6532858706994,500,False,0.038757411119612034,True,0.020947548883013978,2.201070785522461
497776,701.9546315153286,500,False,0.08380136063757618,True,0.020920066465401028,4.440260887145996
498256,525.6632723220656,359,True,1.1914193737662762,True,0.021002831881887736,4.75601863861084
498608,184.2906748926706,141,True,2.8615489415617885,True,0.021147212830919714,4.090863227844238
498960,761.9739889341314,500,False,0.13635497649435818,False,0.02115989168973735,3.098853588104248
500224,738.276013899173,500,False,0.11362743663203759,True,0.02073875675963339,2.358880043029785
501136,718.5518920234613,500,False,0.19068863160418867,True,0.020799908621707018,1.9864754676818848
501152,736.3928131642297,500,False,0.10849176843347244,True,0.02063282087057656,3.631810426712036
501632,189.26437694166663,500,False,4.782469523026507,True,0.020626445009630217,3.9269464015960693
501856,588.4186192442431,500,False,0.6555745529256015,True,0.020564715955680976,2.8670992851257324
501952,719.0379668685648,500,False,0.12847280941315498,True,0.020610515553535456,3.448406219482422
502128,765.5113549441118,500,False,0.0863859349240993,True,0.02057956873960681,3.199651002883911
502928,712.4228922432699,500,False,0.17956937560231184,False,0.020541347150468476,2.8411526679992676
503296,773.8757267595404,500,False,0.06512884665374243,True,0.02014652608558503,3.8442368507385254
503728,114.518392728531,161,True,2.313457297614242,True,0.020180486527680713,3.723367929458618
504512,344.140387576808,500,False,3.584897767397311,True,0.020091455112900097,11.952666282653809
505392,707.8788805265173,500,False,0.17528511373697692,True,0.01976902733370288,2.5669314861297607
505584,839.947545442572,500,False,0.09602257131058588,True,0.019548018998863638,3.0722646713256836
505776,834.4976751358158,500,False,0.05771119296967817,False,0.019588123336620664,2.9583511352539062
506256,749.8844055327661,500,False,0.05605614129412958,True,0.019639172862679175,3.4297642707824707
506608,738.788289533254,500,False,0.07419657726424889,True,0.019666370015909054,6.1409525871276855
506960,692.5968250388006,500,False,0.24155997325393588,True,0.019739976828460255,4.340949058532715
508224,655.917258296848,500,False,0.1701498890615395,True,0.019884500933584733,3.509009599685669
509136,842.9120139949523,500,False,0.030522704453991037,False,0.020019053381023288,7.620942115783691
509632,749.7250174842986,500,False,0.1117371363247461,True,0.020035446722493612,2.5712971687316895
509856,810.296069554659,500,False,0.023907340790180094,True,0.019852593292453632,10.343017578125
509952,717.3807718136717,500,False,0.27888911807541145,True,0.019930532467355797,9.018194198608398
510128,706.258960094977,500,False,0.11245306287711261,False,0.0200119227004599,4.2864990234375
510512,320.0721285269724,266,True,2.8293539439752093,True,0.02010476160239746,4.534096717834473
510928,685.7188248523358,500,False,0.26652402254382035,True,0.020364117571133697,3.714160203933716
511296,785.8525807862995,500,False,0.0986682124703694,True,0.02039877664125414,1.9037644863128662
511728,758.9233835589075,500,False,0.0477991037099328,True,0.020395817361433977,3.9803669452667236
511792,147.51424310616855,166,True,1.3218319450184686,True,0.020364216186020048,3.0725350379943848
512512,698.271617229377,500,False,0.21794302581139327,True,0.020408505351921985,6.259768486022949
513392,697.0502604936413,500,False,0.10199269926901826,True,0.02012194607746294,2.8899664878845215
513584,731.4073189166548,500,False,0.10763095266387927,True,0.01993548967367737,45.414703369140625
513776,788.5017499477625,500,False,0.07256792753030543,True,0.01998036861786422,2.9452247619628906
514608,349.37339125495646,500,False,2.884856609242028,True,0.020016884118962068,2.8106675148010254
514960,745.9923601627551,500,False,0.06799633587854578,True,0.01994829866567532,4.111547946929932
516224,626.9040670897303,500,False,0.21891939042489653,True,0.019877051037388255,2.089047431945801
517632,802.9628370566227,500,False,0.07249028766616371,True,0.020250066231911598,3.009401559829712
517856,816.2555961970235,500,False,0.051443704326876456,True,0.0203689486975609,1.841235637664795
517952,773.4532531096906,500,False,0.2629660931121686,True,0.020410734162031194,3.320012331008911
518128,559.949681900166,500,False,0.365091753191638,True,0.020351259164730903,3.3214471340179443
518512,741.7146045633957,500,False,0.11010269563892901,True,0.02027997859508173,3.04972243309021
518688,586.2236497657092,435,True,2.3181296766185095,True,0.02041632672116771,4.490766525268555
518928,734.3296097730118,500,False,0.16567834960648126,True,0.02042769387038801,8.220230102539062
519296,695.2605270619841,500,False,0.3670285620560083,True,0.020426168538634812,3.119741916656494
519792,757.9076227533768,500,False,0.16117514525879284,True,0.020407484359275904,2.9222378730773926
520512,711.9420934997034,500,False,0.04731811736748219,True,0.020558293579936857,4.175666809082031
521392,800.7178847335625,500,False,0.32596286952219367,True,0.020187507817196953,3.7815163135528564
521584,796.4538205348713,500,False,0.09842982257693954,False,0.0200586754271327,2.4524803161621094
521776,730.9863069259151,500,False,0.06468860315524029,True,0.019941298856454844,12.644126892089844
522272,358.1877332697749,270,True,2.0998684923397932,True,0.019792529693505465,2.074709415435791
522608,827.0504542998698,500,False,0.12616135262783554,True,0.01961773705215229,2.6226325035095215
522960,614.2186180358942,500,False,1.3669623709335998,True,0.01950667339822476,2.91115665435791
523072,332.2694128631224,340,True,1.3068663562823681,True,0.019307525020022004,2.8148550987243652
524224,243.58688591097453,500,False,1.7332831207993453,True,0.019188081349936305,3.1821513175964355
524384,389.2477437155139,391,True,1.5212988193520736,True,0.01936311601672952,4.185251712799072
525072,469.013425566251,361,True,2.1792846364461376,True,0.019424830156560925,3.019615650177002
525856,684.3074998100203,500,False,0.17603885116700846,False,0.019872151533232688,2.595376491546631
526512,724.743105399484,500,False,0.05925151490691469,True,0.019605723041572546,2.9657773971557617
526688,785.5625561037726,500,False,0.11228123489086297,True,0.019692100278487293,2.1752736568450928
526928,751.0135922466095,500,False,0.13471379460866129,True,0.019709510211040098,3.188538074493408
527792,737.4073510203843,500,False,0.09297372681585692,False,0.019689254882696815,3.4359004497528076
528512,716.0472497875701,500,False,0.09223055501270591,True,0.01971405142882663,3.2643418312072754
529392,787.0654735116618,500,False,0.1361520471057706,True,0.019809129355380036,3.314845561981201
529584,738.6094739540463,500,False,0.13199935766042759,True,0.01945913308855406,3.9351978302001953
529616,449.15352992194903,438,True,3.023567194754032,True,0.019528495134047783,2.5576577186584473
529776,786.2901817258501,500,False,0.12194830794126839,False,0.019556450105662062,2.189635992050171
530272,710.3213597414477,500,False,0.1820463899504147,True,0.01957607752334237,2.325073719024658
530960,711.8780366713482,500,False,0.0913564535937847,True,0.019297069051633392,4.47919225692749
531072,712.7963557568743,500,False,0.17662255982189115,False,0.019133333585376305,2.92777419090271
532224,446.78193876272906,500,False,0.6468187717506497,True,0.019073053296828794,1.9840755462646484
532384,757.1222814155266,500,False,0.1214114154993258,True,0.019654541999011534,3.2561521530151367
533072,707.1870772414399,500,False,0.23007621475012155,True,0.019659905083714468,3.638051748275757
533856,717.2649243362707,500,False,0.06114351914616084,True,0.0195350845309323,2.195655584335327
534512,612.3715737932682,500,False,0.3547656194671172,True,0.019554521878843774,3.3134872913360596
534688,703.2220303757806,500,False,0.20922786750158812,True,0.019804922435294216,2.3541579246520996
534928,852.4789916019655,500,False,0.03796643258201931,True,0.019873728774719792,4.037315845489502
535792,673.6534942877748,500,False,0.16390773737029482,True,0.01996934287309053,2.7384114265441895
536512,810.3589210210486,500,False,0.14687332305481823,False,0.019857748705649457,17.971908569335938
537392,760.9399415720158,500,False,0.08224222520703864,True,0.019814913425371707,5.591375350952148
537584,752.2197071809338,500,False,0.0529462655404237,True,0.019734003602224034,2.9312143325805664
537616,760.4231151616578,500,False,0.053954295371463075,False,0.019680946403838332,2.771481990814209
537776,711.9081756533932,500,False,0.19213426627788396,False,0.01967110677734154,4.443499565124512
538272,840.9444916338432,500,False,0.07476424112568279,True,0.019730988153463424,9.207610130310059
538960,860.5321415820912,500,False,0.06342685209492518,True,0.0193131535457597,2.5508346557617188
539072,886.316041330044,500,False,0.03725659541033512,False,0.01924410739914569,1.6843852996826172
540224,732.6676254827046,500,False,0.08280113665169973,True,0.019185686103910075,2.903451442718506
540384,647.4549023873908,500,False,0.363954536733785,True,0.01903029969434278,2.0438549518585205
541072,714.8343138956081,500,False,0.10570168815457988,True,0.01900412163057968,3.794579267501831
541312,347.3981940945131,345,True,1.550672681309262,True,0.01911001055734745,2.6746058464050293
541856,710.773843748397,500,False,0.18257703504561218,True,0.019122156103125967,3.8899130821228027
542512,807.5112387906435,500,False,0.055291381288655454,True,0.0189550525779663,3.0771031379699707
542624,357.5301749910001,303,True,2.3209189733450515,True,0.019060659742664784,2.4391748905181885
542688,754.1203028222135,500,False,0.057606218235064614,True,0.018967511907236397,2.331115245819092
542928,669.405316488348,500,False,0.4667281763130734,True,0.01897348748470706,3.268653154373169
543488,518.244435563563,381,True,2.783390528083633,True,0.01901094859847649,2.0362801551818848
544512,885.0970209231693,500,False,0.03876806187313718,True,0.018908428572116994,2.4494924545288086
545584,816.800451868917,500,False,0.07355092361058713,True,0.018853071817711065,2.933907985687256
545616,816.5411280721253,500,False,0.11359132223169269,True,0.018924109304826936,3.354459285736084
546272,652.4147136291284,500,False,0.2173758946294271,True,0.018930042576522702,22.8992919921875
546960,646.9573569222193,500,False,0.2215902219533221,True,0.018741098338549988,8.722122192382812
547072,835.1149686151358,500,False,0.07688526982715535,True,0.018561392909670443,23.102760314941406
548224,737.01715175913,500,False,0.03693405705021444,True,0.018584856240555024,2.180575370788574
548384,744.9993021578881,500,False,0.13832655197710242,True,0.01866519163603339,3.1773455142974854
549072,729.2188038682125,500,False,0.07787897379709467,True,0.018711327696138626,3.977802276611328
549312,771.7502968425503,500,False,0.05853891664121626,True,0.018719528879589338,2.9088492393493652
549856,523.7258911791758,500,False,1.246510851103125,True,0.018624230923940444,3.3163599967956543
550512,839.7316517351948,500,False,0.08599443815058065,True,0.01873144593498845,4.229251861572266
550624,728.5989587449116,500,False,0.03736631562949415,True,0.0186214657403882,2.506631374359131
550688,760.0179756288815,500,False,0.08212991813759107,False,0.01866799604294229,1.877637505531311
550928,440.46071680496897,500,False,1.5884540007000643,True,0.018685452692906154,43.28282165527344
551488,752.4566105356718,500,False,0.07310777569795895,True,0.01882394917874918,3.132108211517334
552512,822.0143031555912,500,False,0.08679850051030022,True,0.018728780381634925,36.864501953125
552592,473.9137179981396,352,True,2.979961509006626,True,0.01898641579770332,2.893706798553467
553584,808.2132261464972,500,False,0.04694719547389013,True,0.019004375058954956,3.1627635955810547
553616,693.65809969607,500,False,0.23942012348907357,True,0.01895531749967822,2.766139507293701
554272,410.1218871039656,500,False,0.795916530738206,True,0.018943216452188147,2.3760769367218018
554352,360.7674612982295,315,True,3.078063883618703,True,0.018847842655134246,1.9663505554199219
554544,447.82893439456643,342,True,2.635509446429004,True,0.018866900934265508,1.8295278549194336
555072,793.3651095968451,500,False,0.04683041027282254,False,0.018772132052120645,3.0749378204345703
556224,798.4448783337447,500,False,0.1548153949898398,False,0.018739990757954406,3.307387590408325
556384,725.2051316912218,500,False,0.07189802719011641,True,0.018954232709862864,3.8201375007629395
557856,666.4047723349264,500,False,0.2538135357337789,True,0.018926518128662556,3.328923225402832
558512,716.5316894328982,500,False,0.24620218296462004,True,0.019246475184141132,3.169398307800293
558624,821.1724830142889,500,False,0.05969787715713804,False,0.019376659785217774,2.652256488800049
558656,279.7127176618991,257,True,3.2652836231966025,True,0.019320209252437253,15.40699291229248
558688,842.7167983508186,500,False,0.13627438058345467,True,0.019304613767488557,5.335297584533691
558928,788.9558391720174,500,False,0.02377600762192631,True,0.019296073802470927,2.3565075397491455
559488,808.6034193176902,500,False,0.07396990110871024,True,0.019207684294145436,2.651582717895508
560480,320.5105231401061,493,True,1.6248427434573198,True,0.01928776538749596,18.009864807128906
560512,744.2130313314692,500,False,0.13208327700788353,True,0.01952890494175769,2.423238754272461
561584,661.764236899098,500,False,0.3687814586254061,True,0.019519808421418518,2.1291065216064453
561616,741.4986206333006,500,False,0.1012904235194043,True,0.01914480360634618,2.067016363143921
562272,754.2326899893048,500,False,0.06829649844840513,False,0.01910706021871243,3.829972982406616
562352,767.5045662650604,500,False,0.03357967382074148,True,0.018944003433416057,2.158379077911377
563072,814.8754326804986,500,False,0.07674232469027617,True,0.01897028338087954,1.7987091541290283
564224,846.9858872189363,500,False,0.1772470599336801,True,0.018640105587061247,2.1212222576141357
564384,842.8583406659512,500,False,0.0948620402495617,True,0.01887447365464239,2.1253554821014404
565856,670.2729622098531,500,False,0.8015092517612615,True,0.01877376383283326,3.638390064239502
566512,728.9714566455023,500,False,0.053804989270945534,False,0.018882420470867217,14.159158706665039
566624,796.0294317017782,500,False,0.06703706008476537,True,0.018824838966226054,2.7503297328948975
566656,854.1372089455707,500,False,0.051168322017191896,False,0.018944403115657805,2.955019474029541
566688,511.8260635727349,500,False,1.9946108434177188,True,0.018986176510197635,2.593459129333496
566928,696.2918292088689,500,False,0.10648584901102137,True,0.01900909899535829,4.542132377624512
567488,800.2427134758354,500,False,0.04310368614206522,False,0.018966340797326422,4.020735263824463
568480,666.6229745559849,500,False,0.578014007035657,True,0.019153910683284293,2.054579496383667
568512,762.9712296221309,500,False,0.04772721632626848,True,0.018892439443310042,5.86651611328125
569488,495.5735565645554,451,True,2.5056804252845035,True,0.01888054146494351,3.1458044052124023
569584,703.0419587453155,500,False,0.22330759353257357,True,0.018561004022295036,2.707026481628418
569616,758.3635834755192,500,False,0.14883828443288083,True,0.018510673565184668,6.880560874938965
570352,772.3728336705365,500,False,0.05129876892333808,True,0.018500154538616077,4.179720878601074
571072,752.7914181451223,500,False,0.08595956415421463,False,0.01866988372845878,2.1116886138916016
572224,823.8191589251851,500,False,0.02272817477235647,True,0.01872308521476168,8.547765731811523
572384,628.6518245538509,500,False,0.4328009665810497,True,0.018588761566926376,7.2043657302856445
573856,674.8372378633045,500,False,0.6745636437407044,True,0.018655811710911678,7.337348461151123
574512,807.2044995927723,500,False,0.06671296952085091,True,0.01815723905771382,3.762906312942505
574624,603.0436959079859,500,False,3.212694533050619,True,0.01785707366246043,2.3974483013153076
574656,847.0450170953736,500,False,0.01107295071011792,True,0.017916107376987535,2.3995699882507324
574688,685.597576412313,500,False,0.3580622525043351,True,0.01793786716927228,2.743422031402588
574928,782.6345110324276,500,False,0.08334575812413883,True,0.01795028471494328,2.685438394546509
575488,680.3541216264981,500,False,0.12682101999348597,True,0.017930177508730775,3.162942409515381
576480,818.3313661429838,500,False,0.04548075052107651,True,0.017910261807861278,3.4276440143585205
576512,805.1919097888137,500,False,0.0683323871661807,True,0.01812389013209559,2.8060946464538574
577488,769.8503411705198,500,False,0.07841700184047834,True,0.018117064663464282,2.1354901790618896
577584,677.0054329119024,500,False,0.1648045803160225,True,0.018320101561512016,2.7390599250793457
577616,594.4684893648902,500,True,2.3834527917016777,True,0.01826164737222965,2.439296007156372
578352,770.8645051356033,500,False,0.2061995071587445,True,0.018265738559027273,4.799853324890137
579072,818.0065206884001,500,False,0.035692407975871344,True,0.018406956329153682,2.909071445465088
579136,140.2932788469679,228,True,2.3171257515855417,True,0.018418557338651827,1.9504642486572266
580224,800.5730214415469,500,False,0.08428732714506812,False,0.018434174847798742,5.063107490539551
580384,701.3445774324585,500,False,0.4320284239285522,True,0.018367889887706948,2.228830337524414
581856,773.9068969805976,500,False,0.13691157062804094,True,0.01832588524950694,11.097063064575195
582512,471.0049935024065,500,False,1.082517999528348,True,0.01819786222952463,12.375965118408203
582624,816.6653410581092,500,False,0.11324800827828663,True,0.01848196552593401,3.1151928901672363
582656,650.8305806885417,500,False,0.20602613312527499,True,0.018405767084345794,2.419874906539917
582688,767.0345383271642,500,False,0.06153559428843581,True,0.018384201101996758,2.362159490585327
582928,658.78035426538,500,False,0.22766228640064012,True,0.01836187987450078,2.7015316486358643
584480,781.4563833594613,500,False,0.11335280203774098,True,0.018376245300572594,2.1780152320861816
584512,688.42381859666,500,False,0.2962716825020286,True,0.018447937026717307,3.111483097076416
585488,818.1484445712997,500,False,0.07778296353022739,True,0.018477251489720542,2.442009925842285
585584,668.2279850775108,500,False,0.08271371595075484,True,0.018609340596001507,2.2442057132720947
585616,233.16071808370455,500,False,2.212714750960163,True,0.01865223168058315,2.8164117336273193
586352,459.75728027813363,500,False,1.9046316554727587,True,0.0186165284063461,2.0501201152801514
587072,780.3057989543145,500,False,0.016764367398525968,True,0.01862982802386507,2.530060052871704
587136,801.5524676372797,500,False,0.0965455677950829,True,0.018578053119866694,2.3293230533599854
588224,761.6682879411036,500,False,0.05853537396063454,True,0.01858239442173539,2.4305219650268555
588384,757.8855216091202,500,False,0.043842044659711726,True,0.018490051118595023,2.6960177421569824
589856,847.8551235575495,500,False,0.037905285893924355,True,0.018342670298636902,3.997288227081299
590512,808.746218371001,500,False,0.04577349740132227,False,0.018039029962557233,3.011077880859375
590624,611.1150781947908,500,False,0.2893374258581852,True,0.017906269997653535,2.6033594608306885
590656,745.4120400157461,500,False,0.06267410995872333,True,0.018014385171159802,2.338902711868286
590688,758.4642256337418,500,False,0.051479368390853035,False,0.018023551656640543,2.852938175201416
590928,662.6469358843555,500,False,0.14868687290016266,True,0.0180343902547904,2.570971965789795
592480,629.4232453626723,500,False,0.20437386237592256,True,0.017969395906665638,3.5393385887145996
592512,773.3599837633641,500,False,0.08012360917404167,True,0.017726463934052094,3.9045445919036865
593488,805.1160201653404,500,False,0.15990339757596356,True,0.017724270996372502,2.2893691062927246
593584,733.9902585130898,500,False,0.05087715120429357,True,0.017375005049727058,3.392267942428589
593616,813.0148071410197,500,False,0.08065092472371171,True,0.01741503315109997,2.0649023056030273
594352,675.3340535884439,500,False,0.2362985949002018,True,0.017433839733291805,5.795111656188965
595072,810.2629193737594,500,False,0.06240297415744635,False,0.01751119522399208,2.2184715270996094
595136,742.6870308947053,500,False,0.14703682454777195,False,0.01752566880689285,3.2110626697540283
596224,829.0955718584441,500,False,0.06553734000377366,True,0.017507223994662452,2.7287495136260986
596384,770.9922693482001,500,False,0.07933508889403514,True,0.01750304198136514,3.227614164352417
597856,760.1298893079337,500,False,0.0665527394278171,True,0.01745075248857521,3.666900634765625
598512,767.2118425610832,500,False,0.2597190250411456,True,0.017459584135413778,2.2600257396698
598624,887.5131045338804,500,False,0.04232257371414168,True,0.01753079962981775,3.305811643600464
598656,560.3443667000453,500,False,2.0015499679779962,True,0.017558829862877948,2.97694730758667
598688,700.6923698011716,500,False,0.10794426281951558,True,0.017562688064204787,3.7775845527648926
598928,882.3279722172541,500,False,0.03475576164199032,False,0.017567483614835257,2.3701891899108887
599088,613.6078142069593,411,True,1.6238197323900165,True,0.017562327727413257,4.009352684020996
600480,733.2992361207365,500,False,2.4940676040781287,True,0.01762622117800019,2.52656888961792
601488,740.0654543914113,500,False,0.10501925899604181,True,0.017758336429576884,2.705380439758301
601584,793.346037328625,500,False,0.1290584786640309,True,0.017391782601574673,2.6085517406463623
601616,634.6359597550138,500,False,0.20223195993785473,True,0.017316231875436024,3.15989351272583
602352,753.5642762530383,500,False,0.14131004150846105,True,0.01730009532748513,2.093268871307373
603072,866.6571875276381,500,False,0.05574932869285328,True,0.017267813230544722,2.2307069301605225
603136,599.9324029993514,500,False,0.2038918416685106,True,0.01719518539037404,2.644078254699707
603968,363.60119026048005,382,True,2.9375185512575523,True,0.017223775845184218,3.7382700443267822
604224,647.125998070243,500,False,1.6429378405276425,True,0.01722721131699859,2.374241828918457
604384,833.9376015844779,500,False,0.049162996321608365,False,0.01732775297083345,4.659497261047363
604896,546.2693711987317,392,True,3.177067352809507,True,0.017230470861555786,2.6503453254699707
605280,493.54763097229994,414,True,1.7914452333861788,True,0.017123412308947532,2.7297396659851074
606512,748.4055055426217,500,False,0.2172891377657924,True,0.01722256534750178,5.717817306518555
606688,852.0266298519674,500,False,0.03925549551674595,True,0.017278244448115817,2.1057381629943848
606928,720.7731725310502,500,False,0.15062915172933064,True,0.01744740321138918,5.882704257965088
607088,568.3052531871369,500,False,3.400012594634846,True,0.017529445354903337,6.903311729431152
608480,851.6172431209003,500,False,0.13145542841886523,False,0.017484108619444397,4.821572780609131
609488,469.4059967866832,500,False,0.13945314440624962,True,0.01787381417155831,1.9188320636749268
609584,805.5315126099789,500,False,0.0697357662474701,True,0.018094883651067217,2.9658546447753906
609616,829.0332781737268,500,False,0.08593715445602478,True,0.018064405103630412,2.668792963027954
610352,846.1332919371033,500,False,0.08648051087957723,False,0.018070953643781938,2.5728321075439453
611072,727.935606765448,500,False,0.42915252417486893,True,0.017793557890085524,4.733267784118652
611136,553.2704760575003,500,False,1.9517738761789685,True,0.017979000489469203,2.640570640563965
611968,725.4293134332023,500,False,0.06918947296952878,True,0.017972550622272054,2.275754451751709
612224,800.0137482040046,500,False,0.1040458693510235,False,0.017850241997208294,2.3536911010742188
612384,822.5321321957766,500,False,0.024943212586584745,True,0.0178666747200918,3.4652884006500244
612896,717.2567050205258,500,False,0.22441066940179905,True,0.017796155881562175,4.995147228240967
613280,810.5886537036117,500,False,0.07362169513308493,True,0.017904123270669908,6.825784683227539
614512,890.5025239810684,500,False,0.05014158273113758,False,0.017846494894705967,18.354354858398438
614688,765.5316822396602,500,False,0.1640070691867605,True,0.017557508515125535,2.546001672744751
614928,840.4252943475752,500,False,0.05277871242990833,True,0.01748248106209962,2.4235482215881348
615088,520.9069509791076,500,False,0.4760141330470525,True,0.017320101371171775,4.51738977432251
616480,897.4206120538033,500,False,0.058289426451708065,False,0.01726321679686348,3.3126649856567383
617488,732.0892257263533,500,False,1.6135432606449516,True,0.017354490092602304,2.7728657722473145
617584,696.9107224709032,500,False,0.8535714295373172,True,0.017309086818878012,2.624504566192627
617616,836.4486616810843,500,False,0.047950612793081146,True,0.017385542714480024,4.674027442932129
618352,804.0917391444613,500,False,0.07128268814033153,True,0.017404722549837496,3.002897262573242
619072,830.7096637987873,500,False,0.09218020036981049,True,0.017219750859238898,2.9765982627868652
619136,813.54613370575,500,False,0.039938895255268336,True,0.01715897331145208,3.4191136360168457
619968,801.0468640434236,500,False,0.058072682255462686,True,0.017173620842071576,3.8732237815856934
620224,716.0434528080078,500,False,0.11810878124522137,True,0.017262516767255216,3.9679181575775146
620384,865.2494560163833,500,False,0.09025227440262702,True,0.017337813529470003,9.244491577148438
620896,697.5428761596709,500,False,0.20332879695569006,True,0.017324581435403184,4.15081787109375
621280,752.9101225342806,500,False,0.053704188308151,True,0.01734526693531196,3.338587760925293
622512,784.8955631621512,500,False,0.11608913055341866,True,0.01748190660688018,3.4642221927642822
622688,751.7039194386635,500,False,0.041060666401885396,False,0.017302901747976326,2.455683946609497
622928,794.5590726746382,500,False,0.09414347721751111,True,0.017277005772034712,4.004288673400879
623088,793.1695105773853,500,False,0.09976723233402326,True,0.017277694069278378,3.0866785049438477
624480,772.5215080127095,500,False,0.04661361266460658,True,0.017381027481233127,2.1826224327087402
625488,725.1324272900578,500,False,0.05453733276774799,False,0.01767294699040009,2.9908504486083984
625584,801.2431122817463,500,False,0.04349077657306395,True,0.0178648296345089,1.9000999927520752
625616,758.550034088106,500,False,0.0925909649080156,True,0.017916984777364153,2.2095298767089844
626352,588.4458845619228,500,False,1.0402390409390174,True,0.01791059164102996,4.6104230880737305
627072,737.2305315610917,500,False,0.03461188052050677,True,0.017833271593975165,3.1104736328125
627136,590.2638201348802,500,False,0.3820517805008114,True,0.017812851338696284,2.0182337760925293
627968,822.0063058195972,500,False,0.07861798020486672,True,0.017777389587633717,2.3537745475769043
628224,844.0868362677679,500,False,0.04018311931588952,False,0.01783972186815174,1.5200146436691284
628384,802.4794066963857,500,False,0.04312059614296427,True,0.017838102158890458,3.1403589248657227
628896,754.294308243662,500,False,0.21161714735994624,True,0.017865455034520833,2.6889941692352295
629280,809.6000388401135,500,False,0.06260646476895902,True,0.01775846162702494,5.517394065856934
630512,768.7154423609543,500,False,0.3067537251793577,True,0.017708278418489924,3.1400256156921387
630688,849.4070792004795,500,False,0.03546667386228806,False,0.017886506600720362,2.057955741882324
630928,763.7254701082946,500,False,0.15492228229130423,True,0.017876577590088042,4.057117938995361
631088,683.546014494774,500,False,0.8573446246959836,True,0.017934761243888448,3.4522228240966797
632480,783.2739183564526,500,False,0.07528727188160805,True,0.01790269597684606,2.2362380027770996
633488,605.2747952672757,500,False,0.3802940757339296,True,0.017910631236242744,6.170855522155762
633584,816.6634078227128,500,False,0.06952196605778271,True,0.01784891827288973,3.315708637237549
633616,766.2561465614398,500,False,0.08012985802160318,True,0.017857782261134252,1.9769357442855835
634352,729.9051450917269,500,False,0.20078735386617336,True,0.017833505527113026,2.905812978744507
635072,812.2944411815723,500,False,0.03772237058280545,False,0.017588237025132274,4.949180603027344
635136,677.272381512368,500,False,0.19891388055339154,True,0.017566534152306156,1.6669780015945435
635968,829.3991877626682,500,False,0.061989638964158336,True,0.01755405577052609,2.902385711669922
636224,802.5004870341528,500,False,0.09252592869870145,False,0.017433338710413845,1.9373390674591064
636384,775.9618447591841,500,False,0.09120331637056978,True,0.01728432303379915,1.748069167137146
636896,744.8628674979236,500,False,0.7130640334139703,True,0.017155722442837397,2.0942695140838623
637280,816.1148797049418,500,False,0.06927173996740228,True,0.017035673957446783,2.213414192199707
638512,634.9175072324994,500,False,0.4489417406199324,True,0.0172388549027394,3.0542616844177246
638688,763.2746616651523,500,False,0.04814866067642802,True,0.017717830235755273,3.261479139328003
638928,798.7825201537532,500,False,0.11810292648418604,True,0.017680141821512937,5.563425064086914
639088,841.9891326552458,500,False,0.04618354393742845,False,0.01779666402046401,2.6096696853637695
640480,794.4504498928673,500,False,0.07172805289420323,True,0.01779086261965266,4.908890724182129
641488,701.9421372652504,500,False,0.09738686220503635,True,0.018159179924280837,7.613785743713379
641584,816.6845116606104,500,False,0.027683276211904667,True,0.01838615449343245,2.5077333450317383
641616,814.5226534543506,500,False,0.031257412316381704,True,0.018417750508378905,1.6705505847930908
642352,810.7968724432571,500,False,0.09533396992452962,True,0.018412846577053305,2.891479969024658
643072,768.6617692977386,500,False,0.05977326027113217,True,0.01832789922323571,11.686393737792969
643136,682.364756386014,500,False,0.8534955724433582,True,0.018173348642832193,3.055783748626709
643968,797.9893195704458,500,False,0.27140026020359104,True,0.018166854787651822,4.307775497436523
644224,890.6221041416611,500,False,0.015991174190921692,True,0.01779283474637515,2.0389597415924072
644384,519.5464002050691,500,False,0.3341916945921604,True,0.017867572057499,8.806720733642578
644896,730.910216438119,500,False,1.083981367736517,True,0.017920068710615338,3.3398005962371826
645280,323.732757727198,500,False,0.7684795292275516,True,0.017901261914797538,8.057600021362305
646512,804.4184301143988,500,False,0.07674673696455744,True,0.017782267846444003,2.487471342086792
646688,614.9874177907619,500,False,0.28692654515245036,True,0.01804692646654499,3.410579204559326
646928,779.5991807760198,500,False,0.033414309655687854,True,0.017971226787318436,2.3516902923583984
647088,803.8581672304219,500,False,0.05910696793767795,True,0.018093521292964952,2.255544662475586
648480,585.4886982562498,500,False,0.37143402429682915,True,0.018035391326356485,2.212552070617676
649488,450.60903799636384,500,False,3.2449269547048534,True,0.018507952408406,2.4757490158081055
649584,849.1413795278795,500,False,0.03216211900433694,False,0.018273715020377435,4.791238784790039
649616,755.1570542033814,500,False,0.05516969857970684,True,0.018214791102753734,2.270595073699951
650352,733.9763744297521,500,False,0.637093400262941,True,0.018133885444540677,3.607379674911499
651072,833.6490035388546,500,False,0.07225265234788222,True,0.01788907827137192,6.678596019744873
651136,764.0805531688603,500,False,0.08313206153083025,True,0.01783516257672612,4.3420233726501465
651968,639.9853379571741,500,False,1.1008040074125238,True,0.01787487637550287,2.516024351119995
652224,856.6199643180753,500,False,0.14032757449472177,True,0.018101073777980342,2.7384400367736816
652384,836.7888725808767,500,False,0.109250858392688,True,0.01819569160882322,3.5424656867980957
652896,711.7600870463559,500,False,0.9434511612385905,True,0.018172979553237566,2.4347832202911377
653280,405.8627272430083,500,False,0.8830014171366583,True,0.018050754883396882,3.1374683380126953
654512,826.8774434379321,500,False,0.01800882888355883,True,0.01803600066426217,2.700871467590332
654688,812.886586125179,500,False,0.0786188650308973,False,0.017725866937007725,1.7584178447723389
654928,816.2386571438143,500,False,0.058144373515136794,True,0.017620280733416063,2.2104904651641846
655088,643.935258409695,500,False,0.6419421641067211,True,0.01761950308330656,2.0761241912841797
656480,813.1463516286019,500,False,0.03844202352834161,True,0.017600349139736116,1.8948743343353271
657488,767.8262505712735,500,False,0.019158196527917743,True,0.017888520539487685,2.352982521057129
657584,868.8896351664589,500,False,0.05831316279437097,True,0.01781671711321501,7.017997741699219
657616,703.3464591795411,500,False,0.11679952194282754,True,0.01781709600755777,2.470733165740967
658352,784.5235922846143,500,False,0.06922654487957304,True,0.01780701295910159,3.471059560775757
659072,813.2797366540627,500,False,0.04087550338262611,False,0.01798897723559867,3.6197636127471924
659136,688.6552417737678,500,False,0.14910625952058537,True,0.01788188968443587,2.4362030029296875
659968,817.9025426591676,500,False,0.044328633603968964,True,0.017891045623459577,3.238682746887207
660224,926.4054239947611,500,False,0.0350968389224386,True,0.0177329455022215,3.422823429107666
660384,769.304396165733,500,False,0.03221922895986252,False,0.017730623531713438,3.538696765899658
660896,829.9587675322765,500,False,0.05212584491939387,True,0.017707496636260808,3.599976062774658
661280,733.3054542032094,500,False,0.8343627490596957,True,0.017780694044820147,2.545753002166748
662512,685.0320551600929,500,False,0.11332968680892422,True,0.01793752667053408,1.5481572151184082
662688,480.00710554471215,500,False,0.714565658680365,True,0.01832672839731525,3.2594330310821533
662928,546.5352155232741,500,False,1.6921019800916697,True,0.01833128624851361,2.2097582817077637
663088,909.1325368558727,500,False,0.0384212539528017,True,0.018302998471066017,3.2199923992156982
664480,819.9805320797466,500,False,0.05296479892234038,False,0.018315271447922384,2.664727210998535
665488,786.8233605305214,500,False,0.05624205853649945,True,0.01813931615026448,4.541322708129883
665584,705.7431625780581,500,False,0.37854436806452224,True,0.018062134846561228,2.2976813316345215
665616,762.7718389966301,500,False,0.11633374347467292,True,0.018031167027796013,3.6770992279052734
666352,765.7753800456576,500,False,0.03890295502183963,True,0.018004317329775425,3.1373205184936523
667072,796.3929851036149,500,False,0.06532261070307159,True,0.017576101690442485,2.020313024520874
667136,828.3614223121104,500,False,0.1119695275815314,True,0.017847027360443912,1.9790029525756836
667968,877.833417395892,500,False,0.03718966109211402,False,0.017863075336148056,4.6834516525268555
668224,867.9655872677749,500,False,0.1263561948924372,True,0.017727661451825267,2.804452657699585
668384,858.1862630719176,500,False,0.040012604281531965,True,0.017735742950475347,2.3163836002349854
668896,641.4653632661457,500,False,0.2902700794451016,True,0.017743999846272323,3.721942663192749
669280,827.251351023551,500,False,0.15761423498125096,True,0.01784512564000989,44.920166015625
670304,210.40311829180263,364,True,6.009889414262156,True,0.017928332905989264,2.4090487957000732
670512,833.1125416695126,500,False,0.08785746139430048,True,0.017789640190135195,2.7398524284362793
670688,839.2696185172813,500,False,0.0444878962226898,True,0.017746710238192194,2.1978888511657715
670928,821.3991687186567,500,False,0.08762156747589472,True,0.017642106812216823,2.598477602005005
671088,819.867642366257,500,False,0.054060146831256435,True,0.017693655335231758,1.992851734161377
673488,790.9111300832686,500,False,0.06616111701906807,True,0.017750263844031288,2.9363791942596436
673584,804.4969581026016,500,False,0.03900785775958507,True,0.017136674306741737,2.5176405906677246
673616,588.6322176139055,500,False,0.630073742336344,True,0.01711124482560071,2.2740371227264404
674352,877.2176723985474,500,False,0.03545471683065503,True,0.01711095202785584,2.1372852325439453
675072,681.0411435084308,500,False,0.13111186290874038,True,0.017382918730056752,3.5082759857177734
675136,789.8716280164343,500,False,0.10615965953915892,True,0.017777835053022155,4.174250602722168
675968,831.6600685236461,500,False,0.13769879488408318,True,0.01778755376899844,2.2920982837677
676224,837.2286703697696,500,False,0.1182121868566105,True,0.017938687493906882,6.302445888519287
676384,774.4477822141505,500,False,0.1257435851503948,True,0.01797790189140554,4.627089500427246
676896,750.9132893490014,500,False,0.24465863406174623,True,0.017989427659234027,2.0330023765563965
677280,763.8594408307615,500,False,0.1476687807558873,True,0.01775647186178176,2.826427936553955
678304,845.495514529746,500,False,0.03486382038868436,True,0.017642811838824848,2.37859845161438
678512,667.1337595621026,500,False,0.16311219303970498,True,0.017371817941911744,3.261200428009033
678688,829.9510814196517,500,False,0.025555535563528495,True,0.017367894556704226,2.979523181915283
678928,592.4932499526559,500,False,0.37738543707326594,True,0.017371409658842964,5.669865608215332
679088,738.0028159935221,500,False,0.23384931359598674,True,0.01728627668030352,6.1859025955200195
679728,423.0430206158441,382,True,3.2732834461579694,True,0.017245392229014642,2.8224070072174072
681488,649.1946259235775,500,False,0.11506343391579281,True,0.01718479701139516,2.830075740814209
681584,813.4979604900221,500,False,0.035706807765087153,True,0.017545804050541625,3.849431037902832
682352,889.1750395159611,500,False,0.0212452693659241,False,0.017582898371750824,3.3373899459838867
683072,381.30625026695145,500,False,0.35552476451098214,True,0.01774371660465464,2.473442554473877
683136,806.8011158946898,500,False,0.1560202408401097,False,0.017502808713533685,2.327085256576538
683968,801.0540915976359,500,False,0.05486956886785532,True,0.017513155601031026,5.189275741577148
684224,873.7981730843771,500,False,0.08099180907849944,True,0.017533663262257373,2.807892322540283
684384,802.3088183643026,500,False,0.05803322772096025,True,0.017475059370243295,2.1159539222717285
684896,645.0587913640815,500,False,0.3573768219421805,True,0.01749650714618104,2.581575870513916
685280,826.3452960540649,500,False,0.09248290647839243,True,0.017582370634573054,1.8042874336242676
686304,836.7715609319579,500,False,0.05188856934057586,True,0.017603049806629533,2.08111834526062
686512,715.4157928770761,500,False,0.17741900739704577,True,0.01745290592841612,2.3376400470733643
686688,829.5305027962298,500,False,0.11176827864352785,True,0.017352768278397785,2.509641170501709
686928,863.6174498224165,500,False,0.03423425017715627,False,0.017320100597615542,2.056001663208008
687088,875.0059732208316,500,False,0.0395409665667937,False,0.017207486853153216,3.390292167663574
687728,726.2025521382811,500,False,0.15303903031910526,True,0.01718571647294114,4.461198806762695
689488,786.043389720276,500,False,0.044414150597845044,True,0.01736845948906819,3.899354934692383
689584,848.0881859389858,500,False,0.08411305830940885,True,0.017586971561600218,2.3872714042663574
690352,817.8435628061452,500,False,0.045595426842745854,False,0.017555073344682377,2.5696775913238525
691072,871.1266777417774,500,False,0.04047688487171332,True,0.01743150394834251,3.3297250270843506
691136,743.1199151114375,500,False,0.19977426137723825,True,0.017453494465072463,2.746469736099243
691968,825.9154275309613,500,False,0.12779217631979195,True,0.017443914447780057,3.224806785583496
692224,815.17491737503,500,False,0.031470640235403975,True,0.01742342013403184,2.9574644565582275
692384,816.9143110728521,500,False,0.06403650955744833,True,0.01727021509771518,2.901362895965576
692896,496.3142592059623,500,False,0.849198559083042,True,0.017280932177372824,2.066073179244995
693280,892.0932075689457,500,False,0.02396870010207069,False,0.01718780168014956,2.135965347290039
694304,793.837318947986,500,False,0.05635087766602969,True,0.016980108536415833,6.14704704284668
694512,834.7602404878784,500,False,0.0913671691525943,False,0.01671438279350112,3.9393434524536133
694688,848.5326509328328,500,False,0.03720770552269961,True,0.01670621525920785,3.633155345916748
694928,753.068527372288,500,False,0.12163757384632827,True,0.01675790757422825,2.38031005859375
695088,839.5060956652867,500,False,0.1054652795033021,True,0.016795278545102165,2.815913200378418
695728,749.3221812850572,500,False,0.13796013307759575,True,0.01684083631269367,1.7562181949615479
697488,698.3037837194036,500,False,0.11266285705089263,True,0.016754426419370867,2.5821197032928467
697584,870.1531624862881,500,False,0.1375909813717827,True,0.01676078255060448,3.953645706176758
698352,718.7222145152928,500,False,0.0884242027461898,True,0.016766505326174436,3.1869397163391113
699072,716.8051125628533,500,False,0.21578077918770489,True,0.016682767300042596,2.024705410003662
699136,772.5829711681367,500,False,0.1061497702765989,True,0.016538095713738005,3.2280850410461426
699968,832.6442675112032,500,False,0.06822678793696638,True,0.016543378673159886,6.33007287979126
700224,718.212663793692,500,False,0.2491914474821265,True,0.016607643137767518,2.0284676551818848
700384,764.7731021095187,500,False,0.09799197043382109,True,0.01652480050883049,2.371567487716675
700896,650.5862275857163,500,False,0.5552470957078318,True,0.016547764456281023,2.429565668106079
701280,786.9473085104079,500,False,0.09682983340331588,True,0.016506981154721115,2.2867956161499023
702304,785.6664005619166,500,False,0.05795260283169651,False,0.01628867541600219,2.2888059616088867
702512,776.8647825487699,500,False,0.06731346722774068,True,0.01651040926806278,1.9515702724456787
702688,819.611496939699,500,False,0.034716226727396195,True,0.016570639071710278,2.0702943801879883
702928,808.2774489657485,500,False,0.04842784808972723,False,0.01664449426568796,2.685728073120117
703088,837.6856769661293,500,False,0.08739374932598837,True,0.01668905801419399,4.175765514373779
703728,801.3657392114093,500,False,0.0707878362603007,True,0.01664280161094135,1.8516571521759033
705488,745.7206887881143,500,False,0.03424892699006565,True,0.017050818104827958,1.9234654903411865
705584,826.796235491798,500,False,0.05679881008261323,False,0.017029771345244023,2.0655670166015625
706352,684.7943849229925,500,False,0.20677778893576423,True,0.017033668769325685,11.644567489624023
707072,811.5200862846829,500,False,0.04873035337296712,True,0.016943584515011687,2.6881468296051025
707136,841.4651201813426,500,False,0.04691381791382721,True,0.016723875707510917,1.9870641231536865
707968,850.4116707114116,500,False,0.059640692144340327,True,0.016751161523632842,4.382126808166504
708224,467.42684763408135,500,False,0.6634333035944439,True,0.0169426243726424,1.8869746923446655
708384,767.8963794300109,500,False,0.09034382791154003,True,0.01696863070595365,1.8323397636413574
708896,859.6656186316478,500,False,0.10374165322738421,True,0.016926197555718045,2.7253544330596924
709280,880.8968614616882,500,False,0.07976507468607787,False,0.016839522993429074,2.4400644302368164
710304,673.0755779162494,500,False,0.6300792399193044,True,0.01657238934952139,2.101921558380127
710512,809.8956940431802,500,False,0.08914401074069973,True,0.016470115874868473,1.8303539752960205
710688,718.6756300831718,500,False,0.041162030244593265,True,0.016440957224058608,2.241652488708496
710928,852.8752710639551,500,False,0.04265412680694228,False,0.016404640485214835,2.3281898498535156
711088,771.6484814130894,500,False,0.029322968649432186,True,0.01640244433775717,1.8574007749557495
711728,796.1409864691288,500,False,0.05035187656738411,False,0.01646489535000493,5.211745738983154
713488,810.880038247091,500,False,0.06380923766799684,True,0.01673131907348926,3.002516984939575
713584,744.0424626551218,500,False,0.20894278693585344,True,0.016673145760412386,2.649287223815918
714352,787.7739715348687,500,False,0.030359211423772077,True,0.016723600270473944,3.354576587677002
715072,665.3823104896433,500,False,0.46094521551536655,True,0.016867882247126664,2.000873327255249
715136,831.9927731007031,500,False,0.06313440219228486,False,0.01699692079284681,2.6746864318847656
715968,729.2067859909822,500,False,0.2472533407891629,True,0.017012362907967656,3.653474807739258
716224,690.2331429856054,500,False,2.0914703466944076,True,0.017117467145689326,2.223447561264038
716384,785.1037766782002,500,False,0.09874969123766242,True,0.01713289853930108,2.9163169860839844
716896,796.4501667984212,500,False,0.1284803315771097,True,0.017079912979605073,2.0356264114379883
717280,807.2903329051138,500,False,0.01760196264132574,True,0.01743451040221392,2.2987847328186035
718304,817.6699911325228,500,False,0.08456249469256179,False,0.01743008175276465,2.3807098865509033
718512,449.69199633931413,500,False,1.6885820826482052,True,0.017464645620440724,3.0419158935546875
718688,816.1740681885149,500,False,0.10576272662851134,True,0.017604433673857275,3.6383116245269775
718928,780.6081769546638,500,False,0.1067738173330697,True,0.017671586735412578,2.7832469940185547
719088,778.7890346733366,500,False,0.2733478959915194,True,0.0176875392280386,2.8909130096435547
719728,802.4799256705954,500,False,0.046291751731399114,True,0.017596686438233308,1.9852358102798462
721488,821.8167945824965,500,False,0.06178454568128022,True,0.017245917205835133,2.9409892559051514
721584,732.7565421944582,500,False,0.04858521142835088,True,0.01712629456529329,3.1955299377441406
722352,849.7499162743089,500,False,0.08200096323126385,True,0.017144552807757667,2.8150792121887207
723072,731.870351228016,500,False,0.3053044275027026,True,0.017096961786903613,1.8976117372512817
723136,817.8162582907484,500,False,0.04640697457482876,False,0.016943410508343734,2.9542882442474365
723968,878.4128526147892,500,False,0.04245260644530146,False,0.01695107901785554,2.165121555328369
724224,714.6937985704192,500,False,0.10915560568343392,True,0.01701243007426502,2.4071602821350098
724384,885.8476316354565,500,False,0.04586795345907378,False,0.017082500479559296,3.037152051925659
724896,762.5241132742718,500,False,0.38259077620139587,True,0.017191780018066587,2.3281095027923584
725280,849.5951625029163,500,False,0.06419174209847323,True,0.01718471966777122,3.86944580078125
726304,809.2418850241036,500,False,0.06620322669814718,True,0.01716450631211606,2.286381244659424
726512,849.4662855687717,500,False,0.06841394946064744,True,0.017265094050868988,2.946573257446289
726688,867.1921865591185,500,False,0.08854511205391895,True,0.01738620379263181,6.316827774047852
726928,797.0989897127696,500,False,0.058905648297170494,True,0.017409113149096888,2.8212013244628906
727088,859.8181767088168,500,False,0.048714790721484005,True,0.017443940807826453,4.373252868652344
727728,876.4773742375343,500,False,0.0445609912537464,True,0.017444275786528785,1.8543195724487305
729488,822.4819267485747,500,False,0.0838220452197588,True,0.017547811693066243,1.7750649452209473
729584,819.2612473197836,500,False,0.05258050563021927,True,0.0173214316890355,3.3796095848083496
730352,606.003381238805,500,False,1.446394040056925,True,0.017282518777563677,38.389678955078125
731072,866.654797037373,500,False,0.01817049948387831,True,0.017109001044262603,1.861263394355774
731136,831.399123675058,500,False,0.020805284334264415,True,0.016924979749063068,2.0821805000305176
731968,794.5660397826,500,False,0.07813329206612549,False,0.016880966517399756,1.8476243019104004
732224,619.7202638229239,500,False,0.35304888678114543,True,0.016659898578617462,10.736307144165039
732384,540.9415650869627,500,False,0.6005086190721549,True,0.016704718606719394,2.554553747177124
732896,825.372114559997,500,False,0.07607861209148531,True,0.01672656360544081,2.2935996055603027
733280,703.1237182716525,500,False,0.07967504508995114,True,0.016641715796109964,1.862525224685669
734304,787.7824558010543,500,False,0.07899263604298305,True,0.016774476465839582,2.0909082889556885
734512,805.7069486865323,500,False,0.030650955856554505,True,0.01686192287449422,2.5292646884918213
734688,469.26035660114457,500,False,0.20573262995970432,True,0.016804389827469093,2.440976142883301
734928,769.9428682759535,500,False,0.10111135196210366,True,0.016810810333244084,2.4692511558532715
735088,831.7515856614164,500,False,0.06496872155084046,True,0.01687326358173677,2.1405699253082275
735728,864.8094949880725,500,False,0.03223974680525018,False,0.016870316591534068,2.5028109550476074
737488,876.295413622919,500,False,0.08076178472799742,False,0.016633307597484378,2.1812357902526855
737584,885.7959817502291,500,False,0.026587380815972134,True,0.01624852350979512,2.5560805797576904
738352,836.4768334461979,500,False,0.04694649749092948,True,0.016326048398852766,1.811683177947998
739072,559.7009124931216,500,False,0.3931505462761261,True,0.016510209730140234,2.492403507232666
739136,847.856589444402,500,False,0.04541456606223764,False,0.016454143512717786,2.5020360946655273
739968,827.3655733430292,500,False,0.040846755357779076,False,0.016459601584131397,1.762394666671753
740224,840.5532837096687,500,False,0.030644535770266802,True,0.01660208237139517,4.426657676696777
740384,807.9446187666802,500,False,0.07573816483096078,False,0.016524150739233846,2.401582956314087
740896,777.8542741128557,500,False,0.23124627527665323,True,0.01651528435040175,2.3857059478759766
741280,800.2128585084616,500,False,0.01987299202151029,True,0.016470751878483847,2.3931682109832764
742304,820.9319829189853,500,False,0.014505351624252611,True,0.016316183115780376,4.065490245819092
742512,821.8153103429792,500,False,0.044640755782160854,True,0.016372973135962376,1.8198394775390625
742688,771.6610543121601,500,False,0.04532803024526089,True,0.016317219909644274,3.3720340728759766
742928,717.2338678137869,500,False,0.20301515811472917,True,0.016319644443829093,4.267976760864258
743088,832.7316834574906,500,False,0.02853876479446733,False,0.01643904049396113,6.345040321350098
743728,873.0038319433116,500,False,0.024510296884408773,False,0.01655097166696169,3.2661185264587402
745488,716.1553236443376,500,False,0.11712793778784408,True,0.016890967485711495,2.9502792358398438
745584,787.4448331421572,500,False,0.012585326728331174,False,0.01633000461942933,1.9717748165130615
746352,594.332157352277,500,False,1.6818061240585407,True,0.016361238126830595,1.8863834142684937
747072,889.9282508101055,500,False,0.03999416284813068,True,0.01635021125947861,2.1077840328216553
747136,807.1357388025251,500,False,0.04354795655185422,True,0.016530429600535988,3.1995577812194824
747968,887.5074886119971,500,False,0.06508053252216645,True,0.016539739732993927,3.107325553894043
748224,802.8580921991257,500,False,0.016083441746856327,True,0.01632687214399303,2.8341422080993652
748384,819.1641889133095,500,False,0.12889574357521036,True,0.01643369918686018,2.4969065189361572
748896,820.7609247081015,500,False,0.01890305806433529,True,0.016486574342242995,3.158334255218506
749280,828.4744632875068,500,False,0.07729633899034152,True,0.016458377848058786,2.3886027336120605
750304,853.8568324053192,500,False,0.04875661602940126,True,0.016175306127146773,2.0405125617980957
750512,762.327745865511,500,False,0.26707906468472836,True,0.016208267145820472,2.089839220046997
750672,399.5233983987908,474,True,4.170403368308706,True,0.01630098346029089,2.5906789302825928
750688,739.6966469233464,500,False,0.20011438823059519,True,0.016314711497109002,3.53084659576416
750928,774.7331136988562,500,False,0.15526021217340635,True,0.016323800815321574,2.084298610687256
751728,775.1303761983139,500,False,0.06493435612869954,False,0.016348863104872997,1.738924503326416
753488,828.848980359198,500,False,0.020123847553246886,False,0.01666357822898522,3.9577627182006836
753584,839.28783434632,500,False,0.0648347539494158,True,0.016502690124197937,1.646373987197876
754352,832.033778340645,500,False,0.08766008794311826,True,0.016453848555513642,1.8640351295471191
755072,787.1992158238471,500,False,0.0745548064114407,False,0.016501780576173315,2.3909010887145996
755136,762.1110969055135,500,False,0.07769711965566554,True,0.016605859807422532,2.282423973083496
755968,853.3497551506191,500,False,0.06596486407697447,False,0.01664997429694319,2.9881062507629395
756224,737.5597755233866,500,False,0.0678562929071619,True,0.016501525885072792,2.349330425262451
756384,782.3257574149999,500,False,0.08192896697407831,True,0.016463445924489912,2.088783025741577
756896,866.6909340394901,500,False,0.07850413194123568,True,0.016346563445723935,1.8275227546691895
757280,769.1640951947902,500,False,0.17652360390255617,True,0.016288725700036946,1.8249435424804688
758304,779.9608512722292,500,False,0.08354182657106456,True,0.016330996822896113,2.027982473373413
758512,817.9985098280449,500,False,0.0495367742378597,False,0.016437455284518725,4.067231178283691
758672,904.7827292542186,500,False,0.03904051201888551,True,0.016482163763327073,1.6618717908859253
758688,865.433795094502,500,False,0.06487092181871917,False,0.016472752803240683,1.8535597324371338
758928,709.246960211353,500,False,0.1473833325538047,True,0.01646746329469805,2.0160441398620605
759232,356.5538480291304,305,True,2.6577624903237673,True,0.016557763828123954,2.3402199745178223
759728,871.8692959099709,500,False,0.3501246508025751,True,0.016547627149583865,4.011585712432861
761488,865.2129042218944,500,False,0.05134829474110287,False,0.016511269141557445,2.812821626663208
761584,828.0638561404822,500,False,0.03489018903265916,True,0.016767561995969838,2.2823336124420166
763072,908.8149928143295,500,False,0.06212453191023111,False,0.016767779167079947,2.973903179168701
763136,739.5621162775224,500,False,0.5956544747580387,True,0.016798345419611723,2.2250587940216064
763968,850.1016702070342,500,False,0.04888473342161033,False,0.016811666291921767,2.889058828353882
764224,816.1581193699159,500,False,0.040722265562170616,False,0.016616143434286242,1.7514770030975342
764384,847.7927736949882,500,False,0.043844398483217036,False,0.016520873228091596,2.4930005073547363
764896,812.1886493703582,500,False,0.06767600355623023,False,0.016450524527835797,3.3067069053649902
765280,808.1642487916473,500,False,0.08024932947951639,True,0.016782590510463383,2.7883100509643555
766304,829.227121086715,500,False,0.06969897971625531,True,0.0167349571786653,1.6525006294250488
766512,866.6506812486153,500,False,0.1189424290245261,True,0.016773019107124386,1.9237968921661377
766672,770.3760832102439,500,False,0.02282859745737093,True,0.016831331642743582,1.9457086324691772
766688,785.6506732123361,500,False,0.08616501830732633,True,0.016879201844416283,2.027988910675049
766928,833.4409518392004,500,False,0.05639681013426812,False,0.016877772653213073,2.9856221675872803
767232,787.5129579854315,500,False,0.5112312104626926,True,0.016868494625997054,2.117206573486328
767728,805.7579023374235,500,False,0.26924435369524596,True,0.016943226227768823,1.9720537662506104
769488,834.7150887391052,500,False,0.04001016365095624,True,0.017116681563567965,2.3935468196868896
769584,856.3591476315222,500,False,0.036963642137597834,True,0.017328778657713744,3.0991017818450928
771072,782.706368048896,500,False,0.03403711469243878,True,0.017379272660637074,2.699453830718994
771136,719.6975307782396,500,False,0.12348639808601794,True,0.017147547501848787,2.147402763366699
771968,804.9716608766819,500,False,0.10361218996528605,True,0.017184286635883485,3.2185587882995605
772224,691.5301005069757,500,False,0.1742375932708021,True,0.017282925118064285,2.436892509460449
772384,787.5751431464364,500,False,0.06177876878789445,True,0.017186798690051696,2.6020114421844482
772896,780.7832243538438,500,False,0.0476174488101876,True,0.01711185933860338,2.0533759593963623
773280,744.6542409216539,500,False,0.0742655757308836,True,0.016770402435942484,2.473860740661621
774304,725.410264278281,500,False,0.2167065554861949,True,0.016672082619297576,2.2862184047698975
774512,887.4699295237941,500,False,0.06986657029368096,True,0.01656945911597916,4.318264961242676
774672,728.6274029485965,500,False,0.3523637561329247,True,0.016595526741949845,1.6893000602722168
774688,628.7571662611825,500,False,0.0788821335376692,True,0.01660381349430228,1.8401172161102295
774928,875.4168225211936,500,False,0.024083311951001177,False,0.01659653507467576,2.5560102462768555
775232,815.1834525108915,500,False,0.033086763908178246,False,0.016614022496605853,2.3802335262298584
775728,762.8242663977096,500,False,0.05669926427902285,True,0.016750682614800876,2.5346367359161377
777488,746.6161420608478,500,False,0.5964592283990688,True,0.016820760330887835,2.825422525405884
777584,838.4231536524717,500,False,0.04900666095693995,True,0.016971429421844087,3.0106539726257324
779072,681.6318680732948,500,False,0.5262626117698652,True,0.016958764656840493,2.3837461471557617
779136,801.5016870080902,500,False,0.046081984632104785,False,0.01631695902819187,4.848740577697754
779968,835.3988969437393,500,False,0.051848413770883776,True,0.016285429219549404,3.623565196990967
780224,824.7764082258304,500,False,0.04187388812432234,True,0.01628910454345341,2.449185371398926
780384,857.1532518407892,500,False,0.04946770778223177,True,0.016459400436861383,2.0238747596740723
780896,778.2541189473175,500,False,0.05773490337048901,True,0.016341735581247182,2.286508560180664
781280,825.4238875559192,500,False,0.08367316446873943,True,0.016317954149390582,4.858518600463867
782304,606.1369797394643,500,False,0.15953738051307595,True,0.016308573155990512,3.3912529945373535
782512,828.1467349831851,500,False,0.058846312210331576,True,0.01653551497240915,5.403597831726074
782672,756.4803558293719,500,False,0.03688247274996293,True,0.016633566100936567,2.5790867805480957
782688,825.0400858133287,500,False,0.06640894775269572,False,0.01667076438196672,4.037103652954102
782928,786.6591311359716,500,False,0.10149050294471118,True,0.01667330154382153,2.8149051666259766
783232,867.9420264242118,500,False,0.03880869735901053,False,0.01677191139611677,3.77691650390625
783728,762.8362447298165,500,False,0.05856140535857622,True,0.016785928655994396,2.488776683807373
785488,772.923316012229,500,False,0.043992248776822146,False,0.016566970673694857,2.6318321228027344
785584,801.9861744269859,500,False,0.04242059146741496,True,0.016571136507581,1.8053052425384521
787072,870.8888072168119,500,False,0.03692450054535444,True,0.01656905759822978,3.058677911758423
787136,819.5364020796306,500,False,0.03747328710738825,True,0.016697069697130126,1.7676379680633545
787968,788.5218152739616,500,False,0.15095044114861061,True,0.01669809317327263,2.5907702445983887
788224,823.7578598957766,500,False,0.03779815710842175,False,0.016614053857807284,1.8500944375991821
788384,813.0344272913422,500,False,0.107531913187285,True,0.016557378337817282,3.931690216064453
788896,787.1166756845786,500,False,0.06302245366429414,True,0.01658266357907439,3.4769346714019775
789280,845.0533117695093,500,False,0.037630137996757254,True,0.01654375891940202,1.7940895557403564
790304,727.1352432542783,500,False,0.3073929966420429,True,0.016581268799252785,2.499924421310425
790512,896.0513384055474,500,False,0.05160070125399686,True,0.016326466588897543,2.9412412643432617
790672,733.6459164947429,500,False,0.17298187380260885,True,0.016243944800419564,2.04301118850708
790688,748.2841662161982,500,False,0.19875984338829308,True,0.016184418179866385,2.57950496673584
790928,724.9797594844908,500,False,0.10171545128393794,True,0.016184499060874033,2.7193639278411865
791232,783.1618784073394,500,False,0.05414916815106579,False,0.016118818121291224,2.655048370361328
791728,726.0093533471738,500,False,0.1869145559290694,True,0.01603269182744334,2.6198158264160156
793488,800.3255864765464,500,False,0.03455469525678308,True,0.015959016227368256,2.899153470993042
793584,791.9856029203316,500,False,0.09646027253158579,True,0.015832737707894375,2.92244815826416
795072,858.5781915140957,500,False,0.05858146405324628,False,0.015865924462010857,3.8317601680755615
795136,814.4811957828787,500,False,0.045397416463245646,True,0.01601496413552126,6.07476282119751
795968,720.8279668612197,500,False,0.3375016843050008,True,0.01598770866685227,2.0606470108032227
796224,801.0789217305643,500,False,0.05370817975756667,True,0.01577131431072095,4.053887367248535
796384,831.6210550618844,500,False,0.06471591589646318,True,0.015882580082241967,2.9935386180877686
796544,449.27180190916624,367,True,4.006612498383104,True,0.015856140054744897,2.532658576965332
796896,768.7092280887906,500,False,0.17828791687438217,True,0.01587979865293074,2.418654441833496
797280,626.6521086399669,500,False,1.2010421861346972,True,0.015999952995258984,4.218193531036377
797952,354.3583777473718,439,True,4.413714583184908,True,0.016082399028189254,1.5899944305419922
798304,838.6616942440846,500,False,0.026991575605795293,False,0.016054777300158956,2.039938449859619
798512,845.8602380012223,500,False,0.04976839265613012,False,0.016067605425508284,2.669527769088745
798688,770.0534647413525,500,False,0.05038655545393354,True,0.016143745304968794,1.8701891899108887
799232,808.911265302416,500,False,0.05192692476798462,False,0.01626445923775087,2.062717914581299
799728,781.5016949918979,500,False,0.06082108879881405,True,0.016240720497076873,3.0366592407226562
801488,885.4353274605173,500,False,0.1159176492354147,True,0.016001731548263252,5.762418746948242
801584,799.3768068254549,500,False,0.12749121804074798,True,0.016171692376877954,1.875003695487976
803072,683.2900868603652,500,False,0.2125719901479481,True,0.016209139543951017,2.740480422973633
803136,813.020712118431,500,False,0.07522502410432612,True,0.0160255540960298,2.2859997749328613
803968,769.2439683198769,500,False,0.21785968465868766,True,0.015995456943259035,1.648278832435608
804224,873.8646653765401,500,False,0.05007708899810221,True,0.016288964497929843,2.080193042755127
804384,737.2626129318996,500,False,0.8429714101622638,True,0.016213270628439875,3.076568603515625
804544,834.8937086434485,500,False,0.016006855433123447,True,0.016261003516348085,4.606633186340332
804896,794.5595675292137,500,False,0.18670988550007864,False,0.016253115391448147,1.8099358081817627
805280,837.7280605646996,500,False,0.05979352199976205,True,0.016378844001672353,2.0938820838928223
805952,697.5470769424496,500,False,0.41929761585808306,True,0.016390038887739485,2.4180097579956055
806304,492.50651873882646,500,False,0.284287377135678,True,0.01673607805610272,2.5253238677978516
806512,703.5553924796375,500,False,0.08855441693938336,True,0.01668866795235175,3.245042562484741
806688,853.5438600178412,500,False,0.059116848873304234,False,0.01672067540913854,8.690650939941406
807232,734.441039766766,500,False,0.133462047017543,True,0.01663403724889098,2.8910934925079346
807728,822.5066270204233,500,False,0.02597842656775801,True,0.016688877290757548,1.8447962999343872
809488,817.5281485951485,500,False,0.06540068760508215,True,0.016777609875315246,2.416900396347046
809584,758.2183044511482,500,False,0.06744661888161621,True,0.016482871763836827,2.909255027770996
811072,770.189930142509,500,False,0.1143290810793936,True,0.01642259551102764,2.104492425918579
811136,751.7907835070107,500,False,0.11226806392944634,True,0.01675964025998068,1.8346185684204102
811968,687.3298026294781,500,False,0.14293993836705304,True,0.016763816373152315,2.2434303760528564
812224,789.1511646763273,500,False,0.04858520528798359,False,0.016666591000735316,2.746879816055298
812384,862.7867877259079,500,False,0.07419882053838935,True,0.016580677387763434,1.8896886110305786
812544,784.9215986467368,500,False,0.027697272339371807,True,0.016563387136840114,4.012504577636719
812896,788.4484597897184,500,False,0.0815886200932044,True,0.0164835146250382,2.6380615234375
813280,753.1588654719214,500,False,0.10715277437176257,True,0.016323747219740475,1.8148441314697266
813952,840.4708271715783,500,False,0.08996457367628093,True,0.0162523495591168,2.1267833709716797
814304,764.7570440805437,500,False,0.10037524652505773,True,0.016239387548214072,1.7098026275634766
814512,752.961483012235,500,False,0.0366143484858235,True,0.016131612382162538,2.949881076812744
814688,807.2790104937757,500,False,0.12999817105649616,True,0.016062200232421994,1.7546745538711548
815232,800.8632703005488,500,False,0.12331981419721673,True,0.015995275277171095,1.9637961387634277
815728,784.2852624771863,500,False,0.04305723741315064,False,0.016098220978189325,2.808352470397949
817488,785.706062043609,500,False,0.14215328621629975,True,0.016147149308424258,1.9042731523513794
817584,757.4208700609888,500,False,0.11388974114865288,True,0.015849921263820857,2.5898754596710205
819072,897.0354635194404,500,False,0.026095351952505046,False,0.015821558451688374,1.6213068962097168
819136,839.5306674447909,500,False,0.03192834109698881,True,0.015873431875817308,2.2163403034210205
819968,679.9570390632992,500,False,0.32865041749027085,True,0.015857472858814323,2.821122407913208
820224,766.0656013710716,500,False,0.11176347994079311,False,0.015948673540406192,2.3490238189697266
820384,873.1094287062137,500,False,0.03353897905810477,True,0.016046272420860302,1.9393672943115234
820544,856.1989714258939,500,False,0.03879193554898289,True,0.01608102163622327,2.593479871749878
820896,757.3785234303368,500,False,0.06538028912692954,True,0.016045306462224164,1.6649811267852783
821280,818.6632820370148,500,False,0.11521575763793161,True,0.016172805987841737,2.7468223571777344
821952,776.130488898663,500,False,0.07883646062132463,True,0.016216584391075466,1.7550454139709473
822304,800.2807083013047,500,False,0.08175129925980622,True,0.016148416208031403,1.945091724395752
822512,742.1483276593209,500,False,0.18142715788319258,True,0.016273833814355744,1.4285070896148682
822688,820.3848590229138,500,False,0.1284834253241286,True,0.0162152310546567,2.073974847793579
823232,822.8133355452738,500,False,0.05927880044297976,False,0.016227689465469014,1.8819630146026611
823728,832.0036504192617,500,False,0.07181577168545997,True,0.016415390609391636,2.230518102645874
825488,852.8302173219361,500,False,0.081591475882851,True,0.01647680978893996,2.4778034687042236
825584,680.9200309042328,500,False,0.11292747225437627,True,0.016359035102843016,1.8795642852783203
827072,749.0948502064517,500,False,0.1721907626497935,True,0.016306735800902465,2.7857589721679688
827136,774.04674759188,500,False,0.16285849865373486,True,0.016007310547050096,1.6705037355422974
827968,793.6306045186227,500,False,0.05422931637844132,True,0.016020047556051176,1.986388921737671
828224,760.7636840104333,500,False,0.10530973575478546,True,0.015863446797512795,2.7780847549438477
828384,865.5319702247496,500,False,0.1075490841553936,True,0.01585659959323731,2.4163360595703125
828544,755.9268075556364,500,False,0.10503569678709998,True,0.0158722553429447,2.1159229278564453
828896,894.353739062742,500,False,0.029076995893076857,False,0.01586731163736286,2.540085792541504
829280,817.5604525890694,500,False,0.06642846063340217,False,0.01577280064238453,1.8464500904083252
829952,794.5046165875589,500,False,0.0660570908280348,False,0.015684696910204247,1.5828245878219604
830304,708.8150315671538,500,False,0.12136779933068846,True,0.015661007498910584,1.9433789253234863
830512,826.7453396311473,500,False,0.03859047011075794,True,0.01564698931193777,2.1582415103912354
830688,748.5722392420912,500,False,0.15743204084521784,True,0.01565011790824102,2.077047348022461
831232,813.2720012802271,500,False,0.05660451347668988,True,0.01565186120443368,2.4321584701538086
831728,772.7625145766327,500,False,0.15803962023081664,True,0.01580100292972326,3.480428457260132
833488,816.791424522127,500,False,0.047425993245127106,True,0.015865371946196447,2.0966076850891113
833584,815.6455436472761,500,False,0.009306838610099783,False,0.015698641538922684,2.364680051803589
835072,883.9686844466837,500,False,0.07289610434657716,False,0.015699905463226704,2.0858583450317383
835136,904.2763831102077,500,False,0.030293177328288057,False,0.015768444091508342,1.9287525415420532
835968,830.5226834506045,500,False,0.04895545501227903,False,0.01575236062851983,3.1099765300750732
836224,692.2265212355409,500,False,0.15207876617479557,False,0.015387857548103715,3.738842248916626
836384,799.5504980152975,500,False,0.21499088077311704,True,0.015379475143498314,2.800375461578369
836544,752.2598343324951,500,False,0.062301821572018655,True,0.015361335514873854,1.7366162538528442
836896,755.1403057850467,500,False,0.2805689237033378,True,0.015307861272913722,4.243935585021973
837280,757.654014405016,500,False,0.19380990791754307,True,0.015487957184824538,1.9116451740264893
837952,834.1126089020344,500,False,0.049660378952526694,True,0.0155276960004219,1.9408955574035645
838304,758.8584648687284,500,False,0.1485002269948795,True,0.015566436397853278,2.098053455352783
838512,751.2380346341007,500,False,0.09233940409820415,True,0.015640014690630446,1.9672436714172363
838688,775.4735928292449,500,False,0.11265843956977246,True,0.015668673963294473,1.9074724912643433
839232,832.1971589203338,500,False,0.020318417258194846,True,0.015699784028712284,2.0737709999084473
839728,846.9760686376911,500,False,0.045394517700623145,False,0.015625938713752587,2.291743755340576
841488,799.505309970926,500,False,0.023308716545243476,False,0.015517281493510993,1.7120258808135986
841584,838.8865250016829,500,False,0.034472480661720296,False,0.015735175467608255,2.5343029499053955
843072,796.3643412972648,500,False,0.05685988291111473,False,0.01569698992483709,2.0991122722625732
843136,849.7803013116567,500,False,0.03814157125091802,True,0.015368210628475912,2.5567069053649902
843968,816.6009674411996,500,False,0.07190338148880203,True,0.015345550805674945,1.9863841533660889
844224,756.1850085879356,500,False,0.07880796265434076,True,0.01514911581737924,3.6582961082458496
844384,805.8453851391503,500,False,0.057952382875515095,True,0.015225085273975581,2.0265791416168213
844544,727.3606726288207,500,False,0.3270562746033602,True,0.015319003542121998,4.4821457862854
844896,790.3700638482647,500,False,0.14415585599832856,True,0.015280071797748103,1.949752926826477
845280,780.0330564787666,500,False,0.06578703542319077,True,0.01533157063302275,1.7769181728363037
845952,810.5832816394109,500,False,0.04507597792022515,True,0.015412242925371557,3.313416004180908
846304,850.0497769266641,500,False,0.03810807029029475,True,0.01542683959597192,3.7983767986297607
846512,811.3228734697849,500,False,0.09264457244867313,True,0.01550931964192358,1.5712833404541016
846688,762.6020503057676,500,False,0.05554308304371513,True,0.015635463958172377,3.3324742317199707
847232,558.2782364845409,500,False,2.899226102852438,True,0.015679786987135267,1.7308223247528076
847728,768.6042246736534,500,False,0.19783478680249772,True,0.015782024525164185,7.400697708129883
849488,786.9643539386562,500,False,0.1298441013513105,True,0.015892083598201007,2.0653865337371826
849584,764.6301615824107,500,False,0.12621608244699795,True,0.01590084888798384,3.385310173034668
851072,799.5937773077192,500,False,0.06466019407970248,True,0.015844747926707817,1.858981966972351
851136,784.6687815207382,500,False,0.3721167867991354,True,0.015525144678600361,2.0636279582977295
851968,835.389194029457,500,False,0.07907958458208333,True,0.015519331814081714,1.3670661449432373
852224,829.3400097846283,500,False,0.05466151374176168,True,0.015547728824261283,2.1090903282165527
852384,851.0732400316335,500,False,0.037969125079354085,True,0.01563024690294275,1.8779001235961914
852544,613.875282823792,500,False,0.6597809347071377,True,0.015596266649529216,2.171055555343628
852896,831.9746931375422,500,False,0.02148151671734997,True,0.01553086555893363,2.467827320098877
853280,697.8496889121861,500,False,0.07638491691985858,True,0.015555577438759315,1.9649145603179932
853952,835.8392206667748,500,False,0.06530275883452753,True,0.01552584954498887,1.6720906496047974
854304,661.8880042120613,500,False,0.38895403882842583,True,0.015273751935703553,4.141160011291504
854512,880.355771037552,500,False,0.07147716042988576,True,0.015347999957270687,2.04189395904541
854688,817.4000598460943,500,False,0.07520275858251817,True,0.015539471453329392,2.240226984024048
855232,798.4750412199187,500,False,0.08197112314689808,True,0.015633837314379177,1.7132365703582764
855728,828.5520498785536,500,False,0.10165452605837005,True,0.01578853035394391,1.7352449893951416
857488,791.7284355987991,500,False,0.09621021316183885,True,0.016051366263718045,1.5127567052841187
857584,815.9187009429983,500,False,0.09773415652430611,True,0.01573265253670471,2.044537305831909
859072,860.5397892544324,500,False,0.039617706018773305,True,0.015757362751865362,1.8623098134994507
859136,806.4907073853896,500,False,0.053758334289617495,True,0.015403836469076067,1.853215217590332
859968,768.6492619082377,500,False,0.1941058606839565,True,0.015351812129492267,2.5766396522521973
860224,786.3199309671326,500,False,0.11472505792302282,True,0.015193933481569938,2.559391498565674
860384,674.6986941978444,500,False,0.9558334870393503,True,0.01526097543818068,1.7656807899475098
860544,849.0665611743426,500,False,0.04897409338307858,True,0.015270992007266442,2.244812488555908
860896,793.1155556958821,500,False,0.07622189148847093,True,0.01527193465982551,1.6994192600250244
861280,860.4613022799946,500,False,0.09789197699175005,True,0.015366415848453432,1.9202871322631836
861952,624.3914474276096,500,False,0.5056037365259306,True,0.015503514100951504,2.4335010051727295
862304,785.1770678746835,500,False,0.16449596748519232,True,0.01543188769535246,1.5701541900634766
862512,515.5905232513821,500,False,0.5638591860930651,True,0.015345130644079892,2.145657539367676
862688,773.4810958732052,500,False,0.15342772244070013,True,0.01531212139801969,1.921081304550171
863232,822.2847612924659,500,False,0.07856346941678011,True,0.015321167898586004,1.7705636024475098
863728,802.4071595450746,500,False,0.12752361186660766,True,0.015165319505517163,2.5269861221313477
865488,685.0835441687044,500,False,0.15085821818237966,True,0.014998286645639779,3.4649946689605713
865584,811.1107395146429,500,False,0.052084131216792784,True,0.014766757604389367,1.9604556560516357
867072,816.400714126815,500,False,0.18388362057385643,True,0.014814902996408131,2.2217278480529785
867136,801.9345908153349,500,False,0.18126954044324106,True,0.015195387834199037,2.130690097808838
867744,547.8265866165027,428,True,2.500265874418778,True,0.015178284166921885,2.9071474075317383
867968,812.0687130124535,500,False,0.07177575365954039,False,0.015069569002253893,2.128297805786133
868224,771.2357509851875,500,False,0.12277227412708205,True,0.015081851209229606,1.961712121963501
868384,732.4746700688204,500,False,0.24382588518617576,True,0.015134057218777221,2.6708247661590576
868544,831.6335345846297,500,False,0.05872538283509322,True,0.015204990516581052,2.7756762504577637
869280,789.6265452716456,500,False,0.05302211757557951,False,0.01517657102906782,4.477663040161133
869952,862.9127508796779,500,False,0.019131757900915165,False,0.01531987005581592,1.944947600364685
870304,805.75535166472,500,False,0.0480099739062678,False,0.015405382805892001,1.7348015308380127
870512,867.0175147078628,500,False,0.07824069233033316,False,0.015463751082012037,4.6529765129089355
870688,755.4699507808546,500,False,0.08777803104207034,True,0.015486758218249162,1.4717507362365723
871232,774.6462447334626,500,False,0.059563853099790516,False,0.015539401778980172,2.8541040420532227
871728,842.9163436191033,500,False,0.0508046382506765,True,0.015475152466067744,1.9381479024887085
873488,802.2237303259391,500,False,0.06368837885049733,False,0.015457315315550717,8.239322662353516
873584,848.1577767005163,500,False,0.06865417084179558,True,0.015132863920838598,1.7854065895080566
875072,862.2198676220069,500,False,0.011443442643558076,True,0.015113111388042565,2.122572422027588
875136,826.9065818922651,500,False,0.07131249246521804,False,0.015174415431220691,2.1969876289367676
875744,807.503450101196,500,False,0.03994509024805509,True,0.01515640797073655,1.941695213317871
875968,827.9663678341203,500,False,0.08925619226744352,True,0.015184805001509915,2.207880735397339
876224,834.5985249609632,500,False,0.08200153146699983,True,0.015199455260071408,1.9158093929290771
876384,764.030164472966,500,False,0.09127868185659235,True,0.015348684573962856,2.7324295043945312
876544,667.7251215584229,500,False,0.22322364570135367,True,0.015414634435372745,1.9265559911727905
877280,871.0662746086165,500,False,0.08268035484031452,True,0.015414388777227386,1.8914021253585815
877952,868.4914773359782,500,False,0.0714102513205212,True,0.015500680339447797,4.490263938903809
878304,823.3938773292439,500,False,0.05302367523824703,True,0.015291574546439934,3.2965986728668213
878512,803.3764422560347,500,False,0.1071073078017785,True,0.015136348118660046,2.064636707305908
878688,754.2447519550243,500,False,0.1114278488137287,True,0.015104455393096409,1.7091275453567505
879232,782.379866357248,500,False,0.2535868370089183,True,0.015150030765470977,4.350240707397461
879728,824.0699614398061,500,False,0.19938179884968452,True,0.01532263676899143,1.7891054153442383
881488,788.0850118289127,500,False,0.07992350236933027,True,0.015418917598769488,2.994065761566162
881584,780.7172527886031,500,False,0.10552248152657347,False,0.01541086324258085,1.7928458452224731
883072,857.4444155757643,500,False,0.04012517029359258,False,0.015422829638176089,1.6708953380584717
883136,828.8757062998,500,False,0.10209912129509618,False,0.015292043538612682,2.4327433109283447
883744,782.015996403058,500,False,0.056823774464172104,False,0.0152726274672109,2.1369099617004395
883968,798.396881015655,500,False,0.10821017273512114,False,0.015277090013243002,1.7936291694641113
884224,602.8771574408235,500,False,0.5346673042053973,True,0.015338552892222579,2.0890369415283203
884384,792.7064420567069,500,False,0.04552205547284379,False,0.015517594427356314,1.547548532485962
884544,804.5914768210513,500,False,0.05909319103936434,True,0.01557497050663657,1.538697361946106
885280,807.592458139719,500,False,0.09031475909776555,True,0.0156793844443762,3.3856325149536133
885952,856.2926998895769,500,False,0.0661067119573165,True,0.015638233885773165,3.224557638168335
886304,897.8953878558477,500,False,0.039470487038338414,True,0.015890231140279994,2.4969358444213867
886512,659.6895404075902,500,False,0.18131208637409782,True,0.015899135044701623,1.8730323314666748
886688,697.3261254355177,500,False,0.07744423823476468,True,0.015843595375071576,2.0437393188476562
887232,862.9090413236378,500,False,0.03636632999831963,False,0.015795807659296415,1.7574784755706787
887728,829.0312288886686,500,False,0.07237334641344731,True,0.015691180317775562,1.6876306533813477
889488,846.0403762986715,500,False,0.08383754355481567,True,0.015606218956970987,1.5805500745773315
889584,797.729452460189,500,False,0.05765802836050167,True,0.015693463090075025,2.1420114040374756
891072,760.0615288449571,500,False,0.1367236800678178,True,0.015744001957329445,1.9735684394836426
891136,796.4570783315398,500,False,0.10563477431041278,False,0.015333681859084675,1.480233073234558
891744,742.0644289872819,500,False,0.16799352299666,True,0.01531319836424303,2.5068602561950684
891968,826.4818792752526,500,False,0.06947192581450146,True,0.015582448255999772,2.5079617500305176
892224,841.3263894252681,500,False,0.030008585629575403,True,0.015562010064431402,2.3049981594085693
892384,833.413772446568,500,False,0.07858659757222217,True,0.015598355958195045,2.973773956298828
892544,801.165975330446,500,False,0.05190554340002191,True,0.01545199079452103,15.752113342285156
893280,764.965632604253,500,False,0.15808357337686962,True,0.015414827899311522,2.849386692047119
893952,753.4535961533267,500,False,0.08250710421261218,True,0.015742040315214666,1.7285845279693604
894304,774.7497733572809,500,False,0.08127250856896615,True,0.01552000715421176,2.0794677734375
894512,830.2161216220484,500,False,0.0739521714624872,True,0.015467527442180912,1.9032151699066162
894688,771.4350690170796,500,False,0.08879884109833933,True,0.015409462452028537,1.9709450006484985
895232,754.49297464767,500,False,0.03667193590362233,True,0.015407407841199662,1.3469159603118896
895728,667.7888327652904,500,False,0.2463483046464793,True,0.015538447263465784,2.1133105754852295
897488,772.5978672272141,500,False,0.12497811730149193,True,0.015466326521234114,2.6006298065185547
897584,860.059380249006,500,False,0.08902081556212475,True,0.015338448269507738,1.5723390579223633
899072,807.8953624488371,500,False,0.13141766397960752,True,0.015363526735340976,2.278597354888916
899136,795.6074082420407,500,False,0.01595828786897585,False,0.01517928836055018,2.033644199371338
899744,844.6868331757837,500,False,0.06004383471876774,True,0.015251760098233522,2.1781861782073975
899968,796.7157456101891,500,False,0.09275655712368244,True,0.015193094986004518,2.390162467956543
900224,778.1052552243527,500,False,0.0492331521400525,True,0.015135374523783118,2.142284393310547
900384,880.5991717060635,500,False,0.06202416670427284,True,0.015189815232204498,1.7346994876861572
900544,770.7948623782112,500,False,0.1566893982597944,True,0.015203192648660343,3.5427093505859375
901280,815.0508411671892,500,False,0.071264609022722,False,0.015084892489850375,1.7891167402267456
901952,764.2090632243608,500,False,0.05464774040657765,True,0.014923539468881421,2.2524185180664062
902304,703.5775099053064,500,False,0.12528212978796566,True,0.01502713386163317,1.5259582996368408
902512,792.8968706512185,500,False,0.11317609267670332,False,0.015227265057212842,2.1571309566497803
902688,753.0815360621377,500,False,0.1353609417836536,True,0.015344003095990101,2.1773548126220703
903232,801.460409735088,500,False,0.12810514727784203,True,0.015366779790995625,1.9479397535324097
903728,859.3918639845432,500,False,0.0658266015858269,True,0.015370319883114445,2.161548137664795
905488,755.8098314081385,500,False,0.1513019905077668,True,0.015218275485978684,1.5059070587158203
905584,802.9996230341375,500,False,0.058209811459960625,True,0.015126622441459155,1.72725248336792
907072,727.2634307251709,500,False,0.09775938147121283,False,0.015155850935539962,3.5968894958496094
907136,872.9379265027702,500,False,0.023400204486415978,True,0.015248796122930938,2.2961366176605225
907744,797.2819510921689,500,False,0.045084519738673695,True,0.015291458954372105,2.0687332153320312
907968,824.4927741870544,500,False,0.04315824260670898,True,0.01547886487449762,1.8717387914657593
908224,770.873280335009,500,False,0.09908874692032209,True,0.015408683133227867,2.8236148357391357
908384,788.8427072069212,500,False,0.12053519428879587,True,0.015416778026871367,2.0298469066619873
908544,851.3619626897656,500,False,0.12864706610556467,True,0.015281292255095632,1.663516879081726
909280,753.9496041416623,500,False,0.12440205851642991,True,0.01523355657093264,1.8738410472869873
909952,814.3628460074506,500,False,0.20390214050366023,False,0.015299529057272498,1.9455010890960693
910304,783.3267199857863,500,False,0.04957834945805041,True,0.0156387049811487,1.613253116607666
910512,771.8647719598836,500,False,0.14556759578387624,False,0.015700392952254574,2.8720126152038574
910688,813.8724090238679,500,False,0.04079551781690829,False,0.015655233839801365,2.412168502807617
911232,803.0570439096555,500,False,0.06397919286209225,True,0.01566817927516779,1.5837829113006592
911728,825.6863549723084,500,False,0.09551515027170218,True,0.015369906257096088,5.276982307434082
913488,798.5633117387358,500,False,0.09850646038748305,True,0.015407218145999846,2.459887742996216
913584,846.2055920662698,500,False,0.08039700693786787,True,0.01538140736800779,5.3206329345703125
915072,680.6142904054362,500,False,0.11425230259586945,True,0.015387684673052557,1.608595371246338
915136,741.7691593118145,500,False,0.15679405428809298,True,0.015074461501128204,1.6858880519866943
915744,859.0035840795049,500,False,0.056227358457553306,False,0.015047177311292253,1.5742206573486328
915968,732.7811306276554,500,False,0.3474900975886862,True,0.015108846705034347,1.627700686454773
916224,797.2026271020172,500,False,0.13787379228523172,True,0.015326407250274293,1.975244164466858
916384,865.6276240168855,500,False,0.08909182130800761,True,0.01527941903642205,2.346923351287842
916544,791.8159855761286,500,False,0.13475952891587584,True,0.015228651609960222,5.826572418212891
917280,707.0922300523281,500,False,0.17865198867624812,True,0.015173914456601746,1.7417798042297363
917952,626.6558461819092,500,False,0.6866272317827724,True,0.0151983789608658,1.8976726531982422
918304,779.6431623031257,500,False,0.07739816872769013,True,0.01527923686121276,1.543501853942871
918512,792.6686486468802,500,False,0.08980326903235002,False,0.015177748079483648,1.952546238899231
918688,811.686105593408,500,False,0.07108865879436752,False,0.01505705630334602,2.058426856994629
919232,876.7646278586811,500,False,0.05924264099468096,False,0.014950319640328705,1.6793208122253418
919728,789.3591591228035,500,False,0.06892899349795267,True,0.015023603462701655,1.3529887199401855
921488,798.163244673677,500,False,0.07963489541477477,True,0.014989920543166701,1.548504114151001
921584,828.8104512481318,500,False,0.031025971241318884,True,0.015088645342523379,1.5096275806427002
923072,657.351268542098,500,False,0.37014119507947835,True,0.015093607915254716,1.6802523136138916
923136,802.4512943560742,500,False,0.04708099400209922,False,0.014917113257298501,1.7125980854034424
923744,789.6325744056772,500,False,0.04261095802117692,True,0.014942675887958138,2.0748462677001953
923968,825.0382958889976,500,False,0.040181251518659526,True,0.015126915900543988,2.842925548553467
924224,799.0714646336122,500,False,0.06062279056336198,False,0.015184282643476021,1.3907740116119385
924384,866.132411496289,500,False,0.046029417593392796,False,0.015240208117582222,1.9426276683807373
924544,831.913466701778,500,False,0.06749243066581258,True,0.015227694426737258,2.313015937805176
925280,821.9571092919548,500,False,0.01212986069267425,True,0.015250587982173491,1.9130690097808838
925952,751.5055244490644,500,False,0.11847063702033539,True,0.015089305033818317,1.5748865604400635
926304,782.0269112629569,500,False,0.08040573278352121,True,0.015003850442626218,1.7059657573699951
926512,817.9455779620508,500,False,0.06454949793290396,True,0.01502593983304122,9.056522369384766
926688,626.9250599573288,500,False,0.6704243879778317,True,0.015043864557299988,2.1668593883514404
927232,731.0531240518534,500,False,0.14245237423276108,True,0.015124305499231022,2.623141288757324
927728,839.069542159395,500,False,0.1352876832710361,True,0.015008562249868471,2.4705209732055664
929488,863.8042285308615,500,False,0.13160914452237008,True,0.014968725350374327,1.7883257865905762
929584,670.8940036176141,500,False,0.17150167844120617,True,0.015236799094046592,2.7020442485809326
931072,847.9154335886781,500,False,0.041106077690075016,False,0.015245702115947378,2.5027294158935547
931136,837.0283583122825,500,False,0.07773916033945284,True,0.015279230553810405,2.787445306777954
931744,812.388464444855,500,False,0.03914401738939894,True,0.015311920822555567,2.7842891216278076
931968,647.0149662204228,500,False,0.19747737458890977,True,0.01534395534104306,1.8822823762893677
932224,845.553883936617,500,False,0.13691186351368795,True,0.015258373786223755,2.0643248558044434
932384,817.7271207374872,500,False,0.04664477007900315,True,0.015218776661575405,1.7175129652023315
932544,775.395170174752,500,False,0.12168769973442486,True,0.015203732071412892,5.538825035095215
933280,534.2672154478325,500,False,1.1312092599354029,True,0.015299226618670649,1.8911042213439941
933952,782.3705596133402,500,False,0.2082274214421923,True,0.01533370081514902,1.6589547395706177
934304,777.8295284746904,500,False,0.07689742340036855,True,0.015333405477957038,2.1767168045043945
934512,771.0793085521882,500,False,0.16063830938404203,False,0.015375243669951516,1.9276227951049805
934688,830.4952759728367,500,False,0.041300402849603575,True,0.015394351000226332,1.644129753112793
935232,804.9217040096964,500,False,0.10691908589774671,True,0.015457824627944074,1.6284229755401611
935728,782.2786970313058,500,False,0.04833241256432724,True,0.015546853165132503,1.8277153968811035
937488,807.9217205004965,500,False,0.07406176979725007,False,0.015576307416583649,1.6008059978485107
937584,844.8809658013841,500,False,0.06602839989912278,True,0.014755564168516555,1.6190515756607056
939072,835.4362734380376,500,False,0.2026590359523944,True,0.014761542592349129,1.672345757484436
939136,804.0861582005755,500,False,0.06635394688546738,True,0.014587800398291242,1.8323345184326172
939744,833.6824221650561,500,False,0.038077624179569836,True,0.014560385633477873,1.7718487977981567
939968,822.8960763518411,500,False,0.10938630502944342,True,0.014442489490004946,1.4288358688354492
940224,869.7913364781994,500,False,0.054120697016834286,True,0.014442401654644879,1.736065149307251
940384,811.164406415423,500,False,0.10323403110910645,True,0.014452322522392614,2.196892738342285
940544,760.8133902798646,500,False,0.11483407446068553,True,0.014448794555130947,1.8392245769500732
941280,814.8995720394518,500,False,0.03699409623749653,False,0.014432511998202818,2.273256301879883
941952,555.8098924887395,500,False,0.29690613117792825,True,0.014625086924114433,1.9926271438598633
942304,824.1625751438389,500,False,0.0701818629620709,True,0.014545123590451639,1.9181948900222778
942512,779.1373137696551,500,False,0.05135348449054834,True,0.014648912299677649,1.5541315078735352
942688,687.0688709835418,500,False,0.16888236876874135,True,0.014566661192447622,1.7923839092254639
943232,863.5560346068677,500,False,0.02329932970948273,True,0.014484508586076928,2.63156795501709
943728,817.6840673762034,500,False,0.07009232808286002,True,0.014631508278219218,2.2334651947021484
945488,681.3586228477135,500,False,0.4361821146708432,True,0.014507731079294033,1.6114823818206787
945584,802.7485858884872,500,False,0.06495328659710296,True,0.0144873934367323,1.791642189025879
947072,789.5635855871233,500,False,0.05233254867595129,False,0.014468410353457088,1.5509722232818604
947136,825.8098882275309,500,False,0.037620482751270425,False,0.01460391557515776,2.865147590637207
947744,767.5560374981733,500,False,0.07665257346281154,True,0.014575729996953123,2.337226390838623
947968,844.8695999511914,500,False,0.05197498379463715,False,0.014388529058660315,2.2905237674713135
948224,837.8921397819547,500,False,0.07531710033088804,True,0.014373582460922631,1.833932876586914
948384,784.1316016276763,500,False,0.07296788930508982,True,0.014400330843872631,1.97932767868042
948544,793.0348132326602,500,False,0.09565661594010466,False,0.014453551099011098,1.5208531618118286
949280,819.7064131698013,500,False,0.010044094989361917,True,0.014424761779624441,1.6353623867034912
949952,827.5913943644002,500,False,0.04599819016853869,True,0.014240412404192755,2.2992238998413086
950304,786.828734277324,500,False,0.06083482227049845,True,0.013939815239395319,1.7912415266036987
950512,821.9207730563488,500,False,0.0510921563688822,True,0.013993566620222922,1.6702178716659546
950688,793.6124201032784,500,False,0.10848887126966744,True,0.014014049814525122,1.9823516607284546
951232,736.7216266503517,500,False,0.08873964790536983,True,0.01399892726899514,2.343095541000366
951728,807.6186296322205,500,False,0.04764630103653555,False,0.014065360562329633,1.6542739868164062
953488,847.4832619444102,500,False,0.04493820558199547,True,0.014139725293105738,2.1829020977020264
953584,751.7651008739163,500,False,0.0419562895749356,True,0.014510234170423322,1.779423713684082
955072,767.690707623619,500,False,0.2150521685967906,True,0.014486775366048893,30.05088996887207
955136,879.1198802714489,500,False,0.044907838741428924,True,0.014295024595060775,1.9333021640777588
955744,668.0104340348455,500,False,0.18668143767794132,True,0.014265369334652101,2.129939079284668
955968,717.1153810265923,500,False,0.22113544495476972,True,0.014127690654987668,1.1206040382385254
956224,832.8518862830272,500,False,0.053837633629378746,True,0.014205403152739252,2.626800775527954
956384,726.5176880552834,500,False,0.13598964959825813,False,0.014198750530077785,1.9671460390090942
956544,865.978530977671,500,False,0.09100250806740003,True,0.01416008686871474,2.092576026916504
957280,813.8155822258802,500,False,0.05571799350663113,False,0.014107992567832905,3.901465892791748
957952,784.1662507088135,500,False,0.1008511207934288,True,0.014214994544043248,1.6032955646514893
958304,780.6649137030229,500,False,0.10514569899011741,True,0.014208396358299758,2.3618626594543457
958512,690.0872724523261,500,False,0.18959807107660148,True,0.014245443442052969,1.7430721521377563
958688,791.6108300161077,500,False,0.06367655731501658,True,0.014301564224521307,2.3191487789154053
959232,779.5368482952848,500,False,0.02794718360218265,True,0.014328186802551325,2.491877555847168
959728,842.1301210956566,500,False,0.14825691005871452,True,0.014187241666759437,3.8731603622436523
961488,735.9227547441267,500,False,0.13929308275468968,True,0.014229200212494937,2.272444725036621
961584,777.6619483714568,500,False,0.06477064531246167,True,0.014560826676810482,1.586815595626831
963072,794.2601540100402,500,False,0.09676615276544835,False,0.014545971293373311,2.1612768173217773
963136,797.0293388690625,500,False,0.0862508139733191,True,0.014592801773661965,1.460919737815857
963744,813.2735919667664,500,False,0.03474104849485769,True,0.014587390032807063,1.79302179813385
963968,814.5466564005296,500,False,0.15594791763856272,False,0.014336304702033342,1.5933637619018555
964224,805.1482606102895,500,False,0.10089967385424467,True,0.014398514853121627,1.5666333436965942
964384,798.9616552779405,500,False,0.6421861981984754,True,0.014491190337386413,2.0279276371002197
964544,876.0525205064783,500,False,0.022075091134747944,True,0.014489833187291454,1.7512584924697876
965280,746.0559935712776,500,False,0.1796248150729287,True,0.014499139482477882,1.3660390377044678
965952,702.0434110104554,500,False,0.08353785962289202,True,0.014566545765801004,2.599489688873291
966304,773.0114901190442,500,False,0.08528091187026761,False,0.014609937837705124,1.5471291542053223
966512,799.1956216047768,500,False,0.07372940486220916,True,0.01448353301434241,2.1529762744903564
966688,788.61628195539,500,False,0.0953596996202533,True,0.014480280117132167,1.7591513395309448
967232,825.687154407146,500,False,0.05093959016234018,True,0.014469665332110639,1.7786988019943237
967728,868.7700961396422,500,False,0.06772551402074563,False,0.014483189691692482,2.608924388885498
969488,757.0033914414565,500,False,0.08521529061665097,False,0.014478349975020972,1.9711787700653076
969584,847.2786448332537,500,False,0.08906795662738362,True,0.014667516091112043,1.924734354019165
971072,760.204123234592,500,False,0.11541867606482913,True,0.014624878563794796,1.5568628311157227
971136,760.5397839587555,500,False,0.12201757581139885,True,0.014010985654273252,1.7420310974121094
971744,749.3346557062837,500,False,0.08169775078955144,True,0.01400621027850465,1.789886474609375
971968,788.0630318284326,500,False,0.19273555040894572,True,0.013895185136874042,2.043398857116699
972224,784.1996527677945,500,False,0.060885625395767994,True,0.013916429010934924,1.725996494293213
972384,848.8852408755602,500,False,0.21526120972162335,True,0.013817699175582888,1.3849890232086182
972544,792.2174107259165,500,False,0.1632329838474679,True,0.013810561885176672,1.9259164333343506
973280,768.2859923135882,500,False,0.12438203512235786,False,0.013842074903805832,1.1653239727020264
973952,813.1322994817833,500,False,0.034000131864655836,False,0.013894956478312143,1.7734997272491455
974304,670.6361765067415,500,False,0.2256423158559929,True,0.014095001724994328,2.366997241973877
974512,738.1844338245469,500,False,0.18726382827790117,True,0.01409227867362323,1.7453019618988037
974688,761.8231096919558,500,False,0.032973012256931784,True,0.014116120788028225,3.2578418254852295
975232,708.9562071871001,500,False,1.796182376326262,True,0.01408356751444104,1.5684595108032227
975728,767.6569067511762,500,False,0.13873813585501266,True,0.014077806787246086,1.578305959701538
977488,787.238240560869,500,False,0.057931670752600674,True,0.014273775251244174,1.9047753810882568
977584,858.218432003624,500,False,0.06306715252547236,True,0.014377793236816186,1.711385726928711
979072,804.9591055583863,500,False,0.04291873669976317,True,0.01437144552391217,1.8720422983169556
979136,831.2622372733697,500,False,0.06735811353046997,False,0.01449139057562055,1.798290491104126
979744,739.8760886108754,500,False,0.044858089264363916,True,0.014509343728205431,1.9019489288330078
979968,717.7674099784692,500,False,0.14743339502614053,True,0.014397400094439966,2.559568405151367
980224,833.6495252141751,500,False,0.06188553939408863,True,0.014333689588823958,2.764167547225952
980384,733.068185318842,500,False,0.11513736119526072,True,0.01439935658822741,1.7593590021133423
980544,865.0608577786604,500,False,0.05650019856206593,True,0.014381114480480612,1.9639348983764648
981280,825.0651584455712,500,False,0.1131787135751849,True,0.01441789029421911,3.484714984893799
981952,817.685309302312,500,False,0.01871687425277576,True,0.014609960085077986,1.2656490802764893
982304,803.3008944672996,500,False,0.06419764218563552,True,0.014479359913678285,1.3058290481567383
982512,833.3040316023981,500,False,0.1262980583653436,True,0.014459215992761856,1.5456246137619019
982688,876.9754063982732,500,False,0.06042006527367271,True,0.014426213363523321,2.500250816345215
983232,727.183039667541,500,False,0.14256738981418957,True,0.014512894120252764,1.8735276460647583
983728,815.4184386899607,500,False,0.031474640974946545,True,0.014598455287913613,1.7848578691482544
985488,825.2656729176888,500,False,0.06865915811102577,True,0.01453600406639233,1.5658433437347412
985584,802.5462165317377,500,False,0.09002337864455548,True,0.014612813118747727,1.8920471668243408
987072,729.8040367799283,500,False,0.11796621904886173,True,0.01457869627269326,4.3193464279174805
987136,902.8122559526644,500,False,0.04453149857111245,True,0.014316476294552976,1.4601328372955322
987744,875.6523004251133,500,False,0.025740354484517444,False,0.01433252643854004,1.489783763885498
987968,784.1180194908036,500,False,0.1769323253436386,True,0.014306346629490723,2.3754515647888184
988224,816.0845592002979,500,False,0.01775942785020073,True,0.014404514125050541,2.3998289108276367
988384,843.5015721386405,500,False,0.062363901447201345,True,0.014510148512308951,1.5197782516479492
988544,758.180619382636,500,False,0.08313597611681166,True,0.014551262656022487,1.7048107385635376
989280,777.7177478360879,500,False,0.13412355629542524,False,0.014654837223443733,1.9253127574920654
989952,895.110219223426,500,False,0.06753732742267245,True,0.014861826710479592,3.269103765487671
990304,499.58614184977847,500,False,1.4536930601559592,True,0.014840179766310257,1.7794733047485352
990512,779.3507455847063,500,False,0.1316713642704424,True,0.014843440315948234,1.8906960487365723
990688,774.5473348951807,500,False,0.09797239366006805,True,0.014700735256429813,2.751669406890869
991232,837.1024297045897,500,False,0.08343266147966345,True,0.014749088095763587,1.889742136001587
991728,799.3590264857706,500,False,0.030108125233353822,True,0.014714940122909284,1.5680609941482544
993488,740.9806477858682,500,False,0.10930205243360064,True,0.014808491606517859,1.5438646078109741
993584,797.9318515871918,500,False,0.09906213883488152,True,0.014693314971768796,2.120680332183838
995072,804.7325227718235,500,False,0.10670782650209065,False,0.014694319299371882,1.52117919921875
995136,696.2046787925549,500,False,0.26936835906122175,True,0.014331712322414607,2.3888654708862305
995744,816.5625463426027,500,False,0.04272332353138828,True,0.014300615869056382,2.1031579971313477
995968,823.2717035523136,500,False,0.06527883783349149,True,0.014191866622140933,2.3398513793945312
996224,804.2102615306087,500,False,0.13102190569509234,True,0.014242483510104676,2.487441062927246
996384,788.480288643973,500,False,0.12331076237666519,False,0.01430600823751867,1.666096568107605
996544,752.7343335609293,500,False,0.07266455407608453,True,0.014334831347862658,2.2100343704223633
997280,829.6438470235505,500,False,0.037049652921664206,True,0.014419102238588565,1.4369688034057617
997952,840.047173554443,500,False,0.06238056640560235,False,0.014597689238706253,1.877297282218933
998304,870.6930066986075,500,False,0.04333392224401613,True,0.014769912112887758,2.0200347900390625
998512,852.1097047271231,500,False,0.057596839806529875,True,0.014711306054132185,2.09334135055542
998688,799.5385629023855,500,False,0.13533022570858702,False,0.014670238922876803,1.8415637016296387
999232,839.4780112439132,500,False,0.09511401967105997,True,0.014579707938664208,1.8733482360839844
999728,844.1601168711323,500,False,0.10154310619801013,True,0.014538816267085537,1.755317211151123
1001488,799.053759139447,500,False,0.10119788390091068,True,0.014743616186023732,1.5238062143325806
1001584,798.5589853838947,500,False,0.12441620897328777,True,0.014346100563760547,2.018033742904663
1003072,835.1769275419551,500,False,0.057483065960823865,False,0.014352474889866584,1.2997379302978516
1003136,838.2645566890883,500,False,0.051612857491961144,True,0.014299005551095511,1.559081792831421
1003744,846.9871325148088,500,False,0.09085987917011988,True,0.01426975695206075,1.7839534282684326
1003968,797.4197163134078,500,False,0.08143484852825167,True,0.014208283377562395,1.6690988540649414
1004224,828.8294859095719,500,False,0.051626925325108396,True,0.01424070367940681,1.575569987297058
1004384,761.431117056482,500,False,0.14801565458858082,True,0.014304237623312607,2.0198893547058105
1004544,886.3899345193336,500,False,0.06224157120598301,False,0.014264638534059832,2.6836702823638916
1005280,803.5347688463402,500,False,0.12738601166221286,True,0.01425254003499189,1.760940670967102
1005952,720.6446250173182,500,False,0.2651462337277673,True,0.014087323689780731,1.3978800773620605
1006304,868.3699711512014,500,False,0.05736364408723096,True,0.013978137794725223,2.3732972145080566
1006512,828.3257144030931,500,False,0.11050000688807858,True,0.014009229739368504,1.5381078720092773
1006688,733.2332868426631,500,False,0.15495825060156465,True,0.013931896928702966,1.408738374710083
1007232,831.140405238333,500,False,0.03697131170178302,True,0.013892035669419215,2.1615395545959473
1007728,641.7603605780695,500,False,0.23982225687553044,True,0.013768495055610678,2.601961612701416
1009488,760.0397561949309,500,False,0.10513815099142085,True,0.013659527847504327,1.4242584705352783
1009584,858.284890768259,500,False,0.052891922964219115,False,0.013682444721913125,1.263628602027893
1011072,808.5272189828553,500,False,0.06224739498613477,True,0.01369472352420335,1.5598492622375488
1011136,767.5261520077247,500,False,0.03893923853332348,True,0.013663545857178742,3.1113951206207275
1011744,758.6645279634488,500,False,0.06882597254650309,True,0.013651274549786731,1.710044264793396
1011968,790.1769566786427,500,False,0.07911977482102789,True,0.013788722726494779,1.6898480653762817
1012224,796.3141363570952,500,False,0.04837939906882444,True,0.013867826417968503,2.3042120933532715
1012384,786.2227382698027,500,False,0.059354266969300164,False,0.01388635262627102,1.4366037845611572
1012544,736.5804694558251,500,False,0.07440889308120145,True,0.01395533247142985,1.5751101970672607
1013280,820.7735684650962,500,False,0.08283949850184526,True,0.013952001926034522,2.8077211380004883
1013952,859.1210679426872,500,False,0.06137498386942572,True,0.013690770087365424,1.5434424877166748
1014304,810.8583152219553,500,False,0.09532179096886391,False,0.013784010463565666,2.6045117378234863
1014512,822.5542278528992,500,False,0.050451235371634214,True,0.013781937171619876,1.74788236618042
1014688,807.7684316783883,500,False,0.07691050152544275,True,0.013711062876365462,22.928253173828125
1015232,841.9493206186394,500,False,0.054469339813182735,False,0.013683639387017436,2.261960029602051
1015728,823.3096923679788,500,False,0.19061954040617943,True,0.013583058632344781,1.6254112720489502
1017488,778.8262984633246,500,False,0.11152235562830415,True,0.013678070823766458,1.448273777961731
1017584,765.6635296924862,500,False,0.07806345330513897,True,0.013702416525790474,1.4291194677352905
1019072,804.6024020488369,500,False,0.08273004675343024,True,0.013677254489741296,1.6516287326812744
1019136,747.187274859886,500,False,0.12737420763169094,False,0.013768171427956263,1.5359916687011719
1019744,759.9758600196908,500,False,0.07369500068106163,True,0.013787946003271196,1.8112690448760986
1019968,763.9393578316506,500,False,0.13028265227489735,True,0.013688524376958063,1.4858205318450928
1020224,720.6603152354643,500,False,0.10832984626804111,True,0.013578819995543664,1.5073425769805908
1020384,775.2693617462073,500,False,0.11301051726272046,True,0.013509985575398033,1.8387571573257446
1020544,821.031597700338,500,False,0.0732169555642945,True,0.01345564553041373,1.794575810432434
1021280,833.843866662395,500,False,0.10538463012650064,True,0.01340883179998366,1.381659746170044
1021952,765.8944376881618,500,False,0.11803093277283559,True,0.013187240471668327,1.682948350906372
1022304,759.9742078170613,500,False,0.09669856351742963,False,0.013222145720691261,1.588501214981079
1022512,828.8921915312791,500,False,0.08019880678861178,False,0.01328581023784269,2.2618014812469482
1022688,741.3867420508559,500,False,0.14898569410206514,True,0.013263001208660996,1.4158039093017578
1023232,828.1185641911183,500,False,0.08453799352547675,True,0.013326122478307107,1.4672069549560547
1023728,784.8472064435524,500,False,0.04905033640327676,False,0.013357235086250826,1.6345882415771484
1025488,709.2784358376856,500,False,0.1909469464424085,True,0.013263196352443645,1.689282774925232
1025584,782.1270818195397,500,False,0.11956761373837234,True,0.012892508815624175,1.3956716060638428
1027072,853.135511801633,500,False,0.11849183869211906,False,0.012953246068521265,2.3510589599609375
1027136,737.1234095185212,500,False,0.05346448168018892,True,0.013155821143133265,1.4561831951141357
1027744,785.4916568875805,500,False,0.06026050057595275,False,0.013173509618457577,1.5494167804718018
1027968,740.4365067516975,500,False,0.15373080594765728,True,0.013392198076943177,3.381471633911133
1028224,848.334772269748,500,False,0.027900994288218912,True,0.013318404641618974,1.7510697841644287
1028384,910.7332499465072,500,False,0.006031624499538121,False,0.013383512456983522,2.0755209922790527
1028544,834.0721284828473,500,False,0.06006911228536497,False,0.013386798060437795,2.0727720260620117
1029280,808.1743929525081,500,False,0.0878796823016892,False,0.013382138155303855,1.8632547855377197
1029952,812.9181659802744,500,False,0.021400834202660476,True,0.013148828979557737,2.033653497695923
1030304,800.7960524969093,500,False,0.07009607618978783,True,0.012946404463622233,1.7233387231826782
1030512,754.9079726002819,500,False,0.12491030429761414,True,0.01278240666092861,1.7692644596099854
1030688,829.2671398271585,500,False,0.05835177614438636,True,0.01273312960292966,3.9186081886291504
1031232,682.8210962829771,500,False,0.28180057870562697,True,0.012805503843864663,1.4418494701385498
1031728,838.0691327961517,500,False,0.06552737564088104,False,0.01265979374657143,1.7884711027145386
1033488,800.4641574603332,500,False,0.1056902305602059,True,0.012830874720633267,1.6817314624786377
1033584,781.7046233354688,500,False,0.07004384503203755,True,0.012836905428947377,1.5238059759140015
1035072,832.0205857820735,500,False,0.07147493622624711,True,0.012902356005225204,1.970628023147583
1035136,743.2401442023549,500,False,0.10003190939392043,True,0.012876691221915003,1.5738530158996582
1035744,785.080982086682,500,False,0.09968376998745629,False,0.012844484161628438,1.7053583860397339
1035968,739.6010020470177,500,False,0.03232005090403599,True,0.012716467648420764,2.2032036781311035
1036224,785.392274727187,500,False,0.1289251116078363,True,0.012726535259852366,1.953534722328186
1036384,751.8804991910184,500,False,0.16245486897841935,True,0.012722465173825113,1.5496200323104858
1036544,825.5284643646122,500,False,0.06734251128370507,True,0.012726562778717776,1.5510022640228271
1037280,848.4742502145701,500,False,0.06942862141059754,True,0.012656805017271792,1.6118338108062744
1037952,757.901913547904,500,False,0.09791312523698896,True,0.012711355372261347,1.259935975074768
1038304,749.5728381799175,500,False,0.09173117718966248,False,0.012661478391805873,1.8636255264282227
1038512,844.7034519880483,500,False,0.0335407546477946,True,0.012713640000713166,1.5310043096542358
1038688,825.7708093457018,500,False,0.089155378384813,False,0.012788332363928519,1.853458285331726
1039232,842.0884740321276,500,False,0.0562468958990917,True,0.012797483601721097,2.183105230331421
1039728,886.8826575585944,500,False,0.044366451772650424,False,0.01279679045254364,1.733182430267334
1041488,780.7309085397874,500,False,0.06492458378466812,True,0.012621738216964867,1.4087941646575928
1041584,846.5721640463428,500,False,0.07587185110266702,True,0.01276020246969877,2.121236801147461
1043072,659.6318999195208,500,False,0.5358981129277408,True,0.012750054223588575,1.7101082801818848
1043136,814.937777885874,500,False,0.06587741543864363,False,0.0127635138590871,1.4638563394546509
1043744,788.4362099225903,500,False,0.02148977965475322,True,0.012776416576829376,1.591667890548706
1043968,743.065338402486,500,False,0.12135737707884464,True,0.01262367316009494,1.8848521709442139
1044224,778.83837145615,500,False,0.0629067227166468,True,0.012645039469958172,1.3331034183502197
1044384,799.9387103045938,500,False,0.10154481385387411,True,0.012600989602266867,1.6825393438339233
1044544,849.9862186714386,500,False,0.04048662460849654,True,0.012632806288458377,1.7066289186477661
1045280,811.245987121718,500,False,0.14342656135652818,True,0.012620535223314584,3.5502848625183105
1045952,878.252809182287,500,False,0.06625757503436111,True,0.012567108651116033,1.5526626110076904
1046304,785.571373138623,500,False,0.08418545613757915,False,0.012514277765567119,1.520618200302124
1046512,770.5247029040468,500,False,0.07841841949353856,True,0.012581019866199385,1.6657626628875732
1046688,892.5410344897468,500,False,0.031178642265708295,False,0.012623614094986054,2.327146530151367
1047232,778.4561789593979,500,False,0.17888719213803467,True,0.012657825463823512,1.4948872327804565
1047728,825.5569618245796,500,False,0.10690696301055067,True,0.01271814857829411,2.3966355323791504
1049488,814.2773630697085,500,False,0.05158508831348829,True,0.012713523207320582,1.4158592224121094
1049584,769.437360101095,500,False,0.10483879012958076,True,0.012512730223062759,1.6850428581237793
1051072,866.9257094953205,500,False,0.10487256330821872,True,0.012394496865048394,1.6792480945587158
1051136,803.6516751973542,500,False,0.05173418642945253,True,0.01266838792973506,2.5564231872558594
1051744,691.4891480737199,500,False,0.15975006256057367,True,0.012675739167566475,1.709959626197815
1051968,809.5435137325858,500,False,0.10810685068817118,True,0.012677240133088758,1.4315085411071777
1052224,839.1291863079917,500,False,0.09566853499971983,True,0.012703421466570407,2.520615816116333
1052384,844.7995953938785,500,False,0.017969311786360336,True,0.01265370569445273,1.6006183624267578
1052544,778.8660338852304,500,False,0.09375474282050285,True,0.01266611441647004,1.909576177597046
1053280,777.0915786427194,500,False,0.04065305312979098,True,0.012673755052662623,1.44329833984375
1053952,757.95791245117,500,False,0.07454757950544735,True,0.01254909412668925,1.7308474779129028
1054304,773.2396714018532,500,False,0.2454386808054853,True,0.012622546172899528,5.096225738525391
1054512,806.4736614572981,500,False,0.03251303568550375,True,0.012632286803141136,1.5364199876785278
1054688,769.109741543507,500,False,0.0993402738379243,True,0.012538289826187416,1.4470834732055664
1055232,805.2437129441788,500,False,0.13364075611348333,False,0.012524243800833477,2.2116453647613525
1055728,786.3931774667816,500,False,0.03562665733542268,True,0.012492655889380628,1.5941870212554932
1057488,856.497029304414,500,False,0.06943235527289411,False,0.012553339374668482,1.939715027809143
1057584,757.1439418893692,500,False,0.14142473701858457,True,0.012867529989987678,1.560215711593628
1059072,887.2320928663754,500,False,0.047452421057189734,True,0.012866331958250132,1.4301563501358032
1059136,834.1131282399292,500,False,0.0758437263807278,False,0.012737698749076562,4.196782112121582
1059744,842.2884472003889,500,False,0.12944126944565795,True,0.012721734376103746,1.368586540222168
1059968,826.2117398737357,500,False,0.07493051000578034,False,0.012604943993692974,1.8539323806762695
1060224,827.4756592709538,500,False,0.14581012417109718,True,0.012560663890641914,1.8468329906463623
1060384,807.9095365619071,500,False,0.09434896162815085,False,0.01260289668529038,2.198763847351074
1060544,790.7529945046773,500,False,0.05929130754847473,True,0.0126150085895644,1.6422991752624512
1061280,811.871694755917,500,False,0.05025801277096548,True,0.01265311870810026,1.3892769813537598
1061952,845.8481519887886,500,False,0.07027616770700608,False,0.012585022298477746,1.3507148027420044
1062304,820.977563280326,500,False,0.15637483729105758,True,0.012415954771157043,1.7999731302261353
1062512,797.647980666156,500,False,0.0541295979203074,True,0.012379345086803243,1.5160183906555176
1062688,797.3463117014455,500,False,0.05510562577172357,True,0.012416827546214574,1.715114951133728
1063232,734.0474329423142,500,False,0.10447410193432714,True,0.012490003847265268,1.5657739639282227
1063728,822.734123776722,500,False,0.14097324776196135,True,0.012761687425431576,1.683950662612915
1065488,794.3083098494045,500,False,0.16063846085081995,True,0.012548893719035724,2.141497850418091
1065584,769.2604206153832,500,False,0.08995101855501257,True,0.012107295118941446,2.090972900390625
1067072,792.4462345720706,500,False,0.09231647525197824,False,0.012128276295795885,1.5368571281433105
1067136,811.4551934228821,500,False,0.07637855781450317,True,0.012396934357241592,1.9328081607818604
1067744,731.8180286972744,500,False,0.2580536109023678,True,0.012398479671124273,1.4921807050704956
1067968,765.2852227712771,500,False,0.0804637938034164,True,0.012481375818304411,1.1909894943237305
1068224,842.7702668678514,500,False,0.08361868772450833,True,0.012460505791822145,1.4515576362609863
1068384,889.6237323623415,500,False,0.041838634656868476,True,0.012473005992226444,1.3936538696289062
1068544,809.2048621527334,500,False,0.05086073640444467,True,0.012469821002932731,1.7823255062103271
1069280,863.032606856798,500,False,0.03964018437379687,True,0.012417001945257173,1.411696434020996
1069952,798.3566624935138,500,False,0.05917558273887557,True,0.01245323470684298,1.4187896251678467
1070304,826.3835239740949,500,False,0.10379230289607634,True,0.012570394761299031,1.374253749847412
1070512,826.6962740869054,500,False,0.054643140190618694,True,0.012445502786559422,1.9024286270141602
1070688,779.2964101288667,500,False,0.0659539280771905,True,0.012441002356362859,1.3717246055603027
1071232,807.0869885553293,500,False,0.05287294790032467,True,0.012420133480612827,1.1221895217895508
1071728,766.8847028182618,500,False,0.033781442064242564,True,0.012442874845719756,1.2259076833724976
1073488,771.2261257517882,500,False,0.1502596973042858,True,0.012472966931599315,1.2804133892059326
1073584,797.520052397639,500,False,0.021778919327679815,True,0.012541046954315441,1.3191288709640503
1075072,752.2647580706227,500,False,0.10295422579430033,True,0.012508587524748935,1.2185969352722168
1075136,838.3346190974869,500,False,0.02868268930658941,True,0.01253879281230695,1.486954689025879
1075744,819.2300945174904,500,False,0.07167516178962273,True,0.012553017583813128,1.6354007720947266
1075968,772.6923122497386,500,False,0.07917348610128867,False,0.012475442185902812,1.2494724988937378
1076224,866.0687515835496,500,False,0.022392515903062658,True,0.012453889491414072,1.5798089504241943
1076384,812.5772852863845,500,False,0.09924017468700572,True,0.012509137006828073,1.2175614833831787
1076544,745.6959172548392,500,False,0.14353748752978432,True,0.01255651043366962,2.1605277061462402
1077280,826.1082829790888,500,False,0.08498524541388343,True,0.01258917634813925,2.3333067893981934
1077952,772.1434629581861,500,False,0.1587810299710626,True,0.01273194898022776,1.325096845626831
1078304,784.1381794061394,500,False,0.09547258218561062,True,0.012843718680604906,2.1784420013427734
1078512,817.8931131964049,500,False,0.12265011581134759,True,0.012822680805997431,1.6011570692062378
1078688,737.4989339454985,500,False,0.14507003366473714,True,0.012728094462269414,1.4437371492385864
1079232,829.6382267511553,500,False,0.06105202726080817,True,0.012676820374146412,1.896345853805542
1079728,813.5048878379423,500,False,0.08567901661119932,False,0.012742964131875551,1.574331521987915
1081488,771.3460194368546,500,False,0.10009286491570901,False,0.012785070803535437,1.6323094367980957
1081584,720.8732105298827,500,False,0.1707338971869659,True,0.012585889233225688,1.4339916706085205
1083072,797.6027114738987,500,False,0.09402481424127232,False,0.012600288345945754,2.60258150100708
1083136,726.1445000513339,500,False,0.17117180174906382,True,0.012798845908850024,1.9540071487426758
1083744,800.0036865320154,500,False,0.08149628437540837,False,0.01276124198380503,1.693203091621399
1083968,792.1699806713837,500,False,0.03136893280657349,True,0.012701327026554956,1.6007763147354126
1084224,841.1286256667804,500,False,0.06805277100376492,True,0.012720041191842509,1.6774194240570068
1084384,817.5781982801076,500,False,0.06962603122876627,False,0.012758037477606367,1.9618232250213623
1084544,760.7529675270456,500,False,0.13502789584773955,True,0.012696988401157589,1.3554656505584717
1085280,796.9768331903774,500,False,0.18400789469095336,True,0.012658020099547062,1.4497125148773193
1085952,854.1429339231336,500,False,0.039348941601349066,True,0.01233280059400972,1.2984511852264404
1086304,818.323624818862,500,False,0.09137984502569574,True,0.012200823252392886,1.4613900184631348
1086512,807.0012868838983,500,False,0.09895836475292977,False,0.012165279013436583,2.4307923316955566
1086688,610.2156768983416,500,False,0.2458452203906551,True,0.012200461344412992,2.375556707382202
1087232,841.1619206000152,500,False,0.09971271593440503,True,0.012236488228571766,1.5428829193115234
1087728,797.4518490595273,500,False,0.0740262939393533,True,0.01236706082727748,2.428692102432251
1089488,766.7816885562186,500,False,0.09933956368802185,True,0.01232886411155093,1.7205997705459595
1089584,819.180223584136,500,False,0.063613018016815,True,0.012282663002246447,1.3789196014404297
1091072,759.0773561903842,500,False,0.1694890250536392,True,0.012301057425574363,2.1716065406799316
1091136,756.6381227668608,500,False,0.09558098824308651,True,0.012436261845038304,1.2525733709335327
1091744,829.2965280804342,500,False,0.03289812485998442,True,0.01241364965077069,1.5867671966552734
1091968,730.4745904226934,500,False,0.14281257139724815,True,0.012373260202314489,2.393836498260498
1092224,764.0243623082569,500,False,0.04602179309225479,True,0.012345879383696221,4.327073574066162
1092384,772.4922060883868,500,False,0.08266309857121308,True,0.012290615992102353,1.8380162715911865
1092544,790.9746469462808,500,False,0.056683687741639927,True,0.012263367505173714,2.0244171619415283
1093280,824.1915166887519,500,False,0.09183195990514928,True,0.012274478451950444,1.4883217811584473
1093952,801.3683279090358,500,False,0.1024983787667921,False,0.012003293319273974,2.7966878414154053
1094304,807.3880476268469,500,False,0.07721373650251563,True,0.01194689061515224,1.5561420917510986
1094512,825.0474009528674,500,False,0.05864449275344654,False,0.012034863912154978,1.4395349025726318
1094688,761.4348248061682,500,False,0.1346435039499154,True,0.012024654332324879,2.170682907104492
1095232,766.8330755063475,500,False,0.11451548675444814,True,0.012039880324382933,3.323335647583008
1095728,720.7933130879366,500,False,0.0660681472012564,False,0.012130500984389092,3.104172706604004
1097488,712.3984632966672,500,False,0.19844123636964955,True,0.01221095837605161,2.8781137466430664
1097584,792.1526946507987,500,False,0.043416989596070446,True,0.012091303298257508,1.2807550430297852
1099072,820.6701925764928,500,False,0.07486070524952926,True,0.012099401931505592,3.4106006622314453
1099136,758.0444155948179,500,False,0.08813136416769175,False,0.01223783321260165,1.6834173202514648
1099744,792.9305188752963,500,False,0.15640882780017068,True,0.012225698722217154,1.0747190713882446
1099968,716.3617122576968,500,False,0.06478119148016584,True,0.012120042772363865,1.2029294967651367
1100224,808.3342356509646,500,False,0.08226353407398047,True,0.01206402023669094,1.2071361541748047
1100384,805.8214994835258,500,False,0.09284095890360768,True,0.012071625392813111,1.5215916633605957
1100544,701.4985178001066,500,False,0.1660429645913986,True,0.012038385753764515,1.151928186416626
1101280,774.7585576385278,500,False,0.10842685504567397,True,0.012028412141887804,1.8547687530517578
1101952,772.3951277464367,500,False,0.09076097656071261,True,0.01215825351230037,2.23007869720459
1102304,760.9815893002408,500,False,0.06990303297669116,True,0.012511210526108329,1.2814937829971313
1102512,822.6475291194406,500,False,0.05218787035400151,False,0.012528718853971166,1.5364406108856201
1102688,755.4511301526047,500,False,0.06781619566073084,True,0.012454328085588787,1.3034687042236328
1103232,815.8393750429107,500,False,0.09671414712569919,True,0.01247902063976722,1.3435018062591553
1103728,776.5871088726094,500,False,0.09732392958827277,True,0.012434493158894645,1.3451526165008545
1105488,777.7150457547018,500,False,0.12830071118728834,True,0.012314252626318576,1.5292472839355469
1105584,797.6048742697612,500,False,0.09131259219755285,True,0.01212758531824872,1.6203713417053223
1107072,847.4439009163561,500,False,0.08354267606833245,True,0.012158210210489066,1.4216357469558716
1107136,793.6057209739678,500,False,0.07366826383026281,True,0.012287803885087689,1.3568394184112549
1107744,874.0463287122179,500,False,0.07978128178356886,False,0.012318976292189967,2.061415195465088
1107968,787.914831661274,500,False,0.09527145769837628,True,0.012341884662732578,1.6426482200622559
1108224,842.3697640444957,500,False,0.06517935418538824,True,0.012313094517738956,1.560917854309082
1108384,778.7435737361631,500,False,0.08074253255329336,True,0.012248572443498954,1.6052460670471191
1108544,737.3688830125183,500,False,0.20758770446511993,True,0.01226444735444785,1.6780264377593994
1109280,805.9262124459264,500,False,0.03980916507116782,True,0.012221487620238551,1.186281442642212
1109952,728.1906994562577,500,False,0.08610883630393605,True,0.01231207813109687,1.5627315044403076
1110304,855.9250497716641,500,False,0.1360544999693276,True,0.012304997927233313,1.1974976062774658
1110512,797.4502646569107,500,False,0.060612397547778474,False,0.012178418438116706,1.3018277883529663
1110688,749.7820949784596,500,False,0.09111637939977164,True,0.01217746038699435,1.3293687105178833
1111232,812.1300671411061,500,False,0.0253646789339973,True,0.01219027596628,1.6033844947814941
1111728,771.8779800250667,500,False,0.16299806548553689,True,0.012251791689012198,1.6154351234436035
1113488,703.1844034779725,500,False,0.14308583706003597,True,0.012290189205320875,1.194995641708374
1113584,684.2886723396177,500,False,0.22514075042297527,True,0.012191180459709886,1.3940349817276
1115072,810.2173771393454,500,False,0.09606756639346382,True,0.012199971380701717,1.2005465030670166
1115136,785.9082507819527,500,False,0.01849927746913677,True,0.011833637728592371,1.7118273973464966
1115744,632.1233896406283,500,False,0.36333583100379174,True,0.011820424188118161,1.1101269721984863
1115968,872.8167576051047,500,False,0.04415634900714041,True,0.011812442637278557,1.4907875061035156
1116224,824.6020313128992,500,False,0.0595498214578165,True,0.0118325123607954,1.1583125591278076
1116384,818.0523430703558,500,False,0.05972907448253822,True,0.011706594074259514,1.743151068687439
1116544,753.0578517071023,500,False,0.14980187876021964,True,0.01170236136223948,2.0263569355010986
1117280,706.3454099641907,500,False,0.2945604864005076,True,0.011669515523566293,1.969341516494751
1117952,874.2090678821107,500,False,0.05060140332571915,True,0.011761280844248654,1.3195433616638184
1118304,797.1157236392994,500,False,0.08381632139913608,False,0.011798691897718079,1.7728466987609863
1118512,806.6869801202313,500,False,0.05593525161160154,False,0.011833463129956253,1.343813180923462
1118688,741.0593392403883,500,False,0.05271761993976847,True,0.011883084194603344,2.4696872234344482
1119232,855.3379398080592,500,False,0.10085401032699384,False,0.011883508385811679,1.318869948387146
1119728,789.724321628143,500,False,0.08314874085522783,True,0.011670353502235224,1.4835968017578125
1121488,762.056210881994,500,False,0.10094293486838694,False,0.011673229278342153,2.2126994132995605
1121584,812.798840341823,500,False,0.11413039929754429,True,0.01134269921347312,1.8253226280212402
1123072,791.8676910138292,500,False,0.043170852281599774,True,0.01131257889897912,1.162561058998108
1123136,808.4228269141211,500,False,0.0746311558554863,False,0.011594753335398849,2.2808361053466797
1123744,791.7376223516501,500,False,0.10084888763801934,True,0.01157277476027007,1.436673879623413
1123968,801.0573772442353,500,False,0.036204008931162886,True,0.011782859583814703,1.4633445739746094
1124224,763.8695175849082,500,False,0.1350492412011852,True,0.011911702824127738,1.029320478439331
1124384,837.1416962390956,500,False,0.02116288117322537,True,0.011896752185488513,2.2492871284484863
1124544,832.3405027473773,500,False,0.11846659208710826,True,0.011918800329515944,2.402571201324463
1125280,793.8080195534487,500,False,0.053450673421496564,True,0.011911399718899505,1.300351858139038
1125952,811.2524332423365,500,False,0.06109092026860627,True,0.011714093975611094,1.255882978439331
1126304,759.5762139930542,500,False,0.18499912794535883,True,0.011539318970951512,2.4387366771698
1126512,745.8617138468692,500,False,0.09486106536102296,False,0.011450576423145113,1.5659147500991821
1126688,806.8332475731781,500,False,0.07925349512197681,False,0.01139577693556137,1.2163926362991333
1127232,724.7534327143503,500,False,0.4035125596784111,True,0.011415406410860045,1.3187475204467773
1127728,776.4197536826118,500,False,0.09203986985176914,True,0.011329336693522278,1.6587902307510376
1129488,862.3008967621306,500,False,0.08082418608398763,False,0.011572576628643041,1.1941277980804443
1129584,841.0357210674034,500,False,0.08624849615711477,True,0.011748732558220577,1.4291619062423706
1131072,822.6975648271349,500,False,0.0698137329062168,True,0.011720775132975057,1.1668356657028198
1131136,671.0888983388546,500,False,0.30049790656900927,True,0.011614080267750763,1.258992314338684
1131744,741.0862143172187,500,False,0.1026201405663482,True,0.011629842980998168,1.792356014251709
1131968,745.8391972008185,500,False,0.15266258611904662,False,0.011682953351036179,2.9346070289611816
1132224,740.177762602442,500,False,0.10326508290962523,True,0.011659708575904692,1.5649826526641846
1132384,804.4500633634412,500,False,0.03132255593851077,False,0.011564713964314296,1.698087215423584
1132544,824.7177613237756,500,False,0.03758447327672436,True,0.01154816095671971,3.3684804439544678
1133280,784.9694778516182,500,False,0.05807592714260768,True,0.011521138311534373,1.4255802631378174
1133952,779.7618961364758,500,False,0.024743755755305227,True,0.011574258699291587,1.5382075309753418
1134304,829.0955807851911,500,False,0.03746797930784331,False,0.011532356350258106,1.7203348875045776
1134512,796.7957463655288,500,False,0.0749589067373961,True,0.011456367030493056,1.5475218296051025
1134688,837.2965348505145,500,False,0.130006648461388,True,0.011408414259765784,1.3014122247695923
1135232,785.2478151172179,500,False,0.09496039011120776,True,0.011348120706489202,2.464688301086426
1135728,762.360521111768,500,False,0.07132088136239804,True,0.011184903567693706,1.444920539855957
1137488,859.3920875383875,500,False,0.05115297859961518,False,0.01117745961758821,2.0430116653442383
1137584,831.1832684424875,500,False,0.09012399831110147,False,0.01145129270170522,1.413334608078003
1139072,842.7563460389129,500,False,0.030949360521980603,True,0.01141568042845007,2.061155319213867
1139136,789.1313160998868,500,False,0.11232128333717034,True,0.011377292933018826,1.1153852939605713
1139744,728.7234817484045,500,False,0.10402379560676507,True,0.011390829063748503,1.5074937343597412
1139968,817.7023323936918,500,False,0.036902622395668286,True,0.011438136779944688,1.5273797512054443
1140224,735.9004783690126,500,False,0.10204178289527634,True,0.011400745044498534,1.5739994049072266
1140384,758.995582954759,500,False,0.07750107756885605,True,0.011400376163715366,2.4752588272094727
1140544,806.3650616524717,500,False,0.08778208450583153,False,0.0113935725465136,1.0743401050567627
1141280,793.9027905946319,500,False,0.12158578642764378,True,0.011339264189799386,1.3992891311645508
1141952,860.7829262010299,500,False,0.05564743960767165,True,0.011378508941794057,1.5887036323547363
1142304,788.590601538582,500,False,0.07379438105787842,True,0.011355685823132759,1.1244746446609497
1142512,855.2402287634408,500,False,0.08253904915541665,True,0.011409230037474453,1.3053499460220337
1142688,842.8516893629146,500,False,0.045586597664723866,False,0.0114283319283674,1.7619308233261108
1143232,823.817716553185,500,False,0.049722878952611654,True,0.011417594338946504,1.0612636804580688
1143728,794.1947958760998,500,False,0.1031414369374356,True,0.01140845209605969,1.3867120742797852
1145488,809.9849574569131,500,False,0.042441276162008545,True,0.011471357498491309,1.3507473468780518
1145584,827.550832875041,500,False,0.05527294636886814,True,0.011419974169771079,1.4741079807281494
1147072,836.4419975460695,500,False,0.05046048985467208,True,0.01145049604466996,3.6072096824645996
1147136,773.0469795331925,500,False,0.08422354738324517,True,0.01145002839113503,1.1846216917037964
1147744,628.4381562461069,500,False,0.08724003601631247,True,0.011416324286645362,1.5808846950531006
1147968,806.3193678295503,500,False,0.28573798620662044,True,0.011305875847040835,2.6096301078796387
1148224,855.4814727460014,500,False,0.06465688879132686,True,0.011309117972526612,1.430619239807129
1148384,843.2758016642034,500,False,0.07502761048348322,True,0.011349417699625296,1.189494013786316
1148544,790.8030521187486,500,False,0.096079978271856,True,0.011353909866322438,1.2273892164230347
1149280,753.8239796414708,500,False,0.11191896207535859,True,0.011338909385301346,1.5701014995574951
1149952,821.7583393783863,500,False,0.21203358864425406,True,0.011417294804540894,1.5447086095809937
1150304,840.0257677759361,500,False,0.1259921346236329,False,0.011307888294750268,2.094029188156128
1150512,831.863347432441,500,False,0.07634173966082303,True,0.011256396827730258,1.3239104747772217
1150688,812.5819845215382,500,False,0.021934418603167357,False,0.01132651904651184,1.5168828964233398
1151232,804.503503422469,500,False,0.04161200550951448,True,0.01139481134588571,1.5031867027282715
1151728,821.7194219801816,500,False,0.06831339405951552,True,0.011459855629196653,10.114913940429688
1153488,822.5602278587266,500,False,0.06673530812687313,False,0.011515684520754115,1.4379661083221436
1153584,801.2255449482944,500,False,0.048920073330355474,True,0.011517195714793463,1.0624232292175293
1155072,802.7344460438086,500,False,0.1136616358535029,True,0.011512336410074998,2.5675690174102783
1155136,784.1131434033424,500,False,0.03722600347634358,True,0.011856752091486646,1.109137773513794
1155744,771.2528777955431,500,False,0.01356306827409173,True,0.011842940281479896,1.1327680349349976
1155968,756.7495744578463,500,False,0.2257037426994901,True,0.01175096311117095,3.415411949157715
1156224,780.1995501626252,500,False,0.1371006501530124,True,0.01164959092958812,2.068840503692627
1156384,868.3685878658446,500,False,0.05918381906964172,True,0.011560502838236134,1.2703816890716553
1156544,802.9134252603035,500,False,0.06566066714764857,True,0.011550409782482096,1.2590144872665405
1157280,782.8029983446776,500,False,0.046552175706043905,True,0.011541399493855587,1.3080604076385498
1157952,850.0333016927617,500,False,0.04948181791365194,False,0.011396694859555426,2.8348894119262695
1158304,837.5279598097101,500,False,0.050312942408014164,True,0.011428007607988355,1.259858250617981
1158512,806.7855002135138,500,False,0.13081729073594547,True,0.01146108642538062,1.531400203704834
1158688,812.3978365221143,500,False,0.0746116983992343,False,0.01146318282633196,1.2975950241088867
1159232,691.128200824138,500,False,0.46227709302793923,True,0.011436005121616941,1.2625735998153687
1159728,744.8364196862802,500,False,0.12521359345414965,False,0.011594817693154008,1.505065679550171
1161488,807.5053222828561,500,False,0.05984681295376099,True,0.011575164174101754,1.2928903102874756
1161584,754.9800564243169,500,False,0.06456000303832386,True,0.011088533630840084,2.7305235862731934
1163072,806.8391527789393,500,False,0.08523044128344068,False,0.011102585022166765,1.3489046096801758
1163136,828.0549380570696,500,False,0.06108149082866681,False,0.011280021191931095,1.3012945652008057
1163744,761.6489063698039,500,False,0.09209991217277876,True,0.01127652069262259,3.2291693687438965
1163968,733.320440898306,500,False,0.1743215868759262,True,0.011315899167384553,1.2226777076721191
1164224,868.3886483668937,500,False,0.06598027684404185,False,0.011302436773002985,1.4618651866912842
1164384,780.2385201290521,500,False,0.12552552014937396,True,0.011242377655518927,0.9889286756515503
1164544,778.6466039802208,500,False,0.10066771647956635,True,0.011227433614359508,1.320479393005371
1165280,844.6061006662633,500,False,0.05552654215266787,True,0.01126211944823663,1.2625900506973267
1165952,755.2166702884014,500,False,0.10552926127714073,True,0.011271675331801517,1.1095376014709473
1166304,863.9409384076171,500,False,0.04270270298336908,True,0.01130594049962132,1.2888590097427368
1166512,806.3027335526479,500,False,0.10261216276548128,True,0.01135371850609454,1.136711835861206
1166688,827.3747269329958,500,False,0.137809303330732,True,0.011294999920183488,1.3080848455429077
1167232,876.3767972331624,500,False,0.044130536630867696,True,0.011291798428660908,1.45625901222229
1167728,843.0498616208098,500,False,0.08172021369504026,True,0.011225318272881887,1.228806495666504
1169488,855.7151936277997,500,False,0.07882893800554855,False,0.011051357581197187,1.816319227218628
1169584,833.5945931532951,500,False,0.0519596894254106,False,0.01138433597502789,1.3077298402786255
1171072,821.2891829991343,500,False,0.1140000226454494,True,0.011419754544813534,1.3655149936676025
1171136,825.8838973092699,500,False,0.27281874979655246,True,0.011371821494607968,2.0179662704467773
1171744,883.2610568212718,500,False,0.07050264067940278,True,0.011363051342016586,2.2674977779388428
1171968,881.2577381665137,500,False,0.047792467131009535,True,0.011325606313947864,1.109304666519165
1172224,779.4624654973896,500,False,0.1802797524202457,True,0.011266577528073267,1.427056908607483
1172384,756.8730360248862,500,False,0.089918602478855,True,0.011230340266903685,1.3241989612579346
1172544,826.0707703607676,500,False,0.0703295827431852,False,0.011227067606127756,1.2051576375961304
1173280,815.9972575575797,500,False,0.06189168702321681,False,0.011215217215267676,1.2823970317840576
1173952,790.9817986373697,500,False,0.04872027812543131,True,0.011167656574272032,1.4437930583953857
1174304,772.7462000579396,500,False,0.04537316700823888,True,0.011268032481124965,1.859344244003296
1174512,776.5393242439213,500,False,0.04726202315893303,True,0.011289698157377803,1.1619908809661865
1174688,806.0387341093772,500,False,0.04776457478046705,False,0.011275403846112912,1.1914615631103516
1175232,804.723054828296,500,False,0.03765414536705389,True,0.011240175112490336,1.2298357486724854
1175728,851.1339448196283,500,False,0.048339231885987495,False,0.011350438740044808,0.951362669467926
1177488,815.7836040234013,500,False,0.035860117459878785,False,0.011511849919015188,1.609378457069397
1177584,847.3685890202661,500,False,0.05049807666079649,False,0.011283183257661799,1.4930965900421143
1179072,863.582825360482,500,False,0.023485536632291706,False,0.011275244941405034,1.1366424560546875
1179136,894.8845068693666,500,False,0.02414922007959726,True,0.011157013373961758,1.1289565563201904
1179744,816.6504360311413,500,False,0.09274792289050707,True,0.011154396057674262,3.9741039276123047
1179968,924.1119771954543,500,False,0.043277992613967385,False,0.01115848393733831,2.3960680961608887
1180224,818.7828883879168,500,False,0.14109662136836013,True,0.011124593754738123,1.8139262199401855
1180384,731.8493433331441,500,False,0.12977490035040742,True,0.011140741265252059,1.3427848815917969
1180544,780.8662799748032,500,False,0.15494015243361084,True,0.01111900499163534,1.3829869031906128
1181280,835.9621360185777,500,False,0.06632407342903805,True,0.011181886975898506,1.3294932842254639
1181952,807.3467247253417,500,False,0.12551526290034953,True,0.011256065627118622,1.509979486465454
1182304,871.3326725978052,500,False,0.08190178256619794,False,0.011193626361712007,1.2896788120269775
1182512,858.2374221354269,500,False,0.04350480875325044,True,0.011294741702147039,1.1097030639648438
1182688,712.2669214838985,500,False,0.2902146031141549,True,0.011206393488790307,0.9571957588195801
1183232,768.7070464401596,500,False,0.13980321381116634,True,0.011125937361526582,1.0922654867172241
1183728,750.1469322609889,500,False,0.0626977117746718,True,0.010985080807431135,1.1476424932479858
1185488,754.2467876580131,500,False,0.07263698203114312,True,0.011031846374011894,0.9960170984268188
1185584,777.9225032590683,500,False,0.08979867931565041,True,0.011039487438717042,1.2668558359146118
1187072,793.3140020307701,500,False,0.03963663118991481,True,0.011021014863368163,1.098021388053894
1187136,822.1390023971287,500,False,0.017768713887953803,False,0.01105465765164768,1.5794615745544434
1187744,875.8310043664226,500,False,0.04406039071544093,True,0.011034108464345072,1.7681493759155273
1187968,798.2553201079498,500,False,0.05889305104551604,True,0.011064476075092016,1.2987372875213623
1188224,839.4530617998931,500,False,0.10981453338581144,True,0.011039328595024326,1.2515060901641846
1188384,809.2629027211281,500,False,0.1496132993542234,True,0.010989163572429678,1.3753342628479004
1188544,796.084647977896,500,False,0.05736727383493162,True,0.011054368063322566,1.2580933570861816
1189280,852.5332135816407,500,False,0.10527641354798377,True,0.011016144399603547,1.325875163078308
1189952,854.0316359714718,500,False,0.026856285693091102,True,0.010914615774675472,1.3767930269241333
1190304,827.6534566957265,500,False,0.05312745395592471,True,0.010833140633503949,1.4935976266860962
1190512,794.8399378295713,500,False,0.07286553650934532,True,0.010913312623882792,1.3535566329956055
1190688,822.9387359297098,500,False,0.09392971285252796,True,0.010873441624508373,1.0711476802825928
1191232,727.5466689581132,500,False,0.09678435941000986,True,0.0108359279594935,1.2659597396850586
1191728,674.3020509328127,500,False,0.15446786500336201,True,0.010753245088272228,3.1849398612976074
1193488,854.7100038533015,500,False,0.036597289361370244,True,0.010705232755371568,0.9997261166572571
1193584,849.9860711333763,500,False,0.16423891027951468,False,0.010627820995007985,1.5167474746704102
1195072,777.2817202624728,500,False,0.1025589077530287,True,0.010622407356936144,1.5387039184570312
1195136,840.2360895710448,500,False,0.060268029594746204,True,0.010717062449036276,1.3031001091003418
1195744,807.4004375230538,500,False,0.06945832771087629,False,0.010707947682923375,1.2045643329620361
1195968,806.0198120330066,500,False,0.038837272503291824,True,0.010724102993144673,1.1683521270751953
1196224,885.0873278036723,500,False,0.03710305232594819,True,0.010693949901680405,1.106039047241211
1196384,711.4304006826873,500,False,0.29918187267482077,True,0.010681209657035623,1.1479499340057373
1196544,814.6419664157281,500,False,0.06895708003869222,True,0.010678028975206238,1.4818522930145264
1197280,832.1327779717465,500,False,0.009076409741829132,True,0.01064195645126177,1.2449392080307007
1197952,892.6573395998048,500,False,0.06253232384645761,True,0.010669152700958653,1.170480728149414
1198304,780.978677344535,500,False,0.053000075544836676,True,0.01068519775993006,1.8966825008392334
1198512,855.9094132625587,500,False,0.16094975752281218,True,0.010733210400326028,1.2284154891967773
1198688,782.4646299771019,500,False,0.12063301571382032,True,0.010771751496772992,1.495493769645691
1199232,824.589092050097,500,False,0.05299307351309736,True,0.010721148519012395,1.171568751335144
1199728,783.3078838980756,500,False,0.06148024943744949,True,0.010713351871165863,1.623489260673523
1201488,800.4833752911316,500,False,0.070058689938393,True,0.01064352275483778,1.069105863571167
1201584,812.7362650368583,500,False,0.11992039113254246,True,0.010709296583306256,2.3458242416381836
1203072,760.4511915144193,500,False,0.03928929401778224,True,0.010701943642585561,1.2583744525909424
1203136,805.7164649616861,500,False,0.09803167573413439,True,0.010698064316476718,2.1313977241516113
1203744,770.3279809449685,500,False,0.09030697633509649,True,0.010702633088385406,1.4608547687530518
1203968,768.1360626275765,500,False,0.08090092305014421,True,0.01066137082407756,1.056016445159912
1204224,767.0637416476806,500,False,0.12819186016967435,True,0.010755974742249872,1.1159600019454956
1204384,764.8390954371977,500,False,0.11742295839418072,True,0.010775987707621558,1.4243128299713135
1204544,791.0758760383907,500,False,0.052259091866525005,True,0.010786394374989907,1.143090009689331
1205280,679.8833312439536,500,False,0.3088841029320942,False,0.010777653757470102,1.0414133071899414
1205952,817.461080385042,500,False,0.14400613365452844,True,0.010994178902682925,1.1511801481246948
1206304,773.5770708025966,500,False,0.12070532509044059,True,0.010949007164967904,1.0227278470993042
1206512,770.1009782020744,500,False,0.0437993227879188,True,0.010825719580996415,1.079554796218872
1206688,696.6939307617382,500,False,0.16117012773975958,True,0.010886415341338227,1.5828819274902344
1207232,756.8972287102797,500,False,0.06769124642792325,True,0.010899095379061675,1.2251622676849365
1207728,798.6358415810587,500,False,0.03820800238531145,False,0.010884735944496345,1.1261166334152222
1209488,665.7857607420488,500,False,0.1681948444703041,True,0.010875253829859315,1.2947190999984741
1209584,765.1925775454239,500,False,0.06336304782307806,True,0.01074637492838687,2.0991082191467285
1211072,845.5854473257725,500,False,0.017474416445970545,True,0.010713918413434755,1.1455767154693604
1211136,759.8003492514578,500,False,0.08219764899057813,True,0.010430265463197962,1.2464523315429688
1211744,808.756238442314,500,False,0.1276980935203554,True,0.010451927449874174,1.220170497894287
1211968,842.007860767659,500,False,0.03800061737698989,True,0.010523120910388001,1.3023276329040527
1212224,865.2512909381853,500,False,0.04743014305654051,False,0.01050748263119235,1.0033074617385864
1212384,731.83994758098,500,False,0.038110453538873795,False,0.010430382608851554,1.555446982383728
1212544,842.5069331556922,500,False,0.056928399185659596,True,0.01038373881956991,1.3241915702819824
1213280,838.5153124634353,500,False,0.10912164658519422,True,0.010355255612351594,1.5398290157318115
1213952,829.0285534381392,500,False,0.06848784113511569,True,0.010310740501329482,1.2924975156784058
1214304,809.2786948499299,500,False,0.08355118180753124,True,0.010242949410464608,1.5356042385101318
1214512,778.9857096437715,500,False,0.1480787378569573,True,0.010215169222890787,33.89216995239258
1214688,772.8580288684012,500,False,0.04660976718343533,True,0.01024231950156615,1.8997652530670166
1215232,837.5621207197012,500,False,0.09408719019155336,True,0.010272012838694744,1.1787277460098267
1215728,781.7345680814572,500,False,0.08620319850208467,True,0.010344659930947294,1.3496432304382324
1217488,791.7277104029911,500,False,0.090007893564838,True,0.010363989502862962,1.9454028606414795
1217584,804.9641313548356,500,False,0.030628661631310304,True,0.01036178313878942,1.16129469871521
1219072,912.151294513608,500,False,0.059271927160325415,False,0.010376426054500038,1.3027052879333496
1219136,749.1675999593923,500,False,0.08388003202996688,True,0.010218280280171702,1.0703262090682983
1219744,758.5235841206146,500,False,0.06675593132701037,True,0.010202533883368276,1.0819263458251953
1219968,769.8026632603548,500,False,0.12520571313567794,True,0.010281085171297147,1.1862668991088867
1220224,760.4431829039517,500,False,0.1339731079873023,True,0.01025948116236192,1.2767504453659058
1220384,827.4187360477544,500,False,0.02810272483799621,True,0.010287881744990538,2.1290016174316406
1220544,678.6458630225467,500,False,0.0934164007865828,True,0.010259532309311056,1.1144657135009766
1221280,765.1574771728817,500,False,0.07000446621847892,True,0.01019619306711952,1.6039841175079346
1221952,821.2255205319581,500,False,0.07749612254020644,True,0.010250281931200474,0.9420603513717651
1222304,716.9157671245961,500,False,0.14242303990013558,True,0.010138752741261562,1.4261159896850586
1222512,766.8647150868678,500,False,0.03340752049481165,True,0.010172988480477131,1.1909271478652954
1222688,790.8090205006376,500,False,0.06382751976118409,True,0.010121815467586861,1.0514878034591675
1223232,795.1901644161647,500,False,0.06070431178486738,True,0.010124403287519151,1.8603026866912842
1223728,725.020631939127,500,False,0.1255137368215998,False,0.009982297574416217,1.3563520908355713
1225488,810.8619735420309,500,False,0.08356495931570687,True,0.01005312119139123,1.6828851699829102
1225584,798.1099930497226,500,False,0.08588067373294027,True,0.010613932408710215,1.1815485954284668
1227072,873.6331423998075,500,False,0.043562032147883574,True,0.010628783498082108,1.3949120044708252
1227136,871.7745292052348,500,False,0.05322474982501097,True,0.010454405605254279,1.3118460178375244
1227744,805.9875065608222,500,False,0.021424820518462055,True,0.010439481508533138,0.9761428833007812
1227968,843.6424075067165,500,False,0.11491891297147962,True,0.010220934673491252,0.8772009611129761
1228224,797.3349469317333,500,False,0.05263774394719987,True,0.010140847074722103,1.0797371864318848
1228384,824.5973399766775,500,False,0.1326462319652372,True,0.010241561240558316,1.421480417251587
1228544,785.7165138599916,500,False,0.08920497596429801,True,0.01030581313858945,1.794677734375
1229280,862.991025264945,500,False,0.023156599371394915,True,0.010280289152384133,1.1956833600997925
1229952,729.3249776350103,500,False,0.13892846759763489,True,0.010249056535727935,1.1899621486663818
1230304,829.3342834308564,500,False,0.06453156521316304,True,0.010249898042892686,1.1716244220733643
1230512,857.3875457084691,500,False,0.12464699014879345,True,0.010306033244934027,1.4097344875335693
1230688,813.6239965805006,500,False,0.04728131997330956,False,0.010280979566015012,1.4212267398834229
1231232,767.7021774972674,500,False,0.021986863964552433,True,0.010265026604876852,0.9898091554641724
1231728,735.6527721439768,500,False,0.06904016926865567,True,0.010277965919250424,1.2541720867156982
1233488,840.3066485527149,500,False,0.03622663048650727,True,0.010381555552697694,1.3731293678283691
1233584,870.3196373608022,500,False,0.06643712936783278,True,0.010484608057111572,0.9598617553710938
1235072,864.1788635200744,500,False,0.11868516364639858,True,0.010489930175257966,0.9844982624053955
1235136,750.293677476289,500,False,0.08774526321842885,True,0.010381798077437287,1.8317402601242065
1235744,820.7677816891078,500,False,0.07385219175444337,False,0.010347966406949646,1.0560944080352783
1235968,809.8381989389192,500,False,0.16586802081989582,True,0.010246161453732918,1.2842271327972412
1236224,822.5217761988984,500,False,0.07389425089948362,False,0.010331451122119384,1.0309274196624756
1236384,816.5612394696602,500,False,0.0817815805995566,True,0.010385144828178608,1.0265555381774902
1236544,785.1309779427462,500,False,0.05211743072058982,True,0.010421308562837127,1.1382842063903809
1237280,807.7042490367731,500,False,0.019424271481826395,True,0.010433749432362733,1.1364015340805054
1237952,766.8167179920493,500,False,0.02260248775870726,True,0.01054766347383666,1.2618365287780762
1238304,860.74175160672,500,False,0.09270277224954225,True,0.010415493168774138,0.8732578158378601
1238512,869.9937693207684,500,False,0.04739174975744036,True,0.01045446966087194,1.3759491443634033
1238688,853.2245258265197,500,False,0.18612655886100352,True,0.010477334463345516,1.601142168045044
1239232,749.7489114249687,500,False,0.07907212381132002,True,0.010439043479132944,1.392733097076416
1239728,795.0599494810292,500,False,0.16901010122256155,True,0.010246875858415785,1.1730819940567017
1241488,884.0882883123885,500,False,0.12507535665688513,True,0.010115602890558111,0.8453958034515381
1241584,785.615928024776,500,False,0.07889654001932445,True,0.009940621274025237,0.8791303634643555
1243072,885.0255747782652,500,False,0.05291075833267611,True,0.00991136156061139,1.2186875343322754
1243136,752.4075849285084,500,False,0.1288896879994356,True,0.010006665024347747,1.020798683166504
1243744,861.8514709115922,500,False,0.04747059650991548,True,0.010016804532454153,3.50272274017334
1243968,751.7155187726447,500,False,0.11454070059988379,True,0.009995543913719502,1.3609960079193115
1244224,718.2840586882654,500,False,0.21274214290239218,True,0.009967051223777045,1.1956504583358765
1244384,859.5411450712788,500,False,0.037559024970796086,True,0.009968807321446749,1.0073797702789307
1244544,809.4460574745784,500,False,0.163432704766571,True,0.009993525535865777,1.3136663436889648
1245280,783.4675423942775,500,False,0.05652861898699095,True,0.009968413289005454,0.9582982659339905
1245952,805.0130795593342,500,False,0.062275848101749284,True,0.009939751864714387,0.9230833053588867
1246304,864.2513099350427,500,False,0.030420129457588672,False,0.009842939665268597,1.291565179824829
1246512,856.58518571045,500,False,0.053380367429363404,False,0.009834929976056832,0.9496926665306091
1246688,803.464798427778,500,False,0.03367148955478092,True,0.009877736233701848,0.9293219447135925
1247232,817.3901018282119,500,False,0.05387008108589904,True,0.009844852294060364,1.224332571029663
1247728,849.9646945693389,500,False,0.04180232901796135,True,0.009768647132858396,1.1189476251602173
1249488,843.6038085221281,500,False,0.04550462074257532,False,0.009803143488865887,0.9033763408660889
1249584,818.1905762497307,500,False,0.09353038906038337,True,0.00980261612996001,1.04844331741333
1251072,816.3804479871674,500,False,0.12823961512504384,True,0.009870106653132609,1.7411894798278809
1251136,736.8305607319573,500,False,0.20719622180390662,True,0.009699606652461218,1.0986467599868774
1251744,803.5343439152446,500,False,0.055246200280433186,True,0.009695344688187911,1.0758678913116455
1251968,727.9220821964366,500,False,0.09975429531717296,True,0.009686579139941488,1.1921378374099731
1252224,862.00957699919,500,False,0.07211499136687721,True,0.009756020628994876,1.5503473281860352
1252384,778.962257619827,500,False,0.09910958988473315,True,0.009761487703173675,1.2561461925506592
1252544,794.2491597563173,500,False,0.07728418650025758,False,0.009748892886625296,0.9479674696922302
1253280,783.0178723212262,500,False,0.136897460181285,True,0.009741606970497056,0.9943830966949463
1253952,828.5781744125562,500,False,0.03362943728713166,False,0.009710646471755388,1.1440757513046265
1254304,892.6026185844086,500,False,0.009729991591512067,True,0.009800240664347155,1.4279305934906006
1254512,790.5087989775186,500,False,0.06318864804723068,False,0.00988833799951815,1.121793508529663
1254688,842.4734770012063,500,False,0.026224189550510018,True,0.009873671241268355,0.9933503866195679
1255232,798.6736170608647,500,False,0.08428301519241195,True,0.009851731215222715,1.1017839908599854
1255728,745.3796245869188,500,False,0.1968577777912671,True,0.009956691207438095,1.124104380607605
1257488,809.0717087340558,500,False,0.08463764118643172,True,0.009953176041987682,1.0433523654937744
1257584,790.8196000461279,500,False,0.08565531290390174,False,0.00968895773653098,0.9677612781524658
1259072,829.968388107474,500,False,0.06140646351166454,True,0.009669932092246182,1.2590937614440918
1259136,724.7730081598105,500,False,0.3073447199884512,True,0.009543066285850008,1.0061566829681396
1259744,874.8540985414704,500,False,0.03954815711426634,True,0.009536108984405475,0.8432233333587646
1259968,820.3452214204766,500,False,0.03219531382734359,True,0.009549534409602947,1.1530905961990356
1260224,820.1738717095336,500,False,0.09808822297007874,True,0.009565605831334275,0.7648909687995911
1260384,856.0392564990583,500,False,0.040701401458903004,True,0.009676762023272516,1.0328598022460938
1260544,764.1526670517824,500,False,0.11796965305932067,True,0.009684978783943497,1.276685357093811
1261280,727.5099384996851,500,False,0.08496712119822632,True,0.009714392527534695,1.590317726135254
1261952,751.5852987559854,500,False,0.07492755624774615,True,0.009650650528321205,1.0225178003311157
1262304,843.5081700001138,500,False,0.12500898642937894,True,0.009541935846350762,1.1011781692504883
1262512,874.9512261315033,500,False,0.03085624006753785,True,0.009518950112282222,1.3401734828948975
1262688,749.6358845631834,500,False,0.08073717225918023,True,0.009576077121435283,0.7849794626235962
1263232,771.668486272417,500,False,0.10803272635124526,True,0.009599013847920168,1.2749085426330566
1263728,788.0670911818706,500,False,0.07123724409112836,True,0.009656229855508108,0.883371114730835
1265488,798.0853482956501,500,False,0.14116971381689972,True,0.009635638859564161,1.0374640226364136
1265584,763.9258718039941,500,False,0.09195652843609106,True,0.009685676383139292,1.0429762601852417
1267072,819.6075806766954,500,False,0.055018585518251194,True,0.00966182662148032,0.9082721471786499
1267136,747.2960508829424,500,False,0.17938125218550208,True,0.009356012984348086,1.2580976486206055
1267744,825.5060810529254,500,False,0.04964811560723963,True,0.009366384496795785,1.3013280630111694
1267968,806.4660551942949,500,False,0.029578411178698513,True,0.009382119991741296,1.2714670896530151
1268224,813.6229655896855,500,False,0.04081241412733149,True,0.009418386455785282,1.0560487508773804
1268384,777.2000237559251,500,False,0.08418148513379807,True,0.009498651702168376,2.061891555786133
1268544,760.2462823886672,500,False,0.04359319854417801,True,0.009540899140446509,1.0039660930633545
1269280,815.9932827926581,500,False,0.0928607671552455,True,0.009555770336497247,1.402553677558899
1269952,841.8031404807931,500,False,0.07212887866723536,True,0.009513607657829317,1.057766318321228
1270304,772.4395722187031,500,False,0.08854730486669661,True,0.009558538250375781,1.3408584594726562
1270512,808.7962370909903,500,False,0.1199698930651061,True,0.009578954057483427,2.708108425140381
1270688,754.040412373679,500,False,0.2008954356152019,True,0.009574884447180493,1.6331984996795654
1271232,782.6733682843571,500,False,0.07535127054779643,True,0.009559228597758292,1.4676146507263184
1271728,747.1987488456839,500,False,0.13012413417232782,True,0.009443820517768837,1.0900763273239136
1273488,779.2774516340435,500,False,0.09199438836188768,True,0.009358355234017969,1.263951063156128
1273584,862.6196929901275,500,False,0.03575100668798043,True,0.009692602767929215,1.5558375120162964
1275072,865.7229139839362,500,False,0.06163441590077345,True,0.009662134392484903,2.743496894836426
1275136,867.8055398648551,500,False,0.03868005630467148,False,0.009789945853870666,0.8484759330749512
1275744,845.0060645230585,500,False,0.032171736295255944,False,0.009764926946757213,1.0279767513275146
1275968,804.998451280914,500,False,0.021494481893300003,False,0.009689109926840593,1.207958698272705
1276224,742.2854865674011,500,False,0.10117925506049805,True,0.009712285289487716,1.197197675704956
1276384,799.4577138104784,500,False,0.07153411120029735,False,0.009693958100169217,1.056028962135315
1276544,757.6759196409122,500,False,0.12684956875615466,False,0.009683909972691071,1.145087480545044
1277280,877.0639099197801,500,False,0.07314716984211421,True,0.009678535964815377,2.873347282409668
1277952,738.1528374741802,500,False,0.11928695206919775,True,0.009785765207156323,1.0647737979888916
1278304,792.7049835388806,500,False,0.08343038714244419,False,0.0098877554257878,0.8944734930992126
1278512,824.0203925340805,500,False,0.07178494085581627,False,0.009950677912647752,1.9431407451629639
1278688,826.4666157285076,500,False,0.07729014301685629,True,0.009965706875581464,0.9810478687286377
1279232,812.9446518555759,500,False,0.06083400030310772,True,0.009968906062774454,1.0908836126327515
1279728,872.5725620079962,500,False,0.03253563643847997,False,0.009927593189918248,1.061889410018921
1281488,833.1337623231436,500,False,0.11552910923873334,True,0.010008653027302134,1.2710572481155396
1281584,740.9735753443301,500,False,0.17322903328007988,True,0.00981451064420156,1.4054207801818848
1283072,833.9614989110694,500,False,0.05240169412604169,True,0.009821408339371467,1.9350895881652832
1283136,833.9785163636528,500,False,0.04958588917561099,False,0.009855279226356633,0.8970038890838623
1283744,815.7569881568118,500,False,0.05367479344199306,False,0.009886635368924956,1.0895164012908936
1283968,811.934750941846,500,False,0.08422239809756618,True,0.009957144562993334,1.1876106262207031
1284224,770.4814414213205,500,False,0.0619868543549569,True,0.00999942576096659,1.179816484451294
1284384,791.9987749437129,500,False,0.11990916966085761,True,0.010034640633741702,1.1383047103881836
1284544,801.3514412875675,500,False,0.05928441658201155,True,0.010034328674111926,0.7757471203804016
1285280,792.3542041759673,500,False,0.06735742429723304,True,0.010001835115940447,1.8525512218475342
1285952,765.6196161962326,500,False,0.16073972538916445,True,0.009943921866582096,0.9660178422927856
1286304,847.7203625107693,500,False,0.016829455879625636,False,0.009793667022410746,1.1768752336502075
1286512,837.6969248880168,500,False,0.04542264858872415,True,0.00981916018653847,1.740122675895691
1286688,819.4683690808221,500,False,0.052342004664343626,True,0.009776482569493464,2.0509133338928223
1287232,901.1692019653105,500,False,0.04252928285325972,False,0.00976544433393027,1.1334768533706665
1287728,816.3084148053549,500,False,0.09033247599157684,True,0.009762084884833195,0.9265413880348206
1289488,857.4544589499494,500,False,0.05245633046197682,True,0.009796045003213315,1.2533916234970093
1289584,784.6221571812414,500,False,0.07857340840118812,True,0.009374995901219436,1.4727486371994019
1291072,785.0029846578369,500,False,0.12043346859703558,True,0.009382321542953853,0.9772825837135315
1291136,851.6543572855593,500,False,0.02115910318587178,True,0.009427355992417326,1.0487732887268066
1291744,789.1993969224346,500,False,0.06410175422242184,True,0.009455125864408522,0.8244428634643555
1291968,804.2485704436615,500,False,0.1479654904763553,False,0.009653347231199936,0.9762824177742004
1292224,822.1460277733291,500,False,0.14567921690911306,True,0.009732358517268114,0.9951326847076416
1292384,817.5304340071598,500,False,0.06120022569350689,True,0.009746010599618476,0.9621971845626831
1292544,729.9952999133789,500,False,0.15491218972669193,True,0.009741771679922863,0.9900449514389038
1293280,677.0810007647683,500,False,0.3865359488334912,True,0.009742681654048728,1.0043219327926636
1293952,826.1491142741838,500,False,0.04846527466694061,True,0.009800481358950208,1.3092623949050903
1294304,793.4189888535909,500,False,0.08130584908322017,True,0.009753210694583982,1.2312949895858765
1294512,777.8102830769906,500,False,0.08040115004731811,True,0.009803147171344258,1.2909951210021973
1294688,759.5093191769672,500,False,0.06546436159273034,True,0.009840160257336434,1.761061429977417
1295232,811.7709919732862,500,False,0.05922923439369292,False,0.009839071668567439,1.3958773612976074
1295728,838.9762963429563,500,False,0.03267538216244396,False,0.009817625923722541,1.059814214706421
1297488,803.1364669783316,500,False,0.07227201629087755,True,0.009828543131693826,1.0383703708648682
1297584,867.2275956373275,500,False,0.04213501030214346,True,0.010086497759712496,1.374614953994751
1299072,813.7327455455998,500,False,0.09300142113079708,True,0.010067309043316933,1.1363930702209473
1299136,857.5433668534855,500,False,0.09197795851260465,True,0.009954209789772562,1.1713879108428955
1299744,696.7937232314817,500,False,0.14958861776616467,True,0.00993840719927086,0.9444347620010376
1299968,869.0740440970094,500,False,0.03318322856538295,True,0.009941038331979133,1.2239141464233398
1300224,778.6211366686564,500,False,0.047292929923586705,True,0.00991909176818213,0.9430902600288391
1300384,751.0439054094754,500,False,0.21378299401907552,True,0.009916073132304064,1.044021487236023
1300544,765.7485977627024,500,False,0.11666384613172162,True,0.009929590367804938,0.8484675288200378
1301280,797.4582671409328,500,False,0.20605118522222735,True,0.009860694529647444,1.299789309501648
1301952,860.1344662652209,500,False,0.1525088816734108,True,0.009878668460636501,0.9482433795928955
1302304,813.5639119620174,500,False,0.11266170141303632,True,0.009839525880688893,1.3420488834381104
1302512,808.2004649361659,500,False,0.18287719745591666,True,0.009729395566570632,1.0449678897857666
1302688,822.1332994333817,500,False,0.11143185998337785,True,0.009683518887093814,1.1803090572357178
1303232,797.4612402523728,500,False,0.0950804247328361,False,0.009662229104512745,1.7576308250427246
1303728,839.8887073267039,500,False,0.06737902121351673,True,0.009654395391484957,2.4631943702697754
1305488,804.1187193015027,500,False,0.06477607455396019,True,0.009540801067491288,1.000118613243103
1305584,831.1043003633478,500,False,0.06298133536853326,True,0.009774772993122693,1.6221344470977783
1307072,802.9790704869495,500,False,0.02252123626337552,True,0.009795536021986167,1.3478550910949707
1307136,841.9950130285658,500,False,0.0924120021286302,False,0.00975582330218893,1.0659239292144775
1307744,803.552290749161,500,False,0.1770404185554077,True,0.009774474008508208,1.4088373184204102
1307968,838.408648304713,500,False,0.0831539118006031,True,0.009822197492120432,1.0078879594802856
1308224,777.4077632968302,500,False,0.05934615108683462,True,0.009844861656836157,1.9833279848098755
1308384,767.5867988255104,500,False,0.08326022183121388,True,0.00983757940117465,0.8145424127578735
1308544,845.0125185155961,500,False,0.10333869690656691,True,0.009811973154419977,0.9769682884216309
1309280,834.0468026429796,500,False,0.054813323250965724,True,0.009826566096291914,1.3969120979309082
1309952,786.7818321681013,500,False,0.14907442036434107,True,0.00981872034589209,0.9853237867355347
1310304,820.5280613827197,500,False,0.06500436365047184,True,0.009760419085696656,1.3985859155654907
1310512,844.2619150221904,500,False,0.059342017354293265,False,0.009792729276245292,0.9972967505455017
1310688,812.6950382015391,500,False,0.06885858524386584,True,0.009858505823737007,1.1094386577606201
1311232,839.2573295150075,500,False,0.09163425331448566,True,0.009839730704388322,1.087719440460205
1311728,816.4050449281168,500,False,0.06408285205515364,True,0.009862383672260996,0.9243744611740112
1313488,825.5622016779838,500,False,0.12997797471959127,True,0.009897569741454997,0.9352707266807556
1313584,783.6397171029305,500,False,0.07074640270499488,True,0.009893257317521616,1.1179499626159668
1315072,751.3692228130949,500,False,0.10429292349900524,False,0.009851006872537916,0.9318094253540039
1315136,788.0555933909671,500,False,0.0864372014775067,False,0.009848717249238319,2.405956506729126
1315744,789.5178689248672,500,False,0.07807540621195556,False,0.009863224480944734,1.2140719890594482
1315968,848.0961419139036,500,False,0.06018113562689958,False,0.009900523671848389,1.03424072265625
1316224,736.4803063881998,500,False,0.07389526624671115,True,0.009895190500236215,1.0178370475769043
1316384,749.4398314121669,500,False,0.08621181078838538,True,0.009879361920326594,2.3898115158081055
1316544,862.1051993198489,500,False,0.07712686725614863,True,0.009877756720899081,1.11191987991333
1317280,797.3636482018993,500,False,0.11522461810168642,False,0.009838085162107,0.8879747986793518
1317952,779.7637688703106,500,False,0.08430977729851964,True,0.009640073037631744,1.1015150547027588
1318304,803.8384131217597,500,False,0.043509773679651684,True,0.009743990887318877,1.0039366483688354
1318512,827.2048265879839,500,False,0.08316985346387352,True,0.009800554387022474,1.1495873928070068
1318688,848.9457405864359,500,False,0.08294857521034331,True,0.009815638042767609,1.0854549407958984
1319232,738.5904841630929,500,False,0.04620500909565627,True,0.009855877197943771,1.1336140632629395
1319728,762.4077248115365,500,False,0.02517639824834418,False,0.009764126703845967,0.940013587474823
1321488,802.6169277676266,500,False,0.07429321672292642,True,0.009704491354922505,0.9094423055648804
1321584,785.9297666462963,500,False,0.12984097975465203,True,0.009630529084192136,1.006256103515625
1323072,710.8835578602233,500,False,0.15376234235836073,True,0.009634616847115356,0.8078212738037109
1323136,819.9035148212618,500,False,0.10975719874800642,True,0.009577452052063371,0.8915356397628784
1323744,763.6257255832643,500,False,0.07851717476551244,True,0.009582241630538044,1.1273645162582397
1323968,792.0860985919072,500,False,0.10542755982484939,True,0.009617027421116068,1.3678715229034424
1324224,818.0704195170367,500,False,0.008394594124413188,True,0.00973888971224663,1.5256998538970947
1324384,810.558686743665,500,False,0.11717620289776279,True,0.009838414431087829,0.9199559688568115
1324544,810.1247912165421,500,False,0.1355482144227054,True,0.009853340357080704,1.2735412120819092
1325280,798.5466912898211,500,False,0.12735331832967137,False,0.00991215041827508,0.8027083873748779
1325952,790.6280645164346,500,False,0.10617950998116625,True,0.010042302621889647,1.241038203239441
1326304,897.2907045649665,500,False,0.004608617529030727,False,0.009985231908022273,0.7940640449523926
1326512,813.5724037805853,500,False,0.10305382700827209,False,0.009909712628301509,1.0555739402770996
1326688,769.021108563495,500,False,0.05585315033334735,True,0.009870701861646096,1.0763416290283203
1327232,813.4303802949491,500,False,0.05196190054742785,True,0.009826832353789628,0.92934250831604
1327728,677.2909552557303,500,False,0.2765612343513375,True,0.00983346552916012,1.1140058040618896
1329488,821.8703117696147,500,False,0.033782838817132156,True,0.009893591571019716,0.9177616834640503
1329584,809.1855347766092,500,False,0.05417743324967535,True,0.010166836040715702,0.8424556255340576
1331072,787.4561030969644,500,False,0.11016850548211701,True,0.010176889306740251,0.9760686755180359
1331136,797.6391260594978,500,False,0.0934148409978868,False,0.009959559319003029,0.9819605350494385
1331744,704.2162347615581,500,False,0.11577713669642084,True,0.009948426035476462,0.9999875426292419
1331968,835.5514703805022,500,False,0.07510250153672315,True,0.010041635023731944,2.457714080810547
1332224,792.2622326006641,500,False,0.09241783828840867,True,0.010099867593263359,1.1207504272460938
1332384,772.6057348726163,500,False,0.04792748782446779,False,0.010153850815164876,1.5272972583770752
1332544,824.3490840677658,500,False,0.09905362730662784,True,0.010135506209937781,3.390565872192383
1333280,792.8474547190099,500,False,0.011832177676644002,True,0.010117169137280755,0.930063009262085
1333952,850.7354154895526,500,False,0.06779086390833919,True,0.010051156472783538,0.8630545139312744
1334304,803.2265273041066,500,False,0.12249000086944482,True,0.010266491945715259,2.2916088104248047
1334512,826.2812714879171,500,False,0.031117582944288697,False,0.010292134469752901,0.951396107673645
1334688,770.657950175171,500,False,0.07220642186296236,True,0.010238532181070398,1.1126152276992798
1335232,792.2683270492133,500,False,0.12758507956569778,True,0.010201065858368082,0.9330347776412964
1335728,853.3292387371692,500,False,0.05424459911571402,True,0.010064444339824646,0.9750843048095703
1337488,792.879599780335,500,False,0.10724913128075411,True,0.009752576343094833,0.9615707397460938
1337584,718.7553358892899,500,False,0.0969524036899462,True,0.009715035646215096,0.993753969669342
1339072,823.6617987205319,500,False,0.082097710220119,True,0.009693910936841492,1.0161370038986206
1339136,829.7774601793632,500,False,0.06591644408147515,True,0.009802311232050798,0.7462679743766785
1339744,791.9938288307596,500,False,0.058888978966532536,True,0.009806299510282201,1.2440375089645386
1339968,817.8002855228514,500,False,0.09803786204315028,True,0.010027897706864505,1.1061627864837646
1340224,816.3352754767982,500,False,0.0770248579055559,True,0.009952121498575712,1.0182056427001953
1340384,751.6008724669766,500,False,0.10058281720960503,True,0.009923910929475633,1.6296570301055908
1340544,782.1133948358968,500,False,0.041450080029094685,False,0.009931949450080847,0.854391872882843
1341280,795.302587279085,500,False,0.09087996659854489,True,0.00991925822523449,1.116338849067688
1341952,809.4068705287215,500,False,0.055369530832450976,True,0.009927472316053251,1.1979036331176758
1342304,817.5357401841526,500,False,0.02640767846817523,True,0.010029165713896497,1.1163161993026733
1342512,766.6006903269837,500,False,0.1666928780246107,True,0.00991474157367968,1.1530693769454956
1342688,773.3141536333171,500,False,0.15132117758210759,True,0.009834567118365403,0.9642148017883301
1343232,884.0779160966105,500,False,0.06675031631848914,True,0.009859910413782058,0.8611772060394287
1343728,778.7585808000604,500,False,0.006159279589842922,True,0.009845053331121217,1.0744229555130005
1345488,759.4467791008265,500,False,0.14393043982654433,True,0.009866354258644251,1.1008105278015137
1345584,818.7093010101028,500,False,0.07157474842149197,True,0.009764902764523915,0.9581863880157471
1347072,796.5429274150089,500,False,0.040538410814023255,True,0.009787087223831552,0.7901347875595093
1347136,776.6845036083406,500,False,0.06899364433567676,True,0.009956369072675518,0.9424238801002502
1347744,822.0292850935172,500,False,0.13231229477034123,True,0.009936833538818883,0.9992944002151489
1347968,828.291724954055,500,False,0.09713113403735742,True,0.009805759684264588,1.0278809070587158
1348224,810.6846115772355,500,False,0.19078035430918572,False,0.009848845706004873,1.1467329263687134
1348384,745.0636254966569,500,False,0.15213439008943605,True,0.00985962429898303,1.1680227518081665
1348544,824.3601978567594,500,False,0.09250616031306882,True,0.009835949289238961,1.3247096538543701
1349280,804.2195714463675,500,False,0.08825330498427311,True,0.009824655443758564,0.8948632478713989
1349952,820.4314220725165,500,False,0.0985572565986953,False,0.009695418665964572,1.3513152599334717
1350304,799.5386609745656,500,False,0.043155725303004676,True,0.00978150641757235,1.1806209087371826
1350512,779.8489029726245,500,False,0.05872989744544048,True,0.009657333401357581,1.1396408081054688
1350688,787.9200133811497,500,False,0.14134987612378985,True,0.009587684634827625,0.9105822443962097
1351232,770.9082597594517,500,False,0.026012561806260364,True,0.009592261415706132,1.5573086738586426
1351728,757.0239856900515,500,False,0.06349494582971223,True,0.00981418110827435,1.3473981618881226
1353488,818.5811559337,500,False,0.042574558896015254,True,0.010075792577098057,1.1291429996490479
1353584,834.9721524603233,500,False,0.08870550859645958,True,0.01009389726690229,0.8189775943756104
1355072,792.4465858548447,500,False,0.050022528857822386,True,0.010121201953535724,0.9264066219329834
1355136,813.1978111161719,500,False,0.09655384525905097,True,0.01023449157544519,1.6300184726715088
1355744,775.6673439344098,500,False,0.04363296359952981,False,0.010242004813803135,1.0728816986083984
1355968,748.6544770071823,500,False,0.1416188851157257,True,0.01021849295075247,0.864676833152771
1356224,888.2930393290359,500,False,0.06526186267481278,True,0.01022657386018699,1.1153444051742554
1356384,771.6394833146076,500,False,0.0627698809837792,True,0.010141104755288104,0.8765374422073364
1356544,752.3792253533632,500,False,0.1829673498994704,True,0.010163112972113015,1.1137250661849976
1357280,841.1947652596884,500,False,0.08073527351153212,False,0.010113850746958046,1.0365475416183472
1357952,811.7771337298655,500,False,0.054206722708349524,False,0.009929949564181586,1.024978756904602
1358304,837.4822427436372,500,False,0.10776239616132251,True,0.00993146150009901,1.019184947013855
1358512,824.8484169653266,500,False,0.012872793343146371,True,0.009949456629271117,1.5459585189819336
1358688,874.3638262444734,500,False,0.07182145743591124,True,0.00989403521992971,0.8240426182746887
1359232,766.1169527156296,500,False,0.12396860856609129,True,0.009838260497305015,0.7975000143051147
1359728,806.9269224543102,500,False,0.16710255724483888,True,0.009833472273169342,1.1749523878097534
1361488,818.6534668392056,500,False,0.02651359979883819,False,0.009763994051803115,0.9862902760505676
1361584,842.668776928187,500,False,0.09387285959139668,True,0.009776893429532554,1.1556484699249268
1363072,842.0993964264258,500,False,0.07250304602092973,True,0.009762103679369966,1.5037920475006104
1363136,879.1799183174277,500,False,0.036005920327818144,False,0.00978755934090265,1.1255302429199219
1363744,791.5840575127143,500,False,0.14729550538898542,True,0.009787792359499966,2.2200701236724854
1363968,794.5326156927119,500,False,0.07478342267440644,True,0.009729438388427913,0.8912978172302246
1364224,742.0822510872559,500,False,0.1710812456791794,True,0.009731805827664806,1.4701266288757324
1364384,753.5349783532736,500,False,0.11733938731095818,True,0.00970320021985878,0.9650390148162842
1364544,755.982811427499,500,False,0.08492181298491609,True,0.009665185099152512,1.5227572917938232
1365280,833.7729879271544,500,False,0.08428450232835541,True,0.009703538881484636,1.0696322917938232
1365952,802.5630078930792,500,False,0.14428361627909145,True,0.009529383074821396,1.0156652927398682
1366304,805.3431156743528,500,False,0.10438152968703122,True,0.00966294227458216,1.1337757110595703
1366512,821.7507427965578,500,False,0.06797186088225095,True,0.009736391675302363,1.0517226457595825
1366688,740.0670004343158,500,False,0.12497358948892286,True,0.009742215176520113,0.8879388570785522
1367232,796.1299977379161,500,False,0.07690452280371751,True,0.009713282827100591,1.0599644184112549
1367728,851.3242354104906,500,False,0.08054762747124733,True,0.009674295406149752,1.3464809656143188
1369488,771.589708525868,500,False,0.033018084370095215,True,0.009735966202942831,0.9476951360702515
1369584,891.737154213408,500,False,0.066287532350664,True,0.009692415763472444,1.0358586311340332
1371072,750.7083253240094,500,False,0.07321394330328217,False,0.009720044651231104,0.8112897872924805
1371136,790.4439529261856,500,False,0.10762279707900808,True,0.009796971927453468,0.8840060234069824
1371744,777.2268151114783,500,False,0.06769217219875806,True,0.009816988449377586,0.9099422693252563
1371968,707.4277794900306,500,False,0.11700630316715445,True,0.009806730433814026,1.0734987258911133
1372224,877.3399380716886,500,False,0.07511430561264903,True,0.009691484015452338,1.5320544242858887
1372384,820.920873994187,500,False,0.022851643657323225,True,0.009738920008081041,1.00156569480896
1372544,798.4724100258298,500,False,0.06174367610006152,False,0.009775713893101784,0.9243482351303101
1373280,730.7313356964129,500,False,0.19376979849237672,True,0.009732229219119282,0.8808321356773376
1373952,833.6188328370586,500,False,0.05596314727539671,True,0.009663037492483003,0.9623854160308838
1374304,771.9959635687154,500,False,0.1210536164833454,True,0.00975988690891914,1.3090524673461914
1374512,733.8946906692563,500,False,0.10439741310452856,True,0.009764855583257005,0.9217048287391663
1374688,813.5851699617958,500,False,0.050777495195025384,True,0.009739665585777756,0.8737146854400635
1375232,824.1084279051219,500,False,0.041616387597614456,True,0.009719828788585093,0.8550467491149902
1375728,780.2576773499136,500,False,0.05372495746497613,True,0.009682685764379638,1.2274619340896606
1377488,800.63401400025,500,False,0.09362940860780243,True,0.009689012333909702,1.3373265266418457
1377584,752.8467828451885,500,False,0.1442262944835562,True,0.009364784172072396,1.4547395706176758
1379072,878.912548330692,500,False,0.044801287263701105,False,0.009348075058207828,1.1937637329101562
1379136,882.5643606647772,500,False,0.0644061163909755,False,0.009383159244851018,0.8370134830474854
1379744,820.5860988017884,500,False,0.05062847156995401,False,0.009391866147583026,0.9355360269546509
1379968,790.3452500233655,500,False,0.08037366270860705,True,0.009376886167877012,1.1897894144058228
1380224,782.4904023234091,500,False,0.14344462766910404,True,0.009349794688827214,1.733389139175415
1380384,734.8111271110042,500,False,0.049369347163861634,True,0.009338765133926754,0.9934884309768677
1380544,825.5018372943737,500,False,0.023313603403013687,False,0.009297803104407948,0.9494395852088928
1381280,817.2347690215909,500,False,0.14795881777663755,False,0.009346937202836298,1.1921961307525635
1381952,811.5569744063152,500,False,0.07357667084876514,True,0.009337903611984267,0.8433852195739746
1382304,793.5296993289994,500,False,0.10662534137910717,True,0.009295968770488076,1.3536388874053955
1382512,728.5331606934977,500,False,0.24244846283187657,True,0.009324291584202829,0.7572407722473145
1382688,797.0581309556062,500,False,0.0659247550957687,False,0.009293931555019843,1.0362584590911865
1383232,789.4150398141425,500,False,0.0580868277261368,True,0.00929816102096904,0.8998219966888428
1383728,827.5297642471758,500,False,0.19406234734225225,True,0.009384129792438257,1.0433950424194336
1385488,792.6476778016777,500,False,0.12155182969047097,True,0.00932401717878916,1.1238127946853638
1385584,781.8703273922979,500,False,0.08955725154353615,True,0.0093126477226386,0.9040399789810181
1387072,790.5441225413393,500,False,0.06928638145568557,True,0.009341688095502496,1.6917717456817627
1387136,858.1726192485912,500,False,0.13530120167304038,False,0.009350025646182649,1.1176460981369019
1387744,784.0888246044618,500,False,0.10584672826210234,False,0.009351525099437926,1.434619665145874
1387968,891.0524720054423,500,False,0.04235355452040238,True,0.0093114385510482,0.8143245577812195
1388224,834.5921287961916,500,False,0.08657323186346924,True,0.009192308874813872,1.0395272970199585
1388384,851.4556330046129,500,False,0.08922758399799541,True,0.009081179472898824,1.0635217428207397
1388544,795.7127885887098,500,False,0.05652425481060624,False,0.00909199327157368,0.968829870223999
1389280,773.1559439364736,500,False,0.10166698921340764,True,0.00910830317707589,0.8918907046318054
1389952,824.4475778196082,500,False,0.17561389191573523,True,0.009254681690726982,0.780113935470581
1390304,757.8945610835957,500,False,0.1103884564862617,True,0.009275426672930525,0.9136514663696289
1390512,859.7774796116358,500,False,0.08954308674153934,True,0.009249094839252793,1.0090943574905396
1390688,823.957801327939,500,False,0.049578292739503746,True,0.009260202589499123,1.2142202854156494
1391232,759.0177650067002,500,False,0.21728949660160593,True,0.009262055618043118,0.8476138114929199
1391728,766.0852653008575,500,False,0.07810401265122448,True,0.009433001852780327,1.409649133682251
1393488,826.5448723621727,500,False,0.06065157817249061,True,0.009487549876213707,1.0690444707870483
1393584,840.7675953506658,500,False,0.07055220254249012,True,0.009268878894471401,0.9743937849998474
1395072,775.9387528359414,500,False,0.03889859331684309,True,0.00927019527612899,1.4598054885864258
1395136,745.0374107523371,500,False,0.05308288287394489,True,0.009406336393557143,1.0705374479293823
1395744,812.8148637859415,500,False,0.15911979580227548,True,0.00939697739481209,0.9767836928367615
1395968,804.6396039415238,500,False,0.09051737840400528,True,0.009516767100200347,0.9554974436759949
1396224,771.6248798623799,500,False,0.07086183370792362,True,0.009583085329510266,0.6844779849052429
1396384,845.9838486974099,500,False,0.08077209600667189,True,0.009590361011725017,0.9202906489372253
1396544,815.4281572176285,500,False,0.04457773023542939,False,0.009616312329482271,0.9850454926490784
1397280,835.2152979509573,500,False,0.036791536873200324,True,0.009637546866571497,0.7773270606994629
1397952,800.9067949093707,500,False,0.07457428410769773,True,0.009581588734986258,0.8773267269134521
1398304,781.025131155705,500,False,0.07921272324221275,True,0.009413382575064768,1.1057517528533936
1398512,817.460723216566,500,False,0.09763001043020476,True,0.009381155285986001,1.2321758270263672
1398688,791.8646462003145,500,False,0.07376688176746,True,0.009438927223943606,1.1776454448699951
1399232,804.2260216245483,500,False,0.14329549690893595,True,0.0094138180680855,1.0769175291061401
1399728,717.6728884487601,500,False,0.10759454659374244,True,0.009279781699810901,0.8829066753387451
1401488,857.8462165451157,500,False,0.08627853966144015,True,0.00930599926857411,1.04380202293396
1401584,741.2286520566606,500,False,0.17476652260025996,True,0.00960508432505824,0.7415891885757446
1403072,808.4530136114969,500,False,0.07872085012996548,True,0.00963387569379673,1.1158337593078613
1403136,823.9074340394104,500,False,0.059412459493288716,False,0.009701811247818737,1.7389674186706543
1403744,752.5765091705827,500,False,0.10455173327867492,False,0.009700358679860806,0.8624590635299683
1403968,873.6519037638768,500,False,0.019029684716632755,True,0.009819316558054568,0.8888353705406189
1404224,762.2855556322392,500,False,0.058946291604865204,True,0.009859769278188331,0.9453194737434387
1404384,821.8667272725775,500,False,0.13073910791452878,True,0.00986105099213542,1.67661452293396
1404544,795.7900698168773,500,False,0.09868890040282649,True,0.009814994619978477,1.1722440719604492
1405280,859.8650109883133,500,False,0.026903129038562255,True,0.009751671810804337,0.9357552528381348
1405952,792.175012500074,500,False,0.07485302720847416,True,0.009729340344954146,0.8961682915687561
1406304,751.1481622434825,500,False,0.03679501694057474,True,0.00969500795546114,1.1216051578521729
1406512,755.6130420083429,500,False,0.11328877040454852,True,0.009825274808668712,0.9579768180847168
1406688,841.6781047932808,500,False,0.03764580646840577,True,0.009837274613356603,1.0249966382980347
1407232,844.6143151569343,500,False,0.07731814128018934,True,0.00982301666177437,0.8555455207824707
1407728,782.2521400937507,500,False,0.04562887154251617,True,0.009860395335048814,0.9673833847045898
1409488,788.4036018851763,500,False,0.06683779454858614,True,0.009945980459443761,0.7625422477722168
1409584,829.6122984828311,500,False,0.06404637359796524,True,0.009905909417129764,0.86839759349823
1411072,686.5557742028539,500,False,0.09130808305229246,True,0.00990041228859745,0.8092186450958252
1411136,852.1990794356313,500,False,0.047371998576072154,True,0.009647381760007734,0.7403993606567383
1411744,799.4367872831825,500,False,0.09831859363830527,True,0.00963984746047975,0.789090633392334
1411968,854.7493865620692,500,False,0.03588755254816509,True,0.00975815689440429,1.6918615102767944
1412224,862.2368322901593,500,False,0.060415660290303756,True,0.00978846399798578,0.9184850454330444
1412384,806.3283606176981,500,False,0.09268676369800319,True,0.00973764996129272,1.764090895652771
1412544,843.6386806984975,500,False,0.037569218686047616,True,0.009767953679714291,0.8598037958145142
1413280,787.6542572687229,500,False,0.06620688163350742,False,0.009818493243768338,1.9631578922271729
1413952,829.7185386043799,500,False,0.07954888197217978,False,0.010001738962909304,0.9394809007644653
1414304,845.0490366183752,500,False,0.10380151884176138,True,0.009785401109524427,0.717839241027832
1414512,771.5532880077428,500,False,0.1532079715422061,True,0.009828298519602034,0.94276362657547
1414688,781.2945761086868,500,False,0.1514751975502975,True,0.009816355287023442,0.8921453952789307
1415232,828.416965616726,500,False,0.10330125295261412,True,0.009751353751048701,0.8647518157958984
1415728,813.9780601714361,500,False,0.1596315565086865,True,0.009552965833287935,0.7281607389450073
1417488,781.6693911926423,500,False,0.08224019725543948,True,0.00949807514311761,0.9641611576080322
1417584,690.398375143874,500,False,0.3078195665640102,True,0.009237700383162514,0.8219490051269531
1419072,761.875503552798,500,False,0.09831153960535878,True,0.009286034981809256,1.2484060525894165
1419136,828.5562011164423,500,False,0.12461661389543244,True,0.009715064915946705,2.003262758255005
1419744,772.3731410941172,500,False,0.11291992101663795,True,0.009749602148612323,0.8510816097259521
1419968,814.7136643640787,500,False,0.1870334208693562,True,0.009593298962356245,2.1573591232299805
1420224,785.9118289011595,500,False,0.11558494253130747,True,0.009604377836338034,0.8210405111312866
1420384,798.6767376639585,500,False,0.06817031624854297,True,0.009565024448585336,0.688630223274231
1420544,774.2368169149066,500,False,0.08994493534812323,True,0.009606434174045735,0.9184238910675049
1421280,752.871892979172,500,False,0.10373886382912162,True,0.009668132869162455,1.3780581951141357
1421952,605.6318390379499,500,False,0.34724323614081987,True,0.009631130189786622,0.9965423345565796
1422304,719.744624612087,500,False,0.10625690951166061,False,0.009679143547937157,1.0872776508331299
1422512,717.8750942205058,500,False,0.12957713742265267,True,0.009699830560762098,0.9993822574615479
1422688,755.177915586614,500,False,0.07389791463843229,True,0.009700783792303042,1.2806241512298584
1423232,838.1704049286147,500,False,0.05688013142263983,True,0.00974958968862648,0.9364367723464966
1423728,798.4121842130961,500,False,0.05042522639323213,True,0.009819065526516119,1.2133135795593262
1425488,769.2732990633111,500,False,0.1537549015503868,True,0.009927188022523101,0.8270153403282166
1425584,855.0968353323194,500,False,0.060194920601399644,True,0.009482226736958645,0.9970497488975525
1427072,829.0862918372586,500,False,0.05774077645346527,True,0.009458265997901363,0.8867323398590088
1427136,649.547943396609,500,False,0.33426697489670937,True,0.0094523315830935,0.8757171630859375
1427744,790.8245374077736,500,False,0.08265757744691438,False,0.009459089261605727,0.7922080159187317
1427968,883.2495997641249,500,False,0.06412462349009007,True,0.009404480381075402,0.8111295700073242
1428224,894.0208287684463,500,False,0.022159925919869886,False,0.009446908789139678,0.9053353071212769
1428384,757.7894057464486,500,False,0.11218737765422881,True,0.009522362319739514,0.9506051540374756
1428544,800.9567809873638,500,False,0.033025001111898836,False,0.009573427721626537,0.9581369757652283
1429280,838.9821704153752,500,False,0.025023826938411757,True,0.009582113453861374,0.8086568117141724
1429952,700.4516541539322,500,False,0.11407234361528376,True,0.009521380457214528,0.943030595779419
1430304,916.5372148603898,500,False,0.040639141318744555,False,0.00951370368175417,0.7657535076141357
1430512,786.4345638275244,500,False,0.12108828893037374,True,0.009553268603176129,0.8682730197906494
1430688,819.8572170611725,500,False,0.09183851501571182,True,0.009607232299779198,0.7736638188362122
1431232,720.5472234033703,500,False,0.17337463792016056,True,0.009593752393736542,0.8649327754974365
1431728,835.3173782286935,500,False,0.10392976178846802,True,0.009542829779830855,0.9081326723098755
1433488,859.4456081211509,500,False,0.08988838001266324,True,0.009453906014946615,1.1393619775772095
1433584,870.8280320610211,500,False,0.038609080935724925,False,0.009664741320107027,1.0920794010162354
1435072,828.0162749719456,500,False,0.10147355764343785,True,0.009679934644468601,1.9039254188537598
1435136,739.4774830111992,500,False,0.12585357164370758,True,0.009680191994220292,1.0046169757843018
1435744,874.9456955605486,500,False,0.010077291704432481,True,0.009652333069398849,0.9602717161178589
1435968,826.6879438392817,500,False,0.09068605100278976,True,0.00947429051448204,0.944031298160553
1436224,823.3895351909141,500,False,0.03827451225542952,True,0.009440361588144035,0.8735882043838501
1436384,823.3330058731608,500,False,0.10843675243479761,True,0.009420339920157414,0.919386088848114
1436544,826.2358298274717,500,False,0.06291326968876018,True,0.00942710440452855,0.7356998920440674
1437280,828.4282329670524,500,False,0.11028837261923383,False,0.009393392835611641,0.8638336658477783
1437952,778.9017453588402,500,False,0.0635002111855424,True,0.009516585862153214,0.9069045782089233
1438304,808.3242122289702,500,False,0.04262962855421413,True,0.009364127557123984,1.6504127979278564
1438512,754.8700648081161,500,False,0.12546741211960535,False,0.009443408802077792,0.7478141188621521
1438688,800.60467380471,500,False,0.09147030832798309,True,0.009471392169466589,1.0264650583267212
1439232,805.4887172758092,500,False,0.04024976270117032,True,0.009469557820350714,0.7996865510940552
1439728,774.5597713314538,500,False,0.023703153979905255,True,0.00952669682885383,0.9815967679023743
1441488,818.5162784116342,500,False,0.09977716653135725,False,0.009597308820109679,1.1400731801986694
1441584,730.2582937670279,500,False,0.15290078348347086,True,0.009735828725488749,0.7016856074333191
1443072,754.9744222109903,500,False,0.10266434562520199,False,0.009725731579918831,0.8679667711257935
1443136,836.735236185411,500,False,0.013740262520685297,False,0.009806558231164858,0.8806800842285156
1443744,760.175689184711,500,False,0.08406752335730158,True,0.009822271401168538,0.8025268912315369
1443968,755.5997539223364,500,False,0.1206357101590326,True,0.009887252499446405,1.6332204341888428
1444224,772.9546845844229,500,False,0.09807610320775395,True,0.009985866010282077,0.731197714805603
1444384,816.4849344218198,500,False,0.05271968048069109,True,0.009981410069688251,1.3522460460662842
1444544,786.260877464244,500,False,0.07431482544104574,True,0.009924108306413966,0.8917974233627319
1445280,821.2538614039796,500,False,0.10365913271094074,True,0.009894510722024333,0.9910757541656494
1445952,776.104291850364,500,False,0.040043332266689935,True,0.009722153747105809,0.8588705062866211
1446304,769.5009680729622,500,False,0.14097924284013064,True,0.00973110034355103,1.817042589187622
1446512,761.4245891391683,500,False,0.13006402536366596,False,0.009702211529002296,0.803011417388916
1446688,809.3490206772934,500,False,0.05381098842495113,True,0.009695014044638081,0.7220490574836731
1447232,753.5156276952669,500,False,0.10541744316577012,True,0.009722444270693058,1.134244441986084
1447728,728.7714237884694,500,False,0.14127204892866543,True,0.00973589536143432,0.7961609363555908
1449488,765.3448212562511,500,False,0.08092922695470028,True,0.009787411221178868,1.9924917221069336
1449584,829.5159537659878,500,False,0.028021243837208835,False,0.009681261727867372,0.8058828115463257
1451072,733.6936790051088,500,False,0.1577005897824151,True,0.009595311878306756,0.9984456300735474
1451136,811.9641636680547,500,False,0.03210319278384432,False,0.009692546314243414,0.8379210233688354
1451744,841.4315254031634,500,False,0.05814593152048527,False,0.009715441852287118,0.7869598865509033
1451968,841.329990931143,500,False,0.03811526936964794,True,0.009733618649963744,0.6896559596061707
1452224,779.4326013410201,500,False,0.04745120380558593,True,0.009715553699966158,1.0918347835540771
1452384,822.847256541509,500,False,0.10372915618423953,True,0.009684589595346635,1.0299886465072632
1452544,884.2564060533917,500,False,0.057391483494404,True,0.009635374971099394,0.8950409889221191
1453280,797.9969941623978,500,False,0.13966641929449072,True,0.009565280168820276,0.821662425994873
1453952,761.9043443489832,500,False,0.044209200857375994,True,0.009450899206938096,0.7870429754257202
1454304,803.968705996578,500,False,0.09182486010569856,False,0.00921246109610346,0.8884645104408264
1454512,804.4695538191252,500,False,0.04467462118072859,False,0.009236329626408317,2.042943000793457
1454688,829.3018718266578,500,False,0.16314990070692906,False,0.009280853636329186,0.9165675044059753
1455232,793.0934315046926,500,False,0.06970571960663596,True,0.009326064995608398,1.085086703300476
1455728,874.8397718763695,500,False,0.030380855358402174,True,0.009337215976398595,0.8268715143203735
1457488,774.4383399432586,500,False,0.13417180438003826,True,0.009298147945381257,1.4056165218353271
1457584,822.9801285260895,500,False,0.05621345225942646,True,0.00951866145626947,1.1462407112121582
1459072,807.225796879064,500,False,0.05179350272070237,True,0.009519004788294129,0.919913649559021
1459136,839.4779092464706,500,False,0.03677266292008058,False,0.009532184561236239,0.8022570610046387
1459744,709.9737358932286,500,False,0.026450433395388242,True,0.00953165897330375,0.9989279508590698
1459968,826.0042348611573,500,False,0.07773464618450947,True,0.009556003699956055,0.8755495548248291
1460224,817.3817610156918,500,False,0.04241635222147808,False,0.009559570126724249,1.5420383214950562
1460384,860.5415745401311,500,False,0.07132873747085798,True,0.009497592212681117,1.3770167827606201
1460544,845.4813306662633,500,False,0.10308401317201277,True,0.00939474512898646,37.87477111816406
1461280,827.3661535709788,500,False,0.09998995806991787,True,0.00937749461520465,1.8509918451309204
1461952,796.1990778062818,500,False,0.07335156661661663,True,0.009292401677798256,0.978001594543457
1462304,786.8476181980634,500,False,0.041780129553862615,True,0.009316594547015545,0.6963961720466614
1462512,724.074519821373,500,False,0.1155085179998667,False,0.009349050735055077,0.7906081080436707
1462688,837.676690795797,500,False,0.10367955330801688,True,0.009354673710931278,1.0081559419631958
1463232,813.9951095459074,500,False,0.06409233764096635,False,0.009338291942195282,1.3909415006637573
1463728,792.6791250611486,500,False,0.0057535477237822125,True,0.009317474069754304,0.7812553644180298
1465488,787.5773875070475,500,False,0.06567535429742705,True,0.009546651479785956,1.2109873294830322
1465584,845.6294317074631,500,False,0.07338068390904554,True,0.009335857959773373,1.090956211090088
1467072,839.7299428698142,500,False,0.016712377839951578,False,0.009324249512579971,1.427976369857788
1467136,711.3852542075568,500,False,0.14471611406023122,True,0.009438446347763111,0.8335247039794922
1467744,765.2527767034051,500,False,0.05620886917299884,True,0.00941923155403559,0.8850296139717102
1467968,871.3926023863074,500,False,0.0984070709212018,True,0.009530396962748766,0.80641770362854
1468224,809.6930859063073,500,False,0.058514271766439675,True,0.009522671504352943,1.0536158084869385
1468384,756.8253051143164,500,False,0.1467065621549685,True,0.009520127091316844,0.8525261878967285
1468544,846.1998523772544,500,False,0.10831682754560755,True,0.009477487161280185,0.8439621925354004
1469280,820.7061059337566,500,False,0.09453922436915169,True,0.009429324157628345,0.7896531820297241
1469952,842.7852662983562,500,False,0.021685799818054352,True,0.009306121538887348,1.0300709009170532
1470304,808.3418919462238,500,False,0.08002525092591423,True,0.009163665999307456,1.0693345069885254
1470512,790.7553309288563,500,False,0.06891108632425465,True,0.009087103807270083,1.6518477201461792
1470688,784.5280197002312,500,False,0.08283321640832506,True,0.009055601758543093,0.8668732047080994
1471232,807.644743183284,500,False,0.033283954100791074,True,0.009033790501038823,1.0226342678070068
1471728,806.3442813641886,500,False,0.12609906848456826,True,0.009225349021405486,0.7049179077148438
1473488,813.0693816399817,500,False,0.07183495998142249,False,0.009262507318639694,0.8399075269699097
1473584,765.7168166960494,500,False,0.07776953072786548,True,0.009360598120971616,0.7561162114143372
1475072,830.0901847732763,500,False,0.056820825203680515,False,0.00932386203362258,0.8053644895553589
1475136,836.7089837533299,500,False,0.1465436842179883,True,0.009293006872129481,1.396401286125183
1475744,811.5020686062749,500,False,0.11865962498181987,True,0.009305917718607521,0.9983058571815491
1475968,761.6022776687294,500,False,0.08915218555599218,True,0.009356127514130876,0.9398982524871826
1476224,800.7677420206027,500,False,0.08079464316248434,True,0.00943015045340227,3.5328025817871094
1476384,778.3470726563079,500,False,0.15637155675277736,False,0.009422803250246506,0.8358278870582581
1476544,811.321340120498,500,False,0.08372672769462217,True,0.009304792650832582,0.9737474322319031
1477280,840.6360719530809,500,False,0.07971656377238762,True,0.009216057030867105,0.7622346878051758
1477952,810.4478468682704,500,False,0.06627511801421056,True,0.009131128667999542,0.9291876554489136
1478304,801.9256853133294,500,False,0.1430737463150412,True,0.009235583219105533,0.733471155166626
1478512,823.9948058181477,500,False,0.17121145905711568,True,0.009271253092736612,1.2842531204223633
1478688,799.0720121709612,500,False,0.045046927119869254,False,0.009343541101726702,0.7479848265647888
1479232,864.1437473035975,500,False,0.0656713153347272,False,0.00938186056487575,1.0285673141479492
1479728,815.9436156850002,500,False,0.05283717055052337,True,0.009399806389615543,0.8230246901512146
1481488,794.1080718398647,500,False,0.10324844675995658,True,0.009370110207790341,1.0672321319580078
1481584,829.9770483670364,500,False,0.03310369941348815,True,0.009705233403084863,0.9358817338943481
1483072,816.26140227802,500,False,0.04963872815563411,False,0.009694632022130506,1.3544197082519531
1483136,774.8460490199893,500,False,0.1247478931123135,False,0.009435934822497457,0.7932616472244263
1483744,823.7004186310506,500,False,0.05245097531672813,False,0.009460775279305637,1.0849733352661133
1483968,794.9680450597266,500,False,0.09763393015023866,True,0.009553997649955851,1.2053346633911133
1484224,838.094180360396,500,False,0.03786144595807964,False,0.009602985502810493,0.7498550415039062
1484384,816.7496559501072,500,False,0.03678236427138974,False,0.009496035908012151,0.9995089173316956
1484544,741.4662806466105,500,False,0.12275156236890257,True,0.00945230617145079,0.8071491122245789
1485280,823.6849544602906,500,False,0.12032882336570394,True,0.009428937835944794,0.8134910464286804
1485952,752.1579265868883,500,False,0.08262421892184041,True,0.009594274466315835,1.7679466009140015
1486304,826.8676247225102,500,False,0.09073482230952808,False,0.009503970243381477,0.7619262337684631
1486512,796.4866485703994,500,False,0.07342388618292572,True,0.009505693046504324,0.9199885129928589
1486688,763.0992429117646,500,False,0.12630333214914033,False,0.009465659346405753,0.8240519762039185
1487232,860.2757403400833,500,False,0.047581847909210204,False,0.009398210658827375,0.7324444055557251
1487728,712.4525928943373,500,False,0.07752469811701769,True,0.009437744525105015,0.7681483626365662
1489488,793.3098220253559,500,False,0.08083624168376252,False,0.009438238530663317,0.9058962464332581
1489584,770.1186167977278,500,False,0.10783746138533538,False,0.009362805486010437,0.7755833864212036
1491072,876.4617357499519,500,False,0.142026819072754,True,0.00936554889474622,1.2092645168304443
1491136,791.9573600337862,500,False,0.12035832878550377,False,0.009592201515715292,0.8399702310562134
1491744,792.9195618613635,500,False,0.052472638610552846,True,0.009610807610477284,0.9120585918426514
1491968,800.2921068329307,500,False,0.10043953069067327,True,0.009489036952209689,0.8096981644630432
1492224,864.5274101388808,500,False,0.14820051330469838,True,0.009438112257552957,0.6946549415588379
1492384,756.3334282920325,500,False,0.07920054388713374,True,0.009497526800409493,0.9338629841804504
1492544,812.052235190333,500,False,0.10917959438984096,True,0.009488562269498577,0.7830202579498291
1493280,863.4122563226277,500,False,0.0708216217787525,False,0.009459679226042194,0.7640194296836853
1493952,777.7240061894914,500,False,0.22552795695229627,True,0.009518595381112714,0.8085548281669617
1494304,773.1940450951403,500,False,0.12350448363007366,True,0.0096021569185804,0.6835390329360962
1494512,771.5815866700046,500,False,0.039578303615304046,True,0.009528804079792156,0.9177345037460327
1494688,779.6428384307667,500,False,0.16381594995956192,True,0.009525770749068404,1.2485592365264893
1495232,737.4524126066556,500,False,0.1036980566873812,True,0.009460886631910735,1.041813850402832
1495728,793.3902839365278,500,False,0.10836532351355986,False,0.009310005378904591,0.9948239326477051
1497488,795.3860571893367,500,False,0.04927818008154676,True,0.009389098152547468,1.5484200716018677
1497584,877.0881343507382,500,False,0.04328661114982371,False,0.009345115979112674,0.8417198657989502
1499072,699.2152256889891,500,False,0.08413885697879103,False,0.009373371643108254,1.000999093055725
1499136,731.9553085961631,500,False,0.08975105575831725,False,0.009617510395048219,1.100577473640442
1499744,821.2203798867696,500,False,0.07429252515716961,True,0.009607271680141603,0.7439634799957275
1499968,859.1406353188112,500,False,0.08133129961147613,False,0.009655195760464357,0.6422653198242188
